date,cemaden_municipal_qc_mm,cemaden_municipal_n_estacoes,cemaden_municipal_acc3d,cemaden_municipal_acc7d
2015-01-01,11.900364206512535,12,,
2015-01-02,5.640818345239625,13,,
2015-01-03,3.048404017803968,32,20.58958656955613,
2015-01-04,2.187104560017915,2,10.876326923061509,
2015-01-05,13.070160632027832,36,18.305669209849718,
2015-01-06,0.37030037431915014,2,15.627565566364899,
2015-01-07,27.334781863302027,37,40.775242869649006,63.55193399922305
2015-01-08,19.317173734333384,21,47.022255971954564,70.9687435270439
2015-01-09,7.619118091888053,4,54.27107368952346,72.94704327369233
2015-01-10,7.366792200475719,7,34.30308402669716,77.26543145636407
2015-01-11,2.8913821259038417,7,17.877292418267615,77.96970902225
2015-01-12,15.607327586071815,24,25.865501912451375,80.506875976294
2015-01-13,14.033960919804182,8,32.53267063177984,94.17053652177901
2015-01-14,19.88873967438861,24,49.53002818026461,86.7244943328656
2015-01-15,13.640433707242002,16,47.563134301434786,81.04775430577422
2015-01-16,3.0322757917297327,3,36.561449173360344,76.46091200561591
2015-01-17,3.647400621811998,2,20.320110120783728,72.74152042695219
2015-01-18,,1,,
2015-01-19,27.28708654021644,2,,
2015-01-20,,1,,
2015-01-21,1.710245438317759,2,,
2015-01-22,20.005616240165928,50,,
2015-01-23,9.39829446617725,46,31.11415614466093,
2015-01-24,8.852930298668142,28,38.25684100501132,
2015-01-25,4.889677691126057,3,23.140902455971442,
2015-01-26,18.94238267619916,46,32.684990665993354,
2015-01-27,11.740940361006263,25,35.57300072833148,75.54008717166056
2015-01-28,15.668638496831537,47,46.35196153403696,89.49848023017435
2015-01-29,7.438721815939074,2,34.84830067377687,76.93158580594748
2015-01-30,0.9065727617227551,9,24.013933074493362,68.43986410149299
2015-01-31,1.4653009111600654,22,9.81059548882189,61.052234713984916
2015-02-01,,1,,
2015-02-02,6.491513427069122,12,,
2015-02-03,,1,,
2015-02-04,6.7406424717205615,2,,
2015-02-05,28.344937169192775,52,,
2015-02-06,26.43065001782148,35,61.516229658734815,
2015-02-07,15.965740205208439,6,70.74132739222269,
2015-02-08,4.467537233944856,3,46.86392745697477,
2015-02-09,4.507289708397868,2,24.940567147551157,
2015-02-10,4.371132900160745,9,13.345959842503465,90.82792970644674
2015-02-11,8.111971088291005,6,16.990393696849615,92.19925832301718
2015-02-12,4.196442142301462,2,16.67954613075321,68.05076329612585
2015-02-13,3.730170793156856,2,16.03858402374932,45.35028407146123
2015-02-14,7.499427574773638,6,15.426040510231953,36.88397144102643
2015-02-15,,1,,
2015-02-16,40.35089101752719,49,,
2015-02-17,15.516288151195836,49,,
2015-02-18,11.10224007683083,50,66.96941924555385,
2015-02-19,4.17473088159203,2,30.79325910961869,
2015-02-20,,1,,
2015-02-21,,1,,
2015-02-22,,0,,
2015-02-23,,0,,
2015-02-24,,1,,
2015-02-25,53.23471291028918,40,,
2015-02-26,16.293611199326854,6,,
2015-02-27,,1,,
2015-02-28,10.09811595899476,18,,
2015-03-01,5.387409451857278,9,,
2015-03-02,2.0778895213930255,2,17.563414932245056,
2015-03-03,,1,,
2015-03-04,3.4551252296332167,2,,
2015-03-05,2.943144483582066,2,,
2015-03-06,50.26992027508841,55,56.66818998830369,
2015-03-07,40.560710490320226,75,93.77377524899069,
2015-03-08,13.12656291941343,64,103.95719368482207,
2015-03-09,29.582722453336252,71,83.26999586306991,
2015-03-10,5.916528002210521,16,48.625813374960195,145.85471385358412
2015-03-11,12.365469889090551,51,47.86472034463732,154.76505851304145
2015-03-12,8.348916657934495,4,26.630914549235563,160.17083068739387
2015-03-13,19.503589228465092,51,40.21797577549013,129.40449964077055
2015-03-14,7.835896131622195,20,35.68840201802177,96.67968528207253
2015-03-15,4.881938866181564,62,32.22142422626884,88.43506122884067
2015-03-16,16.88521340560821,53,29.60304840341196,75.73755218111262
2015-03-17,4.528544039136275,3,26.29569631092604,74.34956821803837
2015-03-18,,1,,
2015-03-19,24.172954134488776,32,,
2015-03-20,36.58817932466921,41,,
2015-03-21,4.53862447812446,56,65.29975793728244,
2015-03-22,7.3870167300373595,36,48.513820532831026,
2015-03-23,1.8062824030118592,5,13.731923611173672,
2015-03-24,6.539384765903381,3,15.732683898952592,
2015-03-25,2.1131293858193163,2,10.45879655473455,83.14557122205436
2015-03-26,,1,,
2015-03-27,,1,,
2015-03-28,,1,,
2015-03-29,12.09118841636628,27,,
2015-03-30,6.57894022549576,27,,
2015-03-31,1.6189857601869715,4,20.289114402049005,
2015-04-01,0.34716337025954686,3,8.545089355942272,
2015-04-02,0.42128633530150594,9,2.387435465748017,
2015-04-03,0.34716337025954686,3,1.1156130758205927,
2015-04-04,0.34716337025954686,3,1.1156130758205924,21.75189084812916
2015-04-05,0.9316708277813794,12,1.625997568300466,10.592373259544257
2015-04-06,1.8585739952871008,31,3.13740819332802,5.872007029335598
2015-04-07,5.45103719355491,71,8.241282016623384,9.704058462703536
2015-04-08,0.2603725276946601,3,7.5699837165366635,9.61726762013865
2015-04-09,0.2603725276946601,3,5.971782248944224,9.456353812531804
2015-04-10,0.17358168512977343,3,0.6943267405190866,9.282772127402032
2015-04-11,0.0,2,0.4339542128244265,8.935608757142484
2015-04-12,0.17358168512977343,3,0.34716337025953975,8.177519614490876
2015-04-13,0.17358168512977343,3,0.34716337025953975,6.492527304333551
2015-04-14,0.17358168512977343,3,0.5207450553893203,1.2150717959084139
2015-04-15,15.59692839611597,63,15.94409176637551,16.551627664329725
2015-04-16,12.536848082499784,60,28.30735816374552,28.828103219134846
2015-04-17,3.4913287178692243,7,31.625105196484974,32.1458502518743
2015-04-18,0.5964826735415403,4,16.624659473910544,32.74233292541584
2015-04-19,7.351574482520273,48,11.43938587393103,39.92032572280634
2015-04-20,0.705251580580312,31,8.653308736642117,40.45199561825687
2015-04-21,2.2294046573611435,49,10.28623072046172,42.50781859048825
2015-04-22,19.692569098582922,68,22.62722533652437,46.6034592929552
2015-04-23,0.9578749227430403,10,22.879848678687097,35.02448613319845
2015-04-24,0.6976774105194963,7,21.34812143184545,32.230834825848724
2015-04-25,0.6251056877955755,22,2.2806580210581013,32.25945784010276
2015-04-26,0.6964570249437514,46,2.0192401232588124,25.604340382526242
2015-04-27,0.11683129023409222,3,1.4383940029734084,25.01592009218002
2015-04-28,0.07788752682272813,3,0.8911758420005611,22.864402961641606
2015-04-29,1.4937039148007953,6,1.688422731857605,4.665537777859479
2015-04-30,1.2776638149029838,27,2.8492552565264964,4.985326670019422
2015-05-01,0.11217159635970551,2,2.883539326063474,4.399820855859631
2015-05-02,0.1942567057135338,3,1.5840921169762123,3.96897187377759
2015-05-03,0.11217159635970551,2,0.41859989843293416,3.384686445193544
2015-05-04,8.750355102868927,67,9.056783404942156,12.018210257828379
2015-05-05,1.810336376686777,23,10.6728630759154,13.750659107692428
2015-05-06,0.19515773064713812,3,10.75584921020283,12.45211292353877
2015-05-07,1.0747141938029399,17,3.080208301136844,12.249163302438728
2015-05-08,4.187156216576079,25,5.457028141026146,16.3241479226551
2015-05-09,0.3168902322766777,5,5.578760642655685,16.446781449218243
2015-05-10,21.080954757704934,66,25.585001206557678,37.41556461056347
2015-05-11,9.503563660127874,11,30.901408650109477,38.16877316782242
2015-05-12,2.1019825201702527,48,32.68650093800305,38.46041931130589
2015-05-13,1.693247939979052,60,13.298794120277169,39.958509520637804
2015-05-14,1.1361159592518368,6,4.931346419401131,40.0199112860867
2015-05-15,1.2855328303363955,5,4.114896729567274,37.11828789984702
2015-05-16,2.0019429400867863,4,4.423591729675008,38.803340607657134
2015-05-17,0.44176597569384995,5,3.729241746117021,18.164151825646048
2015-05-18,1.0031904089698858,4,3.446899324750511,9.66377857448806
2015-05-19,2.149082762742187,10,3.594039147405912,9.710878817059992
2015-05-20,,1,,
2015-05-21,0.19094143461727844,2,,
2015-05-22,0.11217159635970551,2,,
2015-05-23,,1,,
2015-05-24,,1,,
2015-05-25,0.11217159635970551,2,,
2015-05-26,0.17004387488328493,3,,
2015-05-27,1.2628857401990583,3,1.5451012114420382,
2015-05-28,5.322713051614558,60,6.755642666696891,
2015-05-29,3.120498749306179,60,9.706097541119785,
2015-05-30,0.11217159635970551,2,8.555383397280433,
2015-05-31,4.929424911521047,70,8.162095257186921,15.029909520243539
2015-06-01,1.348359378783424,69,6.389955886664167,16.26609730266726
2015-06-02,0.4331121786225649,28,6.710896468927026,16.529165606406536
2015-06-03,0.05388098901124161,7,1.8353525464172207,15.32016085521872
2015-06-04,0.05483584858970363,6,0.5418290162235003,10.052283652193866
2015-06-05,0.05483584858970363,6,0.16355268619063912,6.98662075147739
2015-06-06,0.01427249828234452,6,0.12394419546174201,6.8887216534000295
2015-06-07,0.05483584858970363,6,0.12394419546174201,2.014132590468686
2015-06-08,0.0,6,0.06910834687203839,0.6657732116852619
2015-06-09,1.522649226364946,8,1.5774850749546399,1.755310259427643
2015-06-10,0.0,6,1.5226492263649363,1.7014292704164014
2015-06-11,0.0,6,1.5226492263649363,1.6465934218266978
2015-06-12,0.8499304347869105,21,0.8499304347869008,2.4416880080239047
2015-06-13,0.0,5,0.8499304347869008,2.4274155097415604
2015-06-14,0.018174061575837324,5,0.8681044963627381,2.3907537227276943
2015-06-15,8.99021712948268,71,9.008391191058507,11.380970852210375
2015-06-16,1.1104195397396084,14,10.118810730798115,10.968741165585037
2015-06-17,0.056116303597280516,6,10.15675297281956,11.024857469182319
2015-06-18,2.0623243273729934,25,3.2288601707098716,13.087181796555312
2015-06-19,2.3209903111203283,69,4.439430942090592,14.558241672888729
2015-06-20,0.22307578666599923,12,4.60639042515931,14.781317459554728
2015-06-21,0.018705434532426835,6,2.562771532318744,14.781848832511319
2015-06-22,0.8831033897355904,7,1.1248846109340058,6.674735092764228
2015-06-23,0.36091220660841206,9,1.2627210308764187,5.925227759633033
2015-06-24,5.3194754897259955,70,6.5634910860699875,11.188586945761749
2015-06-25,0.4352711320974619,25,6.115658828431859,9.561533750486216
2015-06-26,0.10070615329960181,6,5.855452775123048,7.3412495926654895
2015-06-27,0.0,5,0.535977285397053,7.11817380599949
2015-06-28,4.55690408628833,6,4.657610239587921,11.656372457755394
2015-06-29,0.0,5,4.556904086288319,10.773269068019804
2015-06-30,5.677761798078632,6,10.234665884366951,16.090118659490024
2015-07-01,1.257618258526068,32,6.935380056604689,12.028261428290095
2015-07-02,,1,,
2015-07-03,37.097342092185805,69,,
2015-07-04,7.083908643679349,68,,
2015-07-05,3.7455746977435878,9,47.926825433608734,
2015-07-06,2.8151510716887036,7,13.644634413111634,
2015-07-07,6.922532448851198,62,13.483258218283483,
2015-07-08,4.423470460821049,33,14.161153981360945,
2015-07-09,1.8741490415408488,6,13.220151951213088,63.96212845651054
2015-07-10,1.7828234645482908,2,8.080442966910182,28.647609828873033
2015-07-11,3.0397077697693744,27,6.6966802758585064,24.60340895496306
2015-07-12,,1,,
2015-07-13,0.0,2,,
2015-07-14,,1,,
2015-07-15,,1,,
2015-07-16,,1,,
2015-07-17,,1,,
2015-07-18,,1,,
2015-07-19,,1,,
2015-07-20,,1,,
2015-07-21,,1,,
2015-07-22,,1,,
2015-07-23,,1,,
2015-07-24,12.377543051773285,9,,
2015-07-25,12.174996792132253,67,,
2015-07-26,3.2996388106283057,4,27.852178654533837,
2015-07-27,0.4494485105678559,2,15.924084113328409,
2015-07-28,0.996343185554456,2,4.74543050675061,
2015-07-29,1.7976188892672014,2,3.243410585389506,
2015-07-30,4.5331258946738116,2,7.327087969495462,35.62871513459717
2015-07-31,,1,,
2015-08-01,0.01651762306979013,33,,
2015-08-02,0.002143845671942833,33,,
2015-08-03,0.0,32,0.01866146874172497,
2015-08-04,0.0,32,0.0021438456719348395,
2015-08-05,0.0,32,0.0,
2015-08-06,0.0,32,0.0,
2015-08-07,0.0,32,0.0,0.01866146874174007
2015-08-08,0.0,32,0.0,0.0021438456719499385
2015-08-09,0.0,32,0.0,0.0
2015-08-10,0.0,33,0.0,0.0
2015-08-11,0.0,32,0.0,0.0
2015-08-12,0.0,32,0.0,0.0
2015-08-13,0.007665358431393654,33,0.00766535843138566,0.0076653584314007595
2015-08-14,0.0,32,0.00766535843138566,0.0076653584314007595
2015-08-15,0.0,32,0.00766535843138566,0.0076653584314007595
2015-08-16,0.0,32,0.0,0.0076653584314007595
2015-08-17,0.0,32,0.0,0.0076653584314007595
2015-08-18,0.0,32,0.0,0.0076653584314007595
2015-08-19,0.0,32,0.0,0.0076653584314007595
2015-08-20,0.31749779273321366,56,0.31749779273320566,0.31749779273322076
2015-08-21,0.36137664954508814,65,0.6788744422782937,0.6788744422783088
2015-08-22,0.02262015761649483,32,0.7014945998947886,0.7014945998948037
2015-08-23,0.006495435082870704,33,0.3904922422444457,0.7079900349776744
2015-08-24,0.43539410399854783,55,0.46450969669790537,1.1433841389762223
2015-08-25,3.124759237865466,73,3.5666487769468764,4.268143376841689
2015-08-26,0.1377907138561774,44,3.6979440557201833,4.4059340906978655
2015-08-27,19.546670048139536,77,22.80921999986117,23.635106346104187
2015-08-28,0.6875648853886981,43,20.372025647384405,23.961294581947797
2015-08-29,0.2595087875641662,44,20.493743721092393,24.19818321189547
2015-08-30,0.04254908737494869,38,0.9896227603278058,24.234236864187547
2015-08-31,0.022003958152375897,36,0.3240618330914837,23.820846718341375
2015-09-01,0.10490324292362657,4,0.16945628845094407,20.800990723399536
2015-09-02,0.21747013296034032,4,0.34437733403633564,20.8806701425037
2015-09-03,0.0,2,0.32237337588395976,1.3340000943641628
2015-09-04,5.804012235542533,14,6.021482368502866,6.450447444517998
2015-09-05,1.242562665767621,5,7.046574901310147,7.433501322721453
2015-09-06,1.7176452742455026,6,8.76422017555565,9.108597509592007
2015-09-07,12.04429956738226,72,15.004507507395378,21.13089311882189
2015-09-08,67.11432900373467,84,80.87627384536242,88.14031887963293
2015-09-09,22.70430619047937,19,101.86293476159629,110.62715493715196
2015-09-10,5.991727290920898,18,95.81036248513492,116.61888222807285
2015-09-11,44.641790833849626,82,73.33782431524989,155.45666082637996
2015-09-12,10.980519032064212,18,61.614037156834726,165.19461719267653
2015-09-13,7.879480205951825,12,63.50179007186565,171.35645212438286
2015-09-14,6.708623006136504,11,25.56862224415253,166.0207755631371
2015-09-15,2.5164375523733,9,17.104540764461614,101.42288411177574
2015-09-16,1.9522292869299562,5,11.177289845439745,80.67080720822632
2015-09-17,3.649306169497954,6,8.117973008801195,78.32838608680339
2015-09-18,2.4058998676445857,4,8.007435324072482,36.092495120598336
2015-09-19,0.03624502216005671,4,6.091451059302583,25.14822111069418
2015-09-20,0.08385481976697831,3,2.5259997095716065,17.352595724509335
2015-09-21,0.03624502216005671,4,0.1563448640870775,10.680217740532887
2015-09-22,0.10490324292362657,4,0.22500308485064738,8.268683431083215
2015-09-23,0.0,3,0.14114826508366907,6.3164541441532585
2015-09-24,0.04676623080366225,3,0.1516694737272746,2.7139142054589662
2015-09-25,9.13670812436361,14,9.183474355167258,9.44472246217799
2015-09-26,13.946735989106097,82,23.130210344273355,23.35521342912403
2015-09-27,4.974379984557357,10,28.057824098027048,28.24573859391441
2015-09-28,16.262182792966406,25,35.18329876662985,44.471676364720764
2015-09-29,6.2847749822309815,9,27.52133775975473,50.651548104028116
2015-09-30,10.065729631026745,25,32.61268740622411,60.717277735054864
2015-10-01,1.616719136342956,24,17.967223749600663,62.28723064059415
2015-10-02,1.6954591890438335,11,13.377907956413516,54.84598170527438
2015-10-03,17.698616763250353,73,21.010795088637124,58.59786247941863
2015-10-04,0.9545392849229806,33,20.34861523721715,54.57802177978426
2015-10-05,0.32302712894910474,13,18.976183177122422,38.63886611576696
2015-10-06,0.3389109920114664,17,1.616477405883534,32.69300212554744
2015-10-07,0.09200133039610399,8,0.7539394513566574,22.7192738249168
2015-10-08,0.26832802780423615,13,0.6992403502117888,21.370882716378084
2015-10-09,0.23438610156326636,11,0.5947154597635887,19.909809628897516
2015-10-10,0.536317493363137,40,1.0390316227306218,2.747510359010299
2015-10-11,0.07083729602613205,10,0.8415408909525177,1.8638083701134502
2015-10-12,0.3727566551877559,13,0.9799114445770072,1.9135378963521015
2015-10-13,4.621783166313522,67,5.065377117527392,6.1964100706541565
2015-10-14,0.02899061052642925,9,5.023530432027689,6.133399350784481
2015-10-15,0.0,9,4.650773776839933,5.865071322980245
2015-10-16,0.0,9,0.028990610526411487,5.630685221416979
2015-10-17,0.11035758627617202,11,0.11035758627615426,5.204725314330013
2015-10-18,0.17051223702071405,11,0.2808698232968683,5.304400255324596
2015-10-19,0.0,9,0.2808698232968683,4.93164360013684
2015-10-20,0.0,9,0.1705122370206963,0.30986043382331796
2015-10-21,0.26787610889953684,14,0.26787610889951907,0.5487459321964255
2015-10-22,33.40859456666824,85,33.676470675567764,33.95734049886467
2015-10-23,3.4371456743760644,43,37.113616349943825,37.39448617324073
2015-10-24,1.5995236380870694,22,38.44526387913136,38.88365222505163
2015-10-25,0.7055282890126929,14,5.742197601475812,39.41866827704361
2015-10-26,25.23604179793984,81,27.541093725039588,64.65471007498344
2015-10-27,3.2133774409190257,65,29.154947527871542,67.86808751590247
2015-10-28,0.9938090464331268,23,29.44322828529198,68.59402045343607
2015-10-29,0.8570024799146273,50,5.064188967266766,36.042428366682444
2015-10-30,0.04429490051935518,9,1.8951064268670952,32.64957759282574
2015-10-31,0.030608579985851862,9,0.9319059604198201,31.08066253472452
2015-11-01,30.605524584381268,80,30.68042806488646,60.98065883009309
2015-11-02,35.73523930867407,79,66.37137247304118,71.47985634082733
2015-11-03,7.7808252542815906,41,74.12158914733692,76.04730415418987
2015-11-04,24.03129234661278,78,67.54735690956842,99.08478745436955
2015-11-05,10.304125347606778,29,42.11624294850114,108.53191032206169
2015-11-06,6.559820463348214,15,40.89523815756776,115.04743588489055
2015-11-07,2.333018459209411,13,19.19696427016439,117.34984576411411
2015-11-08,2.434252439595166,13,11.327091362152776,89.178573619328
2015-11-09,7.855214703728351,32,12.622485602532915,61.29854901438229
2015-11-10,1.7022754060307173,16,11.991742549354221,55.219999166131416
2015-11-11,1.0612097091177342,12,10.618699818876788,32.24991652863636
2015-11-12,0.20350097571484807,8,2.966986090863286,22.149292156744437
2015-11-13,0.49890892982010876,11,1.7636196146526777,16.08838062321633
2015-11-14,6.27819251826962,19,6.980602423804563,20.033554682276538
2015-11-15,4.573478745929693,18,11.350580194019408,22.172780988611066
2015-11-16,0.7435441665392414,8,11.59521543073854,15.061110451421955
2015-11-17,0.6142174793198962,11,5.931240391788817,13.973052524711134
2015-11-18,7.731762116069914,20,9.089523761929039,20.643604931663315
2015-11-19,0.9262325467496273,9,9.272212142139425,21.366336502698093
2015-11-20,7.588129902857715,27,16.246124565677245,28.455557475735702
2015-11-21,10.085187032907386,29,18.599549482514714,32.26255199037347
2015-11-22,2.4389488785532514,13,20.112265814318338,30.128022122997027
2015-11-23,8.72076104620631,66,21.24489695766693,38.10523900266409
2015-11-24,2.042291928461306,10,13.202001853220853,39.5333134518055
2015-11-25,0.3088909605900434,9,11.071943935257645,32.11044229632563
2015-11-26,0.2151102468408441,12,2.5662931358921792,31.39931999641685
2015-11-27,0.16585925202135499,8,0.6898604594522283,23.977049345580486
2015-11-28,1.2239133394615107,10,1.6048828383236957,15.115775652134612
2015-11-29,38.56802134322721,67,39.95779393471006,51.24484811680857
2015-11-30,13.246863040014217,27,53.038797722702924,55.77095011061648
2015-12-01,4.849491531122596,18,56.66437591436401,58.57814971327777
2015-12-02,1.5881152095192446,14,19.684469780656045,59.85737396220697
2015-12-03,1.4640126729970395,14,7.9016194136388656,61.10627638836316
2015-12-04,1.068051298884441,12,4.120179181400711,62.00846843522625
2015-12-05,7.359872820242746,20,9.891936792124213,68.14442791600749
2015-12-06,8.130400867028976,76,16.558324986156148,37.70680743980925
2015-12-07,8.631884088424071,64,24.122157775695776,33.09182848821911
2015-12-08,1.9717717808019775,15,18.73405673625501,30.21410873789849
2015-12-09,0.47484349863608544,12,11.07849936786212,29.100837027015327
2015-12-10,0.30977880652518747,11,2.7563940859632363,27.946603160543475
2015-12-11,0.1280117339117793,9,0.912634039073038,27.006563595570814
2015-12-12,10.411271441524123,28,10.849061981961075,30.05796221685219
2015-12-13,3.4186034752310825,20,13.95788665066697,25.3461648250543
2015-12-14,0.9224136163424831,11,14.752288533097675,17.636694352972714
2015-12-15,7.578891614891886,54,11.919908706465439,23.24381418706262
2015-12-16,4.318151233860945,41,12.8194564650953,27.08712192228748
2015-12-17,1.0703471753272489,14,12.967390024080066,27.847690291089542
2015-12-18,0.08620231160713177,9,5.474700720795312,27.805880868784893
2015-12-19,11.684492080363437,42,12.841041567297804,29.079101507624205
2015-12-20,17.883003024053476,40,29.65369741602403,43.5435010564466
2015-12-21,29.38019386598219,58,58.947688970399085,72.00128130608631
2015-12-22,9.053024300080743,35,56.316221190116394,73.47541399127516
2015-12-23,8.995229667986118,27,47.42844783404904,78.15249242540034
2015-12-24,8.844372631287492,61,26.892626599354337,85.92651788136057
2015-12-25,9.26484715737027,29,27.104449456643863,95.10516272712371
2015-12-26,13.117006699977741,22,31.22622648863549,96.53767734673802
2015-12-27,10.19455684157579,29,32.57641069892379,88.84923116426033
2015-12-28,9.62979779624901,53,32.94136133780253,69.09883509452716
2015-12-29,7.7292136986202244,64,27.55356833644501,67.77502449306664
2015-12-30,3.233552977154252,25,20.592564472023476,62.01334780223477
2015-12-31,0.8694880593668594,10,11.832254735141321,54.038463230314136
2016-01-01,27.435279105644195,18,31.53832014216529,72.20889517858807
2016-01-02,13.48211227868837,61,41.786879443699405,72.5740007572987
2016-01-03,6.243675006470309,29,47.16106639080286,68.62311892219321
2016-01-04,3.7740746148548805,19,23.499861900013546,62.76739574079908
2016-01-05,1.9787331958588783,14,11.996482817184054,57.01691523803774
2016-01-06,1.5498669377116527,11,7.302674748425398,55.33322919859514
2016-01-07,0.7467838261626575,9,4.275383959733174,55.21052496539094
2016-01-08,0.6097070172764776,10,2.9063577811507733,28.384952877023217
2016-01-09,16.49331336726009,29,17.84980421069921,31.396153965594937
2016-01-10,16.367840624631164,67,33.47086100916772,41.52031958375579
2016-01-11,11.97065315214562,69,44.83180714403686,49.716898121046526
2016-01-12,7.3754355996866945,57,35.71392937646346,55.11360052487434
2016-01-13,3.1048016451572806,19,22.45089039698958,56.668535232319975
2016-01-14,9.241807562388665,54,19.722044807232628,65.16355896854598
2016-01-15,13.037377986563463,68,25.383987194109395,77.59122993783296
2016-01-16,3.1837324061414867,23,25.4629179550936,64.28164897671437
2016-01-17,2.892190954780036,21,19.11330134748497,50.805999306863235
2016-01-18,2.04711781611155,15,8.123041177033059,40.882463970829164
2016-01-19,1.0788800548247972,14,6.018188825716369,34.585908425967276
2016-01-20,0.8045648724656486,10,3.9305627434019814,32.28567165327564
2016-01-21,0.691597131250444,9,2.5750420585408755,23.73546122213742
2016-01-22,0.056179422875944296,7,1.5523414265920226,10.7542626584499
2016-01-23,0.9688414501099513,9,1.7166180042363255,8.539371702418364
2016-01-24,9.13596895828325,14,10.16098983126913,14.783149705921579
2016-01-25,2.979146997416461,13,13.083957405809647,15.71517888722649
2016-01-26,3.871887587287482,11,15.987003542987178,18.508186419689174
2016-01-27,37.70502829668493,38,44.556062881388854,55.40864984390845
2016-01-28,10.751955827918758,26,52.328871711891146,65.46900854057677
2016-01-29,4.329504733227303,16,52.78648885783097,69.74233385092813
2016-01-30,1.4189944876487717,14,16.500455048794812,70.19248688846695
2016-01-31,4.84737710686751,10,10.595876327743564,65.9038950370512
2016-02-01,0.12295317334157053,10,6.389324767857831,63.047701212976314
2016-02-02,0.39216441275157515,11,5.3624946929606345,59.5679780384404
2016-02-03,1.6265850269902253,11,2.14170261308335,23.4895347687457
2016-02-04,0.33433671255872804,10,2.353086152300507,13.07191565338567
2016-02-05,4.994595673091103,18,6.955517412640035,13.73700659324947
2016-02-06,9.196860350225654,27,14.525792735875463,21.51487245582635
2016-02-07,8.829881951064534,18,23.02133797438127,25.497377300023377
2016-02-08,2.9578789973050617,14,20.98462129859523,28.33230312398687
2016-02-09,3.4685261136301366,17,15.256287061999712,31.40866482486543
2016-02-10,3.9456122320468676,19,10.372017342982046,33.727692029922075
2016-02-11,4.123639302065857,29,11.537777647742843,37.5169946194292
2016-02-12,0.8949898806927005,15,8.964241414805405,33.4173888270308
2016-02-13,0.5338866151660197,10,5.552515797924557,24.754415091971165
2016-02-14,0.3750500303113913,10,1.8039265261700927,16.29958317121802
2016-02-15,35.6331982949355,51,36.542134940412886,48.974902468848455
2016-02-16,7.85829542030614,38,43.86654374555301,53.364671775524464
2016-02-17,6.68900879299127,43,50.180502508232884,56.10806833646886
2016-02-18,6.530470456057376,28,21.077774669354767,58.51489949046039
2016-02-19,9.372768920385706,29,22.59224816943433,66.99267853015338
2016-02-20,5.5148367564637,30,21.418076132906762,71.97362867145107
2016-02-21,28.599984253608127,62,43.48758993045752,100.1985628947478
2016-02-22,8.718476098586104,56,42.83329710865791,73.28384069839841
2016-02-23,3.2949425515478605,31,40.61340290374207,68.72048782964013
2016-02-24,15.007982947340084,60,27.021401597474025,77.03946198398894
2016-02-25,2.951877805894708,26,21.254803304782634,73.46086933382628
2016-02-26,7.123203246008509,44,25.08306399924328,71.21130365944907
2016-02-27,3.120562876255013,23,13.195643928158209,68.81702977924039
2016-02-28,9.746197350226947,22,19.989963472490448,49.96324287585921
2016-02-29,13.52927132619755,64,26.39603155267949,54.77403810347066
2016-03-01,21.895975530819655,69,45.17144420724413,73.37507108274245
2016-03-02,9.922064399150342,50,45.34731125616753,68.28915253455271
2016-03-03,9.50178762266126,63,41.31982755263124,74.83906235131926
2016-03-04,10.802263438123836,47,30.226115459935414,78.5181225434346
2016-03-05,3.5165701497228556,25,23.820621210507927,78.91412981690243
2016-03-06,3.203802133099677,23,17.522635720946347,72.37173459977515
2016-03-07,4.406172831918159,35,11.12654511474067,63.24863610549577
2016-03-08,1.9347409736273242,21,9.544715938645139,43.287401548303436
2016-03-09,2.5558521657500592,20,8.89676597129552,35.92118931490315
2016-03-10,23.31273569329687,58,27.803328832674232,49.73213738553876
2016-03-11,45.87874066492262,66,71.74732852396953,84.80861461233755
2016-03-12,8.356668795419965,33,77.54814515363944,89.64871325803466
2016-03-13,4.864946798679314,27,59.10035625902188,91.30985792361429
2016-03-14,3.9975527307318464,25,17.21916832483111,90.90123782242797
2016-03-15,2.640865677368209,24,11.503365206779355,91.60736252616887
2016-03-16,2.051647642248794,29,8.690066050348836,91.1031580026676
2016-03-17,1.6309798951731491,19,6.323493214790138,69.42140220454387
2016-03-18,0.7425674359466462,14,4.425194973368575,24.285228975567904
2016-03-19,0.21256834451646223,14,2.5861156756362433,16.1411285246644
2016-03-20,0.018145403355728666,12,0.9732811838188229,11.294327129340815
2016-03-21,0.04838794359704647,12,0.27910169146922315,7.345162342206015
2016-03-22,0.031017206770714494,12,0.09755055372347542,4.735313871608519
2016-03-23,5.088373772041269,34,5.167778922409016,7.7720400014009945
2016-03-24,1.1067316098388296,17,6.226122588650799,7.247791716066676
2016-03-25,17.52688358224831,38,23.721988964128393,24.03210786236834
2016-03-26,5.276245039554049,23,23.909860231641172,29.095784557405924
2016-03-27,0.11833827947582441,12,22.92146690127817,29.19597743352602
2016-03-28,0.0440478696172533,12,5.438631188647113,29.191637359546228
2016-03-29,0.6266352146273092,14,0.7890213637203727,29.78725536740282
2016-03-30,0.30361123938623413,14,0.9742943236307824,25.002492834747787
2016-03-31,2.0055013543608413,14,2.93574780837437,25.9012625792698
2016-04-01,0.11437648723693329,66,2.423489080983995,8.488755484258423
2016-04-02,0.033718935909194406,66,2.153596777506955,3.2462293806135687
2016-04-03,0.207214975410603,65,0.3553103985567165,3.3351060765483473
2016-04-04,0.00896314623690025,63,0.24989705755668346,3.3000213531679945
2016-04-05,0.0019072450677602736,65,0.2180853667152493,2.675293383608446
2016-04-06,0.0,65,0.010870391304646312,2.3716821442222114
2016-04-07,0.0,64,0.0019072450677460628,0.36618078986136987
2016-04-08,0.0,64,0.0,0.2518043026244366
2016-04-09,0.0,65,0.0,0.2180853667152422
2016-04-10,0.24960639271959645,66,0.24960639271958224,0.2604767840242357
2016-04-11,0.004915607223707651,65,0.2545219999432899,0.256429245011043
2016-04-12,0.0,64,0.2545219999432899,0.2545219999432828
2016-04-13,0.024713489731407433,65,0.029629096955100874,0.27923548967469025
2016-04-14,0.02184999270356523,66,0.04656348243495845,0.3010854823782555
2016-04-15,0.0040470953592486245,62,0.05061057779420708,0.3051325777375041
2016-04-16,0.009678500356849279,63,0.03557558841964892,0.3148110780943534
2016-04-17,0.0,64,0.013725595716083692,0.0652046853747569
2016-04-18,0.018768409381663038,64,0.028446909738498106,0.07905748753271229
2016-04-19,0.0,63,0.018768409381648827,0.07905748753271229
2016-04-20,0.4418186870568437,65,0.4605870964384925,0.4961626848581485
2016-04-21,0.25454510076263176,64,0.6963637878194613,0.7288577929172151
2016-04-22,0.001702565348438446,63,0.6980663531678997,0.7265132629064048
2016-04-23,0.0017132058686287687,62,0.25796087197968476,0.7185479684181844
2016-04-24,0.0,62,0.0034157712170530038,0.7185479684181844
2016-04-25,0.015452734878321524,63,0.017165940746936083,0.7152322939148429
2016-04-26,0.008990738029310583,62,0.0244434729076179,0.7242230319441535
2016-04-27,1.5898560255088463,66,1.6142994984164643,1.8722603703961562
2016-04-28,0.08880185473530898,62,1.6876486182734516,1.7065171243688333
2016-04-29,0.006353401141021519,62,1.6850112813851625,1.7111679601614165
2016-04-30,0.0,62,0.09515525587631629,1.7094547542927876
2016-05-01,0.0,7,0.006353401141007308,1.7094547542927876
2016-05-02,0.0,7,0.0,1.6940020194144663
2016-05-03,0.28469227176950923,8,0.284692271769495,1.969703553154665
2016-05-04,0.0,7,0.284692271769495,0.37984752764581864
2016-05-05,0.0,7,0.284692271769495,0.29104567291050965
2016-05-06,0.0,7,0.0,0.28469227176948814
2016-05-07,0.0,7,0.0,0.28469227176948814
2016-05-08,0.0,7,0.0,0.28469227176948814
2016-05-09,0.0,7,0.0,0.28469227176948814
2016-05-10,0.022277362348102805,7,0.022277362348088595,0.02227736234808171
2016-05-11,0.0,7,0.022277362348088595,0.02227736234808171
2016-05-12,0.14755175963751804,7,0.16982912198560662,0.16982912198559974
2016-05-13,0.25057254880449137,8,0.3981243084419952,0.4204016707900911
2016-05-14,0.0,6,0.3981243084419952,0.4204016707900911
2016-05-15,0.0,6,0.25057254880447716,0.4204016707900911
2016-05-16,10.310652019037946,35,10.310652019037931,10.731053689828038
2016-05-17,3.7661132618284885,19,14.07676528086642,14.474889589308424
2016-05-18,19.76626390741182,52,33.84302918827824,34.241153496720244
2016-05-19,3.78939927564683,58,27.32177644488712,37.88300101272956
2016-05-20,3.047293144624087,20,26.602956327682723,40.67972160854915
2016-05-21,31.83635655154142,60,38.67304897181232,72.51607816009057
2016-05-22,6.549266346815356,21,41.43291604298085,79.06534450690593
2016-05-23,13.346702769202302,57,51.73232566755907,82.1013952570703
2016-05-24,3.16720147046521,27,23.063170586482855,81.502483465707
2016-05-25,3.681393149764127,21,20.195297389431623,65.41761270805932
2016-05-26,2.9433016858329752,17,9.791896306062299,64.57151511824546
2016-05-27,1.9276910591939505,16,8.552385894791037,63.45191303281533
2016-05-28,2.602572993120622,15,7.473565738147533,34.21812947439452
2016-05-29,1.3870276418672023,11,5.917291694181761,29.05589076944637
2016-05-30,2.0137378468732834,17,6.0033384818610935,17.722925847117352
2016-05-31,8.977282657121846,40,12.378048145862317,23.533007033773988
2016-06-01,7.259319824061207,26,18.25034032805632,27.11093370807107
2016-06-02,16.030891279669493,45,32.26749376085253,40.198523301907585
2016-06-03,16.459015977894023,59,39.74922708162471,54.72984822060766
2016-06-04,12.008342716788384,58,44.49824997435188,64.13561794427542
2016-06-05,34.02345199244565,63,62.49081068712805,96.77204229485386
2016-06-06,27.703170683628368,62,73.73496539286239,122.46147513160895
2016-06-07,22.006712752662533,62,83.73333542873655,135.49090522714965
2016-06-08,7.597130334169445,28,57.30701377046033,135.82871573725788
2016-06-09,4.29765831080644,22,33.901501397638405,124.09548276839483
2016-06-10,3.633663914228288,21,15.528452559204158,111.27013070472908
2016-06-11,4.9251414047319075,17,12.856463629766623,104.18692939267262
2016-06-12,3.280410839378016,16,11.839216158338196,73.44388823960497
2016-06-13,2.5735060726938968,16,10.779058316803805,48.314223628670504
2016-06-14,2.4164555440838846,13,8.270372456155783,28.723966420091855
2016-06-15,2.5668790402228066,15,7.556840657000574,23.693715126145218
2016-06-16,2.1601290154715342,14,7.143463599778211,21.55618583081031
2016-06-17,1.7586534898626984,10,6.485661545557026,19.681175406444723
2016-06-18,1.445851566057599,14,5.3646340713918175,16.201885567770415
2016-06-19,1.3444520427912001,11,4.548957098711483,14.265926771183599
2016-06-20,0.3840849422107509,9,3.1743885510595358,12.076505640700452
2016-06-21,0.4964611631247066,11,2.2249981481266436,10.156511259741274
2016-06-22,0.0,8,0.8805461053354433,7.589632219518467
2016-06-23,0.29636597132798986,10,0.7928271344526823,5.725869175374924
2016-06-24,0.35704353045878934,10,0.6534095017867649,4.324259215971014
2016-06-25,0.3713266328850839,10,1.0247361346718489,3.2497342827984994
2016-06-26,0.32381908440174934,9,1.0521892477456083,2.2291013244090485
2016-06-27,0.034051992100013855,8,0.7291977093868329,1.8790683742983116
2016-06-28,0.2786430238048417,8,0.6365141003065906,1.6612502349784466
2016-06-29,0.034051992100013855,8,0.3467470080048552,1.6953022270784606
2016-06-30,0.2510518378900724,9,0.5637468537949137,1.649988093640543
2016-07-01,0.6314576447940854,8,0.9165614747841575,1.9244022079758392
2016-07-02,0.23357561285704545,6,1.1160850955411892,1.7866511879478006
2016-07-03,0.05398867478896076,6,0.9190219324400775,1.5168207783350123
2016-07-04,0.09876784917325623,5,0.38633213681924833,1.5815366354082545
2016-07-05,0.0524864459303496,6,0.2052429698925525,1.3553800575337625
2016-07-06,0.08431581162921456,8,0.2355701067328063,1.4056438770629631
2016-07-07,0.001520907045658624,60,0.1383231646052087,1.1561129462185493
2016-07-08,0.005757007020351492,60,0.09159372569521057,0.5304123084448155
2016-07-09,0.0,60,0.007277914065996016,0.29683669558777
2016-07-10,0.0,60,0.005757007020337392,0.24284802079880918
2016-07-11,0.0,60,0.0,0.14408017162555298
2016-07-12,0.04639494979160758,62,0.04639494979159348,0.13798867548681093
2016-07-13,0.003505289324843976,61,0.049900239116437456,0.05717815318244036
2016-07-14,0.0,61,0.049900239116437456,0.05565724613678173
2016-07-15,0.0,61,0.003505289324829876,0.04990023911643024
2016-07-16,4.553498096690257,65,4.553498096690243,4.603398335806687
2016-07-17,1.424414760137548,65,5.977912856827791,6.027813095944235
2016-07-18,0.02801173830350577,61,6.0059245951312965,6.0558248342477405
2016-07-19,0.0063907441183719185,60,1.4588172425594115,6.015820628574505
2016-07-20,0.009472659936380134,61,0.043875142358243614,6.021787999186041
2016-07-21,0.0,59,0.015863404054737844,6.021787999186041
2016-07-22,0.0,59,0.009472659936365924,6.021787999186041
2016-07-23,0.0,59,0.0,1.4682899024957845
2016-07-24,0.0,60,0.0,0.04387514235823651
2016-07-25,0.0,59,0.0,0.01586340405473074
2016-07-26,0.0,58,0.0,0.009472659936358818
2016-07-27,0.0,58,0.0,0.0
2016-07-28,0.0,59,0.0,0.0
2016-07-29,0.0,59,0.0,0.0
2016-07-30,0.0,59,0.0,0.0
2016-07-31,0.0,58,0.0,0.0
2016-08-01,0.0,6,0.0,0.0
2016-08-02,0.11509248472812691,7,0.1150924847281127,0.1150924847281056
2016-08-03,0.0,6,0.1150924847281127,0.1150924847281056
2016-08-04,0.0,6,0.1150924847281127,0.1150924847281056
2016-08-05,0.0,6,0.0,0.1150924847281056
2016-08-06,0.0,6,0.0,0.1150924847281056
2016-08-07,0.0,6,0.0,0.1150924847281056
2016-08-08,0.0,6,0.0,0.1150924847281056
2016-08-09,0.0,6,0.0,0.0
2016-08-10,0.16651473522919996,8,0.16651473522918575,0.16651473522917865
2016-08-11,0.05394636769611857,7,0.22046110292530433,0.22046110292529722
2016-08-12,0.16433532733229148,10,0.3847964302575958,0.3847964302575887
2016-08-13,0.0,6,0.21828169502839584,0.3847964302575887
2016-08-14,1.5283640098622049,7,1.692699337194482,1.9131604401197935
2016-08-15,3.6558179327020994,34,5.18418194256429,5.568978372821893
2016-08-16,0.8226513775422526,13,6.0068333201065425,6.391629750364146
2016-08-17,0.7425685921227285,8,5.221037902367066,6.967683607257674
2016-08-18,8.700326262855182,58,10.265546232520148,15.614063502416737
2016-08-19,3.76578927601126,13,13.208684130989155,19.215517451095707
2016-08-20,7.170192197654053,52,19.63630773652048,26.38570964874976
2016-08-21,29.830360672900994,59,40.76634214656629,54.687706311788546
2016-08-22,3.3921800096794867,58,40.39273288023452,54.42406838876594
2016-08-23,3.0684011533260644,22,36.29094183590653,56.66981816454975
2016-08-24,2.171762438683504,16,8.632343601689037,58.099012011110524
2016-08-25,1.4287435545069491,14,6.668907146516499,50.8274293027623
2016-08-26,1.0504121059548,12,4.650918099145235,48.112052132705834
2016-08-27,1.0669346634932289,11,3.54609032395496,42.00879459854501
2016-08-28,0.5470434836574054,8,2.6643902531054167,12.725477409301421
2016-08-29,0.8808159129886678,8,2.4947940601392844,10.214113312610602
2016-08-30,1.1057136811964328,7,2.5335730778424885,8.25142584048097
2016-08-31,8.138514876178306,51,10.125044470363388,14.218178277975772
2016-09-01,1.3348095594414797,31,10.5790381168162,14.124244282910302
2016-09-02,0.9667306056222191,19,10.440055041241987,14.040562782577721
2016-09-03,0.10458795068091625,19,2.4061281157445973,13.078216069765409
2016-09-04,0.1668848478298968,18,1.2382034041330143,12.6980574339379
2016-09-05,0.0763525653167384,16,0.3478253638275337,11.89359408626597
2016-09-06,8.223756476373625,62,8.466993889520243,19.011636881443163
2016-09-07,1.7717595800362382,29,10.071868621726585,12.644881585301096
2016-09-08,0.05590006310691565,15,10.05141611951676,11.365972088966531
2016-09-09,0.04417158487049944,15,1.8718312280136356,10.443413068214811
2016-09-10,0.07692221216684413,18,0.17699386014424145,10.415747329700741
2016-09-11,0.023456956472832396,15,0.1445507535101582,10.272319438343676
2016-09-12,0.016744555903989326,15,0.11712372454364808,10.212711428930927
2016-09-13,0.05895328564189448,17,0.09915479801869845,2.047908238199196
2016-09-14,0.0,14,0.07569784154586603,0.27614865816295764
2016-09-15,0.28915104194829483,15,0.3481043275901715,0.5093996370043368
2016-09-16,0.0,14,0.28915104194827707,0.4652280521338374
2016-09-17,0.38273301004933996,15,0.671884051997617,0.7710388500163332
2016-09-18,5.319527856653822,54,5.702260866703145,6.067109750197323
2016-09-19,3.0085551060272704,58,8.710815972730416,9.058920300320604
2016-09-20,0.4147889358427976,38,8.742871898523873,9.414755950521506
2016-09-21,0.30405786786747635,26,3.7274019097375266,9.718813818388982
2016-09-22,0.2778215388733709,28,0.9966683425836271,9.70748431531406
2016-09-23,0.0,15,0.5818794067408295,9.70748431531406
2016-09-24,0.013557135204012454,16,0.2913786740773656,9.338308440468731
2016-09-25,0.6277633221300006,52,0.6413204573339953,4.6465439059449105
2016-09-26,0.24207304453131637,27,0.8833935018653117,1.8800618444489565
2016-09-27,0.0,15,0.8698363666612993,1.4652729086061589
2016-09-28,0.0,15,0.2420730445312986,1.1612150407386825
2016-09-29,0.011031448781935644,16,0.01103144878191788,0.8944249506472473
2016-09-30,0.026455886630809854,16,0.03748733541272774,0.9208808372780571
2016-10-01,0.0,5,0.03748733541272774,0.9073237020740448
2016-10-02,1.8259514431694865,7,1.8524073298002786,2.1055118231135306
2016-10-03,8.212054204073326,50,10.038005647242795,10.07549298265554
2016-10-04,3.437407608890185,36,13.47541325613298,13.512900591545725
2016-10-05,2.243753196278669,11,13.893215009242162,15.756653787824394
2016-10-06,0.9212954011469618,15,6.602456206315798,16.66691774018942
2016-10-07,1.1939969685529805,18,4.359045565978594,17.834458822111593
2016-10-08,0.0,6,2.1152923696999246,17.834458822111593
2016-10-09,0.0,6,1.1939969685529628,16.008507378942106
2016-10-10,0.019668424436583377,7,0.019668424436565614,7.816121599305362
2016-10-11,0.0,6,0.019668424436565614,4.378713990415177
2016-10-12,1.9324025176833992,8,1.952070942119965,4.067363311819907
2016-10-13,13.752717104976359,53,15.685119622659741,16.898785015649302
2016-10-14,4.336689502822711,44,20.021809125482452,20.041477549919037
2016-10-15,5.507792881033934,17,23.597199488832985,25.54927043095297
2016-10-16,4.502810070432235,13,14.347292454288862,30.052080501385205
2016-10-17,7.000887372906458,9,17.01149032437261,37.03329944985508
2016-10-18,6.7186268328420455,9,18.22232427618072,43.75192628269713
2016-10-19,4.317563640930562,10,18.037077846679047,46.137087405944285
2016-10-20,5.945645987191073,31,16.981836460963663,38.330016288159
2016-10-21,4.518655194911463,32,14.781864823033079,38.511981980247754
2016-10-22,1.087368867700603,8,11.551670049803121,34.091557966914415
2016-10-23,0.027859931573605515,6,5.633883994185654,29.61660782805579
2016-10-24,0.0,5,1.1152287992741907,22.615720455149333
2016-10-25,10.37636413975294,50,10.404224071326528,26.27345776206023
2016-10-26,1.101727061255981,12,11.478091201008905,23.05762118238565
2016-10-27,12.529976128801218,50,24.00806732981012,29.64195132399579
2016-10-28,2.5022743196554886,11,16.13397750971267,27.62557044873982
2016-10-29,1.5698497927609507,10,16.602100241217638,28.108051373800166
2016-10-30,0.0,5,4.072124112416422,28.08019144222656
2016-10-31,0.17633018384612434,6,1.7461799766070574,28.256521626072686
2016-11-01,0.12280251550730553,8,0.29913269935341213,18.00296000182705
2016-11-02,0.4527378230931861,8,0.7518705224465982,17.353970763664254
2016-11-03,18.667480236086938,42,19.24302057468741,23.491474870949975
2016-11-04,3.771604868745328,21,22.891822927925432,24.760805420039816
2016-11-05,2.9203859376594745,13,25.359471042491723,26.11134156493834
2016-11-06,4.639889834199617,19,11.331880640604401,30.751231399137957
2016-11-07,3.3393998571282304,15,10.899675628987303,33.91430107242006
2016-11-08,2.279871940799027,11,10.259161632126856,36.07137049771178
2016-11-09,11.035538885184518,22,16.65481068311176,46.65417155980312
2016-11-10,8.340006876213979,39,21.655417702197507,36.326698199930156
2016-11-11,2.824790075020458,20,22.20033583641894,35.37988340620529
2016-11-12,5.60000005914212,18,16.76479701037654,38.05949752768793
2016-11-13,16.668129649177565,48,25.09291978334013,50.08773734266588
2016-11-14,9.054475272491507,49,31.322604980811178,55.802812758029155
2016-11-15,3.6860387911922508,27,29.40864371286131,57.208979608422375
2016-11-16,5.541347057795292,18,18.281861121479036,51.71478778103315
2016-11-17,5.11981137210783,37,14.34719722109536,48.49459227692701
2016-11-18,2.048360434530583,14,12.70951886443369,47.718162636437135
2016-11-19,2.014021366959478,15,9.182193173597877,44.132183944254486
2016-11-20,0.502765112961493,8,4.56514691445154,27.966819408038415
2016-11-21,0.4601341209936367,8,2.9769206009145934,19.372478256540546
2016-11-22,0.424891878770179,9,1.3877911127252944,16.111331344118476
2016-11-23,1.7354998079190271,15,2.620525807682829,12.305484094242209
2016-11-24,0.22383921468426235,8,2.3842309013734546,7.4095119368186415
2016-11-25,0.05533148944450198,8,2.0146705120477773,5.41648299173256
2016-11-26,0.0,7,0.2791707041287501,3.4024616247730823
2016-11-27,2.228108491054665,10,2.283439980499153,5.127805002866254
2016-11-28,9.70652717152171,18,11.934635662576362,14.374198053394327
2016-11-29,26.450409854951072,42,38.38504551752743,40.39971602957522
2016-11-30,7.336856065337607,25,43.49379309181038,46.001072286993804
2016-12-01,2.3309373614582407,17,36.11820328174691,48.10817043376778
2016-12-02,2.36193314550495,15,12.029726572300785,50.414772089828226
2016-12-03,9.79562185877796,38,14.488492365741138,60.21039394860618
2016-12-04,5.871948626201663,23,18.029503630484562,63.854234083753184
2016-12-05,4.067941084221432,30,19.73551156920104,58.2156479964529
2016-12-06,0.19948942364128672,9,10.139379134064368,31.96472756514312
2016-12-07,3.4038979378137477,25,7.671328445676454,28.031769437619264
2016-12-08,0.5984682709238602,9,4.201855632378882,26.29930034708488
2016-12-09,0.8311244345947968,13,4.833490643332393,24.768491636174726
2016-12-10,4.946257490913286,28,6.375850196431931,19.919127268310056
2016-12-11,10.649064311648715,44,16.426446237156785,24.696242953757107
2016-12-12,23.34148836701642,48,38.93681016957841,43.9697902365521
2016-12-13,5.431528016741721,18,39.42208069540685,49.20182882965253
2016-12-14,2.078179073235032,12,30.851195456993164,47.876109965073816
2016-12-15,1.6652387283077383,24,9.174945818284481,48.94288042245769
2016-12-16,0.5013022930503177,11,4.244720094593077,48.613058280913215
2016-12-17,1.0369967894334708,10,3.2035378107915164,44.70379757943339
2016-12-18,9.920240513740962,22,11.45853959622474,43.97497378152565
2016-12-19,6.151537727189633,24,17.108775030364058,26.785023141698858
2016-12-20,4.986491152719442,26,21.05826939365003,26.339986277676577
2016-12-21,16.214752108273032,36,27.352780988182097,40.47655931271458
2016-12-22,6.490387900553764,23,27.691631161546226,45.301708484960606
2016-12-23,4.0693998282360075,30,26.774539837062793,48.86980602014629
2016-12-24,2.8823711562849668,41,13.442158885074727,50.715180386997794
2016-12-25,0.4106888127073287,10,7.362459797228293,41.20562868596416
2016-12-26,0.49710148020937145,11,3.790161449201656,35.5511924389839
2016-12-27,0.0,9,0.9077902929166894,30.56470128626445
2016-12-28,10.096068501576466,17,10.593169981785827,24.446017679567888
2016-12-29,13.421013664581924,24,23.51708216615838,31.37664344359605
2016-12-30,6.832483561011945,19,30.349565727170326,34.139727176371984
2016-12-31,1.6380059971436876,17,21.891503222737548,32.8953620172307
2017-01-01,1.239686049889067,10,9.71017560804469,33.72435925441244
2017-01-02,3.108945234176359,12,5.986637281209103,36.33620300837943
2017-01-03,8.129298294820298,18,12.477929578885714,44.46550130319973
2017-01-04,3.765424431525101,14,15.003667960521748,38.13485723314836
2017-01-05,2.7118003019121892,13,14.606523028257577,27.42564387047863
2017-01-06,0.6456295400264345,11,7.122854273463714,21.23878984949312
2017-01-07,0.44801705955500154,10,3.8054469014936148,20.048800911904433
2017-01-08,6.615549216574519,17,7.709195816155944,25.424664078589885
2017-01-09,6.038640288588032,17,13.102206564717541,28.354359133001555
2017-01-10,8.442464592071,21,21.09665409723354,28.667525430252255
2017-01-11,2.364443334162689,13,16.84554821482171,27.266544332889847
2017-01-12,2.939138635962285,17,13.746046562195964,27.493882666939943
2017-01-13,1.5501500902736671,13,6.853732060398633,28.398403217187173
2017-01-14,1.1258915908553537,11,5.615180317091297,29.076277748487527
2017-01-15,2.94426974318313,11,5.620311424312142,25.404998275096137
2017-01-16,49.32142857110722,28,53.39158990514569,68.68778655761533
2017-01-17,27.502305117469554,46,79.7680034317599,87.74762708301388
2017-01-18,22.78779043647217,48,99.61152412504893,108.17097418532336
2017-01-19,10.746408750477437,36,61.036504304419154,115.97824429983851
2017-01-20,23.37166440286239,45,56.90586358981199,137.79975861242724
2017-01-21,23.150762438606836,44,57.268835591946655,159.82462946017873
2017-01-22,10.273190478609429,44,56.79561732007865,167.15355019560502
2017-01-23,8.94389399542369,28,42.36784691263995,126.77601561992148
2017-01-24,7.426456427160754,26,26.643540901193866,106.70016692961269
2017-01-25,7.799756473507154,22,24.17010689609159,91.71213296664767
2017-01-26,6.008785869016872,20,21.234998769684772,86.9745100851871
2017-01-27,8.860044065270616,20,22.668586407794635,72.46288974759533
2017-01-28,5.642583429836669,17,20.511413364124152,54.95471073882516
2017-01-29,3.0202668128509838,15,17.522894307958264,47.70178707306672
2017-01-30,3.524142299309891,14,12.186992541997537,42.28203537695292
2017-01-31,0.28093382200070405,9,6.825342934161572,35.13651277179287
2017-02-01,18.031334746626467,38,21.836410867937055,45.368091044912184
2017-02-02,5.731702655505491,41,24.043971224132655,45.0910078314008
2017-02-03,4.7837321184438535,32,28.546769520575804,41.01469588457404
2017-02-04,11.822124264240644,42,22.33755903818998,47.19423671897801
2017-02-05,3.818770613079178,19,20.42462699576367,47.99274051920621
2017-02-06,19.22277791084695,32,34.86367278816677,63.69137613074327
2017-02-07,5.902995002048236,32,28.94454352597436,69.3134373107908
2017-02-08,2.3115714078758294,17,27.437344320771007,53.593673972040165
2017-02-09,3.857549536224212,14,12.07211594614827,51.71952085275888
2017-02-10,1.661285124291823,13,7.8304060683918575,48.597073858606855
2017-02-11,1.2279774146621065,12,6.746812075178134,38.00292700902832
2017-02-12,2.9123043804747826,16,5.801566919428705,37.09646077642392
2017-02-13,0.02232228826193106,7,4.162604083398813,17.8960051538389
2017-02-14,0.04123427075431932,8,2.975860939491026,12.034244422544983
2017-02-15,2.8036583450402217,6,2.867214904056465,12.526331359709374
2017-02-16,0.0,6,2.844892615794534,8.668781823485162
2017-02-17,0.24694990383583879,8,3.0506082488760535,7.254446603029178
2017-02-18,0.0,5,0.24694990383583168,6.026469188367072
2017-02-19,0.0,6,0.24694990383583168,3.1141648078922897
2017-02-20,0.0,6,0.0,3.0918425196303585
2017-02-21,0.0,6,0.0,3.0506082488760393
2017-02-22,15.767200357782977,18,15.76720035778297,16.014150261618795
2017-02-23,9.684785421821331,17,25.4519857796043,25.698935683440126
2017-02-24,29.494560211032542,32,54.94654599063684,54.946545990636835
2017-02-25,10.508975353443905,36,49.68832098629777,65.45552134408074
2017-02-26,5.595710043198951,23,45.59924560767539,71.05123138727969
2017-02-27,3.6638191513129827,22,19.768504547955832,74.71505053859266
2017-02-28,2.410869001392519,13,11.670398195904445,77.12591953998519
2017-03-01,2.826606839596143,8,8.901294992301636,64.18532602179835
2017-03-02,6.516505522900144,16,11.753981363888798,61.01704612287716
2017-03-03,7.432838758527408,38,16.775951121023688,38.95532467037203
2017-03-04,2.2615641217646334,22,16.210908403192178,30.70791343869276
2017-03-05,17.964466859672505,25,27.65886973996454,43.07667025516631
2017-03-06,16.664407610613168,45,36.8904385920503,56.0772587144665
2017-03-07,17.47063000551105,36,52.099504475796714,71.13701971858504
2017-03-08,9.850082497756944,42,43.98512011388115,78.16049537674584
2017-03-09,5.704460366107404,18,33.02517286937539,77.3484502199531
2017-03-10,7.048791206963709,16,22.603334070828048,76.9644026683894
2017-03-11,4.919890405540197,17,17.6731419786113,79.62272895216496
2017-03-12,3.0690727807866787,12,15.037754393290577,64.72733487327913
2017-03-13,1.9611990111746385,10,9.950162197501507,50.0241262738406
2017-03-14,7.371711591597247,15,12.401983383558557,39.9252078599268
2017-03-15,2.192559421827921,14,11.5254700245998,32.26768478399777
2017-03-16,0.7578276659513563,5,10.322098679376518,27.321052083841725
2017-03-17,13.088136724636499,31,16.038523812415768,33.360397601514514
2017-03-18,6.375831151972688,35,20.221795542560535,34.81633834794701
2017-03-19,1.6531913269612024,37,21.11715920357038,33.40045689412153
2017-03-20,0.470532568977807,8,8.49955504791169,31.9097904519247
2017-03-21,0.040162860927101994,6,2.163886756866104,24.578241721254553
2017-03-22,0.03623849668853412,6,0.546933926593436,22.421920796115167
2017-03-23,0.12870919647691006,7,0.2051105540925391,21.79280232664072
2017-03-24,0.10954525563331927,6,0.27449294879875635,8.81421085763754
2017-03-25,1.6768828066844577,10,1.91513725879468,4.115262512349311
2017-03-26,0.0,7,1.7864280623177697,2.4620711853881083
2017-03-27,0.22801338264347146,10,1.904896189327922,2.219551999053773
2017-03-28,1.3675453277436558,22,1.59555871038712,3.5469344658703266
2017-03-29,1.3098912356311543,31,2.9054499460182743,4.820587204812947
2017-03-30,0.8848576658044233,20,3.5622942291792263,5.57673567414046
2017-03-31,0.6191151934285622,18,2.8138640948641322,6.086305611935703
2017-04-01,6.0894197032481845,5,7.593392562481163,10.49884250849943
2017-04-02,2.554724477532338,24,9.263259374209078,13.053566986031768
2017-04-03,4.62806360453358,4,13.272207785314095,17.453617207921877
2017-04-04,2.1539315217513315,4,9.336719603817242,18.240003401929552
2017-04-05,6.135627056022925,4,12.91762218230783,23.06573922232132
2017-04-06,14.31277446397866,79,22.60233304175291,36.49365602049556
2017-04-07,73.82516762375187,81,94.27356914375345,109.69970845081886
2017-04-08,7.508536364660425,22,95.64647845239095,111.11882511223111
2017-04-09,7.9679951071752955,8,89.3016990955876,116.53209574187406
2017-04-10,11.235535770342521,8,26.712067242178243,123.139567907683
2017-04-11,12.321448460874906,2,31.524979338392722,133.3070848468066
2017-04-12,3.0050349281250868,38,26.562019159342515,130.17649271890875
2017-04-13,1.3250076511361768,32,16.65149104013617,117.18872590606625
2017-04-14,,1,,
2017-04-15,,1,,
2017-04-16,0.3666481663141646,3,,
2017-04-17,0.8850751577043489,17,,
2017-04-18,0.5696590290004151,4,1.8213823530189286,
2017-04-19,0.8067622435006842,3,2.2614964302054483,
2017-04-20,0.8557401349813392,3,2.2321614074824385,
2017-04-21,21.116018012309183,24,22.778520390791208,
2017-04-22,7.897371658832238,75,29.86912980612276,32.49727440264235
2017-04-23,1.429217285709757,38,30.44260695685118,33.55984352203794
2017-04-24,1.1014806175115344,5,10.42806956205353,33.77624898184512
2017-04-25,0.19506788574195646,3,2.7257657889632476,33.401657838586665
2017-04-26,12.610003138801916,73,13.906551642055407,45.204898733887894
2017-04-27,0.9007307783932813,19,13.705801802937154,45.24988937729984
2017-04-28,0.7618188376101863,7,14.272552754805384,24.895690202600843
2017-04-29,0.7926072813613761,3,2.455156897364844,17.790925825129978
2017-04-30,1.228505928078645,2,2.7829320470502075,17.590214467498868
2017-05-01,0.0,4,2.021113209440021,16.488733849987334
2017-05-02,0.0,4,1.2285059280786448,16.293665964245378
2017-05-03,0.04226851980838821,4,0.04226851980838821,3.7259313452518485
2017-05-04,0.0,4,0.04226851980838821,2.8252005668585674
2017-05-05,29.854607235383185,72,29.896875755191573,31.917988964631565
2017-05-06,5.414394824094908,12,35.26900205947809,36.5397765073651
2017-05-07,1.9104657536764211,11,37.17946781315452,37.22173633296287
2017-05-08,0.6049838638669259,4,7.929844441638255,37.8267201968298
2017-05-09,0.0,3,2.515449617543347,37.8267201968298
2017-05-10,0.4474398799906324,4,1.0524237438575583,38.23189155701204
2017-05-11,0.8207494860226193,7,1.2681893660132517,39.05264104303466
2017-05-12,0.0,3,1.2681893660132517,9.198033807651479
2017-05-13,0.0,3,0.8207494860226193,3.7836389835565702
2017-05-14,0.0,3,0.0,1.8731732298801491
2017-05-15,0.0,3,0.0,1.2681893660132233
2017-05-16,0.0,3,0.0,1.2681893660132233
2017-05-17,0.0,3,0.0,0.8207494860225909
2017-05-18,1.6168788025182232,10,1.6168788025182232,1.6168788025181948
2017-05-19,52.96508194769583,73,54.58196075021405,54.58196075021402
2017-05-20,13.414916679701284,12,67.99687742991533,67.9968774299153
2017-05-21,25.841833327434816,66,92.22183195483191,93.83871075735013
2017-05-22,25.751350980329146,69,65.00810098746524,119.59006173767926
2017-05-23,7.057132995429823,8,58.65031730319378,126.64719473310909
2017-05-24,4.014837702330542,8,36.82332167808951,130.66203243543964
2017-05-25,5.956057852468946,7,17.028028550229312,135.00121148539037
2017-05-26,3.6534356400109287,6,13.624331194810416,85.68956517770546
2017-05-27,2.7256795911708998,5,12.335173083650774,75.00032808917507
2017-05-28,0.31859891425446035,4,6.697714145436289,49.477093675994716
2017-05-29,0.42969699235522474,4,3.473975497780585,24.155439688020795
2017-05-30,0.4747318537901992,5,1.2230277603998843,17.573038546381174
2017-05-31,5.069433891922786,4,5.9738627380682106,18.627634735973416
2017-06-01,1.6213084628577115,20,7.165474208570697,14.292885346362183
2017-06-02,0.12816951357640283,6,6.818911868356901,10.767619219927656
2017-06-03,0.12070249872853311,6,1.8701804751626474,8.162642127485288
2017-06-04,0.06468640008119891,4,0.31355841238613485,7.908729613312028
2017-06-05,28.38827149555223,68,28.573660394361962,35.86730411650903
2017-06-06,29.735326301923823,72,58.18828419755725,65.12789856464266
2017-06-07,12.198540355976432,64,70.32213815345249,72.2570050286963
2017-06-08,2.0621727858660654,13,43.996039443766314,72.69786935170465
2017-06-09,0.6255829349038073,13,14.886296076746305,73.19528277303206
2017-06-10,0.47555192077338965,7,3.1633076415432626,73.55013219507693
2017-06-11,1.0392759225057564,6,2.1404107781829533,74.52472171750148
2017-06-12,0.8082027446407608,6,2.3230305879199067,46.94465296659001
2017-06-13,12.312067161111433,67,14.159545828257949,29.521393825777615
2017-06-14,1.422725107090791,26,14.542995012842983,18.745578576891972
2017-06-15,0.6848967925081357,7,14.41968906071036,17.368302583534042
2017-06-16,1.411327524779627,7,3.5189494243785537,18.154047173409865
2017-06-17,0.0,4,2.0962243172877626,17.678495252636477
2017-06-18,0.04679724121978461,6,1.4581247659994117,16.686016571350503
2017-06-19,0.0,4,0.04679724121978461,15.877813826709742
2017-06-20,0.6104647678516579,25,0.6572620090714425,4.176211433449968
2017-06-21,0.45940052747561433,20,1.0698652953272723,3.212886853834791
2017-06-22,0.05869845657928888,5,1.1285637519065612,2.5866885179059445
2017-06-23,0.0,5,0.5180989840549032,1.1753609931263174
2017-06-24,0.5438182387887346,6,0.6025166953680234,1.7191792319150518
2017-06-25,0.06190880265390323,6,0.6057270414426378,1.7342907933491705
2017-06-26,0.0,4,0.6057270414426378,1.7342907933491705
2017-06-27,0.02536526665174416,5,0.08727406930564739,1.1491912921492566
2017-06-28,0.05869845657928888,5,0.08406372323103303,0.7484892212529313
2017-06-29,0.0,4,0.08406372323103303,0.6897907646736424
2017-06-30,0.0,4,0.058698456579288884,0.6897907646736424
2017-07-01,0.23432043308422965,69,0.23432043308422965,0.3802929589691375
2017-07-02,0.15002667573140172,69,0.3843471088156314,0.46841083204663597
2017-07-03,0.2724423412319855,71,0.6567894500476169,0.7408531732786214
2017-07-04,0.0036145025427445146,71,0.42608351950613177,0.7191024091696219
2017-07-05,0.027170700876870305,70,0.30322754465160034,0.6875746534672033
2017-07-06,0.0054670333964323215,70,0.03625223681604714,0.6930416868636355
2017-07-07,0.0015867512309906272,70,0.03422448550429325,0.6946284380946262
2017-07-08,0.0015965208116152253,69,0.008650305439038174,0.4619045258220118
2017-07-09,0.0,67,0.0031832720426058525,0.3118778500906101
2017-07-10,0.0,67,0.0015965208116152253,0.03943550885862457
2017-07-11,0.0,67,0.0,0.035821006315880054
2017-07-12,0.0,67,0.0,0.008650305439009753
2017-07-13,0.004053217786852083,67,0.004053217786852083,0.007236489829429514
2017-07-14,0.0,67,0.004053217786852083,0.005649738598438887
2017-07-15,0.0015965208116152253,69,0.005649738598467308,0.005649738598438887
2017-07-16,0.001826763610969152,68,0.003423284422584377,0.007476502209408039
2017-07-17,0.0,67,0.003423284422584377,0.007476502209408039
2017-07-18,0.0841794597676,68,0.08600622337856914,0.09165596197700804
2017-07-19,0.007928997991568517,67,0.09210845775916851,0.09958495996857655
2017-07-20,0.0,67,0.09210845775916851,0.09553174218172447
2017-07-21,0.0,68,0.007928997991568517,0.09553174218172447
2017-07-22,0.0,67,0.0,0.09393522137010925
2017-07-23,0.0,67,0.0,0.09210845775914009
2017-07-24,0.0,67,0.0,0.09210845775914009
2017-07-25,0.0,68,0.0,0.007928997991540095
2017-07-26,0.0,69,0.0,0.0
2017-07-27,0.0,68,0.0,0.0
2017-07-28,0.0,67,0.0,0.0
2017-07-29,0.0,68,0.0,0.0
2017-07-30,0.0,69,0.0,0.0
2017-07-31,0.0,68,0.0,0.0
2017-08-01,0.0,6,0.0,0.0
2017-08-02,0.0,6,0.0,0.0
2017-08-03,0.8447350085042387,38,0.8447350085042387,0.8447350085042102
2017-08-04,1.5737558514774583,52,2.4184908599816968,2.4184908599816684
2017-08-05,3.360155322018137,68,5.778646181999834,5.778646181999806
2017-08-06,0.07841794355616205,6,5.012329117051757,5.857064125555968
2017-08-07,0.039208971778081025,6,3.4777822373523803,5.896273097334049
2017-08-08,0.0,5,0.11762691533424308,5.896273097334049
2017-08-09,0.0,5,0.039208971778081025,5.896273097334049
2017-08-10,0.0,5,0.0,5.05153808882981
2017-08-11,0.0,5,0.0,3.477782237352352
2017-08-12,0.12105272795307004,5,0.12105272795307004,0.2386796432872847
2017-08-13,0.4801758208805111,5,0.6012285488335811,0.6404375206116337
2017-08-14,0.8897375504550648,5,1.490966099288646,1.4909660992886176
2017-08-15,8.229226156190723,50,9.5991395275263,9.72019225547934
2017-08-16,4.588328858818873,60,13.70729256546466,14.308521114298212
2017-08-17,10.359842497621646,67,23.17739751263124,24.668363611919858
2017-08-18,2.335844375409666,13,17.284015731850182,27.004207987329522
2017-08-19,4.471015696584227,57,17.166702569615538,31.35417095596068
2017-08-20,19.87725906823546,66,26.684119140229352,50.751254203315625
2017-08-21,5.964928081439489,65,30.313202846259173,55.826444734300054
2017-08-22,4.901391222398631,10,30.743578372073582,52.498609800507964
2017-08-23,1.2891450866636143,8,12.155464390501734,49.19942602835271
2017-08-24,0.19725421819279093,5,6.387790527255037,39.03683774892385
2017-08-25,0.2179152583386342,5,1.7043145631950394,36.91890863185282
2017-08-26,0.1452768388924228,5,0.5604463154238479,32.59316977416101
2017-08-27,0.2673007378194893,5,0.6304928350505463,12.983211443745043
2017-08-28,0.2978067125512559,5,0.710384289263168,7.3160900748568105
2017-08-29,0.3283126872830226,5,0.8934201376537678,2.7430115397412016
2017-08-30,0.13365036890974466,5,0.7597697687440231,1.587516821987332
2017-08-31,0.20775179071094363,4,0.6697148469037109,1.5980143945054845
2017-09-01,0.0801944201851735,65,0.4215965798058618,1.460293556352024
2017-09-02,0.005606682610696961,66,0.2935528935068141,1.320623400070298
2017-09-03,0.003008039760663973,66,0.08880914255653444,1.0563307020114727
2017-09-04,0.0,65,0.008614722371360933,0.7585239894602169
2017-09-05,0.0,65,0.003008039760663973,0.43021130217719433
2017-09-06,0.003008039760663973,66,0.003008039760663973,0.29956897302811364
2017-09-07,0.0,66,0.003008039760663973,0.09181718231716998
2017-09-08,0.002488761397574327,66,0.0054968011582383,0.014111523529570812
2017-09-09,0.06445892019717507,66,0.0669476815947494,0.07296376111604892
2017-09-10,0.002488761397574327,66,0.06943644299232372,0.07244448275295927
2017-09-11,0.004977522795148654,66,0.07192520438989805,0.07742200554810792
2017-09-12,0.02262288280292058,65,0.03008916699564356,0.10004488835102851
2017-09-13,0.002488761397574327,66,0.03008916699564356,0.09952560998793887
2017-09-14,0.019661215040837184,66,0.04477285924133209,0.11918682502877605
2017-09-15,0.04206006761900614,66,0.06421004405741765,0.15875813125020785
2017-09-16,0.012443806987871635,66,0.07416508964771495,0.10674301804090443
2017-09-17,0.037829173243129774,66,0.09233304785000754,0.14208342988645986
2017-09-18,0.03571376715661403,56,0.08598674738761544,0.17281967424792524
2017-09-19,0.024638737835985837,66,0.09818167823572964,0.1748355292809905
2017-09-20,0.017296891713141572,66,0.07764939670574143,0.18964365959655774
2017-09-21,0.004886882156616169,67,0.04682251170574358,0.17486932671233674
2017-09-22,0.004977522795148654,66,0.027161296664906395,0.13778678188847926
2017-09-23,0.002459136091016268,66,0.012323541042781092,0.12780211099162386
2017-09-24,0.0,66,0.007436658886164922,0.08997293774849412
2017-09-25,0.002477401653417292,65,0.0049365377444335595,0.05673657224529737
2017-09-26,0.0205471115920146,64,0.023024513245431893,0.05264494600132613
2017-09-27,0.005069230884386115,64,0.028093744129818004,0.040417285172570684
2017-09-28,0.3354952835880461,65,0.3611116260644468,0.3710256866040006
2017-09-29,0.9553691579136799,65,1.2959336723861121,1.321417321722532
2017-09-30,29.406634465684494,64,30.69749890718622,30.72559265131601
2017-10-01,6.879106684646127,61,37.2411103082443,37.60469933596214
2017-10-02,15.035819399749697,60,51.32156055008032,52.638041334058414
2017-10-03,2.2748930783660493,23,24.18981916276187,54.89238730083245
2017-10-04,1.518791720566095,9,18.829504198681843,56.40610979051416
2017-10-05,1.7554881085175233,9,5.549172907449668,57.82610261544364
2017-10-06,10.998291326754337,16,14.272571155837955,67.86902478428429
2017-10-07,8.841082880653474,58,21.594862315925333,47.303473199253276
2017-10-08,5.704055074345684,19,25.543429281753497,46.12842158895283
2017-10-09,1.7869554307212683,12,16.332093385720427,32.879557619924405
2017-10-10,5.956289291167462,18,13.447299796234415,36.560953832725815
2017-10-11,10.78775143324001,26,18.53099615512874,45.82991354539973
2017-10-12,3.5476055477870836,12,20.291646272194555,47.622030984669294
2017-10-13,5.281458100131677,22,19.61681508115877,41.905197758046626
2017-10-14,2.2754352613810225,16,11.104498909299782,35.33955013877418
2017-10-15,1.7060714388128497,11,9.262964800325546,31.341566503241346
2017-10-16,0.05512576660925288,7,4.036632466803123,29.60973683912933
2017-10-17,0.07941008677188888,7,1.8406072921939898,23.732857634733758
2017-10-18,0.0793211012607339,6,0.21385695464187388,13.02442730275448
2017-10-19,0.03948357345496209,6,0.19821476148758307,9.516305328422357
2017-10-20,0.10092256621274932,8,0.21972724092844353,4.335769794503431
2017-10-21,1.049369101393057,14,1.1897752410607667,3.1097036345154656
2017-10-22,4.0194418001697105,50,5.169733467775515,5.423073995872326
2017-10-23,0.6750400812663744,16,5.74385098282914,6.042988310529448
2017-10-24,0.5750888769583525,8,5.269570758394436,6.538667100715912
2017-10-25,1.5809635237322335,8,2.8310924819569587,8.04030952318741
2017-10-26,28.758472032307882,61,30.914524432998466,36.75929798204033
2017-10-27,4.5407513300939435,53,34.880186886134055,41.19912674592152
2017-10-28,2.7392581491312735,12,36.0384815115331,42.88901579365974
2017-10-29,0.832014038240889,10,8.112023517466103,39.70158803173092
2017-10-30,1.4906444218815889,21,5.061916609253748,40.51719237234614
2017-10-31,5.511454652944185,41,7.834113113066659,45.453558148331965
2017-11-01,1.4013369628742327,24,8.403436037700002,45.27393158747396
2017-11-02,0.3818070144313204,14,7.294598630249734,16.897266569597406
2017-11-03,0.3149674319274334,14,2.098111409232983,12.671482671430894
2017-11-04,25.312907189836665,40,26.009681636195413,35.245131712136285
2017-11-05,6.305888832658141,44,31.933763454422234,40.71900650655354
2017-11-06,1.693580527673372,15,33.312376550168175,40.92194261234532
2017-11-07,0.7287793406353581,14,8.728248700966867,36.139267300036494
2017-11-08,0.1836238136712013,13,2.605983681979928,34.92155415083346
2017-11-09,3.4740988905334627,24,4.386502044840018,38.01384602693561
2017-11-10,3.3616056680332993,18,7.019328372237959,41.060484263041474
2017-11-11,11.593087179848478,54,18.428791738415235,27.340664253053284
2017-11-12,0.41286824546604417,14,15.367561093347817,21.447643665861186
2017-11-13,0.212764950212201,13,12.218720375526718,19.966828088400014
2017-11-14,0.9723032128178395,14,1.5979364084960794,20.210351960582496
2017-11-15,0.9291224767314925,14,2.1141906397615275,20.95585062364279
2017-11-16,7.225947692084797,20,9.127373381634124,24.70769942519412
2017-11-17,22.129489223655682,57,30.284559392471966,43.475582980816505
2017-11-18,24.265264426201007,55,53.62070134194148,56.14776022716903
2017-11-19,15.732732725093301,55,62.12748637494999,71.46762470679629
2017-11-20,3.7653774266652866,34,43.76337457795959,75.02023718324938
2017-11-21,20.72412575820118,40,40.222235909959764,94.77205972863271
2017-11-22,10.68031639972867,54,35.16981958459513,104.5232536516299
2017-11-23,3.3819826650911113,19,34.78642482302096,100.6792886246362
2017-11-24,3.0126035179042816,17,17.074902582724057,81.5624029188848
2017-11-25,0.8063954347767515,16,7.200981617772141,58.10353392746055
2017-11-26,5.275757334620667,37,9.094756287301696,47.64655853698792
2017-11-27,27.708438629620318,61,33.79059139901773,71.58961973994295
2017-11-28,3.826745082337929,19,36.810941046578904,54.6922390640797
2017-11-29,1.127148909716015,16,32.66233262167426,45.139071574067046
2017-11-30,0.5673698979144579,17,5.521263889968399,42.32445880689039
2017-12-01,0.48218945311144773,15,2.176708260741917,39.794044742097554
2017-12-02,0.4269070485358245,19,1.4764663995617267,39.41455635585663
2017-12-03,0.504624912986891,15,1.4137214146341597,34.64342393422285
2017-12-04,0.3949340649904574,15,1.3264660265131694,7.329919369592995
2017-12-05,1.3413492925646298,14,2.2409082705419747,4.844523579819695
2017-12-06,1.3516467732242068,14,3.0879301307792906,5.069021443327887
2017-12-07,7.214533181230263,32,9.907529247019095,11.716184726643693
2017-12-08,12.71369075962995,54,21.279870714084417,23.947686033162192
2017-12-09,3.775792577009789,22,23.70401651787,27.296571561636156
2017-12-10,2.6834373670008964,16,19.172920703640635,29.475384015650164
2017-12-11,2.9517835716199574,20,9.41101351563064,32.03223352227966
2017-12-12,0.5754427566168998,17,6.21066369523775,31.266326986331933
2017-12-13,0.4133443368811386,13,3.9405706651179924,30.328024549988868
2017-12-14,0.23081332367596719,13,1.219600417174002,23.34430469243457
2017-12-15,1.8221885575933972,15,2.466346218150499,12.452802490398017
2017-12-16,3.6980524964319623,15,5.751054377701323,12.375062409820192
2017-12-17,1.335287868886375,13,6.855528922911731,11.026912911705669
2017-12-18,15.142142909410826,45,20.17548327472916,23.21727224949654
2017-12-19,0.9506255989716607,13,17.42805637726886,23.592455091851296
2017-12-20,12.730440243587758,39,28.823208751970242,35.90955099855792
2017-12-21,19.12723528795275,62,32.80830113051216,54.8059729628347
2017-12-22,3.037946392346691,38,34.8956219238872,56.021730797588
2017-12-23,0.4278533943294464,16,22.593035074628883,52.75153169548548
2017-12-24,0.23726487756489725,13,3.703064664241031,51.653508704164004
2017-12-25,17.95026891722887,49,18.615387189123208,54.46163471198204
2017-12-26,11.446339220566744,47,29.633873015360507,64.95734833357712
2017-12-27,1.0754463929243907,15,30.472054530719998,53.30235448291376
2017-12-28,4.252571097254309,28,16.77435671074544,38.42769029221532
2017-12-29,3.8329778572061364,44,9.160995347384834,39.22272175707476
2017-12-30,13.571816539435483,56,21.657365493895924,52.36668490218079
2017-12-31,15.989981766458026,58,33.39477616309964,68.11940179107393
2018-01-01,4.1965284352960035,20,33.75832674118951,54.36566130914106
2018-01-02,2.105300553966083,19,22.29181075572011,45.0246226425404
2018-01-03,14.63414248920199,47,20.935971478464072,58.583318738818
2018-01-04,2.6943743667903255,19,19.433817409958394,57.02512200835402
2018-01-05,0.7556671087150503,16,18.08418396470736,53.94781125986293
2018-01-06,1.2892488236865824,15,4.739290299191955,41.66524354411403
2018-01-07,16.13659544973868,55,18.18151138214031,41.81185722739468
2018-01-08,12.532987707950292,58,29.958831981375553,50.14831650004898
2018-01-09,3.4760796262317,45,32.14566278392067,51.5190955723146
2018-01-10,5.496981201523991,23,21.50604853570598,42.38193428463659
2018-01-11,11.593323273000014,25,20.566384100755702,51.28088319084628
2018-01-12,1.5591795566768871,17,18.64948403120089,52.084395638808125
2018-01-13,1.1357831847531064,17,14.288286014430003,51.93092999987464
2018-01-14,1.3105324330726544,17,4.005495174502644,37.104866983208616
2018-01-15,1.0485426059561211,15,3.494858223781878,25.620421881214444
2018-01-16,6.790766570152892,17,9.149841609181664,28.935108825135636
2018-01-17,5.844099706260818,34,13.683408882369827,29.282227329872462
2018-01-18,0.5056625125008918,15,13.140528788914597,18.194566569373343
2018-01-19,5.568711221410783,35,11.918473440172487,22.20409823410724
2018-01-20,10.50985921772232,29,16.584232951633993,31.57817426707645
2018-01-21,11.113704123896763,27,27.192274563029866,41.381345957900564
2018-01-22,7.784709026772093,28,29.408272368391174,48.11751237871653
2018-01-23,14.459102560095454,43,33.357515710764304,55.785848368659096
2018-01-24,1.4906394486517096,15,23.734451035519257,51.43238811104999
2018-01-25,2.1643413184461626,16,18.114083327193324,53.09106691699526
2018-01-26,2.556167660672256,25,6.2111484277701265,50.07852335625673
2018-01-27,1.669068430446902,21,6.3895774095653195,41.237732568981315
2018-01-28,0.9448848415865226,16,5.170120932705679,31.068913286671073
2018-01-29,11.193857175313862,41,13.807810447347286,34.47806143521284
2018-01-30,22.374734352975437,58,34.51347636987582,42.39369322809282
2018-01-31,8.527118136771596,25,42.095709665060895,49.43017191621271
2018-02-01,0.9485586079407203,47,31.850411097687754,48.21438920570726
2018-02-02,0.30918282663858343,44,9.7848595713509,45.967404371673595
2018-02-03,0.21477529118061686,46,1.4725167257599205,44.513111232407304
2018-02-04,0.17640804125894557,38,0.7003661590781458,43.74463443207973
2018-02-05,0.3717163414780275,45,0.76289967391759,32.922493598243896
2018-02-06,0.831040671663972,46,1.379165054400945,11.378799916932433
2018-02-07,0.2660018536203134,39,1.468758866762313,3.1176836337811507
2018-02-08,0.10680382178630261,38,1.203846347070588,2.275928847626733
2018-02-09,0.02372090792550165,38,0.3965265833321177,1.9904669289136512
2018-02-10,4.723826644554346,50,4.85435137426615,6.49951828228738
2018-02-11,0.9203422226559433,46,5.667889775135791,7.243452463684378
2018-02-12,1.1516315057633393,40,6.795800372973629,8.023367627969689
2018-02-13,2.14286445707863,50,4.2148381854979124,9.335191413384347
2018-02-14,1.7413157310463625,48,5.0358116938883315,10.810505290810397
2018-02-15,0.9013589108426022,44,4.785539098967595,11.605060379866696
2018-02-16,0.1957061334120564,39,2.838380775301021,11.777045605353251
2018-02-17,0.011959640408495429,33,1.109024684663154,7.065178601207401
2018-02-18,0.5139129829461755,41,0.7215787567667273,6.658749361497633
2018-02-19,0.6618251830466761,40,1.187697806401347,6.168943038780969
2018-02-20,3.1065739423837955,45,4.282312108376647,7.132652524086135
2018-02-21,1.0845025835254678,44,4.852901708955939,6.475839376565241
2018-02-22,6.48386395308308,49,10.674940478992344,12.058344418805719
2018-02-23,1.224971200761474,44,8.793337737370022,13.087609486155136
2018-02-24,0.0029556053100868816,35,7.711790759154641,13.07860545105673
2018-02-25,0.010157938687888432,37,1.2380847447594492,12.574850406798442
2018-02-26,32.27028594470946,60,32.28339948870743,44.18331116846122
2018-02-27,5.7944945943523,56,38.07493847774965,46.87123182042973
2018-02-28,1.543128379391733,47,39.60790891845349,47.329857616295996
2018-03-01,4.406799649792752,14,11.744422623536785,45.25279331300566
2018-03-02,8.465335885565503,39,14.415263914749989,52.49315799780969
2018-03-03,7.089526157054946,43,19.9616616924132,59.57972854955455
2018-03-04,7.101433632750957,19,22.656295675371403,66.67100424361762
2018-03-05,4.008987822609667,18,18.199947612415567,38.40970612151783
2018-03-06,5.896867083800449,30,17.00728853916107,38.51207861096598
2018-03-07,8.227409361124138,22,18.13326426753425,45.196359592698386
2018-03-08,5.678663387540435,20,19.80293983246502,46.468223330446065
2018-03-09,2.8361932212092227,9,16.742265969873795,40.839080666089785
2018-03-10,6.075418603333787,11,14.590275212083442,39.824973112368625
2018-03-11,0.3747547714435759,8,9.286366595986584,33.09829425106125
2018-03-12,17.91276996579031,17,24.36294334056767,47.00207639424189
2018-03-13,8.767773399771286,30,27.05529813700517,49.872982710212725
2018-03-14,8.894731456948199,23,35.57527482250979,50.54030480603679
2018-03-15,19.751994921826658,49,37.41449977854614,64.61363634032301
2018-03-16,8.2310382206498,16,36.87776459942465,70.00848133976359
2018-03-17,0.6150972395203502,7,28.5981303819968,64.54815997595016
2018-03-18,0.7326698786690258,9,9.57880533883917,64.90607508317561
2018-03-19,11.647728045777784,16,12.995495163967153,58.64103316316307
2018-03-20,26.6152890282946,44,38.9956869527414,76.48854879168638
2018-03-21,8.324559574709259,52,46.587576648781635,75.91837690944746
2018-03-22,8.204234066560762,41,43.14408266956461,64.37061605418155
2018-03-23,5.704900480387418,16,22.233694121657436,61.84447831391917
2018-03-24,3.3086359248969432,13,17.21777047184512,64.53801699929576
2018-03-25,1.5630569882281826,9,10.57659339351254,65.36840410885492
2018-03-26,11.116176846891962,28,15.987869760017084,64.83685290996911
2018-03-27,15.504488832477112,41,28.18372266759725,53.726052714151606
2018-03-28,36.664021658592404,44,63.28468733796147,82.06551479803476
2018-03-29,6.634061950284971,34,58.802572441354485,80.49534268175896
2018-03-30,19.765227615803155,35,63.06331122468053,94.5556698171747
2018-03-31,9.565069598643571,39,35.9643591647317,100.81210349092132
2018-04-01,4.261374960931313,54,33.59167217537804,103.51042146362445
2018-04-02,3.1315970964610935,52,16.958041656035977,95.52584171319359
2018-04-03,3.667729861910857,52,11.060701919303263,83.68908274262733
2018-04-04,3.397244557364122,54,10.196571515736073,50.422305641399056
2018-04-05,0.6449293282833778,40,7.709903747558357,44.43317301939746
2018-04-06,0.6175783651089796,38,4.65975225075648,25.285523768703285
2018-04-07,0.4411235894822124,36,1.7036312828745697,16.161577759541927
2018-04-08,0.34066502766659673,34,1.3993669822577888,12.24086782627721
2018-04-09,0.4439074079174716,34,1.2256960250662807,9.553178137733589
2018-04-10,0.3381111799211438,33,1.122683615505212,6.223559455743875
2018-04-11,0.01650841135436816,31,0.7985269991929835,2.8428233097341216
2018-04-12,0.0,31,0.35461959127551196,2.197893981450744
2018-04-13,0.0,31,0.01650841135436816,1.5803156163417642
2018-04-14,0.007580260730743797,32,0.007580260730743797,1.1467722875902957
2018-04-15,11.769667428766116,55,11.77724768949686,12.575774688689815
2018-04-16,5.629002055960152,54,17.40624974545701,17.760869336732497
2018-04-17,0.5240506044821444,37,17.92272008920841,17.946808761293497
2018-04-18,0.38305311571391826,34,6.536105776156215,18.313353465653048
2018-04-19,0.136303713253745,33,1.0434074334498076,18.44965717890679
2018-04-20,0.035533222615302854,32,0.5548900515829661,18.485190401522093
2018-04-21,0.020240358001638262,32,0.19207729387068612,18.49785049879299
2018-04-22,0.01574250066794087,32,0.07151608128488199,6.743925570694813
2018-04-23,0.06758363334558039,31,0.10356649201515952,1.1825071480802416
2018-04-24,0.0,31,0.08332613401352126,0.6584565435980972
2018-04-25,0.007242887472441484,30,0.07482652081802187,0.28264631535662044
2018-04-26,0.004221731102220373,30,0.011464618574661857,0.15056433320509582
2018-04-27,0.06625282969478247,31,0.07771744826944432,0.18128394028457542
2018-04-28,0.1277631024168914,31,0.19823766321389424,0.28880668469982856
2018-04-29,0.009896011382479449,31,0.2039119434941533,0.2829601954143672
2018-04-30,0.02295812667575057,31,0.1606172404751214,0.2383346887445373
2018-05-01,0.004460221983482924,53,0.03731436004171294,0.24279491072802023
2018-05-02,0.012208293774328593,53,0.039626642433562086,0.24776031702990736
2018-05-03,0.0024112140967225467,53,0.019079729854534065,0.24594980002440953
2018-05-04,0.0016985773760387795,52,0.016318085247089918,0.18139554770566585
2018-05-05,0.0,52,0.004109791472761326,0.053632445288774436
2018-05-06,0.0,52,0.0016985773760387795,0.04373643390629499
2018-05-07,0.27829260545785073,52,0.27829260545785073,0.29907091268839514
2018-05-08,0.01031865321467813,52,0.28861125867252885,0.3049293439195903
2018-05-09,0.0024459954056712096,52,0.29105725407820005,0.2951670455509329
2018-05-10,0.0024459954056712096,52,0.01521064402602055,0.29520182685988167
2018-05-11,0.004891990811342419,52,0.009783981622684838,0.29839524029518527
2018-05-12,0.0,52,0.007337986217013629,0.29839524029518527
2018-05-13,0.0746307496292398,52,0.07952274044058222,0.37302598992442504
2018-05-14,0.0016985773760387795,52,0.07632932700527857,0.09643196184261311
2018-05-15,0.054701559804708984,52,0.13103088680998756,0.14081486843264396
2018-05-16,0.14912107218975718,52,0.20552120937050494,0.28748994521672994
2018-05-17,0.06310688038190082,52,0.266929512376367,0.34815083019295956
2018-05-18,0.5815679738939987,52,0.7937959264656567,0.9248268132756159
2018-05-19,8.907927623958058,52,9.552602478233958,9.832754437233673
2018-05-20,0.8794497229019379,52,10.368945320753996,10.637573410506372
2018-05-21,0.3119942855234805,52,10.099371632383477,10.947869118653813
2018-05-22,0.19759364056233975,51,1.3890376489877583,11.090761199411443
2018-05-23,0.05937887619093018,52,0.5689668022767504,11.001019003412615
2018-05-24,0.02101473302596572,52,0.27798724977923567,10.958926856056681
2018-05-25,0.005017777462895296,52,0.0854113866797912,10.382376659625578
2018-05-26,0.002508888731447648,52,0.028541399220308662,1.4769579243989686
2018-05-27,0.003763333097171473,52,0.011289999291514417,0.6012715345942021
2018-05-28,0.0049628902710691005,52,0.011235112099688221,0.2942401393417907
2018-05-29,0.004308265622630385,52,0.013034488990870959,0.10095476440208138
2018-05-30,0.004140774585636014,52,0.0134119304793355,0.04571666279678722
2018-05-31,0.0013351960908526063,44,0.009784236299119006,0.0260371258616741
2018-06-01,0.0,49,0.0054759706764886205,0.021019348398778805
2018-06-02,0.0,49,0.0013351960908526063,0.018510459667331156
2018-06-03,0.9780019772478388,51,0.9780019772478388,0.9927491038179984
2018-06-04,0.12662896690091263,49,1.1046309441487514,1.114415180447842
2018-06-05,0.07486113094253331,49,1.1794920750912847,1.184968045767745
2018-06-06,0.13281930543809686,48,0.3343094032815428,1.3136465766202057
2018-06-07,2.6454152128397945,50,2.8530956492204247,3.9577265933691477
2018-06-08,1.015994125851302,50,3.794228644129194,4.97372071922045
2018-06-09,0.2184644540540906,48,3.879873792745187,5.192185173274541
2018-06-10,0.0465971834542272,48,1.2810557633596198,4.260780379480929
2018-06-11,0.003965537445073075,47,0.26902717495339085,4.138116950025089
2018-06-12,0.01316271544931781,47,0.06372543634861808,4.076418534531873
2018-06-13,6.257403480013006,50,6.2745317329073975,10.201002709106783
2018-06-14,1.3365725679920264,50,7.60713876345435,8.892160064259015
2018-06-15,1.1592204536835244,50,8.753196501688556,9.035386392091237
2018-06-16,1.0025499174533061,50,3.498342939128857,9.819471855490452
2018-06-17,0.06823733084579335,48,2.2300077019826237,9.841112002882019
2018-06-18,0.04473895162876499,48,1.1155261999278645,9.88188541706571
2018-06-19,0.052382255488822416,47,0.16535853796338076,9.921104957105216
2018-06-20,0.09984545920869439,48,0.1969666663262818,3.7635469363009038
2018-06-21,0.48269052625982356,49,0.6349182409573404,2.9096648945687007
2018-06-22,0.19613580028047586,48,0.7786717857489938,1.9465802411656523
2018-06-23,0.2556891842414547,48,0.9345155107817541,1.1997195079538008
2018-06-24,0.00400077471289737,47,0.45582575923482793,1.1354829518209049
2018-06-25,0.001380774915461134,44,0.2610707338698132,1.092124775107601
2018-06-26,0.0,46,0.0053815496283585035,1.0397425196187786
2018-06-27,0.035165007501781385,47,0.03654578241724252,0.9750620679118656
2018-06-28,0.0,45,0.035165007501781385,0.49237154165204206
2018-06-29,0.0,45,0.035165007501781385,0.29623574137156616
2018-06-30,0.0,45,0.0,0.04054655713011147
2018-07-01,0.0,48,0.0,0.036545782417214095
2018-07-02,0.0010830372065903687,48,0.0010830372065903687,0.036248044708343335
2018-07-03,0.005900963566290274,48,0.006984000772880642,0.04214900827463361
2018-07-04,0.0017214383763597592,46,0.008705439149240402,0.00870543914921198
2018-07-05,0.07792452701417703,48,0.08554692895682706,0.08662996616338901
2018-07-06,0.0,47,0.07964596539053678,0.08662996616338901
2018-07-07,0.0,47,0.07792452701417703,0.08662996616338901
2018-07-08,0.0,47,0.0,0.08662996616338901
2018-07-09,0.013818045283209146,47,0.013818045283209146,0.0993649742400078
2018-07-10,0.02198998030229856,48,0.035808025585507705,0.11545399097601608
2018-07-11,0.06595476260503534,46,0.10176278819054305,0.17968731520469167
2018-07-12,0.0,45,0.0879447429073339,0.10176278819051462
2018-07-13,0.0,45,0.06595476260503534,0.10176278819051462
2018-07-14,0.0,45,0.0,0.10176278819051462
2018-07-15,0.0,45,0.0,0.10176278819051462
2018-07-16,0.0,45,0.0,0.08794474290730547
2018-07-17,0.0,45,0.0,0.06595476260500692
2018-07-18,0.0,45,0.0,0.0
2018-07-19,0.0016470467449251666,45,0.0016470467449251666,0.0016470467448967449
2018-07-20,0.0,45,0.0016470467449251666,0.0016470467448967449
2018-07-21,0.0,45,0.0016470467449251666,0.0016470467448967449
2018-07-22,0.043184375773776464,45,0.043184375773776464,0.04483142251867321
2018-07-23,0.001111663130340308,45,0.04429603890411677,0.04594308564901352
2018-07-24,0.0,45,0.04429603890411677,0.04594308564901352
2018-07-25,0.0,43,0.001111663130340308,0.04594308564901352
2018-07-26,0.0,43,0.0,0.04429603890408835
2018-07-27,0.0,44,0.0,0.04429603890408835
2018-07-28,0.0,44,0.0,0.04429603890408835
2018-07-29,0.0,43,0.0,0.0011116631303118862
2018-07-30,0.007096671638269592,43,0.007096671638269592,0.0070966716382411706
2018-07-31,14.956474498156297,43,14.963571169794566,14.963571169794537
2018-08-01,3.962227834029071,38,18.925799003823638,18.92579900382361
2018-08-02,2.6492474567398414,38,21.56794978892521,21.57504646056345
2018-08-03,10.746829768317161,41,17.358305059086074,32.32187622888061
2018-08-04,5.2219746990508,31,18.618051924107803,37.54385092793141
2018-08-05,2.121723882409417,23,18.09052834977738,39.66557481034083
2018-08-06,7.99742129519571,40,15.341119876655927,47.65589943389826
2018-08-07,2.1075585949985793,25,12.226703772603706,34.80698353074055
2018-08-08,2.4956236451330986,22,12.600603535327387,33.34037934184458
2018-08-09,1.6441220425120413,32,6.24730428264372,32.33525392761678
2018-08-10,0.6396592992134553,20,4.779404986858595,22.228083458513073
2018-08-11,0.504573097421783,19,2.7883544391472794,17.510681856884055
2018-08-12,0.705522689888207,19,1.8497550865234453,16.094480664362845
2018-08-13,0.24233198951610851,18,1.4524277768260985,8.339391358683244
2018-08-14,0.1405571570335994,18,1.088411836437915,6.372389920718264
2018-08-15,0.1267776033644225,15,0.5096667499141304,4.003543878949588
2018-08-16,0.6339764391567186,22,0.9013111995547405,2.993398275594266
2018-08-17,0.20079167246965277,18,0.9615457149907939,2.5545306488504633
2018-08-18,0.12317229055900167,17,0.957940402185373,2.173129841987682
2018-08-19,0.0862738796630529,15,0.4102378426917073,1.553881031762528
2018-08-20,0.04445286595971821,15,0.2538990361817728,1.3560019082061376
2018-08-21,0.02889329044200768,15,0.1596200360647788,1.244338041614546
2018-08-22,0.023744997387970656,15,0.09709115378969654,1.141305435638094
2018-08-23,0.05599929563010393,18,0.10863758346008226,0.5633282921114794
2018-08-24,0.10302184924484392,23,0.18276614226291849,0.4655584688866705
2018-08-25,7.240914550974422,59,7.399935695849369,7.58330072930209
2018-08-26,0.731250077690693,44,8.075186477909957,8.22827692732973
2018-08-27,0.05347667012472604,35,8.025641298789841,8.237300731494738
2018-08-28,0.08126480817225797,37,0.865991555987677,8.289672249224989
2018-08-29,0.013860980614050375,37,0.14860245891103438,8.279788232451068
2018-08-30,0.02027330212079669,37,0.11539909090710503,8.244062238941762
2018-08-31,0.009610633373522871,37,0.04374491610836993,8.15065102307044
2018-09-01,0.0,13,0.029883935494319558,0.9097364720960185
2018-09-02,0.158611296034598,14,0.16822192940812086,0.33709769043992355
2018-09-03,1.1359545573553969,31,1.2945658533899949,1.4195755776705945
2018-09-04,11.158570531992405,59,12.4531363853824,12.496881301490742
2018-09-05,3.702775136127702,38,15.997300225475504,16.185795457004396
2018-09-06,0.6542758206995001,18,15.515621488819606,16.819797975583096
2018-09-07,0.14027896611450585,13,4.497329922941708,16.950466308324078
2018-09-08,0.12136852764564124,13,0.9159233144596471,17.07183483596972
2018-09-09,0.030808621222462175,13,0.29245611498260926,16.944032161157587
2018-09-10,0.0,13,0.1521771488681034,15.808077603802188
2018-09-11,0.010445643289690698,14,0.041254264512152874,4.6599527150994735
2018-09-12,0.045482499571157416,15,0.055928142860848115,1.002660078542929
2018-09-13,0.0,12,0.055928142860848115,0.34838425784342897
2018-09-14,18.51571296896686,65,18.561195468538017,18.723818260695783
2018-09-15,5.920365057336825,36,24.436078026303683,24.522814790386967
2018-09-16,3.677793572156946,17,28.11387159846063,28.16979974132145
2018-09-17,3.719412531417701,54,13.317571160911474,31.889212272739154
2018-09-18,3.9433180016181577,15,11.340524105192806,35.82208463106762
2018-09-19,0.9251387357048607,13,8.58786926874072,36.70174086720132
2018-09-20,9.12500679353658,48,13.993463530859598,45.8267476607379
2018-09-21,5.694427567179805,53,15.744573096421245,33.00546225895084
2018-09-22,0.2570676411258213,15,15.076502001842206,27.342164842739844
2018-09-23,0.16126199479000955,13,6.112757203095636,23.825633265372907
2018-09-24,0.1472071782641767,11,0.5655368141800076,20.25342791221938
2018-09-25,0.09716405419337004,13,0.4056332272475563,16.407273964794594
2018-09-26,0.06402346132736428,12,0.308394693784911,15.546158690417098
2018-09-27,6.746421361424859,54,6.907608876945593,13.167573258305378
2018-09-28,2.774663627306927,26,9.58510845005915,10.2478093184325
2018-09-29,0.5797179722674755,22,10.10080296099926,10.570459649574154
2018-09-30,18.239288998593057,60,21.59367059816746,28.648486653377205
2018-10-01,13.818525892321386,34,32.63753286318192,42.31980536743441
2018-10-02,5.174953316304793,16,37.23276820721924,47.39759462954583
2018-10-03,1.0292871139632636,13,20.022766322589444,48.36285828218173
2018-10-04,0.39649330885272693,13,6.600733739120784,42.012930229609594
2018-10-05,0.3024269758803851,12,1.7282073986963755,39.54069357818306
2018-10-06,1.2027728312314234,20,1.9016931159645354,40.16374843714701
2018-10-07,1.4051376137610938,26,2.910337420872902,23.329597052315044
2018-10-08,2.534739282796127,46,5.142649727788644,12.045810442789785
2018-10-09,10.91878006984545,59,14.85865696640267,17.789637196330442
2018-10-10,1.7274582717519502,17,15.180977624393527,18.487808354119128
2018-10-11,1.507793154234691,29,14.15403149583209,19.599108199501092
2018-10-12,0.31406748820763525,12,3.5493189141942745,19.610748711828343
2018-10-13,7.5718546385498335,44,9.393715280992158,25.979830519146756
2018-10-14,3.4122748486931616,25,11.298196975450628,27.986967754078822
2018-10-15,12.809320272647742,61,23.793449759890734,38.26154874393043
2018-10-16,1.5007901684531328,24,17.722385289794033,28.84355884253812
2018-10-17,14.533073673630534,36,28.843184114731407,41.6491742444167
2018-10-18,9.42254958766783,61,25.456413429751493,49.56393067784984
2018-10-19,3.0828763681444897,38,27.038499629442853,52.332739557786695
2018-10-20,3.2847920784253515,27,15.790218034237668,48.04567699766221
2018-10-21,0.08300134766814879,11,6.450669794237988,44.7164034966372
2018-10-22,,0,,
2018-10-23,0.04076538534202698,10,,
2018-10-24,10.920978747846453,61,,
2018-10-25,6.107220102556821,58,17.068964235745298,
2018-10-26,1.9758425805508104,25,19.004041430954082,
2018-10-27,6.8201815855168615,49,14.90324426862449,
2018-10-28,2.338905580491095,35,11.134929746558766,
2018-10-29,0.5937249097578896,12,9.752812075765844,28.79761889206193
2018-10-30,0.10879427553786436,11,3.0414247657868474,28.865647782257767
2018-10-31,3.5588919479261283,30,4.2614111332218805,21.50356098233744
2018-11-01,2.026157728212302,20,5.693843951676293,17.42249860799292
2018-11-02,0.2418745674941579,16,5.826924243632587,15.688530594936271
2018-11-03,2.2918403085310977,21,4.559872604237556,11.160189317950508
2018-11-04,0.12339817044344,15,2.657113046468694,8.94468190790285
2018-11-05,0.16921427641087966,18,2.5844527553854153,8.520171274555842
2018-11-06,0.08977863951609515,16,0.382391086370413,8.501155638534073
2018-11-07,1.9462017526528188,27,2.205194668579792,6.888465443260762
2018-11-08,3.532951162042894,46,5.568931554211806,8.395258877091354
2018-11-09,0.9848819193061931,22,6.464034834001904,9.13826622890339
2018-11-10,6.1707112828522,37,10.688544364201285,13.017137203224493
2018-11-11,0.34660304933449043,16,7.502196251492881,13.240342082115543
2018-11-12,0.20735116621964578,16,6.724665498406334,13.27847897192431
2018-11-13,0.3265860583587847,16,0.8805402739129191,13.515286390766999
2018-11-14,0.7099461254355641,15,1.2438833500139928,12.279030763549743
2018-11-15,5.850417755770392,27,6.886949939564739,14.596497357277244
2018-11-16,1.6174133248068225,16,8.177777206012777,15.229028762777872
2018-11-17,0.6243068740258086,14,8.092137954603022,9.682624353951482
2018-11-18,3.739767555039138,31,5.981487753871767,13.075788859656127
2018-11-19,28.35823675003881,64,32.722311179103755,41.22667444347529
2018-11-20,4.719725158383593,26,36.817729463461546,45.6198135435001
2018-11-21,2.343992867143864,21,35.42195477556626,47.2538602852084
2018-11-22,3.657576144528119,31,10.721294170055575,45.061018673966124
2018-11-23,8.34942541139565,43,14.350994423067633,51.793030760554956
2018-11-24,11.374744119609433,62,23.381745675533203,62.543468006138575
2018-11-25,6.194596315139683,49,25.918765846144765,64.99829676623912
2018-11-26,0.9044051503544316,18,18.473745585103547,37.54446516655475
2018-11-27,0.49185542198344445,14,7.590856887477559,33.31659543015461
2018-11-28,0.15260382870676803,13,1.5488644010446442,31.125206391717505
2018-11-29,8.411982708897108,39,9.056441959587321,35.87961295608649
2018-11-30,11.635838406645748,52,20.200424944249626,39.16602595133659
2018-12-01,41.573212877852455,57,61.621033993395315,69.36449470957962
2018-12-02,11.238293453972156,30,64.44734473847036,74.40819184841209
2018-12-03,5.174230698670924,36,57.985737030495535,78.67801739672858
2018-12-04,4.0908624013587875,21,20.503386554001867,82.27702437610392
2018-12-05,0.9943694524053195,19,10.259462552435032,83.11878999980249
2018-12-06,0.7433548840139038,18,5.828586737778011,75.45016217491927
2018-12-07,0.5403905144189992,17,2.2781148508382225,64.35471428269253
2018-12-08,1.0876306231625408,25,2.371376021595444,23.86913202800261
2018-12-09,0.3492997215357447,14,1.9773208591172846,12.9801382955662
2018-12-10,0.6053595971535777,16,2.0422899418518634,8.411267194048852
2018-12-11,0.2095763259975738,14,1.1642356446868962,4.529981118687639
2018-12-12,5.290494105330188,24,6.105430028481339,8.826105771612507
2018-12-13,8.522840260080782,48,14.022910691408544,16.605591147679384
2018-12-14,6.309208022676791,28,20.122542388087762,22.374408655937177
2018-12-15,5.0782243220034875,25,19.91027260476106,26.365002354778124
2018-12-16,2.938747467240669,25,14.326179811920948,28.954450100483047
2018-12-17,3.7174832863361837,24,11.734455075580339,32.066573789665654
2018-12-18,9.332604894666996,51,15.98883564824385,41.18960235833508
2018-12-19,7.890786826941982,44,20.940875007945163,43.789895079946874
2018-12-20,3.044581687573809,21,20.26797340918279,38.31163650743989
2018-12-21,0.428299587608869,17,11.36366810212466,32.43072807237197
2018-12-22,4.319116449390987,32,7.7919977245736645,31.671620199759474
2018-12-23,11.851007174870535,51,16.59842321187039,40.583879907389345
2018-12-24,8.013272312385666,58,24.183395936647187,44.87966893343882
2018-12-25,1.9712002720972066,26,21.835479759353408,37.51826431086903
2018-12-26,1.3111576228945443,18,11.295630207377418,30.938635106821597
2018-12-27,0.7151690511387058,18,3.997526946130457,28.60922247038649
2018-12-28,7.94747313636899,34,9.973799810402241,36.128396019146614
2018-12-29,1.3006175835913374,17,9.963259771099032,33.109897153346964
2018-12-30,0.22070411980207003,14,9.468794839762397,21.4795940982785
2018-12-31,0.3719205944656895,12,1.8932422978590968,13.838242380358523
2019-01-01,15.379228927521314,29,15.971853641789075,27.24627103578263
2019-01-02,8.237452709256884,23,23.98860223124389,34.17256612214497
2019-01-03,8.086953820685055,31,31.703635457463257,41.544350891691316
2019-01-04,15.283939584742399,54,31.608346114684338,48.88081734006473
2019-01-05,15.884970882533848,56,39.2558642879613,63.46517063900724
2019-01-06,19.047536528780004,55,50.21644699605625,82.29200304798516
2019-01-07,8.11719948359567,26,43.04970689490952,90.03728193711515
2019-01-08,10.478119380502669,34,37.642855392878346,85.1361723900965
2019-01-09,7.332757573599366,20,25.928076437697705,84.23147725443899
2019-01-10,5.892139292845555,21,23.70301624694759,82.03666272659949
2019-01-11,10.60084428689897,40,23.82574115334389,77.35356742875607
2019-01-12,2.3031820699234253,19,18.79616564966795,63.77177861614563
2019-01-13,7.527544586998897,22,20.431570943821292,52.25178667436453
2019-01-14,8.370402712664497,23,18.20112936958682,52.504989903433355
2019-01-15,3.438312398836384,18,19.33625969849978,45.465182921767074
2019-01-16,5.0265975037099455,26,16.835312615210825,43.15902285187765
2019-01-17,13.151180361162389,28,21.61609026370872,50.418063920194484
2019-01-18,7.276599670055384,25,25.45437753492772,47.0938193033509
2019-01-19,4.544128844262097,17,24.97190887547987,49.33476607768957
2019-01-20,5.93375956566744,27,17.75448807998492,47.740981056358116
2019-01-21,1.6257622505007976,16,12.103650660430336,40.99634059419442
2019-01-22,6.846416930984557,20,14.405938747152796,44.40444512634259
2019-01-23,7.726886623820207,19,16.199065805305562,47.10473424645285
2019-01-24,10.591861876102202,31,25.165165430906967,44.54541576139266
2019-01-25,18.809346687656124,55,37.12809518757854,56.0781627789934
2019-01-26,9.724443656722014,42,39.12565222048034,61.25847759145332
2019-01-27,6.316572627814156,21,34.85036297219229,61.64129065360004
2019-01-28,3.3700571582409578,18,19.411073442777127,63.38558556134019
2019-01-29,6.455578417040453,19,16.142208203095567,62.994747047396096
2019-01-30,20.922404731553453,17,30.748040306834863,76.19026515512934
2019-01-31,6.721653211191764,15,34.09963635978567,72.3200564902189
2019-02-01,0.7132779924627562,13,28.357335935207974,54.22398779502553
2019-02-02,0.16984502539757784,12,7.604776229052098,44.6693891637011
2019-02-03,11.192808072265784,13,12.075931090126119,49.54562460815272
2019-02-04,39.06292231135919,56,50.42557540902255,85.23848976127096
2019-02-05,8.460619263614587,23,58.71634964723956,87.24353060784509
2019-02-06,26.609184730508034,55,74.13272630548181,92.93031060679967
2019-02-07,10.530723878502043,22,45.60052787262467,96.73938127410995
2019-02-08,,0,,
2019-02-09,2.43880933539601,16,,
2019-02-10,1.0493194222289615,15,,
2019-02-11,0.4905910212401758,14,3.9787197788651474,
2019-02-12,3.477083729541816,17,5.0169941730109535,
2019-02-13,7.651456960679314,27,11.619131711461307,
2019-02-14,0.4928495059956681,13,11.621390196216797,
2019-02-15,9.916341864180646,17,18.060648330855628,25.516451839262572
2019-02-16,31.65593036694171,52,42.06512173711802,54.733572870808274
2019-02-17,11.83961665500805,29,53.41188888613041,65.52387010358737
2019-02-18,11.899357684247216,21,55.394904706196975,76.9326367665944
2019-02-19,8.283510849508486,19,32.02248518876375,81.73906388656107
2019-02-20,3.281374837078356,17,23.46424337083406,77.36898176296012
2019-02-21,23.243235481921854,38,34.8081211685087,100.1193677388863
2019-02-22,13.049570957575643,28,39.57418127657585,103.2525968322813
2019-02-23,2.9734645221092078,13,39.26627096160671,74.57013098744879
2019-02-24,3.261320341673968,13,19.28435582135882,65.99183467411471
2019-02-25,2.277733940934563,17,8.51251880471774,56.37021093080206
2019-02-26,25.653842287258787,51,31.19289656986732,73.74054236855235
2019-02-27,8.648807089268498,23,36.58038331746185,79.1079746207425
2019-02-28,16.34045314261302,46,50.64310251914031,72.20519228143367
2019-03-01,7.935118503716657,52,32.924378735598175,67.09073982757468
2019-03-02,13.823209036785247,41,38.098780683114924,77.94048434225071
2019-03-03,14.674339051767566,45,36.43266659226947,89.35350305234432
2019-03-04,10.517677969190878,32,39.01522605774369,97.59344708060063
2019-03-05,9.776429839315186,38,34.96844686027363,81.71603463265703
2019-03-06,13.115707435390418,45,33.40981524389648,86.18293497877895
2019-03-07,12.761527834859825,43,35.65366510956543,82.60400967102576
2019-03-08,13.948652377640258,22,39.825887647890504,88.61754354494936
2019-03-09,6.129091409088835,27,32.83927162158892,80.92342591725294
2019-03-10,14.316836323696721,38,34.394580110425814,80.5659231891821
2019-03-11,34.44652284833561,57,54.89245058112117,104.49476806832683
2019-03-12,14.56820592604868,35,63.331565098081015,109.28654415506033
2019-03-13,3.2713196383587326,24,52.28604841274302,99.44215635802864
2019-03-14,3.8857935156428116,30,21.725319080050223,90.56642203881162
2019-03-15,5.075838987183381,43,12.232952141184926,81.69360864835475
2019-03-16,3.1477458278863546,26,12.109378330712548,78.71226306715226
2019-03-17,9.912931539783896,41,18.136516354853633,74.30835828323944
2019-03-18,3.861687845229029,23,16.92236521289928,43.723523280132866
2019-03-19,5.339840295683105,33,19.11445968069603,34.495157649767286
2019-03-20,7.344081382662519,36,16.54560952357465,38.567919394071076
2019-03-21,6.111715404283957,44,18.79563708262958,40.79384128271222
2019-03-22,1.0203634326455664,17,14.476160219592039,36.73836572817441
2019-03-23,1.3287790204796137,19,8.460857857409135,34.91939892076767
2019-03-24,1.5577583026458466,19,3.9069007557710247,26.564225683629616
2019-03-25,0.6607558245473918,17,3.5472931476728506,23.363293662947978
2019-03-26,0.31734756438912354,16,2.53586169158236,18.340800931653995
2019-03-27,0.3745985072538126,17,1.352701896190326,11.37131805624529
2019-03-28,2.3675075529599687,25,3.059453624602903,7.627110204921302
2019-03-29,0.18073814438775512,15,2.9228442046015344,6.787484916663491
2019-03-30,0.21810768724114746,14,2.7663533845888697,5.676813583425025
2019-03-31,0.09824800048707706,15,0.49709383211597785,4.217303281266255
2019-04-01,0.00865273259079062,10,0.3250084203190134,3.5652001893096537
2019-04-02,0.0,11,0.1069007330778659,3.2478526249205304
2019-04-03,1.5739614525914971,10,1.582614185182286,4.447215570258215
2019-04-04,9.461810483718487,11,11.035771936309983,11.541518501016734
2019-04-05,0.015171676360566726,10,11.05094361267055,11.375952032989545
2019-04-06,15.575349298950611,42,25.052331459029663,26.733193644699007
2019-04-07,7.968175569208848,39,23.558696544520025,34.60312121342078
2019-04-08,21.29890397738722,55,44.84242884554668,55.89337245821721
2019-04-09,13.607478272377831,55,42.8745578189739,69.50085073059503
2019-04-10,8.353624687003668,45,43.26000693676872,76.28051396500722
2019-04-11,7.303016577883094,20,29.26411953726459,74.12172005917182
2019-04-12,4.748756074703651,16,20.40539733959041,78.8553044575149
2019-04-13,6.219006951308179,16,18.270779603894923,69.49896210987247
2019-04-14,9.652392973263987,46,20.620155999275816,71.18317951392761
2019-04-15,5.372548549400708,15,21.24394847397288,55.2568240859411
2019-04-16,1.3496511420456092,14,16.374592664710306,42.998996955608874
2019-04-17,1.1367931328904994,15,7.858992824336818,35.78216540149571
2019-04-18,0.49097881019502554,12,2.977423085131136,28.970127633807643
2019-04-19,1.108658726641526,14,2.736430669727053,25.330030285745515
2019-04-20,0.30829046951968053,12,1.9079280063562338,19.419313803957017
2019-04-21,0.4387406822187766,12,1.8556898783799851,10.205661512911805
2019-04-22,0.7131021511727571,12,1.460133302911216,5.546215114683854
2019-04-23,0.17550569125002743,11,1.327348524641563,4.372069663888272
2019-04-24,0.19210846038980642,11,1.0807163028125928,3.4273849913875782
2019-04-25,2.3599837260052343,12,2.72759787764507,5.296389907197787
2019-04-26,5.193311000997114,18,7.7454031873921565,9.381042181553376
2019-04-27,9.484365007850403,13,17.037659734852753,18.5571167198841
2019-04-28,13.768993454414021,40,28.44666946326154,31.887369492079344
2019-04-29,7.221935380213237,24,30.47529384247766,38.39620272111982
2019-04-30,5.461376552863612,14,26.452305387490874,43.68207358273341
2019-05-01,0.35824112887283316,25,13.041553061949685,43.84820625121643
2019-05-02,0.17385094846975693,24,5.993468630206204,41.662073473680955
2019-05-03,0.12399323544595037,23,0.6560853127885422,36.59275570812979
2019-05-04,0.13572102471323166,23,0.43356520862894077,27.24411172499262
2019-05-05,4.760791491172584,28,5.0205057513317675,18.235909761751184
2019-05-06,0.6404444446142301,27,5.5369569605000475,11.654418826152178
2019-05-07,1.9229226185287576,35,7.324158554315574,8.115964891817322
2019-05-08,0.18665355626396168,24,2.750020619406951,7.944377319208451
2019-05-09,0.055632918456718305,22,2.1652090932494397,7.826159289195413
2019-05-10,0.039997093419965005,22,0.28228356814064676,7.7421631471694266
2019-05-11,2.946300083291846,27,3.0419300951685306,10.552742205748041
2019-05-12,2.0528934496232805,31,5.039190626335094,7.844844164198737
2019-05-13,0.16754452309427967,24,5.166738056009408,7.3719442426787865
2019-05-14,4.456904949680365,42,6.677342922397927,9.905926573830396
2019-05-15,3.783452414370129,40,8.407901887144774,13.502725431936561
2019-05-16,6.753729826307856,55,14.994087190358353,20.2008223397877
2019-05-17,2.1910399974685872,39,12.728222238146573,22.35186524383632
2019-05-18,7.448895921020911,53,16.393665744797353,26.854461081565386
2019-05-19,6.650354263294737,43,16.290290181784236,31.451921895236843
2019-05-20,1.9128882828259268,30,16.012138467141575,33.19726565496849
2019-05-21,0.47984112485641806,24,9.043083670977083,29.220201830144546
2019-05-22,0.3950925910829205,24,2.787821998765267,25.831842006857336
2019-05-23,0.2824050655971454,24,1.1573387815364857,19.360517246146625
2019-05-24,0.7996296000191246,33,1.4771272566991924,17.969106848697166
2019-05-25,0.14621840513373455,24,1.2282530707500066,10.666429332809987
2019-05-26,0.07550380031969049,23,1.0213518054725514,4.091578869834939
2019-05-27,0.11088441623955124,21,0.33260662169297806,2.2895750032485633
2019-05-28,1.1062674180429852,23,1.2926556346022287,2.9160012964351307
2019-05-29,10.969336381084172,54,12.18648821536671,13.490245086436383
2019-05-30,1.527059663823293,25,13.602663462950451,14.73489968466253
2019-05-31,1.6731291555605208,28,14.169525200467987,15.608399240203926
2019-06-01,7.547310193571385,52,10.7474990129552,23.009491028641577
2019-06-02,9.500954007588819,52,18.721393356720725,32.434941235910706
2019-06-03,9.669023516329617,52,26.717287717489825,41.99308033600077
2019-06-04,3.9982373823474915,50,23.16821490626593,44.88505030030528
2019-06-05,2.707753234907937,46,16.375014133585047,36.62346715412904
2019-06-06,0.6565558380220786,28,7.362546455277509,35.75296332832782
2019-06-07,0.5133574567029671,28,3.877666529632984,34.593191629470276
2019-06-08,0.8419035776037801,29,2.0118168723288274,27.88778501350267
2019-06-09,0.35774570664591615,28,1.713006740952665,18.744576712559763
2019-06-10,0.2358340142290098,27,1.4354832984787078,9.31138721045916
2019-06-11,0.2781194991296339,25,0.8716992200045617,5.591269327241301
2019-06-12,0.2807023652564331,25,0.7946558786150786,3.1642184575897976
2019-06-13,0.25117441355004266,25,0.8099962779361114,2.758837033117761
2019-06-14,0.18705873263835962,26,0.7189355114448372,2.4325383090531543
2019-06-15,0.24578555268559452,26,0.6840186988739986,1.8364202841349686
2019-06-16,0.09321975793515311,25,0.526064043259109,1.5718943354242054
2019-06-17,0.07081085327544362,25,0.409816163896193,1.4068711744706393
2019-06-18,0.07214505625640494,27,0.23617566746700344,1.2008967315974104
2019-06-19,0.06328670731290523,25,0.20624261684475556,0.9834810736538824
2019-06-20,0.07407065607314527,25,0.2095024196424572,0.806377316176985
2019-06-21,0.42582652433225715,24,0.5631838877183094,1.0451451078708824
2019-06-22,0.5314638228183571,25,1.0313610032237612,1.3308233780036451
2019-06-23,1.3585806873718351,24,2.315871034522451,2.5961843074403275
2019-06-24,0.004788461762686869,25,1.894832971952881,2.530161915927571
2019-06-25,0.005894461689339355,27,1.3692636108238632,2.463911321360505
2019-06-26,0.021539882983141495,29,0.0322228064351695,2.422164497030741
2019-06-27,0.15439408872375326,29,0.1818284333962359,2.502487929681349
2019-06-28,0.0,29,0.17593397170689654,2.0766614053490917
2019-06-29,0.0,28,0.15439408872375504,1.5451975825307347
2019-06-30,0.0,29,0.0,0.18661689515889968
2019-07-01,0.0,35,0.0,0.1818284333962128
2019-07-02,0.0,34,0.0,0.17593397170687344
2019-07-03,0.0,34,0.0,0.15439408872373195
2019-07-04,34.72150186392973,55,34.72150186392973,34.72150186392971
2019-07-05,32.25412783171143,55,66.97562969564116,66.97562969564115
2019-07-06,6.7953946174943445,51,73.7710243131355,73.77102431313548
2019-07-07,5.490774824876106,46,44.54029727408188,79.26179913801158
2019-07-08,2.8431083474605154,44,15.129277789830965,82.10490748547211
2019-07-09,2.2525090363252005,42,10.58639220866182,84.3574165217973
2019-07-10,2.050326689158981,40,7.1459440729446975,86.40774321095628
2019-07-11,1.2043291258306448,36,5.507164851314826,52.8905704728572
2019-07-12,0.5864412457533807,37,3.8410970607430066,21.22288388689915
2019-07-13,0.8251931273283828,37,2.615963498912408,15.252682396733189
2019-07-14,0.18702972771324225,35,1.5986641007950058,9.948937299570327
2019-07-15,0.0818636406373972,17,1.0940864956790222,7.187692592747208
2019-07-16,6.263235908758315,6,6.532129277108954,11.198419465180322
2019-07-17,,0,,
2019-07-18,,0,,
2019-07-19,,0,,
2019-07-20,,0,,
2019-07-21,,0,,
2019-07-22,,0,,
2019-07-23,,0,,
2019-07-24,,0,,
2019-07-25,,0,,
2019-07-26,,0,,
2019-07-27,,0,,
2019-07-28,,0,,
2019-07-29,,0,,
2019-07-30,0.7391622019358963,34,,
2019-07-31,0.2084090108099707,32,,
2019-08-01,0.019967160633915595,46,0.9675383733797827,
2019-08-02,0.22520324854722076,48,0.45357941999110707,
2019-08-03,1.293807466518729,47,1.5389778756998653,
2019-08-04,0.1600600403962347,44,1.6790707554621844,
2019-08-05,0.31270524417447776,46,1.7665727510894413,2.959314373016423
2019-08-06,0.011298538658674964,44,0.4840638232293874,2.231450709739202
2019-08-07,0.03739906151633797,45,0.36140284434949066,2.060440760445569
2019-08-08,0.0037009813140787533,47,0.052398581489091635,2.0441745811257324
2019-08-09,0.07369500307616482,46,0.11479504590658149,1.8926663356546762
2019-08-10,0.00384075682857181,43,0.08123674121881533,0.6026996259645194
2019-08-11,0.011671320986033322,45,0.0892070808907699,0.45431090655431805
2019-08-12,0.003764942253559136,45,0.019277020068164213,0.14537060463339946
2019-08-13,0.03990604039422014,46,0.05534230363381254,0.17397810636894462
2019-08-14,0.106938785569954,45,0.15060976821773323,0.24351783042256067
2019-08-15,0.04753702969683935,45,0.19438185566101343,0.28735387880532126
2019-08-16,0.00375946147386257,45,0.15823527674065588,0.217418337203019
2019-08-17,0.00375946147386257,45,0.055055952644564435,0.2173370418483098
2019-08-18,0.003696746220114903,46,0.011215669167839988,0.20936246708239137
2019-08-19,1.3001780582719145,46,1.307634265965892,1.5057755831007467
2019-08-20,0.33131028238485777,46,1.6351850868768871,1.7971798250913842
2019-08-21,0.16139683758695317,46,1.7928851782437254,1.8516378771083835
2019-08-22,0.06230263325265441,46,0.5550097532244653,1.8664034806641985
2019-08-23,0.09341916112433764,46,0.3171186319639452,1.9560631803146735
2019-08-24,0.53766916642156,46,0.693390960798552,2.4899728852623713
2019-08-25,0.015335686499118378,46,0.646424014045016,2.5016118255413744
2019-08-26,0.00375946147386257,45,0.5567643143945409,1.2051932287433227
2019-08-27,0.02274474191686855,45,0.04183988988984939,0.8966276882753336
2019-08-28,,0,,
2019-08-29,,0,,
2019-08-30,,0,,
2019-08-31,0.20152225747394611,45,,
2019-09-01,15.887917575368723,48,,
2019-09-02,10.747634346340092,47,26.837074179182764,
2019-09-03,5.437408825688286,45,32.072960747397104,
2019-09-04,2.8469954871258345,22,19.03203865915421,
2019-09-05,1.9520659010258359,23,10.236470213839956,
2019-09-06,3.4599995733149798,38,8.25906096146665,40.533543966337675
2019-09-07,2.969507249524721,26,8.381572723865537,43.30152895838845
2019-09-08,1.4268533796459495,14,7.85636020248565,28.84046476266568
2019-09-09,0.9232119071559048,11,5.319572536326575,19.01604232348149
2019-09-10,0.8431074174487585,11,3.193172704250613,14.421740915241962
2019-09-11,0.722093616738541,11,2.4884129413432046,12.296839044854668
2019-09-12,0.5375948799189897,10,2.1027959141062893,10.882368023747823
2019-09-13,0.3306166043940584,11,1.5903051010515892,7.752985054826902
2019-09-14,0.35033511920705035,11,1.2185466035200985,5.133812924509231
2019-09-15,0.19449846484497108,10,0.8754501884460798,3.9014580097082523
2019-09-16,0.01128369433614244,9,0.5561172783881638,2.98952979688849
2019-09-17,0.0,9,0.2057821591811135,2.1464223794397315
2019-09-18,0.0,10,0.01128369433614244,1.4243287627011907
2019-09-19,0.555785021936116,14,0.555785021936116,1.442518904718317
2019-09-20,0.43599217487162784,14,0.9917771968077438,1.5478944751958863
2019-09-21,2.454625827371967,32,3.446403024179711,3.6521851833608032
2019-09-22,0.3091447645144611,14,3.1997627667580555,3.7668314830302925
2019-09-23,0.17030229828294532,12,2.9340728901693733,3.9258500869770954
2019-09-24,0.3259803618172628,13,0.8054274246146692,4.251830448794358
2019-09-25,0.4509488224832865,16,0.9472314825834947,4.702779271277644
2019-09-26,1.8576024793311494,24,2.634531663631699,6.004596728672678
2019-09-27,0.012999593406651399,8,2.3215508952210877,5.5816041472077025
2019-09-28,0.023225236626051318,10,1.8938273093638522,3.1502035564617863
2019-09-29,2.994002737369838,10,3.030227567402541,5.835061529317164
2019-09-30,0.0,9,3.0172279739958894,5.664759231034218
2019-10-01,0.0038863272076918535,37,2.99788906457753,5.342665196424647
2019-10-02,0.0038863272076918535,37,0.007772654415383707,4.895602701149053
2019-10-03,0.0038863272076918535,37,0.01165898162307556,3.0418865490255946
2019-10-04,0.00396713346906375,35,0.011739787884447458,3.032854089088007
2019-10-05,0.00396713346906375,35,0.011820594145819353,3.0135959859310195
2019-10-06,0.01667075840721946,36,0.024605025345346962,0.036264006968400764
2019-10-07,4.2313265366486466,45,4.251964428524929,4.267590543617048
2019-10-08,3.8272171748266746,42,8.07521446988254,8.09092139123603
2019-10-09,9.75739048051613,6,17.815934191991452,17.844425544544467
2019-10-10,,0,,
2019-10-11,0.025316151378169616,33,,
2019-10-12,0.018656752585574664,35,,
2019-10-13,,0,,
2019-10-14,,0,,
2019-10-15,,1,,
2019-10-16,0.3338740588889845,36,,
2019-10-17,0.0745724273784379,35,,
2019-10-18,3.6686646494231,46,4.077111135690522,
2019-10-19,1.0751684150323366,39,4.818405491833874,
2019-10-20,0.20919680485071976,38,4.953029869306156,
2019-10-21,0.6768996739549679,38,1.9612648938380244,
2019-10-22,0.06506029934242417,36,0.9511567781481118,6.1034363288709494
2019-10-23,0.020133543182912477,36,0.7620935164803045,5.789695813164878
2019-10-24,0.0152917077608061,36,0.10048555028614276,5.730415093547246
2019-10-25,0.011568539021040198,36,0.046993789964758774,2.0733189831451857
2019-10-26,0.007843077302400133,36,0.03470332408424643,1.0059936454152494
2019-10-27,0.0039215386512000665,36,0.023333154974640398,0.8007183792157297
2019-10-28,11.541453613466935,47,11.553218229420535,11.665272318727697
2019-10-29,0.2920534082330429,38,11.837428560351178,11.892265427618316
2019-10-30,0.07485528893773928,34,11.908362310637717,11.946987173373142
2019-10-31,0.08117585007984138,36,0.4480845472506235,12.012871315692177
2019-11-01,0.0,10,0.15603113901758064,12.001302776671137
2019-11-02,0.0,10,0.08117585007984138,11.993459699368737
2019-11-03,,1,,
2019-11-04,,0,,
2019-11-05,,0,,
2019-11-06,,0,,
2019-11-07,,0,,
2019-11-08,,1,,
2019-11-09,1.1159007396372083,2,,
2019-11-10,0.9978410103089688,2,,
2019-11-11,1.2645378578108222,3,3.3782796077569994,
2019-11-12,0.39802105017434575,2,2.6603999182941367,
2019-11-13,3.5966998775367407,7,5.259258785521909,
2019-11-14,7.981647257081316,42,11.976368184792403,
2019-11-15,12.012141954834606,44,23.59048908945266,27.366789747383987
2019-11-16,3.731519574797392,17,23.725308786713313,29.98240858254417
2019-11-17,0.4222845670975738,9,16.16594609672957,29.406852139332777
2019-11-18,0.43582902988649963,8,4.589633171781464,28.578143311408454
2019-11-19,0.21856815254183054,8,1.0766817495259022,28.398690413775938
2019-11-20,0.13875224664671584,8,0.7931494290750443,24.940742782885913
2019-11-21,1.80489300718068,12,2.1622134063692244,18.763988532985277
2019-11-22,1.7212423598717845,14,3.6648876136991784,8.473088938022455
2019-11-23,2.0455900790605,15,5.571725446112962,6.787159442285563
2019-11-24,1.6098249794913388,24,5.376657418423622,7.9746998546793275
2019-11-25,0.5008097317919097,9,4.156224790343747,8.039680556584738
2019-11-26,1.1747294643459834,9,3.28536417562923,8.995841868388892
2019-11-27,13.140920572756414,38,14.816459768894305,21.99801019449859
2019-11-28,8.140368355631862,40,22.456018392734258,28.333485542949774
2019-11-29,4.243380631557993,14,25.52466955994627,30.85562381463598
2019-11-30,4.4071542634964525,20,16.790903250686306,33.21718799907193
2019-12-01,3.8608044480694392,17,12.511339343123883,35.468167467650034
2019-12-02,1.378704166519167,14,9.646662878085056,36.346061902377286
2019-12-03,1.0064031152736395,11,6.245911729862244,36.17773555330495
2019-12-04,2.151931589914665,14,4.53703887170747,25.188746570463195
2019-12-05,7.9186470046973865,35,11.07698170988569,24.96702521952872
2019-12-06,3.497685877841872,23,13.568264472453922,24.2213304658126
2019-12-07,0.1718050061992945,7,11.58813788873855,19.985981208515444
2019-12-08,0.16551417062660875,7,3.835005054667773,16.29069093107261
2019-12-09,8.552777780038813,27,8.890096956864713,23.464764544592256
2019-12-10,21.383152598172146,37,30.101444548837563,43.84151402749076
2019-12-11,8.835237560223783,37,38.771167938434736,50.52481999779988
2019-12-12,5.121293176942742,34,35.33968333533866,47.72746617004524
2019-12-13,5.49745353618512,20,19.453984273351637,49.727233828388485
2019-12-14,6.247435948275522,26,16.86618266140338,55.80286477046471
2019-12-15,3.676595129261807,11,15.421484613722441,59.31394572909991
2019-12-16,3.5435648563292292,11,13.467595933866551,54.30473280539032
2019-12-17,7.298396749046369,25,14.518556734637398,40.219976956264546
2019-12-18,3.8993237754658794,35,14.74128538084147,35.284063171506645
2019-12-19,2.5145183546476773,13,13.71223887915992,32.67728834921158
2019-12-20,2.1679809700941894,10,8.581823100207739,29.34781578312065
2019-12-21,0.5150140342265201,7,5.19751335896838,23.615393869071646
2019-12-22,0.5013110486695961,6,3.1843060529902987,20.440109788479436
2019-12-23,9.234690954848185,33,10.251016037744295,26.131235886998393
2019-12-24,3.3870479023118856,13,13.12304990582966,22.219887040263906
2019-12-25,2.917537084487127,10,15.53927594164719,21.238100349285155
2019-12-26,2.663337649366364,9,8.967922636165369,21.386919644003843
2019-12-27,0.5036134475022046,7,6.084488181355688,19.72255212141186
2019-12-28,0.3036797773382249,7,3.4706308742067864,19.511217864523562
2019-12-29,0.018318915233770272,6,0.8256121400741927,19.028225731087737
2019-12-30,0.0,6,0.32199869257198804,9.793534776239552
2019-12-31,0.7123557713972832,9,0.7306746866310464,7.118842645324949
2020-01-01,14.091320547619732,10,14.803676319017008,18.292626108457554
2020-01-02,17.24273273374042,32,32.046409052757426,32.87202119283161
2020-01-03,10.032667201548078,35,41.36672048290822,42.401074946877486
2020-01-04,4.140461035367078,15,31.415860970655572,46.23785620490634
2020-01-05,3.6318638490918445,14,17.804992086006994,49.851401138764416
2020-01-06,5.686686384988872,24,13.459011269447787,55.53808752375329
2020-01-07,2.4200767258205254,12,11.738626959901234,57.24580847817653
2020-01-08,20.20544527266805,32,28.31220838347744,63.35993320322485
2020-01-09,13.04176218469275,35,35.66728418318132,59.158962654177174
2020-01-10,3.6857439276857393,15,36.932951385046536,52.812039380314836
2020-01-11,5.4468682671776225,17,22.174374379556106,54.11844661212538
2020-01-12,9.13884557086785,21,18.271457765731206,59.62542833390139
2020-01-13,2.567689357449344,13,17.15340319549481,56.50643130636186
2020-01-14,1.8978774897387887,8,13.604412418055976,55.98423207028013
2020-01-15,1.7719550950237788,9,6.237521942211904,37.55074189263585
2020-01-16,3.0209358647317033,15,6.690768449494264,27.529915572674803
2020-01-17,9.675565649699632,32,14.468456609455107,33.519737294688696
2020-01-18,1.8877716918728302,11,14.584273206304157,29.960640719383903
2020-01-19,1.5746843338301433,10,13.138021675402598,22.396479482346194
2020-01-20,1.3622777224067268,10,4.8247337481096935,21.19106784730358
2020-01-21,1.177430595075655,9,4.114392651312518,20.470620952640445
2020-01-22,0.5945756505875751,8,3.13428396806995,19.29324150820424
2020-01-23,1.9392761751937069,21,3.7112824208569295,18.211581818666243
2020-01-24,3.5642051211576864,36,6.098056946938962,12.1002212901243
2020-01-25,0.9207747790103351,16,6.424256075361721,11.133224377261804
2020-01-26,0.11589122394911436,8,4.600871124117129,9.674431267380776
2020-01-27,0.19806229610346937,11,1.2347282990629118,8.510215841077517
2020-01-28,6.778727641551397,29,7.0926811616039735,14.111512887553259
2020-01-29,2.0545166557486674,12,9.031306593403526,15.57145389271435
2020-01-30,5.783244732136693,37,14.61648902943675,19.41542244965734
2020-01-31,0.03496828870420514,10,7.872729676589559,15.886185617203857
2020-02-01,26.75522509296243,39,32.57343811380332,41.720635931155954
2020-02-02,11.468216483291345,39,38.258409864957976,53.072961190498184
2020-02-03,23.21379437092205,52,61.437235947175814,76.08869326531675
2020-02-04,1.5489746933902586,15,36.230985547603645,70.85894031715561
2020-02-05,1.7316430509649736,13,26.494412115277278,70.53606671237193
2020-02-06,7.0464366051889185,22,10.327054349544143,71.79925858542416
2020-02-07,2.4022881443807402,18,11.180367800534626,74.1665784411007
2020-02-08,2.0876946160951255,16,11.536419365664777,49.499047964233384
2020-02-09,2.6447452831183025,19,7.134728043594161,40.675576764060345
2020-02-10,78.66523854491238,69,83.3976784441258,96.12702093805068
2020-02-11,7.127480313717255,50,88.43746414174794,101.70552655837767
2020-02-12,1.9176575323094704,20,87.71037639093909,101.89154103972217
2020-02-13,1.3630946780944213,13,10.408232524121132,96.20819911262767
2020-02-14,0.9855187588837488,15,4.266270969287627,94.79142972713068
2020-02-15,0.8436642152875636,13,3.1922776522657195,93.54739932632313
2020-02-16,0.87297223862086,14,2.7021552127921584,91.77562628182568
2020-02-17,3.7502164269516554,17,5.466852880860065,16.860604163864945
2020-02-18,3.878158675238999,16,8.5013473408115,13.61128252538669
2020-02-19,5.684371937509529,23,13.31274703970017,17.377996930586747
2020-02-20,1.459537404748954,11,11.02206801749747,17.474439657241284
2020-02-21,4.463810009987282,23,11.60771935224575,20.952730908344815
2020-02-22,0.704087588981715,13,6.627435003717937,20.813154282038965
2020-02-23,0.6136207091383734,10,5.781518308107356,20.55380275255648
2020-02-24,9.018852773922056,25,10.33656107204213,25.822439099526882
2020-02-25,4.814670098695445,22,14.44714358175586,26.758950522983326
2020-02-26,11.633271606774539,63,25.466794479392025,32.70785019224833
2020-02-27,30.585518322793785,57,47.033460028263754,61.83383111029316
2020-02-28,4.772343270808687,6,46.99113320037699,62.14236437111457
2020-02-29,1.5693737531858571,21,36.92723534678831,63.00765053531871
2020-03-01,1.2874426822060114,33,7.629159706200541,63.68147250838635
2020-03-02,9.257688430581641,65,12.114504865973496,63.92030816504594
2020-03-03,9.829739934519912,66,20.37487104730755,68.9353780008704
2020-03-04,1.2964248903197653,21,20.383853255421304,58.59853128441563
2020-03-05,0.6266408615982595,17,11.752805686437922,28.639653823220105
2020-03-06,0.46876027479247395,17,2.3918260267104845,24.33607082720389
2020-03-07,0.46171372596711274,16,1.557114862357832,23.22841079998515
2020-03-08,8.391381659638148,52,9.32185566039772,30.332349777417285
2020-03-09,1.79055220777267,18,10.643647593377915,22.865213554608317
2020-03-10,0.7369611464292337,17,10.918895013840038,13.772434766517636
2020-03-11,0.38997759013487393,16,2.9174909443367634,12.865987466332745
2020-03-12,0.29392995041936343,16,1.4208686869834568,12.533276555153849
2020-03-13,0.3052186298097303,13,0.9891261703639534,12.369734910171104
2020-03-14,0.201070793987921,14,0.8002193742170005,12.10909197819191
2020-03-15,4.563812971751718,22,5.070102395549355,8.281523290305483
2020-03-16,8.670140793290463,38,13.435024559030087,15.161111875823273
2020-03-17,8.401221439508111,66,21.63517520455028,22.82537216890215
2020-03-18,1.0354000323245445,17,18.10676226512311,23.470794611091822
2020-03-19,1.1284606958588372,22,10.56508216769148,24.305325356531295
2020-03-20,1.730160689228488,37,3.8940214174118575,25.730267415950053
2020-03-21,0.8107493044842614,37,3.6693706895715743,26.339945926446394
2020-03-22,3.1901025157004237,14,5.73101250941316,24.966235470395098
2020-03-23,1.226792393424557,14,5.22764421360923,17.522887070529194
2020-03-24,0.8800861155405125,14,5.296981024665481,10.001751746561595
2020-03-25,0.0,14,2.1068785089650572,8.966351714237051
2020-03-26,0.0,13,0.8800861155405001,7.8378910183782144
2020-03-27,0.0,13,0.0,6.107730329149726
2020-03-28,0.0,13,0.0,5.296981024665465
2020-03-29,17.786622285729184,60,17.786622285729173,19.893500794694226
2020-03-30,3.5348345366014837,25,21.321456822330653,22.201542937871153
2020-03-31,1.2894445869301847,16,22.610901409260837,22.610901409260823
2020-04-01,0.012912336983145926,66,4.8371914605148,22.623813746243968
2020-04-02,0.1815880157617252,66,1.4839449396750417,22.805401762005694
2020-04-03,1.8995763997799509,66,2.094076752524808,24.704978161785647
2020-04-04,0.006875701223915859,66,2.088040116765578,24.711853863009562
2020-04-05,0.013020891657906418,65,1.9194729926617589,6.938252468938284
2020-04-06,0.00536654228410834,66,0.025263135165916405,3.408784474620909
2020-04-07,1.950166524087485,66,1.9685539580294855,4.069506411778209
2020-04-08,0.4167565377451883,66,2.3722896041167676,4.473350612540251
2020-04-09,0.011404027252211199,65,2.3783270890848702,4.303166624030738
2020-04-10,0.028114021281086466,65,0.4562745862784717,2.4317042455318734
2020-04-11,0.0023625227967299556,65,0.04188057133001341,2.4271910671046872
2020-04-12,0.002372746088329544,64,0.03284929016613175,2.41654292153511
2020-04-13,0.003763542095251248,64,0.008498810980296537,2.4149399213462535
2020-04-14,0.020144644442889992,65,0.026280932626456574,0.48491804170165825
2020-04-15,0.0,65,0.02390818653812703,0.06816150395646998
2020-04-16,0.0023867655308090437,64,0.022531409973684826,0.059144242235067826
2020-04-17,0.0024020479391659304,63,0.004788813469960763,0.03343226889314729
2020-04-18,0.010343315758055908,63,0.015132129228016673,0.04141306185447324
2020-04-19,0.005922346244705534,63,0.018667709941913163,0.04496266201084923
2020-04-20,0.0023719333403629697,63,0.018637595343110203,0.04357105325596096
2020-04-21,0.004714061067863032,64,0.013008340652917326,0.028140469880933997
2020-04-22,0.014260034730285672,64,0.021346029138497466,0.04240050461121967
2020-04-23,0.002357030533931516,64,0.02133112633206601,0.04237076961434214
2020-04-24,0.009428122135726065,64,0.026045187399929046,0.04939684381090228
2020-04-25,0.02018153180803493,64,0.0319666844776783,0.0592350598608813
2020-04-26,0.006969878926087461,64,0.036579532869834244,0.06028259254226322
2020-04-27,0.007105943988143188,62,0.03425735472225137,0.06501660319004345
2020-04-28,0.02320987825052488,65,0.03728570116474132,0.08351242037270529
2020-04-29,0.011722160732588324,65,0.04203798297124218,0.08097454637500795
2020-04-30,0.09471505871931367,65,0.12964709770241267,0.17333257456039008
2020-05-01,0.052396432688148635,64,0.15883365214003642,0.21630088511281265
2020-05-02,0.7231184158045654,63,0.8702299072120134,0.9192377691093431
2020-05-03,0.1855377185064387,61,0.9610525669991385,1.0978056086896943
2020-05-04,0.00634503878968263,62,0.9150011731006725,1.0970447034912338
2020-05-05,0.0063281155675979405,63,0.19821087286370503,1.0801629408083067
2020-05-06,2.7268620464433098,65,2.739535200800576,3.7953028265190283
2020-05-07,4.4543300215804456,64,7.187520183591339,8.15491778938016
2020-05-08,0.6941355102867415,63,7.875327578310483,8.796656866978752
2020-05-09,0.010956969510625657,61,5.159422501377798,8.084495420684814
2020-05-10,0.008627742164379032,63,0.7137202219617328,7.907585444342753
2020-05-11,0.010737791418746109,61,0.030322503093737477,7.911978196971817
2020-05-12,0.002400281610950933,63,0.021765815194062753,7.908050363015169
2020-05-13,0.013036141997887612,62,0.02617421502757133,5.194224458569747
2020-05-14,0.6693005009554597,63,0.6847369245642849,1.4091949379447621
2020-05-15,0.29432887180646533,63,0.9766655147597993,1.0093882994644858
2020-05-16,0.03186356490073222,62,0.9954929376626439,1.0302948948545925
2020-05-17,0.01677833286442284,61,0.34297076957160705,1.0384454855546363
2020-05-18,0.025333756615917736,62,0.07397565438105948,1.053041450751808
2020-05-19,0.004491587244440337,61,0.04660367672476759,1.0551327563852972
2020-05-20,0.002882850392550107,62,0.032708194252894854,1.0449794647799597
2020-05-21,0.002928894277606529,60,0.01030333191458365,0.3786078581021067
2020-05-22,0.004012873064575827,60,0.00982461773471914,0.08829185936021718
2020-05-23,1.0354594640548451,62,1.0424012313970141,1.09188775851433
2020-05-24,0.005255029224956639,61,1.0447273663443644,1.0803644548748639
2020-05-25,0.012075398589132435,61,1.052789891868921,1.0671060968480786
2020-05-26,0.002974311814123928,60,0.02030473962819968,1.0655888214177622
2020-05-27,0.003055426953117718,57,0.018105137356360757,1.0657613979783298
2020-05-28,0.009013509511697269,57,0.015043248278925593,1.0718460132124206
2020-05-29,0.07705141334459498,57,0.08912034980939665,1.1448845534924397
2020-05-30,0.016939746747180073,58,0.103004669603459,0.12636483618477462
2020-05-31,0.0,49,0.09399116009176173,0.12110980695981798
2020-06-01,0.0,42,0.01693974674716675,0.10903440837068555
2020-06-02,0.7349936460328973,49,0.734993646032884,0.8410537425894589
2020-06-03,0.9238772615539369,49,1.6588709075868209,1.761875577190278
2020-06-04,0.15115147777139784,34,1.8100223853582187,1.904013545449979
2020-06-05,1.1390200065969598,52,2.2140487459222813,2.9659821387023437
2020-06-06,0.04450144627719516,38,1.3346729306455394,2.9935438382323585
2020-06-07,17.682256963589605,62,18.865778416463748,20.675800801821964
2020-06-08,0.5404295668752406,45,18.26718797674203,21.216230368697204
2020-06-09,0.9316993097201852,29,19.154385840185018,21.412936032384494
2020-06-10,0.06952462870417118,41,1.5416535052995828,20.558583399534726
2020-06-11,0.0877046363375059,28,1.088928574761848,20.495136558100835
2020-06-12,0.0416917136053236,35,0.1989209786469865,19.397808265109198
2020-06-13,0.0,28,0.1293963499428153,19.353306818832003
2020-06-14,0.5556508735105482,48,0.5973425871158576,2.226700728752946
2020-06-15,0.08946648333914593,30,0.64511735684968,1.7757376452168516
2020-06-16,0.010257503039877961,38,0.6553748598895579,0.8542958385365443
2020-06-17,0.007495220132878734,32,0.10721920651188842,0.7922664299652519
2020-06-18,0.003004925646635997,40,0.020757648819378482,0.707566719274382
2020-06-19,0.0,24,0.01050014577950052,0.6658750056690584
2020-06-20,0.0070749223871140535,36,0.01007984803373584,0.6729499280561725
2020-06-21,0.0,31,0.007074922387099843,0.11729905454562425
2020-06-22,0.004780235058282392,25,0.011855157445382234,0.032612806264760714
2020-06-23,0.0,25,0.004780235058268181,0.02235530322488275
2020-06-24,0.0,35,0.004780235058268181,0.01486008309200402
2020-06-25,0.005158903330761349,41,0.005158903330747138,0.017014060776129374
2020-06-26,4.540857739603606,59,4.546016642934353,4.557871800379735
2020-06-27,78.85677792341126,62,83.4027945663456,83.40757480140388
2020-06-28,3.3714263092181618,56,86.769061972233,86.77900111062205
2020-06-29,1.5565114009235794,51,83.78471563355299,88.33073227648735
2020-06-30,1.4875821371254159,40,6.415519847267143,89.81831441361277
2020-07-01,0.7176824033648918,61,3.7617759414138727,90.53599681697766
2020-07-02,0.024949615204939768,60,2.230214155695233,90.55578752885182
2020-07-03,0.0062626537363121935,60,0.7488946723061295,86.02119244298453
2020-07-04,0.01408034782663834,60,0.04529261676787609,7.178494867399911
2020-07-05,0.021479176939406427,60,0.04182217850234275,3.8285477351211554
2020-07-06,0.18144917841394625,59,0.2170087031799768,2.4534855126115223
2020-07-07,0.009524055558515414,34,0.21245241091185388,0.9754274310446217
2020-07-08,0.04414342231869233,61,0.2351166562911398,0.3018884499984223
2020-07-09,0.21133380776689453,61,0.2650012856440881,0.48827264256037706
2020-07-10,0.006677545674583857,60,0.2621547757601565,0.4886875344986487
2020-07-11,0.0019181261713778722,60,0.21992947961284204,0.4765253128433882
2020-07-12,0.0,57,0.008595671845947518,0.4550461359039818
2020-07-13,0.0,61,0.0019181261713636614,0.27359695749003554
2020-07-14,0.023961305851100102,61,0.02396130585108589,0.2880342077826203
2020-07-15,0.005319434304571236,53,0.029280740155657126,0.2492102197684992
2020-07-16,0.0,60,0.029280740155657126,0.037876412001604645
2020-07-17,0.0011074661589204821,60,0.006426900463477507,0.03230633248594127
2020-07-18,0.006010699309600712,34,0.007118165468506983,0.03639890562416411
2020-07-19,0.0,61,0.007118165468506983,0.03639890562416411
2020-07-20,0.0026755966768080425,57,0.008686295986394543,0.039074502300972154
2020-07-21,0.0,34,0.0026755966767938316,0.015113196449872052
2020-07-22,0.0,60,0.0026755966767938316,0.009793762145300814
2020-07-23,0.0023311347046044402,60,0.0023311347045902294,0.012124896849905255
2020-07-24,0.0,56,0.0023311347045902294,0.011017430690984773
2020-07-25,0.0,60,0.0023311347045902294,0.005006731381384061
2020-07-26,0.0,60,0.0,0.005006731381384061
2020-07-27,0.0,60,0.0,0.0023311347045760185
2020-07-28,0.0,60,0.0,0.0023311347045760185
2020-07-29,0.10746032721831218,60,0.10746032721829797,0.1097914619228882
2020-07-30,7.619109877843286,62,7.726570205061584,7.72657020506157
2020-07-31,0.1241246204450198,60,7.850694825506604,7.85069482550659
2020-08-01,0.028794763879414632,15,7.772029262167706,7.879489589386004
2020-08-02,0.0,13,0.15291938432442023,7.879489589386004
2020-08-03,0.09509521799686414,16,0.12388998187626456,7.974584807382868
2020-08-04,0.0,13,0.09509521799684992,7.974584807382868
2020-08-05,0.0,13,0.09509521799684992,7.867124480164556
2020-08-06,0.36690604602016536,15,0.36690604602015114,0.6149206483414356
2020-08-07,0.17967729747859268,14,0.5465833434987438,0.6704733253750084
2020-08-08,0.0,13,0.5465833434987438,0.6416785614955938
2020-08-09,0.0,12,0.17967729747857847,0.6416785614955938
2020-08-10,0.0,14,0.0,0.5465833434987296
2020-08-11,0.0,11,0.0,0.5465833434987296
2020-08-12,0.0,14,0.0,0.5465833434987296
2020-08-13,0.43088178293355306,15,0.43088178293353885,0.6105590804121173
2020-08-14,0.16114612489644572,13,0.5920279078299846,0.5920279078299704
2020-08-15,1.0053724172119771,18,1.5974003250419617,1.5974003250419475
2020-08-16,11.119388554288816,59,12.285907096397224,12.716788879330764
2020-08-17,6.973523264545597,59,19.09828423604638,19.690312143876362
2020-08-18,8.709684646307066,60,26.802596465141466,28.399996790183426
2020-08-19,5.1863194602677405,46,20.869527371120387,33.58631625045117
2020-08-20,2.8438377838292634,51,16.739841890404055,35.99927225134687
2020-08-21,11.930071882210907,54,19.960229126307897,47.76819800866134
2020-08-22,3.331622950140565,41,18.105532616180724,50.09444854158993
2020-08-23,3.2325101732562254,26,18.494205005607682,42.20757016055734
2020-08-24,2.435601506990296,21,8.999734630387072,37.669648403002036
2020-08-25,0.6290671443664698,16,6.297178824612978,29.589030901061438
2020-08-26,0.5833780036060232,14,3.648046654962775,24.986089444399724
2020-08-27,1.026065065121234,17,2.2385102130937127,23.168316725691692
2020-08-28,1.0931711781132791,20,2.702614246840522,12.331416021594064
2020-08-29,1.0912276969674433,15,3.210463940201942,10.091020768420943
2020-08-30,0.429848809760002,16,2.61424768484071,7.288359404924719
2020-08-31,0.19515106916967542,15,1.7162275758971064,5.047908967104099
2020-09-01,0.06720695511638707,58,0.6922068340460503,4.486048777854015
2020-09-02,0.007496118946056215,57,0.2698541432321045,3.9101668931940483
2020-09-03,0.007732538583753023,57,0.0824356126461821,2.8918343666565676
2020-09-04,0.0,32,0.015228657529795027,1.7986631885432887
2020-09-05,0.0,60,0.007732538583738812,0.7074354915758453
2020-09-06,0.0,61,0.0,0.2775866818158433
2020-09-07,0.017447594611417015,60,0.017447594611402804,0.0998832072575849
2020-09-08,0.09778838467806523,61,0.11523597928946804,0.13046463681926307
2020-09-09,0.015430986380766277,65,0.1306669656702343,0.13839950425397313
2020-09-10,0.0,67,0.1132193710588173,0.1306669656702201
2020-09-11,0.00223415924072295,48,0.017665145621475017,0.13290112491094305
2020-09-12,0.002773285052088395,67,0.005007444292797134,0.13567440996303146
2020-09-13,0.0,68,0.005007444292797134,0.13567440996303146
2020-09-14,0.0020808614481812606,67,0.004854146500255445,0.12030767679979569
2020-09-15,0.5192498007161273,67,0.5213306621642944,0.5417690928378577
2020-09-16,0.0158562458325036,68,0.5371869079967979,0.542194352289595
2020-09-17,0.0,68,0.5351060465486166,0.542194352289595
2020-09-18,0.0072020262244388384,68,0.023058272056928227,0.5471622192733109
2020-09-19,0.007750845845642024,68,0.014952872070066653,0.5521397800668645
2020-09-20,0.09213955483088318,68,0.10709242690094983,0.6442793348977477
2020-09-21,1.5878958087920936,66,1.6877862094686045,2.23009428224166
2020-09-22,9.06743955671692,66,10.747474920339883,10.778284038242452
2020-09-23,0.738322955288767,66,11.393658320797767,11.500750747698715
2020-09-24,0.11996864105005381,65,9.925731153055727,11.62071938874877
2020-09-25,0.01768822093707708,66,0.8759798172758837,11.631205583461407
2020-09-26,0.007834869767976331,65,0.145491731755093,11.63128960738374
2020-09-27,0.0028804576707143676,66,0.028403548375753568,11.542030510223572
2020-09-28,0.843690611781669,67,0.8544059392203456,10.79782531321315
2020-09-29,0.1188334735500946,66,0.9654045430024638,1.849219230046324
2020-09-30,0.4161253327782418,67,1.3786494181099913,1.5270216075357987
2020-10-01,0.18727101780000122,16,0.7222298241283234,1.594323984285746
2020-10-02,0.9294082666750295,22,1.5328046172532583,2.5060440300236984
2020-10-03,0.0212427694371054,16,1.137922053912122,2.5194519296928277
2020-10-04,0.4290768323106462,21,1.379727868422767,2.9456483043327597
2020-10-05,0.028532501082592216,17,0.4788521028303296,2.130490193633683
2020-10-06,0.0,16,0.4576093333932242,2.011656720083588
2020-10-07,0.0,14,0.028532501082578005,1.5955313873053463
2020-10-08,4.782326393734964,58,4.78232639373495,6.190586763240309
2020-10-09,22.146522008758353,62,26.9288484024933,27.407700505323632
2020-10-10,4.942706524026487,46,31.87155492651979,32.329164259913014
2020-10-11,2.2410240227744693,19,29.33025255555929,34.14111145037684
2020-10-12,0.9836547584653262,17,8.167385305266265,35.09623370775957
2020-10-13,0.32968340450762895,16,3.5543621857474066,35.4259171122672
2020-10-14,0.27501867718862405,15,1.5883568401615615,35.700935789455826
2020-10-15,3.6901541224436625,24,4.294856204139898,34.60876351816452
2020-10-16,1.2502131890287094,29,5.215385988660978,13.712454698434879
2020-10-17,0.16669054600114647,13,5.1070578574735,8.936438720409539
2020-10-18,0.10176383648232196,14,1.51866757151216,6.797178534117391
2020-10-19,11.419700061097153,44,11.688154443580604,17.233223836749218
2020-10-20,15.883554159608114,45,27.405018057187572,32.7870945918497
2020-10-21,3.2986685661970734,26,30.60192278690232,35.81074448085815
2020-10-22,1.0761786561300208,17,20.25840138193519,33.19676901454451
2020-10-23,0.5589739521843111,14,4.933821174511388,32.50552977770011
2020-10-24,1.522563353796325,18,3.157715962110639,33.86140258549529
2020-10-25,20.042233881798516,46,22.123771187779134,53.80187263081149
2020-10-26,4.185723614078806,19,25.75052084967363,46.56789618379314
2020-10-27,0.2372041499653591,16,24.465161645842663,30.921546174150382
2020-10-28,0.3751530063616024,15,4.7980807704057495,27.998030614314914
2020-10-29,5.510249935035636,7,6.12260709136258,32.432101893220526
2020-10-30,22.130653093961786,62,28.016056035359007,54.003781034998
2020-10-31,4.258411602550704,51,31.89931463154811,56.73962928375238
2020-11-01,1.0930813796304928,27,27.482146076142964,37.79047678158436
2020-11-02,2.410255660951753,18,7.761748643132933,36.015008828457304
2020-11-03,1.5625170429516646,18,5.0658540835338925,37.34032172144361
2020-11-04,0.19325554079631427,17,4.1660282446997146,37.15842425587832
2020-11-05,4.788601341526361,57,6.544373925274322,36.43677566236905
2020-11-06,0.3475060331889112,17,5.329362915511569,14.653628601596173
2020-11-07,0.25131736124432325,16,5.387424735959578,10.646534360289793
2020-11-08,0.09285006123396018,17,0.6916734556671769,9.64630304189326
2020-11-09,0.04816527120306496,15,0.3923326936813306,7.284212652144571
2020-11-10,7.212828039869458,56,7.353843372306465,12.934523649062363
2020-11-11,16.3549563328651,52,23.615949643937604,29.09622444113115
2020-11-12,5.53170455881807,37,29.09948893155261,29.839327658422857
2020-11-13,3.913242348065382,38,25.799903239748534,33.40506397329933
2020-11-14,1.2066992472714557,18,10.651646154154891,34.36044585932646
2020-11-15,0.3727400864283341,17,5.492681681765154,34.64033588452083
2020-11-16,1.565086100144995,25,3.144525433844767,36.157256713462765
2020-11-17,17.45922458207847,61,19.39705076865178,46.40365325567177
2020-11-18,14.924554108632321,59,33.948864790855765,44.97325103143899
2020-11-19,9.69879065833886,62,42.082569349049635,49.140337130959786
2020-11-20,1.3093087158565568,23,25.93265348282772,46.53640349875096
2020-11-21,1.5120447922981273,20,12.520144166493527,46.841749043777625
2020-11-22,0.6584174503119418,19,3.479770958466608,47.12742640766124
2020-11-23,0.722928358629323,20,2.8933906012393744,46.28526866614557
2020-11-24,0.8323275486605711,19,2.2136733576018184,29.65837163272767
2020-11-25,0.17706759948375472,17,1.7323235067736311,14.910885123579103
2020-11-26,3.9495261645293667,28,4.958921312673675,9.16162062976961
2020-11-27,0.7585022842483065,17,4.88509604826141,8.610814198161359
2020-11-28,0.05106331994405023,16,4.759091768721706,7.149832725807283
2020-11-29,5.289984245120068,28,6.099549849312407,11.781399520615409
2020-11-30,12.057122311885363,54,17.398169876949463,23.11559347387145
2020-12-01,10.600757068652696,35,27.94786362565811,32.88402299386357
2020-12-02,4.927748803961679,21,27.585628184499722,37.634704198341495
2020-12-03,0.5427652717874335,13,16.07127114440179,34.22794330559956
2020-12-04,0.15529359132360368,11,5.625807667072698,33.624734612674864
2020-12-05,0.484235609053574,10,1.1822944721645934,34.057906901784385
2020-12-06,4.9737513864065335,25,5.613280586783693,33.74167404307085
2020-12-07,3.631923333125527,38,9.089910328585617,25.316475064311014
2020-12-08,13.182575457460008,51,21.78825017699205,27.898293453118324
2020-12-09,3.522673625360823,17,20.33717241594634,26.493218274517467
2020-12-10,2.3162059394269616,10,19.021455022247775,28.266658942156997
2020-12-11,7.975875525126231,24,13.814755089913998,36.08724087595962
2020-12-12,1.9557693054329652,13,12.24785076998614,37.55877457233902
2020-12-13,3.1116182021144647,28,13.043263032673643,35.69664138804695
2020-12-14,4.337433975463851,42,9.404821483011263,36.402152030385274
2020-12-15,9.924438657723762,46,17.37349083530206,33.144015230649025
2020-12-16,9.883652851427325,41,24.14552548461492,39.50499445671553
2020-12-17,14.307449266240955,61,34.11554077539202,51.496237783529516
2020-12-18,9.736276919115452,50,33.92737903678371,53.25663917751874
2020-12-19,1.5005690107689083,15,25.544295196125297,52.80143888285468
2020-12-20,13.937889430134044,56,25.17473536001839,63.62771011087426
2020-12-21,7.890843519291626,27,23.32930196019456,67.18111965470204
2020-12-22,4.06028318136467,47,25.88901613079032,61.31696417834294
2020-12-23,0.38213947349612665,10,12.333266174152405,51.815450800411746
2020-12-24,1.6002105401544258,11,6.042633195015204,39.108212074325216
2020-12-25,0.4573225422488426,8,2.4396725558993775,29.82925769745861
2020-12-26,0.23672265255401914,8,2.29425573495727,28.56541133924372
2020-12-27,11.417600868582085,53,12.111646063384928,26.04512277769176
2020-12-28,10.114962329707222,35,21.769285850843307,28.269241588107356
2020-12-29,28.409192031402178,54,49.941755229691466,52.618150438144866
2020-12-30,9.984474370990965,43,48.50862873210035,62.2204853356397
2020-12-31,3.564219889959677,38,41.957886292352796,64.18449468544495
2021-01-01,10.064207026638796,51,23.61290128758942,73.79137916983491
2021-01-02,5.94878828222084,51,19.577215198819296,79.50344479950172
2021-01-03,3.345134516503189,41,19.358129825362806,71.43097844742283
2021-01-04,0.3892996270354659,33,9.683222425759476,61.70531574475107
2021-01-05,0.2112181636132165,29,3.9456523071518537,33.50734187696211
2021-01-06,2.5416056301682577,37,3.1421234208169224,26.06447313613941
2021-01-07,3.8650842495111646,39,6.617908043292621,26.365337495690895
2021-01-08,3.891573031011209,46,10.298262910690614,20.192703500063306
2021-01-09,2.283101346961574,44,10.03975862748393,16.527016564804043
2021-01-10,14.404294229353262,47,20.578968607326026,27.58617627765411
2021-01-11,3.3880296853856784,44,20.075425261700495,30.584906336004323
2021-01-12,10.671319595302798,51,28.46364351004172,41.04500776769391
2021-01-13,3.6335001654374843,36,17.692849446125944,42.136902302963136
2021-01-14,6.548965156669376,41,20.85378491740964,44.82078321012134
2021-01-15,16.980041889864992,53,27.162507211971835,57.90925206897513
2021-01-16,2.2897271121638423,45,25.81873415869819,57.9158778341774
2021-01-17,0.24307975098198256,28,19.5128487530108,43.754663355806116
2021-01-18,4.233413625826501,39,6.7662204889723085,44.60004729624694
2021-01-19,11.49278799164551,54,15.969281368453977,45.42151569258965
2021-01-20,2.243410370095431,36,17.969611987567426,44.0314258972476
2021-01-21,6.143886697249317,38,19.88008505899024,43.62634743782754
2021-01-22,3.8114776512801996,37,12.19877471862493,30.457783199242748
2021-01-23,10.039364743853083,47,19.994729092382585,38.207420830931994
2021-01-24,9.197134526148849,48,23.047976921282114,47.161475606098854
2021-01-25,7.8469000708726675,42,27.083399340874582,50.774962051145025
2021-01-26,9.411917769147918,52,26.45595236616942,48.69409182864743
2021-01-27,0.6392978305409804,32,17.89811567056155,47.08997928909298
2021-01-28,6.2626421514237,42,16.31385775111258,47.20873474326736
2021-01-29,0.6555483068182125,30,7.557488288782875,44.052805398805376
2021-01-30,0.4702333291129677,30,7.3884237873548635,34.483673984065256
2021-01-31,0.17994603784480262,30,1.305727673775966,25.466485495761216
2021-02-01,10.159357064467912,30,10.809536431425665,27.77894248935646
2021-02-02,10.951089736595117,27,21.290392838907813,29.318114456803656
2021-02-03,5.190558402965506,24,26.30100520402852,33.86937502922818
2021-02-04,2.0911890065742433,19,18.232837146134848,29.697921884378726
2021-02-05,9.165675975715072,42,16.4474233852548,38.208049553275586
2021-02-06,1.7245759462137533,18,12.981440928503051,39.46239217037637
2021-02-07,2.0707498475343438,20,12.96100176946315,41.35319598006591
2021-02-08,0.3988768855392987,16,4.194202679287378,31.5927158011373
2021-02-09,1.4800261366273688,17,3.9496528697009934,22.121652201169546
2021-02-10,2.4274062207399565,20,4.306309242906606,19.358500018944
2021-02-11,11.500255329610463,44,15.40768768697777,28.76756634198022
2021-02-12,3.3338706891411234,24,17.261532239491522,22.93576105540627
2021-02-13,18.06383580417461,56,32.89796182292618,39.27502091336713
2021-02-14,3.591203645005655,20,24.988910138321373,40.795474710838434
2021-02-15,1.1118310744205244,17,22.76687052360077,41.50842889971967
2021-02-16,5.798366133848554,31,10.501400853274715,45.82676889694085
2021-02-17,15.558639197470645,46,22.468836405739708,58.958001873671535
2021-02-18,7.490268726413951,36,28.84727405773313,54.94801527047502
2021-02-19,4.056694073117048,21,27.105601997001628,55.67083865445095
2021-02-20,1.899180914969863,18,13.446143714500844,39.506183765246206
2021-02-21,1.4496907116848523,17,7.405565699771746,37.3646708319254
2021-02-22,0.303446210607409,16,3.652317837262107,36.556285968112284
2021-02-23,0.11419226555227624,15,1.8673291878445197,30.872112099816007
2021-02-24,12.247562574861092,46,12.665201051020759,27.561035477206456
2021-02-25,8.665365408494258,51,21.027120248907607,28.73613215928676
2021-02-26,11.8781169941754,50,32.79104497753073,36.55755508034512
2021-02-27,12.806428681197769,50,33.34991108386741,47.46480284657302
2021-02-28,7.755766446805807,42,32.44031212217895,53.77087858169398
2021-03-01,5.288703896622166,41,25.85089902462572,58.75613626770873
2021-03-02,2.308613144948086,33,15.35308348837604,60.95055714710454
2021-03-03,3.880897166729253,41,11.478214208299486,52.5838917389727
2021-03-04,4.247858123213388,44,10.437368434890708,48.16638445369183
2021-03-05,0.9076806158747253,35,9.036435905817346,37.19594807539116
2021-03-06,25.16020471144628,58,30.315743450534374,49.54972410563967
2021-03-07,11.261744594559524,61,37.32962992188051,53.05570225339339
2021-03-08,3.0797344511397733,40,39.50168375714556,50.846732807910996
2021-03-09,3.341171540017945,42,17.68265058571722,51.87929120298086
2021-03-10,1.2738811322213472,32,7.694787123379045,49.27227516847295
2021-03-11,4.537113833672835,40,9.152166505912106,49.561530878932395
2021-03-12,1.4006864150204261,34,7.211681380914588,50.054536678078094
2021-03-13,0.4008235704098467,31,6.338623819103087,25.295155537041662
2021-03-14,1.6531788196945938,38,3.454688805124845,15.686589762176732
2021-03-15,0.33599935903908845,29,2.3900017491435075,12.942854670076049
2021-03-16,0.1297519005676767,26,2.1189300793013377,9.731435030625779
2021-03-17,3.6494314504967442,26,4.115182710103488,12.106985348901176
2021-03-18,10.422557268689445,52,14.201740619753846,17.992428783917784
2021-03-19,7.931312215598422,47,22.00330093478459,24.523054584495778
2021-03-20,0.725745858688022,32,19.079615342975867,24.847976872773955
2021-03-21,0.47870795822791323,25,9.135766032514336,23.673506011307275
2021-03-22,0.09475781326590323,23,1.299211630181817,23.43226446553409
2021-03-23,0.08232396568923663,19,0.6557897371830318,23.384836530655647
2021-03-24,0.06280298554700899,24,0.23988476450212753,19.798208065705914
2021-03-25,0.008050044798118695,22,0.153176996034343,9.383700841814587
2021-03-26,1.5781381071661706,26,1.6489911375112771,3.0305267333823362
2021-03-27,0.9205302219375233,29,2.5067183739017915,3.2253110966318372
2021-03-28,12.022604665251064,48,14.521272994354737,14.769207803654988
2021-03-29,1.1355812845841757,33,14.078716171772742,15.810031274973259
2021-03-30,5.665582447501734,46,18.823768397336952,21.39328975678576
2021-03-31,1.3114357407074129,29,8.1125994727933,22.641922511946163
2021-04-01,0.5425204110331704,36,7.519538599242296,23.176392878181215
2021-04-02,1.2831690195310632,47,3.137125171271625,22.881423790546105
2021-04-03,0.43276861127755856,33,2.2584580418417706,22.393662179886142
2021-04-04,0.08700916451713389,32,1.8029467953257343,10.458066679152212
2021-04-05,0.08390432537053173,33,0.6036821011652026,9.406389719938568
2021-04-06,10.159078442873414,61,10.329991932761057,13.899885715310248
2021-04-07,2.5611061071826104,49,12.804088875426533,15.149556081785443
2021-04-08,0.8153865196701352,35,13.535571069726139,15.42242219042241
2021-04-09,0.015813278904351802,31,3.392305905757076,14.155066449795697
2021-04-10,0.061914877545299084,33,0.8931146761197648,13.784212716063438
2021-04-11,0.00510119415423597,30,0.08282935060386554,13.70230474570054
2021-04-12,0.004819142583994393,32,0.07183521428350813,13.623219562914002
2021-04-13,0.19099746384659042,34,0.20091780058479947,3.65513858388718
2021-04-14,0.05075589965318966,35,0.24657250608375317,1.1447883763577593
2021-04-15,0.0,29,0.24175336349975876,0.329401856687624
2021-04-16,0.0051591910716223535,30,0.0559150907247907,0.3187477688548946
2021-04-17,2.7390971013839063,47,2.7442562924555074,2.995929992693502
2021-04-18,18.254267590680623,62,20.99852388313613,21.24509638921989
2021-04-19,3.5031791195888227,57,24.49654381165333,24.743456366224716
2021-04-20,3.036045154069173,61,24.7934918643386,27.5885040564473
2021-04-21,0.9804923063865195,51,7.519716580044494,28.518240463180632
2021-04-22,1.2997373486391608,53,5.316274809094832,29.81797781181979
2021-04-23,0.10446502409210355,35,2.3846946791177626,29.91728364484027
2021-04-24,0.01205507092681646,29,1.4162574436580593,27.19024161438318
2021-04-25,0.07284628545723225,32,0.18936638047613094,9.00882030915979
2021-04-26,1.5431889818171654,44,1.6280903382011926,7.048830171388132
2021-04-27,0.22644414845751593,37,1.842479415731892,4.239229165776475
2021-04-28,0.0960378940425217,32,1.8656710243171817,3.3547747534324768
2021-04-29,0.1929285360225793,34,0.5154105785225956,2.2479659408158956
2021-04-30,0.1131828088618332,35,0.4021492389269129,2.256683725585625
2021-05-01,0.0,23,0.3061113448843912,2.244628654658809
2021-05-02,0.008905219052798098,25,0.12208802791460999,2.180687588254375
2021-05-03,0.0048772868238601014,22,0.013782505876636883,0.6423758932610693
2021-05-04,0.012205686362411455,24,0.025988192239048337,0.42813743116596475
2021-05-05,0.0,25,0.01708297318625024,0.3320995371234431
2021-05-06,0.0,25,0.012205686362390139,0.13917100110086378
2021-05-07,0.13671797645403558,30,0.13671797645401426,0.16270616869306614
2021-05-08,0.1090007247723029,31,0.24571870122631717,0.2717068934653691
2021-05-09,0.0,25,0.24571870122631717,0.26280167441257096
2021-05-10,0.0,23,0.10900072477228158,0.2579243875887109
2021-05-11,0.0,25,0.0,0.2457187012262994
2021-05-12,10.124421642035193,62,10.124421642035172,10.370140343261493
2021-05-13,12.131716307258174,62,22.256137949293347,22.501856650519667
2021-05-14,1.0686386408789323,31,23.324776590172277,23.433777314944564
2021-05-15,2.0111539805897936,29,15.211508928726879,25.335930570762056
2021-05-16,1.9242018669723133,27,5.003994488441018,27.260132437734367
2021-05-17,2.1683019320990042,24,6.10365777966109,29.428434369833372
2021-05-18,1.174168153726193,24,5.2666719527974895,30.602602523559565
2021-05-19,0.022621645237361418,22,3.365091731062537,20.50080252676173
2021-05-20,0.024623638347290363,24,1.2214134373108234,8.39370985785085
2021-05-21,0.028839874044669197,25,0.07608515762929965,7.3539110910165855
2021-05-22,5.313645402783019,63,5.367108915174957,10.65640251320981
2021-05-23,0.48249270880779777,29,5.824977985635464,9.214693355045295
2021-05-24,0.009563903127850706,23,5.805702014718646,7.055955326074142
2021-05-25,0.012229624705607872,24,0.5042862366412351,5.894016797053556
2021-05-26,0.027813572100015824,22,0.04960709993345309,5.89920872391621
2021-05-27,0.0,20,0.04004319680560238,5.874585085568921
2021-05-28,0.0,19,0.027813572099994507,5.845745211524251
2021-05-29,1.1792049635627249,37,1.1792049635627035,1.711304772303958
2021-05-30,3.7541856558897235,55,4.933390619452427,4.982997719385883
2021-05-31,2.8914162901579084,57,7.824806909610336,7.8648501064159415
2021-06-01,0.4580947286415969,57,7.103696674689208,8.310715210351932
2021-06-02,0.37873399555645887,56,3.728245014355943,8.661635633808373
2021-06-03,0.19412463108894978,56,1.0309533552869843,8.855760264897324
2021-06-04,0.007913719663204786,56,0.5807723463085922,8.86367398456053
2021-06-05,0.011881504406630015,56,0.21391985515876327,7.6963505254044335
2021-06-06,0.0,56,0.019795224069813485,3.9421648695147096
2021-06-07,2.180585837233898,62,2.1924673416405067,3.231334416590699
2021-06-08,1.0543093760610345,62,3.2348952132949114,3.827549064010137
2021-06-09,0.055104054023487406,54,3.2899992673183984,3.503919122477165
2021-06-10,0.5580655418913492,59,1.6674789719758496,3.8678600332795647
2021-06-11,1.228796435291478,60,1.841966031206293,5.088742748907838
2021-06-12,0.01902563693895456,55,1.8058876141217601,5.095886881440163
2021-06-13,0.016412405076547638,55,1.264234477306959,5.11229928651671
2021-06-14,0.009209041230149336,54,0.044647083245630215,2.9409224905129614
2021-06-15,0.016309555304343137,51,0.041931001611018794,1.90292266975627
2021-06-16,0.134949483842129,44,0.16046808037660015,1.9827680995749115
2021-06-17,0.8258422683488043,59,0.977101307495255,2.2505448260323666
2021-06-18,0.031629664265100624,55,0.9924214164560126,1.0533780550059892
2021-06-19,0.12921110112149028,57,0.9866830337353738,1.163563519188525
2021-06-20,0.347934262215995,59,0.5087750276025647,1.4950853763279723
2021-06-21,0.4339877631059239,59,0.911133126443388,1.919864098203747
2021-06-22,4.016035361572531,60,4.797957386894428,5.919589904471934
2021-06-23,0.3233968341088263,57,4.773419958787259,6.1080372547386315
2021-06-24,0.05733123005577924,55,4.396763425737115,5.3395262164456065
2021-06-25,0.07039749912313124,54,0.45112556328771547,5.378294051303636
2021-06-26,0.29075956624744925,53,0.4184882954263384,5.539842516429596
2021-06-27,0.001576350687206597,55,0.36273341605776577,5.193484604900807
2021-06-28,0.0695410713435193,54,0.36187698827815384,4.829037913138403
2021-06-29,0.16606890019781265,56,0.23718632222851724,0.9790714517636846
2021-06-30,0.001903142683270391,54,0.23751311422458102,0.6575777603381286
2021-07-01,0.0015280710322994068,57,0.16950011391336112,0.6017746013146489
2021-07-02,0.0,57,0.0034312137155484814,0.5313771021915177
2021-07-03,0.007559037597023571,56,0.009087108629301661,0.24817657354109196
2021-07-04,0.001849443204816465,56,0.00940848080181872,0.2484496660587018
2021-07-05,0.0,56,0.00940848080181872,0.1789085947151825
2021-07-06,0.0,57,0.0018494432047951488,0.012839694517369866
2021-07-07,0.0,56,0.0,0.010936551834099474
2021-07-08,0.0,56,0.0,0.009408480801800068
2021-07-09,0.0,57,0.0,0.009408480801800068
2021-07-10,0.019671421688191637,56,0.01967142168817032,0.021520864892968134
2021-07-11,0.0,57,0.01967142168817032,0.01967142168815167
2021-07-12,0.0,55,0.01967142168817032,0.01967142168815167
2021-07-13,0.002223596821676023,56,0.0022235968216547065,0.021895018509827693
2021-07-14,0.0,56,0.0022235968216547065,0.021895018509827693
2021-07-15,0.0020591010845873825,56,0.0042826979062420886,0.023954119594415076
2021-07-16,0.0,55,0.002059101084566066,0.023954119594415076
2021-07-17,4.694149498789882,59,4.696208599874447,4.698432196696105
2021-07-18,0.05482447335975197,56,4.748973972149613,4.753256670055857
2021-07-19,0.003834742614360736,55,4.752808714763973,4.757091412670218
2021-07-20,0.0015322980449182426,57,0.06019151401900963,4.756400113893459
2021-07-21,0.005226136323489606,57,0.010593176982747268,4.761626250216949
2021-07-22,0.003364027811829463,57,0.010122462180215995,4.762931176944192
2021-07-23,0.009991182779752061,57,0.018581346915049812,4.772922359723944
2021-07-24,0.020277498678803452,56,0.03363270927036366,0.09905035961286557
2021-07-25,0.09924765685002293,56,0.12951633830855713,0.14347354310313654
2021-07-26,0.024251480831935783,56,0.14377663636074087,0.1638902813207116
2021-07-27,0.034212231942787365,57,0.15771136962472476,0.1965702152185807
2021-07-28,24.393850759129528,59,24.45231447190423,24.58519483802462
2021-07-29,1.941832133217724,59,26.369895124290018,26.523662943430512
2021-07-30,0.5684780685684322,59,26.90416096091566,27.082149829219194
2021-07-31,0.21671236981106168,59,2.7270225715971965,27.278584700351452
2021-08-01,0.2564785955510375,54,1.0416690339305101,27.435815639052468
2021-08-02,0.20076038546332903,54,0.6739513508254069,27.61232454368386
2021-08-03,0.3316732814061464,52,0.7889122624204916,27.90978559314722
2021-08-04,0.09660043721762454,52,0.6290341040870786,3.6125352712353163
2021-08-05,0.08478233995298126,53,0.5130560585767309,1.7554854779705735
2021-08-06,0.020587239042917493,53,0.20197001621350197,1.207594648445059
2021-08-07,0.1077053459980238,52,0.21307492499390124,1.098587624632021
2021-08-08,0.013700033238433397,52,0.14199261827935336,0.8558090623194168
2021-08-09,0.01746977172918241,53,0.13887515096561828,0.6725184485852702
2021-08-10,0.021403911602486943,52,0.05257371657008143,0.3622490787816108
2021-08-11,0.0,41,0.038873683331648035,0.26564864156398627
2021-08-12,0.3094535298184606,53,0.3308574414209262,0.49031983142946556
2021-08-13,0.29963135957596443,54,0.6090848893944036,0.7693639519625125
2021-08-14,0.007814732585802751,53,0.6168996219802064,0.6694733385502915
2021-08-15,0.004575237998903441,52,0.3120213301606493,0.6603485433107614
2021-08-16,1.1714766781524666,56,1.1838666487371514,1.8143554497340455
2021-08-17,0.06077858454923026,53,1.236830500700579,1.8537301226807892
2021-08-18,0.06565116425716856,53,1.297906426958844,1.9193812869379576
2021-08-19,0.019595589563932116,51,0.14602533837030962,1.6295233466834291
2021-08-20,0.02167791337575678,52,0.10692466719683613,1.3515699004832213
2021-08-21,0.0,52,0.04127350293966758,1.3437551678974187
2021-08-22,0.0,52,0.021677913375735464,1.3391799298985152
2021-08-23,0.0,53,0.0,0.16770325174604864
2021-08-24,0.002134997211615238,53,0.0021349972115939217,0.10905966440843361
2021-08-25,0.005888701200218011,53,0.008023698411811933,0.049297201351483064
2021-08-26,0.010654213303960158,53,0.018677911715772093,0.04035582509151111
2021-08-27,0.2727279163780843,54,0.28927083088224115,0.29140582809383864
2021-08-28,21.2437138227028,58,21.527095952384826,21.53511965079664
2021-08-29,3.0080331332648194,58,24.524474872345685,24.543152784061462
2021-08-30,2.670855254577157,58,26.922602210544756,27.214008038638617
2021-08-31,0.9724770332815262,56,6.651365421123481,28.18435007470853
2021-09-01,0.1150409791194216,44,3.758373266978084,28.293502352627733
2021-09-02,0.06733265354320397,45,1.1548506659441304,28.350180792866976
2021-09-03,0.029970693998603557,46,0.2123443266612078,28.107423570487494
2021-09-04,0.018136456865796697,44,0.11543980440758292,6.88184620465049
2021-09-05,0.01451300778186953,45,0.06262015864624847,3.88832607916754
2021-09-06,0.014483831504389522,46,0.04713329615203444,1.231954656094772
2021-09-07,0.01262094554064317,46,0.04161778482688091,0.27209856835388896
2021-09-08,0.04355174527103156,46,0.07065652231604294,0.20060933450549895
2021-09-09,3.3677761414568597,58,3.423948832268513,3.5010528224191546
2021-09-10,4.395630088843789,58,7.806957975571659,7.86671221726434
2021-09-11,0.7229714455356506,50,8.486377675836279,8.571547205934195
2021-09-12,0.14024523091797816,46,5.258846765297396,8.697279429070305
2021-09-13,0.02714355547198748,44,0.890360231925595,8.709939153037901
2021-09-14,0.029292052506405757,45,0.19668083889635007,8.726610260003662
2021-09-15,0.8127863717843492,51,0.8692219797627211,9.49584488651698
2021-09-16,3.9836568484254404,57,4.825735272716174,10.111725593485561
2021-09-17,1.0255449771831604,52,5.821988197392928,6.741640481824934
2021-09-18,0.04371868734659536,45,5.052920512955175,6.0623877236358785
2021-09-19,0.0,45,1.0692636645297344,5.9221424927179
2021-09-20,0.07189563889092801,45,0.11561432623750206,5.966894576136841
2021-09-21,0.07519868319916916,47,0.14709432209007584,6.012801206829605
2021-09-22,1.0600427591226294,34,1.2071370812127051,6.260057594167884
2021-09-23,0.0,45,1.1352414423217771,2.276400745742444
2021-09-24,0.08362866602783811,47,1.143671425150446,1.3344844345871216
2021-09-25,2.2444357822135297,57,2.3280644482413466,3.535201529454056
2021-09-26,0.4635266388426812,49,2.791591087084028,3.9987281682967373
2021-09-27,0.010702178074909674,41,2.7186645991310994,3.9375347074807188
2021-09-28,0.1539191395325127,46,0.6281479564500823,4.016255163814062
2021-09-29,0.08407498452449824,46,0.2486963021318993,3.0402873892159317
2021-09-30,0.25160777744301,53,0.4896019014999996,3.2918951666589416
2021-10-01,3.4825487458151905,16,3.818231507782677,6.690815246446293
2021-10-02,0.26096635310563226,7,3.995122876363811,4.707345817338396
2021-10-03,8.608673866354959,30,12.35218896527576,12.852493044850675
2021-10-04,6.76878566582925,34,15.63842588528982,19.610576532605016
2021-10-05,3.4260257023119567,9,18.803485234496144,22.88268309538446
2021-10-06,0.36718978312409417,8,10.56200115126528,23.165797893984056
2021-10-07,0.18057777741035025,6,3.97379326284638,23.094767893951396
2021-10-08,0.08638559118907936,8,0.6341531517235025,19.698604739325287
2021-10-09,4.156573327193453,54,4.423536695792861,23.594211713413102
2021-10-10,3.6296701705480103,54,7.8726290889305215,18.615208017606157
2021-10-11,4.983926970279189,53,12.77017046802063,16.830349322056094
2021-10-12,4.3585225036474595,23,12.972119644474638,17.762846123391597
2021-10-13,1.4288227235309368,18,10.771272197457563,18.824479063798442
2021-10-14,2.8177663355196905,26,8.605111562698065,21.46166762190778
2021-10-15,3.6960374390907997,35,7.942626498141406,25.071319469809502
2021-10-16,11.39080942976272,57,17.90461320437319,32.305555572378765
2021-10-17,0.6754061213860251,19,15.762252990239524,29.351291523216783
2021-10-18,11.555196989131389,33,23.62141254028011,35.92256154206898
2021-10-19,2.942338861135327,48,15.172941971652719,34.50637789955685
2021-10-20,1.2387450603696062,23,15.736280910636301,34.31630023639552
2021-10-21,0.9126039072814948,20,5.093687828786407,32.41113780815732
2021-10-22,1.899905385118826,16,4.051254352769906,30.61500575418535
2021-10-23,1.0799911757502945,16,3.892500468150594,20.304187500172922
2021-10-24,20.834295558632963,55,23.81419211950206,40.463076937419864
2021-10-25,2.4386768845086526,19,24.35296361889189,31.346556832797127
2021-10-26,0.9823857723585148,16,24.255358215500113,29.386603744020313
2021-10-27,2.780002885903747,42,6.201065542770893,30.92786156955445
2021-10-28,2.53668294236009,38,6.29907160062233,32.55194060463305
2021-10-29,0.24869679026280073,15,5.565382618526616,30.900732009777023
2021-10-30,2.2910414183202343,15,5.076421150943103,32.11178225234696
2021-10-31,1.6260171733914712,36,4.165755381974485,12.90350386710547
2021-11-01,11.355564099944594,51,15.272622691656277,21.820391082541413
2021-11-02,0.6537481123403849,21,13.635329385676428,21.49175342252328
2021-11-03,0.22977433402159778,17,12.239086546306554,18.941524870641132
2021-11-04,0.14817270945575708,17,1.0316951558177165,16.5530146377368
2021-11-05,0.13234611089479115,17,0.510293154372123,16.43666395836879
2021-11-06,0.10191118694438828,14,0.38243000729491344,14.247533726992945
2021-11-07,0.06713899229879666,16,0.301396290137953,12.688655545900271
2021-11-08,0.10765437873420382,13,0.27670455797736565,1.4407458246898805
2021-11-09,0.03384999425947187,14,0.20864336529244926,0.8208477066089676
2021-11-10,0.04475932819919777,16,0.18626370119285035,0.6358327007865676
2021-11-11,3.9745509759416455,43,4.053160298400292,4.462210967272456
2021-11-12,0.5661736196557644,19,4.585483923796584,4.8960384760334295
2021-11-13,0.19952741318250322,17,4.7402520087798905,4.993654702271544
2021-11-14,0.0,15,0.7657010328382445,4.9265157099727475
2021-11-15,0.0,16,0.19952741318248013,4.818861331238544
2021-11-16,0.012037595144820355,15,0.012037595144797263,4.797048932123892
2021-11-17,0.0,15,0.012037595144797263,4.7522896039246945
2021-11-18,12.009863145583088,58,12.021900740727885,12.787601773566136
2021-11-19,32.400125450965035,59,44.409988596548104,44.62155360487541
2021-11-20,2.633219364328058,28,47.04320796087616,47.055245556020964
2021-11-21,2.2429053308437683,23,37.27625014613684,49.29815088686473
2021-11-22,1.7617236490757848,20,6.6378483442475895,51.059874535940516
2021-11-23,0.3256190420352635,16,4.330248021954795,51.373455982830954
2021-11-24,0.1434079834976333,16,2.2307506746086605,51.51686396632859
2021-11-25,0.12938876510500427,16,0.5984157906378798,39.63638958585051
2021-11-26,2.6875192543268134,37,2.9603160029294298,9.92378338921229
2021-11-27,0.10798512521570874,17,2.924893144647505,7.398549150099941
2021-11-28,0.05163966073916775,17,2.8471440402816683,5.207283479995341
2021-11-29,0.011528866546884786,16,0.17115365250173997,3.4570886974664408
2021-11-30,11.582304275461045,54,11.645472802747076,14.713773930892222
2021-12-01,4.344797105892772,15,15.93863024790068,18.91516305328736
2021-12-02,0.26930515781077075,11,16.196406539164567,19.055079445993126
2021-12-03,0.4512723464485584,13,5.065374610152079,16.818832538114872
2021-12-04,0.06599231324673849,12,0.7865698175060463,16.7768397261459
2021-12-05,0.056260751998807514,12,0.573525411694083,16.78146081740554
2021-12-06,0.7631203183591133,14,0.885373383604638,17.53305226921777
2021-12-07,8.783091504441368,54,9.602472574799267,14.733839498198092
2021-12-08,1.2667447367844535,17,10.812956559584912,11.655787129089774
2021-12-09,0.19729972207315571,12,10.247135963298955,11.58378169335216
2021-12-10,0.057942669893598114,12,1.5219871287511861,11.190452016797199
2021-12-11,0.041275613082071345,12,0.2965180050488039,11.165735316632531
2021-12-12,4.115438227074702,16,4.21465651005035,15.224912791708427
2021-12-13,12.845986314032015,49,17.002700154188766,27.307778787381327
2021-12-14,10.457887053915789,42,27.419311595022485,28.98257433685575
2021-12-15,18.284153524537476,52,41.58802689248526,45.99998312460877
2021-12-16,4.973375770799885,35,33.715416349253125,50.7760591733355
2021-12-17,21.937036413505385,35,45.194565708842724,72.65515291694729
2021-12-18,2.9846512414028425,15,29.895063425708095,75.59852854526807
2021-12-19,0.7665750660809969,15,25.688262720989208,72.24966538427435
2021-12-20,0.1139871471456847,12,3.8652134546295027,59.517666217388026
2021-12-21,0.10694350768796636,12,0.9875057209146266,49.1667226711602
2021-12-22,0.18214728090495683,12,0.4030779357385866,31.064716427527685
2021-12-23,2.9299099074290025,23,3.2190006960219044,29.0212505641568
2021-12-24,1.6044042729295518,21,4.716461461263489,8.688618423580966
2021-12-25,0.5987419455959461,13,5.133056125954479,6.30270912777407
2021-12-26,0.5390511223181483,12,2.742197340843625,6.075185184011222
2021-12-27,2.319255205716376,21,3.4570482736304493,8.280453242581913
2021-12-28,7.672933875009001,30,10.531240203043504,15.846443609902948
2021-12-29,2.3332780330351275,17,12.325467113760482,17.997574362033117
2021-12-30,14.385663377089795,36,24.3918752851339,29.45332783169391
2021-12-31,21.13491206766689,55,37.85385347779179,48.983835626431244
2022-01-01,7.895971299525174,31,43.41654674428183,56.281064980360476
2022-01-02,1.3537292610584093,20,30.384612628250448,57.09574311910073
2022-01-03,5.566370762486559,24,14.816071323070117,60.34285867587092
2022-01-04,8.430284654193496,36,15.35038467773844,61.10020945505541
2022-01-05,2.79748916284156,23,16.79414457952159,61.56442058486185
2022-01-06,4.289228669358534,34,15.517002486393565,51.46798587713059
2022-01-07,1.6121393205176022,26,8.698857152717672,31.9452131299813
2022-01-08,6.020020279280131,36,11.921388269156243,30.069262109736258
2022-01-09,7.322538971102947,41,14.954698570900655,36.0380718197808
2022-01-10,1.0142553381969353,18,14.356814588579988,31.485956395491176
2022-01-11,7.279313183106289,25,15.616107492406147,30.33498492440397
2022-01-12,4.519244115104164,26,12.812812636407365,32.05673987666657
2022-01-13,2.7587309532184316,23,14.55728825142886,30.52624216052647
2022-01-14,1.0270226470558024,18,8.304997715378374,29.94112548706467
2022-01-15,0.6589724775380912,19,4.4447260778123,24.580077685322628
2022-01-16,8.645051933120435,27,10.331047057714303,25.90259064734012
2022-01-17,3.9911910743936074,20,13.295215485052108,28.87952638353679
2022-01-18,3.6052338741928143,18,16.24147688170683,25.205447074623315
2022-01-19,2.619238983320346,21,10.215663931906743,23.305441942839494
2022-01-20,14.769352498411493,23,20.993825355924628,35.316063488032555
2022-01-21,4.060096672945794,20,21.44868815467761,38.34913751392255
2022-01-22,0.20817138637993918,16,19.037620557737203,37.898336422764395
2022-01-23,0.15294309189673902,17,4.4212111512224475,29.406227581540698
2022-01-24,0.38736421983454106,18,0.7484786981111944,25.802400726981634
2022-01-25,0.23822805320059423,17,0.7785353649318495,22.435394905989412
2022-01-26,0.05203243556546205,16,0.6776247086005724,19.868188358234534
2022-01-27,7.047400965548681,24,7.337661454314712,12.14623682537172
2022-01-28,24.468713421286015,54,31.56814682240013,32.55485357371194
2022-01-29,19.10947216482536,52,50.625586551660035,51.45615435215736
2022-01-30,30.73429052125747,54,74.31247610736882,82.0375017815181
2022-01-31,9.55526366011057,53,59.39902634619338,91.20540122179413
2022-02-01,9.686223062888805,55,49.97577724425682,100.65339623148233
2022-02-02,6.378018639783979,54,25.619505362783332,106.97938243570084
2022-02-03,3.0695733171698514,44,19.13381501984261,103.00155478732202
2022-02-04,1.2680404859671959,38,10.715632442921004,79.80088185200319
2022-02-05,2.558387803178674,48,6.8960016063157,63.24979749035652
2022-02-06,1.1725050363394924,40,4.998933325485341,33.68801200543854
2022-02-07,7.877099134040583,51,11.607991973558729,32.009847479368545
2022-02-08,1.3988813454294624,36,10.448485515809518,23.722505761909208
2022-02-09,0.8262131278596376,34,10.102193607329662,18.170700249984865
2022-02-10,0.5011439669193168,34,2.7262384402083946,15.602270899734332
2022-02-11,0.7114419193385653,34,2.0387990141174974,15.045672333105701
2022-02-12,0.34319617536083635,32,1.5557820616186961,12.830480705287863
2022-02-13,0.08570999395432781,31,1.1403480886537072,11.743685662902699
2022-02-14,0.8352708858415488,31,1.2641770551566909,4.701857414703663
2022-02-15,0.2457488061990973,32,1.1667296859949516,3.5487248754732983
2022-02-16,1.6171924728110914,31,2.6982121648517152,4.339704220424752
2022-02-17,7.801612051848986,52,9.664553330859153,11.64017230535442
2022-02-18,2.9104216546718393,43,12.329226179331894,13.839152040687695
2022-02-19,0.25122038443446465,35,10.963254090955267,13.747176249761324
2022-02-20,3.247176444646077,47,6.408818483752359,16.908642700453072
2022-02-21,2.9269482348029987,38,6.425345063883518,19.000320049414523
2022-02-22,2.699185464298852,39,8.873310143747906,21.45375670751428
2022-02-23,5.673127176642459,43,11.299260875744288,25.509691411345642
2022-02-24,0.253400942040914,31,8.625713582982202,17.961480301537573
2022-02-25,0.15839139153679152,32,6.084919510220141,15.209450038402524
2022-02-26,0.11119425831082803,32,0.5229865918885114,15.069423912278888
2022-02-27,0.5418262881081665,31,0.8114119379557638,12.364073755740979
2022-02-28,0.19321393057924466,31,0.846234476998217,9.630339451517223
2022-03-01,25.73380038051794,31,26.46884059920533,32.664954367736314
2022-03-02,13.275082441792508,25,39.20209675288967,40.26690963288636
2022-03-03,4.948460148037842,18,43.957342970348265,44.961968838883294
2022-03-04,16.528232232551677,34,34.751774822382,61.33180967989817
2022-03-05,10.425255642800527,22,31.901948023390027,71.64587106438788
2022-03-06,7.086288793440557,26,34.03977666879274,78.19033356972027
2022-03-07,11.184929996681921,24,28.696474432922983,89.18204963582293
2022-03-08,5.037527094145397,21,23.308745884267854,68.4857763494504
2022-03-09,5.9175327677243486,18,22.139989858551644,61.12822667538224
2022-03-10,3.8482211870672534,22,14.803281048936977,60.02798771441165
2022-03-11,4.867249371848202,39,14.633003326639784,48.367004853708174
2022-03-12,34.351645960939294,57,43.06711651985473,72.29339517184694
2022-03-13,11.762008019998955,44,50.98090335278643,76.96911439840534
2022-03-14,15.2543444914029,60,61.36799847234113,81.03852889312631
2022-03-15,33.463386962927835,55,60.47973947432967,109.46438876190875
2022-03-16,15.924466147338672,57,64.6421976016694,119.47132214152309
2022-03-17,6.94189067735317,40,56.329743787619655,122.564991631809
2022-03-18,5.716309931649734,24,28.582666756341553,123.41405219161054
2022-03-19,4.140256972843869,22,16.79845758184675,93.20266320351509
2022-03-20,6.567570822375646,50,16.424137726869226,88.0082260058918
2022-03-21,0.7352047790544056,22,11.4430325742739,73.4890862935433
2022-03-22,0.12669821193053687,15,7.429473813360567,40.152397542546
2022-03-23,0.0972352498888449,17,0.9591382408737661,24.32516664509617
2022-03-24,0.7094368982613874,18,0.9333703600807479,18.092712866004387
2022-03-25,0.28826020358320104,16,1.0949323517334122,12.664663137937856
2022-03-26,0.016356382287525995,16,1.0140534841320932,8.540762547381512
2022-03-27,9.93832417135082,36,10.242940757221525,11.911515896356686
2022-03-28,3.700394466001316,26,13.65507501963964,14.876705583303597
2022-03-29,1.669725133133482,20,15.308443770485596,16.41973250450654
2022-03-30,0.008309372348622788,16,5.378428971483399,16.33080662696632
2022-03-31,3.03878507095887,31,4.716819576440954,18.6601547996638
2022-04-01,5.998526019735851,67,9.045620463043324,24.370420615816453
2022-04-02,1.7198558222371874,67,10.757166912931886,26.073920055766116
2022-04-03,0.09017514920883707,59,7.808556991181854,16.22577103362413
2022-04-04,0.00914969357357129,54,1.8191806650195743,12.534526261196385
2022-04-05,1.25487605395907,56,1.354200896741457,12.119677182021974
2022-04-06,0.24438813818210625,52,1.5084138857147262,12.355755947855457
2022-04-07,0.08577871489696501,53,1.58504290703812,9.402749591793553
2022-04-08,4.459956107858599,56,4.79012296093765,7.864179679916301
2022-04-09,2.7531939352082344,60,7.298928757963777,8.897517792887347
2022-04-10,0.11042406392253415,25,7.323574106989347,8.917766707601045
2022-04-11,0.13314083571310006,25,2.996758834843847,9.041757849740574
2022-04-12,0.8389749747156774,27,1.0825398743512902,8.625856770497181
2022-04-13,1.450158097093924,31,2.4222739075226802,9.831626729408999
2022-04-14,0.36747151655562016,66,2.6566045883652003,10.113319531067654
2022-04-15,0.8133185345046491,67,2.630948148154172,6.466681957713703
2022-04-16,1.1011897308171565,66,2.2819797818774044,4.814677753322625
2022-04-17,0.9173804607013626,71,2.8318887260231467,5.621634150101454
2022-04-18,0.05048460022335708,59,2.0690547917418547,5.538977914611711
2022-04-19,0.2542311346457573,58,1.2220961955704557,4.954234074541791
2022-04-20,0.003949128255313777,57,0.3086648631244069,3.508025105703181
2022-04-21,0.003940754862381578,58,0.26212101776343133,3.144494344009942
2022-04-22,0.0012490518667891465,58,0.009138934984463184,2.332424861372082
2022-04-23,0.09038312412622791,57,0.09557293085537732,1.321618254681154
2022-04-24,0.0,58,0.09163217599299575,0.4042377939797913
2022-04-25,0.0,57,0.0903831241262066,0.3537531937564342
2022-04-26,0.061504804096773606,58,0.06150480409675229,0.1610268632074505
2022-04-27,0.09588152613235258,60,0.15738633022910486,0.2529592610844893
2022-04-28,0.23629678527060868,57,0.3936831154997136,0.48531529149271635
2022-04-29,0.8291884476422379,65,1.161366759045178,1.3132546872681652
2022-04-30,7.334271754017253,74,8.399756986930079,8.557143317159191
2022-05-01,0.2655009485622239,65,8.428961150221694,8.822644265721415
2022-05-02,0.8180850160235901,60,8.417857718603047,9.640729281745005
2022-05-03,0.046241102480035004,56,1.1298270670658286,9.625465580128266
2022-05-04,4.618536003068599,72,5.482862121572204,14.148120057064512
2022-05-05,0.5232527780926265,62,5.18802988364124,14.43507604988653
2022-05-06,0.3759565172362874,59,5.517745298397493,13.981844119480579
2022-05-07,0.00330508029864169,56,0.9025143756275352,6.650877445761968
2022-05-08,0.002196176349839176,55,0.3814577738847479,6.387572673549584
2022-05-09,0.0017530406773241661,44,0.007254297325784604,5.571240698203317
2022-05-10,0.07850174396519592,53,0.08245096099233884,5.603501339688479
2022-05-11,5.604169817650836,74,5.684424602293335,6.589135154270715
2022-05-12,0.0893843675137066,60,5.772055929129717,6.155266743691795
2022-05-13,0.07640559552625735,57,5.769959780690779,5.855715821981764
2022-05-14,0.04809164232758094,56,0.21388160536752446,5.9005023840107045
2022-05-15,4.641837766476601,73,4.766335004330419,10.540143974137466
2022-05-16,0.13873718888203168,55,4.828666597686194,10.677128122342175
2022-05-17,0.2461690611445321,55,5.0267440165031445,10.84479543952151
2022-05-18,0.5964225724518519,54,0.9813288224783953,5.837048194322526
2022-05-19,0.0,52,0.8425916335963636,5.74766382680882
2022-05-20,0.0,52,0.5964225724518315,5.671258231282563
2022-05-21,0.0015750411879429033,53,0.0015750411879224752,5.624741630142924
2022-05-22,0.013145667101871228,54,0.014720708289793704,0.9960495307681942
2022-05-23,0.014624607067714922,52,0.029345315357508624,0.8719369489538775
2022-05-24,0.02843132745500524,52,0.05620160162457096,0.6541992152643507
2022-05-25,0.03673868592082037,53,0.0797946204435201,0.09451532873331914
2022-05-26,0.01476961000833665,49,0.07993962338414183,0.10928493874165579
2022-05-27,0.011089064089246297,51,0.0625973600183829,0.12037400283090208
2022-05-28,0.03439832532107919,52,0.06025699941864171,0.1531972869640384
2022-05-29,0.023493022376471898,52,0.06898041178677695,0.16354464223863904
2022-05-30,16.7439236094521,73,16.80181495714963,16.892843644623024
2022-05-31,10.187776092254275,72,26.955192724082828,27.052188409422293
2022-06-01,2.1120887652587657,72,29.04378846696512,29.127538488760237
2022-06-02,0.05568425640100769,60,12.355549113914027,29.16845313515291
2022-06-03,0.43971555925699557,68,2.6074885809167476,29.59707963032066
2022-06-04,0.5825535501084457,70,1.0779533657664278,30.145234855108026
2022-06-05,0.05247609971195022,58,1.0747452090773701,30.174217932443504
2022-06-06,0.008556933513962842,57,0.6435865833343374,13.438851256505368
2022-06-07,2.6012141613264586,71,2.66224719455235,5.8522893255775505
2022-06-08,4.928749668354602,71,7.5385207631950015,8.668950228673387
2022-06-09,5.49564371542727,69,13.025607545108308,14.108909687699647
2022-06-10,9.219094766272445,72,19.643488150054296,22.888288894715096
2022-06-11,0.4204281484073289,65,15.13516663010702,22.72616349301398
2022-06-12,0.10473973822648622,57,9.744262652906238,22.778427131528517
2022-06-13,0.21223398641912955,57,0.7374018730529234,22.982104184433684
2022-06-14,0.0614734301278833,57,0.37844715477347773,20.44236345323511
2022-06-15,0.07674303102308852,58,0.35045044757008004,15.590356815903595
2022-06-16,0.07556348887538164,58,0.21377995002633216,10.170276589351708
2022-06-17,0.03167045175340851,57,0.18397697165185734,0.9828522748326711
2022-06-18,0.5215027489189212,68,0.62873668954769,1.0839268753442635
2022-06-19,0.048188787457651455,59,0.6013619881299598,1.0273759245754288
2022-06-20,0.01059024304599253,57,0.5802817794225439,0.8257321812022916
2022-06-21,0.005047417078079098,56,0.06382644758170176,0.7693061681524874
2022-06-22,0.008610027098058784,56,0.024247687222109095,0.7011731642274578
2022-06-23,0.001697272099451139,58,0.015354716275567705,0.6273069474515273
2022-06-24,0.005897258328597444,46,0.01620455752608605,0.6015337540267162
2022-06-25,,0,,
2022-06-26,0.47202817394852026,53,,
2022-06-27,0.008250276395931278,56,,
2022-06-28,0.0018040621773541458,55,0.48208251252178436,
2022-06-29,0.11640852500695889,56,0.12646286358022302,
2022-06-30,0.014556197096084468,55,0.1327687842803762,
2022-07-01,0.012493129417489573,67,0.1434578515205116,
2022-07-02,0.02838060200348403,69,0.05542992851703676,0.6539209660457872
2022-07-03,0.0012323908757107796,68,0.04210612229666307,0.1831251829729777
2022-07-04,0.0,68,0.029612992879173492,0.1748749065770464
2022-07-05,0.0037399504600656047,69,0.004972341335755068,0.1768107948597579
2022-07-06,0.0,66,0.003739950460044288,0.060402269852798986
2022-07-07,0.0022427265311831543,68,0.005982676991227442,0.04808879928789767
2022-07-08,0.0,69,0.002242726531161838,0.035595669870408096
2022-07-09,0.3544487762061498,70,0.35669150273731165,0.36166384407307384
2022-07-10,0.5209626950405261,45,0.8754114712466545,0.8813941482378891
2022-07-11,0.01083410026703298,70,0.8862455715136875,0.8922282485049222
2022-07-12,0.10197385206443814,69,0.6337706473719759,0.9904621501092947
2022-07-13,0.44028067281848643,61,0.5530886251499363,1.4307428229277812
2022-07-14,0.037081053668993405,68,0.5793355785518967,1.4655811500655913
2022-07-15,0.2205224143226246,69,0.6978841408100831,1.6861035643882158
2022-07-16,0.24765074755897917,69,0.5052542155505758,1.5793055357410453
2022-07-17,0.32671449263448527,69,0.7948876545160677,1.3850573333350045
2022-07-18,0.2820851626740128,68,0.856450402867456,1.6563083957419844
2022-07-19,0.3846919961066672,68,0.993491651415144,1.9390265397842135
2022-07-20,0.01934991102349825,67,0.6861270698041569,1.5180957779892252
2022-07-21,0.1842068200591538,67,0.588248727189298,1.6652215443793859
2022-07-22,0.42088579347517785,67,0.6244425245578086,1.865584923531939
2022-07-23,0.770242808316215,62,1.3753354218505254,2.3881769842891747
2022-07-24,0.0,68,1.1911286017913716,2.0614624916546895
2022-07-25,0.10064282589786344,65,0.8708856342140572,1.8800201548785402
2022-07-26,0.21393392169510758,67,0.31457674759294973,1.7092620804669805
2022-07-27,0.4033086328639136,68,0.7178853804568633,2.093220802307396
2022-07-28,0.44888327456106797,67,1.066125829120068,2.35789725680931
2022-07-29,7.412395952755792,70,8.264587860180752,9.349407416089925
2022-07-30,0.6949804462982241,67,8.556259673615063,9.274145054071932
2022-07-31,0.06596583373354944,68,8.173342232787546,9.340110887805482
2022-08-01,0.012219388295511899,39,0.7731656683272641,9.25168745020313
2022-08-02,0.22892293841461706,38,0.3071081604436571,9.26667646692264
2022-08-03,0.3539764962750051,37,0.5951188229851128,9.21734433033373
2022-08-04,0.33375430372955917,39,0.91665373841916,9.102215359502223
2022-08-05,1.814846690226837,54,2.50257749023138,3.504666096973268
2022-08-06,0.7034239799603691,40,2.8520249739167443,3.513109630635413
2022-08-07,0.8150912032915744,47,3.3333618734787596,4.262235000193439
2022-08-08,11.07162529837904,69,12.590140481630963,15.321640910276965
2022-08-09,1.4717267175202313,58,13.358443219190825,16.56444468938258
2022-08-10,10.186879970544645,71,22.730231986443897,26.397348163652218
2022-08-11,2.1588264774234793,69,13.817433165488335,28.22242033734614
2022-08-12,2.449981309637297,65,14.7956877576054,28.8575549567566
2022-08-13,0.08904901697432425,40,4.697856804035079,28.243179993770553
2022-08-14,0.07253913381573811,39,2.611569460427338,27.50062792429472
2022-08-15,0.15867899119817014,38,0.32026714198821116,16.58768161711385
2022-08-16,0.696796954150989,39,0.9280150791648758,15.812751853744608
2022-08-17,0.1462652997159363,43,1.0017412450650742,5.772137182915898
2022-08-18,0.09768784538201293,39,0.9407500992489168,3.710998550874432
2022-08-19,2.316968937641214,69,2.560922082739142,3.577986178878349
2022-08-20,0.03763061840935648,41,2.4522874014325624,3.5265677803133815
2022-08-21,0.02796197588281804,36,2.3825615319333675,3.4819906223804615
2022-08-22,0.01594972051787327,39,0.08154231481002647,3.339261351700164
2022-08-23,0.008089241004830236,37,0.05200093740550023,2.6505536385540056
2022-08-24,0.0026203807544500704,37,0.026659342277132257,2.5069087195925195
2022-08-25,0.008172282938342912,38,0.0188819046976019,2.4173931571488496
2022-08-26,0.08581570956042875,38,0.09660837325320042,0.18623992906806422
2022-08-27,0.00520760006749355,37,0.09919559256624388,0.1538169107262013
2022-08-28,0.10816019690379262,40,0.1991835065316936,0.23401513174717586
2022-08-29,1.3026388964082998,62,1.4160066933795645,1.5207043076376023
2022-08-30,0.35592015009966976,42,1.7667192434117407,1.8685352167324418
2022-08-31,0.015931983147923476,25,1.6744910296558717,1.8818468191259152
2022-09-01,0.04509194969413339,11,0.4169440829417053,1.9187664858817057
2022-09-02,0.02283136693373843,11,0.08385529977577398,1.8557821432550154
2022-09-03,0.8919268564093757,12,0.9598501730372262,2.7425013995968976
2022-09-04,8.381318061718435,61,9.296076285061527,11.01565926441154
2022-09-05,0.21850854409680848,12,9.491753462224597,9.931528912100047
2022-09-06,0.10427463659389963,11,8.704101242409122,9.679883398594278
2022-09-07,8.050963097277847,45,8.373746277968534,17.7149145127242
2022-09-08,0.35170196009457494,10,8.5069396939663,18.021524523124643
2022-09-09,0.058325955519864664,11,8.460991012892265,18.05701911171077
2022-09-10,0.013396433265758774,10,0.42342434888017705,17.178488688567153
2022-09-11,1.9372617023052805,15,2.0089840910908827,10.734432329153998
2022-09-12,6.011433749303443,11,7.962091884874461,16.527357534360632
2022-09-13,4.399887978187348,15,12.34858342979605,20.82297087595408
2022-09-14,6.492980040973849,55,16.90430176846462,19.26498781965008
2022-09-15,2.124125305440578,32,13.016993324601755,21.037411164996083
2022-09-16,0.913893950795981,14,9.530999297210386,21.8929791602722
2022-09-17,0.795272830739713,15,3.833292086976251,22.674855557746156
2022-09-18,0.24905335728557,12,1.9582201388212428,20.986647212726446
2022-09-19,0.05861260250251165,9,1.1029387905277734,15.033826065925515
2022-09-20,8.219305810153303,56,8.526971769941364,18.85324389789147
2022-09-21,8.28129078151319,12,16.559209194168986,20.64155463843081
2022-09-22,6.316631812283321,50,22.817228403949795,24.83406114527355
2022-09-23,5.130468201823463,10,19.72839079561995,29.050635396301036
2022-09-24,4.293642303981221,10,15.740742318087984,32.54900486954254
2022-09-25,0.04721242304022292,10,9.471322928844886,32.347163935297196
2022-09-26,18.30516391550239,60,22.646018642523813,50.59371524829707
2022-09-27,44.66026910222977,60,63.01264544077236,87.03467854037355
2022-09-28,24.7665031414456,62,87.73193615917774,103.51989090030595
2022-09-29,4.202883895818882,53,73.62965613949423,101.40614298384152
2022-09-30,8.756197241361788,56,37.72558427862625,105.03187202337985
2022-10-01,1.7013447143021616,39,14.66042585148281,102.43957443370078
2022-10-02,4.555629790915907,27,15.013171746579834,106.94799180157646
2022-10-03,3.704112141395388,28,9.961086646613435,92.34694002746946
2022-10-04,4.602846563315175,25,12.862588495626449,52.28951748855487
2022-10-05,0.6529759255010857,22,8.959934630211627,28.17599027261036
2022-10-06,1.394746016780049,24,6.650568505596288,25.367852393571525
2022-10-07,7.593441390128072,58,9.641163332409185,24.205096542337806
2022-10-08,0.8257748706452125,19,9.813962277553312,23.329526698680862
2022-10-09,15.007428333120213,61,23.426644593893478,33.78132524088517
2022-10-10,2.5465987433869985,60,18.3798019471524,32.623811842876776
2022-10-11,4.808922918008518,24,22.36294999451571,32.82988819757012
2022-10-12,2.7839548789016,14,10.139476540297096,34.960867150970635
2022-10-13,5.987595610445094,3,13.580473407355191,39.55371674463568
2022-10-14,0.43419114770972267,24,9.205741637056395,32.39446650221733
2022-10-15,1.621264713548195,40,8.043051471702992,33.18995634512031
2022-10-16,0.2238998287765221,20,2.2793556900344183,18.406427840776622
2022-10-17,4.227385438226061,22,6.072549980550757,20.087214535615683
2022-10-18,2.660486624733754,53,7.111771891736316,17.938778242340923
2022-10-19,0.9424483742747253,46,7.830320437234519,16.097271737714046
2022-10-20,0.08107349505137894,19,3.684008494059837,10.190749622320332
2022-10-21,6.954887400173032,59,7.978409269499115,16.71144587478364
2022-10-22,0.0,2,7.035960895224389,15.090181161235446
2022-10-23,0.0744878314312749,19,7.029375231604285,14.940769163890197
2022-10-24,0.046268502509088455,18,0.12075633394034203,10.759652228173225
2022-10-25,0.027510714574911263,16,0.1482670485152533,8.126676318014383
2022-10-26,0.00932038764034851,16,0.08309960472432691,7.193548331380005
2022-10-27,1.091594095555038,20,1.1284251977702766,8.204068931883665
2022-10-28,1.3779454311324646,22,2.4788599143278303,2.6271269628430973
2022-10-29,12.03119732172262,36,14.500736848410103,14.658324284565719
2022-10-30,3.452366188658425,50,16.86150894151349,18.036202641792865
2022-10-31,32.02812242904858,57,47.511685939429604,50.018056568332355
2022-11-01,2.9674813169135064,32,38.44796993462049,52.958027170670945
2022-11-02,2.7011521156131044,41,37.69675586157517,55.64985889864371
2022-11-03,3.4110732621197375,47,9.079706694646326,57.969338065208404
2022-11-04,0.5475498577216193,18,6.65977523545444,57.13894249179756
2022-11-05,0.8706153353279926,22,4.829238455169328,45.978360505402925
2022-11-06,0.32704524453511474,17,1.7452104375847055,42.853039561279616
2022-11-07,0.5386800190590251,15,1.7363405989221112,11.363597151290065
2022-11-08,0.3879766550077305,15,1.253701918601849,8.784092489384289
2022-11-09,0.3376674258721934,15,1.2643240999389276,6.420607799643378
2022-11-10,0.15871210201517427,13,0.8843561828950768,3.1682466395388142
2022-11-11,15.6230271527698,47,16.119406680657146,18.243723934586995
2022-11-12,5.412922177260039,25,21.19466143204499,22.78603077651904
2022-11-13,1.0511659832014257,15,22.087115313231244,23.510151515185353
2022-11-14,6.681693886599275,46,13.145782047060719,29.653165382725604
2022-11-15,2.345524687023435,13,10.078384556824115,31.61071341474131
2022-11-16,2.7863236217766008,13,11.81354219539929,34.05936961064572
2022-11-17,0.010830707480796486,13,5.142679016280812,33.91148821611134
2022-11-18,2.6402918547014926,15,5.437446183958869,20.92875291804303
2022-11-19,0.0,13,2.6511225621822687,15.51583074078299
2022-11-20,9.903202935499394,36,12.543494790200866,24.36786769308096
2022-11-21,5.866753187370246,18,15.769956122869619,23.552926993851926
2022-11-22,8.977894775120898,46,24.747850897990517,30.18529708194939
2022-11-23,22.74029925709571,58,37.58494721958684,50.1392727172685
2022-11-24,8.90598691292718,58,40.62418094514376,59.03442892271488
2022-11-25,12.447338385886066,56,44.09362455590893,68.84147545389946
2022-11-26,3.349333955539177,18,24.7026592543524,72.19080940943864
2022-11-27,1.5962369299224604,17,17.392909271347683,63.883843403861704
2022-11-28,19.910010723985792,52,24.85558160944741,77.92710094047725
2022-11-29,13.553704254274777,54,35.05995190818301,82.50291041963112
2022-11-30,10.298500070501248,41,43.762215048761796,70.06111123303667
2022-12-01,4.4833991747448465,29,28.33560349952085,65.63852349485433
2022-12-02,1.6197541265625586,24,16.40165337180863,54.810939235530824
2022-12-03,12.918423522683655,52,19.02157682399104,64.3800288026753
2022-12-04,4.573932213063381,36,19.112109862309573,67.35772408581622
2022-12-05,11.294738023921381,57,28.787093759668394,58.742451385751814
2022-12-06,21.26198974172007,59,37.13065997870481,66.4507368731971
2022-12-07,16.797740744211403,54,49.354468509852836,72.94997754690726
2022-12-08,4.580576887690526,26,42.64030737362198,73.04715525985293
2022-12-09,3.0809314887647683,24,24.45924912066668,74.50833262205515
2022-12-10,1.7049178939809562,23,9.366426270436232,63.294826993352444
2022-12-11,3.6280346491267954,13,8.413884031872502,62.34892942941586
2022-12-12,6.929332835348345,48,12.262285378456077,57.983524240842826
2022-12-13,18.888864598732354,53,29.446232083207477,55.61039909785511
2022-12-14,3.4459601477142816,23,29.26415758179496,42.258618501357994
2022-12-15,1.4453494387856818,21,23.7801741852323,39.123391052453144
2022-12-16,2.995194589546246,20,7.886504176046191,39.03765415323463
2022-12-17,1.1900562268272246,20,5.630600255159135,38.522792486080895
2022-12-18,0.04814412099051794,19,4.23339493736397,34.94290195794461
2022-12-19,1.1371153346196907,25,2.3753156824374155,29.150684457215963
2022-12-20,3.601262662819653,38,4.786522118429844,13.86308252130326
2022-12-21,2.0262246893952933,27,6.764602686834619,12.443347062984273
2022-12-22,0.7418677263640125,21,6.369355078578941,11.739865350562603
2022-12-23,0.06146048012012624,18,2.829552895879414,8.806131241136484
2022-12-24,0.037930399167088,19,0.8412586056512086,7.654005413476346
2022-12-25,0.38314648623532,19,0.482537365522516,7.989007778721149
2022-12-26,0.3107330045093799,20,0.7318098899117698,7.162625448610838
2022-12-27,1.8769819739630238,23,2.5708614647077055,5.438344759754209
2022-12-28,22.604062882888485,54,24.79177786136087,26.0161829532474
2022-12-29,5.278997151839862,35,29.76004200869135,30.55331237872325
2022-12-30,6.201944492732256,41,34.08500452746058,36.69379639133538
2022-12-31,8.318066302394437,28,19.799007946966537,44.97393229456273
2023-01-01,3.147940943613196,29,17.66795173873987,47.738726751940604
2023-01-02,2.2808720710523533,28,13.746879317059967,49.70886581848358
2023-01-03,4.414343275911601,39,9.843156290577133,52.24622712043215
2023-01-04,22.68383264865703,57,29.379047995620965,52.3259968862007
2023-01-05,15.598095564280174,59,42.69627148884879,62.64509529864101
2023-01-06,4.700054129954135,48,42.98198234289132,61.14320493586289
2023-01-07,1.9373967057962758,35,22.235546400030568,54.76253533926473
2023-01-08,1.548006192571915,29,8.185457028322308,53.16260058822345
2023-01-09,0.41303692718582935,26,3.8984398255540023,51.29476544435692
2023-01-10,11.617153545391615,39,13.578196665149342,58.49757571383694
2023-01-11,3.839430325039733,37,15.86962079761716,39.65317339021964
2023-01-12,4.50756168723093,31,19.964145557662256,28.5626395131704
2023-01-13,2.4893975156685793,27,10.836389527939222,26.35198289888484
2023-01-14,17.740394675354562,54,24.73735387825405,42.154980868443126
2023-01-15,11.174397191145273,43,31.404189382168397,51.78137186701649
2023-01-16,14.163387649883258,50,43.078179516383074,65.53172258971392
2023-01-17,3.917793840950987,31,29.255578681979497,57.83236288527329
2023-01-18,0.4142293312960445,24,18.49541082213027,54.4071618915296
2023-01-19,0.842079792691163,24,5.174102964938173,50.74167999698983
2023-01-20,4.674647964913441,47,5.930957088900627,52.92693044623469
2023-01-21,1.0835400371993524,28,6.600267794803935,36.27007580807948
2023-01-22,0.4262362300057973,26,6.1844242321185705,25.521914846940007
2023-01-23,4.2057456443531605,35,5.715521911558289,15.56427284140991
2023-01-24,4.699692776868053,32,9.33167465122699,16.346171777326976
2023-01-25,0.10546952260537895,25,9.010907943826572,16.03741196863631
2023-01-26,0.11250891740988203,24,4.917671216883293,15.30784109335503
2023-01-27,0.035604624647816885,24,0.2535830646630566,10.668797753089407
2023-01-28,10.237197882674337,44,10.385311424732015,19.82245559856439
2023-01-29,12.04827945138248,42,22.321081958704614,31.444498819941074
2023-01-30,5.998525736326916,32,28.28400307038371,33.23727891191483
2023-01-31,6.693061119247612,34,24.739866306956987,35.23064725429439
2023-02-01,22.91938836799871,54,35.61097522357322,58.04456609968772
2023-02-02,7.324218811682756,33,36.93666829892906,65.2562759939606
2023-02-03,2.9575955351247902,29,33.201202714806236,68.17826690443756
2023-02-04,5.7164078134647935,39,15.998222160272318,63.657476835228024
2023-02-05,2.187559465536415,21,10.861562814125977,53.79675684938195
2023-02-06,3.8547054078256764,21,11.758672686826863,51.652936520880715
2023-02-07,50.49087950500564,53,56.53314437836771,95.45075490663874
2023-02-08,4.517609580291716,19,58.86319449312301,77.04897611893175
2023-02-09,2.650396280423623,19,57.658885365720955,72.37515358767261
2023-02-10,1.3030836243056743,18,8.471089485020993,70.72064167685349
2023-02-11,7.887982807487898,51,11.841462712217174,72.8922166708766
2023-02-12,18.82509273468334,57,28.016159166476893,89.52974994002352
2023-02-13,6.71096736942153,45,33.42404291159275,92.38601190161938
2023-02-14,1.4573921030963994,17,26.99345220720125,43.35252449971014
2023-02-15,5.3039769173913855,32,13.472336389909294,44.138891836809805
2023-02-16,7.1873598529445895,19,13.948728873432353,48.67585540933078
2023-02-17,20.21840910412866,52,32.709745874464616,67.59118088915376
2023-02-18,27.715456258234,58,55.121225215307234,87.41865433989986
2023-02-19,21.559980369183872,68,69.49384573154651,90.1535419744004
2023-02-20,8.187605028819622,29,57.46304165623748,91.63017963379848
2023-02-21,23.8787386536297,61,53.626324051633176,114.05152618433178
2023-02-22,3.990256665042306,22,36.05660034749161,112.7378059319827
2023-02-23,13.48120676198912,29,41.350202080661106,119.03165284102724
2023-02-24,2.177773455575455,18,19.649236882606864,100.99101719247403
2023-02-25,1.3009277996478854,19,16.95990801721244,74.57648873388791
2023-02-26,1.3691595995918378,17,4.84786085481516,54.385667964295884
2023-02-27,0.06017026068159598,16,2.7302576599213015,46.25823319615785
2023-02-28,14.267052606196966,59,15.696382466470382,36.64654714872512
2023-03-01,0.26309728971159074,18,14.590320156590135,32.919387773394405
2023-03-02,0.14818317892648122,18,14.67833307483502,19.58636419033177
2023-03-03,11.718342384528178,36,12.129622853166232,29.126933119284494
2023-03-04,0.23887174458795,20,12.105397308042592,28.064877064224557
2023-03-05,1.077411590169621,19,13.034625719285732,27.77312905480234
2023-03-06,10.438896781261992,59,11.755180116019545,38.15185557538274
2023-03-07,1.2800507448905571,16,12.796359116322153,25.164853714076326
2023-03-08,17.5429454661507,47,29.26189299230323,42.44470189051543
2023-03-09,14.510143053839366,45,33.33313926488061,56.80666176542832
2023-03-10,36.092817928094895,65,68.14590644808494,81.18113730899503
2023-03-11,12.137623842825759,55,62.740584824760006,93.07988940723284
2023-03-12,16.852065246262864,65,65.0825070171835,108.85454306332609
2023-03-13,26.40429117721326,62,55.39398026630187,124.81993745927736
2023-03-14,8.684371185172903,59,51.94072760864901,132.22425789955972
2023-03-15,4.8666972955584304,19,39.95535965794458,119.54800972896744
2023-03-16,3.793755953618412,17,17.344824434349732,108.83162262874647
2023-03-17,1.6844372938737882,15,10.344890543050616,74.42324199452537
2023-03-18,0.8534365759798518,15,6.331629823472038,63.139054727679465
2023-03-19,2.074135477613327,17,4.6120093474669535,48.36112495902993
2023-03-20,2.6732857242283385,17,5.600857777821503,24.63011950604501
2023-03-21,0.05957301654220547,14,4.806994218383857,16.005321337414312
2023-03-22,0.06665999776516619,14,2.799518738535696,11.205284039621045
2023-03-23,0.053394445625319455,14,0.1796274599326769,7.464922531627955
2023-03-24,0.030610892111827517,14,0.15066533550229896,5.8110961298659936
2023-03-25,0.030610892111827517,14,0.11461622984896028,4.988270445997969
2023-03-26,0.06942424725251603,14,0.13064603147615686,2.983559215637158
2023-03-27,7.886263943963331,49,7.98629908332766,8.19653743537215
2023-03-28,0.057942579917609836,13,8.013630771133442,8.194906998747555
2023-03-29,7.217639476306958,26,15.161846000187884,15.345886477289346
2023-03-30,0.5686269710023851,16,7.844209027226938,15.861119002666412
2023-03-31,12.64594304147333,41,20.43220948878266,28.476451152027913
2023-04-01,1.4267172834078796,16,14.641287295883583,29.872557543323968
2023-04-02,0.3463279754018002,15,14.418988300282995,30.14946127147325
2023-04-03,0.21531668111526478,10,1.9883619399249304,22.478514008625183
2023-04-04,0.1452947281813669,10,0.7069393846984177,22.56586615688894
2023-04-05,0.08763648457398178,10,0.44824789387059927,15.435863165155965
2023-04-06,0.01592265644798164,9,0.24885386920331612,14.883158850601562
2023-04-07,5.240663629830693,58,5.344222770852642,7.477879438958925
2023-04-08,1.804527678390075,32,7.061113964668736,7.8556898339411205
2023-04-09,0.5104122458744736,21,7.555603554095227,8.019774104413793
2023-04-10,0.11062817503012781,9,2.4255680992946624,7.915085598328657
2023-04-11,0.018956913780817534,9,0.6399973346854048,7.788747783928107
2023-04-12,2.561230441522105,15,2.6908155303330363,10.26234174087623
2023-04-13,4.440821995454128,44,7.021009350757036,14.687241079882376
2023-04-14,11.153181368358078,62,18.155233805334298,20.59975881840976
2023-04-15,2.792608956074897,60,18.386612319887085,21.587840096094588
2023-04-16,0.5572204298767505,17,14.503010754309711,21.63464828009686
2023-04-17,4.808666162029862,53,8.158495547981493,26.332686267096598
2023-04-18,26.521087003847516,67,31.886973595754114,52.83481635716329
2023-04-19,8.60450107516861,66,39.93425424104597,58.87808699080979
2023-04-20,1.6735122658525214,14,36.799100344868634,56.110777261208185
2023-04-21,0.22022537965870176,11,10.498238720679815,45.177821272508815
2023-04-22,0.23797685052224754,12,2.131714496033453,42.623189166956166
2023-04-23,0.18545295129153833,11,0.6436551814724698,42.251421688370954
2023-04-24,0.0,10,0.4234298018137681,37.44275552634109
2023-04-25,0.041673855597025904,11,0.22712680688854647,10.963342378090601
2023-04-26,0.24388727747786598,21,0.28556113307487413,2.6027285803998583
2023-04-27,1.5311310668115519,39,1.816692199886426,2.460347381358889
2023-04-28,2.840469323094999,65,4.615487667384399,5.0805913247951855
2023-04-29,0.8483088332804621,29,5.2199092231869955,5.6909233075534
2023-04-30,0.0,10,3.6887781563754434,5.505470356261862
2023-05-01,0.03080902336767686,62,0.8791178566481208,5.536279379629539
2023-05-02,1.6519136455228294,64,1.682722668890488,7.146519169555343
2023-05-03,0.13692978862947683,61,1.8196524575199648,7.039561680706953
2023-05-04,0.06599089943925694,61,1.854834333591545,5.574421513334658
2023-05-05,0.017032024016886988,60,0.21995271208560255,2.7509842142565466
2023-05-06,0.019777960152261985,61,0.10280088360838771,1.9224533411283462
2023-05-07,0.01887919971807993,60,0.0556891838872107,1.9413325408464264
2023-05-08,0.021418544405562744,60,0.06007570427588646,1.9319420618843122
2023-05-09,0.08343805067613087,60,0.12373579479975534,0.36346646703761365
2023-05-10,8.864392688098405,63,8.969249283180082,9.090929366506542
2023-05-11,0.23218096482471434,59,9.180011703599233,9.257119431891999
2023-05-12,0.025380086777998502,59,9.1219537397011,9.26546749465311
2023-05-13,0.2083035715778713,59,0.4658646231805664,9.45399310607872
2023-05-14,0.0,59,0.23368365835585203,9.43511390636064
2023-05-15,0.01224087415563309,59,0.22054444573348664,9.425936236110712
2023-05-16,0.0,58,0.012240874155615327,9.34249818543458
2023-05-17,0.0036775532552850983,59,0.015918427410900424,0.4817830505914597
2023-05-18,0.02316161632594659,59,0.02683916958121392,0.27276370209269196
2023-05-19,0.0,59,0.026839169581213924,0.24738361531469344
2023-05-20,0.0073551065105701965,59,0.030516722836499022,0.04643515024739234
2023-05-21,0.007312002947499679,60,0.014667109458052111,0.05374715319489202
2023-05-22,0.0036560014737498396,60,0.01832311093180195,0.04516228051300877
2023-05-23,0.007312002947499679,60,0.018280007368731435,0.05247428346050845
2023-05-24,0.010785204347562027,60,0.02175320876879378,0.059581934552785376
2023-05-25,0.007312002947499679,60,0.025409210242543622,0.04373232117433847
2023-05-26,0.0,60,0.018097207295043945,0.043732321174338465
2023-05-27,0.0,60,0.007312002947481916,0.036377214663768274
2023-05-28,4.813980402096191,66,4.813980402096173,4.84304561381246
2023-05-29,0.7067243107840775,63,5.520704712880251,5.546113923122787
2023-05-30,0.12029564387646803,61,5.641000356756718,5.659097564051756
2023-05-31,25.356301631893324,66,26.183321586553852,31.004613991597516
2023-06-01,1.1478262608277037,65,26.624423536597476,32.14512824947772
2023-06-02,0.034703961822316505,57,26.538831854543325,32.17983221130004
2023-06-03,0.3087866311470142,58,1.4913168537970165,32.48861884244705
2023-06-04,0.07208413291196515,58,0.4155747258812781,27.746722573262822
2023-06-05,0.02620153533082421,57,0.4070722993897858,27.06619979780957
2023-06-06,0.02770114566889406,57,0.12598681391166566,26.973605299602
2023-06-07,0.05286252754329712,58,0.10676520854299763,1.6701661952519724
2023-06-08,0.0535461543928599,57,0.13410982760503332,0.5758860888171285
2023-06-09,0.10440324410285441,58,0.21081192603899368,0.6455853710976664
2023-06-10,0.011637678918490971,57,0.16958707741418752,0.3484364188691432
2023-06-11,0.0730899254034901,58,0.18913084842481775,0.34944221136066816
2023-06-12,0.004011226488047777,56,0.08873883081001109,0.32725190251789177
2023-06-13,0.17382452028616832,58,0.25092567217768846,0.47337527713516603
2023-06-14,11.251513540539094,66,11.429349287313292,11.672026290130962
2023-06-15,8.003048110398927,65,19.42838617122417,19.62152824613703
2023-06-16,0.5199825009782513,59,19.774544151916253,20.037107503012425
2023-06-17,0.1478211104597306,55,8.670851721836891,20.173290934553666
2023-06-18,0.05376153367519289,54,0.721565145113157,20.15396254282537
2023-06-19,0.09151244114262079,55,0.2930950852775265,20.241463757479938
2023-06-20,0.11776902780109018,54,0.2630430026188861,20.185408264994862
2023-06-21,0.0687645600369284,54,0.2780460289806216,9.0026592844927
2023-06-22,0.0,53,0.1865335878380008,0.9996111740937714
2023-06-23,0.0,53,0.06876456003691063,0.4796286731155202
2023-06-24,0.0,52,0.0,0.3318075626557896
2023-06-25,0.2274812385919792,52,0.22748123859196143,0.5055272675725759
2023-06-26,0.0,51,0.22748123859196143,0.41401482642995513
2023-06-27,0.0,51,0.22748123859196143,0.2962457986288649
2023-06-28,0.0,48,0.0,0.22748123859193656
2023-06-29,0.1633968057282541,49,0.16339680572823634,0.3908780443201907
2023-06-30,3.3914180216971075,50,3.5548148274253437,3.782296066017298
2023-07-01,0.0,49,3.5548148274253437,3.7822960660172984
2023-07-02,0.0,48,3.3914180216970897,3.5548148274253193
2023-07-03,0.04940960080340734,48,0.049409600803389575,3.6042244282287266
2023-07-04,0.0,48,0.049409600803389575,3.6042244282287266
2023-07-05,0.0,48,0.049409600803389575,3.6042244282287266
2023-07-06,,0,,
2023-07-07,,0,,
2023-07-08,0.005211805302547177,54,,
2023-07-09,3.7569841043735024,60,,
2023-07-10,1.0768887981220994,57,4.839084707798131,
2023-07-11,0.013001506070530383,55,4.846874408566114,
2023-07-12,0.007675966975199393,55,1.0975662711678114,
2023-07-13,0.32787157439679704,55,0.34854904744250903,
2023-07-14,0.011483308676588158,54,0.34703085004856676,5.199117063917222
2023-07-15,0.0112572306501347,54,0.35061211372350215,5.20516248926481
2023-07-16,0.0039592012477900835,52,0.026699740574495177,1.4521375861390968
2023-07-17,0.07590096176390172,54,0.09111739366180874,0.4511497497808993
2023-07-18,0.009182406510484529,52,0.08904256952215857,0.4473306502208534
2023-07-19,0.24753814857376216,52,0.3326215168481307,0.6871928318194163
2023-07-20,0.01593967797087428,53,0.27266023305510323,0.3752609353934934
2023-07-21,0.0,54,0.2634778265446187,0.3637776267169053
2023-07-22,0.0,55,0.015939677970856516,0.35252039606677055
2023-07-23,0.0,55,0.0,0.34856119481898046
2023-07-24,0.0,54,0.0,0.27266023305507875
2023-07-25,0.009801560886789623,54,0.00980156088677186,0.27327938743138386
2023-07-26,0.0,53,0.00980156088677186,0.025741238857621716
2023-07-27,0.004965790044775839,52,0.014767350931547699,0.014767350931523274
2023-07-28,1.7851293523879297,55,1.7900951424326879,1.799896703319453
2023-07-29,0.2246556780299003,54,2.0147508204625884,2.0245523813493533
2023-07-30,0.01027596136985003,54,2.0200609917876626,2.0348283427192033
2023-07-31,0.0075205515628767915,54,0.24245219096260937,2.04234889428208
2023-08-01,0.005623499321495065,45,0.02342001225420412,2.038170832716786
2023-08-02,0.023056347218129766,45,0.03620039810248386,2.0612271799349156
2023-08-03,0.005623499321495065,45,0.03430334586110213,2.0618848892116346
2023-08-04,0.261745029284668,46,0.29042487582427506,0.5385005661083728
2023-08-05,0.33662198079287836,45,0.6039905093990237,0.6504668688713509
2023-08-06,0.39165142576287065,46,0.9900184358403992,1.0318423332643714
2023-08-07,0.011091318171235988,45,0.7393647247269673,1.035413099872731
2023-08-08,0.22957446002731705,47,0.6323172039614059,1.2593640605785525
2023-08-09,8.783801621616176,56,9.02446739981471,10.020109334976599
2023-08-10,0.9460840642440177,47,9.959460145887492,10.960569899899122
2023-08-11,1.5336308017910731,54,11.263516487651248,12.232455672405527
2023-08-12,0.8961660270174601,51,3.375880893052533,12.791999718630109
2023-08-13,0.20815344036469163,49,2.6379502691732073,12.60850173323193
2023-08-14,0.01703998338695166,48,1.1213594507690856,12.614450398447644
2023-08-15,0.0,44,0.22519342375162554,12.384875938420327
2023-08-16,0.0023644867426256874,44,0.019404470129559585,3.6034388035467773
2023-08-17,0.0,45,0.002364486742607924,2.6573547393027597
2023-08-18,0.0,46,0.002364486742607924,1.1237239375116863
2023-08-19,0.0017628520369699853,46,0.0017628520369522217,0.22932076253119632
2023-08-20,0.0,46,0.0017628520369522217,0.0211673221665047
2023-08-21,0.0,45,0.0017628520369522217,0.00412733877955304
2023-08-22,0.0,45,0.0,0.00412733877955304
2023-08-23,0.0,45,0.0,0.0017628520369273528
2023-08-24,3.119696109787951,53,3.119696109787933,3.1214589618248785
2023-08-25,3.7747238438357105,56,6.894419953623643,6.8961828056605885
2023-08-26,8.619075303302333,57,15.513495256925976,15.513495256925951
2023-08-27,5.039863688905116,58,17.43366283604314,20.553358945831068
2023-08-28,0.9499321905250829,55,14.608871182732514,21.50329113635615
2023-08-29,0.04927338487481571,46,6.039069264304996,21.552564521230966
2023-08-30,0.01616924598063257,41,1.0153748213805134,21.568733767211597
2023-08-31,0.11478394748068277,44,0.18022657833611327,18.56382160490433
2023-09-01,0.06392631795291999,21,0.19487951141421758,14.85302407902154
2023-09-02,9.201952038375843,55,9.380662303809428,15.435900814095051
2023-09-03,15.268939245862397,59,24.53481760219114,25.664976371052333
2023-09-04,1.29190627926632,25,25.76279756350454,26.00695045979357
2023-09-05,0.6106469122792693,31,17.17149243740797,26.56832398719802
2023-09-06,0.26519402330172187,27,2.1677472148472936,26.817348764519114
2023-09-07,0.019855723642190057,23,0.8956966592231634,26.722420540680616
2023-09-08,0.38468681660489024,24,0.6697365635487844,27.043181039332588
2023-09-09,0.02582417052519782,22,0.43036671077226035,17.867053171481942
2023-09-10,0.0,18,0.4105109871300703,2.598113925619547
2023-09-11,0.0,19,0.025824170525180056,1.3062076463532266
2023-09-12,0.056808134882933764,22,0.056808134882916,0.7523688689568911
2023-09-13,0.00913569096180791,19,0.06594382584472391,0.49631053661697716
2023-09-14,13.381847927951961,59,13.447791753796684,13.858302740926748
2023-09-15,2.1609707991511264,26,15.551954418064877,15.634586723472983
2023-09-16,0.8415324092455071,25,16.384351136348577,16.450294962193293
2023-09-17,0.007311240000096935,22,3.0098144483967126,16.45760620219339
2023-09-18,1.7952619557857263,24,2.6441056050313128,18.252868157979115
2023-09-19,0.6535895202684926,21,2.456162716054298,18.849649543364674
2023-09-20,0.06422126510999204,20,2.5130727411641933,18.90473511751286
2023-09-21,0.0,21,0.7178107853784669,5.522887189560898
2023-09-22,0.9122049890577407,20,0.976426254167715,4.274121379467513
2023-09-23,0.0,19,0.912204989057723,3.432588970222006
2023-09-24,0.0,22,0.912204989057723,3.425277730221909
2023-09-25,0.0,19,0.0,1.6300157744361827
2023-09-26,0.05363868786266647,23,0.05363868786264871,1.0300649420303567
2023-09-27,13.256448830223647,56,13.310087518086295,14.222292507144012
2023-09-28,3.9616775958496797,55,17.271765113935974,18.18397010299369
2023-09-29,0.4437586415057053,21,17.661885067579014,17.715523755441655
2023-09-30,0.8909158665909357,25,5.296352103946303,18.606439622032592
2023-10-01,47.03604960232379,57,48.37072411042042,65.64248922435638
2023-10-02,5.665081699949748,15,53.59204716886446,71.30757092430613
2023-10-03,1.9104244367375574,9,54.61155573901108,73.16435667318103
2023-10-04,6.126868886842244,10,13.702375023529534,66.03477672979963
2023-10-05,19.86104498941505,48,27.898338312994834,81.934144123365
2023-10-06,3.5436762741661503,12,29.531590150423426,85.03406175602544
2023-10-07,14.58811882524598,42,37.992840088827165,98.73126471468049
2023-10-08,25.202375973236634,53,43.33417107264875,76.89759108559332
2023-10-09,25.593074795649812,51,65.38356959413241,96.82558418129338
2023-10-10,4.760106203867192,11,55.55555697275362,99.67526594842302
2023-10-11,5.586142198307893,10,35.93932319782488,99.13453925988867
2023-10-12,14.855171062766255,41,25.201419464941324,94.1286653332399
2023-10-13,4.524868115839609,13,24.96618137691374,95.10985717491334
2023-10-14,1.1024349005712712,9,20.48247407917712,81.62417325023864
2023-10-15,1.1476936602472998,8,6.774996676658166,57.5694909372493
2023-10-16,1.6703054774441375,8,3.9204340382626945,33.646721619043625
2023-10-17,25.65545714825668,40,28.473456285948103,54.54207256343311
2023-10-18,4.355938840751987,13,31.681701466452793,53.3118692058772
2023-10-19,3.3704862901438295,11,33.381882279152485,41.82718443325478
2023-10-20,1.5407294897303754,10,9.267154620626178,38.84304580714554
2023-10-21,0.9713885729920435,8,5.882604352866235,38.711999479566316
2023-10-22,2.393672900354559,10,4.905790963076964,39.95797871967358
2023-10-23,0.36241573986854586,8,3.7274772132151344,38.650088982097984
2023-10-24,0.28536424326948984,8,3.0414528834925805,13.279996077110795
2023-10-25,0.28143348006986557,8,0.929213463207887,9.205490716428674
2023-10-26,0.5607189065915468,8,1.1275166299308879,6.39572333287639
2023-10-27,0.9847971653388317,10,1.8269495520002297,5.839791008484847
2023-10-28,1.9953609254945943,11,3.5408769974249585,6.863763360987397
2023-10-29,22.609618676908603,47,25.589776767742016,27.079709137541442
2023-10-30,5.626023638041221,13,30.231003240444405,32.343317035714115
2023-10-31,7.772638731327347,19,36.008281046277155,39.83059152377197
2023-11-01,1.2973519867059724,20,14.696014356074526,40.84651003040808
2023-11-02,1.222661272030643,11,10.292651990063948,41.50845239584718
2023-11-03,8.302872371137386,39,10.822885629873987,48.82652760164573
2023-11-04,2.168389414781775,17,11.693923057949789,48.99955609093291
2023-11-05,0.5844362677504845,9,11.055698053669632,26.974373681774793
2023-11-06,0.47474898876561267,9,3.227574671297858,21.823099032499183
2023-11-07,0.33416032632205156,10,1.3933455828381345,14.38462062749389
2023-11-08,0.1293988952643422,8,0.9383082103519922,13.21666753605226
2023-11-09,0.7726030592961336,13,1.236162280882513,12.76660932331775
2023-11-10,0.33248409639092985,10,1.2344860509513913,4.796221048571294
2023-11-11,0.02950438521053574,10,1.134591540897585,2.657336019000055
2023-11-12,0.9040104582645645,11,1.2659989398660159,2.976910209514134
2023-11-13,1.008482458883634,10,1.94199730235872,3.510643679632156
2023-11-14,1.1273097200846458,14,3.03980263723283,4.3037930733947505
2023-11-15,17.82281478984789,41,19.958606968816156,21.9972089679783
2023-11-16,18.332209401018297,56,37.28233391095082,39.55681530970046
2023-11-17,0.9788997282025342,13,37.13392391906871,40.20323094151207
2023-11-18,0.18998150908348022,9,19.501090638304298,40.36370806538501
2023-11-19,25.6219199672996,56,26.790801204585602,65.08161757442005
2023-11-20,3.9631310819168717,22,29.775032558299937,68.03626619745329
2023-11-21,2.007244545532713,14,31.59229559474917,68.91620102290136
2023-11-22,2.2921911585335923,15,8.262566785983163,53.385577391587056
2023-11-23,7.5435055042695955,47,11.842941208335887,42.596873494838356
2023-11-24,1.923105878633296,31,11.75880254143647,43.541079645269114
2023-11-25,4.69590682877812,48,14.162518211680997,48.047004964963755
2023-11-26,1.494755155349929,12,8.11376786276133,23.919840153014082
2023-11-27,10.081072577287012,41,16.271734561415045,30.03778164838422
2023-11-28,7.61090002903476,35,19.186727761671687,35.64143713188627
2023-11-29,21.799442055823647,56,39.4914146621454,55.14868802917633
2023-11-30,5.666454984104594,22,35.07679706896299,53.27163750901132
2023-12-01,1.3754900340447591,34,28.841387073972985,52.724021664422786
2023-12-02,0.39469240665005634,30,7.436637424799395,48.42280724229472
2023-12-03,0.1432054686374746,28,1.9133879093322759,47.07125755558227
2023-12-04,0.5296419258200191,29,1.0675398011075359,37.51982690411528
2023-12-05,1.7230959806475141,34,2.3959433751049937,31.632022855728028
2023-12-06,0.21822855383727832,27,2.470966460304797,10.050809353741661
2023-12-07,0.8510939579861944,30,2.7924184924709725,5.235448327623261
2023-12-08,4.7637148928758,46,5.833037404699258,8.623673186454301
2023-12-09,0.10965693311692291,28,5.724465783978903,8.338637712921168
2023-12-10,6.094214644144211,30,10.967586470136919,14.289646888427905
2023-12-11,20.964716411384856,56,27.168587988645974,34.72472137399274
2023-12-12,0.7820141502204858,33,27.840945205749538,33.78363954356571
2023-12-13,0.2268884827814591,28,21.973619044386787,33.792299472509896
2023-12-14,0.11031979742359577,27,1.1192224304255265,33.051525311947294
2023-12-15,0.36737904476741784,28,0.7045873249724585,28.655189463838916
2023-12-16,2.2655137119791027,32,2.743212554170102,30.811046242701096
2023-12-17,4.071808204367901,35,6.7047009611144075,28.788639802924784
2023-12-18,0.2149247199157551,27,6.552246636262745,8.038848111455685
2023-12-19,0.12374167235332185,25,4.410474596636964,7.380575633588521
2023-12-20,0.0722129515458026,25,0.41087934381486535,7.225900102352864
2023-12-21,0.2967388449767345,26,0.49269346887584475,7.412319149906004
2023-12-22,5.772433137660084,37,6.141384934182606,12.81737324279867
2023-12-23,30.104177812671377,51,36.173349795308184,40.656037343490944
2023-12-24,8.856768043062443,44,44.733378993393885,45.440997182185484
2023-12-25,0.3499588357119211,26,39.31090469144573,45.57603129798165
2023-12-26,0.273023300615191,26,9.47975017938954,45.72531292624352
2023-12-27,0.017934078800274204,25,0.6409162151273721,45.67103405349799
2023-12-28,0.17532369933131298,28,0.46628107874676394,45.54961890785257
2023-12-29,0.011780677809233774,28,0.20503845594080675,39.78896644800172
2023-12-30,4.146595316047415,54,4.333699693187948,13.83138395137776
2023-12-31,0.25793537187174453,30,4.41631136572838,5.232551280187061
2024-01-01,0.05002719187367759,8,4.454557879792823,4.932619636348817
2024-01-02,0.05002719187367759,8,0.3579897556190855,4.709623527607304
2024-01-03,3.3723345791845287,12,3.47238896293187,8.06402402799156
2024-01-04,7.93460907291696,34,11.356970843975152,15.823309401577205
2024-01-05,4.370542725986089,15,15.677486378087563,20.182071449754062
2024-01-06,0.0310914729191519,8,12.336243271822187,16.0665676066258
2024-01-07,0.03409123862870008,8,4.435725437533927,15.842723473382753
2024-01-08,16.052145725514404,20,16.11732843706224,31.84484200702348
2024-01-09,27.569871614925376,20,43.656108579068466,59.364686430075174
2024-01-10,9.307188325857494,19,52.92920566629726,65.29954017674814
2024-01-11,28.326923155706766,39,65.20398309648962,85.69185425953795
2024-01-12,24.14100483082368,43,61.77511631238792,105.46231636437554
2024-01-13,33.077592493037585,53,85.54552047956801,138.50881738449397
2024-01-14,10.362803842724507,19,67.58140116658575,148.83752998858978
2024-01-15,4.95899042271339,13,48.399386758475465,137.74437468578876
2024-01-16,0.42483342263927776,8,15.74662768807716,110.59933649350266
2024-01-17,3.6253461184277787,9,9.009169963780431,104.91749428607295
2024-01-18,1.6025656788798661,8,5.652745219946908,78.19313680924606
2024-01-19,18.78351530181487,30,24.0114270991225,72.83564728023723
2024-01-20,15.36431302397982,37,35.75039400467454,55.122367811179465
2024-01-21,17.896299049301565,50,52.04412737509624,62.65586301775652
2024-01-22,7.1229446688382945,19,40.383556742119666,64.81981726388143
2024-01-23,21.17500141189468,50,46.19424513003453,85.56998525313684
2024-01-24,5.447453711837696,13,33.74539979257065,87.39209284654676
2024-01-25,2.5572262594967126,11,29.179681383229074,88.3467534271636
2024-01-26,1.706677649002534,9,9.711357620336928,71.26991577435126
2024-01-27,2.809406671422527,9,7.07331057992176,58.715009421793965
2024-01-28,10.461654261998966,15,14.977738582424013,51.28036463449136
2024-01-29,2.7286619567273385,8,15.999722890148817,46.88608192238041
2024-01-30,1.29157976989932,5,14.48189598862561,27.00266028038505
2024-01-31,13.390452488248597,18,17.410694214875242,34.945659056795954
2024-02-01,10.373230891208943,16,25.055263149356847,42.76166368850818
2024-02-02,6.752643514131882,29,30.516326893589405,47.80762955363753
2024-02-03,0.5865490925068717,8,17.71242349784768,45.584771974721875
2024-02-04,5.3965734687172215,23,12.735766075355961,40.51969118144013
2024-02-05,2.9666378469876014,12,8.94976040821168,40.757667071700396
2024-02-06,0.3745650678013274,10,8.737776383506137,39.8406523696024
2024-02-07,,1,,
2024-02-08,,0,,
2024-02-09,0.18465513467028621,9,,
2024-02-10,0.2206634831600852,9,,
2024-02-11,0.06533097590740607,9,0.47064959373776416,
2024-02-12,1.171302528131833,11,1.457296987199311,
2024-02-13,0.03578933863714381,8,1.2724228426763695,
2024-02-14,51.64080591006416,49,52.84789777683312,
2024-02-15,9.102978014305112,43,60.7795732630064,62.42152538487598
2024-02-16,5.238549272203587,17,65.98233319657284,67.47541952240928
2024-02-17,0.19693794120428013,16,14.538465227712965,67.45169398045348
2024-02-18,34.048640906700676,36,39.48412812010853,101.43500391124674
2024-02-19,9.056402661170157,29,43.301981509075105,109.32010404428506
2024-02-20,11.737541029207563,46,54.842584597078385,121.02185573485548
2024-02-21,17.402094336162495,50,38.1960380265402,86.78314416095381
2024-02-22,7.094611959157841,40,36.234247324527885,84.77477810580655
2024-02-23,10.47222554017842,36,34.968931835498736,90.00845437378138
2024-02-24,9.644399752615506,46,27.21123725195175,99.4559161851926
2024-02-25,3.149973732059002,19,23.266599024852912,68.55724901055093
2024-02-26,0.9133225455148929,16,13.707696030189387,60.41416889489568
2024-02-27,0.10577371648106854,13,4.169069994054949,48.782401582169186
2024-02-28,13.688067989791625,33,14.707164251787571,45.068375235798314
2024-02-29,2.695558553771158,19,16.489400260043837,40.66932183041163
2024-03-01,0.3524630191938371,9,16.736089562756607,30.549559309427046
2024-03-02,0.07353103163341121,8,3.121552604598392,20.97869058844495
2024-03-03,0.07179441358300491,9,0.497788464410239,17.900511269968952
2024-03-04,0.05450241726095319,8,0.1998278624773551,17.041691141715017
2024-03-05,22.083528674034547,37,22.20982550487849,39.01944609926849
2024-03-06,18.134148318164634,48,40.27217940946012,43.46552642764151
2024-03-07,10.161035197106372,14,50.378712189305546,50.931003070976715
2024-03-08,14.572723027567815,43,42.86790654283881,65.15126307935068
2024-03-09,8.63315525028856,45,33.36691347496273,73.71088729800584
2024-03-10,5.457045525432706,30,28.66292380328907,79.09613840985554
2024-03-11,2.3794594239793025,15,16.469660199700556,81.42109541657389
2024-03-12,0.876998321200427,12,8.71350327061242,60.21456506373977
2024-03-13,0.30217438980046063,11,3.5586321349801757,42.3825911353756
2024-03-14,0.10048134391163409,8,1.2796540549125075,32.322037282180865
2024-03-15,0.24265318869698282,12,0.6453089224090633,17.99196744331003
2024-03-16,0.41464965726774683,9,0.7577841898763495,9.773461850289218
2024-03-17,2.819784834568928,9,3.4770876805336437,7.13620115942544
2024-03-18,11.663252947716654,11,14.897687439553314,16.41999468316279
2024-03-19,0.5057651991888333,6,14.9888029814744,16.0487615611512
2024-03-20,0.08402399902852675,5,12.253042145934,15.830611170379264
2024-03-21,0.1390495296694633,4,0.7288387278868091,15.869179356137094
2024-03-22,10.607635425387139,35,10.830708954085114,26.23416159282725
2024-03-23,11.009351091142005,36,21.75603604619859,36.82886302670151
2024-03-24,17.495174774867177,41,39.112161291396305,51.50425296699976
2024-03-25,2.826569423119327,5,31.331095289128495,42.667569442402424
2024-03-26,0.06301799927139506,5,20.384762197257885,42.22482224248499
2024-03-27,0.31347762898551396,5,3.2030650513762216,42.454275872441976
2024-03-28,9.835676734393136,35,10.21217236265003,52.15090307716565
2024-03-29,0.9631050097382421,5,11.112259373116878,42.50637266151675
2024-03-30,0.07296355042926654,4,10.871745294560629,31.569985120804013
2024-03-31,0.1633707131458855,4,1.199439273313378,14.238181059082724
2024-04-01,0.0070966485992599556,28,0.243430912174396,11.418708284562655
2024-04-02,0.08311112530690698,29,0.25357848705203645,11.438801410598167
2024-04-03,0.0043222507398440226,32,0.09453002464599497,11.129646032352499
2024-04-04,0.0282843268485485,34,0.11571770289528352,1.3222536248079109
2024-04-05,0.002057384107478214,35,0.03466396169585475,0.3612059991771471
2024-04-06,0.5077606187478535,43,0.5381023297038642,0.796003067495734
2024-04-07,0.23822043747117305,43,0.7480384403264887,0.8708527918210216
2024-04-08,1.368111298324937,42,2.1140923545439474,2.2318674415466986
2024-04-09,3.1926360632298705,51,4.798967799025965,5.341392379469662
2024-04-10,0.08339568368146438,40,4.644143045236255,5.420465812411282
2024-04-11,0.058164603026573246,48,3.3341963499378915,5.450346088589307
2024-04-12,0.04715553742019853,48,0.18871582412821974,5.495444241902028
2024-04-13,0.0924803458916723,50,0.19780048633842764,5.080163969045846
2024-04-14,0.0028814417341314937,51,0.14251732504598588,4.844824973308804
2024-04-15,2.615742861607464,61,2.7111046492332513,6.092456536591332
2024-04-16,0.6022851165221826,61,3.220909419863762,3.502105589883644
2024-04-17,8.685675274108288,68,11.903703252237918,12.104385180310468
2024-04-18,2.0927389674714894,66,11.380699358101943,14.138959544755384
2024-04-19,0.13717049566610012,58,10.915584737245862,14.228974503001286
2024-04-20,0.0,56,2.2299094631375733,14.136494157109613
2024-04-21,0.0038991417127719847,57,0.1410696373788561,14.137511857088253
2024-04-22,0.0,55,0.0038991417127559975,11.52176899548079
2024-04-23,0.012178044862422232,54,0.016077186575178228,10.931661923821029
2024-04-24,0.019434871186635252,54,0.0316129160490415,2.2654215208993764
2024-04-25,0.0760204434307949,57,0.1076333594798364,0.24870299685868186
2024-04-26,0.14646024100997843,58,0.2419155556273926,0.2579927422025602
2024-04-27,0.009822337343499476,54,0.23230302178425682,0.26781507954605965
2024-04-28,0.01000674163694638,55,0.16628931999040833,0.273922679470234
2024-04-29,0.04060705392836478,55,0.06043613290879465,0.3145297333985988
2024-04-30,0.026399552962580442,56,0.07701334852787561,0.32875124149875706
2024-05-01,0.022369993048581765,64,0.089376599939511,0.3316863633607035
2024-05-02,0.03268677166222866,65,0.08145631767337488,0.2883526915921373
2024-05-03,0.03393086050691873,68,0.08898762521771317,0.1758233110890776
2024-05-04,0.014453206987782387,69,0.0810708391569138,0.1804541807333605
2024-05-05,0.04735394876641589,69,0.09573801626110101,0.21780138786283001
2024-05-06,0.03599233652104541,69,0.09779949227522769,0.21318667045551065
2024-05-07,0.02446952447648269,69,0.107815809763928,0.2112566419694129
2024-05-08,0.028248883492522137,68,0.08871074449003424,0.21713553241335326
2024-05-09,0.011253799953862414,69,0.06397220792285126,0.195702560704987
2024-05-10,0.07574196420549707,70,0.11524464765186564,0.23751366440356536
2024-05-11,0.018915443391898705,69,0.1059112075512422,0.24197590080768167
2024-05-12,0.042421245431203784,69,0.13707865302858357,0.23704319747246957
2024-05-13,0.09291025172398876,69,0.15424694054707527,0.2939611126754129
2024-05-14,1.6104802528014255,69,1.745811749956602,1.8799718410003559
2024-05-15,0.16247746594388296,69,1.865867970469281,2.0142004234517166
2024-05-16,0.05003683985540964,69,1.8229945586007021,2.0529834633532635
2024-05-17,0.008725523858694096,68,0.2212398296579707,1.985967023006461
2024-05-18,0.046666068386465254,68,0.105428432100553,2.0137176480010273
2024-05-19,0.006258873711949715,68,0.06165046595709307,1.9775552762817734
2024-05-20,0.9981717161504172,69,1.0510966582488162,2.8828167407082015
2024-05-21,0.056823283569168076,68,1.061253873431519,1.3291597714759442
2024-05-22,0.006544142894020573,68,1.0615391426135898,1.173226448426082
2024-05-23,0.00822886032556525,67,0.07159628678873792,1.1314184688962374
2024-05-24,1.6290215283403642,68,1.643794531559934,2.7517144733779073
2024-05-25,0.028479303473970714,66,1.6657296921398843,2.733527708465413
2024-05-26,13.16927524242611,71,14.82677607424043,15.896544077179573
2024-05-27,34.00760919476331,71,47.20536374066337,48.905981555792465
2024-05-28,0.7262036626284,67,47.90308809981781,49.575361934851706
2024-05-29,0.17294570714214844,67,34.906758564533845,49.74176349909983
2024-05-30,0.014563481921328222,66,0.9137128516918624,49.748098120695595
2024-05-31,0.00948802796906359,66,0.19699721703252604,48.12856462032429
2024-06-01,0.013490470828457526,68,0.037541980718835126,48.113575787678776
2024-06-02,0.06425770459986198,69,0.08723620339736889,35.008558249852534
2024-06-03,0.03321174335292692,67,0.11095991878123221,1.034160798442144
2024-06-04,0.11138991312674379,65,0.20885936107951847,0.4193470489404878
2024-06-05,0.026994402094668385,66,0.1715960585743249,0.2733957438930078
2024-06-06,0.08667783945588407,67,0.22506215467728202,0.3455101014275636
2024-06-07,0.03069220348121657,67,0.14436444503175483,0.36671427693971664
2024-06-08,0.0863995912059601,66,0.20376963414304652,0.43962339731721917
2024-06-09,0.13965509431518922,67,0.25674688900235165,0.5150207870325464
2024-06-10,0.035305519314058766,67,0.2613602048351939,0.5171145629936783
2024-06-11,0.25002108301797366,65,0.4249816966472075,0.6557457328849081
2024-06-12,0.024811767292187606,63,0.3101383696242058,0.6535630980824273
2024-06-13,0.03586083311412332,62,0.3106936834242704,0.6027460917406666
2024-06-14,0.02536507491323165,65,0.08603767531952836,0.5974189631726816
2024-06-15,0.0103702962553826,65,0.07159620428272336,0.5213896682221042
2024-06-16,0.013827061673843465,65,0.04956243284244351,0.39556163558075846
2024-06-17,0.017396530927508154,64,0.04159388885672001,0.3776526471942078
2024-06-18,0.4470488321475644,64,0.4782724247489018,0.5746803963237985
2024-06-19,0.007500130033634312,63,0.47194549310869266,0.5573687590652453
2024-06-20,0.05289755453710285,65,0.5074465167182873,0.5744054804882248
2024-06-21,0.0,64,0.06039768457072295,0.5490404055749932
2024-06-22,0.1105423086950548,64,0.16343986323214343,0.6492124180146653
2024-06-23,0.021407916040696362,62,0.13195022473573695,0.6567932723815183
2024-06-24,0.024668581229988246,63,0.1566188059657252,0.6640653226839984
2024-06-25,0.39265326772013776,66,0.4387297649908082,0.6096697582565718
2024-06-26,0.04103329086977567,64,0.4583551398198875,0.643202919092713
2024-06-27,0.14959604905056625,64,0.5832826076404655,0.7399014136061766
2024-06-28,0.12284809546670496,66,0.31347743538703265,0.8627495090728815
2024-06-29,0.1316223795888525,66,0.4040665241061095,0.8838295799666791
2024-06-30,0.35305254180698653,66,0.6075230168625299,1.2154742057329693
2024-07-01,0.43526320104921595,60,0.9199381224450408,1.626068825552197
2024-07-02,0.0022823579567788936,59,0.7905981008129671,1.2356979157888381
2024-07-03,0.2012840673857759,60,0.6388296263917566,1.3959486923048385
2024-07-04,0.12352858476409337,58,0.32709501010663394,1.3698812280183654
2024-07-05,0.2514509618946899,58,0.576263614044545,1.4984840944463504
2024-07-06,0.09582497518939756,58,0.4708045218481667,1.4626866900468956
2024-07-07,0.0404125775478349,58,0.3876885146319082,1.1500467257877438
2024-07-08,2.047090460830283,67,2.1833280135675013,2.761873985568811
2024-07-09,37.079545807894554,67,39.16704884627266,39.839137435506586
2024-07-10,15.393617240783488,67,54.52025350950831,55.0314706089043
2024-07-11,0.19046841562722014,59,52.66363146430525,55.09841043976743
2024-07-12,0.04541400397241517,59,15.62949966038311,54.892373481845155
2024-07-13,0.008896931953139646,59,0.24477935155276073,54.80544543860889
2024-07-14,0.008049825431728497,57,0.062360761357269104,54.773082686492785
2024-07-15,0.012497670804298082,57,0.029444428189152015,52.7384898964668
2024-07-16,0.007353420761117371,57,0.027900916997129738,15.666297509333365
2024-07-17,0.004871871635029374,57,0.024722963200430614,0.27755214018490565
2024-07-18,0.007534836351537282,57,0.019760128747669817,0.09461856090922278
2024-07-19,0.0033522344904516796,59,0.015758942477004125,0.052556791427259296
2024-07-20,0.012036661092781387,57,0.022923731934756136,0.05569652056690104
2024-07-21,0.014423240943821409,59,0.029812136527040265,0.06206993607899395
2024-07-22,0.011524260060314567,59,0.037984162096903154,0.061096525335010435
2024-07-23,0.006919984972647279,58,0.03286748597676904,0.060663089546540344
2024-07-24,0.0,58,0.018444245032947636,0.05579121791151097
2024-07-25,0.0,59,0.006919984972633068,0.048256381559973686
2024-07-26,0.0013956262189045794,58,0.0013956262188903686,0.04629977328842659
2024-07-27,0.003374482691907425,59,0.004770108910797793,0.037637594887552625
2024-07-28,0.007051627515014473,59,0.011821736425812267,0.03026598145874569
2024-07-29,0.03746947007586661,58,0.0478955802827743,0.056211191474297734
2024-07-30,3.497377045499263,67,3.54189814309013,3.546668252000914
2024-07-31,0.028202314142467558,59,3.5630488297175833,3.5748705661433813
2024-08-01,0.007608879459960519,46,3.533188239101677,3.582479445603342
2024-08-02,0.2016400934418009,48,0.23745128704421475,3.782723912826238
2024-08-03,0.0024296211308847855,49,0.211678594032632,3.7817790512652154
2024-08-04,0.004859242261769571,49,0.20892895683444104,3.7795866660119706
2024-08-05,0.030475315527435147,47,0.03776417892007529,3.772592511463539
2024-08-06,0.002560100716980694,48,0.03789465850617121,0.2777755666812565
2024-08-07,0.0024621509932334883,49,0.03549756723763512,0.2520354035320225
2024-08-08,0.017775897603929645,47,0.022798149314129615,0.2622024216759916
2024-08-09,5.17356418294921,66,5.193802231546359,5.234126511183401
2024-08-10,35.325438308908645,68,40.51677838946177,40.55713519896116
2024-08-11,0.13070096239856166,49,40.6297034542564,40.68297691909795
2024-08-12,0.09275999799537976,47,35.548899269302574,40.7452616015659
2024-08-13,0.028448438181208825,47,0.25190939857513606,40.77114993903013
2024-08-14,0.030698435269117617,45,0.15190687144569198,40.79938622330601
2024-08-15,0.034415849095704866,45,0.0935627225460171,40.81602617479779
2024-08-16,0.005717586995321094,46,0.07083187136012936,35.648179578843894
2024-08-17,0.0024642076272695097,47,0.04259764371828125,0.3252054775625207
2024-08-18,0.0024642076272695097,47,0.010646002249845903,0.19696872279122854
2024-08-19,0.0024642076272695097,47,0.007392622881808529,0.10667293242311829
2024-08-20,0.6605164444103754,47,0.6654448596649002,0.7387409386522849
2024-08-21,0.17868454157371777,46,0.8416651936113484,0.8867270449568849
2024-08-22,0.009030590335536114,47,0.8482315763196151,0.8613417861967163
2024-08-23,0.08865687240269333,50,0.276372004311933,0.9442810716040885
2024-08-24,7.704455151550685,64,7.8021426142889005,8.646272015527504
2024-08-25,2.3676157292378246,67,10.160727753191189,11.011423537138059
2024-08-26,0.08772917003938588,53,10.159800050827883,11.096688499550176
2024-08-27,0.7255817261190038,49,3.1809266253962,11.161753781258804
2024-08-28,0.03584293726062519,50,0.8491538334190006,11.018912176945712
2024-08-29,0.09040653685767697,49,0.8518312002372918,11.100288123467852
2024-08-30,0.16223362605010677,50,0.28848310016839473,11.173864877115268
2024-08-31,0.28077963776736203,51,0.5334198006751316,3.7501893633319425
2024-09-01,0.43244039410107266,68,0.8754536579185273,1.8150140281951908
2024-09-02,0.0,66,0.7132200318684205,1.727284858155805
2024-09-03,0.28156483929854276,67,0.7140052333996012,1.2832679713353436
2024-09-04,0.2682453116129223,68,0.5498101509114508,1.5156703456876408
2024-09-05,0.013207279603527784,65,0.5630174305149787,1.4384710884334917
2024-09-06,0.013369569919011412,65,0.2948221611354473,1.2896070323023963
2024-09-07,0.011867015341668752,66,0.03844386486419374,1.020694409876703
2024-09-08,1.3279498242914787,65,1.3531864095521446,1.916203840067109
2024-09-09,0.4844195148531659,66,1.824236354486299,2.400623354920275
2024-09-10,0.028352442807050883,66,1.8407217819516812,2.1474109584287833
2024-09-11,0.060837976116322315,66,0.5736099337765249,1.940003622932183
2024-09-12,0.05725473508403058,66,0.14644515400738956,1.984051078412686
2024-09-13,0.3699486811810898,66,0.4880413923814285,2.3406301896747643
2024-09-14,0.0841690537936157,65,0.5113724700587219,2.4129322281267114
2024-09-15,0.22331796470830054,64,0.6774356996829918,1.308300368543533
2024-09-16,8.897402036408028,67,9.20488905490993,9.721282890098395
2024-09-17,1.2905927598486642,66,10.411312760964979,10.983523207140008
2024-09-18,0.07186723968729508,64,10.259862035943973,10.994552470710982
2024-09-19,1.0169556466967415,66,2.3794156462326868,11.954253382323692
2024-09-20,1.3602882729655772,67,2.4491111593495996,12.944592974108179
2024-09-21,1.295109535211424,67,3.672353454873728,14.155533455525989
2024-09-22,0.40250247250649207,67,3.0579002806834787,14.334717963324179
2024-09-23,0.021095564537636304,66,1.718707572255538,5.458411491453788
2024-09-24,0.022837458558822493,65,0.44643549560293666,4.190656190163946
2024-09-25,0.029403440660832066,65,0.07333646375727665,4.148192391137483
2024-09-26,0.03357786601687033,65,0.08581876523651068,3.1648146104576114
2024-09-27,1.197706503972349,66,1.260687810650037,3.0022328414643837
2024-09-28,0.0035162408642245295,66,1.2348006108534295,1.7106395471171842
2024-09-29,0.001644771795308876,66,1.202867516631868,1.309781846406001
2024-09-30,0.030483941352421454,65,0.03564495401194065,1.319170223220786
2024-10-01,0.0,4,0.03212871314771612,1.2963327646619636
2024-10-02,0.8190480048375958,5,0.849531946190003,2.0859773288387276
2024-10-03,3.6060560875737475,23,4.425104092411329,5.658455550395605
2024-10-04,0.2984881368477975,5,4.723592229259126,4.759237183271053
2024-10-05,0.15168839660718772,4,4.056232621028719,4.907409339014016
2024-10-06,0.02687351091162229,4,0.4770500443665933,4.93263807813033
2024-10-07,0.0,4,0.1785619075187958,4.9021541367779085
2024-10-08,0.0,4,0.02687351091160808,4.9021541367779085
2024-10-09,0.0,4,0.0,4.083106131940313
2024-10-10,2.7340385309749027,7,2.7340385309748885,3.211088575341467
2024-10-11,21.430223430538177,68,24.164261961513066,24.342823869031847
2024-10-12,5.186555526221594,16,29.35081748773466,29.37769099864625
2024-10-13,0.4405444392386347,7,27.05732339599839,29.791361926973266
2024-10-14,0.02966427868400762,3,5.656764244144222,29.821026205657272
2024-10-15,0.6920441004879192,5,1.1622528184105474,30.513070306145192
2024-10-16,0.0,4,0.7217083791719127,30.513070306145192
2024-10-17,0.02687351091162229,4,0.7189176113995273,27.805905286081913
2024-10-18,0.0,4,0.02687351091160808,6.375681855543735
2024-10-19,8.386855381465077,44,8.413728892376685,9.575981710787218
2024-10-20,6.1390691009764,66,14.525924482441463,15.274506372524984
2024-10-21,1.2761121167468739,8,15.802036599188337,16.52095421058785
2024-10-22,5.976097966764047,6,13.391279184487306,21.805008076863977
2024-10-23,33.844193800099426,33,41.096403883610336,55.6492018769634
2024-10-24,21.657094371521403,70,61.47738613838486,77.27942273757319
2024-10-25,19.136632220321342,68,74.63792039194216,96.41605495789453
2024-10-26,1.5869769523364496,9,42.38070354417917,89.61617652876589
2024-10-27,2.1891111714882747,10,22.912720344146045,85.66621859927777
2024-10-28,2.1963807819366763,8,5.97246890576138,86.58648726446758
2024-10-29,1.649182670193882,7,6.034674623618812,82.25957196789741
2024-10-30,0.18716767821340144,5,4.032731130343938,48.60254584601139
2024-10-31,0.9991732589462708,5,2.835523607353533,27.944624733436253
2024-11-01,6.7654406179769575,9,7.951781555136608,15.57343313109187
2024-11-02,18.07541344883338,60,25.840027325756587,32.0618696275888
2024-11-03,6.071772758012374,59,30.912626824822688,35.9445312141129
2024-11-04,13.364283928434892,64,37.511470135280625,47.11243436061112
2024-11-05,9.329425718365124,16,28.765482404812367,54.79267740878236
2024-11-06,25.17214916636064,62,47.865858813160635,79.7776588969296
2024-11-07,7.565046647477927,61,42.06662153220367,86.34353228546125
2024-11-08,44.69117522609421,66,77.42837103993276,124.2692668935785
2024-11-09,16.84978572083318,17,69.1060075944053,123.0436391655783
2024-11-10,7.603499675663912,7,69.14446062259128,124.57536608322984
2024-11-11,1.4299361895140443,7,25.883221586011114,112.641018344309
2024-11-12,2.921042050866865,7,11.9544779160448,106.23263467681073
2024-11-13,5.6028578262646125,48,9.9538360666455,86.6633433367147
2024-11-14,4.21596469570334,8,12.739864572834795,83.31426138494012
2024-11-15,4.60757351893276,7,14.426396040900691,43.23065967777867
2024-11-16,1.1701633929807886,11,9.993701607616867,27.55103734992628
2024-11-17,0.16068454191101192,5,5.93842145382454,20.10822221617338
2024-11-18,2.098265896647069,9,3.4291138315388485,20.776551923306403
2024-11-19,1.7171395071373095,6,3.976089945695369,19.572649379576852
2024-11-20,0.38875151076832537,7,4.204156914552683,14.358543064080562
2024-11-21,0.3026650664702802,7,2.4085560843758937,10.445243434847502
2024-11-22,0.059148500686626984,6,0.7505650779252112,5.896818416601369
2024-11-23,1.097494642563292,8,1.459308209720178,5.824149666183873
2024-11-24,0.45544378330761465,6,1.6120869265575124,6.118908907580475
2024-11-25,0.9856146439960247,6,2.53855306986691,5.006257654929431
2024-11-26,0.03242638785751944,5,1.4734848151611375,3.321544535649641
2024-11-27,0.0,5,1.018041031853523,2.9327930248813154
2024-11-28,10.713638321102248,47,10.746064708959747,13.343766279513284
2024-11-29,6.5479015873881945,32,17.26153990849042,19.832519366214854
2024-11-30,0.1215326326830748,6,17.383072541173497,18.856557356334637
2024-12-01,0.0749719365137487,6,6.744406156584997,18.47608550954077
2024-12-02,7.245953179949124,10,7.442457749145927,24.73642404549387
2024-12-03,22.375879545767884,65,29.696804662230736,47.07987720340423
2024-12-04,4.041599874426825,12,33.663432600143814,51.12147707783105
2024-12-05,19.360856073960626,19,45.778335494155314,59.76869483068944
2024-12-06,7.086658089945604,14,30.489114038333035,60.307451333246846
2024-12-07,1.3635860072714336,7,27.811100171177642,61.5495047078352
2024-12-08,0.20879903397917096,7,8.659043131196187,61.683331805300625
2024-12-09,3.1742859316132357,8,4.746670972863819,57.61166455696473
2024-12-10,10.426129614195165,48,13.80921457978755,45.661914625392015
2024-12-11,2.7916222558435133,11,16.39203780165189,44.41193700680871
2024-12-12,0.014994387302749742,6,13.232746257341407,25.06607532015083
2024-12-13,0.014994387302749742,6,2.8216110304489916,17.994411617507975
2024-12-14,0.24463893746112494,7,0.2746277120666031,16.875464547697668
2024-12-15,1.4806105340816285,9,1.7402438588454818,18.147276047800123
2024-12-16,0.014994387302749742,6,1.7402438588454818,14.987984503489638
2024-12-17,0.0,6,1.495604921384357,4.561854889294473
2024-12-18,0.0,6,0.014994387302728425,1.7702326334509602
2024-12-19,0.014994387302749742,6,0.014994387302728425,1.77023263345096
2024-12-20,24.888422732122333,49,24.90341711942506,26.643660978270542
2024-12-21,45.567987067591,53,70.47140418701606,71.96700910840042
2024-12-22,7.370738457845535,12,77.82714825755885,77.85713703216432
2024-12-23,6.725266975475042,32,59.66399250091155,84.5674096203366
2024-12-24,0.16157821896365193,5,14.257583652284207,84.72898783930026
2024-12-25,29.92408082659925,14,36.81092602103792,114.65306866589951
2024-12-26,27.247929630394882,63,57.33358867595776,141.88600390899165
2024-12-27,35.02654240397237,62,92.19855286096649,152.0241235808417
2024-12-28,9.704717116019925,15,71.97918915038716,116.1608536292706
2024-12-29,5.184537796050619,12,49.91579731604289,113.97465296747569
2024-12-30,5.639061174881122,11,20.528316086951644,112.88844716688178
2024-12-31,8.12275153443027,13,18.94635050536199,120.8496204823484
2025-01-01,1.438870254017555,12,15.200682963328925,92.36440990976669
2025-01-02,10.00685309901692,15,19.568474887464724,75.12333337838874
2025-01-03,8.467781091562852,25,19.913504444597308,48.56457206597921
2025-01-04,1.4694984980465735,11,19.944132688626325,40.32935344800586
2025-01-05,4.794067710834225,17,14.73134730044363,39.93888336278947
2025-01-06,0.27386332267562313,12,6.537429531556401,34.57368551058397
2025-01-07,5.925138590871781,28,10.993069624381608,32.37607256702548
2025-01-08,6.184490630493218,17,12.383492544040601,37.121692943501145
2025-01-09,0.13562642849786927,11,12.245255649862846,27.25046627298209
2025-01-10,0.2141959276128901,12,6.534312986603956,18.99688110903213
2025-01-11,0.04217881742091041,10,0.3920011735316485,17.56956142840647
2025-01-12,0.05253411916406993,10,0.30890886419784913,12.828027836736311
2025-01-13,0.047965078242982094,11,0.14267801482794112,12.602129592303672
2025-01-14,0.023334267586449773,10,0.12383346499348048,6.7003252690183395
2025-01-15,0.11641116058800856,11,0.1877105064174191,0.6322457991131304
2025-01-16,19.477202871903817,33,19.616948300078253,19.973822242519077
2025-01-17,21.600197784054014,62,41.19381181654582,41.3598240989602
2025-01-18,2.2398663960215486,13,43.31726705197936,43.55751167756084
2025-01-19,1.3358177673508957,14,25.175881947426436,44.84079532574767
2025-01-20,0.13354803790558867,11,3.7092322012780117,44.92637828541027
2025-01-21,0.7447085731115956,11,2.2140743783680588,45.64775259093541
2025-01-22,4.631077276217924,20,5.509333887235087,50.16241870656533
2025-01-23,5.0911342651280345,14,10.466920114457533,35.77635009978955
2025-01-24,31.311221314273645,39,41.03343285561958,45.48737363000919
2025-01-25,10.93320041971535,22,47.33555599911701,54.18070765370299
2025-01-26,24.194098309518797,57,66.43852004350776,77.03898819587089
2025-01-27,9.7461646389938,38,44.87346336822792,86.6516047969591
2025-01-28,7.917105130559759,33,41.85736807907233,93.82400135440727
2025-01-29,20.89710125443704,60,38.56037102399058,110.09002533262637
2025-01-30,18.317630411450185,59,47.13183679644696,123.31652147894852
2025-01-31,15.865024590316368,41,55.07975625620357,107.87032475499124
2025-02-01,48.65579636466933,68,82.83845136643586,145.59292069994524
2025-02-02,21.565184718106835,64,86.08600567309252,142.96400710853325
2025-02-03,25.40198794543488,67,95.62296902821102,158.61983041497433
2025-02-04,11.542734350901206,43,58.5099070144429,162.2454596353158
2025-02-05,10.728493287235061,24,47.67321558357112,152.07685166811382
2025-02-06,12.777535922735183,21,35.04876356087143,146.53675717939882
2025-02-07,9.196282316407013,20,32.70231152637724,139.86801490548947
2025-02-08,1.820232237479498,14,23.79405047662167,93.03245077829962
2025-02-09,0.4712440788846225,13,11.487758632771111,71.93851013907741
2025-02-10,12.88646894021262,23,15.177945256576718,59.42299113385515
2025-02-11,3.114712871908268,15,16.47242589100549,50.99496965486222
2025-02-12,3.0168510628734264,14,19.01803287499429,43.28332743050058
2025-02-13,8.853654333980026,40,14.9852182687617,39.359445841745426
2025-02-14,18.690414378627388,36,30.56091977548082,48.8535779039658
2025-02-15,8.09592914902504,18,35.63999786163244,55.12927481551134
2025-02-16,0.18884532535207332,12,26.97518885300448,54.84687606197879
2025-02-17,0.25630155859299375,13,8.541076032970086,42.21670868035916
2025-02-18,25.614316695795644,24,26.05946357974069,64.71631250424653
2025-02-19,16.176917738367575,45,42.047535992756195,77.8763791797407
2025-02-20,1.3673684040882548,15,43.158602838251454,70.39009324984892
2025-02-21,0.06909294073999579,12,17.613379083195802,51.76877181196153
2025-02-22,0.09986457854773104,13,1.5363259233759603,43.77270724148422
2025-02-23,0.6090030778392045,14,0.77796059712691,44.19286499397135
2025-02-24,0.22337833274068766,14,0.9322459891276018,44.15994176811904
2025-02-25,2.050992098198893,15,2.8833735087787637,20.596617170522293
2025-02-26,3.160063993852616,14,5.434434424792175,7.579763426007332
2025-02-27,4.107609105322721,19,9.318665197374209,10.320004127241798
2025-02-28,2.175257937588251,13,9.442931036763566,12.426169124090054
2025-03-01,0.0,13,6.282867042910951,12.326304545542323
2025-03-02,0.0,9,2.1752579375882295,11.717301467703118
2025-03-03,0.0,10,0.0,11.493923134962431
2025-03-04,0.0,11,0.0,9.442931036763538
2025-03-05,0.018248662283638764,10,0.018248662283617448,6.301115705194561
2025-03-06,0.0,11,0.018248662283617448,2.19350659987184
2025-03-07,0.0,11,0.018248662283617448,0.018248662283589026
2025-03-08,0.0,12,0.0,0.018248662283589026
2025-03-09,0.0,11,0.0,0.018248662283589026
2025-03-10,0.23265737376359788,14,0.23265737376357656,0.2509060360471869
2025-03-11,10.958171146755058,59,11.190828520518634,11.209077182802245
2025-03-12,14.947804875179086,65,26.13863339569772,26.138633395697692
2025-03-13,10.026086179146592,59,35.93206220108071,36.164719574844284
2025-03-14,1.4524580587804403,16,26.4263491131061,37.61717763362473
2025-03-15,1.254853695130659,12,12.73339793305767,38.872031328755384
2025-03-16,0.7212728205528632,11,3.428584574463941,39.593304149308246
2025-03-17,0.25082887641265295,10,2.226955392096154,39.611475651957306
2025-03-18,19.574806970645433,59,20.54690866761093,48.228111475847676
2025-03-19,16.271715672911256,49,36.09735151996932,49.55202227357985
2025-03-20,5.065203088831715,31,40.91172573238838,44.59113918326497
2025-03-21,0.9951481216194028,14,22.33206688336235,44.13382924610393
2025-03-22,0.8093049335031424,13,6.869656143954239,43.688280484476415
2025-03-23,17.526654698105343,62,19.33110775322787,60.4936623620289
2025-03-24,8.185969989489656,26,26.52192962109812,68.4288034751059
2025-03-25,0.7689073527178358,12,26.481532040312814,49.6229038571783
2025-03-26,0.7703104357857039,11,9.725187777993176,34.12149862005275
2025-03-27,0.6328279429774325,10,2.172045731480951,29.689123474198464
2025-03-28,8.743620027125221,53,10.146758405888336,37.437595379704284
2025-03-29,1.2152697034872657,16,10.591717673589898,37.84356014968841
2025-03-30,0.9683708894971327,11,10.927260620109598,21.2852763410802
2025-03-31,16.460139758455096,63,18.643780351439474,29.559446110045638
2025-04-01,7.101990159767203,28,24.530500807719406,35.89252891709501
2025-04-02,2.431898525884789,16,25.994028444107062,37.554117007194094
2025-04-03,10.727929982514478,52,20.261818668166445,47.64921904673113
2025-04-04,9.248003687734766,64,22.40783219613401,48.15360270734068
2025-04-05,3.6767383354960956,40,23.652672005745313,50.61507133934951
2025-04-06,1.572495274787491,16,14.497237298018327,51.21919572463987
2025-04-07,0.31983247852133095,13,5.569066088804893,35.0788884447061
2025-04-08,0.3130188744707531,11,2.20534662777955,28.28991715940965
2025-04-09,5.055443012343222,20,5.688294365335281,30.913461645868086
2025-04-10,12.771962622642851,57,18.1404245094568,32.95749428599646
2025-04-11,4.0681817557039315,17,21.89558739068998,27.777672353965627
2025-04-12,2.1401921946845044,12,18.980336573031263,26.241126213154033
2025-04-13,9.541756150732212,12,15.750130101120623,34.21038708909876
2025-04-14,34.335328091867424,61,46.01727643728412,68.22588270244485
2025-04-15,8.418799416639342,17,52.29588365923895,76.33166324461344
2025-04-16,1.6693359448257816,16,44.42346345333252,72.945556177096
2025-04-17,0.8070921235110318,11,10.895227484976134,60.98068567796418
2025-04-18,20.555745816658415,54,23.03217388499521,77.46824973891867
2025-04-19,12.210819036264748,49,33.57365697643418,87.53887658049891
2025-04-20,7.943595013168098,51,40.71015986609124,85.9407154429348
2025-04-21,1.80615599235452,13,21.96057004178735,53.41154334342188
2025-04-22,2.8976172769487767,14,12.647368282471376,47.89036120373132
2025-04-23,1.8883911124617057,12,6.592164381764984,48.109416371367246
2025-04-24,4.913216721055355,37,9.699225110465822,52.21554096891157
2025-04-25,10.010786940892483,65,16.812394774409526,41.67058209314564
2025-04-26,3.7045483226196274,20,18.628551984567448,33.16431137950052
2025-04-27,2.3193646087372857,14,16.03469987224938,27.540080975069703
2025-04-28,0.6157077931228513,14,6.639620724479748,26.349632775838035
2025-04-29,4.475060042351703,13,7.410132444211824,27.927075541240963
2025-04-30,0.37518814388305943,11,5.465955979357597,26.413872572662314
2025-05-01,0.38798686421867185,59,5.238235050453417,21.88864271582563
2025-05-02,0.5407079099318356,57,1.30388291803355,12.418563684864983
2025-05-03,0.043321406905982504,57,0.9720161810564731,8.757336769151339
2025-05-04,0.01822544099827791,54,0.6022547578360792,6.456197601412332
2025-05-05,0.007000161650268173,53,0.06854700955451182,5.8474899699397485
2025-05-06,0.01677212781466423,54,0.04199773046319355,1.38920205540271
2025-05-07,0.015114904783346948,54,0.03888719424826259,1.0291288163029977
2025-05-08,0.0013113794181161367,53,0.033198412016110554,0.6424533315024419
2025-05-09,0.004549415702554672,53,0.020975699904000993,0.10629483727316083
2025-05-10,8.807583632781208,66,8.813444427901862,8.870557063148386
2025-05-11,4.925304269492969,65,13.737437317976715,13.777635891643078
2025-05-12,0.23720168746081777,57,13.970089589734979,14.007837417453626
2025-05-13,0.04020523476288821,55,5.202711191716659,14.031270524401851
2025-05-14,0.14925546169356174,54,0.42666238391725175,14.165411081312065
2025-05-15,0.0037518397824227176,53,0.19321253623885667,14.167851541676372
2025-05-16,0.001381649400658745,52,0.1543889508766272,14.164683775374476
2025-05-17,0.0,53,0.005133489183065476,5.357100142593269
2025-05-18,0.005846271905536513,54,0.007227921306179271,0.4376421450058359
2025-05-19,0.020271862187481372,53,0.0261181340930019,0.22071231973249955
2025-05-20,0.013955768771816176,52,0.04007390286481807,0.19446285374142752
2025-05-21,0.06433283764922137,52,0.09856046860850293,0.10954022969708715
2025-05-22,8.876006155121043,64,8.954294761542066,8.981794545035708
2025-05-23,1.061281308456196,62,10.001620301226446,10.041694204091247
2025-05-24,0.14809670490381716,48,10.08538416848104,10.189790908995063
2025-05-25,0.08563023542922062,54,1.2950082487892178,10.269574872518746
2025-05-26,0.052275852118478204,52,0.2860027924515,10.301578862449745
2025-05-27,0.0070952080305979525,51,0.1450012955782808,10.294718301708524
2025-05-28,0.14373321846391107,55,0.20310427861297126,10.374118682523214
2025-05-29,0.84151292414265,61,0.992341350637143,2.3396254515448214
2025-05-30,0.07121669034643895,52,1.056462832952984,1.3495608334350642
2025-05-31,0.004750178360881646,50,0.9174797928499546,1.2062143068921287
2025-06-01,0.019072198554494206,15,0.09503906726179881,1.1396562700174024
2025-06-02,0.28575859023550554,16,0.3095809671508654,1.3731390081344297
2025-06-03,2.1261423866459483,48,2.4309731754359323,3.4921861867497803
2025-06-04,0.021434598398619355,14,2.4333355752800574,3.369887566684488
2025-06-05,12.051952031891942,64,14.199529016936493,14.58032667443378
2025-06-06,2.144175554508256,41,14.217562184798801,16.653285538595597
2025-06-07,1.4578160864201384,37,15.65394367282032,18.106351446654855
2025-06-08,1.6459995048951792,54,5.2479911458235575,19.73327875299554
2025-06-09,10.086652532752758,65,13.19046812406806,29.53417269551279
2025-06-10,0.7008498776085633,23,12.433501915256485,28.108880186475407
2025-06-11,1.5378611901359993,55,12.325363600497305,29.62530677821279
2025-06-12,1.5581843969581197,46,3.7968954647026667,19.131539143278964
2025-06-13,0.25220586086333585,18,3.348251447957439,17.239569449634043
2025-06-14,0.41779762021870015,16,2.22818787804014,16.199550983432605
2025-06-15,0.2695547505423667,16,0.9395582316243867,14.823106229079794
2025-06-16,0.04861531862491745,14,0.7359676893859683,4.785069014951953
2025-06-17,0.0865534799710746,15,0.40472354913834274,4.170772617314464
2025-06-18,0.024268093489179417,14,0.15943689208515546,2.6571795206676443
2025-06-19,0.015211144522234798,14,0.12603271798247281,1.1142062682317593
2025-06-20,0.041257211664665394,14,0.08073644967606362,0.9032576190330888
2025-06-21,0.019240825790196092,14,0.07570918197708029,0.5047008246045848
2025-06-22,0.37344644739257077,22,0.43394448484741627,0.6085925214547887
2025-06-23,3.0006742381904976,58,3.3933615113732483,3.5606514410203687
2025-06-24,13.26422626846599,62,16.63834695404904,16.738324229515285
2025-06-25,0.8200135251290904,25,17.084914031785562,17.534069661155193
2025-06-26,0.9039465355664933,19,14.988186329161556,18.422805052199454
2025-06-27,3.3796712819181614,59,5.103631342613728,21.761219122452946
2025-06-28,0.7027529885701469,19,4.986370806054783,22.444731285232898
2025-06-29,0.2437702434862715,18,4.326194513974562,22.3150550813266
2025-06-30,0.08607623310589065,16,1.0325994651622912,19.40045707624199
2025-07-01,0.04353480483658421,59,0.37338128142872856,6.179765612612589
2025-07-02,0.08448178308103285,60,0.21409282102348995,5.44423387056453
2025-07-03,0.34166125052306384,60,0.46967783844066313,4.881948585521101
2025-07-04,0.13575157303313487,57,0.5618946066372138,1.638028876636075
2025-07-05,0.008509835216938415,58,0.48592265877311935,0.9437857232828666
2025-07-06,0.0077752688180561524,57,0.15203667706811166,0.7077907486146512
2025-07-07,0.002743409200806416,57,0.01902851323578322,0.624457924709567
2025-07-08,0.003016308038843319,57,0.013534986057688124,0.5839394279118261
2025-07-09,0.0013462937559793726,57,0.007106010995611344,0.5008039385867726
2025-07-10,0.00445315796400487,57,0.008815759758809797,0.16359584602771368
2025-07-11,0.004322867314488184,57,0.010122319034454662,0.03216714030906699
2025-07-12,0.0023736276854753537,58,0.011149652963950644,0.02603093277760393
2025-07-13,0.0,58,0.0066964949999457745,0.018255663959547776
2025-07-14,0.0,58,0.00237362768545759,0.015512254758741361
2025-07-15,0.012622970448270958,59,0.012622970448253194,0.025118917168168997
2025-07-16,0.03182262194586211,59,0.04444559239411531,0.05559524535805174
2025-07-17,0.09801611424599002,57,0.14246170664010532,0.1491582016400369
2025-07-18,0.17529646430380913,58,0.30513520049564347,0.3201317986293578
2025-07-19,0.16744735849504974,59,0.44075993704483113,0.48520552943893225
2025-07-20,0.03024545254569117,59,0.37298927534453225,0.5154509819846235
2025-07-21,0.0,58,0.19769281104072314,0.5154509819846235
2025-07-22,0.0,58,0.030245452545673405,0.5028280115363525
2025-07-23,0.0,58,0.0,0.4710053895904903
2025-07-24,0.0,58,0.0,0.3729892753445003
2025-07-25,1.7797184828964387,62,1.779718482896421,1.97741129393713
2025-07-26,0.055550806060317606,58,1.8352692889567386,1.8655147415023978
2025-07-27,0.002362684404708243,58,1.8376319733614468,1.8376319733614148
2025-07-28,5.818255124879515,60,5.876168615344524,7.65588709824093
2025-07-29,0.1054774846499071,59,5.926095293934114,7.761364582890837
2025-07-30,0.04591240215098502,59,5.96964501168039,7.807276985041822
2025-07-31,0.0030051945679881605,58,0.1543950813688625,7.8102821796098105
2025-08-01,0.0,59,0.04891759671895542,6.030563696713372
2025-08-02,0.009043943598167816,59,0.012049138166138213,5.984056834251222
2025-08-03,0.29478409923662574,60,0.30382804283477577,6.276478249083139
2025-08-04,0.2023028132016059,60,0.5061308560363816,0.66052593740523
2025-08-05,0.10016308421130077,60,0.5972499966495146,0.6552115369666236
2025-08-06,0.8262921155540125,61,1.1287580129669013,1.435591250369651
2025-08-07,0.08337622835656693,60,1.0098314281218623,1.5159622841582299
2025-08-08,0.45932907465224976,61,1.3689974185628113,1.9752913588104797
2025-08-09,0.03967413391203701,61,0.5823794369208359,2.005921549124349
2025-08-10,0.018411958044597963,60,0.517415166608867,1.729549407932321
2025-08-11,0.0019708647849725706,60,0.06005695674158978,1.5292174595156878
2025-08-12,0.0,60,0.02038282282955277,1.429054375304387
2025-08-13,0.0,60,0.001970864784954807,0.6027622597503745
2025-08-14,0.0,60,0.0,0.5193860313938076
2025-08-15,0.0,60,0.0,0.0600569567415578
2025-08-16,0.002817439252717474,60,0.0028174392526997103,0.02320026208223827
2025-08-17,0.0,60,0.0028174392526997103,0.004788304037640306
2025-08-18,0.0,60,0.0028174392526997103,0.002817439252667736
2025-08-19,0.0,60,0.0,0.002817439252667736
2025-08-20,0.0,60,0.0,0.002817439252667736
2025-08-21,0.0,58,0.0,0.002817439252667736
2025-08-22,0.0,60,0.0,0.002817439252667736
2025-08-23,0.005178621343424709,60,0.005178621343406946,0.005178621343374971
2025-08-24,0.0,60,0.005178621343406946,0.005178621343374971
2025-08-25,0.0019603179591389528,59,0.0071389393025458985,0.007138939302513924
2025-08-26,2.2795438825759624,63,2.2815042005350836,2.2866828218784763
2025-08-27,9.271103420869078,64,11.552607621404162,11.557786242747554
2025-08-28,0.08634131994845638,58,11.63698862339348,11.64412756269601
2025-08-29,0.07281021345274843,59,9.430254954270266,11.71693777614876
2025-08-30,0.045991898557644954,60,0.205143431958832,11.757751053362979
2025-08-31,0.013841157798841193,59,0.1326432698092168,11.771592211161819
2025-09-01,0.007115514446169476,49,0.06694857080263786,11.77674740764885
2025-09-02,0.005263336396636141,49,0.026220008641629045,9.502466861469523
2025-09-03,0.004998029260033051,48,0.017376880102820905,0.23636146986047812
2025-09-04,0.0673992750322346,48,0.07766064068888603,0.2174194249442563
2025-09-05,0.1738157025699151,47,0.24621300686216496,0.31842491406142304
2025-09-06,0.07740306219815968,51,0.3186180398002916,0.34983607770193775
2025-09-07,0.23410918861833993,52,0.48532795338639695,0.5701041085214364
2025-09-08,0.012249874364219582,47,0.3237621251807014,0.5752384684394867
2025-09-09,0.07585281617286183,47,0.32221187915540356,0.6458279482157122
2025-09-10,0.0,46,0.08810269053706361,0.6408299189556792
2025-09-11,0.0,46,0.07585281617284403,0.5734306439234446
2025-09-12,0.0,46,0.0,0.3996149413535295
2025-09-13,0.005321690060965332,47,0.005321690060947541,0.32753356921633514
2025-09-14,0.001435632507917258,46,0.006757322568864799,0.09486001310591248
2025-09-15,0.0,45,0.006757322568864799,0.0826101387416929
2025-09-16,0.1552776412759892,49,0.15671327378388866,0.16203496384482027
2025-09-17,0.01164814933012234,48,0.16692579060609375,0.17368311317494262
2025-09-18,0.1812805654701016,54,0.3482063560761953,0.3549636786450442
2025-09-19,0.00450665436469173,48,0.19743536916489787,0.35947033300973597
2025-09-20,0.0,47,0.18578721983477553,0.35414864294877063
2025-09-21,1.341455851792685,51,1.3459625061573588,1.6941688622335382
2025-09-22,30.124876201887083,63,31.46633205367975,31.819045064120623
2025-09-23,2.327310531589368,59,33.79364258526912,33.991077954434
2025-09-24,0.5924636199917581,54,33.044650353468185,34.57189342509564
2025-09-25,0.5278945395942491,57,3.447668691175357,34.918507399219784
2025-09-26,0.7661576362097161,56,1.8865157957957055,35.68015838106481
2025-09-27,0.10995004296439789,49,1.4040022187683454,35.790108424029206
2025-09-28,0.15857058583769032,50,1.0346782650117865,34.60722315807421
2025-09-29,0.20141377194452026,49,0.4699344007465907,4.68376072813165
2025-09-30,0.19693943927952634,48,0.5569237970617191,2.5533896358218087
2025-10-01,0.3888364824643888,15,0.7871896936884176,2.349762498294439
2025-10-02,0.05766789407663184,13,0.6434438158205292,1.8795358527768218
2025-10-03,0.1063043720082754,14,0.5528087485492783,1.219682588575381
2025-10-04,0.18974056135901762,14,0.3537128274439071,1.2994731069700007
2025-10-05,0.19968161127543033,14,0.49572654464270555,1.340584132407741
2025-10-06,0.36415221643418544,14,0.7535743890686156,1.503322576897406
2025-10-07,0.46538208917864293,14,1.0292159168882409,1.7717652267965227
2025-10-08,2.3331953874168696,34,3.1627296930296804,3.7161241317490035
2025-10-09,0.5526866187138246,18,3.351264095309319,4.211142856386196
2025-10-10,16.484786436679894,56,19.37066844281057,20.589624921057815
2025-10-11,4.905393064611596,37,21.9428661200053,25.305277424310397
2025-10-12,1.4620005169860057,19,22.85218001827748,26.56759633002097
2025-10-13,0.5857468713420942,16,6.953140452939678,26.78919098492888
2025-10-14,0.2566178034531598,15,2.304365191781242,26.580426699203397
2025-10-15,0.5463857382799462,14,1.3887504130751824,24.79361705006647
2025-10-16,0.668354773829267,15,1.4713583155623553,24.909285205181913
2025-10-17,0.4350249377125869,15,1.6497654498217822,8.859523706214606
2025-10-18,26.886371677769862,61,27.9897513893117,30.840502319372874
2025-10-19,2.675247329853609,50,29.99664394533604,32.053749132240476
2025-10-20,1.4712399491465584,19,31.032858956770013,32.93924221004494
2025-10-21,0.8186275849229965,17,4.965114863923146,33.50125199151477
2025-10-22,0.4420795067294869,15,2.731947040799024,33.39694575996432
2025-10-23,1.5121851690266304,16,2.7728922606790958,34.24077615516168
2025-10-24,0.7926303945347125,15,2.746895070290812,34.598381611983804
2025-10-25,0.0886916186862402,14,2.393507182247565,7.800701552900181
2025-10-26,0.06918523855851154,14,0.9505072517794465,5.1946394616050835
2025-10-27,1.4672050166240655,34,1.6250818738687995,5.19060452908259
2025-10-28,5.609452016535527,49,7.145842271718086,9.981428960695121
2025-10-29,13.017774828501926,56,20.0944318616615,22.557124282467562
2025-10-30,4.130119617276443,48,22.757346462313876,25.175058730717375
2025-10-31,6.412550253453406,49,23.56044469923176,30.794978589636067
2025-11-01,2.4786234438083494,32,13.021293314538179,33.18491041475818
2025-11-02,10.410270121463975,58,19.30144381872571,43.52599529766364
2025-11-03,1.6985853818391967,36,14.587478947111501,43.757375662878765
2025-11-04,1.353623505951713,38,13.462479009254865,39.50154715229496
2025-11-05,0.3342901721765066,28,3.386499059967397,26.81806249596954
2025-11-06,0.28209646620834,30,1.97001014433654,22.970039344901434
2025-11-07,0.11360505188798652,27,0.7299916902728135,16.671094143336013
2025-11-08,9.509137451621024,55,9.90483896971733,23.70160815114869
2025-11-09,1.0088938993908558,42,10.631636402899845,14.300231929075569
2025-11-10,0.12922433308324677,26,10.647255684095107,12.73087088031962
2025-11-11,0.27124040554404066,26,1.4093586380181238,11.648487779911946
2025-11-12,0.21120795555560917,25,0.6116726941828771,11.525405563291049
2025-11-13,0.7176068614020191,28,1.2000552225016494,11.960915958484728
2025-11-14,0.33992163355732663,25,1.2687364505149352,12.187232540154069
2025-11-15,0.2550716744799483,26,1.3126001694392744,2.933166763012993
2025-11-16,1.1960127475023714,44,1.7910060555396268,3.1202856111245088
2025-11-17,7.202362552613401,53,8.6534469745957,10.193423830654663
2025-11-18,4.395402806374181,57,12.793778106489933,14.317586231484803
2025-11-19,0.8157814682516286,36,12.413546827239191,14.922159744180822
2025-11-20,0.10604406322536514,26,5.317228337851155,14.310596946004168
2025-11-21,0.10884598490220997,26,1.0306715163791842,14.079521297349052
2025-11-22,0.3046914299968855,33,0.519581478124441,14.12914105286599
2025-11-23,0.49078871450251094,31,0.9043261294015869,13.423917019866128
2025-11-24,10.178528287338564,61,10.974008431837941,16.400082754591292
2025-11-25,0.34862390574173713,37,11.017940907582792,12.353303853958847
2025-11-26,0.03918212777069295,28,10.566334320850974,11.57670451347791
2025-11-27,0.0805631938923,29,0.46836922740471054,11.551223644144846
2025-11-28,0.26176070545719676,27,0.3815060271201702,11.704138364699832
2025-11-29,0.11300205536893515,27,0.45532595471841236,11.512448990071883
2025-11-30,0.4586537101728291,26,0.8334164709989414,11.480313985742201
2025-12-01,0.009811868541488317,11,0.581467634083233,1.311597566945126
2025-12-02,6.663170167716167,26,7.131635746430465,7.626143828919556
2025-12-03,3.331771158296884,13,10.004753194554521,10.918732859445747
2025-12-04,0.9446240645974914,18,10.939565390610523,11.782793730150939
2025-12-05,0.0,9,4.276395222894355,11.521033024693741
2025-12-06,0.011823911354820846,9,0.9564479759522927,11.419854880679626
2025-12-07,1.407164686139523,10,1.4189885974943244,12.36836585664632
2025-12-08,13.405984574121634,36,14.824973171615959,25.764538562226466
2025-12-09,24.522827130571432,59,39.33597639083257,43.62419552508173
2025-12-10,24.966921661881358,57,62.895733366574404,65.25934602866622
2025-12-11,4.708288903322575,16,54.19803769577535,69.02301086739129
2025-12-12,3.2138438880130717,23,32.889054453216986,72.23685475540437
2025-12-13,25.4229112078581,52,33.34504399919373,97.64794205190765
2025-12-14,5.8296425066252135,23,34.466397602496365,102.07041987239333
2025-12-15,1.5520772019488842,13,32.804630916432174,90.21651250022059
2025-12-16,21.961153192693256,24,29.342872901267334,87.6548385623424
2025-12-17,6.077553603217317,38,29.59078399785944,68.76547050367837
2025-12-18,1.8240921000829973,13,29.86279889599355,65.88127370043878
2025-12-19,0.15896914081135985,10,8.060614844111653,62.82639895323708
2025-12-20,0.19627478843630683,9,2.1793360293306425,37.59976253381529
2025-12-21,1.5733227133285155,11,1.9285666425761607,33.34344274051859
2025-12-22,3.362009341897183,10,5.131606843661984,35.153374880466885
2025-12-23,0.18022647329637048,9,5.1155585285220475,13.37244816107
2025-12-24,0.1437696146883636,9,3.6860054298818956,7.4386641725410465
2025-12-25,0.06007549109879015,9,0.3840715790835029,5.67464756355684
2025-12-26,8.356970799470956,23,8.560815905258089,13.872649222216435
2025-12-27,10.654351888260003,33,19.071398178829728,24.33072632204013
2025-12-28,3.8326245002890107,17,22.84394718801995,26.590028109000627
2025-12-29,8.781690408451672,20,23.268666797000662,32.009709175555116
2025-12-30,14.22219428550453,49,26.836509194245192,46.05167698776327
2025-12-31,5.240830422056923,34,28.244715116013104,51.14873779513183
2026-01-01,1.6446449921241266,21,21.107669699685555,52.73330729615717
2026-01-02,2.903968048932428,26,9.789443463113457,47.28030454561864
2026-01-03,2.297975441388861,14,6.846588482445394,38.9239280987475
2026-01-04,1.3598581175666917,15,6.56180160788796,36.45116171602518
2026-01-05,0.1929190732465262,14,3.8507526322020578,27.862390380820038
2026-01-06,0.1919103431376524,12,1.744687533950849,13.832106438453161
2026-01-07,8.254750261426787,24,8.639579677810945,16.84602627782303
2026-01-08,17.311287440587243,47,25.75794804515166,32.512668726286144
2026-01-09,9.820334174660575,29,35.38637187667458,39.42903485201429
2026-01-10,3.7907772942138545,22,30.922398909461652,40.92183670483928
2026-01-11,2.0264302907713967,19,15.637541759645805,41.58840887804399
2026-01-12,2.5717458631944186,16,8.388953448179649,43.96723566799188
2026-01-13,24.614207345257974,44,29.21238349922377,68.3895326701122
2026-01-14,16.21540552918816,49,43.401358737640535,76.35018793787357
2026-01-15,22.588961190183447,52,63.41857406462957,81.62786168746979
2026-01-16,17.102385913536835,54,55.90675263290842,88.90991342634604
2026-01-17,11.719876701239219,33,51.41122380495948,96.83901283337141
2026-01-18,12.514744170845383,29,41.33700678562141,107.32732671344539
2026-01-19,11.884212783425351,50,36.11883365550993,116.63979363367632
2026-01-20,6.510381648789494,27,30.909338603060206,98.53596793720784
2026-01-21,3.383757251999246,16,21.77835168421407,85.70431966001894
2026-01-22,0.9814391717643055,18,10.875578072553024,64.09679764159978
2026-01-23,0.5782984194231395,16,4.94349484318667,47.572710147486085
2026-01-24,2.067567350214327,17,3.6273049414017504,37.9204007964612
2026-01-25,9.157239509115552,25,11.803105278752998,34.56289613473137
2026-01-26,3.3877450488445544,18,14.612551908174412,26.06642840015057
2026-01-27,7.525363141127985,17,20.07034769908807,27.081409892489063
2026-01-28,8.657771493593462,20,19.57087968356598,32.35542413408328
2026-01-29,3.9267237381993687,18,20.109858372920794,35.30070870051834
2026-01-30,17.343244157574695,47,29.927739389367503,52.065654438669895
2026-01-31,2.3107325481537773,16,23.580700443927817,52.30881963660934
2026-02-01,14.006798487053068,48,33.660775192781514,57.15837861454686
2026-02-02,6.175521476991932,37,22.493052512198755,59.94615504269424
2026-02-03,14.163993951911475,51,34.34631391595646,66.58478585347773
2026-02-04,7.451779289714885,49,27.79129471861827,65.37879364959916
2026-02-05,4.344423509516464,28,25.960196751142803,65.79649342091625
2026-02-06,4.59831383562697,29,16.3945166348583,53.05156309896852
2026-02-07,15.343197346881146,53,24.285934692024558,66.08402789769589
2026-02-08,6.749503989651016,44,26.691015172159112,58.82673340029385
2026-02-09,5.978840380972987,40,28.071541717505127,58.6300523042749
2026-02-10,6.869735319811068,54,19.59807969043505,51.33579367217449
2026-02-11,7.872979987918433,51,20.721555688702466,51.75699437037804
2026-02-12,5.50569748397215,26,20.248412791701632,52.91826834483373
2026-02-13,1.4150912948362402,21,14.793768766726803,49.73504580404299
2026-02-14,2.6479797859591265,25,9.568768564767495,37.03982824312097
2026-02-15,1.435629700811506,22,5.498700781606852,31.725953954281465
2026-02-16,5.096578625018188,24,9.1801881117888,30.843692198326664
2026-02-17,6.829045251128731,21,13.361253576958404,30.80300212964433
2026-02-18,1.0687636384357337,19,12.994387514582632,23.99878578016163
2026-02-19,0.5225569951129952,19,8.42036588467744,19.015645291302476
2026-02-20,0.5443648268687332,19,2.1356854604174407,18.14491882333497
2026-02-21,0.363747217284228,20,1.4306690392659351,15.860686254660068
2026-02-22,6.112418914489364,40,7.020530958642304,20.537475468337927
2026-02-23,1.5736230929381745,22,8.049789224711745,17.014519936257912
2026-02-24,10.285570246308932,28,17.97161225373645,20.471044931438115
2026-02-25,5.344062189327122,31,17.203255528574207,24.746343482329504
2026-02-26,4.7021963037913705,49,20.331828739427404,28.92598279100788
2026-02-27,7.0178885197847345,50,17.064147012903206,35.39950648392388
2026-02-28,0.2155939405949093,17,11.935678764170992,35.25135320723456
2026-03-01,0.2272265319376408,23,7.460708992317263,29.366160824682837
2026-03-02,0.21631398770153143,21,0.6591344602340602,28.008851719446195
2026-03-03,0.18625540038895882,21,0.6297959200281097,17.90953687352622
2026-03-04,0.16690531557303093,21,0.5694747036635,12.73237999977213
2026-03-05,0.1346885824174799,21,0.48784929837944835,8.16487227839824
2026-03-06,10.191205158269817,46,10.492799056260306,11.338188916883322
2026-03-07,9.468985965878776,54,19.79487970656605,20.59158094216719
2026-03-08,16.689086165800838,55,36.349277289949406,37.05344057603038
2026-03-09,9.64027335484841,55,35.798345486528,46.47739994317726
2026-03-10,8.832519463281669,54,35.1618789839309,55.12366400606997
2026-03-11,4.351458461521836,44,22.824251279651893,59.30821715201878
2026-03-12,17.821898338745825,57,31.005876263549307,76.99542690834713
2026-03-13,3.5636612762279425,39,25.737018076495584,70.36788302630525
2026-03-14,1.7963477294237769,28,23.181907344397523,62.69524478985025
2026-03-15,1.2859162054116757,27,6.645925211063374,47.292074829461086
2026-03-16,1.0354236977737403,28,4.117687632609171,38.68722517238642
2026-03-17,0.9976395335989461,27,3.318979436784341,30.852345242703695
2026-03-18,1.0275259225352777,27,3.060589153907943,27.528412703717137
2026-03-19,8.38221116616915,48,10.407376622303353,18.08872553114046
2026-03-20,7.134049668580453,28,16.54378675728486,21.65911392349297
2026-03-21,1.1403787903172007,25,16.65663962506678,21.003144984386395
2026-03-22,0.9434270292000564,26,9.217855488097689,20.660655808174777
2026-03-23,0.4339682396437245,24,2.5177740591609603,20.059200350044758
2026-03-24,0.7687595188544001,24,2.1461547876981597,19.830320335300215
2026-03-25,1.1923304362500138,25,2.395058194748117,19.995124849014953
2026-03-26,6.065663862517476,30,8.026753817621868,17.67857754536328
2026-03-27,1.5093642780293688,24,8.767358576796836,12.053892154812194
2026-03-28,0.3316424743642972,22,7.90667061491112,11.24515583885929
2026-03-29,0.4306144621890672,23,2.2716212145827117,10.732343271848302
2026-03-30,0.10663533252622362,22,0.8688922690795667,10.405010364730801
2026-03-31,2.1507684658834645,37,2.688018260598734,11.787019311759863
2026-04-01,3.99529702460021,51,6.252700823009877,14.589985900110062
2026-04-02,1.2662290355471444,54,7.412294526030799,9.79055107313973
2026-04-03,1.1241772933197405,48,6.385703353467074,9.405364088430101
2026-04-04,1.9777870536375206,52,4.368193382504384,11.051508667703326
2026-04-05,1.50258256036725,45,4.60454690732449,12.123476765881508
2026-04-06,0.5559764545959617,44,4.036346068600712,12.572817887951246
2026-04-07,4.4557114834072316,60,6.514270498370423,14.877760905475014
2026-04-08,0.6166253909968968,48,5.628313329000069,11.4990892718717
2026-04-09,0.2434699767776069,44,5.315806851181715,10.476330213102163
2026-04-10,2.943185739182571,57,3.803281106957054,12.295338658964994
2026-04-11,1.4037941411583557,44,4.590449857118513,11.721345746485827
2026-04-12,0.06883380612509485,41,4.415813686466001,10.287596992243671
2026-04-13,0.009813870624001048,43,1.4824418179074312,9.74143440827171
2026-04-14,0.008908309584676451,42,0.08755598633375192,5.294631234449156
2026-04-15,0.006786226052204043,43,0.025508406260861115,4.684792069504463
2026-04-16,0.27300501944701483,44,0.2886995550838749,4.714327112173872
2026-04-17,0.24076639936950656,44,0.520557644868705,2.011907772360807
2026-04-18,1.0607606223483823,52,1.5745320411648833,1.6688742535508339
2026-04-19,0.2604336296504502,44,1.5619606513683186,1.8604740770761892
2026-04-20,0.1851902296965764,44,1.5063844816953884,2.0358504361487646
2026-04-21,0.18431320815455884,44,0.629937067501565,2.211255334718647
2026-04-22,0.14317218486885877,43,0.5126756227199736,2.3476412935353017
2026-04-23,0.17449824343802875,42,0.501983636461426,2.2491345175263153
2026-04-24,0.07111845437532398,43,0.38878888268219103,2.079486572532133
2026-04-25,0.0,41,0.24561669781333229,1.0187259501837507
2026-04-26,0.008467440222461138,42,0.07958589459776469,0.7667597607557617
2026-04-27,0.45336683089390994,49,0.46183427111635067,1.0349363619530954
2026-04-28,2.548147166445815,57,3.009981437562166,3.3987703202443518
2026-04-29,1.0448812045440883,52,4.046395201883793,4.300479339919581
2026-04-30,2.8890940310049613,56,6.482122401994844,7.015075127486513
2026-05-01,0.3256327094937722,15,4.259607945042801,7.269589382604961
2026-05-02,0.3786286529802639,13,3.5933553934789764,7.648218035585225
2026-05-03,1.1376839494012656,23,1.8419453118752809,8.77743454476403
2026-05-04,0.14137239835338916,13,1.657685000734898,8.465440112223508
2026-05-05,0.01181994740669902,11,1.2908762951613328,5.929112893184394
2026-05-06,0.01181994740669902,11,0.16501229316676633,4.896051636047004
2026-05-07,0.7144025257438563,13,0.7380424205572335,2.7213601307858992
2026-05-08,0.4983028188781015,15,1.224525292028636,2.8940302401702285
2026-05-09,2.633494410443613,13,3.84619975506555,5.148895997633578
2026-05-10,12.763464209248555,60,15.895261438570248,16.774676257480866
2026-05-11,3.5298338588789195,23,18.926792478571066,20.163137718006396
2026-05-12,1.0250544847184828,14,17.318352552845937,21.17637225531818
2026-05-13,0.7251194744308987,13,5.280007818028282,21.889671782342383
2026-05-14,0.7787794535993233,14,2.5289534127486855,21.95404871019785
2026-05-15,3.3691952655426554,57,4.873094193572858,24.8249411568624
2026-05-16,4.075774782994065,16,8.223749502136025,26.267221529412854
2026-05-17,11.064864768591649,56,18.50983481712835,24.56862208875595
2026-05-18,5.506583940247688,22,20.647223491833383,26.54537217012472
2026-05-19,5.947398397291338,16,22.518847106130657,31.467716082697574
2026-05-20,1.6208258158688666,27,13.074808153407872,32.36342242413554
2026-05-21,2.7811013634689963,16,10.349325576629182,34.365744334005214
2026-05-22,1.8632759722630978,15,6.265203151600941,32.85982504072565
2026-05-23,9.121093214537943,57,13.765470550270017,37.90514347226953
2026-05-24,2.917171884094753,38,13.901541070895773,29.757450587772638
2026-05-25,0.4851908063131579,12,12.523455904945832,24.73605745383811
2026-05-26,1.314871192866006,13,4.717233883273895,20.103530249412774
2026-05-27,1.1000236859192838,13,2.9000856850984262,19.58272811946319
2026-05-28,0.5579575039141976,9,2.972852382699466,17.359584259908395
2026-05-29,0.4909010493506956,12,2.1488822391841556,15.987209336995992
2026-05-30,0.49306037385525764,12,1.5419189271201295,7.3591764963133075
2026-05-31,0.4601953953022328,11,1.4441568185081648,4.902200007520786
