date,has_flooding,cemaden_municipal_qc_mm,cemaden_municipal_n_estacoes,cemaden_municipal_acc3d,cemaden_municipal_acc7d,sp_precip_mm,sp_temp_mean,sp_umid_mean,sp_vento_mean,sp_pressao_mean,data_alvo,alvo_amanha,mes_sin,mes_cos
2015-01-01,1,11.900364206512535,12,,,6.003816333992145,24.9988361662944,71.93339248432272,1.6848477096755987,932.4569244005186,2015-01-02,1,0.0,1.0
2015-01-02,1,5.640818345239625,13,,,3.684644810495731,25.03619238914829,73.81813533880921,1.656083877472155,932.3523378403554,2015-01-03,1,0.0,1.0
2015-01-03,1,3.048404017803968,32,20.58958656955613,,5.184188502473309,23.596146402472744,80.48191056063142,1.8200788507952912,934.5602395742154,2015-01-04,0,0.0,1.0
2015-01-04,0,2.187104560017915,2,10.876326923061509,,2.49403018432547,22.48969087295494,82.59331109371522,1.4682424056060055,935.8181751387,2015-01-05,1,0.0,1.0
2015-01-05,1,13.070160632027832,36,18.305669209849718,,13.900826222475908,22.86214216432537,79.72467886694857,1.6161768937663723,935.6937971049258,2015-01-06,1,0.0,1.0
2015-01-06,1,0.37030037431915014,2,15.627565566364899,,3.8765129548329007,23.33406855930721,77.39368285891179,1.487659650509368,936.6390935217356,2015-01-07,1,0.0,1.0
2015-01-07,1,27.334781863302027,37,40.775242869649006,63.55193399922305,6.811443933558718,24.254245614218213,73.30800873846219,1.5513461715523102,934.9956522380924,2015-01-08,1,0.0,1.0
2015-01-08,1,19.317173734333384,21,47.022255971954564,70.9687435270439,11.097003901593803,24.11868473680761,72.86404739353614,1.464109944304212,935.0017825268084,2015-01-09,0,0.0,1.0
2015-01-09,0,7.619118091888053,4,54.27107368952346,72.94704327369233,3.5519852918715458,25.699196990831307,68.11367356498509,1.5064518044790725,934.189401291769,2015-01-10,1,0.0,1.0
2015-01-10,1,7.366792200475719,7,34.30308402669716,77.26543145636407,2.3920846168224967,26.51288343763588,66.5885060284852,1.463174891460382,934.2092926175028,2015-01-11,1,0.0,1.0
2015-01-11,1,2.8913821259038417,7,17.877292418267615,77.96970902225,1.159075587304077,26.585350099654363,68.57897104259118,1.7921427496621505,934.1799918890048,2015-01-12,1,0.0,1.0
2015-01-12,1,15.607327586071815,24,25.865501912451375,80.506875976294,2.853829489015693,25.827100988663425,69.11898782622075,1.7358169371148646,934.1835219087454,2015-01-13,0,0.0,1.0
2015-01-13,0,14.033960919804182,8,32.53267063177984,94.17053652177901,0.255453346288422,25.631619544480376,64.33383201130779,1.5406106804431852,934.0025710268436,2015-01-14,1,0.0,1.0
2015-01-14,1,19.88873967438861,24,49.53002818026461,86.7244943328656,11.457806721361212,24.798770947062568,71.80054878339385,1.599844932154153,934.294061023328,2015-01-15,0,0.0,1.0
2015-01-15,0,13.640433707242002,16,47.563134301434786,81.04775430577422,1.4030750866015458,25.33394935670584,70.89037800936131,1.7362872704260073,934.8427412371136,2015-01-16,0,0.0,1.0
2015-01-16,0,3.0322757917297327,3,36.561449173360344,76.46091200561591,0.0,26.09883196284974,68.86552044802907,1.858722448875711,936.4832837442228,2015-01-17,0,0.0,1.0
2015-01-17,0,3.647400621811998,2,20.320110120783728,72.74152042695219,0.0788376227414808,26.96356153946956,64.25385113708388,1.4171041330060168,934.8270532620857,2015-01-18,0,0.0,1.0
2015-01-18,0,,1,,,0.3099017251222339,27.405780130030493,61.846716835052725,1.7522308692873507,934.6440615970404,2015-01-19,0,0.0,1.0
2015-01-19,0,27.28708654021644,2,,,2.719813309370225,27.35288191127487,60.26841097458645,1.9193640000348549,934.9452610311638,2015-01-20,0,0.0,1.0
2015-01-20,0,,1,,,2.0149817271162167,26.247013580515983,62.75754540007142,1.5024565435998822,933.5375316285164,2015-01-21,0,0.0,1.0
2015-01-21,0,1.710245438317759,2,,,8.399246059452206,24.33564327063858,73.63497582754202,2.32541187579264,934.1262645249976,2015-01-22,0,0.0,1.0
2015-01-22,0,20.005616240165928,50,,,12.079428472704915,22.00612849096269,79.31445683417421,2.72512915793686,935.974409978974,2015-01-23,0,0.0,1.0
2015-01-23,0,9.39829446617725,46,31.11415614466093,,4.163799878720947,21.47848777249389,79.17872319605699,2.1660426021100583,936.6214200139652,2015-01-24,1,0.0,1.0
2015-01-24,1,8.852930298668142,28,38.25684100501132,,1.230076646402543,22.67732064514036,75.26396982048057,1.8065682270653056,934.1254637134668,2015-01-25,0,0.0,1.0
2015-01-25,0,4.889677691126057,3,23.140902455971442,,2.325257742223037,23.6688861904843,69.24703743145649,1.900123404036449,933.3167194320924,2015-01-26,1,0.0,1.0
2015-01-26,1,18.94238267619916,46,32.684990665993354,,44.10496171470842,22.371759992908927,78.81124412643447,1.7287951140040478,933.8040312316284,2015-01-27,1,0.0,1.0
2015-01-27,1,11.740940361006263,25,35.57300072833148,75.54008717166056,3.1962911624728574,23.154420012171418,76.83631734155657,1.4602904872235616,934.159782137797,2015-01-28,1,0.0,1.0
2015-01-28,1,15.668638496831537,47,46.35196153403696,89.49848023017435,1.361735128234847,24.026267756525087,75.37291350716816,1.449121501529481,934.0037579357812,2015-01-29,0,0.0,1.0
2015-01-29,0,7.438721815939074,2,34.84830067377687,76.93158580594748,2.9419040880444807,23.850791866684038,76.0672426548802,1.906137552328537,933.3632770629408,2015-01-30,0,0.0,1.0
2015-01-30,0,0.9065727617227551,9,24.013933074493362,68.43986410149299,2.8158348198630563,22.70544599527225,79.89589775931121,1.9311243710704864,934.3679345311728,2015-01-31,0,0.0,1.0
2015-01-31,0,1.4653009111600654,22,9.81059548882189,61.052234713984916,3.76955174347678,21.89070062362372,82.16826724268348,2.2410480130591,936.5283415048814,2015-02-01,0,0.49999999999999994,0.8660254037844387
2015-02-01,0,,1,,,9.424175955325346,23.2649529830955,77.94406974191652,1.9608056240719716,935.710325688628,2015-02-02,1,0.49999999999999994,0.8660254037844387
2015-02-02,1,6.491513427069122,12,,,15.252341030814495,22.05990067841753,83.68943293459279,1.6983009365159345,934.9374765770184,2015-02-03,1,0.49999999999999994,0.8660254037844387
2015-02-03,1,,1,,,1.0553762669616795,22.243107054761456,76.10080002976449,1.3967718517387393,933.0328766075328,2015-02-04,0,0.49999999999999994,0.8660254037844387
2015-02-04,0,6.7406424717205615,2,,,5.893233699990616,21.503639552286515,81.61547830091378,1.3924056355413297,930.7564012409867,2015-02-05,1,0.49999999999999994,0.8660254037844387
2015-02-05,1,28.344937169192775,52,,,32.65228098475031,20.1488707980092,90.22238719899808,1.7696346737793756,927.6795394080236,2015-02-06,1,0.49999999999999994,0.8660254037844387
2015-02-06,1,26.43065001782148,35,61.516229658734815,,17.217007316431108,20.21512120548428,85.36310278346993,1.38744842363807,927.3890315469666,2015-02-07,1,0.49999999999999994,0.8660254037844387
2015-02-07,1,15.965740205208439,6,70.74132739222269,,3.425097585644665,21.022314858434243,80.03697185716,1.400401113603006,928.8204344258738,2015-02-08,0,0.49999999999999994,0.8660254037844387
2015-02-08,0,4.467537233944856,3,46.86392745697477,,0.3239722196082272,22.448154109662077,76.17034553797103,1.5529284748511003,931.1871939114792,2015-02-09,1,0.49999999999999994,0.8660254037844387
2015-02-09,1,4.507289708397868,2,24.940567147551157,,2.859167058867276,23.02185045363135,78.35962471991141,1.548337949274023,932.1854823065923,2015-02-10,1,0.49999999999999994,0.8660254037844387
2015-02-10,1,4.371132900160745,9,13.345959842503465,90.82792970644674,8.784920827523024,23.04082616233418,82.80437657060504,1.5831636591964162,933.2508537414826,2015-02-11,1,0.49999999999999994,0.8660254037844387
2015-02-11,1,8.111971088291005,6,16.990393696849615,92.19925832301718,5.093957743809943,23.84215459841193,78.66525110998688,1.5432823524138852,934.964869065519,2015-02-12,0,0.49999999999999994,0.8660254037844387
2015-02-12,0,4.196442142301462,2,16.67954613075321,68.05076329612585,1.4930609361302651,25.319616972143656,74.5770681218965,1.5244273668796124,935.3213614089964,2015-02-13,1,0.49999999999999994,0.8660254037844387
2015-02-13,1,3.730170793156856,2,16.03858402374932,45.35028407146123,5.294994480278295,24.14402853904826,79.43062813423062,1.3413443993758225,935.8033136706216,2015-02-14,0,0.49999999999999994,0.8660254037844387
2015-02-14,0,7.499427574773638,6,15.426040510231953,36.88397144102643,3.8577685609267176,23.489759777160412,77.11785154570863,1.6032123689708837,934.6350269747672,2015-02-15,1,0.49999999999999994,0.8660254037844387
2015-02-15,1,,1,,,15.573296747487875,21.776542479604466,83.16486704063873,1.7838400802890633,933.4065956686796,2015-02-16,1,0.49999999999999994,0.8660254037844387
2015-02-16,1,40.35089101752719,49,,,21.03831779649306,21.078303049143223,85.35727628094841,1.3062034385778398,933.7200839107934,2015-02-17,1,0.49999999999999994,0.8660254037844387
2015-02-17,1,15.516288151195836,49,,,21.705307359480283,21.76421977434077,85.52061029349508,1.2624058657080175,932.815844506374,2015-02-18,1,0.49999999999999994,0.8660254037844387
2015-02-18,1,11.10224007683083,50,66.96941924555385,,28.891512472505084,21.03910337076847,89.3262698140606,1.8647879139641392,930.9893759273236,2015-02-19,0,0.49999999999999994,0.8660254037844387
2015-02-19,0,4.17473088159203,2,30.79325910961869,,4.029421128229691,22.68614743433105,81.56919664450133,2.335983905955496,931.0803337004394,2015-02-20,0,0.49999999999999994,0.8660254037844387
2015-02-20,0,,1,,,2.135569635427224,23.64172381091644,77.03327059426952,1.802392316075536,933.4907481191536,2015-02-21,0,0.49999999999999994,0.8660254037844387
2015-02-21,0,,1,,,1.9504814126519725,24.356504152782577,74.74337432448584,1.550831594567534,936.5032073654312,2015-02-22,0,0.49999999999999994,0.8660254037844387
2015-02-22,0,,0,,,0.0227901975829539,23.858632558586745,72.4091479644316,1.9707411533814807,937.0554063918836,2015-02-23,1,0.49999999999999994,0.8660254037844387
2015-02-23,1,,0,,,3.675937031321056,23.691476595077688,73.98439299164824,1.765708436699466,936.387334528678,2015-02-24,1,0.49999999999999994,0.8660254037844387
2015-02-24,1,,1,,,2.630747288427158,23.722322998398788,74.36516046740081,1.5646978332258146,935.6651091168692,2015-02-25,1,0.49999999999999994,0.8660254037844387
2015-02-25,1,53.23471291028918,40,,,10.387468440363012,22.17013451235552,78.66550973224014,1.63420137192962,936.4761616505108,2015-02-26,0,0.49999999999999994,0.8660254037844387
2015-02-26,0,16.293611199326854,6,,,4.197479148982112,22.889597499281518,75.97841546131957,1.3985962797039355,934.2339164885988,2015-02-27,0,0.49999999999999994,0.8660254037844387
2015-02-27,0,,1,,,2.276440254181035,23.32740173532306,76.09658086681067,1.4965015483469242,931.4931173426246,2015-02-28,1,0.49999999999999994,0.8660254037844387
2015-02-28,1,10.09811595899476,18,,,11.151922747722796,21.59001400528085,83.05593592087483,2.08592170381958,933.65185746079,2015-03-01,0,0.8660254037844386,0.5000000000000001
2015-03-01,0,5.387409451857278,9,,,0.7941646109025257,21.61348728425308,74.5664170907537,2.833061339543359,936.44801868289,2015-03-02,0,0.8660254037844386,0.5000000000000001
2015-03-02,0,2.0778895213930255,2,17.563414932245056,,0.0,22.23375703101061,69.8434946320288,2.366120544615157,936.4086648462044,2015-03-03,0,0.8660254037844386,0.5000000000000001
2015-03-03,0,,1,,,0.0279434780852059,22.65606702986812,73.02552093834133,1.8389916984213728,935.1553400140168,2015-03-04,0,0.8660254037844386,0.5000000000000001
2015-03-04,0,3.4551252296332167,2,,,0.3822516020421439,23.397477107336822,72.7420662830506,1.7568597330978424,934.797522805361,2015-03-05,0,0.8660254037844386,0.5000000000000001
2015-03-05,0,2.943144483582066,2,,,3.662779353293228,23.648736382969076,74.22212515894455,1.441508785047666,933.8994816646313,2015-03-06,1,0.8660254037844386,0.5000000000000001
2015-03-06,1,50.26992027508841,55,56.66818998830369,,19.33862023583728,22.805457972253844,80.31550386040823,1.549873359801383,932.9522999967104,2015-03-07,1,0.8660254037844386,0.5000000000000001
2015-03-07,1,40.560710490320226,75,93.77377524899069,,15.226349141171918,21.54201156562046,87.76903757028381,1.242904694122558,932.5600062549854,2015-03-08,1,0.8660254037844386,0.5000000000000001
2015-03-08,1,13.12656291941343,64,103.95719368482207,,14.784632574980217,21.168628192074166,88.73119549640224,1.055499209923311,932.6831372878322,2015-03-09,1,0.8660254037844386,0.5000000000000001
2015-03-09,1,29.582722453336252,71,83.26999586306991,,13.59411820329132,21.05429778544873,89.29384541667261,1.2606840622054734,931.8234837733596,2015-03-10,0,0.8660254037844386,0.5000000000000001
2015-03-10,0,5.916528002210521,16,48.625813374960195,145.85471385358412,5.057510021689316,21.58027073562349,86.05331436139463,1.396559328354396,930.3334045985836,2015-03-11,1,0.8660254037844386,0.5000000000000001
2015-03-11,1,12.365469889090551,51,47.86472034463732,154.76505851304145,3.9286672489868986,22.29148969599402,82.79709848516629,1.509561888225799,929.9871662101324,2015-03-12,0,0.8660254037844386,0.5000000000000001
2015-03-12,0,8.348916657934495,4,26.630914549235563,160.17083068739387,2.5043178331314087,21.459216315524174,83.95370936979297,1.4126362137593746,931.34293722748,2015-03-13,1,0.8660254037844386,0.5000000000000001
2015-03-13,1,19.503589228465092,51,40.21797577549013,129.40449964077055,4.689614415751714,21.54923484799723,82.72661088710588,1.2442173192692805,932.6523961963352,2015-03-14,1,0.8660254037844386,0.5000000000000001
2015-03-14,1,7.835896131622195,20,35.68840201802177,96.67968528207253,2.647397754466609,21.535491186819627,86.66661541785211,0.9510213522443964,933.718730177707,2015-03-15,0,0.8660254037844386,0.5000000000000001
2015-03-15,0,4.881938866181564,62,32.22142422626884,88.43506122884067,4.731176294407762,21.9190002063718,84.98873481861537,1.0900346458627774,933.94061569142,2015-03-16,1,0.8660254037844386,0.5000000000000001
2015-03-16,1,16.88521340560821,53,29.60304840341196,75.73755218111262,17.843496631488158,21.82270494242911,81.54690673472315,1.1833223820484595,933.5037206482536,2015-03-17,0,0.8660254037844386,0.5000000000000001
2015-03-17,0,4.528544039136275,3,26.29569631092604,74.34956821803837,12.48140382225776,20.764655196043574,85.317091907604,1.437283859496759,934.314357948349,2015-03-18,0,0.8660254037844386,0.5000000000000001
2015-03-18,0,,1,,,7.3022256512814305,20.55311079685969,84.56471165217735,1.3778227788026003,935.571661859714,2015-03-19,1,0.8660254037844386,0.5000000000000001
2015-03-19,1,24.172954134488776,32,,,12.177092974384896,20.596528730425927,89.30839012327371,1.3189028609223192,943.4400622233582,2015-03-20,1,0.8660254037844386,0.5000000000000001
2015-03-20,1,36.58817932466921,41,,,11.673057285036242,21.109806851803064,85.548613578157,1.2607978940342273,941.0224824588172,2015-03-21,1,0.8660254037844386,0.5000000000000001
2015-03-21,1,4.53862447812446,56,65.29975793728244,,8.116767972445015,20.679976707596744,87.79605290152305,1.070993355238013,938.968305826309,2015-03-22,0,0.8660254037844386,0.5000000000000001
2015-03-22,0,7.3870167300373595,36,48.513820532831026,,11.487006748491751,20.102557833930984,88.189534366367,1.5406849977629222,939.2566374104184,2015-03-23,1,0.8660254037844386,0.5000000000000001
2015-03-23,1,1.8062824030118592,5,13.731923611173672,,1.6068386787701272,20.32809765974804,80.14079940963722,1.871232830027516,943.2242029565203,2015-03-24,0,0.8660254037844386,0.5000000000000001
2015-03-24,0,6.539384765903381,3,15.732683898952592,,0.3246016001902733,20.816895384094288,77.72125929752852,1.9492993069231417,945.702841081988,2015-03-25,0,0.8660254037844386,0.5000000000000001
2015-03-25,0,2.1131293858193163,2,10.45879655473455,83.14557122205436,0.0164807714202546,21.55529573165786,73.81208009829213,1.8712778951966245,945.2040656697404,2015-03-26,0,0.8660254037844386,0.5000000000000001
2015-03-26,0,,1,,,0.0064839415776019,22.440532040942124,74.3656089961274,1.3287239301628049,941.7295166844198,2015-03-27,0,0.8660254037844386,0.5000000000000001
2015-03-27,0,,1,,,2.8462681777841827,22.966750391865272,74.49788151620442,1.198600740353525,942.7091442234126,2015-03-28,0,0.8660254037844386,0.5000000000000001
2015-03-28,0,,1,,,2.20971161515129,22.68085003860552,78.71097673162353,1.4591515882063384,944.414073786794,2015-03-29,0,0.8660254037844386,0.5000000000000001
2015-03-29,0,12.09118841636628,27,,,8.921967525058378,21.98616561427232,85.20395393644299,1.4063704592924773,942.304861680435,2015-03-30,0,0.8660254037844386,0.5000000000000001
2015-03-30,0,6.57894022549576,27,,,9.74615713291526,21.7687766644256,87.8379420230984,1.2055147842060674,940.7054649578474,2015-03-31,0,0.8660254037844386,0.5000000000000001
2015-03-31,0,1.6189857601869715,4,20.289114402049005,,1.7921716804442682,23.220942803061376,79.85807128696946,1.5013025941824425,940.5501997984162,2015-04-01,0,1.0,6.123233995736766e-17
2015-04-01,0,0.34716337025954686,3,8.545089355942272,,0.0185002695777185,22.33704435969433,76.68901032064676,1.495058533003514,942.0487506382186,2015-04-02,0,1.0,6.123233995736766e-17
2015-04-02,0,0.42128633530150594,9,2.387435465748017,,0.2274785177982919,21.73481384069794,73.38905481728317,2.0214132135558773,943.6926893269684,2015-04-03,0,1.0,6.123233995736766e-17
2015-04-03,0,0.34716337025954686,3,1.1156130758205927,,0.1314094160641045,20.431058889492142,74.96732691778722,1.7604357974196785,942.461904620964,2015-04-04,0,1.0,6.123233995736766e-17
2015-04-04,0,0.34716337025954686,3,1.1156130758205924,21.75189084812916,0.7272479645710263,21.773718479730988,74.996579761279,1.697753420964268,939.8898604901324,2015-04-05,0,1.0,6.123233995736766e-17
2015-04-05,0,0.9316708277813794,12,1.625997568300466,10.592373259544257,3.0952022612641525,21.95819404042636,81.97846873300603,1.679981450339171,937.5575595452,2015-04-06,0,1.0,6.123233995736766e-17
2015-04-06,0,1.8585739952871008,31,3.13740819332802,5.872007029335598,1.6031314405907149,21.934799951257418,80.24383847089904,2.7058392808919702,936.8864963466442,2015-04-07,0,1.0,6.123233995736766e-17
2015-04-07,0,5.45103719355491,71,8.241282016623384,9.704058462703536,1.387155674537973,18.295479454400684,79.73119199653753,2.936988005203136,942.1123960545028,2015-04-08,0,1.0,6.123233995736766e-17
2015-04-08,0,0.2603725276946601,3,7.5699837165366635,9.61726762013865,0.1173188051603831,18.79227717105848,73.93017778647118,2.1569152389294985,944.163928780081,2015-04-09,0,1.0,6.123233995736766e-17
2015-04-09,0,0.2603725276946601,3,5.971782248944224,9.456353812531804,0.0185002695777185,20.43632007203539,73.95005052320356,1.790785997657597,944.7311695417152,2015-04-10,0,1.0,6.123233995736766e-17
2015-04-10,0,0.17358168512977343,3,0.6943267405190866,9.282772127402032,0.0656824773272526,20.90628448924736,74.76067778835962,1.676729032898666,945.7091728863646,2015-04-11,0,1.0,6.123233995736766e-17
2015-04-11,0,0.0,2,0.4339542128244265,8.935608757142484,0.0064839415776019,21.216119948813304,73.54944730761424,1.54045699759297,944.6210636511646,2015-04-12,0,1.0,6.123233995736766e-17
2015-04-12,0,0.17358168512977343,3,0.34716337025953975,8.177519614490876,0.055098432277833,20.85447822766848,76.20319283294461,1.4426874235413245,943.2184163549524,2015-04-13,0,1.0,6.123233995736766e-17
2015-04-13,0,0.17358168512977343,3,0.34716337025953975,6.492527304333551,0.0186624178130673,20.733228065750662,76.44782882681152,1.6623157483015027,944.3720413977396,2015-04-14,0,1.0,6.123233995736766e-17
2015-04-14,0,0.17358168512977343,3,0.5207450553893203,1.2150717959084139,0.0327870274256066,21.642999232847743,74.79734802583812,1.603887344105385,943.4997984868857,2015-04-15,1,1.0,6.123233995736766e-17
2015-04-15,1,15.59692839611597,63,15.94409176637551,16.551627664329725,10.286277067568555,21.75714586885988,80.68534458710334,1.3420391552541229,941.763084545837,2015-04-16,1,1.0,6.123233995736766e-17
2015-04-16,1,12.536848082499784,60,28.30735816374552,28.828103219134846,3.5052145919319875,21.65651856248507,83.79496272795537,1.3346744753691269,941.4724606971712,2015-04-17,0,1.0,6.123233995736766e-17
2015-04-17,0,3.4913287178692243,7,31.625105196484974,32.1458502518743,0.1606415177918655,21.728822451362504,77.26699849128954,1.5807698316704162,943.3089532439362,2015-04-18,0,1.0,6.123233995736766e-17
2015-04-18,0,0.5964826735415403,4,16.624659473910544,32.74233292541584,0.5642054035647157,22.91909373674609,76.13119180094255,1.518839357287317,941.5328832546764,2015-04-19,0,1.0,6.123233995736766e-17
2015-04-19,0,7.351574482520273,48,11.43938587393103,39.92032572280634,7.832757297674831,22.79172348010917,82.62718964451524,1.3200086837630307,940.9537064695484,2015-04-20,0,1.0,6.123233995736766e-17
2015-04-20,0,0.705251580580312,31,8.653308736642117,40.45199561825687,0.6604135695358602,23.521459746310452,79.93543312342806,1.2084780649217954,940.280417640998,2015-04-21,0,1.0,6.123233995736766e-17
2015-04-21,0,2.2294046573611435,49,10.28623072046172,42.50781859048825,4.714077380773636,23.45315334938125,82.52761754366352,1.513211538447619,940.2658927533638,2015-04-22,1,1.0,6.123233995736766e-17
2015-04-22,1,19.692569098582922,68,22.62722533652437,46.6034592929552,11.535703360338326,20.62947386545626,89.53931947466181,1.415149693155047,942.9075600953352,2015-04-23,0,1.0,6.123233995736766e-17
2015-04-23,0,0.9578749227430403,10,22.879848678687097,35.02448613319845,1.2802646173697263,21.397386157240547,82.32721683010666,1.8241824197559,943.910580394736,2015-04-24,0,1.0,6.123233995736766e-17
2015-04-24,0,0.6976774105194963,7,21.34812143184545,32.230834825848724,3.0402466082543658,22.173852792621005,80.68988794421215,1.510142862575231,943.6051629210413,2015-04-25,0,1.0,6.123233995736766e-17
2015-04-25,0,0.6251056877955755,22,2.2806580210581013,32.25945784010276,0.1341348602573014,20.183502016428545,76.83205342544589,2.3265225056649177,945.0107551311752,2015-04-26,0,1.0,6.123233995736766e-17
2015-04-26,0,0.6964570249437514,46,2.0192401232588124,25.604340382526242,0.5594767761006243,19.167798056215,77.82927083180705,2.006859742916068,945.5764705190816,2015-04-27,0,1.0,6.123233995736766e-17
2015-04-27,0,0.11683129023409222,3,1.4383940029734084,25.01592009218002,0.383996797984985,20.356699335020256,72.87552959308545,1.71603387279904,944.4030195537443,2015-04-28,0,1.0,6.123233995736766e-17
2015-04-28,0,0.07788752682272813,3,0.8911758420005611,22.864402961641606,0.0947915856212588,20.514840708087966,74.27296284026909,1.506087396307185,942.7879317661284,2015-04-29,0,1.0,6.123233995736766e-17
2015-04-29,0,1.4937039148007953,6,1.688422731857605,4.665537777859479,1.3589461163287209,19.23596135376874,77.31508998671696,2.3430740223084023,943.7812107142832,2015-04-30,0,1.0,6.123233995736766e-17
2015-04-30,0,1.2776638149029838,27,2.8492552565264964,4.985326670019422,1.0332986268676392,17.327781759598988,79.93229020431966,2.1931223101972903,937.0701181364896,2015-05-01,0,0.8660254037844387,-0.4999999999999998
2015-05-01,0,0.11217159635970551,2,2.883539326063474,4.399820855859631,0.1615632135883808,17.312133392098985,76.39604278031464,1.58487007596269,936.003233274524,2015-05-02,0,0.8660254037844387,-0.4999999999999998
2015-05-02,0,0.1942567057135338,3,1.5840921169762123,3.96897187377759,0.2092677595644559,18.60584582205651,76.78382997662501,1.461671270837999,934.585439314718,2015-05-03,0,0.8660254037844387,-0.4999999999999998
2015-05-03,0,0.11217159635970551,2,0.41859989843293416,3.384686445193544,0.2671225182171093,20.612138333349403,76.43745520984157,1.7137606536700631,933.6926209298643,2015-05-04,0,0.8660254037844387,-0.4999999999999998
2015-05-04,0,8.750355102868927,67,9.056783404942156,12.018210257828379,9.246400616877892,19.936722739802807,80.85469693774996,1.8383660950894876,933.0887391764476,2015-05-05,0,0.8660254037844387,-0.4999999999999998
2015-05-05,0,1.810336376686777,23,10.6728630759154,13.750659107692428,2.115437386612441,19.20301165479571,83.912176716874,1.9397358089151957,936.634568265968,2015-05-06,0,0.8660254037844387,-0.4999999999999998
2015-05-06,0,0.19515773064713812,3,10.75584921020283,12.45211292353877,0.0862849550269383,18.149816434375712,83.09526463681357,1.6533922160034638,935.79968469665,2015-05-07,0,0.8660254037844387,-0.4999999999999998
2015-05-07,0,1.0747141938029399,17,3.080208301136844,12.249163302438728,0.4520931494367839,16.99408182874137,81.5677509019346,1.8585241798849217,936.6771405899668,2015-05-08,0,0.8660254037844387,-0.4999999999999998
2015-05-08,0,4.187156216576079,25,5.457028141026146,16.3241479226551,2.194218512303433,16.3551720322135,78.4734706334066,2.448647039621599,940.2292764430606,2015-05-09,0,0.8660254037844387,-0.4999999999999998
2015-05-09,0,0.3168902322766777,5,5.578760642655685,16.446781449218243,0.02077069942549,17.681073574832276,75.1479754364981,1.4354034669610023,938.3981865325096,2015-05-10,1,0.8660254037844387,-0.4999999999999998
2015-05-10,1,21.080954757704934,66,25.585001206557678,37.41556461056347,16.957299574164914,17.046324707013778,86.43974154680187,1.5674954732827031,935.1153990341322,2015-05-11,0,0.8660254037844387,-0.4999999999999998
2015-05-11,0,9.503563660127874,11,30.901408650109477,38.16877316782242,3.314625719917509,17.809989301920233,87.18091542617805,1.7370625245518465,932.0592838755024,2015-05-12,0,0.8660254037844387,-0.4999999999999998
2015-05-12,0,2.1019825201702527,48,32.68650093800305,38.46041931130589,1.3185336157194052,17.050146587021118,82.67149923045504,1.679144393007259,935.1214104755372,2015-05-13,0,0.8660254037844387,-0.4999999999999998
2015-05-13,0,1.693247939979052,60,13.298794120277169,39.958509520637804,1.3696601330898197,16.510936296514856,84.56659812105602,2.2413522953088263,938.3756533512764,2015-05-14,0,0.8660254037844387,-0.4999999999999998
2015-05-14,0,1.1361159592518368,6,4.931346419401131,40.0199112860867,0.585927749620228,17.06070816696183,81.14091959241,2.060842160820394,939.7363859593686,2015-05-15,0,0.8660254037844387,-0.4999999999999998
2015-05-15,0,1.2855328303363955,5,4.114896729567274,37.11828789984702,0.0577207036808722,17.05174859168622,77.9393580775585,1.8156763684438328,940.094973604173,2015-05-16,0,0.8660254037844387,-0.4999999999999998
2015-05-16,0,2.0019429400867863,4,4.423591729675008,38.803340607657134,0.0635834600645401,17.05196323085644,76.74009056976175,1.6787568760542315,941.184755830877,2015-05-17,0,0.8660254037844387,-0.4999999999999998
2015-05-17,0,0.44176597569384995,5,3.729241746117021,18.164151825646048,0.0177093598976987,18.022271329991653,78.29989340938947,1.5661955166477042,941.4163885592192,2015-05-18,0,0.8660254037844387,-0.4999999999999998
2015-05-18,0,1.0031904089698858,4,3.446899324750511,9.66377857448806,0.4647723266802852,18.443022442720714,82.59703427913462,1.3851013001694106,940.6285108464622,2015-05-19,0,0.8660254037844387,-0.4999999999999998
2015-05-19,0,2.149082762742187,10,3.594039147405912,9.710878817059992,1.2527486672393422,18.76968453155869,84.06185239327554,1.490918872486171,939.6863741779332,2015-05-20,0,0.8660254037844387,-0.4999999999999998
2015-05-20,0,,1,,,0.359305736847635,18.597097954468637,81.09266165989762,1.6445085984675305,939.340018141288,2015-05-21,0,0.8660254037844387,-0.4999999999999998
2015-05-21,0,0.19094143461727844,2,,,0.0413586906910966,19.874496095629876,76.72286627147709,1.7979414729971623,948.3508885475484,2015-05-22,0,0.8660254037844387,-0.4999999999999998
2015-05-22,0,0.11217159635970551,2,,,0.0340294858428858,20.240529421450454,75.7355644559691,1.606652969308629,948.160627732082,2015-05-23,0,0.8660254037844387,-0.4999999999999998
2015-05-23,0,,1,,,0.024194804235582,19.67327526111068,78.56280765676313,1.3414122287652932,945.9501119308488,2015-05-24,0,0.8660254037844387,-0.4999999999999998
2015-05-24,0,,1,,,0.0455531511724397,20.25792684388505,74.97871188343646,1.4143463727567196,943.2367203206874,2015-05-25,0,0.8660254037844387,-0.4999999999999998
2015-05-25,0,0.11217159635970551,2,,,0.4989719001730384,21.36227880099291,75.16820960100999,1.166973398467338,943.4997030958328,2015-05-26,0,0.8660254037844387,-0.4999999999999998
2015-05-26,0,0.17004387488328493,3,,,0.7476741788406107,21.40685073765558,80.74484220299689,1.4412927448188495,944.9195994344716,2015-05-27,0,0.8660254037844387,-0.4999999999999998
2015-05-27,0,1.2628857401990583,3,1.5451012114420382,,0.9269677233516804,22.328667007008605,73.66549811971973,1.782158415482305,942.3860562341793,2015-05-28,1,0.8660254037844387,-0.4999999999999998
2015-05-28,1,5.322713051614558,60,6.755642666696891,,3.046975912562159,18.63344441900717,83.15148174478591,1.4564403616970774,941.466720589044,2015-05-29,0,0.8660254037844387,-0.4999999999999998
2015-05-29,0,3.120498749306179,60,9.706097541119785,,6.881482017017971,17.737229720428058,80.44871158345187,1.3677972436600625,940.321393564632,2015-05-30,0,0.8660254037844387,-0.4999999999999998
2015-05-30,0,0.11217159635970551,2,8.555383397280433,,0.5410073474771456,15.751772553276805,79.42339376902201,0.9946251058688376,942.1737938740204,2015-05-31,0,0.8660254037844387,-0.4999999999999998
2015-05-31,0,4.929424911521047,70,8.162095257186921,15.029909520243539,10.044673471732253,15.572031340100374,91.28364166204548,1.0348156980331653,943.6386845155816,2015-06-01,0,0.49999999999999994,-0.8660254037844387
2015-06-01,0,1.348359378783424,69,6.389955886664167,16.26609730266726,1.022845559301511,16.962356562688576,90.2178852753635,1.3091643917731497,945.975846096272,2015-06-02,0,0.49999999999999994,-0.8660254037844387
2015-06-02,0,0.4331121786225649,28,6.710896468927026,16.529165606406536,0.6739318646194767,16.660738982968432,87.86403005503134,1.743804171859604,946.2079334001352,2015-06-03,0,0.49999999999999994,-0.8660254037844387
2015-06-03,0,0.05388098901124161,7,1.8353525464172207,15.32016085521872,0.0191833846129784,17.85238422637647,82.58861800031488,1.2164091969120066,945.9316549750308,2015-06-04,0,0.49999999999999994,-0.8660254037844387
2015-06-04,0,0.05483584858970363,6,0.5418290162235003,10.052283652193866,0.1100729491834775,18.375621271657224,81.49852896197359,0.9945794961750208,947.3211911917756,2015-06-05,0,0.49999999999999994,-0.8660254037844387
2015-06-05,0,0.05483584858970363,6,0.16355268619063912,6.98662075147739,0.149066316499655,18.36056617733086,76.66752855249992,1.0872479845476617,947.2738968844534,2015-06-06,0,0.49999999999999994,-0.8660254037844387
2015-06-06,0,0.01427249828234452,6,0.12394419546174201,6.8887216534000295,0.0748088783846369,18.81609814156117,74.4940603158308,1.4142959947429818,945.3733613187674,2015-06-07,0,0.49999999999999994,-0.8660254037844387
2015-06-07,0,0.05483584858970363,6,0.12394419546174201,2.014132590468686,0.0825108996037247,19.02195387224115,76.95011247066819,0.9210971506455564,944.8185344523974,2015-06-08,0,0.49999999999999994,-0.8660254037844387
2015-06-08,0,0.0,6,0.06910834687203839,0.6657732116852619,0.0444867109303445,19.759211099159423,71.97211870770384,0.95495039894878,945.324672393397,2015-06-09,0,0.49999999999999994,-0.8660254037844387
2015-06-09,0,1.522649226364946,8,1.5774850749546399,1.755310259427643,0.0292741391605558,18.95701489574015,72.19616105807403,0.910531870358276,944.2004569086068,2015-06-10,0,0.49999999999999994,-0.8660254037844387
2015-06-10,0,0.0,6,1.5226492263649363,1.7014292704164014,0.0927235735343741,18.81265883566076,70.811221971637,1.0689090922672695,943.8414908594996,2015-06-11,0,0.49999999999999994,-0.8660254037844387
2015-06-11,0,0.0,6,1.5226492263649363,1.6465934218266978,0.0120163280001165,19.135187934349624,68.48715978751147,1.3152162202907998,935.598212989698,2015-06-12,0,0.49999999999999994,-0.8660254037844387
2015-06-12,0,0.8499304347869105,21,0.8499304347869008,2.4416880080239047,2.2683855790476155,17.720250158450035,82.05502511182678,1.547197717760478,936.6864265552824,2015-06-13,0,0.49999999999999994,-0.8660254037844387
2015-06-13,0,0.0,5,0.8499304347869008,2.4274155097415604,0.4686908679066427,19.49976302301204,74.45767576736858,1.4210087948765078,934.598013776415,2015-06-14,0,0.49999999999999994,-0.8660254037844387
2015-06-14,0,0.018174061575837324,5,0.8681044963627381,2.3907537227276943,0.0078440868206307,20.34196892143456,68.61147099795042,2.025149242968541,931.8870154267807,2015-06-15,0,0.49999999999999994,-0.8660254037844387
2015-06-15,0,8.99021712948268,71,9.008391191058507,11.380970852210375,7.105578729518588,16.77110231807736,84.12687373590602,1.837992129585737,934.0628849021876,2015-06-16,0,0.49999999999999994,-0.8660254037844387
2015-06-16,0,1.1104195397396084,14,10.118810730798115,10.968741165585037,0.359852153302374,14.641988287829117,83.89524987492544,1.4140101772713258,937.9581385436712,2015-06-17,0,0.49999999999999994,-0.8660254037844387
2015-06-17,0,0.056116303597280516,6,10.15675297281956,11.024857469182319,0.031376347282523,18.09051954297324,81.96841730046638,1.01161289979729,937.4435496372124,2015-06-18,0,0.49999999999999994,-0.8660254037844387
2015-06-18,0,2.0623243273729934,25,3.2288601707098716,13.087181796555312,1.2665293816458931,19.770368328871275,79.81639443512007,1.7777222321451362,935.763239187264,2015-06-19,0,0.49999999999999994,-0.8660254037844387
2015-06-19,0,2.3209903111203283,69,4.439430942090592,14.558241672888729,4.196324092365634,15.177793434777971,84.43809725219876,3.270370297003531,941.8283762619376,2015-06-20,0,0.49999999999999994,-0.8660254037844387
2015-06-20,0,0.22307578666599923,12,4.60639042515931,14.781317459554728,1.4932372285402074,15.605505336926893,77.81262073503757,2.6233648709315203,943.8622526872546,2015-06-21,0,0.49999999999999994,-0.8660254037844387
2015-06-21,0,0.018705434532426835,6,2.562771532318744,14.781848832511319,0.0286425276868489,16.457626195565517,77.56413582328979,1.2024795283031815,943.086234831326,2015-06-22,0,0.49999999999999994,-0.8660254037844387
2015-06-22,0,0.8831033897355904,7,1.1248846109340058,6.674735092764228,0.0409571026964226,17.172290828118207,76.50594762448262,1.0544952608553195,941.8883502680638,2015-06-23,0,0.49999999999999994,-0.8660254037844387
2015-06-23,0,0.36091220660841206,9,1.2627210308764187,5.925227759633033,0.0943176126419063,17.325156938520358,77.59671093427234,1.2380350523587422,941.4314457263096,2015-06-24,0,0.49999999999999994,-0.8660254037844387
2015-06-24,0,5.3194754897259955,70,6.5634910860699875,11.188586945761749,3.926957637304861,15.445863423817158,84.04437272492426,2.828829964743532,945.0262510267094,2015-06-25,0,0.49999999999999994,-0.8660254037844387
2015-06-25,0,0.4352711320974619,25,6.115658828431859,9.561533750486216,0.4880181877191243,14.965021648110596,79.20275479286968,2.568967762418753,946.7372896182392,2015-06-26,0,0.49999999999999994,-0.8660254037844387
2015-06-26,0,0.10070615329960181,6,5.855452775123048,7.3412495926654895,0.3778032578742831,15.704138902375302,75.52905259467622,2.452913814268597,947.0358557168748,2015-06-27,0,0.49999999999999994,-0.8660254037844387
2015-06-27,0,0.0,5,0.535977285397053,7.11817380599949,0.0399598060853224,14.722814641183938,74.6360258419964,1.758161768506133,945.4306050196,2015-06-28,0,0.49999999999999994,-0.8660254037844387
2015-06-28,0,4.55690408628833,6,4.657610239587921,11.656372457755394,0.1297808592887706,14.276059366543253,76.05187512287307,1.3929322865133724,942.167294454922,2015-06-29,0,0.49999999999999994,-0.8660254037844387
2015-06-29,0,0.0,5,4.556904086288319,10.773269068019804,0.1262876407001654,15.482658179626128,73.67929734064091,1.6342328632840797,939.3725887747444,2015-06-30,0,0.49999999999999994,-0.8660254037844387
2015-06-30,0,5.677761798078632,6,10.234665884366951,16.090118659490024,0.0164807714202546,17.973102799281946,69.8106894843008,1.9859103834002971,937.4268523976988,2015-07-01,0,1.2246467991473532e-16,-1.0
2015-07-01,0,1.257618258526068,32,6.935380056604689,12.028261428290095,2.2487722759349627,17.20865826043592,82.52655622597302,1.2102310947954034,937.773260971922,2015-07-02,0,1.2246467991473532e-16,-1.0
2015-07-02,0,,1,,,0.5479853191846512,17.19359902916234,85.69547666256196,1.3086665468714131,937.8064999545584,2015-07-03,1,1.2246467991473532e-16,-1.0
2015-07-03,1,37.097342092185805,69,,,25.98169140696672,16.82482085405537,91.46740422195114,1.561542478363447,934.1920490248236,2015-07-04,0,1.2246467991473532e-16,-1.0
2015-07-04,0,7.083908643679349,68,,,5.172222328838238,16.947417604202627,87.95054877496142,1.5080934460184316,934.1204264579068,2015-07-05,0,1.2246467991473532e-16,-1.0
2015-07-05,0,3.7455746977435878,9,47.926825433608734,,1.0833651102588506,12.776015577099468,84.4153098771051,2.1030190167587337,939.321397181161,2015-07-06,0,1.2246467991473532e-16,-1.0
2015-07-06,0,2.8151510716887036,7,13.644634413111634,,0.1721277537179087,15.795069475179597,81.00727423320338,1.6170259484335447,938.3840165336431,2015-07-07,1,1.2246467991473532e-16,-1.0
2015-07-07,1,6.922532448851198,62,13.483258218283483,,9.621897326023568,16.435186563100178,90.46038998371144,1.093752723555783,937.410162213512,2015-07-08,1,1.2246467991473532e-16,-1.0
2015-07-08,1,4.423470460821049,33,14.161153981360945,,7.190435162610454,16.893050397986478,91.47052878120978,1.545720384074552,935.075393912355,2015-07-09,0,1.2246467991473532e-16,-1.0
2015-07-09,0,1.8741490415408488,6,13.220151951213088,63.96212845651054,0.0532611392189622,16.748525263981264,79.70483251478413,2.137245519905653,935.7917562070032,2015-07-10,0,1.2246467991473532e-16,-1.0
2015-07-10,0,1.7828234645482908,2,8.080442966910182,28.647609828873033,0.1450839649962462,17.06895214235518,79.60751750258973,1.0425547799349073,938.4732026470506,2015-07-11,0,1.2246467991473532e-16,-1.0
2015-07-11,0,3.0397077697693744,27,6.6966802758585064,24.60340895496306,6.053394850215184,16.9944625907725,84.85289831541445,1.5275950294654377,938.4102003548688,2015-07-12,0,1.2246467991473532e-16,-1.0
2015-07-12,0,,1,,,0.6571273960364067,18.55232516089004,75.81053701831597,1.3756173003274357,936.8335129674704,2015-07-13,0,1.2246467991473532e-16,-1.0
2015-07-13,0,0.0,2,,,0.022229001930766,20.54771857729464,66.18265234470404,1.90906551183728,935.2583998650708,2015-07-14,0,1.2246467991473532e-16,-1.0
2015-07-14,0,,1,,,0.0,21.226153497607918,61.50891502673476,1.7758578614742744,936.0890229081192,2015-07-15,0,1.2246467991473532e-16,-1.0
2015-07-15,0,,1,,,0.0,19.528586586145508,74.79886101349722,1.323549087238563,939.560197752092,2015-07-16,0,1.2246467991473532e-16,-1.0
2015-07-16,0,,1,,,0.1219814562692963,19.259300184139818,77.78938427711876,1.4899343995095626,940.3487656741016,2015-07-17,0,1.2246467991473532e-16,-1.0
2015-07-17,0,,1,,,0.2638566170322259,18.0752146203784,80.72462609459348,1.430015558479678,941.21097216046,2015-07-18,0,1.2246467991473532e-16,-1.0
2015-07-18,0,,1,,,0.1364102291328503,17.722390225122318,75.24109426179547,1.131047740154177,940.4519616558108,2015-07-19,0,1.2246467991473532e-16,-1.0
2015-07-19,0,,1,,,0.0487141775106959,18.36265316151577,70.1243181607009,1.5786828598532252,939.6816673539388,2015-07-20,0,1.2246467991473532e-16,-1.0
2015-07-20,0,,1,,,0.0164807714202546,18.2748371552873,68.45953801308936,1.6310226943376844,937.4893192716808,2015-07-21,0,1.2246467991473532e-16,-1.0
2015-07-21,0,,1,,,1.0412964846214046,17.896859945009325,72.67138854384258,2.0845897417970187,935.7552809695906,2015-07-22,0,1.2246467991473532e-16,-1.0
2015-07-22,0,,1,,,0.0570613507664372,14.865632970415922,82.29073306350207,2.177198501607258,940.2215936252596,2015-07-23,0,1.2246467991473532e-16,-1.0
2015-07-23,0,,1,,,0.64634931184431,16.6744605922126,81.26993902727817,1.7950663806703602,941.3173013378448,2015-07-24,1,1.2246467991473532e-16,-1.0
2015-07-24,1,12.377543051773285,9,,,3.5254071616291185,18.22928578924665,77.36171546220807,1.5666700997348548,938.834520788638,2015-07-25,1,1.2246467991473532e-16,-1.0
2015-07-25,1,12.174996792132253,67,,,13.655028848454776,16.36009913247336,91.66033435460488,1.2865345468914473,937.052699647834,2015-07-26,0,1.2246467991473532e-16,-1.0
2015-07-26,0,3.2996388106283057,4,27.852178654533837,,0.1465259887264428,16.53381400681529,81.87698796426798,1.2036030782031026,936.8948938430426,2015-07-27,0,1.2246467991473532e-16,-1.0
2015-07-27,0,0.4494485105678559,2,15.924084113328409,,0.2580699396911112,15.65726320934414,74.44199311844278,1.079409170888504,937.3711304809764,2015-07-28,0,1.2246467991473532e-16,-1.0
2015-07-28,0,0.996343185554456,2,4.74543050675061,,0.1919871768927936,15.967953878438642,72.64204495748012,1.0149757201612135,938.2442893686588,2015-07-29,0,1.2246467991473532e-16,-1.0
2015-07-29,0,1.7976188892672014,2,3.243410585389506,,0.1653170243821905,15.88799793836433,73.28929906742285,1.242207895223925,940.1152661056032,2015-07-30,0,1.2246467991473532e-16,-1.0
2015-07-30,0,4.5331258946738116,2,7.327087969495462,35.62871513459717,0.1313872253497695,16.259193018988015,71.14628565014264,1.0581428097552643,940.285854168204,2015-07-31,0,1.2246467991473532e-16,-1.0
2015-07-31,0,,1,,,0.0479371377705113,17.494129560359532,71.10034946088243,1.1558953848546814,939.519509002002,2015-08-01,0,-0.4999999999999997,-0.8660254037844388
2015-08-01,0,0.01651762306979013,33,,,0.0324079215053439,18.592357594408167,66.72118697064298,1.004648044976837,939.3103675412694,2015-08-02,0,-0.4999999999999997,-0.8660254037844388
2015-08-02,0,0.002143845671942833,33,,,0.0272546410030919,17.998530931486172,67.5537061209601,1.3230899209630065,937.240452396001,2015-08-03,0,-0.4999999999999997,-0.8660254037844388
2015-08-03,0,0.0,32,0.01866146874172497,,0.0964185515313501,18.596563516505288,65.76869797896808,1.309814277085581,937.2032706190824,2015-08-04,0,-0.4999999999999997,-0.8660254037844388
2015-08-04,0,0.0,32,0.0021438456719348395,,0.0344274196628078,18.93607382365144,64.15211488898193,1.1957630842518647,938.652387256964,2015-08-05,0,-0.4999999999999997,-0.8660254037844388
2015-08-05,0,0.0,32,0.0,,0.0107738695828373,18.87001838809987,64.320077305739,1.2632693453612154,937.8764315142348,2015-08-06,0,-0.4999999999999997,-0.8660254037844388
2015-08-06,0,0.0,32,0.0,,0.0099968298426527,19.74025988072883,59.79619797182421,1.3131102826045336,936.3273744972288,2015-08-07,0,-0.4999999999999997,-0.8660254037844388
2015-08-07,0,0.0,32,0.0,0.01866146874174007,0.0424047513479966,19.50346931164528,61.2319331846281,1.308372287156661,935.796245888544,2015-08-08,0,-0.4999999999999997,-0.8660254037844388
2015-08-08,0,0.0,32,0.0,0.0021438456719499385,0.0264776012629073,19.8634065989592,61.966916826782864,1.31371025982816,937.6544431966654,2015-08-09,0,-0.4999999999999997,-0.8660254037844388
2015-08-09,0,0.0,32,0.0,0.0,0.0120163280001165,19.55963360589421,70.09374944392287,1.891997828528284,938.6254404187696,2015-08-10,0,-0.4999999999999997,-0.8660254037844388
2015-08-10,0,0.0,33,0.0,0.0,0.0919541081112121,19.89175902575105,69.09083930294494,1.7395404050346348,940.376871544634,2015-08-11,0,-0.4999999999999997,-0.8660254037844388
2015-08-11,0,0.0,32,0.0,0.0,0.0551981190882979,19.353117589015618,68.80986340570485,1.6472572628566895,941.0070032528924,2015-08-12,0,-0.4999999999999997,-0.8660254037844388
2015-08-12,0,0.0,32,0.0,0.0,0.1085803077979445,18.55486302199447,68.67782681669433,1.5495180065860232,940.785643224722,2015-08-13,0,-0.4999999999999997,-0.8660254037844388
2015-08-13,0,0.007665358431393654,33,0.00766535843138566,0.0076653584314007595,0.1135018472768868,18.66070670985181,67.43950805577941,1.3528444562769328,940.4358080567282,2015-08-14,0,-0.4999999999999997,-0.8660254037844388
2015-08-14,0,0.0,32,0.00766535843138566,0.0076653584314007595,0.0458725974065601,18.86439572438623,66.04142282092755,1.4461840217034532,940.0179907235092,2015-08-15,0,-0.4999999999999997,-0.8660254037844388
2015-08-15,0,0.0,32,0.00766535843138566,0.0076653584314007595,0.0064839415776019,19.58295028637861,63.019202558687326,1.429700262241638,939.250286735326,2015-08-16,0,-0.4999999999999997,-0.8660254037844388
2015-08-16,0,0.0,32,0.0,0.0076653584314007595,0.0324079215053439,19.70204288902325,61.45632549172571,1.4097797133968162,940.0208562761628,2015-08-17,0,-0.4999999999999997,-0.8660254037844388
2015-08-17,0,0.0,32,0.0,0.0076653584314007595,0.0640106300260062,19.943163691158425,63.884994984983074,2.0951501470556986,939.834039646568,2015-08-18,0,-0.4999999999999997,-0.8660254037844388
2015-08-18,0,0.0,32,0.0,0.0076653584314007595,0.0107738695828373,19.9026797524536,63.59338353644486,1.683731316755947,937.6606328604736,2015-08-19,0,-0.4999999999999997,-0.8660254037844388
2015-08-19,0,0.0,32,0.0,0.0076653584314007595,0.3340962476835536,21.39800325933145,56.31918789650666,2.341635280626038,933.5815512505472,2015-08-20,0,-0.4999999999999997,-0.8660254037844388
2015-08-20,0,0.31749779273321366,56,0.31749779273320566,0.31749779273322076,0.1861202485805361,16.579622519684413,72.9461970100703,2.315076583233651,936.8441588658752,2015-08-21,0,-0.4999999999999997,-0.8660254037844388
2015-08-21,0,0.36137664954508814,65,0.6788744422782937,0.6788744422783088,0.2717609900090921,16.936660424190208,73.33744258371438,2.1738111514294243,937.8321058933052,2015-08-22,0,-0.4999999999999997,-0.8660254037844388
2015-08-22,0,0.02262015761649483,32,0.7014945998947886,0.7014945998948037,0.1023857304039129,18.263286174281667,71.4383118563781,1.5735782546507695,935.6028339480392,2015-08-23,0,-0.4999999999999997,-0.8660254037844388
2015-08-23,0,0.006495435082870704,33,0.3904922422444457,0.7079900349776744,0.0830419103630389,18.661633368895064,70.38762638569263,1.5959644347728452,933.4869495797924,2015-08-24,0,-0.4999999999999997,-0.8660254037844388
2015-08-24,0,0.43539410399854783,55,0.46450969669790537,1.1433841389762223,1.7635966307353363,17.75447960436027,77.55401849734888,2.342852813056107,936.1717947031748,2015-08-25,0,-0.4999999999999997,-0.8660254037844388
2015-08-25,0,3.124759237865466,73,3.5666487769468764,4.268143376841689,9.129589696554978,15.89886305656776,90.28190372159008,1.8188411240413327,937.075053692764,2015-08-26,0,-0.4999999999999997,-0.8660254037844388
2015-08-26,0,0.1377907138561774,44,3.6979440557201833,4.4059340906978655,0.2521959425166322,18.025933333991063,79.36513054830002,1.4062183889419295,936.1876975928124,2015-08-27,1,-0.4999999999999997,-0.8660254037844388
2015-08-27,1,19.546670048139536,77,22.80921999986117,23.635106346104187,11.486651365257575,16.2291764041481,88.41372010588748,1.7942420826241352,935.792352524775,2015-08-28,0,-0.4999999999999997,-0.8660254037844388
2015-08-28,0,0.6875648853886981,43,20.372025647384405,23.961294581947797,0.1001810671963658,16.371727915324232,75.54115237719571,1.7032449363470747,939.3694112877768,2015-08-29,0,-0.4999999999999997,-0.8660254037844388
2015-08-29,0,0.2595087875641662,44,20.493743721092393,24.19818321189547,0.0802298144265819,17.231445524249366,70.12769273603787,1.396522217373435,939.6818367919466,2015-08-30,0,-0.4999999999999997,-0.8660254037844388
2015-08-30,0,0.04254908737494869,38,0.9896227603278058,24.234236864187547,0.1192087491143041,19.964073816706527,66.54672485357312,1.093733788784821,938.4675403611624,2015-08-31,0,-0.4999999999999997,-0.8660254037844388
2015-08-31,0,0.022003958152375897,36,0.3240618330914837,23.820846718341375,0.0324079215053439,21.619151779619425,60.532408930516425,1.1926770300666585,937.5041640718428,2015-09-01,0,-0.8660254037844385,-0.5000000000000004
2015-09-01,0,0.10490324292362657,4,0.16945628845094407,20.800990723399536,0.2576077850074532,20.25733715063909,66.85981817703055,1.9577567660113848,937.8101826540532,2015-09-02,0,-0.8660254037844385,-0.5000000000000004
2015-09-02,0,0.21747013296034032,4,0.34437733403633564,20.8806701425037,0.6049335564987052,17.337006230063487,77.7636526313001,2.6387229376717927,938.9736251655066,2015-09-03,0,-0.8660254037844385,-0.5000000000000004
2015-09-03,0,0.0,2,0.32237337588395976,1.3340000943641628,0.5223231396550454,18.36071039893624,74.27579423732735,1.5850944105166058,935.5045435139208,2015-09-04,0,-0.8660254037844385,-0.5000000000000004
2015-09-04,0,5.804012235542533,14,6.021482368502866,6.450447444517998,2.553167530286018,17.190888599341832,79.98603106933116,1.624273271302542,930.486767767036,2015-09-05,0,-0.8660254037844385,-0.5000000000000004
2015-09-05,0,1.242562665767621,5,7.046574901310147,7.433501322721453,0.6077021705342802,16.935662783307045,80.15679953917555,2.293257127613432,936.7604227750204,2015-09-06,0,-0.8660254037844385,-0.5000000000000004
2015-09-06,0,1.7176452742455026,6,8.76422017555565,9.108597509592007,1.322204828974043,16.898105752147895,80.75868035423258,1.5498128075910351,934.3631653166,2015-09-07,1,-0.8660254037844385,-0.5000000000000004
2015-09-07,1,12.04429956738226,72,15.004507507395378,21.13089311882189,8.257738292384824,18.561950025368084,85.38796206667224,1.4864554367315448,931.7803344735104,2015-09-08,1,-0.8660254037844385,-0.5000000000000004
2015-09-08,1,67.11432900373467,84,80.87627384536242,88.14031887963293,62.49114774928958,17.42724617644783,91.92599942883064,2.340473913760249,925.3601231311046,2015-09-09,1,-0.8660254037844385,-0.5000000000000004
2015-09-09,1,22.70430619047937,19,101.86293476159629,110.62715493715196,2.670990940454348,18.454003070608582,81.21037934940533,1.7442372902911454,931.893867151485,2015-09-10,1,-0.8660254037844385,-0.5000000000000004
2015-09-10,1,5.991727290920898,18,95.81036248513492,116.61888222807285,6.665448340414272,18.06431402442938,85.18822245548897,1.9861236805402511,932.9610690951964,2015-09-11,1,-0.8660254037844385,-0.5000000000000004
2015-09-11,1,44.641790833849626,82,73.33782431524989,155.45666082637996,34.14760273376569,18.716182592598138,86.79379680142267,2.133559232164544,931.4616204655628,2015-09-12,0,-0.8660254037844385,-0.5000000000000004
2015-09-12,0,10.980519032064212,18,61.614037156834726,165.19461719267653,3.3599069582573327,15.516230184318037,88.59410223362036,1.6683503404882225,936.6493473499492,2015-09-13,0,-0.8660254037844385,-0.5000000000000004
2015-09-13,0,7.879480205951825,12,63.50179007186565,171.35645212438286,2.04961018006899,14.967860129421585,84.78878059968032,2.10329608753258,939.1856299892185,2015-09-14,0,-0.8660254037844385,-0.5000000000000004
2015-09-14,0,6.708623006136504,11,25.56862224415253,166.0207755631371,0.2554219958834978,16.148059138772837,80.22663948789412,2.170207354601781,939.7090948028318,2015-09-15,0,-0.8660254037844385,-0.5000000000000004
2015-09-15,0,2.5164375523733,9,17.104540764461614,101.42288411177574,0.0953001020057312,20.03339557868925,75.06522875154535,1.9265087178736056,932.3511572786418,2015-09-16,0,-0.8660254037844385,-0.5000000000000004
2015-09-16,0,1.9522292869299562,5,11.177289845439745,80.67080720822632,0.0344274196628078,24.133307990427856,65.43370341651016,2.0248060330716737,933.4852898860868,2015-09-17,0,-0.8660254037844385,-0.5000000000000004
2015-09-17,0,3.649306169497954,6,8.117973008801195,78.32838608680339,0.2962856472528974,25.244474685931262,53.08030764445461,1.8391818119240355,928.3144782997532,2015-09-18,0,-0.8660254037844385,-0.5000000000000004
2015-09-18,0,2.4058998676445857,4,8.007435324072482,36.092495120598336,0.1867288615793506,25.32522837196195,56.10796831927022,1.2544917308016472,933.4645281859482,2015-09-19,0,-0.8660254037844385,-0.5000000000000004
2015-09-19,0,0.03624502216005671,4,6.091451059302583,25.14822111069418,0.0,25.08313678150285,57.068903330125934,1.6160718326570929,934.626871669812,2015-09-20,0,-0.8660254037844385,-0.5000000000000004
2015-09-20,0,0.08385481976697831,3,2.5259997095716065,17.352595724509335,0.0129678831552038,23.437691638345456,64.44138191579636,1.8736763513207324,934.5696616845718,2015-09-21,0,-0.8660254037844385,-0.5000000000000004
2015-09-21,0,0.03624502216005671,4,0.1563448640870775,10.680217740532887,0.0185002695777185,22.69843644520679,61.57643849020304,1.471096732085792,933.85925827171,2015-09-22,0,-0.8660254037844385,-0.5000000000000004
2015-09-22,0,0.10490324292362657,4,0.22500308485064738,8.268683431083215,0.0,23.40521443438404,54.13715703652344,1.332087403596556,932.8314098877288,2015-09-23,0,-0.8660254037844385,-0.5000000000000004
2015-09-23,0,0.0,3,0.14114826508366907,6.3164541441532585,0.0064839415776019,23.84889995236363,50.94975313422682,1.5687677541353455,931.8486763626098,2015-09-24,0,-0.8660254037844385,-0.5000000000000004
2015-09-24,0,0.04676623080366225,3,0.1516694737272746,2.7139142054589662,0.0,25.04070620896715,49.66591838729315,1.351633250881475,930.537631681242,2015-09-25,1,-0.8660254037844385,-0.5000000000000004
2015-09-25,1,9.13670812436361,14,9.183474355167258,9.44472246217799,6.150447876523557,22.5260905345209,64.13744303756995,1.7222031005563323,931.5651127348136,2015-09-26,1,-0.8660254037844385,-0.5000000000000004
2015-09-26,1,13.946735989106097,82,23.130210344273355,23.35521342912403,16.097707483058933,19.92529657128104,88.00729489935254,1.729297727357273,935.021826341627,2015-09-27,1,-0.8660254037844385,-0.5000000000000004
2015-09-27,1,4.974379984557357,10,28.057824098027048,28.24573859391441,4.1320208491496135,22.444016323155445,77.58612393091495,1.370628976175154,932.1307780010898,2015-09-28,1,-0.8660254037844385,-0.5000000000000004
2015-09-28,1,16.262182792966406,25,35.18329876662985,44.471676364720764,11.519053296416512,20.6099896902973,82.32663435804369,1.6771763837949514,927.2575400770006,2015-09-29,0,-0.8660254037844385,-0.5000000000000004
2015-09-29,0,6.2847749822309815,9,27.52133775975473,50.651548104028116,2.50689032079021,20.711579467132808,81.26390987153592,1.4042321492403222,928.406897031844,2015-09-30,1,-0.8660254037844385,-0.5000000000000004
2015-09-30,1,10.065729631026745,25,32.61268740622411,60.717277735054864,5.104335094026023,21.10883409763671,79.51800121865188,1.6822036536261673,933.2887038011414,2015-10-01,0,-1.0,-1.8369701987210297e-16
2015-10-01,0,1.616719136342956,24,17.967223749600663,62.28723064059415,0.4712372991985469,20.776715604451592,80.38054958475396,1.8751586106642213,930.4788380101608,2015-10-02,0,-1.0,-1.8369701987210297e-16
2015-10-02,0,1.6954591890438335,11,13.377907956413516,54.84598170527438,0.0932692921428811,23.60352053002836,70.74103562044986,1.781073102739294,928.9698330673936,2015-10-03,1,-1.0,-1.8369701987210297e-16
2015-10-03,1,17.698616763250353,73,21.010795088637124,58.59786247941863,10.123817164247669,21.45757040798247,79.70253494895901,1.6612877399607988,929.4264489361065,2015-10-04,0,-1.0,-1.8369701987210297e-16
2015-10-04,0,0.9545392849229806,33,20.34861523721715,54.57802177978426,0.7742941461099516,19.526341385636314,85.14519606934078,1.5638354292745056,931.0040924152944,2015-10-05,0,-1.0,-1.8369701987210297e-16
2015-10-05,0,0.32302712894910474,13,18.976183177122422,38.63886611576696,0.2094926410155993,18.50683866047952,78.88634869574923,2.339664389113065,932.4927269744862,2015-10-06,0,-1.0,-1.8369701987210297e-16
2015-10-06,0,0.3389109920114664,17,1.616477405883534,32.69300212554744,0.0617233312162444,18.8459016792285,75.33348578642389,2.381327300558405,937.2914337985532,2015-10-07,0,-1.0,-1.8369701987210297e-16
2015-10-07,0,0.09200133039610399,8,0.7539394513566574,22.7192738249168,0.02377123690572,22.354246418056626,68.75052533665416,1.7783571166374512,934.9830826097528,2015-10-08,0,-1.0,-1.8369701987210297e-16
2015-10-08,0,0.26832802780423615,13,0.6992403502117888,21.370882716378084,0.0344274196628078,24.960409319700517,61.852800790352745,1.802579624950393,932.9808810820824,2015-10-09,0,-1.0,-1.8369701987210297e-16
2015-10-09,0,0.23438610156326636,11,0.5947154597635887,19.909809628897516,4.912778125615066,23.620576453123032,62.904467319390015,2.044191661920882,928.7916587902434,2015-10-10,0,-1.0,-1.8369701987210297e-16
2015-10-10,0,0.536317493363137,40,1.0390316227306218,2.747510359010299,7.207066541465672,21.74812953733626,78.43734984936388,1.730621999958114,935.3458887408144,2015-10-11,0,-1.0,-1.8369701987210297e-16
2015-10-11,0,0.07083729602613205,10,0.8415408909525177,1.8638083701134502,0.4542962115000676,22.30461809776005,76.40581715391872,1.444655466037801,934.790469053748,2015-10-12,0,-1.0,-1.8369701987210297e-16
2015-10-12,0,0.3727566551877559,13,0.9799114445770072,1.9135378963521015,0.2572601656540454,22.00361421020696,73.40472084213307,1.899490478157285,935.2258390583344,2015-10-13,1,-1.0,-1.8369701987210297e-16
2015-10-13,1,4.621783166313522,67,5.065377117527392,6.1964100706541565,6.827492673649046,20.9791471867124,75.21239233924187,2.0892518079637963,936.2254840166728,2015-10-14,0,-1.0,-1.8369701987210297e-16
2015-10-14,0,0.02899061052642925,9,5.023530432027689,6.133399350784481,0.3603406299667925,23.025079129315337,70.32768035986378,1.87020416695438,930.023983908263,2015-10-15,0,-1.0,-1.8369701987210297e-16
2015-10-15,0,0.0,9,4.650773776839933,5.865071322980245,0.0120163280001165,26.424717235713544,54.66418466771501,1.9462195176764492,932.614520906618,2015-10-16,0,-1.0,-1.8369701987210297e-16
2015-10-16,0,0.0,9,0.028990610526411487,5.630685221416979,0.0292741391605558,25.723515455271947,57.98802365953672,1.718105301859981,934.6692621017296,2015-10-17,0,-1.0,-1.8369701987210297e-16
2015-10-17,0,0.11035758627617202,11,0.11035758627615426,5.204725314330013,0.0379520943105243,22.671829465593422,72.74295806385655,2.559308426142763,932.6286138854834,2015-10-18,0,-1.0,-1.8369701987210297e-16
2015-10-18,0,0.17051223702071405,11,0.2808698232968683,5.304400255324596,0.1487208649544422,18.24560505688065,76.86958631101564,3.137394573605912,935.1676819198808,2015-10-19,0,-1.0,-1.8369701987210297e-16
2015-10-19,0,0.0,9,0.2808698232968683,4.93164360013684,0.2892018490145363,19.98433053281171,74.94889318221054,2.055810923422299,932.9464649023972,2015-10-20,0,-1.0,-1.8369701987210297e-16
2015-10-20,0,0.0,9,0.1705122370206963,0.30986043382331796,1.171665303861814,24.371117267034247,66.64014410242997,1.840712460215589,929.17330334167,2015-10-21,1,-1.0,-1.8369701987210297e-16
2015-10-21,1,0.26787610889953684,14,0.26787610889951907,0.5487459321964255,3.493100417014704,25.206089343730994,63.16756578441641,2.097785599414558,924.6294436768112,2015-10-22,1,-1.0,-1.8369701987210297e-16
2015-10-22,1,33.40859456666824,85,33.676470675567764,33.95734049886467,24.82505083160893,20.562060096933926,85.51455342947065,2.3379379073721704,929.6427616212212,2015-10-23,0,-1.0,-1.8369701987210297e-16
2015-10-23,0,3.4371456743760644,43,37.113616349943825,37.39448617324073,1.2168948211336976,20.23597687567771,81.47967390655516,2.061472448767387,931.3110501533796,2015-10-24,0,-1.0,-1.8369701987210297e-16
2015-10-24,0,1.5995236380870694,22,38.44526387913136,38.88365222505163,0.193011496974669,19.71860753152849,79.12626897873002,2.7224613162416813,934.2189965868506,2015-10-25,0,-1.0,-1.8369701987210297e-16
2015-10-25,0,0.7055282890126929,14,5.742197601475812,39.41866827704361,0.8434019778895891,19.04504249667356,78.71453369828377,2.766995107442834,934.3040121634144,2015-10-26,1,-1.0,-1.8369701987210297e-16
2015-10-26,1,25.23604179793984,81,27.541093725039588,64.65471007498344,12.942494144990608,20.38882471133196,81.70498872338028,1.898910652216067,932.8349646836796,2015-10-27,0,-1.0,-1.8369701987210297e-16
2015-10-27,0,3.2133774409190257,65,29.154947527871542,67.86808751590247,7.060563758382397,21.424399738403213,84.10172949102558,1.3077979125858776,930.9630407482424,2015-10-28,0,-1.0,-1.8369701987210297e-16
2015-10-28,0,0.9938090464331268,23,29.44322828529198,68.59402045343607,2.3647605734316794,20.931580235499293,84.13410231958068,2.0026073681709398,930.6671646101393,2015-10-29,0,-1.0,-1.8369701987210297e-16
2015-10-29,0,0.8570024799146273,50,5.064188967266766,36.042428366682444,1.2286516564736942,20.793067177040847,78.76353583565634,2.7309099316980787,932.4563253151396,2015-10-30,0,-1.0,-1.8369701987210297e-16
2015-10-30,0,0.04429490051935518,9,1.8951064268670952,32.64957759282574,0.3949966791336119,22.408849070835597,68.0891796838888,2.480542351827593,931.5776192865544,2015-10-31,0,-1.0,-1.8369701987210297e-16
2015-10-31,0,0.030608579985851862,9,0.9319059604198201,31.08066253472452,4.345597805884757,22.389946460435088,73.49474633927767,1.6238545012184002,929.240322606462,2015-11-01,1,-0.8660254037844386,0.5000000000000001
2015-11-01,1,30.605524584381268,80,30.68042806488646,60.98065883009309,24.311577918466387,20.44675422145691,89.21600823773508,1.73673238881504,930.1211525428508,2015-11-02,1,-0.8660254037844386,0.5000000000000001
2015-11-02,1,35.73523930867407,79,66.37137247304118,71.47985634082733,20.895123424515205,20.94015676681765,86.78298114234367,2.2216187925326065,929.2120684238038,2015-11-03,1,-0.8660254037844386,0.5000000000000001
2015-11-03,1,7.7808252542815906,41,74.12158914733692,76.04730415418987,12.079213451077717,21.304248526439228,87.79500800501242,1.409482729682672,929.7837204474484,2015-11-04,1,-0.8660254037844386,0.5000000000000001
2015-11-04,1,24.03129234661278,78,67.54735690956842,99.08478745436955,22.64784892398515,21.6099391089979,87.65729796214448,1.507816532452005,930.101016606114,2015-11-05,1,-0.8660254037844386,0.5000000000000001
2015-11-05,1,10.304125347606778,29,42.11624294850114,108.53191032206169,6.159644610771469,21.03102086521016,86.9388661238946,1.2642482137975397,929.9206848289192,2015-11-06,1,-0.8660254037844386,0.5000000000000001
2015-11-06,1,6.559820463348214,15,40.89523815756776,115.04743588489055,4.663491799901484,20.659199603958022,87.41265470894264,2.0309124637343063,931.3461216608542,2015-11-07,0,-0.8660254037844386,0.5000000000000001
2015-11-07,0,2.333018459209411,13,19.19696427016439,117.34984576411411,0.9112052948249928,18.95945576320911,85.75595038517385,2.188741875011896,932.9853378564231,2015-11-08,0,-0.8660254037844386,0.5000000000000001
2015-11-08,0,2.434252439595166,13,11.327091362152776,89.178573619328,0.8335092172817475,20.419282480517648,83.55335402802467,1.6922377468209848,931.9447271344994,2015-11-09,1,-0.8660254037844386,0.5000000000000001
2015-11-09,1,7.855214703728351,32,12.622485602532915,61.29854901438229,5.911567647715346,22.240391654175827,82.42052708842033,1.558368922544091,935.7173173184462,2015-11-10,0,-0.8660254037844386,0.5000000000000001
2015-11-10,0,1.7022754060307173,16,11.991742549354221,55.219999166131416,0.02377123690572,24.04904646927753,75.25493102978893,1.4458920095814127,936.3537731140872,2015-11-11,1,-0.8660254037844386,0.5000000000000001
2015-11-11,1,1.0612097091177342,12,10.618699818876788,32.24991652863636,5.080305176974089,24.47265204695628,74.3683909474585,1.6660110075542454,934.2596525691284,2015-11-12,0,-0.8660254037844386,0.5000000000000001
2015-11-12,0,0.20350097571484807,8,2.966986090863286,22.149292156744437,0.5424585212092172,24.01170774405428,74.76467096928445,1.6388196497607408,932.4254982349468,2015-11-13,1,-0.8660254037844386,0.5000000000000001
2015-11-13,1,0.49890892982010876,11,1.7636196146526777,16.08838062321633,4.905045421617244,23.969249227755384,76.48705562072396,1.3852358373853422,931.368382999385,2015-11-14,1,-0.8660254037844386,0.5000000000000001
2015-11-14,1,6.27819251826962,19,6.980602423804563,20.033554682276538,6.361682024315167,23.89140289759958,75.71705747054129,1.6556150341932896,931.1609693162734,2015-11-15,0,-0.8660254037844386,0.5000000000000001
2015-11-15,0,4.573478745929693,18,11.350580194019408,22.172780988611066,9.517700476773808,22.486281511673194,79.80581994364573,1.7996987617385614,932.3030213393532,2015-11-16,0,-0.8660254037844386,0.5000000000000001
2015-11-16,0,0.7435441665392414,8,11.59521543073854,15.061110451421955,2.337726571905193,21.49020782418401,82.72494362726977,1.6969490273189436,932.0364825185808,2015-11-17,1,-0.8660254037844386,0.5000000000000001
2015-11-17,1,0.6142174793198962,11,5.931240391788817,13.973052524711134,12.396602541153587,22.37315684367825,80.43175077099721,1.7051364819801362,930.3196412567509,2015-11-18,1,-0.8660254037844386,0.5000000000000001
2015-11-18,1,7.731762116069914,20,9.089523761929039,20.643604931663315,7.846557841255138,22.917134181396367,77.93615371427394,1.6307993057241188,928.5302182505684,2015-11-19,0,-0.8660254037844386,0.5000000000000001
2015-11-19,0,0.9262325467496273,9,9.272212142139425,21.366336502698093,3.5963824248939944,24.64779107106554,76.47407458045173,1.7033329888019035,927.053985511376,2015-11-20,1,-0.8660254037844386,0.5000000000000001
2015-11-20,1,7.588129902857715,27,16.246124565677245,28.455557475735702,20.987655067200464,22.77487541567702,80.1079706037437,2.4952943972418886,926.866407959728,2015-11-21,0,-0.8660254037844386,0.5000000000000001
2015-11-21,0,10.085187032907386,29,18.599549482514714,32.26255199037347,6.699536913342151,20.441283705148084,83.94515301634678,2.06812320997874,932.1393276943188,2015-11-22,0,-0.8660254037844386,0.5000000000000001
2015-11-22,0,2.4389488785532514,13,20.112265814318338,30.128022122997027,0.984367308280396,21.696671338310143,77.52457677652406,1.840154076571072,932.922886834908,2015-11-23,1,-0.8660254037844386,0.5000000000000001
2015-11-23,1,8.72076104620631,66,21.24489695766693,38.10523900266409,20.90934575611527,20.80348238674671,91.49186962688913,1.2180406158671704,930.084149705949,2015-11-24,0,-0.8660254037844386,0.5000000000000001
2015-11-24,0,2.042291928461306,10,13.202001853220853,39.5333134518055,3.64043919916328,20.344298394268808,89.43638531680037,1.3574264288511024,928.193772246979,2015-11-25,0,-0.8660254037844386,0.5000000000000001
2015-11-25,0,0.3088909605900434,9,11.071943935257645,32.11044229632563,1.4109784122846627,20.74972858657833,87.36582899177029,1.1910692496347142,930.7120747475273,2015-11-26,0,-0.8660254037844386,0.5000000000000001
2015-11-26,0,0.2151102468408441,12,2.5662931358921792,31.39931999641685,0.9876563580635046,22.13490943117606,79.4678869783397,1.8197545007799527,933.7239761058456,2015-11-27,0,-0.8660254037844386,0.5000000000000001
2015-11-27,0,0.16585925202135499,8,0.6898604594522283,23.977049345580486,0.1617443876309156,22.439472794498368,73.51686676424438,2.319740095800716,933.0721303018,2015-11-28,0,-0.8660254037844386,0.5000000000000001
2015-11-28,0,1.2239133394615107,10,1.6048828383236957,15.115775652134612,2.5510010821948854,23.1019156190924,77.82176276914163,1.8150116640269296,930.7938010365212,2015-11-29,1,-0.8660254037844386,0.5000000000000001
2015-11-29,1,38.56802134322721,67,39.95779393471006,51.24484811680857,13.240945745510082,21.883736741487247,86.8951798543662,1.477669520155666,932.5591313800352,2015-11-30,0,-0.8660254037844386,0.5000000000000001
2015-11-30,0,13.246863040014217,27,53.038797722702924,55.77095011061648,8.416171716678452,20.490443025989936,86.50578257150676,2.264847192310485,936.0508561988164,2015-12-01,0,-0.5000000000000004,0.8660254037844384
2015-12-01,0,4.849491531122596,18,56.66437591436401,58.57814971327777,2.5235813284224604,20.39618550600315,83.33121061345128,1.8646732165931803,936.9487874654388,2015-12-02,0,-0.5000000000000004,0.8660254037844384
2015-12-02,0,1.5881152095192446,14,19.684469780656045,59.85737396220697,1.6740450347134013,22.07751880907372,82.96956685163157,1.692726510766696,934.8948473819662,2015-12-03,0,-0.5000000000000004,0.8660254037844384
2015-12-03,0,1.4640126729970395,14,7.9016194136388656,61.10627638836316,4.224066387903295,21.889605665437585,84.29976084760341,1.6727142019906949,933.6660050441228,2015-12-04,0,-0.5000000000000004,0.8660254037844384
2015-12-04,0,1.068051298884441,12,4.120179181400711,62.00846843522625,2.706128762715486,22.01069561966697,82.01554493736508,1.5193850929607418,932.1720382139194,2015-12-05,1,-0.5000000000000004,0.8660254037844384
2015-12-05,1,7.359872820242746,20,9.891936792124213,68.14442791600749,5.497327633676259,23.032744851540887,78.8807715732233,1.5197284811549052,930.2285660577154,2015-12-06,1,-0.5000000000000004,0.8660254037844384
2015-12-06,1,8.130400867028976,76,16.558324986156148,37.70680743980925,17.767003862499106,21.65996599128172,87.06480816804377,1.351421806038307,931.094641238327,2015-12-07,1,-0.5000000000000004,0.8660254037844384
2015-12-07,1,8.631884088424071,64,24.122157775695776,33.09182848821911,10.809657147638456,20.52460267030063,86.37779939931042,1.7441172950419672,932.5312379506914,2015-12-08,0,-0.5000000000000004,0.8660254037844384
2015-12-08,0,1.9717717808019775,15,18.73405673625501,30.21410873789849,3.6550177981445007,21.8750203505379,80.00932925029335,1.8442854070782355,934.353018028508,2015-12-09,0,-0.5000000000000004,0.8660254037844384
2015-12-09,0,0.47484349863608544,12,11.07849936786212,29.100837027015327,1.933395742214049,22.85504899270827,80.6844775394619,1.534490600147125,934.4810948428184,2015-12-10,0,-0.5000000000000004,0.8660254037844384
2015-12-10,0,0.30977880652518747,11,2.7563940859632363,27.946603160543475,5.654680583466671,22.912943143436763,80.45140550593177,2.0612622074306937,931.4519131216476,2015-12-11,0,-0.5000000000000004,0.8660254037844384
2015-12-11,0,0.1280117339117793,9,0.912634039073038,27.006563595570814,1.3632069874774384,23.252879742399315,77.10063798500097,1.3863201922487465,933.4439677919936,2015-12-12,1,-0.5000000000000004,0.8660254037844384
2015-12-12,1,10.411271441524123,28,10.849061981961075,30.05796221685219,10.644526725037611,22.85000308658782,81.4995967258974,1.478893723860479,933.5951337985514,2015-12-13,0,-0.5000000000000004,0.8660254037844384
2015-12-13,0,3.4186034752310825,20,13.95788665066697,25.3461648250543,5.130644639240787,23.28002186814495,77.83556259947386,1.833500091001068,933.1868417301772,2015-12-14,1,-0.5000000000000004,0.8660254037844384
2015-12-14,1,0.9224136163424831,11,14.752288533097675,17.636694352972714,3.853139671711521,24.8342629895106,71.75343419265832,1.6831013543913038,932.9268601472902,2015-12-15,0,-0.5000000000000004,0.8660254037844384
2015-12-15,0,7.578891614891886,54,11.919908706465439,23.24381418706262,7.960562376475783,23.99393294455261,76.35668851207879,1.848086194704303,933.4394027207292,2015-12-16,0,-0.5000000000000004,0.8660254037844384
2015-12-16,0,4.318151233860945,41,12.8194564650953,27.08712192228748,6.038853316001179,22.01322950539239,84.66943513241111,1.96738121338174,935.217063525938,2015-12-17,0,-0.5000000000000004,0.8660254037844384
2015-12-17,0,1.0703471753272489,14,12.967390024080066,27.847690291089542,1.038096661531705,23.039722092692177,77.23975996042499,1.7183260367914013,934.4111354265344,2015-12-18,0,-0.5000000000000004,0.8660254037844384
2015-12-18,0,0.08620231160713177,9,5.474700720795312,27.805880868784893,1.843449786006031,25.199618069942737,67.60996190281463,1.790725900596997,932.8951043252156,2015-12-19,1,-0.5000000000000004,0.8660254037844384
2015-12-19,1,11.684492080363437,42,12.841041567297804,29.079101507624205,17.099136260693506,24.02855054938291,74.68032939789799,1.6871312081426029,933.9385668859958,2015-12-20,1,-0.5000000000000004,0.8660254037844384
2015-12-20,1,17.883003024053476,40,29.65369741602403,43.5435010564466,7.599682859297468,22.32342508305758,82.0731726027331,1.3974707160455198,935.3475340595317,2015-12-21,1,-0.5000000000000004,0.8660254037844384
2015-12-21,1,29.38019386598219,58,58.947688970399085,72.00128130608631,3.071992708921919,23.231067957185957,79.25235688719648,1.750519137121663,934.4166537889348,2015-12-22,1,-0.5000000000000004,0.8660254037844384
2015-12-22,1,9.053024300080743,35,56.316221190116394,73.47541399127516,1.1373937690774818,24.50130330554061,74.77764573967043,1.875430506269914,934.2057989647992,2015-12-23,0,-0.5000000000000004,0.8660254037844384
2015-12-23,0,8.995229667986118,27,47.42844783404904,78.15249242540034,0.9129019793739944,25.579736066940328,71.8587975220501,1.6795440322857238,933.9324078090768,2015-12-24,1,-0.5000000000000004,0.8660254037844384
2015-12-24,1,8.844372631287492,61,26.892626599354337,85.92651788136057,1.2349242928564874,25.219475514085183,73.44375778671929,1.6582275396521546,934.5964752336426,2015-12-25,1,-0.5000000000000004,0.8660254037844384
2015-12-25,1,9.26484715737027,29,27.104449456643863,95.10516272712371,16.467250492499474,23.75197109738984,80.89930315085822,1.247344707161502,934.7044885470814,2015-12-26,1,-0.5000000000000004,0.8660254037844384
2015-12-26,1,13.117006699977741,22,31.22622648863549,96.53767734673802,4.703549660701252,23.76320339663184,79.91593785946299,1.5272336351619724,932.847250937682,2015-12-27,1,-0.5000000000000004,0.8660254037844384
2015-12-27,1,10.19455684157579,29,32.57641069892379,88.84923116426033,8.634769148955343,23.131169909161677,83.11469320889964,1.686691047054103,931.5495382577772,2015-12-28,0,-0.5000000000000004,0.8660254037844384
2015-12-28,0,9.62979779624901,53,32.94136133780253,69.09883509452716,11.375775120821803,22.10689182337851,86.58310821989446,1.6870007711738515,932.1971137596688,2015-12-29,1,-0.5000000000000004,0.8660254037844384
2015-12-29,1,7.7292136986202244,64,27.55356833644501,67.77502449306664,13.98140059109745,21.429673563300938,89.73537162210694,2.0586051405423813,933.6491736738226,2015-12-30,1,-0.5000000000000004,0.8660254037844384
2015-12-30,1,3.233552977154252,25,20.592564472023476,62.01334780223477,9.777092837495667,21.13061946702561,87.40237437653941,2.705735264330187,935.2232771129762,2015-12-31,0,-0.5000000000000004,0.8660254037844384
2015-12-31,0,0.8694880593668594,10,11.832254735141321,54.038463230314136,4.457768204057781,23.57150283424045,77.40535255872118,2.373531771385444,932.5167177428076,2016-01-01,1,0.0,1.0
2016-01-01,1,27.435279105644195,18,31.53832014216529,72.20889517858807,8.479398005290724,23.393710842171267,83.51825877386507,1.4610573730937904,931.39475708919,2016-01-02,1,0.0,1.0
2016-01-02,1,13.48211227868837,61,41.786879443699405,72.5740007572987,21.425692586751595,22.86895993374648,87.29852392602214,1.3635025105366545,932.24618734587,2016-01-03,1,0.0,1.0
2016-01-03,1,6.243675006470309,29,47.16106639080286,68.62311892219321,8.985485284549075,21.830156717495665,87.70902055740387,1.9380282383881613,932.9177085092308,2016-01-04,0,0.0,1.0
2016-01-04,0,3.7740746148548805,19,23.499861900013546,62.76739574079908,0.8920477987752574,22.04920222464049,78.06943855027873,2.510280132136186,934.1986110740712,2016-01-05,0,0.0,1.0
2016-01-05,0,1.9787331958588783,14,11.996482817184054,57.01691523803774,0.058597477018173,22.84550905977065,71.37417318126239,2.387584780718924,934.794690024624,2016-01-06,0,0.0,1.0
2016-01-06,0,1.5498669377116527,11,7.302674748425398,55.33322919859514,0.1332746941329362,23.453953230173678,71.19325822260788,1.8660319070222124,933.485553079489,2016-01-07,0,0.0,1.0
2016-01-07,0,0.7467838261626575,9,4.275383959733174,55.21052496539094,0.0153744153796471,24.187241111806845,69.83786286792314,1.4803095770004395,931.0901691853054,2016-01-08,0,0.0,1.0
2016-01-08,0,0.6097070172764776,10,2.9063577811507733,28.384952877023217,3.4787782241407137,24.82651212496429,71.05217257723231,1.7556840616148524,930.7526261688644,2016-01-09,1,0.0,1.0
2016-01-09,1,16.49331336726009,29,17.84980421069921,31.396153965594937,20.843737579373663,23.277026392738456,83.38989281073802,1.824060758602379,932.6020538539352,2016-01-10,1,0.0,1.0
2016-01-10,1,16.367840624631164,67,33.47086100916772,41.52031958375579,17.59662220566347,22.79001883364741,88.3797655214082,1.7239208824861036,932.5084597073488,2016-01-11,1,0.0,1.0
2016-01-11,1,11.97065315214562,69,44.83180714403686,49.716898121046526,21.74989943725768,21.902299676748253,91.44554240693648,2.027418641983864,931.341999385587,2016-01-12,1,0.0,1.0
2016-01-12,1,7.3754355996866945,57,35.71392937646346,55.11360052487434,32.66141863196273,22.30349279588593,92.5624226499912,1.9211459164962676,929.2268266951093,2016-01-13,0,0.0,1.0
2016-01-13,0,3.1048016451572806,19,22.45089039698958,56.668535232319975,12.968391189917853,23.620093264795106,86.21682328387041,1.3947750246054482,928.7247103996448,2016-01-14,0,0.0,1.0
2016-01-14,0,9.241807562388665,54,19.722044807232628,65.16355896854598,22.145890455743253,22.75929544189775,88.15639759933146,2.070210566776068,929.6622964159632,2016-01-15,0,0.0,1.0
2016-01-15,0,13.037377986563463,68,25.383987194109395,77.59122993783296,32.15831432770402,21.498560899699008,92.51573067786684,1.664627966528982,929.1091613729382,2016-01-16,0,0.0,1.0
2016-01-16,0,3.1837324061414867,23,25.4629179550936,64.28164897671437,4.519923041292751,21.143969283743544,79.21382958246208,2.7512539327387886,930.4997185184072,2016-01-17,0,0.0,1.0
2016-01-17,0,2.892190954780036,21,19.11330134748497,50.805999306863235,0.762139030703417,20.6946171796536,72.51511280812072,2.7727649322848897,932.134223500532,2016-01-18,0,0.0,1.0
2016-01-18,0,2.04711781611155,15,8.123041177033059,40.882463970829164,1.4525034516308133,20.754273150104424,76.69870109065467,2.621194769904524,932.3104559906608,2016-01-19,0,0.0,1.0
2016-01-19,0,1.0788800548247972,14,6.018188825716369,34.585908425967276,0.8302398303854012,20.41623565055101,77.3181181288219,2.745788640105141,931.8047312485792,2016-01-20,0,0.0,1.0
2016-01-20,0,0.8045648724656486,10,3.9305627434019814,32.28567165327564,0.513179025668634,20.501499162204343,77.83681173016015,2.784127756828883,931.9818138574286,2016-01-21,0,0.0,1.0
2016-01-21,0,0.691597131250444,9,2.5750420585408755,23.73546122213742,0.3258226917590085,21.00090926698676,73.43278696628013,2.9191026879917943,933.2139501093158,2016-01-22,0,0.0,1.0
2016-01-22,0,0.056179422875944296,7,1.5523414265920226,10.7542626584499,0.263033843780905,20.41195882558685,74.07812095216113,2.6748284060183813,934.2828510180648,2016-01-23,0,0.0,1.0
2016-01-23,0,0.9688414501099513,9,1.7166180042363255,8.539371702418364,1.6317458737400554,21.63900041151385,73.5655975064712,1.8187070018307796,934.4232079300904,2016-01-24,0,0.0,1.0
2016-01-24,0,9.13596895828325,14,10.16098983126913,14.783149705921579,2.9109596604956582,21.81681964580604,77.96458951522548,1.584197820152262,933.2411472378692,2016-01-25,1,0.0,1.0
2016-01-25,1,2.979146997416461,13,13.083957405809647,15.71517888722649,1.938505204782164,23.774796673138,75.61781985378603,1.4959586935823612,932.8427840014854,2016-01-26,0,0.0,1.0
2016-01-26,0,3.871887587287482,11,15.987003542987178,18.508186419689174,5.538057837989566,25.001273971351004,72.5409133973706,1.8136578580993532,931.4163084968756,2016-01-27,1,0.0,1.0
2016-01-27,1,37.70502829668493,38,44.556062881388854,55.40864984390845,13.901524942368386,23.268375580532627,84.41871489810038,1.599194939760511,931.6333008070062,2016-01-28,0,0.0,1.0
2016-01-28,0,10.751955827918758,26,52.328871711891146,65.46900854057677,8.117160907322624,23.219918513949363,81.90151561711231,1.9229820932379345,933.9019041279854,2016-01-29,0,0.0,1.0
2016-01-29,0,4.329504733227303,16,52.78648885783097,69.74233385092813,5.399028529934606,23.422442503276,81.35266820094051,1.9622562487194264,934.6021965889096,2016-01-30,0,0.0,1.0
2016-01-30,0,1.4189944876487717,14,16.500455048794812,70.19248688846695,2.5480403634316664,24.43880896853556,75.53520759858851,1.653831412774415,934.9639015557927,2016-01-31,0,0.0,1.0
2016-01-31,0,4.84737710686751,10,10.595876327743564,65.9038950370512,0.0350223696710672,25.58052519086649,63.52954926538268,1.5790822858913924,935.1282165296972,2016-02-01,0,0.49999999999999994,0.8660254037844387
2016-02-01,0,0.12295317334157053,10,6.389324767857831,63.047701212976314,0.489297635748096,25.291176632475604,61.53084678010059,1.3335239736650126,935.6514118458292,2016-02-02,1,0.49999999999999994,0.8660254037844387
2016-02-02,1,0.39216441275157515,11,5.3624946929606345,59.5679780384404,1.400110373441662,24.93806745931317,71.24233054836489,1.6385145836352573,934.7498426447625,2016-02-03,0,0.49999999999999994,0.8660254037844387
2016-02-03,0,1.6265850269902253,11,2.14170261308335,23.4895347687457,1.0147759235658662,24.89654516500377,73.0538698757701,1.8536790125555656,933.827919880992,2016-02-04,0,0.49999999999999994,0.8660254037844387
2016-02-04,0,0.33433671255872804,10,2.353086152300507,13.07191565338567,2.4732435402838635,23.81168533153485,75.7485740369447,1.734113147630711,934.1421744349988,2016-02-05,0,0.49999999999999994,0.8660254037844387
2016-02-05,0,4.994595673091103,18,6.955517412640035,13.73700659324947,4.690726704949089,24.43393748726825,74.891721531661,1.4850124906421214,934.917674757772,2016-02-06,1,0.49999999999999994,0.8660254037844387
2016-02-06,1,9.196860350225654,27,14.525792735875463,21.51487245582635,8.370450177849177,23.16869941190734,82.77382865966833,1.676983762144745,936.7182672765872,2016-02-07,0,0.49999999999999994,0.8660254037844387
2016-02-07,0,8.829881951064534,18,23.02133797438127,25.497377300023377,13.418754621228649,23.352191983148813,81.6286540864896,1.5735976400189031,935.9557471407402,2016-02-08,1,0.49999999999999994,0.8660254037844387
2016-02-08,1,2.9578789973050617,14,20.98462129859523,28.33230312398687,10.228430903098117,23.94906447844741,78.0583280758676,1.6308236208424851,935.7731731739796,2016-02-09,0,0.49999999999999994,0.8660254037844387
2016-02-09,0,3.4685261136301366,17,15.256287061999712,31.40866482486543,0.8232236068024664,25.116721208131,73.26457273326,1.489161851143731,935.8507515301808,2016-02-10,1,0.49999999999999994,0.8660254037844387
2016-02-10,1,3.9456122320468676,19,10.372017342982046,33.727692029922075,4.596422962840293,25.35576365513183,73.20592374776983,1.537208909827319,934.6483615771632,2016-02-11,0,0.49999999999999994,0.8660254037844387
2016-02-11,0,4.123639302065857,29,11.537777647742843,37.5169946194292,6.966507490602593,23.21123856447766,83.66813249933357,1.7512068960283305,933.9719425035072,2016-02-12,0,0.49999999999999994,0.8660254037844387
2016-02-12,0,0.8949898806927005,15,8.964241414805405,33.4173888270308,1.0727686244414505,22.47287280679076,75.106148608379,2.086945256459665,933.6516950032184,2016-02-13,0,0.49999999999999994,0.8660254037844387
2016-02-13,0,0.5338866151660197,10,5.552515797924557,24.754415091971165,0.2322210540871877,23.059435018805456,73.05025489492493,1.7059665698952178,932.2409115709106,2016-02-14,0,0.49999999999999994,0.8660254037844387
2016-02-14,0,0.3750500303113913,10,1.8039265261700927,16.29958317121802,1.8098997517855628,24.6262525171646,74.01341696369414,1.480513484967355,931.4341790002436,2016-02-15,1,0.49999999999999994,0.8660254037844387
2016-02-15,1,35.6331982949355,51,36.542134940412886,48.974902468848455,20.090111373846725,24.33148260548372,80.30517695703608,1.6427651591693573,932.2148795480724,2016-02-16,0,0.49999999999999994,0.8660254037844387
2016-02-16,0,7.85829542030614,38,43.86654374555301,53.364671775524464,8.98604524866533,22.790263728107316,83.54427232001768,1.6558941694462956,933.8117547319562,2016-02-17,1,0.49999999999999994,0.8660254037844387
2016-02-17,1,6.68900879299127,43,50.180502508232884,56.10806833646886,6.192362516564832,23.7781642026964,80.36660898654856,1.5643343721219058,933.3634861384126,2016-02-18,1,0.49999999999999994,0.8660254037844387
2016-02-18,1,6.530470456057376,28,21.077774669354767,58.51489949046039,8.571662083613699,23.85010685068069,81.93793913098423,1.406064385805922,933.6392899737598,2016-02-19,1,0.49999999999999994,0.8660254037844387
2016-02-19,1,9.372768920385706,29,22.59224816943433,66.99267853015338,4.455624206840506,24.01641674988957,80.8369219946614,1.346920919483508,932.5891574503696,2016-02-20,1,0.49999999999999994,0.8660254037844387
2016-02-20,1,5.5148367564637,30,21.418076132906762,71.97362867145107,5.76358103388135,24.17852378198921,78.67227447837035,1.592500106317792,932.928633173816,2016-02-21,1,0.49999999999999994,0.8660254037844387
2016-02-21,1,28.599984253608127,62,43.48758993045752,100.1985628947478,17.437705279755576,22.141852428923784,86.4533901848288,1.406630025400157,933.2631766761492,2016-02-22,1,0.49999999999999994,0.8660254037844387
2016-02-22,1,8.718476098586104,56,42.83329710865791,73.28384069839841,17.170457303099692,21.635908130312163,88.02510484021016,1.249475132722724,933.4475261608612,2016-02-23,0,0.49999999999999994,0.8660254037844387
2016-02-23,0,3.2949425515478605,31,40.61340290374207,68.72048782964013,6.223742588566361,21.993851259476774,84.79163937471655,1.5991662169792282,935.743779961492,2016-02-24,1,0.49999999999999994,0.8660254037844387
2016-02-24,1,15.007982947340084,60,27.021401597474025,77.03946198398894,5.320027249801939,22.38588694663889,83.33822711007505,1.4963279876299511,934.7352886684866,2016-02-25,0,0.49999999999999994,0.8660254037844387
2016-02-25,0,2.951877805894708,26,21.254803304782634,73.46086933382628,3.7712333794020254,23.19619837329598,78.97032744910153,1.4010491629165145,932.4860735616572,2016-02-26,1,0.49999999999999994,0.8660254037844387
2016-02-26,1,7.123203246008509,44,25.08306399924328,71.21130365944907,7.504160714131268,23.950261618984463,76.86679628701089,1.7803205344865054,931.5008978169128,2016-02-27,0,0.49999999999999994,0.8660254037844387
2016-02-27,0,3.120562876255013,23,13.195643928158209,68.81702977924039,4.294042156615577,23.5917561742863,80.7811004721793,1.7018215987301764,933.0530730808988,2016-02-28,1,0.49999999999999994,0.8660254037844387
2016-02-28,1,9.746197350226947,22,19.989963472490448,49.96324287585921,7.722840983823426,23.53678170171417,82.79240369392785,1.5299042519609682,933.9440409702354,2016-02-29,1,0.49999999999999994,0.8660254037844387
2016-02-29,1,13.52927132619755,64,26.39603155267949,54.77403810347066,10.465827883629714,20.675162702465272,86.32672348205426,2.159405652811286,936.555765652837,2016-03-01,1,0.8660254037844386,0.5000000000000001
2016-03-01,1,21.895975530819655,69,45.17144420724413,73.37507108274245,12.508711408441702,19.05373363450364,89.17322554834541,1.7262118852856336,937.7931244891432,2016-03-02,1,0.8660254037844386,0.5000000000000001
2016-03-02,1,9.922064399150342,50,45.34731125616753,68.28915253455271,3.687656097265601,20.76827010794529,86.79391460198144,1.4493680948681578,935.637523481928,2016-03-03,1,0.8660254037844386,0.5000000000000001
2016-03-03,1,9.50178762266126,63,41.31982755263124,74.83906235131926,11.327578165921842,21.226702170972917,88.68091086388083,1.95629816831126,931.0150691656796,2016-03-04,1,0.8660254037844386,0.5000000000000001
2016-03-04,1,10.802263438123836,47,30.226115459935414,78.5181225434346,10.885631701579031,22.498897925484886,80.30791973530268,2.2030252330465805,929.3561292799404,2016-03-05,1,0.8660254037844386,0.5000000000000001
2016-03-05,1,3.5165701497228556,25,23.820621210507927,78.91412981690243,1.444857902774931,22.54043030849992,77.95462779681141,1.4967453410670242,932.1730569025724,2016-03-06,0,0.8660254037844386,0.5000000000000001
2016-03-06,0,3.203802133099677,23,17.522635720946347,72.37173459977515,3.029319307980882,23.099357862937083,80.70336510711144,1.3066986931345783,934.0880558067632,2016-03-07,1,0.8660254037844386,0.5000000000000001
2016-03-07,1,4.406172831918159,35,11.12654511474067,63.24863610549577,5.058358292563399,23.158179566985183,80.99124299263701,1.382805762023949,934.731004589805,2016-03-08,0,0.8660254037844386,0.5000000000000001
2016-03-08,0,1.9347409736273242,21,9.544715938645139,43.287401548303436,1.7778389035318292,23.47662811864976,78.67524974399731,1.6544007864955188,935.1574081126118,2016-03-09,1,0.8660254037844386,0.5000000000000001
2016-03-09,1,2.5558521657500592,20,8.89676597129552,35.92118931490315,0.3135530276661274,24.56400645663316,75.05682179550658,1.5654838619713085,933.3875686662238,2016-03-10,1,0.8660254037844386,0.5000000000000001
2016-03-10,1,23.31273569329687,58,27.803328832674232,49.73213738553876,17.746156773058818,22.925724694380488,83.97302382088299,1.825691532623519,930.8002360488822,2016-03-11,1,0.8660254037844386,0.5000000000000001
2016-03-11,1,45.87874066492262,66,71.74732852396953,84.80861461233755,35.816322631122375,22.831424521587067,87.01629690315521,2.0083915713253044,930.0859933520408,2016-03-12,0,0.8660254037844386,0.5000000000000001
2016-03-12,0,8.356668795419965,33,77.54814515363944,89.64871325803466,5.627352346324129,22.41568804741614,79.89606278320423,1.512214047157875,933.81877421286,2016-03-13,1,0.8660254037844386,0.5000000000000001
2016-03-13,1,4.864946798679314,27,59.10035625902188,91.30985792361429,4.776897380984746,20.92844356556196,80.22861651562877,2.2874960558578463,937.9467787022396,2016-03-14,0,0.8660254037844386,0.5000000000000001
2016-03-14,0,3.9975527307318464,25,17.21916832483111,90.90123782242797,3.645018390583409,21.8877140732247,80.14803061492557,2.0724829513926992,938.760237505776,2016-03-15,1,0.8660254037844386,0.5000000000000001
2016-03-15,1,2.640865677368209,24,11.503365206779355,91.60736252616887,3.3136408656309766,22.386933383028683,79.51765872436297,2.0050651140497764,938.7927825684304,2016-03-16,0,0.8660254037844386,0.5000000000000001
2016-03-16,0,2.051647642248794,29,8.690066050348836,91.1031580026676,10.553155282786255,21.71329589746488,83.95212027480643,1.6387262378377063,939.5612760254312,2016-03-17,1,0.8660254037844386,0.5000000000000001
2016-03-17,1,1.6309798951731491,19,6.323493214790138,69.42140220454387,2.1279266103613423,22.629893166973748,76.3322012590969,1.80561144101587,937.9899050797696,2016-03-18,0,0.8660254037844386,0.5000000000000001
2016-03-18,0,0.7425674359466462,14,4.425194973368575,24.285228975567904,1.538996877889901,23.06744793777624,75.36797865551499,1.4099334998025803,936.6053958252128,2016-03-19,0,0.8660254037844386,0.5000000000000001
2016-03-19,0,0.21256834451646223,14,2.5861156756362433,16.1411285246644,0.152035748111795,23.38080951106469,72.39810991922369,1.4415916691765325,935.9822895574432,2016-03-20,0,0.8660254037844386,0.5000000000000001
2016-03-20,0,0.018145403355728666,12,0.9732811838188229,11.294327129340815,0.4429652948997372,22.389522075194783,75.88474522890725,1.754941564620703,936.0533616913413,2016-03-21,0,0.8660254037844386,0.5000000000000001
2016-03-21,0,0.04838794359704647,12,0.27910169146922315,7.345162342206015,0.3170048224991033,23.639848649402243,73.67366898506354,1.6899472317253077,935.502885019656,2016-03-22,1,0.8660254037844386,0.5000000000000001
2016-03-22,1,0.031017206770714494,12,0.09755055372347542,4.735313871608519,1.9878259950269763,22.981435347812997,80.93941141883175,1.3739048893703547,934.4928638573824,2016-03-23,0,0.8660254037844386,0.5000000000000001
2016-03-23,0,5.088373772041269,34,5.167778922409016,7.7720400014009945,9.499604463600358,22.03128813883797,82.43824080230272,1.21713491490977,934.0864444344191,2016-03-24,0,0.8660254037844386,0.5000000000000001
2016-03-24,0,1.1067316098388296,17,6.226122588650799,7.247791716066676,4.520124465182705,21.48853255093305,82.3301976606119,1.7400478853689592,934.4415917343424,2016-03-25,1,0.8660254037844386,0.5000000000000001
2016-03-25,1,17.52688358224831,38,23.721988964128393,24.03210786236834,11.179027406756353,22.285905993835527,83.01632207687994,1.7342078601284818,934.2118511483882,2016-03-26,0,0.8660254037844386,0.5000000000000001
2016-03-26,0,5.276245039554049,23,23.909860231641172,29.095784557405924,3.939746766128575,22.62508436102164,83.2040499522387,1.6295132948202582,934.1858137149392,2016-03-27,0,0.8660254037844386,0.5000000000000001
2016-03-27,0,0.11833827947582441,12,22.92146690127817,29.19597743352602,0.2746942947549566,23.79045306893574,76.84247521377264,1.5350902642672333,935.2181610856104,2016-03-28,0,0.8660254037844386,0.5000000000000001
2016-03-28,0,0.0440478696172533,12,5.438631188647113,29.191637359546228,0.2015579904111103,23.9119235119732,78.44009978061058,1.1080077357195592,935.4252221103286,2016-03-29,1,0.8660254037844386,0.5000000000000001
2016-03-29,1,0.6266352146273092,14,0.7890213637203727,29.78725536740282,2.590881375490071,23.85851709964365,77.72830030615488,1.2538821197653882,936.6474978182484,2016-03-30,0,0.8660254037844386,0.5000000000000001
2016-03-30,0,0.30361123938623413,14,0.9742943236307824,25.002492834747787,2.78404846378971,23.394635980642835,79.56453742482627,1.393152179488329,938.323011938,2016-03-31,0,0.8660254037844386,0.5000000000000001
2016-03-31,0,2.0055013543608413,14,2.93574780837437,25.9012625792698,3.3304685285054774,23.257283086592192,79.44253234653084,1.3059148114223096,938.4352679585054,2016-04-01,0,1.0,6.123233995736766e-17
2016-04-01,0,0.11437648723693329,66,2.423489080983995,8.488755484258423,4.240899392366929,23.17602908796423,78.53214560901532,1.5801864000863366,937.431257122081,2016-04-02,1,1.0,6.123233995736766e-17
2016-04-02,1,0.033718935909194406,66,2.153596777506955,3.2462293806135687,0.0630214291547931,22.869777454237354,76.69871786239536,1.259385669714861,935.6390499348926,2016-04-03,0,1.0,6.123233995736766e-17
2016-04-03,0,0.207214975410603,65,0.3553103985567165,3.3351060765483473,0.0466759808443835,23.7550461753464,75.76775140976547,1.2339541598676191,935.418261934778,2016-04-04,0,1.0,6.123233995736766e-17
2016-04-04,0,0.00896314623690025,63,0.24989705755668346,3.3000213531679945,0.246420728534887,23.439900080959603,76.44113445258357,1.796530841241752,938.178131028742,2016-04-05,0,1.0,6.123233995736766e-17
2016-04-05,0,0.0019072450677602736,65,0.2180853667152493,2.675293383608446,0.1050557599681562,23.34842209281137,72.42639370025634,1.797749790022955,939.1869885684656,2016-04-06,0,1.0,6.123233995736766e-17
2016-04-06,0,0.0,65,0.010870391304646312,2.3716821442222114,0.0784487155186213,22.7056220423124,73.03945595784226,1.1903909664402317,936.1962363451552,2016-04-07,0,1.0,6.123233995736766e-17
2016-04-07,0,0.0,64,0.0019072450677460628,0.36618078986136987,0.0794898297929305,23.194407750017856,71.89443312284327,1.242814549374249,934.097763509422,2016-04-08,0,1.0,6.123233995736766e-17
2016-04-08,0,0.0,64,0.0,0.2518043026244366,0.0356306857750294,23.202717155676595,74.14635896192384,1.179245639555867,933.5865378174803,2016-04-09,0,1.0,6.123233995736766e-17
2016-04-09,0,0.0,65,0.0,0.2180853667152422,0.1062526523417659,24.4366671074771,72.92420211704543,1.0610249768653104,934.0405786483368,2016-04-10,1,1.0,6.123233995736766e-17
2016-04-10,1,0.24960639271959645,66,0.24960639271958224,0.2604767840242357,1.0085354475613242,23.90255767445311,74.81743889644598,1.4154051111182462,934.4552352588836,2016-04-11,0,1.0,6.123233995736766e-17
2016-04-11,0,0.004915607223707651,65,0.2545219999432899,0.256429245011043,0.1154430954607178,23.77078835990633,76.27850317557703,1.595994075604764,935.8109967158994,2016-04-12,0,1.0,6.123233995736766e-17
2016-04-12,0,0.0,64,0.2545219999432899,0.2545219999432828,0.1203010064748927,23.926033918302583,75.61715350181224,1.4967001555780817,936.8419902193696,2016-04-13,0,1.0,6.123233995736766e-17
2016-04-13,0,0.024713489731407433,65,0.029629096955100874,0.27923548967469025,0.0973378923191993,23.78936989987019,72.60491004445619,1.5320514702846504,936.276283775931,2016-04-14,0,1.0,6.123233995736766e-17
2016-04-14,0,0.02184999270356523,66,0.04656348243495845,0.3010854823782555,0.1007084795365855,23.97736389362228,71.68463703698696,1.274003499818117,935.8004914604844,2016-04-15,0,1.0,6.123233995736766e-17
2016-04-15,0,0.0040470953592486245,62,0.05061057779420708,0.3051325777375041,0.0913442371649507,24.23290035359427,70.16839586692785,1.34240243667257,936.358814141345,2016-04-16,0,1.0,6.123233995736766e-17
2016-04-16,0,0.009678500356849279,63,0.03557558841964892,0.3148110780943534,0.0227901975829539,23.976377245472552,70.5052811671375,1.1792365157797502,936.7124629984252,2016-04-17,0,1.0,6.123233995736766e-17
2016-04-17,0,0.0,64,0.013725595716083692,0.0652046853747569,0.3597310565806703,23.38108361745625,68.12844188310252,1.3289757998702054,937.914407633198,2016-04-18,0,1.0,6.123233995736766e-17
2016-04-18,0,0.018768409381663038,64,0.028446909738498106,0.07905748753271229,0.1231195711992768,23.67584188722165,70.28961058832529,1.2578971594759187,937.7938779186068,2016-04-19,0,1.0,6.123233995736766e-17
2016-04-19,0,0.0,63,0.018768409381648827,0.07905748753271229,0.0224110916626912,24.06479195609618,66.49764090555897,1.4628228207396297,936.575988403499,2016-04-20,0,1.0,6.123233995736766e-17
2016-04-20,0,0.4418186870568437,65,0.4605870964384925,0.4961626848581485,0.0159271500850893,23.7882994939728,68.73501597399965,1.1832620096373596,935.7761737824362,2016-04-21,0,1.0,6.123233995736766e-17
2016-04-21,0,0.25454510076263176,64,0.6963637878194613,0.7288577929172151,0.0224110916626912,23.69317579289085,65.32646532655295,1.2821666083313663,934.6951053174184,2016-04-22,0,1.0,6.123233995736766e-17
2016-04-22,0,0.001702565348438446,63,0.6980663531678997,0.7265132629064048,0.0,22.927177796764912,67.70067942828712,1.1613534750580348,935.5735942990532,2016-04-23,0,1.0,6.123233995736766e-17
2016-04-23,0,0.0017132058686287687,62,0.25796087197968476,0.7185479684181844,0.0286147862461208,23.574290721488318,69.89534296116061,1.433241275979465,934.59203244362,2016-04-24,0,1.0,6.123233995736766e-17
2016-04-24,0,0.0,62,0.0034157712170530038,0.7185479684181844,0.0159271500850893,23.44605813340584,66.92769379819703,1.1982131311954538,932.6879616729252,2016-04-25,0,1.0,6.123233995736766e-17
2016-04-25,0,0.015452734878321524,63,0.017165940746936083,0.7152322939148429,0.0224110916626912,23.50216875594104,64.40539120939432,1.555606257870506,929.8875043441662,2016-04-26,0,1.0,6.123233995736766e-17
2016-04-26,0,0.008990738029310583,62,0.0244434729076179,0.7242230319441535,2.714388569357373,21.717359338016536,71.91337227486912,2.1204175131362906,928.9706198627756,2016-04-27,0,1.0,6.123233995736766e-17
2016-04-27,0,1.5898560255088463,66,1.6142994984164643,1.8722603703961562,5.4998161867682,17.783758434953914,84.7772395099848,2.2284297361059253,932.6072238307372,2016-04-28,0,1.0,6.123233995736766e-17
2016-04-28,0,0.08880185473530898,62,1.6876486182734516,1.7065171243688333,0.0623651757011598,14.5127348532215,78.95374170675197,1.4192684379551168,937.3195157035952,2016-04-29,0,1.0,6.123233995736766e-17
2016-04-29,0,0.006353401141021519,62,1.6850112813851625,1.7111679601614165,2.449940969493502,14.089929329060803,83.71844390727551,1.6145469552075322,936.9775560489433,2016-04-30,0,1.0,6.123233995736766e-17
2016-04-30,0,0.0,62,0.09515525587631629,1.7094547542927876,0.0852691447742045,15.157020479738836,79.26408484238499,1.3640153564579154,935.273834955308,2016-05-01,0,0.8660254037844387,-0.4999999999999998
2016-05-01,0,0.0,7,0.006353401141007308,1.7094547542927876,0.0644468125615567,14.439379115587446,69.70404962657727,1.5900202841055209,937.803036151492,2016-05-02,0,0.8660254037844387,-0.4999999999999998
2016-05-02,0,0.0,7,0.0,1.6940020194144663,0.0107738695828373,14.998277998769916,68.59170216053667,1.5384549060242696,939.0181802394644,2016-05-03,0,0.8660254037844387,-0.4999999999999998
2016-05-03,0,0.28469227176950923,8,0.284692271769495,1.969703553154665,0.0916907783645825,16.752256161487917,71.00143651002189,1.2596593078423532,938.1332812865572,2016-05-04,0,0.8660254037844387,-0.4999999999999998
2016-05-04,0,0.0,7,0.284692271769495,0.37984752764581864,0.1193541773807818,17.300497970224914,75.95403120471792,1.241816847330271,937.2877790228368,2016-05-05,0,0.8660254037844387,-0.4999999999999998
2016-05-05,0,0.0,7,0.284692271769495,0.29104567291050965,0.0437709413598303,18.16784256687477,76.85643155574346,1.1293979494074138,938.02170085729,2016-05-06,0,0.8660254037844387,-0.4999999999999998
2016-05-06,0,0.0,7,0.0,0.28469227176948814,0.1150686021648637,18.71943059952701,76.36529920337233,1.2287653730184864,937.5004359148004,2016-05-07,0,0.8660254037844387,-0.4999999999999998
2016-05-07,0,0.0,7,0.0,0.28469227176948814,0.0675126940978716,18.9098562395326,81.75542833751129,1.060373178134673,937.1444585578434,2016-05-08,0,0.8660254037844387,-0.4999999999999998
2016-05-08,0,0.0,7,0.0,0.28469227176948814,0.1093758027185133,19.382561092658207,81.47144752796416,1.1828993215324028,936.4021588142004,2016-05-09,0,0.8660254037844387,-0.4999999999999998
2016-05-09,0,0.0,7,0.0,0.28469227176948814,3.49328090131634,19.367767229092003,82.85789670391299,1.0735560039162788,935.6153551580388,2016-05-10,0,0.8660254037844387,-0.4999999999999998
2016-05-10,0,0.022277362348102805,7,0.022277362348088595,0.02227736234808171,1.9881211733069848,19.145834262217264,82.70565827534503,1.5002301973367524,935.046157883889,2016-05-11,0,0.8660254037844387,-0.4999999999999998
2016-05-11,0,0.0,7,0.022277362348088595,0.02227736234808171,0.0968746699036054,18.505294160409168,82.53559158210246,0.9902182761157374,936.5952787849144,2016-05-12,0,0.8660254037844387,-0.4999999999999998
2016-05-12,0,0.14755175963751804,7,0.16982912198560662,0.16982912198559974,1.426170907593524,18.49936590105929,81.90878851491297,1.7244120177426163,937.9423350716216,2016-05-13,0,0.8660254037844387,-0.4999999999999998
2016-05-13,0,0.25057254880449137,8,0.3981243084419952,0.4204016707900911,0.8376417313854561,17.734720602078973,80.63196460753896,1.9421393478137212,939.2882572595016,2016-05-14,0,0.8660254037844387,-0.4999999999999998
2016-05-14,0,0.0,6,0.3981243084419952,0.4204016707900911,0.0661995610190482,17.886640212342318,75.33046444041356,2.143820646371561,940.0588103553176,2016-05-15,0,0.8660254037844387,-0.4999999999999998
2016-05-15,0,0.0,6,0.25057254880447716,0.4204016707900911,0.042628169753016,18.753804765281217,74.66651014027268,1.908927092078301,936.8688720280628,2016-05-16,1,0.8660254037844387,-0.4999999999999998
2016-05-16,1,10.310652019037946,35,10.310652019037931,10.731053689828038,7.239663375632276,20.48003559837241,77.63466142219214,2.279800243695791,933.3231442918012,2016-05-17,0,0.8660254037844387,-0.4999999999999998
2016-05-17,0,3.7661132618284885,19,14.07676528086642,14.474889589308424,6.501511432269101,18.98799902348839,82.31023380305379,1.5279286303593742,933.9530036259436,2016-05-18,1,0.8660254037844387,-0.4999999999999998
2016-05-18,1,19.76626390741182,52,33.84302918827824,34.241153496720244,9.438900697559324,15.816625056779994,92.19274622097072,0.97302079649476,935.84411280884,2016-05-19,0,0.8660254037844387,-0.4999999999999998
2016-05-19,0,3.78939927564683,58,27.32177644488712,37.88300101272956,2.702499157550053,15.907581788344132,92.61212205962802,1.457435633540781,938.3518169209132,2016-05-20,0,0.8660254037844387,-0.4999999999999998
2016-05-20,0,3.047293144624087,20,26.602956327682723,40.67972160854915,1.141501051001608,19.29604676351256,81.10582169737538,1.64128023201677,939.205891072084,2016-05-21,1,0.8660254037844387,-0.4999999999999998
2016-05-21,1,31.83635655154142,60,38.67304897181232,72.51607816009057,17.909824768645432,18.11956134376767,90.5713053828206,1.6666449786531503,938.3984088032928,2016-05-22,1,0.8660254037844387,-0.4999999999999998
2016-05-22,1,6.549266346815356,21,41.43291604298085,79.06534450690593,2.3109381724716997,20.563047975359662,78.27289363492805,1.5456401081032922,936.1867125268147,2016-05-23,1,0.8660254037844387,-0.4999999999999998
2016-05-23,1,13.346702769202302,57,51.73232566755907,82.1013952570703,5.166141493673858,16.51319778545875,82.83867045144578,2.035545665331236,941.8101583407744,2016-05-24,0,0.8660254037844387,-0.4999999999999998
2016-05-24,0,3.16720147046521,27,23.063170586482855,81.502483465707,0.1542836461953705,13.212186931947516,80.93789999168484,2.4696276795220538,946.4342960576648,2016-05-25,0,0.8660254037844387,-0.4999999999999998
2016-05-25,0,3.681393149764127,21,20.195297389431623,65.41761270805932,0.3384902686600277,15.807294036613548,80.16245099814748,2.033163095219101,945.35367004652,2016-05-26,0,0.8660254037844387,-0.4999999999999998
2016-05-26,0,2.9433016858329752,17,9.791896306062299,64.57151511824546,0.0963221652969182,16.881832819284057,83.0703671837805,0.9449096992642652,942.0709287268428,2016-05-27,0,0.8660254037844387,-0.4999999999999998
2016-05-27,0,1.9276910591939505,16,8.552385894791037,63.45191303281533,0.1323738065458143,17.12924910246114,84.57765881837886,1.0986157435264323,941.5873542943334,2016-05-28,0,0.8660254037844387,-0.4999999999999998
2016-05-28,0,2.602572993120622,15,7.473565738147533,34.21812947439452,0.2211736612926508,18.17320719768199,81.70087887942455,1.6007488009122612,943.142279710753,2016-05-29,0,0.8660254037844387,-0.4999999999999998
2016-05-29,0,1.3870276418672023,11,5.917291694181761,29.05589076944637,0.9017228284055168,16.613789604311386,87.48121405839646,1.4647189172106436,941.2931683987435,2016-05-30,0,0.8660254037844387,-0.4999999999999998
2016-05-30,0,2.0137378468732834,17,6.0033384818610935,17.722925847117352,4.013362292959179,15.591825896842805,90.6336612965834,1.1276349347935375,936.9361971501612,2016-05-31,0,0.8660254037844387,-0.4999999999999998
2016-05-31,0,8.977282657121846,40,12.378048145862317,23.533007033773988,1.939952218808811,18.653175309145524,85.864606009528,1.520264625873191,937.1172218582102,2016-06-01,1,0.49999999999999994,-0.8660254037844387
2016-06-01,1,7.259319824061207,26,18.25034032805632,27.11093370807107,3.7898856120780025,18.97498590604538,87.35763928835868,0.941113063038389,936.8228784864982,2016-06-02,1,0.49999999999999994,-0.8660254037844387
2016-06-02,1,16.030891279669493,45,32.26749376085253,40.198523301907585,7.895684121942742,18.763084504853182,85.74087220427036,1.807642044480136,934.9576084766628,2016-06-03,1,0.49999999999999994,-0.8660254037844387
2016-06-03,1,16.459015977894023,59,39.74922708162471,54.72984822060766,4.458438813746956,17.08036435926907,90.41989700235608,1.2730292797955,934.207828891478,2016-06-04,1,0.49999999999999994,-0.8660254037844387
2016-06-04,1,12.008342716788384,58,44.49824997435188,64.13561794427542,7.935086664814623,17.778210453150216,92.62090137582366,1.0800108494309264,934.9479541629502,2016-06-05,1,0.49999999999999994,-0.8660254037844387
2016-06-05,1,34.02345199244565,63,62.49081068712805,96.77204229485386,22.221005062363428,18.57898048051725,93.41573848604844,1.4199505646088382,935.818229948872,2016-06-06,1,0.49999999999999994,-0.8660254037844387
2016-06-06,1,27.703170683628368,62,73.73496539286239,122.46147513160895,12.61141325053594,19.58509933820573,90.90511273922203,1.773360732474741,935.5324485965982,2016-06-07,1,0.49999999999999994,-0.8660254037844387
2016-06-07,1,22.006712752662533,62,83.73333542873655,135.49090522714965,12.22932903763152,15.561087319225749,93.427824677498,1.3919340500415842,936.4739057553868,2016-06-08,0,0.49999999999999994,-0.8660254037844387
2016-06-08,0,7.597130334169445,28,57.30701377046033,135.82871573725788,0.093812169432374,13.83119095905661,82.63221392993032,0.8685641108400857,941.0965031095666,2016-06-09,0,0.49999999999999994,-0.8660254037844387
2016-06-09,0,4.29765831080644,22,33.901501397638405,124.09548276839483,0.106252274338522,11.120587943023072,78.53942389179014,0.9161003101289928,942.8116691817424,2016-06-10,0,0.49999999999999994,-0.8660254037844387
2016-06-10,0,3.633663914228288,21,15.528452559204158,111.27013070472908,0.0659719886711352,10.894125530677918,77.70401669138317,0.8545704114908685,941.9714168879676,2016-06-11,0,0.49999999999999994,-0.8660254037844387
2016-06-11,0,4.9251414047319075,17,12.856463629766623,104.18692939267262,0.0566564215935738,10.366497661198366,71.74076218541987,1.0081765373130809,943.4118017610796,2016-06-12,0,0.49999999999999994,-0.8660254037844387
2016-06-12,0,3.280410839378016,16,11.839216158338196,73.44388823960497,0.0817994519457597,9.36813509965856,72.01128724910569,1.162663104825556,946.0793530121338,2016-06-13,0,0.49999999999999994,-0.8660254037844387
2016-06-13,0,2.5735060726938968,16,10.779058316803805,48.314223628670504,0.0407292715084845,9.583445126434253,65.7652174632102,1.8438360648603147,948.3221768401934,2016-06-14,0,0.49999999999999994,-0.8660254037844387
2016-06-14,0,2.4164555440838846,13,8.270372456155783,28.723966420091855,0.0107738695828373,12.606577304668283,72.7216062642751,1.727621179471608,947.8533599323068,2016-06-15,0,0.49999999999999994,-0.8660254037844387
2016-06-15,0,2.5668790402228066,15,7.556840657000574,23.693715126145218,0.0452012892456452,14.1928010901864,78.72090485643126,0.9155939932079032,946.4145774193528,2016-06-16,0,0.49999999999999994,-0.8660254037844387
2016-06-16,0,2.1601290154715342,14,7.143463599778211,21.55618583081031,0.0692161116800901,15.818978149184252,76.88680922475397,0.7427479034505003,944.478432667658,2016-06-17,0,0.49999999999999994,-0.8660254037844387
2016-06-17,0,1.7586534898626984,10,6.485661545557026,19.681175406444723,0.0723857276059511,16.680845023039225,75.87496220078332,0.8027760549104866,942.1155496379344,2016-06-18,0,0.49999999999999994,-0.8660254037844387
2016-06-18,0,1.445851566057599,14,5.3646340713918175,16.201885567770415,0.1240728973821793,15.946489445617855,79.32614741466026,0.9833470277884014,942.7299223259768,2016-06-19,0,0.49999999999999994,-0.8660254037844387
2016-06-19,0,1.3444520427912001,11,4.548957098711483,14.265926771183599,0.2397707924128097,15.790037708656024,81.72898061183481,0.8944836311673164,943.4779736608924,2016-06-20,0,0.49999999999999994,-0.8660254037844387
2016-06-20,0,0.3840849422107509,9,3.1743885510595358,12.076505640700452,1.0534073790885017,14.486131010286766,83.18209239044346,1.788825200065455,940.5089854669844,2016-06-21,0,0.49999999999999994,-0.8660254037844387
2016-06-21,0,0.4964611631247066,11,2.2249981481266436,10.156511259741274,2.7378985680656505,13.385954066617218,85.85875532784343,2.317941031119984,942.177546894696,2016-06-22,0,0.49999999999999994,-0.8660254037844387
2016-06-22,0,0.0,8,0.8805461053354433,7.589632219518467,4.308705255993775,15.095653628583484,82.32357807894576,1.812772549202372,940.2699222106024,2016-06-23,1,0.49999999999999994,-0.8660254037844387
2016-06-23,1,0.29636597132798986,10,0.7928271344526823,5.725869175374924,0.8450586004837751,16.091776341107995,82.41154087959366,1.0960851058110617,939.1052493974267,2016-06-24,0,0.49999999999999994,-0.8660254037844387
2016-06-24,0,0.35704353045878934,10,0.6534095017867649,4.324259215971014,0.0302437276189925,15.2687761307352,80.76144618441478,1.3994299143869062,940.8972262802176,2016-06-25,0,0.49999999999999994,-0.8660254037844387
2016-06-25,0,0.3713266328850839,10,1.0247361346718489,3.2497342827984994,0.0120163280001165,15.564186786477888,79.35198622427856,1.6584458339504806,942.7637968719314,2016-06-26,0,0.49999999999999994,-0.8660254037844387
2016-06-26,0,0.32381908440174934,9,1.0521892477456083,2.2291013244090485,0.0438706281702952,15.71457525272084,77.26414474157377,1.5067211082799168,943.3944303953976,2016-06-27,0,0.49999999999999994,-0.8660254037844387
2016-06-27,0,0.034051992100013855,8,0.7291977093868329,1.8790683742983116,0.1386594413181461,14.90977157415896,78.1776743114826,1.250737702574485,943.9082394976674,2016-06-28,0,0.49999999999999994,-0.8660254037844387
2016-06-28,0,0.2786430238048417,8,0.6365141003065906,1.6612502349784466,0.1114230189553748,15.212145367307333,77.17482623133111,1.0836740669520166,943.1125821945052,2016-06-29,1,0.49999999999999994,-0.8660254037844387
2016-06-29,1,0.034051992100013855,8,0.3467470080048552,1.6953022270784606,0.0220131578427692,16.090988988874688,77.32664478142073,1.067907234895539,941.718168572206,2016-06-30,0,0.49999999999999994,-0.8660254037844387
2016-06-30,0,0.2510518378900724,9,0.5637468537949137,1.649988093640543,0.1150365079348182,16.945988408885487,76.32332369682328,1.0320249319770016,942.1882432923072,2016-07-01,1,1.2246467991473532e-16,-1.0
2016-07-01,1,0.6314576447940854,8,0.9165614747841575,1.9244022079758392,0.1088511205704409,17.3840683239574,76.41398070906672,1.2011472012454192,942.1997849245228,2016-07-02,0,1.2246467991473532e-16,-1.0
2016-07-02,0,0.23357561285704545,6,1.1160850955411892,1.7866511879478006,0.1213903955071168,17.624328803140568,76.66791809321714,1.053824025546838,941.2120414360496,2016-07-03,0,1.2246467991473532e-16,-1.0
2016-07-03,0,0.05398867478896076,6,0.9190219324400775,1.5168207783350123,0.025923979927742,17.724390233731793,74.97509021755619,1.1697178919820796,940.9123737366745,2016-07-04,0,1.2246467991473532e-16,-1.0
2016-07-04,0,0.09876784917325623,5,0.38633213681924833,1.5815366354082545,0.0673765953237633,17.893851473794808,73.23812399513595,1.1899800955182511,940.1939221603932,2016-07-05,0,1.2246467991473532e-16,-1.0
2016-07-05,0,0.0524864459303496,6,0.2052429698925525,1.3553800575337625,0.0281593221732026,17.29623708165521,72.68978243844165,1.0811655282225892,938.7266053125062,2016-07-06,1,1.2246467991473532e-16,-1.0
2016-07-06,1,0.08431581162921456,8,0.2355701067328063,1.4056438770629631,0.0390372913494236,19.435762938379828,67.52280910097761,2.379474921698414,934.954003528638,2016-07-07,0,1.2246467991473532e-16,-1.0
2016-07-07,0,0.001520907045658624,60,0.1383231646052087,1.1561129462185493,0.017403239426917,16.172847690805032,62.0220001334684,1.545695321857559,936.3015594667962,2016-07-08,1,1.2246467991473532e-16,-1.0
2016-07-08,1,0.005757007020351492,60,0.09159372569521057,0.5304123084448155,0.0963188647208853,12.276134665990885,67.50122532134675,0.9341690445104298,939.9187012384004,2016-07-09,0,1.2246467991473532e-16,-1.0
2016-07-09,0,0.0,60,0.007277914065996016,0.29683669558777,0.0930510915327771,13.453077068576802,70.86953639976198,1.1854400965751457,938.1952456122292,2016-07-10,0,1.2246467991473532e-16,-1.0
2016-07-10,0,0.0,60,0.005757007020337392,0.24284802079880918,0.0379403079278586,16.66490930068286,69.0059038772905,0.9870852382254444,935.3743371186076,2016-07-11,0,1.2246467991473532e-16,-1.0
2016-07-11,0,0.0,60,0.0,0.14408017162555298,0.0224110916626912,19.22360678157748,67.0145682327201,1.3430018771954155,933.7350458305712,2016-07-12,0,1.2246467991473532e-16,-1.0
2016-07-12,0,0.04639494979160758,62,0.04639494979159348,0.13798867548681093,0.6995181929312532,20.638926261940224,60.06562006256697,1.4643589844517022,932.8023187117236,2016-07-13,0,1.2246467991473532e-16,-1.0
2016-07-13,0,0.003505289324843976,61,0.049900239116437456,0.05717815318244036,0.964410699896187,18.776016114808105,71.50837952526948,1.4756703070965782,935.749003575135,2016-07-14,0,1.2246467991473532e-16,-1.0
2016-07-14,0,0.0,61,0.049900239116437456,0.05565724613678173,0.0551981190882979,19.260409723744328,68.90954901352053,1.127564389445001,934.0302978805806,2016-07-15,0,1.2246467991473532e-16,-1.0
2016-07-15,0,0.0,61,0.003505289324829876,0.04990023911643024,0.1457007083032753,19.803521153172213,60.85214419068672,1.2488776545243516,932.040872906838,2016-07-16,1,1.2246467991473532e-16,-1.0
2016-07-16,1,4.553498096690257,65,4.553498096690243,4.603398335806687,6.423516941185083,18.22107903803228,73.2060342626903,1.9593322723617017,930.5680754669394,2016-07-17,0,1.2246467991473532e-16,-1.0
2016-07-17,0,1.424414760137548,65,5.977912856827791,6.027813095944235,0.0566996322099766,13.472531536102364,70.65801774747558,1.5235347134266537,935.170557069854,2016-07-18,1,1.2246467991473532e-16,-1.0
2016-07-18,1,0.02801173830350577,61,6.0059245951312965,6.0558248342477405,0.0343277328523429,10.381200497246876,72.4076620181263,1.316701989164662,937.8897901632638,2016-07-19,0,1.2246467991473532e-16,-1.0
2016-07-19,0,0.0063907441183719185,60,1.4588172425594115,6.015820628574505,0.0396689028231305,11.436372937991688,74.69966688983216,1.402772237340021,938.5757243195956,2016-07-20,1,1.2246467991473532e-16,-1.0
2016-07-20,1,0.009472659936380134,61,0.043875142358243614,6.021787999186041,0.0194518247328058,12.5706263473191,78.53419199738345,1.443885859059293,937.8609176713948,2016-07-21,0,1.2246467991473532e-16,-1.0
2016-07-21,0,0.0,59,0.015863404054737844,6.021787999186041,0.0,13.04753093947032,79.81576619410693,1.3884437723002976,938.0622345226208,2016-07-22,0,1.2246467991473532e-16,-1.0
2016-07-22,0,0.0,59,0.009472659936365924,6.021787999186041,0.0288950332402932,13.156980879465635,78.82675142924292,1.6606122151596017,938.8075081996604,2016-07-23,0,1.2246467991473532e-16,-1.0
2016-07-23,0,0.0,59,0.0,1.4682899024957845,0.0543111332888828,15.183872592619649,76.8176541651066,1.5891013810476118,938.3775503073128,2016-07-24,1,1.2246467991473532e-16,-1.0
2016-07-24,1,0.0,60,0.0,0.04387514235823651,0.1215895196262424,17.393410361604033,75.0728299590631,1.179673262443146,937.8596556745632,2016-07-25,0,1.2246467991473532e-16,-1.0
2016-07-25,0,0.0,59,0.0,0.01586340405473074,0.0331849612455286,17.499603513913904,72.7487650887341,1.1871651137505734,938.2652459240436,2016-07-26,0,1.2246467991473532e-16,-1.0
2016-07-26,0,0.0,58,0.0,0.009472659936358818,0.0267010196679266,18.095396293933536,65.85863779224168,1.5231432585111615,936.013263245509,2016-07-27,0,1.2246467991473532e-16,-1.0
2016-07-27,0,0.0,58,0.0,0.0,0.0224110916626912,19.315653562678403,59.63820704330926,1.820807049283304,935.1818369033358,2016-07-28,1,1.2246467991473532e-16,-1.0
2016-07-28,1,0.0,59,0.0,0.0,0.041862916395497,14.54925171806775,68.80370217022342,1.8658446502885304,938.9853094325756,2016-07-29,0,1.2246467991473532e-16,-1.0
2016-07-29,0,0.0,59,0.0,0.0,0.0194518247328058,15.095068514674857,78.90779145136112,1.8479848546375044,939.8837613719112,2016-07-30,1,1.2246467991473532e-16,-1.0
2016-07-30,1,0.0,59,0.0,0.0,0.0064839415776019,16.468774346446807,76.7322152716583,1.6090964166082569,940.4021872648788,2016-07-31,0,1.2246467991473532e-16,-1.0
2016-07-31,0,0.0,58,0.0,0.0,0.1127660780870467,17.082068242405878,74.8044688451146,1.3176334338349125,939.6484471522608,2016-08-01,1,-0.4999999999999997,-0.8660254037844388
2016-08-01,1,0.0,6,0.0,0.0,0.0610287525202696,17.48428311978718,71.2130224954567,1.3031984944795605,937.542607972657,2016-08-02,1,-0.4999999999999997,-0.8660254037844388
2016-08-02,1,0.11509248472812691,7,0.1150924847281127,0.1150924847281056,0.0453875910432135,16.328064930794998,77.53853876626638,1.6543730702932076,939.3605214753396,2016-08-03,1,-0.4999999999999997,-0.8660254037844388
2016-08-03,1,0.0,6,0.1150924847281127,0.1150924847281056,0.1189436393587758,16.502230703428168,78.81264987743147,1.938759133776306,940.5218699305184,2016-08-04,1,-0.4999999999999997,-0.8660254037844388
2016-08-04,1,0.0,6,0.1150924847281127,0.1150924847281056,0.1608843639479872,17.769584531910713,75.58797128463912,1.6324462692692867,939.4915733841756,2016-08-05,0,-0.4999999999999997,-0.8660254037844388
2016-08-05,0,0.0,6,0.0,0.1150924847281056,0.0985834779552917,18.502599904322345,72.30517691497468,1.2078376624784988,937.8732125378142,2016-08-06,0,-0.4999999999999997,-0.8660254037844388
2016-08-06,0,0.0,6,0.0,0.1150924847281056,0.0064839415776019,19.867595836344183,62.952480458168,1.2187827153938324,936.2291972798522,2016-08-07,0,-0.4999999999999997,-0.8660254037844388
2016-08-07,0,0.0,6,0.0,0.1150924847281056,0.1367185342110107,18.28247265434713,67.50789515751323,1.635883791136847,935.6334688023557,2016-08-08,0,-0.4999999999999997,-0.8660254037844388
2016-08-08,0,0.0,6,0.0,0.1150924847281056,0.5101446634195799,16.86743802148651,78.23878753143308,1.834396078771996,935.5836910336416,2016-08-09,0,-0.4999999999999997,-0.8660254037844388
2016-08-09,0,0.0,6,0.0,0.0,0.9511637465906932,17.76441810143796,80.10623558933793,1.1419325137846694,935.7423908693884,2016-08-10,0,-0.4999999999999997,-0.8660254037844388
2016-08-10,0,0.16651473522919996,8,0.16651473522918575,0.16651473522917865,0.1433956754316595,15.717158792139324,77.05536542064915,1.702628505356126,937.1751495576216,2016-08-11,1,-0.4999999999999997,-0.8660254037844388
2016-08-11,1,0.05394636769611857,7,0.22046110292530433,0.22046110292529722,0.0541309553527479,11.241844305529687,79.74060911404626,1.810881679665877,938.444331100196,2016-08-12,0,-0.4999999999999997,-0.8660254037844388
2016-08-12,0,0.16433532733229148,10,0.3847964302575958,0.3847964302575887,0.0572176172457617,13.222706062559409,74.4305980553596,1.7092811015494729,938.752951774763,2016-08-13,0,-0.4999999999999997,-0.8660254037844388
2016-08-13,0,0.0,6,0.21828169502839584,0.3847964302575887,0.0580875188937336,15.298030925965271,65.53951480794711,1.3211700532812292,935.8129061360652,2016-08-14,1,-0.4999999999999997,-0.8660254037844388
2016-08-14,1,1.5283640098622049,7,1.692699337194482,1.9131604401197935,0.0064839415776019,17.440441542816462,58.46594573108733,1.0766868318889862,933.518177735206,2016-08-15,1,-0.4999999999999997,-0.8660254037844388
2016-08-15,1,3.6558179327020994,34,5.18418194256429,5.568978372821893,3.064537417969369,17.723300657091666,66.23133043558657,1.7710597050541157,931.253033011516,2016-08-16,0,-0.4999999999999997,-0.8660254037844388
2016-08-16,0,0.8226513775422526,13,6.0068333201065425,6.391629750364146,0.3225948341529441,17.366681755836662,77.22643186369834,1.4219347668228173,931.8776436976892,2016-08-17,1,-0.4999999999999997,-0.8660254037844388
2016-08-17,1,0.7425685921227285,8,5.221037902367066,6.967683607257674,0.4639535036198082,19.59308404482394,69.91304342762443,1.4658149250250865,932.7595345201888,2016-08-18,0,-0.4999999999999997,-0.8660254037844388
2016-08-18,0,8.700326262855182,58,10.265546232520148,15.614063502416737,6.144279879363118,18.50359653448891,80.14019086646329,2.0964197871949155,935.8718969164188,2016-08-19,1,-0.4999999999999997,-0.8660254037844388
2016-08-19,1,3.76578927601126,13,13.208684130989155,19.215517451095707,1.492617788221038,18.84960923245181,77.04242958978438,2.336002657988884,935.3975460086732,2016-08-20,1,-0.4999999999999997,-0.8660254037844388
2016-08-20,1,7.170192197654053,52,19.63630773652048,26.38570964874976,10.245351625747858,18.157313910846803,86.49238960614963,1.609636222350897,932.2310847027284,2016-08-21,1,-0.4999999999999997,-0.8660254037844388
2016-08-21,1,29.830360672900994,59,40.76634214656629,54.687706311788546,32.52383001542299,15.679963514552249,91.55395395988866,2.6835192834076107,932.8773780958004,2016-08-22,0,-0.4999999999999997,-0.8660254037844388
2016-08-22,0,3.3921800096794867,58,40.39273288023452,54.42406838876594,0.4480359721873185,11.19551598441733,81.9855012367432,2.331926901083715,940.4101538501524,2016-08-23,0,-0.4999999999999997,-0.8660254037844388
2016-08-23,0,3.0684011533260644,22,36.29094183590653,56.66981816454975,0.0639663756333034,13.431441533539488,76.08252579101081,1.92957829521935,939.899102174458,2016-08-24,0,-0.4999999999999997,-0.8660254037844388
2016-08-24,0,2.171762438683504,16,8.632343601689037,58.099012011110524,0.0159271500850893,16.223520056275106,73.48700317356777,2.1021168772885805,939.5973850886731,2016-08-25,0,-0.4999999999999997,-0.8660254037844388
2016-08-25,0,1.4287435545069491,14,6.668907146516499,50.8274293027623,0.0783437892891159,17.641390244216304,72.03278666475416,1.355444802691603,938.4403211707,2016-08-26,1,-0.4999999999999997,-0.8660254037844388
2016-08-26,1,1.0504121059548,12,4.650918099145235,48.112052132705834,0.122325230693333,17.51215159990987,69.76901760511636,1.1070870854511667,936.5809693798,2016-08-27,0,-0.4999999999999997,-0.8660254037844388
2016-08-27,0,1.0669346634932289,11,3.54609032395496,42.00879459854501,0.0454171333336419,18.04368501033668,63.68968427023152,1.2385576407314225,935.713273130342,2016-08-28,0,-0.4999999999999997,-0.8660254037844388
2016-08-28,0,0.5470434836574054,8,2.6643902531054167,12.725477409301421,0.0224110916626912,19.485571093826795,60.43278769374031,1.322303389128367,934.1282752975658,2016-08-29,0,-0.4999999999999997,-0.8660254037844388
2016-08-29,0,0.8808159129886678,8,2.4947940601392844,10.214113312610602,0.0064839415776019,21.012745587947315,60.61926836261145,1.16917383638747,934.3086671545497,2016-08-30,0,-0.4999999999999997,-0.8660254037844388
2016-08-30,0,1.1057136811964328,7,2.5335730778424885,8.25142584048097,0.7761575859971506,20.763870456633533,66.6553313497541,1.2713769854675532,934.151525506596,2016-08-31,1,-0.4999999999999997,-0.8660254037844388
2016-08-31,1,8.138514876178306,51,10.125044470363388,14.218178277975772,10.34813382840866,17.155211617200475,84.95891751021084,1.7748922176312152,934.3759013407432,2016-09-01,0,-0.8660254037844385,-0.5000000000000004
2016-09-01,0,1.3348095594414797,31,10.5790381168162,14.124244282910302,0.1311160176849133,17.288055023808354,79.43863929890627,1.3092442310213137,937.3737567299974,2016-09-02,1,-0.8660254037844385,-0.5000000000000004
2016-09-02,1,0.9667306056222191,19,10.440055041241987,14.040562782577721,0.0677986827059048,18.43425520591409,77.71805631928163,2.1601908309807367,938.8342502951008,2016-09-03,0,-0.8660254037844385,-0.5000000000000004
2016-09-03,0,0.10458795068091625,19,2.4061281157445973,13.078216069765409,0.7945645190722097,19.932884110773347,79.11051287786063,1.910812450525573,938.1037681431576,2016-09-04,0,-0.8660254037844385,-0.5000000000000004
2016-09-04,0,0.1668848478298968,18,1.2382034041330143,12.6980574339379,2.5868699496939604,18.664362925402717,83.88649220780748,1.1723900288600793,937.4928748969216,2016-09-05,0,-0.8660254037844385,-0.5000000000000004
2016-09-05,0,0.0763525653167384,16,0.3478253638275337,11.89359408626597,0.2187521866832975,19.340444392672197,79.23395028485797,1.3444844411482018,938.3662169412356,2016-09-06,1,-0.8660254037844385,-0.5000000000000004
2016-09-06,1,8.223756476373625,62,8.466993889520243,19.011636881443163,7.92089101793283,17.926432611174263,86.18125521899613,1.7679553294137624,937.3975921614658,2016-09-07,0,-0.8660254037844385,-0.5000000000000004
2016-09-07,0,1.7717595800362382,29,10.071868621726585,12.644881585301096,0.2874829929614286,17.46524776790148,78.93350841942376,1.7878001730991602,936.8627544869004,2016-09-08,0,-0.8660254037844385,-0.5000000000000004
2016-09-08,0,0.05590006310691565,15,10.05141611951676,11.365972088966531,0.0410351328936504,16.086546107448765,71.8349516204959,1.1267886346826117,933.9173751949104,2016-09-09,1,-0.8660254037844385,-0.5000000000000004
2016-09-09,1,0.04417158487049944,15,1.8718312280136356,10.443413068214811,0.0197035356899401,16.87796830225032,74.49245599627795,2.0579666450581824,935.9105671588112,2016-09-10,0,-0.8660254037844385,-0.5000000000000004
2016-09-10,0,0.07692221216684413,18,0.17699386014424145,10.415747329700741,0.0383382417477806,19.07311963350274,74.62962558254154,1.9769263556804968,937.4716457602134,2016-09-11,1,-0.8660254037844385,-0.5000000000000004
2016-09-11,1,0.023456956472832396,15,0.1445507535101582,10.272319438343676,0.0,20.527212581412176,72.60947308421376,1.6499889571218895,938.5029455321236,2016-09-12,0,-0.8660254037844385,-0.5000000000000004
2016-09-12,0,0.016744555903989326,15,0.11712372454364808,10.212711428930927,0.0957652433857199,22.18420246694512,65.45528456773299,1.4818514771777038,934.156037925367,2016-09-13,0,-0.8660254037844385,-0.5000000000000004
2016-09-13,0,0.05895328564189448,17,0.09915479801869845,2.047908238199196,0.0,24.46503252933104,46.44477068705585,2.594710446212202,931.573214257455,2016-09-14,0,-0.8660254037844385,-0.5000000000000004
2016-09-14,0,0.0,14,0.07569784154586603,0.27614865816295764,0.1083238965090583,22.42078608151908,51.48978820340204,1.7912588365257531,931.7078016946356,2016-09-15,0,-0.8660254037844385,-0.5000000000000004
2016-09-15,0,0.28915104194829483,15,0.3481043275901715,0.5093996370043368,0.3912567026379764,19.17067634360261,55.63132586004177,1.507012090186709,934.655367144075,2016-09-16,0,-0.8660254037844385,-0.5000000000000004
2016-09-16,0,0.0,14,0.28915104194827707,0.4652280521338374,0.1176613023094613,16.46531929195041,73.31891474671215,2.190571009879821,937.5266486258618,2016-09-17,0,-0.8660254037844385,-0.5000000000000004
2016-09-17,0,0.38273301004933996,15,0.671884051997617,0.7710388500163332,0.3580088349517217,21.49997538755606,68.61121541738454,1.5077348269772444,935.8517666904928,2016-09-18,0,-0.8660254037844385,-0.5000000000000004
2016-09-18,0,5.319527856653822,54,5.702260866703145,6.067109750197323,2.4344878124496,24.27955650882257,63.05113014097814,2.291667249139694,934.8616364457292,2016-09-19,1,-0.8660254037844385,-0.5000000000000004
2016-09-19,1,3.0085551060272704,58,8.710815972730416,9.058920300320604,2.5429182527349514,21.103799891299044,74.28097985687492,1.775039528260472,934.8172171421344,2016-09-20,0,-0.8660254037844385,-0.5000000000000004
2016-09-20,0,0.4147889358427976,38,8.742871898523873,9.414755950521506,0.0833396853537379,17.909201183642093,78.30224329944699,1.9230601876646651,939.3932400140556,2016-09-21,0,-0.8660254037844385,-0.5000000000000004
2016-09-21,0,0.30405786786747635,26,3.7274019097375266,9.718813818388982,0.1192205354969698,15.97000267891435,68.39969352153666,3.244271071316889,938.7869863060145,2016-09-22,0,-0.8660254037844385,-0.5000000000000004
2016-09-22,0,0.2778215388733709,28,0.9966683425836271,9.70748431531406,0.1311435782596911,17.416649410515838,67.17895546710191,2.7932465121122565,941.6965656095203,2016-09-23,0,-0.8660254037844385,-0.5000000000000004
2016-09-23,0,0.0,15,0.5818794067408295,9.70748431531406,0.0221721152188634,19.327461254616725,67.98571888652133,1.7907875013778365,940.4964708546102,2016-09-24,0,-0.8660254037844385,-0.5000000000000004
2016-09-24,0,0.013557135204012454,16,0.2913786740773656,9.338308440468731,0.048346857973099,18.575568413882127,73.92188870048997,1.9514742216291547,939.5305635784488,2016-09-25,0,-0.8660254037844385,-0.5000000000000004
2016-09-25,0,0.6277633221300006,52,0.6413204573339953,4.6465439059449105,0.6527877526841132,16.260078217311502,80.42882511780503,2.086164237022168,934.3970247495092,2016-09-26,1,-0.8660254037844385,-0.5000000000000004
2016-09-26,1,0.24207304453131637,27,0.8833935018653117,1.8800618444489565,0.3489481833703242,16.910027052120345,69.4205616871146,1.955009900603996,935.7519768139884,2016-09-27,1,-0.8660254037844385,-0.5000000000000004
2016-09-27,1,0.0,15,0.8698363666612993,1.4652729086061589,0.02377123690572,16.42426104888057,68.66062744519576,1.923084515615044,936.9178652273388,2016-09-28,1,-0.8660254037844385,-0.5000000000000004
2016-09-28,1,0.0,15,0.2420730445312986,1.1612150407386825,0.0159271500850893,18.464498656754863,67.08609948600824,1.7493275502929817,936.4815436722184,2016-09-29,0,-0.8660254037844385,-0.5000000000000004
2016-09-29,0,0.011031448781935644,16,0.01103144878191788,0.8944249506472473,0.1040586387693994,18.43762777791278,69.37577040222644,1.7112519059141404,934.1392903373018,2016-09-30,0,-0.8660254037844385,-0.5000000000000004
2016-09-30,0,0.026455886630809854,16,0.03748733541272774,0.9208808372780571,0.4504820070362408,17.34435374242909,72.43555449450693,2.668673906387742,935.0016772403352,2016-10-01,0,-1.0,-1.8369701987210297e-16
2016-10-01,0,0.0,5,0.03748733541272774,0.9073237020740448,0.4209920819104377,16.725158624947774,76.96294712729733,3.048529301468258,938.266415663524,2016-10-02,0,-1.0,-1.8369701987210297e-16
2016-10-02,0,1.8259514431694865,7,1.8524073298002786,2.1055118231135306,0.222447728156579,18.348808490898897,73.80178597930812,2.990343000249651,938.8673625500296,2016-10-03,1,-1.0,-1.8369701987210297e-16
2016-10-03,1,8.212054204073326,50,10.038005647242795,10.07549298265554,13.70812395811371,17.042083934232014,85.3852168682241,2.006390755729458,935.5051258984396,2016-10-04,1,-1.0,-1.8369701987210297e-16
2016-10-04,1,3.437407608890185,36,13.47541325613298,13.512900591545725,4.321503221762039,17.80151822648351,85.53096924321267,1.5078134622263293,932.2820836403016,2016-10-05,0,-1.0,-1.8369701987210297e-16
2016-10-05,0,2.243753196278669,11,13.893215009242162,15.756653787824394,3.0378540510021668,17.842479518029528,77.71367648777353,1.9466438424365005,932.6842265204936,2016-10-06,1,-1.0,-1.8369701987210297e-16
2016-10-06,1,0.9212954011469618,15,6.602456206315798,16.66691774018942,1.883947849731712,18.250946682787276,73.65612923197261,2.100214299764952,926.9558576337528,2016-10-07,0,-1.0,-1.8369701987210297e-16
2016-10-07,0,1.1939969685529805,18,4.359045565978594,17.834458822111593,0.5621603244425943,16.39245287942771,74.5963560680801,1.8220203387246687,930.493196311879,2016-10-08,0,-1.0,-1.8369701987210297e-16
2016-10-08,0,0.0,6,2.1152923696999246,17.834458822111593,1.7595766872569372,18.568561015317783,67.06952063810999,1.3506401162453483,933.7374391003872,2016-10-09,0,-1.0,-1.8369701987210297e-16
2016-10-09,0,0.0,6,1.1939969685529628,16.008507378942106,0.6781471380602196,18.63689127826434,68.28229455144584,2.1619807210212683,936.4090049376482,2016-10-10,0,-1.0,-1.8369701987210297e-16
2016-10-10,0,0.019668424436583377,7,0.019668424436565614,7.816121599305362,0.7735157337361791,18.499884906118574,74.4975696557814,2.9520593276832914,939.2263389574142,2016-10-11,0,-1.0,-1.8369701987210297e-16
2016-10-11,0,0.0,6,0.019668424436565614,4.378713990415177,2.7348897965385026,18.998313283556147,76.78779051058477,2.4229013145929432,936.772691641406,2016-10-12,0,-1.0,-1.8369701987210297e-16
2016-10-12,0,1.9324025176833992,8,1.952070942119965,4.067363311819907,0.7674873405686347,20.56689948890696,74.5447520874458,1.630602754926178,935.0585442067244,2016-10-13,1,-1.0,-1.8369701987210297e-16
2016-10-13,1,13.752717104976359,53,15.685119622659741,16.898785015649302,20.36491095961867,21.09724765605906,80.1634296798414,2.326411558234498,934.2467391687838,2016-10-14,1,-1.0,-1.8369701987210297e-16
2016-10-14,1,4.336689502822711,44,20.021809125482452,20.041477549919037,8.058505411107875,20.743807490779385,85.69436959901198,1.6285005052584542,936.5354754462692,2016-10-15,0,-1.0,-1.8369701987210297e-16
2016-10-15,0,5.507792881033934,17,23.597199488832985,25.54927043095297,1.2303068593519906,21.85953708645586,80.65913210523414,1.3049063733297628,936.0526548283106,2016-10-16,0,-1.0,-1.8369701987210297e-16
2016-10-16,0,4.502810070432235,13,14.347292454288862,30.052080501385205,0.4971815097314931,23.915824897938023,72.5311768972927,1.2225097344328224,933.4446844698404,2016-10-17,1,-1.0,-1.8369701987210297e-16
2016-10-17,1,7.000887372906458,9,17.01149032437261,37.03329944985508,3.491854589493701,25.096111271464856,69.19965199395895,1.6867482608112496,932.880894235491,2016-10-18,1,-1.0,-1.8369701987210297e-16
2016-10-18,1,6.7186268328420455,9,18.22232427618072,43.75192628269713,0.9557885103354752,24.44700273714834,71.87411647057452,1.5452052828477587,933.087973453814,2016-10-19,0,-1.0,-1.8369701987210297e-16
2016-10-19,0,4.317563640930562,10,18.037077846679047,46.137087405944285,0.0281056263205547,25.64193954814334,66.69224690233449,1.502158675746223,931.3868784858944,2016-10-20,1,-1.0,-1.8369701987210297e-16
2016-10-20,1,5.945645987191073,31,16.981836460963663,38.330016288159,11.983335465770605,24.539937518734845,72.40979481054268,1.7061544526573986,930.8192608362064,2016-10-21,1,-1.0,-1.8369701987210297e-16
2016-10-21,1,4.518655194911463,32,14.781864823033079,38.511981980247754,10.498472484704775,20.971003901728928,82.12320618334755,2.468430161796592,933.290938653128,2016-10-22,0,-1.0,-1.8369701987210297e-16
2016-10-22,0,1.087368867700603,8,11.551670049803121,34.091557966914415,2.532091738563518,19.061663648426546,82.10619610581635,2.5669525447618926,936.544411354534,2016-10-23,0,-1.0,-1.8369701987210297e-16
2016-10-23,0,0.027859931573605515,6,5.633883994185654,29.61660782805579,1.9196388015803976,21.01426858740584,78.67489608944364,2.223477016199185,936.9213966403968,2016-10-24,0,-1.0,-1.8369701987210297e-16
2016-10-24,0,0.0,5,1.1152287992741907,22.615720455149333,4.549147018497197,22.24375073711643,79.40789950566729,1.562046794739036,934.6780719450248,2016-10-25,1,-1.0,-1.8369701987210297e-16
2016-10-25,1,10.37636413975294,50,10.404224071326528,26.27345776206023,16.725057883379588,20.589743722961284,90.87468798811628,1.4891923341506696,933.8743583793548,2016-10-26,1,-1.0,-1.8369701987210297e-16
2016-10-26,1,1.101727061255981,12,11.478091201008905,23.05762118238565,0.9729497756117804,22.659601194500343,81.07957032212657,1.3652666217277645,931.0736580245714,2016-10-27,1,-1.0,-1.8369701987210297e-16
2016-10-27,1,12.529976128801218,50,24.00806732981012,29.64195132399579,14.827288960490304,21.547058191788384,81.87046847542138,2.5561140789495207,927.4584673219896,2016-10-28,0,-1.0,-1.8369701987210297e-16
2016-10-28,0,2.5022743196554886,11,16.13397750971267,27.62557044873982,0.0155312945104543,18.231887560576265,67.85640352186394,2.102044603644223,932.1317157931696,2016-10-29,0,-1.0,-1.8369701987210297e-16
2016-10-29,0,1.5698497927609507,10,16.602100241217638,28.108051373800166,0.1118525116767317,16.462757243799906,68.42978624063605,3.138180992819785,939.2487099009716,2016-10-30,0,-1.0,-1.8369701987210297e-16
2016-10-30,0,0.0,5,4.072124112416422,28.08019144222656,0.25288756340734,18.37531632291133,73.24441239093267,2.9666794776690404,938.828602176721,2016-10-31,1,-1.0,-1.8369701987210297e-16
2016-10-31,1,0.17633018384612434,6,1.7461799766070574,28.256521626072686,0.9771408598351368,20.98237827526534,71.94629132852563,2.0560270576704416,935.2766723894918,2016-11-01,0,-0.8660254037844386,0.5000000000000001
2016-11-01,0,0.12280251550730553,8,0.29913269935341213,18.00296000182705,0.1338300505694452,22.251119114173527,70.67022579204115,1.8001102967043323,933.5193160903236,2016-11-02,0,-0.8660254037844386,0.5000000000000001
2016-11-02,0,0.4527378230931861,8,0.7518705224465982,17.353970763664254,6.521557966327165,23.20710237929328,67.21062069285733,2.212032845830755,932.5478558637304,2016-11-03,1,-0.8660254037844386,0.5000000000000001
2016-11-03,1,18.667480236086938,42,19.24302057468741,23.491474870949975,6.434845112216693,19.408295476785547,86.18770547727334,1.6815386389968232,936.5439872335364,2016-11-04,0,-0.8660254037844386,0.5000000000000001
2016-11-04,0,3.771604868745328,21,22.891822927925432,24.760805420039816,2.537702221656508,18.28204393828277,86.58878012043063,1.8364523674598623,940.428672900283,2016-11-05,0,-0.8660254037844386,0.5000000000000001
2016-11-05,0,2.9203859376594745,13,25.359471042491723,26.11134156493834,1.8940802189715653,18.32681500555832,81.15797659962672,2.2533066358125837,940.5130445814062,2016-11-06,1,-0.8660254037844386,0.5000000000000001
2016-11-06,1,4.639889834199617,19,11.331880640604401,30.751231399137957,11.945940242989405,20.052907683322854,78.11483443539196,2.1176877583932385,937.6932299886048,2016-11-07,0,-0.8660254037844386,0.5000000000000001
2016-11-07,0,3.3393998571282304,15,10.899675628987303,33.91430107242006,1.857252842081622,20.80673303696374,76.81282849374686,1.5620177375170694,935.1441140054044,2016-11-08,0,-0.8660254037844386,0.5000000000000001
2016-11-08,0,2.279871940799027,11,10.259161632126856,36.07137049771178,1.8475123628492376,21.32457708539924,73.30355275935156,1.6102583155814354,933.4986223597666,2016-11-09,1,-0.8660254037844386,0.5000000000000001
2016-11-09,1,11.035538885184518,22,16.65481068311176,46.65417155980312,16.32869354346786,22.3022215425545,72.360804725303,2.1792824652790403,932.054353283158,2016-11-10,1,-0.8660254037844386,0.5000000000000001
2016-11-10,1,8.340006876213979,39,21.655417702197507,36.326698199930156,6.204741389291336,22.277488547711776,76.69064583238958,1.8881392624591853,931.9468543558517,2016-11-11,0,-0.8660254037844386,0.5000000000000001
2016-11-11,0,2.824790075020458,20,22.20033583641894,35.37988340620529,3.269385883238011,23.05202209217708,73.4665710963229,1.6507018484026237,930.798768072764,2016-11-12,0,-0.8660254037844386,0.5000000000000001
2016-11-12,0,5.60000005914212,18,16.76479701037654,38.05949752768793,6.817181236171499,19.22882173966636,83.47025609741978,3.0739940265408343,933.0332149985518,2016-11-13,1,-0.8660254037844386,0.5000000000000001
2016-11-13,1,16.668129649177565,48,25.09291978334013,50.08773734266588,15.978717435997837,17.83193004988856,91.6296671171331,2.1342013488748064,933.295636891734,2016-11-14,1,-0.8660254037844386,0.5000000000000001
2016-11-14,1,9.054475272491507,49,31.322604980811178,55.802812758029155,14.79984791138286,18.60927794294522,89.29530585056158,2.283249256339048,929.0483625052289,2016-11-15,1,-0.8660254037844386,0.5000000000000001
2016-11-15,1,3.6860387911922508,27,29.40864371286131,57.208979608422375,2.301307193299952,20.12599095519918,84.98102498956214,1.9818858990525128,925.9525422476283,2016-11-16,1,-0.8660254037844386,0.5000000000000001
2016-11-16,1,5.541347057795292,18,18.281861121479036,51.71478778103315,3.564562212402502,21.351063290993647,77.65731516052541,1.5476581418355708,926.1992047136872,2016-11-17,1,-0.8660254037844386,0.5000000000000001
2016-11-17,1,5.11981137210783,37,14.34719722109536,48.49459227692701,7.44869357025507,22.073678567191266,79.07811930073136,1.588491559042611,928.5101795976354,2016-11-18,0,-0.8660254037844386,0.5000000000000001
2016-11-18,0,2.048360434530583,14,12.70951886443369,47.718162636437135,1.2107215486075995,18.430528399234724,83.63998787869124,2.405553317043234,931.0324580656302,2016-11-19,0,-0.8660254037844386,0.5000000000000001
2016-11-19,0,2.014021366959478,15,9.182193173597877,44.132183944254486,0.2983222191730363,15.720347563582576,69.99033625515457,3.1218288941657413,934.3671181734304,2016-11-20,0,-0.8660254037844386,0.5000000000000001
2016-11-20,0,0.502765112961493,8,4.56514691445154,27.966819408038415,0.0,17.358688207470735,67.570267982133,1.8035227652379624,933.8033776296836,2016-11-21,0,-0.8660254037844386,0.5000000000000001
2016-11-21,0,0.4601341209936367,8,2.9769206009145934,19.372478256540546,0.0630743001389741,20.144568399976656,65.37944583485844,1.3755655404792126,932.9273628040884,2016-11-22,0,-0.8660254037844386,0.5000000000000001
2016-11-22,0,0.424891878770179,9,1.3877911127252944,16.111331344118476,2.064975646158863,20.63808953344158,68.9620805389169,1.7702507761264434,932.3068759492328,2016-11-23,0,-0.8660254037844386,0.5000000000000001
2016-11-23,0,1.7354998079190271,15,2.620525807682829,12.305484094242209,2.162723061997471,20.617633446340307,82.79253055270387,1.1892405496717509,931.3633977747328,2016-11-24,0,-0.8660254037844386,0.5000000000000001
2016-11-24,0,0.22383921468426235,8,2.3842309013734546,7.4095119368186415,0.9919064780692128,21.672814561034507,77.6076392103529,1.5034731576345863,933.9014908940176,2016-11-25,1,-0.8660254037844386,0.5000000000000001
2016-11-25,1,0.05533148944450198,8,2.0146705120477773,5.41648299173256,0.0078440868206307,22.12356112404602,73.30022620122159,1.9471379976777508,935.577713677626,2016-11-26,0,-0.8660254037844386,0.5000000000000001
2016-11-26,0,0.0,7,0.2791707041287501,3.4024616247730823,0.0064839415776019,22.592627032690004,74.9425703118602,1.6000600567614702,934.7120369132532,2016-11-27,0,-0.8660254037844386,0.5000000000000001
2016-11-27,0,2.228108491054665,10,2.283439980499153,5.127805002866254,0.5870556453330955,23.199696064364577,75.17206833794606,1.3351493546454265,933.6428844118974,2016-11-28,1,-0.8660254037844386,0.5000000000000001
2016-11-28,1,9.70652717152171,18,11.934635662576362,14.374198053394327,8.88392881831997,23.526341653551462,79.57697939815287,1.187885097007623,932.9597189136232,2016-11-29,1,-0.8660254037844386,0.5000000000000001
2016-11-29,1,26.450409854951072,42,38.38504551752743,40.39971602957522,6.631006558829318,21.90056188043005,84.94995756340089,1.7877451405757987,933.344227132712,2016-11-30,0,-0.8660254037844386,0.5000000000000001
2016-11-30,0,7.336856065337607,25,43.49379309181038,46.001072286993804,1.112798400100969,17.859289285089822,81.39480867040562,3.4172036247735345,936.5491904147508,2016-12-01,0,-0.5000000000000004,0.8660254037844384
2016-12-01,0,2.3309373614582407,17,36.11820328174691,48.10817043376778,0.1967601315118946,18.74684774013591,76.32710080614828,2.7607403851579644,937.8128114256692,2016-12-02,0,-0.5000000000000004,0.8660254037844384
2016-12-02,0,2.36193314550495,15,12.029726572300785,50.414772089828226,0.0064839415776019,21.294569728656445,74.81397267715474,1.9003030079539756,936.5189517028246,2016-12-03,1,-0.5000000000000004,0.8660254037844384
2016-12-03,1,9.79562185877796,38,14.488492365741138,60.21039394860618,12.221971787798608,21.529857291585092,82.03777498001234,1.854395383373998,931.728772511458,2016-12-04,0,-0.5000000000000004,0.8660254037844384
2016-12-04,0,5.871948626201663,23,18.029503630484562,63.854234083753184,3.996263992395234,21.99004018775238,79.15526674560364,2.676503725667013,926.2772181309808,2016-12-05,1,-0.5000000000000004,0.8660254037844384
2016-12-05,1,4.067941084221432,30,19.73551156920104,58.2156479964529,3.1454681433601364,20.50305504917496,75.94537993340444,2.3370978276035363,927.7678789405818,2016-12-06,0,-0.5000000000000004,0.8660254037844384
2016-12-06,0,0.19948942364128672,9,10.139379134064368,31.96472756514312,0.0290404615067709,21.591170027565752,64.7361866736976,1.5146892800687837,931.0232531176662,2016-12-07,0,-0.5000000000000004,0.8660254037844384
2016-12-07,0,3.4038979378137477,25,7.671328445676454,28.031769437619264,3.465380540722076,22.280845144318494,70.1985660850157,1.3778602555539154,930.9296273074513,2016-12-08,0,-0.5000000000000004,0.8660254037844384
2016-12-08,0,0.5984682709238602,9,4.201855632378882,26.29930034708488,3.326070188960094,22.963759203842397,75.68797204409248,1.410128060201464,930.3972185140374,2016-12-09,0,-0.5000000000000004,0.8660254037844384
2016-12-09,0,0.8311244345947968,13,4.833490643332393,24.768491636174726,11.000548906577473,22.480131408134184,81.11651171570914,1.4180582445153922,930.2988910489546,2016-12-10,0,-0.5000000000000004,0.8660254037844384
2016-12-10,0,4.946257490913286,28,6.375850196431931,19.919127268310056,9.80778066028915,22.79285498921001,83.35588500437444,1.3005258693142796,930.097643233752,2016-12-11,0,-0.5000000000000004,0.8660254037844384
2016-12-11,0,10.649064311648715,44,16.426446237156785,24.696242953757107,10.453461808688711,22.717491457386338,87.59842772347396,1.5725367027952408,928.8464139840354,2016-12-12,1,-0.5000000000000004,0.8660254037844384
2016-12-12,1,23.34148836701642,48,38.93681016957841,43.9697902365521,13.718570254807238,21.7798876661404,90.24178018136487,1.330216683319299,928.139982130034,2016-12-13,1,-0.5000000000000004,0.8660254037844384
2016-12-13,1,5.431528016741721,18,39.42208069540685,49.20182882965253,0.713988618844322,23.61981850438726,82.19924407290765,1.134565400056968,928.5678681744496,2016-12-14,0,-0.5000000000000004,0.8660254037844384
2016-12-14,0,2.078179073235032,12,30.851195456993164,47.876109965073816,0.2809811676071392,22.632930819046067,82.15100567211535,1.89144609923918,931.666853740757,2016-12-15,0,-0.5000000000000004,0.8660254037844384
2016-12-15,0,1.6652387283077383,24,9.174945818284481,48.94288042245769,0.821231651100648,18.15018437651809,80.86865480313071,3.7822674814212447,938.1758116457528,2016-12-16,0,-0.5000000000000004,0.8660254037844384
2016-12-16,0,0.5013022930503177,11,4.244720094593077,48.613058280913215,0.1554437829758719,18.469510919413697,74.40140593399174,2.823591194287729,940.4527867140677,2016-12-17,0,-0.5000000000000004,0.8660254037844384
2016-12-17,0,1.0369967894334708,10,3.2035378107915164,44.70379757943339,3.0237623540074106,20.92463708447253,72.2042084732604,2.339119478098604,938.3829723990436,2016-12-18,1,-0.5000000000000004,0.8660254037844384
2016-12-18,1,9.920240513740962,22,11.45853959622474,43.97497378152565,10.664766068197933,21.68707975869647,75.24181952784112,1.82835636790409,935.5581579188196,2016-12-19,0,-0.5000000000000004,0.8660254037844384
2016-12-19,0,6.151537727189633,24,17.108775030364058,26.785023141698858,12.538407718361736,21.148128247977663,79.92825404736213,1.6205653001087432,933.973046882164,2016-12-20,1,-0.5000000000000004,0.8660254037844384
2016-12-20,1,4.986491152719442,26,21.05826939365003,26.339986277676577,5.275992934311602,21.703744656817367,76.30532586067629,1.8698178038753657,933.2151130354382,2016-12-21,1,-0.5000000000000004,0.8660254037844384
2016-12-21,1,16.214752108273032,36,27.352780988182097,40.47655931271458,5.4306632151136105,21.78207096272157,77.55215230550702,1.457239644140634,933.3286606799638,2016-12-22,0,-0.5000000000000004,0.8660254037844384
2016-12-22,0,6.490387900553764,23,27.691631161546226,45.301708484960606,1.837137203705116,22.57253678754757,75.51928073701329,1.2953866713211306,935.845241540952,2016-12-23,1,-0.5000000000000004,0.8660254037844384
2016-12-23,1,4.0693998282360075,30,26.774539837062793,48.86980602014629,5.764484396216709,24.146718380439104,69.88805560269068,1.2452165697051265,934.8000997494264,2016-12-24,0,-0.5000000000000004,0.8660254037844384
2016-12-24,0,2.8823711562849668,41,13.442158885074727,50.715180386997794,2.878388758097973,24.243242471035984,67.95870208861655,1.6028927789287728,933.7578357932586,2016-12-25,0,-0.5000000000000004,0.8660254037844384
2016-12-25,0,0.4106888127073287,10,7.362459797228293,41.20562868596416,4.845591406914716,24.112702878747104,70.43248145574111,1.5810358928052308,932.0926256118548,2016-12-26,0,-0.5000000000000004,0.8660254037844384
2016-12-26,0,0.49710148020937145,11,3.790161449201656,35.5511924389839,0.2132397781726711,24.82955014588152,69.66151216592411,1.3464798902072972,931.5260699877708,2016-12-27,0,-0.5000000000000004,0.8660254037844384
2016-12-27,0,0.0,9,0.9077902929166894,30.56470128626445,1.7416218072685608,25.81490748691563,68.39764727827243,1.3553266553213947,932.5271023283042,2016-12-28,1,-0.5000000000000004,0.8660254037844384
2016-12-28,1,10.096068501576466,17,10.593169981785827,24.446017679567888,5.183055045776452,25.259721692408025,71.563361577602,1.61323917295441,940.7576022457642,2016-12-29,1,-0.5000000000000004,0.8660254037844384
2016-12-29,1,13.421013664581924,24,23.51708216615838,31.37664344359605,0.3805910496442112,25.230760529241653,72.98156710931978,1.629703279377781,940.9644189692935,2016-12-30,0,-0.5000000000000004,0.8660254037844384
2016-12-30,0,6.832483561011945,19,30.349565727170326,34.139727176371984,2.8864664669794813,25.08697772853598,72.14854044298885,1.4796667906556082,940.5336333771166,2016-12-31,0,-0.5000000000000004,0.8660254037844384
2016-12-31,0,1.6380059971436876,17,21.891503222737548,32.8953620172307,7.829164272946079,24.656908552205543,73.78090168968085,1.4704098084256656,940.4460120237172,2017-01-01,0,0.0,1.0
2017-01-01,0,1.239686049889067,10,9.71017560804469,33.72435925441244,3.930774945253716,24.58845221879138,73.03140324092628,1.6924796256550485,933.0280888192044,2017-01-02,1,0.0,1.0
2017-01-02,1,3.108945234176359,12,5.986637281209103,36.33620300837943,7.552498230599414,23.96282267834204,75.58078484771258,1.2712775410403867,932.233962512388,2017-01-03,1,0.0,1.0
2017-01-03,1,8.129298294820298,18,12.477929578885714,44.46550130319973,18.03912926215764,23.508064552188262,78.61566181195613,1.6789606234455818,932.425309300618,2017-01-04,0,0.0,1.0
2017-01-04,0,3.765424431525101,14,15.003667960521748,38.13485723314836,1.245327682703634,23.58025260688205,74.68847823843872,1.797874447062941,932.8198926145204,2017-01-05,0,0.0,1.0
2017-01-05,0,2.7118003019121892,13,14.606523028257577,27.42564387047863,2.7536842185758807,23.97104691465927,77.02833570623359,1.3465716661394806,933.89001579171,2017-01-06,0,0.0,1.0
2017-01-06,0,0.6456295400264345,11,7.122854273463714,21.23878984949312,8.749650430204285,23.180979771738272,79.09757943880061,1.219030592697683,934.5696685108426,2017-01-07,1,0.0,1.0
2017-01-07,1,0.44801705955500154,10,3.8054469014936148,20.048800911904433,5.092880068275646,23.14179158281441,82.6426229926289,1.299598160900608,934.5322133455466,2017-01-08,1,0.0,1.0
2017-01-08,1,6.615549216574519,17,7.709195816155944,25.424664078589885,1.8801842792637955,24.219320634629437,77.94957266565082,1.2401191757294785,932.3724360205084,2017-01-09,1,0.0,1.0
2017-01-09,1,6.038640288588032,17,13.102206564717541,28.354359133001555,6.332545783879741,24.333224903973623,77.80122120819746,1.4218932619670994,930.752016989374,2017-01-10,1,0.0,1.0
2017-01-10,1,8.442464592071,21,21.09665409723354,28.667525430252255,17.96178849796248,23.66338860155025,80.30009400260556,1.519967295042259,930.4113917204254,2017-01-11,1,0.0,1.0
2017-01-11,1,2.364443334162689,13,16.84554821482171,27.266544332889847,7.531832246081891,23.68167543457789,81.53351896610208,1.2860865585487926,931.2854299513532,2017-01-12,1,0.0,1.0
2017-01-12,1,2.939138635962285,17,13.746046562195964,27.493882666939943,4.1328009496187565,22.496962184732343,84.52206505589251,1.742587961887614,932.774589229464,2017-01-13,0,0.0,1.0
2017-01-13,0,1.5501500902736671,13,6.853732060398633,28.398403217187173,2.4778598322237,22.01431775310145,82.03922695382282,1.4140452519481166,932.6703504539304,2017-01-14,0,0.0,1.0
2017-01-14,0,1.1258915908553537,11,5.615180317091297,29.076277748487527,1.220474112865196,23.498821928821958,77.10098541859969,1.273521721094965,930.519160126498,2017-01-15,1,0.0,1.0
2017-01-15,1,2.94426974318313,11,5.620311424312142,25.404998275096137,8.64278552795427,23.464075089711475,78.54286470819511,1.4139130817670909,930.1131211427684,2017-01-16,1,0.0,1.0
2017-01-16,1,49.32142857110722,28,53.39158990514569,68.68778655761533,29.12152789338049,22.947921449775414,84.19551830926713,1.862793783720055,930.5796939351794,2017-01-17,1,0.0,1.0
2017-01-17,1,27.502305117469554,46,79.7680034317599,87.74762708301388,23.699285162237143,21.68811359747732,87.88478606397366,1.883760008510214,929.8907900412114,2017-01-18,1,0.0,1.0
2017-01-18,1,22.78779043647217,48,99.61152412504893,108.17097418532336,32.114168454255335,21.488257855675972,90.85435334981618,1.400170782409406,930.8188290935514,2017-01-19,1,0.0,1.0
2017-01-19,1,10.746408750477437,36,61.036504304419154,115.97824429983851,21.000957583708413,21.4399336100756,90.54758487338567,0.8749905848474832,941.6623143611408,2017-01-20,1,0.0,1.0
2017-01-20,1,23.37166440286239,45,56.90586358981199,137.79975861242724,14.51659006937755,20.861026552695854,89.94373774143804,0.9772511883813354,943.903509505152,2017-01-21,1,0.0,1.0
2017-01-21,1,23.150762438606836,44,57.268835591946655,159.82462946017873,27.44609296876057,20.991144097523417,89.81570346871045,1.0144823345027454,943.4457120413792,2017-01-22,1,0.0,1.0
2017-01-22,1,10.273190478609429,44,56.79561732007865,167.15355019560502,9.71981882104008,20.126560476572127,89.59377926664172,1.124316253537397,937.5896460879924,2017-01-23,1,0.0,1.0
2017-01-23,1,8.94389399542369,28,42.36784691263995,126.77601561992148,5.2382362668565765,21.08407674681744,84.77911295998756,0.9656231498289608,929.5098898677396,2017-01-24,1,0.0,1.0
2017-01-24,1,7.426456427160754,26,26.643540901193866,106.70016692961269,4.529228832808848,22.850533554591863,80.00945655215723,1.41899551736659,929.3723070860116,2017-01-25,0,0.0,1.0
2017-01-25,0,7.799756473507154,22,24.17010689609159,91.71213296664767,4.928981350373952,23.03472711573686,79.6393647479644,1.820216250343552,929.0396388253412,2017-01-26,1,0.0,1.0
2017-01-26,1,6.008785869016872,20,21.234998769684772,86.9745100851871,13.387405417781068,21.57960257698241,86.80513429555772,1.1399526732753815,929.2585732903132,2017-01-27,1,0.0,1.0
2017-01-27,1,8.860044065270616,20,22.668586407794635,72.46288974759533,7.881504585969002,21.55033963630298,87.81601674890986,0.882069980768697,931.3275593912696,2017-01-28,1,0.0,1.0
2017-01-28,1,5.642583429836669,17,20.511413364124152,54.95471073882516,0.3509505810181965,23.36402146650785,78.98841032471671,1.677315103106357,932.9505996868502,2017-01-29,0,0.0,1.0
2017-01-29,0,3.0202668128509838,15,17.522894307958264,47.70178707306672,0.4745389021354598,23.93287328031055,73.2206855418704,1.7590098603172082,933.2593283244936,2017-01-30,0,0.0,1.0
2017-01-30,0,3.524142299309891,14,12.186992541997537,42.28203537695292,3.2007534831693447,23.23601934429221,77.07692548928958,2.096214417843042,932.584902487857,2017-01-31,1,0.0,1.0
2017-01-31,1,0.28093382200070405,9,6.825342934161572,35.13651277179287,11.477045299291865,22.551571907689397,77.67649212275082,1.7812249124800883,931.5796333538254,2017-02-01,1,0.49999999999999994,0.8660254037844387
2017-02-01,1,18.031334746626467,38,21.836410867937055,45.368091044912184,11.196300884495969,21.32025526081839,83.1566901059366,1.220249740192101,929.1323434033562,2017-02-02,0,0.49999999999999994,0.8660254037844387
2017-02-02,0,5.731702655505491,41,24.043971224132655,45.0910078314008,10.618761721080478,21.5245558113992,83.35260498786818,1.6058492154352288,927.347197131989,2017-02-03,0,0.49999999999999994,0.8660254037844387
2017-02-03,0,4.7837321184438535,32,28.546769520575804,41.01469588457404,5.844700308429997,22.187219574534147,82.15754905136009,1.8019438392517892,927.6745346352596,2017-02-04,1,0.49999999999999994,0.8660254037844387
2017-02-04,1,11.822124264240644,42,22.33755903818998,47.19423671897801,5.243211166068927,22.82582235995352,82.0193308036354,1.3306889547587255,927.7921005120804,2017-02-05,0,0.49999999999999994,0.8660254037844387
2017-02-05,0,3.818770613079178,19,20.42462699576367,47.99274051920621,3.625095272944275,24.02599684144795,76.66761925543948,1.4018903567382897,927.0781547599328,2017-02-06,1,0.49999999999999994,0.8660254037844387
2017-02-06,1,19.22277791084695,32,34.86367278816677,63.69137613074327,2.5363570244356657,24.03766533786717,76.0413205248035,1.4923540375423532,925.803203093906,2017-02-07,1,0.49999999999999994,0.8660254037844387
2017-02-07,1,5.902995002048236,32,28.94454352597436,69.3134373107908,1.5156653680119756,23.25251217493881,79.37269380823878,1.642294863418766,926.5944675257792,2017-02-08,0,0.49999999999999994,0.8660254037844387
2017-02-08,0,2.3115714078758294,17,27.437344320771007,53.593673972040165,0.5161258069739191,23.51932115976083,74.63495164233183,2.285903188741971,928.7847867619972,2017-02-09,0,0.49999999999999994,0.8660254037844387
2017-02-09,0,3.857549536224212,14,12.07211594614827,51.71952085275888,0.0723727707109635,22.72858020967312,69.20505513859814,2.461764567382781,929.965214797126,2017-02-10,1,0.49999999999999994,0.8660254037844387
2017-02-10,1,1.661285124291823,13,7.8304060683918575,48.597073858606855,5.472324053833164,22.93713381731344,71.59621620283934,2.166885584504864,929.1836120221768,2017-02-11,0,0.49999999999999994,0.8660254037844387
2017-02-11,0,1.2279774146621065,12,6.746812075178134,38.00292700902832,0.0677986827059048,24.29745476770384,70.09559872944779,1.9282051408838663,927.965383412014,2017-02-12,0,0.49999999999999994,0.8660254037844387
2017-02-12,0,2.9123043804747826,16,5.801566919428705,37.09646077642392,1.5309756744629883,24.78247909482632,69.40750932427798,2.073152564584958,926.7191010763316,2017-02-13,0,0.49999999999999994,0.8660254037844387
2017-02-13,0,0.02232228826193106,7,4.162604083398813,17.8960051538389,1.0094752515323568,24.71411903114332,65.04364426681256,2.066397273123099,927.685306216524,2017-02-14,0,0.49999999999999994,0.8660254037844387
2017-02-14,0,0.04123427075431932,8,2.975860939491026,12.034244422544983,0.0,25.202204141156084,63.63432757381741,2.2880791842232684,931.4499481692476,2017-02-15,0,0.49999999999999994,0.8660254037844387
2017-02-15,0,2.8036583450402217,6,2.867214904056465,12.526331359709374,0.1331036477745975,24.939217702333305,67.18108724083056,1.5373900864293142,934.3041418402986,2017-02-16,0,0.49999999999999994,0.8660254037844387
2017-02-16,0,0.0,6,2.844892615794534,8.668781823485162,0.0266013328574618,24.781824846171894,68.6216536651571,1.647551628959099,932.833071789899,2017-02-17,0,0.49999999999999994,0.8660254037844387
2017-02-17,0,0.24694990383583879,8,3.0506082488760535,7.254446603029178,0.3677049331986735,24.776883402403424,68.46019251543106,1.3035079280728428,930.1579849923272,2017-02-18,0,0.49999999999999994,0.8660254037844387
2017-02-18,0,0.0,5,0.24694990383583168,6.026469188367072,3.8767035686601488,24.930788662553383,69.85802627644419,1.4691885635258417,930.0276570152104,2017-02-19,0,0.49999999999999994,0.8660254037844387
2017-02-19,0,0.0,6,0.24694990383583168,3.1141648078922897,0.4368111248786166,25.45897683632985,65.62704297220274,1.2567105332101518,931.2925074318672,2017-02-20,0,0.49999999999999994,0.8660254037844387
2017-02-20,0,0.0,6,0.0,3.0918425196303585,0.0318543001701786,24.694629415913926,67.6360328670301,1.980049241001603,932.4242171007628,2017-02-21,0,0.49999999999999994,0.8660254037844387
2017-02-21,0,0.0,6,0.0,3.0506082488760393,0.0064839415776019,24.221888909194817,67.08973443221963,2.14864505532584,932.5745985784343,2017-02-22,1,0.49999999999999994,0.8660254037844387
2017-02-22,1,15.767200357782977,18,15.76720035778297,16.014150261618795,1.6132224606526655,24.011662626247865,70.16502485069579,1.618769901830042,931.2248863720548,2017-02-23,0,0.49999999999999994,0.8660254037844387
2017-02-23,0,9.684785421821331,17,25.4519857796043,25.698935683440126,0.5546339192429335,24.84596885741083,66.48868305341239,1.4033194380504372,930.0083981592608,2017-02-24,1,0.49999999999999994,0.8660254037844387
2017-02-24,1,29.494560211032542,32,54.94654599063684,54.946545990636835,14.846005057761026,22.91361352907697,75.46106372795735,1.5076450375744654,929.0629157002152,2017-02-25,1,0.49999999999999994,0.8660254037844387
2017-02-25,1,10.508975353443905,36,49.68832098629777,65.45552134408074,10.211412713486643,20.577276775655093,85.58625743181757,1.1191000993789102,928.7196368706786,2017-02-26,1,0.49999999999999994,0.8660254037844387
2017-02-26,1,5.595710043198951,23,45.59924560767539,71.05123138727969,13.911052239540265,21.418507435383606,83.96654720943876,0.9840400925011716,928.857890756498,2017-02-27,0,0.49999999999999994,0.8660254037844387
2017-02-27,0,3.6638191513129827,22,19.768504547955832,74.71505053859266,0.7563523283458798,22.35522071652573,80.4276989680953,1.268226776373641,928.2546604378392,2017-02-28,1,0.49999999999999994,0.8660254037844387
2017-02-28,1,2.410869001392519,13,11.670398195904445,77.12591953998519,2.169730250541158,23.44899570680984,75.75232853311226,1.3732520559640111,926.2732195033212,2017-03-01,1,0.8660254037844386,0.5000000000000001
2017-03-01,1,2.826606839596143,8,8.901294992301636,64.18532602179835,5.616712603497536,24.10672797430512,74.28982756920342,1.711170436190537,925.5374101194913,2017-03-02,1,0.8660254037844386,0.5000000000000001
2017-03-02,1,6.516505522900144,16,11.753981363888798,61.01704612287716,7.019707986937863,23.246575392480235,80.0504887082422,1.195861318708252,928.1746924366852,2017-03-03,0,0.8660254037844386,0.5000000000000001
2017-03-03,0,7.432838758527408,38,16.775951121023688,38.95532467037203,14.239266641864267,22.3137064617638,87.18581496749815,1.2113267908919216,930.0854364957734,2017-03-04,0,0.8660254037844386,0.5000000000000001
2017-03-04,0,2.2615641217646334,22,16.210908403192178,30.70791343869276,8.4489247309276,23.09718913497048,82.59791744997673,1.520433886464384,927.7516799021594,2017-03-05,1,0.8660254037844386,0.5000000000000001
2017-03-05,1,17.964466859672505,25,27.65886973996454,43.07667025516631,7.294155220485745,22.904814383808816,85.06741218570376,1.3389512095500822,926.0133002457092,2017-03-06,1,0.8660254037844386,0.5000000000000001
2017-03-06,1,16.664407610613168,45,36.8904385920503,56.0772587144665,27.104095276986538,22.08754754362885,88.3041049408481,1.0471961463087105,927.762264198698,2017-03-07,1,0.8660254037844386,0.5000000000000001
2017-03-07,1,17.47063000551105,36,52.099504475796714,71.13701971858504,2.9359503241817966,23.150292693649604,81.5195800628275,1.2022882428727066,929.704858370356,2017-03-08,1,0.8660254037844386,0.5000000000000001
2017-03-08,1,9.850082497756944,42,43.98512011388115,78.16049537674584,10.260908022574789,23.03163482610849,81.38177924074091,1.6173238187154255,930.159034124604,2017-03-09,0,0.8660254037844386,0.5000000000000001
2017-03-09,0,5.704460366107404,18,33.02517286937539,77.3484502199531,0.2683255453266264,24.35552171904881,74.20008549159087,1.534183444852037,928.8758896567392,2017-03-10,1,0.8660254037844386,0.5000000000000001
2017-03-10,1,7.048791206963709,16,22.603334070828048,76.9644026683894,3.017919969679046,24.968554664311487,74.63551562383616,1.2605122439926673,929.1868928687612,2017-03-11,0,0.8660254037844386,0.5000000000000001
2017-03-11,0,4.919890405540197,17,17.6731419786113,79.62272895216496,3.670046622225085,23.99547313851617,76.52424299020102,1.6881967077833242,930.0915898852228,2017-03-12,0,0.8660254037844386,0.5000000000000001
2017-03-12,0,3.0690727807866787,12,15.037754393290577,64.72733487327913,0.3364126415525115,24.92460895907812,71.70888930143705,1.6498701189963236,929.20013460034,2017-03-13,0,0.8660254037844386,0.5000000000000001
2017-03-13,0,1.9611990111746385,10,9.950162197501507,50.0241262738406,0.5798255115939877,22.961797938522977,77.96296872352227,1.7613708666655887,929.1507587589242,2017-03-14,0,0.8660254037844386,0.5000000000000001
2017-03-14,0,7.371711591597247,15,12.401983383558557,39.9252078599268,4.588350550436533,21.98970451825597,81.37342781564095,1.9607562047854123,930.8789419139324,2017-03-15,0,0.8660254037844386,0.5000000000000001
2017-03-15,0,2.192559421827921,14,11.5254700245998,32.26768478399777,8.346850701062662,22.69159604780308,79.11324517434409,1.6134481267180838,935.3038720862824,2017-03-16,0,0.8660254037844386,0.5000000000000001
2017-03-16,0,0.7578276659513563,5,10.322098679376518,27.321052083841725,0.56994288017571,23.554685015330207,73.76527521147412,1.5442524365963055,934.0864181616204,2017-03-17,1,0.8660254037844386,0.5000000000000001
2017-03-17,1,13.088136724636499,31,16.038523812415768,33.360397601514514,18.88993338921547,22.673728560327365,80.16640950390715,1.5473812659227115,933.547622168898,2017-03-18,0,0.8660254037844386,0.5000000000000001
2017-03-18,0,6.375831151972688,35,20.221795542560535,34.81633834794701,12.291095455090923,20.019111971480164,87.58323738669179,2.267826210337806,935.9678731509337,2017-03-19,0,0.8660254037844386,0.5000000000000001
2017-03-19,0,1.6531913269612024,37,21.11715920357038,33.40045689412153,12.672033765386969,18.65814555032942,89.50651706030342,1.6328771283572845,936.7582712310472,2017-03-20,0,0.8660254037844386,0.5000000000000001
2017-03-20,0,0.470532568977807,8,8.49955504791169,31.9097904519247,3.385951654991828,19.67011859569198,79.42356376820156,2.3949392195794466,937.433904613692,2017-03-21,0,0.8660254037844386,0.5000000000000001
2017-03-21,0,0.040162860927101994,6,2.163886756866104,24.578241721254553,0.4641457022821676,19.362935720956564,76.04905427426334,2.173220021618014,938.86459159643,2017-03-22,0,0.8660254037844386,0.5000000000000001
2017-03-22,0,0.03623849668853412,6,0.546933926593436,22.421920796115167,0.1202238366618856,20.555102895170585,73.03155960954064,1.8652107553923525,938.6823232093336,2017-03-23,0,0.8660254037844386,0.5000000000000001
2017-03-23,0,0.12870919647691006,7,0.2051105540925391,21.79280232664072,0.0600324040789884,20.769749852407426,72.02306366502401,1.549690718212338,936.6333378209696,2017-03-24,0,0.8660254037844386,0.5000000000000001
2017-03-24,0,0.10954525563331927,6,0.27449294879875635,8.81421085763754,0.0585009024648952,21.804123909849874,72.74688241183023,1.320622878876743,934.1412279986102,2017-03-25,0,0.8660254037844386,0.5000000000000001
2017-03-25,0,1.6768828066844577,10,1.91513725879468,4.115262512349311,3.244997874029539,21.758876326522604,76.97786485349327,1.5209111604209204,933.379583333454,2017-03-26,0,0.8660254037844386,0.5000000000000001
2017-03-26,0,0.0,7,1.7864280623177697,2.4620711853881083,0.0320925869088606,20.599791496365302,75.55357532992373,1.8823272170047516,934.1414361533276,2017-03-27,0,0.8660254037844386,0.5000000000000001
2017-03-27,0,0.22801338264347146,10,1.904896189327922,2.219551999053773,1.3683020529766057,19.480897847433365,81.74341130225781,1.211440867977914,934.8859749010786,2017-03-28,0,0.8660254037844386,0.5000000000000001
2017-03-28,0,1.3675453277436558,22,1.59555871038712,3.5469344658703266,1.3278040266820224,20.50040026170183,76.84930213349571,2.161149259795479,935.50243759892,2017-03-29,0,0.8660254037844386,0.5000000000000001
2017-03-29,0,1.3098912356311543,31,2.9054499460182743,4.820587204812947,0.6710954363305567,19.747935909177198,72.58539274365349,2.5669872835874896,936.2671496649068,2017-03-30,0,0.8660254037844386,0.5000000000000001
2017-03-30,0,0.8848576658044233,20,3.5622942291792263,5.57673567414046,0.3641508845673351,19.25153507568013,74.60178741221995,1.938282633726237,935.4383635706168,2017-03-31,0,0.8660254037844386,0.5000000000000001
2017-03-31,0,0.6191151934285622,18,2.8138640948641322,6.086305611935703,1.3199945482689093,18.40533000920196,75.46791601648626,2.117803824340415,937.056618758083,2017-04-01,0,1.0,6.123233995736766e-17
2017-04-01,0,6.0894197032481845,5,7.593392562481163,10.49884250849943,0.8660442163566865,18.24386103235997,75.04582569095537,2.535017686410786,938.2623982024368,2017-04-02,0,1.0,6.123233995736766e-17
2017-04-02,0,2.554724477532338,24,9.263259374209078,13.053566986031768,0.4282677319626241,19.146430280475364,75.59369767152832,2.04133423145358,936.2453149896046,2017-04-03,0,1.0,6.123233995736766e-17
2017-04-03,0,4.62806360453358,4,13.272207785314095,17.453617207921877,0.106452240004129,20.334109492154152,73.359781284075,1.3932009654168551,934.980746670448,2017-04-04,0,1.0,6.123233995736766e-17
2017-04-04,0,2.1539315217513315,4,9.336719603817242,18.240003401929552,0.0240326560002331,21.46837065794096,71.99782709934667,1.253909154715,934.6253264804204,2017-04-05,0,1.0,6.123233995736766e-17
2017-04-05,0,6.135627056022925,4,12.91762218230783,23.06573922232132,0.6562876271133079,22.54840171832666,68.95655202064376,1.5108254990299277,933.683434091546,2017-04-06,1,1.0,6.123233995736766e-17
2017-04-06,1,14.31277446397866,79,22.60233304175291,36.49365602049556,25.035691764335397,21.43033937922645,85.49290362833804,1.3659538822061772,933.7774612999436,2017-04-07,1,1.0,6.123233995736766e-17
2017-04-07,1,73.82516762375187,81,94.27356914375345,109.69970845081886,40.44377911743084,21.01937880990802,91.28587123420394,1.2399418675093643,934.3624597192286,2017-04-08,0,1.0,6.123233995736766e-17
2017-04-08,0,7.508536364660425,22,95.64647845239095,111.11882511223111,0.518149988571753,22.35320604319845,84.51307402713849,1.4398616421024837,935.8360404878692,2017-04-09,1,1.0,6.123233995736766e-17
2017-04-09,1,7.9679951071752955,8,89.3016990955876,116.53209574187406,0.108339623411681,22.61012101976766,78.95635026084834,1.9584010109874843,935.8690223118084,2017-04-10,1,1.0,6.123233995736766e-17
2017-04-10,1,11.235535770342521,8,26.712067242178243,123.139567907683,0.8808799562013525,23.348287494722317,77.84193494095985,1.3540507717257604,934.9676060586204,2017-04-11,0,1.0,6.123233995736766e-17
2017-04-11,0,12.321448460874906,2,31.524979338392722,133.3070848468066,2.5518170370052244,23.610777075067716,78.22251188846599,1.158746776095564,934.174395094495,2017-04-12,0,1.0,6.123233995736766e-17
2017-04-12,0,3.0050349281250868,38,26.562019159342515,130.17649271890875,2.817296425633821,20.65385654500115,84.40534712545771,2.1485270805574617,935.570647348632,2017-04-13,0,1.0,6.123233995736766e-17
2017-04-13,0,1.3250076511361768,32,16.65149104013617,117.18872590606625,0.7502804277500223,19.0603283499704,82.3690699822305,2.41822724905137,937.3961288056346,2017-04-14,0,1.0,6.123233995736766e-17
2017-04-14,0,,1,,,0.1476775043489555,19.89520311214552,79.41885794669915,1.592020165325566,937.4354873935392,2017-04-15,0,1.0,6.123233995736766e-17
2017-04-15,0,,1,,,0.1037326558634546,20.96671666768647,77.95765579857462,1.2005653744763465,937.1837610816252,2017-04-16,0,1.0,6.123233995736766e-17
2017-04-16,0,0.3666481663141646,3,,,0.1118145229319594,21.053592094038827,77.02256959438287,1.1346737500368669,935.0307637027344,2017-04-17,0,1.0,6.123233995736766e-17
2017-04-17,0,0.8850751577043489,17,,,3.037000914984469,19.919923385569312,84.05478828088721,1.6668123501437593,934.9823510476564,2017-04-18,0,1.0,6.123233995736766e-17
2017-04-18,0,0.5696590290004151,4,1.8213823530189286,,0.4942608297561367,18.772025948307768,76.68673986813866,2.593611772026741,937.095339022134,2017-04-19,0,1.0,6.123233995736766e-17
2017-04-19,0,0.8067622435006842,3,2.2614964302054483,,0.0738846904635848,18.315110539781735,74.03161904133006,2.300347187926504,937.2386176221536,2017-04-20,0,1.0,6.123233995736766e-17
2017-04-20,0,0.8557401349813392,3,2.2321614074824385,,0.0652134349881029,20.433157867247218,73.61158545103336,1.8273903374501637,934.5402309338152,2017-04-21,1,1.0,6.123233995736766e-17
2017-04-21,1,21.116018012309183,24,22.778520390791208,,14.47256763214312,20.49567210131708,83.88805556621642,1.5643061595586918,932.1999263920064,2017-04-22,1,1.0,6.123233995736766e-17
2017-04-22,1,7.897371658832238,75,29.86912980612276,32.49727440264235,8.182820392320593,18.47023281186572,84.16046899679822,1.4644934326448755,934.2986114839936,2017-04-23,1,1.0,6.123233995736766e-17
2017-04-23,1,1.429217285709757,38,30.44260695685118,33.55984352203794,1.374072042495407,18.10269717068396,82.98268563053824,2.108581561183583,937.8916949031042,2017-04-24,0,1.0,6.123233995736766e-17
2017-04-24,0,1.1014806175115344,5,10.42806956205353,33.77624898184512,0.0159271500850893,19.255302117067032,74.44737936346291,1.7872927294234902,937.0783511947976,2017-04-25,0,1.0,6.123233995736766e-17
2017-04-25,0,0.19506788574195646,3,2.7257657889632476,33.401657838586665,0.0632015524055358,21.091929841412732,77.14080617377019,1.5664656271354618,933.6079054321484,2017-04-26,1,1.0,6.123233995736766e-17
2017-04-26,1,12.610003138801916,73,13.906551642055407,45.204898733887894,20.83496924346688,20.123080505125404,84.49791152065035,1.6591246175732055,931.0657284872468,2017-04-27,0,1.0,6.123233995736766e-17
2017-04-27,0,0.9007307783932813,19,13.705801802937154,45.24988937729984,1.603364824603902,18.156982127537407,88.45511929335997,1.1792496627335898,934.8887616334348,2017-04-28,0,1.0,6.123233995736766e-17
2017-04-28,0,0.7618188376101863,7,14.272552754805384,24.895690202600843,0.3296007971055843,15.724758248440583,85.54495363712948,1.8272554696881131,939.178634185728,2017-04-29,0,1.0,6.123233995736766e-17
2017-04-29,0,0.7926072813613761,3,2.455156897364844,17.790925825129978,0.0197035356899401,16.456650861799822,83.73381425133628,1.8004327185890552,940.1691375467352,2017-04-30,0,1.0,6.123233995736766e-17
2017-04-30,0,1.228505928078645,2,2.7829320470502075,17.590214467498868,0.1509928430890997,17.895982956696827,79.90706415234887,2.226820332470492,940.8505317086002,2017-05-01,0,0.8660254037844387,-0.4999999999999998
2017-05-01,0,0.0,4,2.021113209440021,16.488733849987334,0.081701391853503,18.27413371580612,76.61929560636686,1.6545312558857783,940.5668741298986,2017-05-02,0,0.8660254037844387,-0.4999999999999998
2017-05-02,0,0.0,4,1.2285059280786448,16.293665964245378,0.0371459674219147,18.117831906518667,80.29413366012311,1.2797435265397574,938.9995152254008,2017-05-03,0,0.8660254037844387,-0.4999999999999998
2017-05-03,0,0.04226851980838821,4,0.04226851980838821,3.7259313452518485,0.0545954109853818,18.412996387087105,80.11997467306527,1.001784096692067,938.7726995339729,2017-05-04,1,0.8660254037844387,-0.4999999999999998
2017-05-04,1,0.0,4,0.04226851980838821,2.8252005668585674,2.6775862411406512,18.808028302981967,80.28439784946858,1.1980563375948643,936.6792748947976,2017-05-05,1,0.8660254037844387,-0.4999999999999998
2017-05-05,1,29.854607235383185,72,29.896875755191573,31.917988964631565,24.87745422092751,17.994434499413913,90.32805036376764,1.2399701952115174,936.0880722767256,2017-05-06,1,0.8660254037844387,-0.4999999999999998
2017-05-06,1,5.414394824094908,12,35.26900205947809,36.5397765073651,4.72201005461547,17.562934535370378,85.55596050406263,1.234560390806174,936.439323612382,2017-05-07,0,0.8660254037844387,-0.4999999999999998
2017-05-07,0,1.9104657536764211,11,37.17946781315452,37.22173633296287,0.0336229740002313,18.45133022269818,81.8889295860486,1.6655730571851664,936.2508233255872,2017-05-08,0,0.8660254037844387,-0.4999999999999998
2017-05-08,0,0.6049838638669259,4,7.929844441638255,37.8267201968298,0.1579184415300143,18.233502459500784,79.21699740842745,1.1960685115948082,934.0974604206248,2017-05-09,1,0.8660254037844387,-0.4999999999999998
2017-05-09,1,0.0,3,2.515449617543347,37.8267201968298,0.1387301337737074,18.21342707164308,76.9009277859306,0.8381481961372658,934.0340044084394,2017-05-10,1,0.8660254037844387,-0.4999999999999998
2017-05-10,1,0.4474398799906324,4,1.0524237438575583,38.23189155701204,1.035898127840066,18.52742346364902,80.1049679545739,1.3100248814293254,936.7569422022244,2017-05-11,0,0.8660254037844387,-0.4999999999999998
2017-05-11,0,0.8207494860226193,7,1.2681893660132517,39.05264104303466,1.5956936228984926,17.891796012074145,82.05926795592285,1.8903204110586525,937.8344498438742,2017-05-12,0,0.8660254037844387,-0.4999999999999998
2017-05-12,0,0.0,3,1.2681893660132517,9.198033807651479,0.118350379383204,17.693713110578976,75.7200007070857,1.6110142474098093,937.5035461978551,2017-05-13,0,0.8660254037844387,-0.4999999999999998
2017-05-13,0,0.0,3,0.8207494860226193,3.7836389835565702,0.142588096968907,18.732382434252887,76.47069471036015,1.321588520531546,934.6059479901694,2017-05-14,0,0.8660254037844387,-0.4999999999999998
2017-05-14,0,0.0,3,0.0,1.8731732298801491,2.476549212498029,20.42673388065826,74.79662734591908,2.034141825661948,930.7340422800178,2017-05-15,0,0.8660254037844387,-0.4999999999999998
2017-05-15,0,0.0,3,0.0,1.2681893660132233,0.0666903042610564,18.2436203744098,78.88368527632169,1.1365189369880933,933.3123685794728,2017-05-16,0,0.8660254037844387,-0.4999999999999998
2017-05-16,0,0.0,3,0.0,1.2681893660132233,0.0129678831552038,17.258709524078075,78.465467589611,1.4734606231314118,935.37109554277,2017-05-17,0,0.8660254037844387,-0.4999999999999998
2017-05-17,0,0.0,3,0.0,0.8207494860225909,0.3932477016370243,17.564021125666788,78.30211463079175,1.6922041245857604,936.4486646735738,2017-05-18,0,0.8660254037844387,-0.4999999999999998
2017-05-18,0,1.6168788025182232,10,1.6168788025182232,1.6168788025181948,6.976331621935585,17.270246645203514,85.92239397246115,1.625241238092258,935.7104110713462,2017-05-19,1,0.8660254037844387,-0.4999999999999998
2017-05-19,1,52.96508194769583,73,54.58196075021405,54.58196075021402,57.53112319977918,16.62378417729548,94.57097894120812,1.8399915554426949,931.2628512616528,2017-05-20,1,0.8660254037844387,-0.4999999999999998
2017-05-20,1,13.414916679701284,12,67.99687742991533,67.9968774299153,1.0544898619589531,18.325206508387605,85.84442574961058,1.1841637465918675,933.348892391658,2017-05-21,1,0.8660254037844387,-0.4999999999999998
2017-05-21,1,25.841833327434816,66,92.22183195483191,93.83871075735013,21.125212306362656,18.488126622723343,90.80162127347153,1.5125731093790888,935.0969843773132,2017-05-22,1,0.8660254037844387,-0.4999999999999998
2017-05-22,1,25.751350980329146,69,65.00810098746524,119.59006173767926,19.87868407850091,18.0788642617599,89.07488862893508,1.511614299091243,936.3014080423416,2017-05-23,0,0.8660254037844387,-0.4999999999999998
2017-05-23,0,7.057132995429823,8,58.65031730319378,126.64719473310909,0.0677343002914085,17.1767136696693,81.63122227545304,1.3533314542409889,938.6585110535412,2017-05-24,0,0.8660254037844387,-0.4999999999999998
2017-05-24,0,4.014837702330542,8,36.82332167808951,130.66203243543964,0.1199337513548771,18.07249834179789,81.71563819061797,1.0510230587503402,938.4958349730005,2017-05-25,0,0.8660254037844387,-0.4999999999999998
2017-05-25,0,5.956057852468946,7,17.028028550229312,135.00121148539037,0.1521061172040775,19.759398185964947,80.15905735381166,1.0443921603022164,938.1746721963552,2017-05-26,0,0.8660254037844387,-0.4999999999999998
2017-05-26,0,3.6534356400109287,6,13.624331194810416,85.68956517770546,0.0582611179934119,20.709569743249496,79.58270760880164,0.9196895022199656,937.6341279853468,2017-05-27,0,0.8660254037844387,-0.4999999999999998
2017-05-27,0,2.7256795911708998,5,12.335173083650774,75.00032808917507,0.1106804325234667,19.943331555591733,84.64325179625698,1.144765377379472,938.435310932778,2017-05-28,0,0.8660254037844387,-0.4999999999999998
2017-05-28,0,0.31859891425446035,4,6.697714145436289,49.477093675994716,0.0677986827059048,19.375898307488526,84.54174545876946,1.359187056570616,939.146027873777,2017-05-29,0,0.8660254037844387,-0.4999999999999998
2017-05-29,0,0.42969699235522474,4,3.473975497780585,24.155439688020795,0.1568527921319791,18.884256366458747,81.3758250590853,0.8710796785612905,938.4585785650612,2017-05-30,0,0.8660254037844387,-0.4999999999999998
2017-05-30,0,0.4747318537901992,5,1.2230277603998843,17.573038546381174,0.5350898280606418,18.176995192091308,85.45611603400798,1.2479691171747374,937.9557680086236,2017-05-31,0,0.8660254037844387,-0.4999999999999998
2017-05-31,0,5.069433891922786,4,5.9738627380682106,18.627634735973416,0.1072931312547001,18.638303312464316,79.1961626535892,1.0438272464797802,935.5832507342644,2017-06-01,0,0.49999999999999994,-0.8660254037844387
2017-06-01,0,1.6213084628577115,20,7.165474208570697,14.292885346362183,3.005773256145913,17.579026230571493,81.19366091285151,1.824836768714144,932.679098522758,2017-06-02,0,0.49999999999999994,-0.8660254037844387
2017-06-02,0,0.12816951357640283,6,6.818911868356901,10.767619219927656,0.0378290824571747,15.453338323068255,76.6497594508562,1.2299021639925374,937.5642656025814,2017-06-03,0,0.49999999999999994,-0.8660254037844387
2017-06-03,0,0.12070249872853311,6,1.8701804751626474,8.162642127485288,0.0813299887074016,16.079107417287293,78.19555485335306,1.1727580442466807,937.6545849964432,2017-06-04,0,0.49999999999999994,-0.8660254037844387
2017-06-04,0,0.06468640008119891,4,0.31355841238613485,7.908729613312028,0.1533619665517444,18.608412235430528,79.46844015216132,1.2486016911180238,935.9682948281207,2017-06-05,1,0.49999999999999994,-0.8660254037844387
2017-06-05,1,28.38827149555223,68,28.573660394361962,35.86730411650903,27.85671720059603,18.65026150304567,88.17245213031472,1.323215632875275,934.713080531282,2017-06-06,1,0.49999999999999994,-0.8660254037844387
2017-06-06,1,29.735326301923823,72,58.18828419755725,65.12789856464266,24.370406211693933,19.228777855148564,90.01855467396385,1.0941216259906124,934.3719707127648,2017-06-07,1,0.49999999999999994,-0.8660254037844387
2017-06-07,1,12.198540355976432,64,70.32213815345249,72.2570050286963,9.171826008335067,20.69641100845621,82.78450073372392,0.9629240762444852,933.9235353283352,2017-06-08,0,0.49999999999999994,-0.8660254037844387
2017-06-08,0,2.0621727858660654,13,43.996039443766314,72.69786935170465,0.0694240013714519,20.99606488525751,72.67359170932744,1.642653676669438,931.383062484246,2017-06-09,0,0.49999999999999994,-0.8660254037844387
2017-06-09,0,0.6255829349038073,13,14.886296076746305,73.19528277303206,2.579010865931934,18.389974862152894,79.85797778756518,1.697217875137708,932.7295435515748,2017-06-10,0,0.49999999999999994,-0.8660254037844387
2017-06-10,0,0.47555192077338965,7,3.1633076415432626,73.55013219507693,0.0409351233612346,13.08033053248195,72.01216936345111,1.0416446415948089,936.1567926922625,2017-06-11,0,0.49999999999999994,-0.8660254037844387
2017-06-11,0,1.0392759225057564,6,2.1404107781829533,74.52472171750148,0.1300614960812675,12.327655362908372,74.45527416467037,0.720450796345018,936.0417228240876,2017-06-12,0,0.49999999999999994,-0.8660254037844387
2017-06-12,0,0.8082027446407608,6,2.3230305879199067,46.94465296659001,0.1737488203628428,14.29243945015834,79.88566029067474,0.7049831324492201,937.2317718303404,2017-06-13,1,0.49999999999999994,-0.8660254037844387
2017-06-13,1,12.312067161111433,67,14.159545828257949,29.521393825777615,16.52036127141071,14.669708738957333,91.4229992196896,0.9381265105391726,938.2894172683737,2017-06-14,0,0.49999999999999994,-0.8660254037844387
2017-06-14,0,1.422725107090791,26,14.542995012842983,18.745578576891972,0.9146748521789194,16.178013640494676,87.65191809046897,1.1537062409300276,939.360106328465,2017-06-15,0,0.49999999999999994,-0.8660254037844387
2017-06-15,0,0.6848967925081357,7,14.41968906071036,17.368302583534042,0.9762188855495522,16.46069306939453,83.086209418056,1.7980329369596886,940.8750001150796,2017-06-16,0,0.49999999999999994,-0.8660254037844387
2017-06-16,0,1.411327524779627,7,3.5189494243785537,18.154047173409865,0.1083750266932801,16.489409431162844,79.32465997267447,1.265307914485667,939.0499813735926,2017-06-17,0,0.49999999999999994,-0.8660254037844387
2017-06-17,0,0.0,4,2.0962243172877626,17.678495252636477,0.1337679958617079,16.44258163267107,76.96158562237417,0.987001263736232,936.2896864211564,2017-06-18,0,0.49999999999999994,-0.8660254037844387
2017-06-18,0,0.04679724121978461,6,1.4581247659994117,16.686016571350503,0.1548966272096759,16.39784583711578,78.79533827355775,0.9110532410842406,935.6113133978032,2017-06-19,0,0.49999999999999994,-0.8660254037844387
2017-06-19,0,0.0,4,0.04679724121978461,15.877813826709742,0.3574542425893891,17.012358505775182,76.81812038695865,1.1067126905215252,935.5224537264036,2017-06-20,0,0.49999999999999994,-0.8660254037844387
2017-06-20,0,0.6104647678516579,25,0.6572620090714425,4.176211433449968,4.795928290559316,15.28749866920493,86.32909016876074,2.1311202908973943,939.2587229815584,2017-06-21,0,0.49999999999999994,-0.8660254037844387
2017-06-21,0,0.45940052747561433,20,1.0698652953272723,3.212886853834791,1.757968279957921,16.013593080867935,83.8431069698233,2.0254206838170146,941.680713416909,2017-06-22,0,0.49999999999999994,-0.8660254037844387
2017-06-22,0,0.05869845657928888,5,1.1285637519065612,2.5866885179059445,0.6777709407903393,17.613024726290682,77.17898480956376,1.946655707429712,941.9590832017544,2017-06-23,0,0.49999999999999994,-0.8660254037844387
2017-06-23,0,0.0,5,0.5180989840549032,1.1753609931263174,0.0926531577128551,17.01757221775894,77.84539959736347,1.7178052327568103,942.1738552264826,2017-06-24,0,0.49999999999999994,-0.8660254037844387
2017-06-24,0,0.5438182387887346,6,0.6025166953680234,1.7191792319150518,0.0857580723347048,17.053661762269332,77.98657343340976,1.530607462804211,942.9440804282664,2017-06-25,0,0.49999999999999994,-0.8660254037844387
2017-06-25,0,0.06190880265390323,6,0.6057270414426378,1.7342907933491705,0.1605200998072646,16.885482218878092,74.60975476045815,1.7134760454568636,943.0670000706084,2017-06-26,0,0.49999999999999994,-0.8660254037844387
2017-06-26,0,0.0,4,0.6057270414426378,1.7342907933491705,0.1001742766030719,15.810371728932672,77.03069008048246,1.2895948165912985,941.9370671254352,2017-06-27,0,0.49999999999999994,-0.8660254037844387
2017-06-27,0,0.02536526665174416,5,0.08727406930564739,1.1491912921492566,0.1724531683643952,15.88514288183048,76.44679227201809,1.2283701398358338,941.3049352813924,2017-06-28,0,0.49999999999999994,-0.8660254037844387
2017-06-28,0,0.05869845657928888,5,0.08406372323103303,0.7484892212529313,0.0926727357702277,16.564100045407386,76.8961537895227,0.9589990858749504,941.5797412079228,2017-06-29,0,0.49999999999999994,-0.8660254037844387
2017-06-29,0,0.0,4,0.08406372323103303,0.6897907646736424,0.1141831100419781,17.140104119922643,74.64919836231253,0.8292156143332503,940.344950698924,2017-06-30,0,0.49999999999999994,-0.8660254037844387
2017-06-30,0,0.0,4,0.058698456579288884,0.6897907646736424,0.0238871810045189,16.712123534208683,74.55087344577771,0.9036465725090438,939.6987501225976,2017-07-01,0,1.2246467991473532e-16,-1.0
2017-07-01,0,0.23432043308422965,69,0.23432043308422965,0.3802929589691375,0.4348179967489617,16.282827226202485,80.88219624350353,1.402871038895213,941.4025355243537,2017-07-02,0,1.2246467991473532e-16,-1.0
2017-07-02,0,0.15002667573140172,69,0.3843471088156314,0.46841083204663597,0.4652925425119529,13.839818955043288,78.82764980948355,2.636377545300088,945.0699382423328,2017-07-03,0,1.2246467991473532e-16,-1.0
2017-07-03,0,0.2724423412319855,71,0.6567894500476169,0.7408531732786214,0.5629161184195938,13.154032125298126,74.37638050408114,2.6729618867896594,947.1075981979228,2017-07-04,0,1.2246467991473532e-16,-1.0
2017-07-04,0,0.0036145025427445146,71,0.42608351950613177,0.7191024091696219,0.263493004920653,12.895486526612954,71.46361350261738,2.5571278262799315,946.412720034478,2017-07-05,0,1.2246467991473532e-16,-1.0
2017-07-05,0,0.027170700876870305,70,0.30322754465160034,0.6875746534672033,0.0521382823207879,13.04625376991757,73.2431833736143,1.8118976996480067,945.8589897063388,2017-07-06,0,1.2246467991473532e-16,-1.0
2017-07-06,0,0.0054670333964323215,70,0.03625223681604714,0.6930416868636355,0.1054632454220275,13.861587284404225,77.16110192218551,1.491084646561818,944.1384741352972,2017-07-07,0,1.2246467991473532e-16,-1.0
2017-07-07,0,0.0015867512309906272,70,0.03422448550429325,0.6946284380946262,0.1213736755382457,14.92536449433819,76.9296383351952,1.629006028386097,944.2761221265184,2017-07-08,0,1.2246467991473532e-16,-1.0
2017-07-08,0,0.0015965208116152253,69,0.008650305439038174,0.4619045258220118,0.0486054525591608,15.839479940992849,75.01913768642197,1.6655271651180297,943.8307271193524,2017-07-09,0,1.2246467991473532e-16,-1.0
2017-07-09,0,0.0,67,0.0031832720426058525,0.3118778500906101,0.1002217622617048,16.09847303885696,74.26531224488906,1.6357888157200615,943.0837565640456,2017-07-10,0,1.2246467991473532e-16,-1.0
2017-07-10,0,0.0,67,0.0015965208116152253,0.03943550885862457,0.0292741391605558,15.962441900240076,76.29114518410032,1.2195090370072856,942.2994250632256,2017-07-11,0,1.2246467991473532e-16,-1.0
2017-07-11,0,0.0,67,0.0,0.035821006315880054,0.1071924211141875,16.466128108654996,73.826415839087,0.9241919889740208,942.2082792872504,2017-07-12,0,1.2246467991473532e-16,-1.0
2017-07-12,0,0.0,67,0.0,0.008650305439009753,0.0348065255830705,16.07465964456876,75.59535243187123,1.3278118037171849,942.8774667114548,2017-07-13,0,1.2246467991473532e-16,-1.0
2017-07-13,0,0.004053217786852083,67,0.004053217786852083,0.007236489829429514,0.1236241621164511,16.509986860349677,76.19773168049147,1.2831913502432142,942.7371332569252,2017-07-14,0,1.2246467991473532e-16,-1.0
2017-07-14,0,0.0,67,0.004053217786852083,0.005649738598438887,0.1384435972301494,16.78926197402711,74.35185844351776,1.4496338962916386,941.9757393587196,2017-07-15,0,1.2246467991473532e-16,-1.0
2017-07-15,0,0.0015965208116152253,69,0.005649738598467308,0.005649738598438887,0.0515031410913219,16.782311360953837,70.05326562419275,1.786631083289845,939.7231251349166,2017-07-16,0,1.2246467991473532e-16,-1.0
2017-07-16,0,0.001826763610969152,68,0.003423284422584377,0.007476502209408039,0.0,17.68279330129576,60.35202758487678,1.956784595040763,939.0533316609868,2017-07-17,0,1.2246467991473532e-16,-1.0
2017-07-17,0,0.0,67,0.003423284422584377,0.007476502209408039,0.0623984110333021,17.499129052420123,64.774359555512,1.3069915898746152,939.08069509312,2017-07-18,0,1.2246467991473532e-16,-1.0
2017-07-18,0,0.0841794597676,68,0.08600622337856914,0.09165596197700804,1.3798362083185869,11.954106349680366,82.65134961163275,2.244956969614361,941.4608014157276,2017-07-19,0,1.2246467991473532e-16,-1.0
2017-07-19,0,0.007928997991568517,67,0.09210845775916851,0.09958495996857655,0.0692366361426479,10.988535255185916,82.41502210109287,2.087124778008317,942.6034620506208,2017-07-20,0,1.2246467991473532e-16,-1.0
2017-07-20,0,0.0,67,0.09210845775916851,0.09553174218172447,0.0164807714202546,15.139744191679274,77.15945914006068,1.4313640353906063,940.744461547474,2017-07-21,0,1.2246467991473532e-16,-1.0
2017-07-21,0,0.0,68,0.007928997991568517,0.09553174218172447,0.0534522234272667,16.403902860833085,73.81590328314923,1.197604439744028,939.7673545433918,2017-07-22,0,1.2246467991473532e-16,-1.0
2017-07-22,0,0.0,67,0.0,0.09393522137010925,0.1185143085975581,15.427740955304934,73.00219551839007,1.1485277997282433,940.7116808431532,2017-07-23,0,1.2246467991473532e-16,-1.0
2017-07-23,0,0.0,67,0.0,0.09210845775914009,0.0224568331187041,17.008328847687544,69.43363772403406,1.5897048538976362,941.8084120618782,2017-07-24,0,1.2246467991473532e-16,-1.0
2017-07-24,0,0.0,67,0.0,0.09210845775914009,0.0272546410030919,16.361584624869504,66.63129289484601,1.4127236019056473,943.4897675340148,2017-07-25,0,1.2246467991473532e-16,-1.0
2017-07-25,0,0.0,68,0.0,0.007928997991540095,0.0172578111604392,16.465411056940507,67.7178818807063,1.1047062187942112,943.6564651415902,2017-07-26,0,1.2246467991473532e-16,-1.0
2017-07-26,0,0.0,69,0.0,0.0,0.0799377801110955,16.547580793174426,69.57556355576313,1.1699062272685905,942.6203486977632,2017-07-27,0,1.2246467991473532e-16,-1.0
2017-07-27,0,0.0,68,0.0,0.0,0.0512872970033251,16.287832122931068,72.46528384825157,1.4981366313139468,942.3264298393664,2017-07-28,0,1.2246467991473532e-16,-1.0
2017-07-28,0,0.0,67,0.0,0.0,0.1092119192716513,15.910594060080294,71.38481097025776,1.8684632279279352,943.4568591055588,2017-07-29,0,1.2246467991473532e-16,-1.0
2017-07-29,0,0.0,68,0.0,0.0,0.1053010971866786,16.271077029524683,71.88815102441761,1.7261355894793613,944.7092927918892,2017-07-30,0,1.2246467991473532e-16,-1.0
2017-07-30,0,0.0,69,0.0,0.0,0.1308560466652895,16.88608454759851,72.52551183946844,1.5957446869666272,944.615622612159,2017-07-31,0,1.2246467991473532e-16,-1.0
2017-07-31,0,0.0,68,0.0,0.0,0.02077069942549,15.624968468606932,70.26367737020381,0.9215658966530362,941.9227169139664,2017-08-01,0,-0.4999999999999997,-0.8660254037844388
2017-08-01,0,0.0,6,0.0,0.0,0.0599608131204565,15.142044809214052,67.96993553939609,1.1196787132064254,938.8354088639724,2017-08-02,0,-0.4999999999999997,-0.8660254037844388
2017-08-02,0,0.0,6,0.0,0.0,0.0120163280001165,17.366415557579938,60.44135575772188,1.570836609889857,937.3592222540046,2017-08-03,0,-0.4999999999999997,-0.8660254037844388
2017-08-03,0,0.8447350085042387,38,0.8447350085042387,0.8447350085042102,1.9895914838578928,17.61612596184296,62.571586257491305,2.411847657766488,933.913675490484,2017-08-04,0,-0.4999999999999997,-0.8660254037844388
2017-08-04,0,1.5737558514774583,52,2.4184908599816968,2.4184908599816684,0.5250028240147133,14.54874182802643,79.39123427978089,2.202211152107216,939.214784340248,2017-08-05,0,-0.4999999999999997,-0.8660254037844388
2017-08-05,0,3.360155322018137,68,5.778646181999834,5.778646181999806,1.8490325392769456,14.295516770795633,79.65016181523686,2.631425489431659,941.2734789227532,2017-08-06,0,-0.4999999999999997,-0.8660254037844388
2017-08-06,0,0.07841794355616205,6,5.012329117051757,5.857064125555968,0.056179158411064,14.504062024482575,72.43531838603647,2.302209635843193,940.403774021414,2017-08-07,0,-0.4999999999999997,-0.8660254037844388
2017-08-07,0,0.039208971778081025,6,3.4777822373523803,5.896273097334049,0.1054465254531563,15.47668391097629,70.67145999407893,1.5140616201063772,938.0404913128548,2017-08-08,0,-0.4999999999999997,-0.8660254037844388
2017-08-08,0,0.0,5,0.11762691533424308,5.896273097334049,0.0372803742165354,18.129238613506946,65.64401037880623,1.307650768114649,935.6002919716474,2017-08-09,0,-0.4999999999999997,-0.8660254037844388
2017-08-09,0,0.0,5,0.039208971778081025,5.896273097334049,0.0281056263205547,20.513762058336024,58.7224151093387,1.5146158374770795,934.2652537057376,2017-08-10,0,-0.4999999999999997,-0.8660254037844388
2017-08-10,0,0.0,5,0.0,5.05153808882981,0.1334859828023503,17.32360131431658,73.90136929333302,1.6857090022732144,936.88248061335,2017-08-11,0,-0.4999999999999997,-0.8660254037844388
2017-08-11,0,0.0,5,0.0,3.477782237352352,0.0754272917893422,16.616211995624774,70.48683391808294,1.8335191720700648,938.1895588851309,2017-08-12,0,-0.4999999999999997,-0.8660254037844388
2017-08-12,0,0.12105272795307004,5,0.12105272795307004,0.2386796432872847,0.2144053712108868,18.193286341571135,71.46314313918329,1.662283807314571,937.1546163616822,2017-08-13,0,-0.4999999999999997,-0.8660254037844388
2017-08-13,0,0.4801758208805111,5,0.6012285488335811,0.6404375206116337,0.0664772854616412,20.49223622489666,64.42292103922634,1.762885115002135,934.8276744295335,2017-08-14,0,-0.4999999999999997,-0.8660254037844388
2017-08-14,0,0.8897375504550648,5,1.490966099288646,1.4909660992886176,0.227078244920914,19.938904325175884,70.19420121225843,1.2878043036350597,935.3908007040616,2017-08-15,1,-0.4999999999999997,-0.8660254037844388
2017-08-15,1,8.229226156190723,50,9.5991395275263,9.72019225547934,5.387478634156604,15.65744747382806,85.46404497742932,1.49127113203604,937.4663672918582,2017-08-16,1,-0.4999999999999997,-0.8660254037844388
2017-08-16,1,4.588328858818873,60,13.70729256546466,14.308521114298212,8.326222281443611,15.872913698257566,91.33703764607245,1.0595297998577382,937.0129410630692,2017-08-17,0,-0.4999999999999997,-0.8660254037844388
2017-08-17,0,10.359842497621646,67,23.17739751263124,24.668363611919858,8.82864250975706,15.523789407051776,93.38228518655644,0.929941425206712,937.3113239608406,2017-08-18,0,-0.4999999999999997,-0.8660254037844388
2017-08-18,0,2.335844375409666,13,17.284015731850182,27.004207987329522,3.0609285253399703,15.573672094416596,93.6281646631936,0.7797969915989167,936.7641881216686,2017-08-19,0,-0.4999999999999997,-0.8660254037844388
2017-08-19,0,4.471015696584227,57,17.166702569615538,31.35417095596068,5.58310552274609,16.618155887366665,93.26486290982972,0.9519641568822133,934.9668709031176,2017-08-20,1,-0.4999999999999997,-0.8660254037844388
2017-08-20,1,19.87725906823546,66,26.684119140229352,50.751254203315625,20.649144709906103,17.08197184872764,87.59644106947786,1.9076077057193297,933.2867770414936,2017-08-21,0,-0.4999999999999997,-0.8660254037844388
2017-08-21,0,5.964928081439489,65,30.313202846259173,55.826444734300054,4.061322772097075,13.578091014866237,83.90522152389957,3.295783342295845,942.0363748301486,2017-08-22,0,-0.4999999999999997,-0.8660254037844388
2017-08-22,0,4.901391222398631,10,30.743578372073582,52.498609800507964,0.4527737579890718,14.342710161800856,79.31331449825353,2.892301617207754,943.3719127455964,2017-08-23,0,-0.4999999999999997,-0.8660254037844388
2017-08-23,0,1.2891450866636143,8,12.155464390501734,49.19942602835271,0.0594116308181283,17.09320706584335,76.2970678830398,1.8551508351641688,940.8082766220272,2017-08-24,0,-0.4999999999999997,-0.8660254037844388
2017-08-24,0,0.19725421819279093,5,6.387790527255037,39.03683774892385,0.0185002695777185,17.26757032897848,73.4584393987666,1.6564402946636172,940.2146649227076,2017-08-25,0,-0.4999999999999997,-0.8660254037844388
2017-08-25,0,0.2179152583386342,5,1.7043145631950394,36.91890863185282,0.070837676017632,17.500049162625643,71.94648542425712,1.743038613831184,939.2652518117708,2017-08-26,0,-0.4999999999999997,-0.8660254037844388
2017-08-26,0,0.1452768388924228,5,0.5604463154238479,32.59316977416101,0.1000596140263559,17.95041011319327,67.4342670350577,1.284790145508498,938.3233156172046,2017-08-27,0,-0.4999999999999997,-0.8660254037844388
2017-08-27,0,0.2673007378194893,5,0.6304928350505463,12.983211443745043,0.0396689028231305,18.58355475451089,63.631580663331576,1.1208275216456085,936.4852713487254,2017-08-28,0,-0.4999999999999997,-0.8660254037844388
2017-08-28,0,0.2978067125512559,5,0.710384289263168,7.3160900748568105,0.0144734566647104,18.23181681861491,65.58319697502122,1.4189145937336871,936.8961452336704,2017-08-29,0,-0.4999999999999997,-0.8660254037844388
2017-08-29,0,0.3283126872830226,5,0.8934201376537678,2.7430115397412016,0.1119304670307583,18.51832777335529,67.51731046441125,1.1661490940936945,936.8210076746784,2017-08-30,0,-0.4999999999999997,-0.8660254037844388
2017-08-30,0,0.13365036890974466,5,0.7597697687440231,1.587516821987332,0.1032815990292147,20.700498402112046,61.54009163649013,1.1397415787623058,935.9257848562918,2017-08-31,0,-0.4999999999999997,-0.8660254037844388
2017-08-31,0,0.20775179071094363,4,0.6697148469037109,1.5980143945054845,0.6446555466498765,18.09602853061466,74.95265561819234,2.656882573329941,939.5505515070164,2017-09-01,0,-0.8660254037844385,-0.5000000000000004
2017-09-01,0,0.0801944201851735,65,0.4215965798058618,1.460293556352024,0.5823996243031251,17.895817177041778,75.58024300663355,2.8514015038012195,942.8641837213012,2017-09-02,0,-0.8660254037844385,-0.5000000000000004
2017-09-02,0,0.005606682610696961,66,0.2935528935068141,1.320623400070298,0.0064839415776019,17.787238694196645,71.73676034659098,2.216633297538811,943.3949714257204,2017-09-03,0,-0.8660254037844385,-0.5000000000000004
2017-09-03,0,0.003008039760663973,66,0.08880914255653444,1.0563307020114727,0.0632015524055358,17.457334661776354,68.41522268835939,1.7528659379667284,941.9981064084352,2017-09-04,0,-0.8660254037844385,-0.5000000000000004
2017-09-04,0,0.0,65,0.008614722371360933,0.7585239894602169,0.1053010971866786,18.540821630587,60.60811016532799,1.576253659330141,939.841900393434,2017-09-05,0,-0.8660254037844385,-0.5000000000000004
2017-09-05,0,0.0,65,0.003008039760663973,0.43021130217719433,0.0164807714202546,19.12381479432964,57.0368774512616,1.3180699362123156,938.4661254866616,2017-09-06,0,-0.8660254037844385,-0.5000000000000004
2017-09-06,0,0.003008039760663973,66,0.003008039760663973,0.29956897302811364,0.0224110916626912,19.42886741904642,61.7863173912171,1.7402780292735176,938.9017763589362,2017-09-07,0,-0.8660254037844385,-0.5000000000000004
2017-09-07,0,0.0,66,0.003008039760663973,0.09181718231716998,0.0771239414476878,19.59397855144311,61.535125930084135,1.5619418568575811,938.7896361741444,2017-09-08,0,-0.8660254037844385,-0.5000000000000004
2017-09-08,0,0.002488761397574327,66,0.0054968011582383,0.014111523529570812,0.0107738695828373,20.210536886447564,54.823958803488125,1.3883307467621993,936.2977270940604,2017-09-09,0,-0.8660254037844385,-0.5000000000000004
2017-09-09,0,0.06445892019717507,66,0.0669476815947494,0.07296376111604892,0.0172578111604392,20.76845307545154,53.79760862035347,1.6478537997912346,936.297858144314,2017-09-10,0,-0.8660254037844385,-0.5000000000000004
2017-09-10,0,0.002488761397574327,66,0.06943644299232372,0.07244448275295927,0.0107738695828373,21.205337044121546,55.1648604487367,1.820822996681784,936.3590264097716,2017-09-11,0,-0.8660254037844385,-0.5000000000000004
2017-09-11,0,0.004977522795148654,66,0.07192520438989805,0.07742200554810792,0.0509340661207295,22.028011761380363,55.37762980260541,1.6209860729136023,936.9835536569168,2017-09-12,0,-0.8660254037844385,-0.5000000000000004
2017-09-12,0,0.02262288280292058,65,0.03008916699564356,0.10004488835102851,0.0294362873959047,22.14723575054761,56.62345417057114,1.9167998081672617,938.1672232253704,2017-09-13,0,-0.8660254037844385,-0.5000000000000004
2017-09-13,0,0.002488761397574327,66,0.03008916699564356,0.09952560998793887,0.0,21.2837670364106,61.02376050908052,1.7867234476918832,938.582474047354,2017-09-14,0,-0.8660254037844385,-0.5000000000000004
2017-09-14,0,0.019661215040837184,66,0.04477285924133209,0.11918682502877605,0.0064839415776019,22.90961329228532,50.813708520694405,1.9625906078739856,937.3958874489124,2017-09-15,0,-0.8660254037844385,-0.5000000000000004
2017-09-15,0,0.04206006761900614,66,0.06421004405741765,0.15875813125020785,0.0064839415776019,22.88458125916109,49.32032166370556,1.581612402208863,938.3978848407916,2017-09-16,0,-0.8660254037844385,-0.5000000000000004
2017-09-16,0,0.012443806987871635,66,0.07416508964771495,0.10674301804090443,0.0194518247328058,22.467390713695195,56.48521960754374,1.868973447645173,938.8093619674216,2017-09-17,0,-0.8660254037844385,-0.5000000000000004
2017-09-17,0,0.037829173243129774,66,0.09233304785000754,0.14208342988645986,0.0129678831552038,21.99597802963488,60.15873208462041,1.5854992069399363,937.7237077452596,2017-09-18,0,-0.8660254037844385,-0.5000000000000004
2017-09-18,0,0.03571376715661403,56,0.08598674738761544,0.17281967424792524,0.1203559514117975,21.31109920832245,66.28355829438279,1.880124782684,939.0123668179954,2017-09-19,0,-0.8660254037844385,-0.5000000000000004
2017-09-19,0,0.024638737835985837,66,0.09818167823572964,0.1748355292809905,0.0240326560002331,21.18036043571012,65.13059303767248,1.88933693376234,939.3219908341756,2017-09-20,0,-0.8660254037844385,-0.5000000000000004
2017-09-20,0,0.017296891713141572,66,0.07764939670574143,0.18964365959655774,0.0868008276089601,20.527731548933197,66.19683791191252,1.9774973553297728,939.3230781448294,2017-09-21,0,-0.8660254037844385,-0.5000000000000004
2017-09-21,0,0.004886882156616169,67,0.04682251170574358,0.17486932671233674,0.0,21.177790653351487,62.01020125740499,1.7364026332551772,938.8968488656074,2017-09-22,0,-0.8660254037844385,-0.5000000000000004
2017-09-22,0,0.004977522795148654,66,0.027161296664906395,0.13778678188847926,0.0812684411864455,22.057024716284616,54.23607025800456,1.498353135735839,937.4816922354236,2017-09-23,0,-0.8660254037844385,-0.5000000000000004
2017-09-23,0,0.002459136091016268,66,0.012323541042781092,0.12780211099162386,0.0,21.73361138057284,53.31771405718236,1.7243533112281637,937.1376156517804,2017-09-24,0,-0.8660254037844385,-0.5000000000000004
2017-09-24,0,0.0,66,0.007436658886164922,0.08997293774849412,0.1372464430346399,20.446211549244776,68.52029196051592,2.7983722816710768,938.4440487328396,2017-09-25,0,-0.8660254037844385,-0.5000000000000004
2017-09-25,0,0.002477401653417292,65,0.0049365377444335595,0.05673657224529737,0.0405134274204878,20.052777296925264,66.58058863817358,2.4884428404399714,939.147623537684,2017-09-26,0,-0.8660254037844385,-0.5000000000000004
2017-09-26,0,0.0205471115920146,64,0.023024513245431893,0.05264494600132613,0.0,19.361727181724767,66.1916217290885,1.863669518243631,936.7540526224932,2017-09-27,0,-0.8660254037844385,-0.5000000000000004
2017-09-27,0,0.005069230884386115,64,0.028093744129818004,0.040417285172570684,0.1023307038333362,21.327142415877844,61.464434211558846,1.5266027624111822,934.1771212085096,2017-09-28,0,-0.8660254037844385,-0.5000000000000004
2017-09-28,0,0.3354952835880461,65,0.3611116260644468,0.3710256866040006,0.0672459480004626,21.434849779884665,66.45358842941904,2.0809608606549284,935.8676271488346,2017-09-29,0,-0.8660254037844385,-0.5000000000000004
2017-09-29,0,0.9553691579136799,65,1.2959336723861121,1.321417321722532,3.729598829408363,19.319709458509735,76.38937646781184,2.887684851441343,936.5247775505948,2017-09-30,1,-0.8660254037844385,-0.5000000000000004
2017-09-30,1,29.406634465684494,64,30.69749890718622,30.72559265131601,26.68759340668859,18.50001816334813,87.40768827364204,2.2182554967736907,930.2234467923904,2017-10-01,0,-1.0,-1.8369701987210297e-16
2017-10-01,0,6.879106684646127,61,37.2411103082443,37.60469933596214,4.576202748396816,20.2400629424536,72.44745224082622,2.1498094875059848,927.70862234675,2017-10-02,0,-1.0,-1.8369701987210297e-16
2017-10-02,0,15.035819399749697,60,51.32156055008032,52.638041334058414,10.307603093501491,19.469182026843843,77.19245379046903,1.9771394020689932,927.8944142821844,2017-10-03,0,-1.0,-1.8369701987210297e-16
2017-10-03,0,2.2748930783660493,23,24.18981916276187,54.89238730083245,3.026929655603582,18.53132099355001,76.54040514563489,1.7164748126787357,934.2175361705127,2017-10-04,0,-1.0,-1.8369701987210297e-16
2017-10-04,0,1.518791720566095,9,18.829504198681843,56.40610979051416,0.0640106300260062,18.10844718359178,66.14245262218935,1.9509805265065816,937.9409538710872,2017-10-05,0,-1.0,-1.8369701987210297e-16
2017-10-05,0,1.7554881085175233,9,5.549172907449668,57.82610261544364,0.0064839415776019,20.583647478879797,63.18916234344154,1.792577551766835,935.8197649590508,2017-10-06,0,-1.0,-1.8369701987210297e-16
2017-10-06,0,10.998291326754337,16,14.272571155837955,67.86902478428429,1.348661215980184,24.03223809728933,62.82132330286375,1.7651280747547855,935.86695432027,2017-10-07,0,-1.0,-1.8369701987210297e-16
2017-10-07,0,8.841082880653474,58,21.594862315925333,47.303473199253276,14.733147877708934,19.85176648360782,82.11359089591532,2.321516570833873,937.4226226159248,2017-10-08,0,-1.0,-1.8369701987210297e-16
2017-10-08,0,5.704055074345684,19,25.543429281753497,46.12842158895283,3.116987451020869,20.8352038711065,78.31306987476037,1.728316101333739,934.912083003884,2017-10-09,0,-1.0,-1.8369701987210297e-16
2017-10-09,0,1.7869554307212683,12,16.332093385720427,32.879557619924405,0.17358528370319,22.771633136523548,71.94238161435433,1.519300641050034,932.947999760225,2017-10-10,1,-1.0,-1.8369701987210297e-16
2017-10-10,1,5.956289291167462,18,13.447299796234415,36.560953832725815,2.7988689940747125,23.865451714849904,67.66334557267852,1.5437072575875068,933.0436060625208,2017-10-11,1,-1.0,-1.8369701987210297e-16
2017-10-11,1,10.78775143324001,26,18.53099615512874,45.82991354539973,3.281336524051325,24.055950496399618,65.81991270685876,1.6608688548126778,932.9978105801598,2017-10-12,0,-1.0,-1.8369701987210297e-16
2017-10-12,0,3.5476055477870836,12,20.291646272194555,47.622030984669294,0.4682716072347276,24.36895806943325,65.75746674587938,1.6790977421593505,933.7345211607036,2017-10-13,0,-1.0,-1.8369701987210297e-16
2017-10-13,0,5.281458100131677,22,19.61681508115877,41.905197758046626,0.0651046627157104,24.825738850136325,63.6275535604068,1.683961104384656,932.8300313905012,2017-10-14,0,-1.0,-1.8369701987210297e-16
2017-10-14,0,2.2754352613810225,16,11.104498909299782,35.33955013877418,0.615656283678377,24.173088657759525,65.80137555893988,1.9379835105767795,932.6227524244392,2017-10-15,0,-1.0,-1.8369701987210297e-16
2017-10-15,0,1.7060714388128497,11,9.262964800325546,31.341566503241346,0.8593822492414248,19.111394894536968,77.63567473272201,3.2825613200524844,937.1920274956642,2017-10-16,0,-1.0,-1.8369701987210297e-16
2017-10-16,0,0.05512576660925288,7,4.036632466803123,29.60973683912933,0.2858339919967093,19.26590874259444,73.74153605791408,2.7187810888853527,939.2807787594186,2017-10-17,0,-1.0,-1.8369701987210297e-16
2017-10-17,0,0.07941008677188888,7,1.8406072921939898,23.732857634733758,0.1026622057419425,21.175873731252757,71.04850680932526,2.4577332756693773,938.90137217477,2017-10-18,0,-1.0,-1.8369701987210297e-16
2017-10-18,0,0.0793211012607339,6,0.21385695464187388,13.02442730275448,0.0564405775055771,23.11445904328453,63.50585375246148,2.1261156095472398,936.2003538113938,2017-10-19,0,-1.0,-1.8369701987210297e-16
2017-10-19,0,0.03948357345496209,6,0.19821476148758307,9.516305328422357,0.1288894246323003,25.090349249544616,48.30039291422644,2.1266126353051886,933.0802697638344,2017-10-20,0,-1.0,-1.8369701987210297e-16
2017-10-20,0,0.10092256621274932,8,0.21972724092844353,4.335769794503431,0.9246868889386022,21.500179382638247,70.3684024348463,1.918634601612451,934.4538084209626,2017-10-21,0,-1.0,-1.8369701987210297e-16
2017-10-21,0,1.049369101393057,14,1.1897752410607667,3.1097036345154656,0.8869888178337436,21.44494665288807,74.78991121885849,1.652619674003875,934.6560990545908,2017-10-22,0,-1.0,-1.8369701987210297e-16
2017-10-22,0,4.0194418001697105,50,5.169733467775515,5.423073995872326,5.212405702120202,19.952237953879106,84.34019678224526,1.2724570520119465,935.0358782345768,2017-10-23,0,-1.0,-1.8369701987210297e-16
2017-10-23,0,0.6750400812663744,16,5.74385098282914,6.042988310529448,1.5261105529488024,17.347039426438382,86.41198889550262,1.929352382560407,937.0801206951332,2017-10-24,0,-1.0,-1.8369701987210297e-16
2017-10-24,0,0.5750888769583525,8,5.269570758394436,6.538667100715912,0.112961894093267,17.84385540736992,77.94693024615859,2.039858322970934,937.2765325810068,2017-10-25,0,-1.0,-1.8369701987210297e-16
2017-10-25,0,1.5809635237322335,8,2.8310924819569587,8.04030952318741,2.026563864497104,21.361319376335217,73.59447950820072,1.9055469316663936,934.9855992546744,2017-10-26,1,-1.0,-1.8369701987210297e-16
2017-10-26,1,28.758472032307882,61,30.914524432998466,36.75929798204033,22.936007014108142,20.212408435157386,81.35529495037244,2.0339020567682584,932.6325513306014,2017-10-27,0,-1.0,-1.8369701987210297e-16
2017-10-27,0,4.5407513300939435,53,34.880186886134055,41.19912674592152,17.177521204828633,20.084258804124516,82.70178130436125,1.7732485895099677,929.8161224079392,2017-10-28,0,-1.0,-1.8369701987210297e-16
2017-10-28,0,2.7392581491312735,12,36.0384815115331,42.88901579365974,2.3213775834693107,21.86493305054741,72.92078652158885,2.4906075871113056,928.6355284727796,2017-10-29,0,-1.0,-1.8369701987210297e-16
2017-10-29,0,0.832014038240889,10,8.112023517466103,39.70158803173092,5.196483853098,20.68185441526115,83.55450220042945,1.237427293323388,932.2319714653244,2017-10-30,0,-1.0,-1.8369701987210297e-16
2017-10-30,0,1.4906444218815889,21,5.061916609253748,40.51719237234614,12.210793401266166,19.719686797960797,86.62682017301395,1.5962309823350485,930.0039857973608,2017-10-31,0,-1.0,-1.8369701987210297e-16
2017-10-31,0,5.511454652944185,41,7.834113113066659,45.453558148331965,4.835151312676012,19.36737586242689,84.59300931776725,1.9880375990993933,930.1538853087224,2017-11-01,0,-0.8660254037844386,0.5000000000000001
2017-11-01,0,1.4013369628742327,24,8.403436037700002,45.27393158747396,0.3203165281622131,17.926865802798606,72.16946984324943,2.715424174934233,935.902209100204,2017-11-02,0,-0.8660254037844386,0.5000000000000001
2017-11-02,0,0.3818070144313204,14,7.294598630249734,16.897266569597406,0.0186624178130673,18.699699248215214,68.5781367162992,2.4891865459366485,937.6043961619464,2017-11-03,0,-0.8660254037844386,0.5000000000000001
2017-11-03,0,0.3149674319274334,14,2.098111409232983,12.671482671430894,1.4010994947638298,21.11381379988299,68.19436330860955,1.93547477527598,934.300121803865,2017-11-04,1,-0.8660254037844386,0.5000000000000001
2017-11-04,1,25.312907189836665,40,26.009681636195413,35.245131712136285,17.954037135018396,22.55232442337192,74.22569459357015,2.317061923112117,930.6987913178286,2017-11-05,0,-0.8660254037844386,0.5000000000000001
2017-11-05,0,6.305888832658141,44,31.933763454422234,40.71900650655354,6.8392459249221496,18.776414056153385,87.83518372972577,1.584950885467309,932.9256269702098,2017-11-06,0,-0.8660254037844386,0.5000000000000001
2017-11-06,0,1.693580527673372,15,33.312376550168175,40.92194261234532,0.6909586920670857,17.896364877775106,83.27896658506278,2.277073499786568,935.4669594160276,2017-11-07,0,-0.8660254037844386,0.5000000000000001
2017-11-07,0,0.7287793406353581,14,8.728248700966867,36.139267300036494,0.1578993845065656,18.345628148121367,74.94268863094744,2.5179942123380705,934.7287830217238,2017-11-08,0,-0.8660254037844386,0.5000000000000001
2017-11-08,0,0.1836238136712013,13,2.605983681979928,34.92155415083346,0.5739667580464206,19.55390158856728,75.90961432155025,2.183770029545878,933.1164063091774,2017-11-09,1,-0.8660254037844386,0.5000000000000001
2017-11-09,1,3.4740988905334627,24,4.386502044840018,38.01384602693561,3.0732948359913537,20.46290009799943,81.26031175245089,1.4471693050701362,932.691556779268,2017-11-10,1,-0.8660254037844386,0.5000000000000001
2017-11-10,1,3.3616056680332993,18,7.019328372237959,41.060484263041474,6.504816640966137,22.369497682297126,75.68477052306429,1.741610550946482,929.75528068655,2017-11-11,0,-0.8660254037844386,0.5000000000000001
2017-11-11,0,11.593087179848478,54,18.428791738415235,27.340664253053284,18.940895565683277,19.869539671969772,85.07637489685328,1.9067428076392152,927.5767844756764,2017-11-12,0,-0.8660254037844386,0.5000000000000001
2017-11-12,0,0.41286824546604417,14,15.367561093347817,21.447643665861186,0.1658465165287551,19.61402683315245,64.33640004954358,1.4959038791504895,928.2256374175894,2017-11-13,0,-0.8660254037844386,0.5000000000000001
2017-11-13,0,0.212764950212201,13,12.218720375526718,19.966828088400014,0.0,19.87945223593835,61.4678114606688,1.5763171908928038,931.448002122118,2017-11-14,0,-0.8660254037844386,0.5000000000000001
2017-11-14,0,0.9723032128178395,14,1.5979364084960794,20.210351960582496,0.0185002695777185,19.5114381866232,58.10084081321856,1.992285262740517,933.8162289106004,2017-11-15,0,-0.8660254037844386,0.5000000000000001
2017-11-15,0,0.9291224767314925,14,2.1141906397615275,20.95585062364279,0.0121784762354654,21.6509254529464,61.88830206947563,1.9497582756842196,933.1160675866312,2017-11-16,1,-0.8660254037844386,0.5000000000000001
2017-11-16,1,7.225947692084797,20,9.127373381634124,24.70769942519412,2.988465498939134,24.40450838005769,61.350473731032494,1.9231988716357036,931.0701943609312,2017-11-17,1,-0.8660254037844386,0.5000000000000001
2017-11-17,1,22.129489223655682,57,30.284559392471966,43.475582980816505,14.14023268779892,21.359566752023277,78.23998175048844,1.7353625699794306,930.232655455198,2017-11-18,1,-0.8660254037844386,0.5000000000000001
2017-11-18,1,24.265264426201007,55,53.62070134194148,56.14776022716903,13.135788975609644,21.70150593665368,79.63979282420176,1.695389992187335,927.8206360532748,2017-11-19,0,-0.8660254037844386,0.5000000000000001
2017-11-19,0,15.732732725093301,55,62.12748637494999,71.46762470679629,13.347108821796777,20.928072375478205,87.06080674405908,1.514300728024618,928.3911436615772,2017-11-20,0,-0.8660254037844386,0.5000000000000001
2017-11-20,0,3.7653774266652866,34,43.76337457795959,75.02023718324938,5.599871946666989,20.587232897482544,84.74389905660034,1.8095286748655253,930.9724166461194,2017-11-21,1,-0.8660254037844386,0.5000000000000001
2017-11-21,1,20.72412575820118,40,40.222235909959764,94.77205972863271,9.57685828448582,21.433836520419234,80.9157616144629,1.5375497457106049,930.0888525783218,2017-11-22,0,-0.8660254037844386,0.5000000000000001
2017-11-22,0,10.68031639972867,54,35.16981958459513,104.5232536516299,20.84140607654938,20.2105973592656,88.06337546993134,1.7897766878227042,928.2616724676768,2017-11-23,0,-0.8660254037844386,0.5000000000000001
2017-11-23,0,3.3819826650911113,19,34.78642482302096,100.6792886246362,0.7751022600199176,18.87525071691921,78.80256801906692,1.983888909109047,932.450336956664,2017-11-24,0,-0.8660254037844386,0.5000000000000001
2017-11-24,0,3.0126035179042816,17,17.074902582724057,81.5624029188848,0.0294195674270336,21.44765716924412,69.57314348185776,1.2931658708242475,933.4719595825486,2017-11-25,0,-0.8660254037844386,0.5000000000000001
2017-11-25,0,0.8063954347767515,16,7.200981617772141,58.10353392746055,0.0172578111604392,22.57832678934168,66.20338058986233,1.570014541047988,932.7539468929048,2017-11-26,0,-0.8660254037844386,0.5000000000000001
2017-11-26,0,5.275757334620667,37,9.094756287301696,47.64655853698792,7.799707140947734,22.033720862561545,78.29368675468767,2.318546064622669,929.9594231263144,2017-11-27,1,-0.8660254037844386,0.5000000000000001
2017-11-27,1,27.708438629620318,61,33.79059139901773,71.58961973994295,22.041124381206487,21.451465377447263,85.37192154389075,1.4607280489694057,931.7867054227276,2017-11-28,0,-0.8660254037844386,0.5000000000000001
2017-11-28,0,3.826745082337929,19,36.810941046578904,54.6922390640797,0.2489684903076674,21.40157172247638,79.92662116903124,1.7904251591387532,934.4513016587226,2017-11-29,0,-0.8660254037844386,0.5000000000000001
2017-11-29,0,1.127148909716015,16,32.66233262167426,45.139071574067046,0.0416239399516692,20.306338135482143,68.53248780950192,2.3418188649913745,933.3556170011911,2017-11-30,0,-0.8660254037844386,0.5000000000000001
2017-11-30,0,0.5673698979144579,17,5.521263889968399,42.32445880689039,0.7027421157635221,19.433576826258783,74.37043267709583,2.065365403734734,930.132613519608,2017-12-01,0,-0.5000000000000004,0.8660254037844384
2017-12-01,0,0.48218945311144773,15,2.176708260741917,39.794044742097554,1.1302658905484702,19.81661336554637,79.85614116292751,1.752286342897498,929.6310944331128,2017-12-02,0,-0.5000000000000004,0.8660254037844384
2017-12-02,0,0.4269070485358245,19,1.4764663995617267,39.41455635585663,0.9009279297698136,20.257926312011566,80.1878215570838,2.150421973504248,930.9127551555272,2017-12-03,0,-0.5000000000000004,0.8660254037844384
2017-12-03,0,0.504624912986891,15,1.4137214146341597,34.64342393422285,1.2525912568222537,21.754848698218613,76.89187411556931,1.7972491320841248,929.8063445242476,2017-12-04,0,-0.5000000000000004,0.8660254037844384
2017-12-04,0,0.3949340649904574,15,1.3264660265131694,7.329919369592995,0.0705967813856767,23.18526103159869,73.07513962952949,1.4471589598876862,929.2755734467196,2017-12-05,0,-0.5000000000000004,0.8660254037844384
2017-12-05,0,1.3413492925646298,14,2.2409082705419747,4.844523579819695,0.2796668350566494,22.995156356900928,73.42904828016944,1.9396353636372692,931.8082875050276,2017-12-06,0,-0.5000000000000004,0.8660254037844384
2017-12-06,0,1.3516467732242068,14,3.0879301307792906,5.069021443327887,4.1339963612128825,22.382459813567944,76.23109114013232,1.8465454268795545,931.9141101535124,2017-12-07,0,-0.5000000000000004,0.8660254037844384
2017-12-07,0,7.214533181230263,32,9.907529247019095,11.716184726643693,2.9925864784491374,21.503709841860303,82.69682086679302,1.1925081627451384,929.0587527888008,2017-12-08,1,-0.5000000000000004,0.8660254037844384
2017-12-08,1,12.71369075962995,54,21.279870714084417,23.947686033162192,11.05909935451232,22.08808539338353,84.13797357312262,1.3341591580043068,926.2101676278093,2017-12-09,0,-0.5000000000000004,0.8660254037844384
2017-12-09,0,3.775792577009789,22,23.70401651787,27.296571561636156,0.1668867139726467,22.19157850043672,75.86304265291757,1.551510873089007,927.432439281516,2017-12-10,1,-0.5000000000000004,0.8660254037844384
2017-12-10,1,2.6834373670008964,16,19.172920703640635,29.475384015650164,1.8269279517887216,22.357734655179293,72.0671086271593,1.206152663017794,925.3718479225556,2017-12-11,0,-0.5000000000000004,0.8660254037844384
2017-12-11,0,2.9517835716199574,20,9.41101351563064,32.03223352227966,1.4199380120245415,22.345408443223704,71.65464434895175,1.662361440783195,926.1423809505836,2017-12-12,0,-0.5000000000000004,0.8660254037844384
2017-12-12,0,0.5754427566168998,17,6.21066369523775,31.266326986331933,1.1361213610552403,19.575563697484785,76.28522459230322,3.163332505192691,932.9844793549544,2017-12-13,0,-0.5000000000000004,0.8660254037844384
2017-12-13,0,0.4133443368811386,13,3.9405706651179924,30.328024549988868,2.579095237015732,20.68862620739958,73.7190721834321,2.053347641656089,934.9349087197646,2017-12-14,0,-0.5000000000000004,0.8660254037844384
2017-12-14,0,0.23081332367596719,13,1.219600417174002,23.34430469243457,1.005744598409429,22.679599234896948,70.6965577453656,1.5371995645521197,934.432043234796,2017-12-15,0,-0.5000000000000004,0.8660254037844384
2017-12-15,0,1.8221885575933972,15,2.466346218150499,12.452802490398017,0.4850075437967478,23.10992854107492,72.36827730514683,1.471816608419357,932.3364827141628,2017-12-16,0,-0.5000000000000004,0.8660254037844384
2017-12-16,0,3.6980524964319623,15,5.751054377701323,12.375062409820192,6.711704488328031,23.463235970616125,71.05221587339145,1.3897248532227982,931.8123961544518,2017-12-17,1,-0.5000000000000004,0.8660254037844384
2017-12-17,1,1.335287868886375,13,6.855528922911731,11.026912911705669,0.1133435250678848,24.75347085195788,65.97782980342353,1.7321049470145518,932.1110675775292,2017-12-18,0,-0.5000000000000004,0.8660254037844384
2017-12-18,0,15.142142909410826,45,20.17548327472916,23.21727224949654,7.694563222765545,23.515890114213875,73.14771725834355,1.6927367638186257,934.3128715755718,2017-12-19,0,-0.5000000000000004,0.8660254037844384
2017-12-19,0,0.9506255989716607,13,17.42805637726886,23.592455091851296,5.7222695450741465,23.26855928278614,75.70983779907951,1.9253104563065573,935.5515856326356,2017-12-20,1,-0.5000000000000004,0.8660254037844384
2017-12-20,1,12.730440243587758,39,28.823208751970242,35.90955099855792,10.34913244172401,23.08407693626761,76.42764066476916,1.464589799883954,933.0033647244824,2017-12-21,0,-0.5000000000000004,0.8660254037844384
2017-12-21,0,19.12723528795275,62,32.80830113051216,54.8059729628347,17.11029678563886,20.55326304101829,89.45667908980181,1.102953829137585,932.712644885468,2017-12-22,0,-0.5000000000000004,0.8660254037844384
2017-12-22,0,3.037946392346691,38,34.8956219238872,56.021730797588,6.369593360327675,20.922689785384257,87.66756326747162,1.3295867580404537,932.9534922876616,2017-12-23,0,-0.5000000000000004,0.8660254037844384
2017-12-23,0,0.4278533943294464,16,22.593035074628883,52.75153169548548,3.257704773395265,22.755416669590023,78.74042148941689,1.8103498045200648,932.220346392072,2017-12-24,0,-0.5000000000000004,0.8660254037844384
2017-12-24,0,0.23726487756489725,13,3.703064664241031,51.653508704164004,1.614755737672925,23.60706841842446,76.31676663386548,1.835628580570876,930.6278518066885,2017-12-25,1,-0.5000000000000004,0.8660254037844384
2017-12-25,1,17.95026891722887,49,18.615387189123208,54.46163471198204,20.487162793498957,22.38910506916866,83.23402800521349,1.277735120618691,931.581399820043,2017-12-26,1,-0.5000000000000004,0.8660254037844384
2017-12-26,1,11.446339220566744,47,29.633873015360507,64.95734833357712,5.905107717349733,22.101944377534267,83.97174207939213,1.140327645749046,933.391911025485,2017-12-27,0,-0.5000000000000004,0.8660254037844384
2017-12-27,0,1.0754463929243907,15,30.472054530719998,53.30235448291376,8.065547433453762,23.30253073093702,80.74191691796732,1.4668159380882175,933.9955030811808,2017-12-28,0,-0.5000000000000004,0.8660254037844384
2017-12-28,0,4.252571097254309,28,16.77435671074544,38.42769029221532,2.6067104337882374,22.838951089556545,81.7870288014611,1.392808888884198,932.9996801927998,2017-12-29,0,-0.5000000000000004,0.8660254037844384
2017-12-29,0,3.8329778572061364,44,9.160995347384834,39.22272175707476,7.141502192272496,22.16825271298052,83.10892960972213,1.3977435349858442,931.4760983409416,2017-12-30,0,-0.5000000000000004,0.8660254037844384
2017-12-30,0,13.571816539435483,56,21.657365493895924,52.36668490218079,24.220635830676724,21.11914191680105,88.77256229720227,2.105463098764752,929.847069002266,2017-12-31,1,-0.5000000000000004,0.8660254037844384
2017-12-31,1,15.989981766458026,58,33.39477616309964,68.11940179107393,20.58802162007724,21.68331270696373,86.15780433507969,2.408539658524145,930.232457254594,2018-01-01,0,0.0,1.0
2018-01-01,0,4.1965284352960035,20,33.75832674118951,54.36566130914106,2.88770720103763,22.842803034224158,80.4366604016133,1.5940789011204115,931.054107891522,2018-01-02,1,0.0,1.0
2018-01-02,1,2.105300553966083,19,22.29181075572011,45.0246226425404,3.0702937724091988,22.976129589864232,80.56150988808166,1.8699715178586556,928.2399201341298,2018-01-03,1,0.0,1.0
2018-01-03,1,14.63414248920199,47,20.935971478464072,58.583318738818,13.763146756277436,22.163095134599764,85.02111721568832,1.8013234866560646,927.52383057527,2018-01-04,0,0.0,1.0
2018-01-04,0,2.6943743667903255,19,19.433817409958394,57.02512200835402,1.2271007726374394,22.282062962796903,69.11568849912956,1.9163041845175743,932.343239004054,2018-01-05,0,0.0,1.0
2018-01-05,0,0.7556671087150503,16,18.08418396470736,53.94781125986293,0.2542459983126227,22.294119206093875,71.99371828558998,1.376410549708082,933.298000577684,2018-01-06,0,0.0,1.0
2018-01-06,0,1.2892488236865824,15,4.739290299191955,41.66524354411403,4.805569977047104,22.251256783116222,80.45671371727212,1.440393154055022,932.9140589230508,2018-01-07,1,0.0,1.0
2018-01-07,1,16.13659544973868,55,18.18151138214031,41.81185722739468,18.19412156125924,19.708951282386224,86.87911847571156,1.795588508888398,933.9016451624424,2018-01-08,1,0.0,1.0
2018-01-08,1,12.532987707950292,58,29.958831981375553,50.14831650004898,16.716911228315176,19.717174506444035,90.04107524955856,1.5007626150387192,936.2355337788066,2018-01-09,1,0.0,1.0
2018-01-09,1,3.4760796262317,45,32.14566278392067,51.5190955723146,5.146491546198535,20.66706868479608,86.18571215251836,1.2264798565274109,937.8296530800692,2018-01-10,1,0.0,1.0
2018-01-10,1,5.496981201523991,23,21.50604853570598,42.38193428463659,1.4684464299120523,22.660898358236537,77.6589159964779,1.5635557004566376,938.0954902724462,2018-01-11,1,0.0,1.0
2018-01-11,1,11.593323273000014,25,20.566384100755702,51.28088319084628,6.626808076243551,22.66052053163788,78.63755872250779,1.5878180539382694,936.3482214143856,2018-01-12,0,0.0,1.0
2018-01-12,0,1.5591795566768871,17,18.64948403120089,52.084395638808125,5.227083523147783,20.84252276436996,83.18596127791622,1.2535681601332689,933.8452840260657,2018-01-13,0,0.0,1.0
2018-01-13,0,1.1357831847531064,17,14.288286014430003,51.93092999987464,7.674788790726484,20.91100771979989,82.55877973255963,1.3414320258964323,931.9930193704336,2018-01-14,1,0.0,1.0
2018-01-14,1,1.3105324330726544,17,4.005495174502644,37.104866983208616,6.608051492659733,22.43177715602463,78.75064708925339,1.468399821435041,932.7200377986794,2018-01-15,0,0.0,1.0
2018-01-15,0,1.0485426059561211,15,3.494858223781878,25.620421881214444,12.277449249705462,22.976716096366477,77.06186441762861,1.7096117298493538,933.6417001653743,2018-01-16,1,0.0,1.0
2018-01-16,1,6.790766570152892,17,9.149841609181664,28.935108825135636,6.337043823050464,23.139227454736258,77.26360052699165,1.3132481385412895,935.3541562733402,2018-01-17,1,0.0,1.0
2018-01-17,1,5.844099706260818,34,13.683408882369827,29.282227329872462,2.7760185055246103,23.84891124300946,77.98234714215415,0.9154720214375768,935.0372646638592,2018-01-18,0,0.0,1.0
2018-01-18,0,0.5056625125008918,15,13.140528788914597,18.194566569373343,1.0091699036249058,24.760690330784016,75.52777791932414,1.3875303168962767,934.0203369944974,2018-01-19,1,0.0,1.0
2018-01-19,1,5.568711221410783,35,11.918473440172487,22.20409823410724,5.045820559500898,23.429964683292397,77.14980715058738,1.299283001048086,934.5931925893128,2018-01-20,1,0.0,1.0
2018-01-20,1,10.50985921772232,29,16.584232951633993,31.57817426707645,13.03005392988034,22.493740738234283,81.43787966847563,1.3435223093338418,934.8310205084888,2018-01-21,1,0.0,1.0
2018-01-21,1,11.113704123896763,27,27.192274563029866,41.381345957900564,5.177649620437146,23.310785065070185,78.06743596564613,1.267098774556925,933.7618570094768,2018-01-22,0,0.0,1.0
2018-01-22,0,7.784709026772093,28,29.408272368391174,48.11751237871653,3.16149992461838,24.205556724026597,75.79374844585283,1.2728369384849751,931.6328672007936,2018-01-23,1,0.0,1.0
2018-01-23,1,14.459102560095454,43,33.357515710764304,55.785848368659096,16.01329637766333,24.389526381385128,74.22981351428126,1.5361928412132289,931.6852501924714,2018-01-24,1,0.0,1.0
2018-01-24,1,1.4906394486517096,15,23.734451035519257,51.43238811104999,11.592433091609076,23.387738741100424,78.87551793780726,1.6535117320044288,932.1253646844162,2018-01-25,0,0.0,1.0
2018-01-25,0,2.1643413184461626,16,18.114083327193324,53.09106691699526,3.908484687036789,23.424846193527195,79.99997930280583,1.5875736458375205,932.0720562593668,2018-01-26,0,0.0,1.0
2018-01-26,0,2.556167660672256,25,6.2111484277701265,50.07852335625673,8.811857417463237,22.0276044419288,82.34316309750713,2.1832071169408342,932.9042814286332,2018-01-27,0,0.0,1.0
2018-01-27,0,1.669068430446902,21,6.3895774095653195,41.237732568981315,5.104746941627807,21.3957743306487,79.65848494992262,2.259716410556604,933.221275231791,2018-01-28,1,0.0,1.0
2018-01-28,1,0.9448848415865226,16,5.170120932705679,31.068913286671073,4.933988355726068,23.08431049334623,76.96675129972846,1.5408927654723696,931.2934748604716,2018-01-29,1,0.0,1.0
2018-01-29,1,11.193857175313862,41,13.807810447347286,34.47806143521284,14.66812887230418,22.95618024595354,85.10741282437132,1.1506570904679745,929.1765253923476,2018-01-30,1,0.0,1.0
2018-01-30,1,22.374734352975437,58,34.51347636987582,42.39369322809282,16.91074629719865,19.61799283642424,91.26720095942676,1.384435189687798,929.3433846948568,2018-01-31,0,0.0,1.0
2018-01-31,0,8.527118136771596,25,42.095709665060895,49.43017191621271,9.801979280675276,20.552851423472617,78.10331320968254,1.806240967207088,930.7157448959522,2018-02-01,0,0.49999999999999994,0.8660254037844387
2018-02-01,0,0.9485586079407203,47,31.850411097687754,48.21438920570726,0.6744567928759855,21.36838789198235,74.27113636743043,1.8613326523743376,931.318495470558,2018-02-02,0,0.49999999999999994,0.8660254037844387
2018-02-02,0,0.30918282663858343,44,9.7848595713509,45.967404371673595,0.3650090000109645,21.53869470673304,76.77842183231836,1.700040020504973,929.8576296784254,2018-02-03,0,0.49999999999999994,0.8660254037844387
2018-02-03,0,0.21477529118061686,46,1.4725167257599205,44.513111232407304,0.4111843642311715,21.576237763015406,75.49572232582587,2.324339970139227,929.4782337216664,2018-02-04,0,0.49999999999999994,0.8660254037844387
2018-02-04,0,0.17640804125894557,38,0.7003661590781458,43.74463443207973,0.3196068121797745,20.501757084663605,74.03982513063464,2.32152913673344,931.9892844889828,2018-02-05,0,0.49999999999999994,0.8660254037844387
2018-02-05,0,0.3717163414780275,45,0.76289967391759,32.922493598243896,0.1243042723909721,20.49319850619419,75.15747223919635,2.004786249274713,931.3778405238544,2018-02-06,0,0.49999999999999994,0.8660254037844387
2018-02-06,0,0.831040671663972,46,1.379165054400945,11.378799916932433,0.791243518241047,20.46255195026873,79.82274764795834,1.3928192439536315,930.1696456945396,2018-02-07,0,0.49999999999999994,0.8660254037844387
2018-02-07,0,0.2660018536203134,39,1.468758866762313,3.1176836337811507,1.1962546008659736,21.64287338921469,73.19597113414825,1.2309897539444017,930.944369202146,2018-02-08,0,0.49999999999999994,0.8660254037844387
2018-02-08,0,0.10680382178630261,38,1.203846347070588,2.275928847626733,0.196905065023119,22.581791600025383,67.98297912359313,1.2156966696726743,932.0546040561776,2018-02-09,0,0.49999999999999994,0.8660254037844387
2018-02-09,0,0.02372090792550165,38,0.3965265833321177,1.9904669289136512,0.2208284940006744,24.34640607039468,65.09992591107064,1.4220486334123907,932.685910651774,2018-02-10,1,0.49999999999999994,0.8660254037844387
2018-02-10,1,4.723826644554346,50,4.85435137426615,6.49951828228738,2.6890514191645982,23.856283802549136,72.63383643467229,1.4823899521043993,933.233284381123,2018-02-11,0,0.49999999999999994,0.8660254037844387
2018-02-11,0,0.9203422226559433,46,5.667889775135791,7.243452463684378,3.517666640880293,24.21913436208014,76.59432890994293,1.193180200180962,933.0396098762584,2018-02-12,0,0.49999999999999994,0.8660254037844387
2018-02-12,0,1.1516315057633393,40,6.795800372973629,8.023367627969689,5.480077566121107,23.93408072118234,78.69791724159406,1.1444644970827993,932.5041833702146,2018-02-13,0,0.49999999999999994,0.8660254037844387
2018-02-13,0,2.14286445707863,50,4.2148381854979124,9.335191413384347,6.614621569270985,21.007460934005337,84.44068653662947,2.293774485833934,935.757723644192,2018-02-14,0,0.49999999999999994,0.8660254037844387
2018-02-14,0,1.7413157310463625,48,5.0358116938883315,10.810505290810397,6.22176202240559,19.798989930657747,85.82848498805086,2.1411976414071163,938.5187474220236,2018-02-15,0,0.49999999999999994,0.8660254037844387
2018-02-15,0,0.9013589108426022,44,4.785539098967595,11.605060379866696,5.050290332610508,20.24846915410908,84.20120480144728,1.722836126905661,939.0544577679292,2018-02-16,0,0.49999999999999994,0.8660254037844387
2018-02-16,0,0.1957061334120564,39,2.838380775301021,11.777045605353251,3.5623541050610528,20.590821540017306,79.75802606891992,1.89543673201804,939.100895078906,2018-02-17,0,0.49999999999999994,0.8660254037844387
2018-02-17,0,0.011959640408495429,33,1.109024684663154,7.065178601207401,0.9331107439579642,21.017749583357038,78.04942282484197,1.5269304517099602,936.5913970129984,2018-02-18,0,0.49999999999999994,0.8660254037844387
2018-02-18,0,0.5139129829461755,41,0.7215787567667273,6.658749361497633,8.034248384397717,20.462791697839464,86.6162681580456,1.1867502473178164,933.8680413517766,2018-02-19,0,0.49999999999999994,0.8660254037844387
2018-02-19,0,0.6618251830466761,40,1.187697806401347,6.168943038780969,2.483045875914257,21.758788809372067,80.73941711064647,1.1515590537174103,931.0880117067444,2018-02-20,0,0.49999999999999994,0.8660254037844387
2018-02-20,0,3.1065739423837955,45,4.282312108376647,7.132652524086135,3.732349110037063,22.893916897832945,81.13676587186205,1.7594589272912746,929.4622811714418,2018-02-21,1,0.49999999999999994,0.8660254037844387
2018-02-21,1,1.0845025835254678,44,4.852901708955939,6.475839376565241,4.652978480756532,23.54993215510359,77.19966042134389,1.7532021448096735,929.1829371179342,2018-02-22,1,0.49999999999999994,0.8660254037844387
2018-02-22,1,6.48386395308308,49,10.674940478992344,12.058344418805719,1.32834338998109,23.133874791327663,77.18175880910476,1.1497026418377436,929.9001741837376,2018-02-23,0,0.49999999999999994,0.8660254037844387
2018-02-23,0,1.224971200761474,44,8.793337737370022,13.087609486155136,4.657489983369054,22.32950732805536,76.64097479229557,2.0723610428689967,932.931011054543,2018-02-24,0,0.49999999999999994,0.8660254037844387
2018-02-24,0,0.0029556053100868816,35,7.711790759154641,13.07860545105673,2.320292144715151,21.363607251563725,74.9206481841365,2.069619600047171,935.0158805492688,2018-02-25,0,0.49999999999999994,0.8660254037844387
2018-02-25,0,0.010157938687888432,37,1.2380847447594492,12.574850406798442,1.493076020592209,21.49449872051745,75.24784883936061,1.661441234688014,935.188874393384,2018-02-26,1,0.49999999999999994,0.8660254037844387
2018-02-26,1,32.27028594470946,60,32.28339948870743,44.18331116846122,11.234385851723076,20.99816802826979,83.20743026898886,1.343492202826109,934.3639608621314,2018-02-27,0,0.49999999999999994,0.8660254037844387
2018-02-27,0,5.7944945943523,56,38.07493847774965,46.87123182042973,20.6068437909314,21.623643836263,84.15208064612355,1.0263660694056655,933.4599595843786,2018-02-28,0,0.49999999999999994,0.8660254037844387
2018-02-28,0,1.543128379391733,47,39.60790891845349,47.329857616295996,2.0510272897641983,23.14972956791881,77.91807712046199,1.1512225270006826,932.5196816773304,2018-03-01,1,0.8660254037844386,0.5000000000000001
2018-03-01,1,4.406799649792752,14,11.744422623536785,45.25279331300566,3.948769523738668,23.45756967655582,80.08343340637107,1.020145267369441,934.1887597203504,2018-03-02,0,0.8660254037844386,0.5000000000000001
2018-03-02,0,8.465335885565503,39,14.415263914749989,52.49315799780969,5.921391691611902,23.64978880289588,81.21843389789863,1.0598721279978032,934.390952856324,2018-03-03,0,0.8660254037844386,0.5000000000000001
2018-03-03,0,7.089526157054946,43,19.9616616924132,59.57972854955455,7.232075506399326,22.711084223064155,83.2402337215372,1.0458818278843267,932.8484282377711,2018-03-04,0,0.8660254037844386,0.5000000000000001
2018-03-04,0,7.101433632750957,19,22.656295675371403,66.67100424361762,6.023300623659708,23.29025729787412,82.17443399889675,1.0903595434746478,930.7295579968404,2018-03-05,0,0.8660254037844386,0.5000000000000001
2018-03-05,0,4.008987822609667,18,18.199947612415567,38.40970612151783,1.1270826904887128,23.540636844441213,81.1928544503309,1.1196631179872707,929.870682999856,2018-03-06,1,0.8660254037844386,0.5000000000000001
2018-03-06,1,5.896867083800449,30,17.00728853916107,38.51207861096598,0.989534393619073,23.5150215310576,81.33809171912229,1.1204129014279525,930.2848709459768,2018-03-07,1,0.8660254037844386,0.5000000000000001
2018-03-07,1,8.227409361124138,22,18.13326426753425,45.196359592698386,7.416053654718984,22.97045119928239,84.99659302687219,1.1739797085600028,930.7762457060384,2018-03-08,0,0.8660254037844386,0.5000000000000001
2018-03-08,0,5.678663387540435,20,19.80293983246502,46.468223330446065,7.438121698071059,21.81464575651217,84.76568185027371,1.763748396291159,931.9105666213898,2018-03-09,0,0.8660254037844386,0.5000000000000001
2018-03-09,0,2.8361932212092227,9,16.742265969873795,40.839080666089785,1.647766985108522,22.149672826784776,78.10349034635739,1.5912728289893507,932.7269223401038,2018-03-10,1,0.8660254037844386,0.5000000000000001
2018-03-10,1,6.075418603333787,11,14.590275212083442,39.824973112368625,3.5513151637378035,22.292427009813665,81.03154799392483,1.3760339462347182,931.433964339682,2018-03-11,0,0.8660254037844386,0.5000000000000001
2018-03-11,0,0.3747547714435759,8,9.286366595986584,33.09829425106125,1.137199273595373,23.177595847833977,76.41882671706173,0.9529920420682252,930.067285173145,2018-03-12,1,0.8660254037844386,0.5000000000000001
2018-03-12,1,17.91276996579031,17,24.36294334056767,47.00207639424189,1.3510681101035442,24.0878325976258,75.99957036480153,1.2776269267578837,929.0467483136032,2018-03-13,1,0.8660254037844386,0.5000000000000001
2018-03-13,1,8.767773399771286,30,27.05529813700517,49.872982710212725,1.4860342541665998,23.99045367371329,80.64772477227385,1.1391479257814463,931.227328942145,2018-03-14,1,0.8660254037844386,0.5000000000000001
2018-03-14,1,8.894731456948199,23,35.57527482250979,50.54030480603679,6.215104737099124,25.161862584907663,74.73055894991893,1.46390623121052,932.4210071019056,2018-03-15,1,0.8660254037844386,0.5000000000000001
2018-03-15,1,19.751994921826658,49,37.41449977854614,64.61363634032301,8.77445944215386,24.27869567891025,75.67306190364485,2.119259409657766,933.222631936381,2018-03-16,0,0.8660254037844386,0.5000000000000001
2018-03-16,0,8.2310382206498,16,36.87776459942465,70.00848133976359,7.012130360680541,24.156782007104624,77.30300909332004,1.215612127631048,933.2380878170386,2018-03-17,0,0.8660254037844386,0.5000000000000001
2018-03-17,0,0.6150972395203502,7,28.5981303819968,64.54815997595016,2.803373190278119,23.59944958949985,79.19122303116255,1.1090222124951865,933.3452705010976,2018-03-18,0,0.8660254037844386,0.5000000000000001
2018-03-18,0,0.7326698786690258,9,9.57880533883917,64.90607508317561,0.0150111434334926,23.81197649417073,76.43455059238033,1.1209812046866638,931.485964326302,2018-03-19,1,0.8660254037844386,0.5000000000000001
2018-03-19,1,11.647728045777784,16,12.995495163967153,58.64103316316307,0.1027279776940494,24.3247394074317,77.75719849380442,1.0314358807045274,930.750489575437,2018-03-20,1,0.8660254037844386,0.5000000000000001
2018-03-20,1,26.6152890282946,44,38.9956869527414,76.48854879168638,10.163024506813098,23.980469284845157,80.75378203738406,1.2071554378875768,931.6417139190308,2018-03-21,0,0.8660254037844386,0.5000000000000001
2018-03-21,0,8.324559574709259,52,46.587576648781635,75.91837690944746,14.596479343913645,22.001820029254304,84.74902634616737,1.3459209425604,932.837157670015,2018-03-22,0,0.8660254037844386,0.5000000000000001
2018-03-22,0,8.204234066560762,41,43.14408266956461,64.37061605418155,12.677493869081392,21.768437405970296,82.80395947200257,1.2876845754618251,933.2250739357024,2018-03-23,0,0.8660254037844386,0.5000000000000001
2018-03-23,0,5.704900480387418,16,22.233694121657436,61.84447831391917,2.3499457346979336,23.22328268487459,78.2084085224786,1.3303568904979957,933.5172594967164,2018-03-24,0,0.8660254037844386,0.5000000000000001
2018-03-24,0,3.3086359248969432,13,17.21777047184512,64.53801699929576,2.3843204610473188,23.909516517212797,74.37468944738383,1.6692890348532707,933.9994707964756,2018-03-25,0,0.8660254037844386,0.5000000000000001
2018-03-25,0,1.5630569882281826,9,10.57659339351254,65.36840410885492,1.4567207629341898,23.88750530177624,71.5996951589,1.378994546700688,933.9045904736328,2018-03-26,1,0.8660254037844386,0.5000000000000001
2018-03-26,1,11.116176846891962,28,15.987869760017084,64.83685290996911,8.736064860438061,22.2045379321883,81.39678335305402,1.4529512965096218,934.9190195395204,2018-03-27,1,0.8660254037844386,0.5000000000000001
2018-03-27,1,15.504488832477112,41,28.18372266759725,53.726052714151606,4.128663495042642,21.99021485520623,81.0884675446141,1.343869132910137,936.3916613813886,2018-03-28,1,0.8660254037844386,0.5000000000000001
2018-03-28,1,36.664021658592404,44,63.28468733796147,82.06551479803476,2.700705661581287,21.858108314458,80.96421860748258,1.2270972789252903,936.125119052107,2018-03-29,0,0.8660254037844386,0.5000000000000001
2018-03-29,0,6.634061950284971,34,58.802572441354485,80.49534268175896,3.5463081799302514,22.064482317703806,80.52248026659711,1.3559910669090578,935.5371340708704,2018-03-30,1,0.8660254037844386,0.5000000000000001
2018-03-30,1,19.765227615803155,35,63.06331122468053,94.5556698171747,7.887371889505864,22.044418806688768,80.01737622767507,1.2650396202823548,934.3254208321478,2018-03-31,1,0.8660254037844386,0.5000000000000001
2018-03-31,1,9.565069598643571,39,35.9643591647317,100.81210349092132,4.486745564782035,21.81943857448683,81.89316000006889,1.1326640723011645,933.091236450248,2018-04-01,1,1.0,6.123233995736766e-17
2018-04-01,1,4.261374960931313,54,33.59167217537804,103.51042146362445,4.846719529466555,22.38018626370477,81.39635631074916,1.0424763905654704,931.6469773712636,2018-04-02,0,1.0,6.123233995736766e-17
2018-04-02,0,3.1315970964610935,52,16.958041656035977,95.52584171319359,5.170928362972012,21.837721927262976,84.39958413610492,1.1723115468534877,931.168038329207,2018-04-03,1,1.0,6.123233995736766e-17
2018-04-03,1,3.667729861910857,52,11.060701919303263,83.68908274262733,4.354593841810848,21.718160573237355,85.70226853823293,0.8125867840856581,930.212328690374,2018-04-04,1,1.0,6.123233995736766e-17
2018-04-04,1,3.397244557364122,54,10.196571515736073,50.422305641399056,0.8412384298108764,21.19293791202673,81.3231275739383,0.8635025456843813,931.1571371848084,2018-04-05,0,1.0,6.123233995736766e-17
2018-04-05,0,0.6449293282833778,40,7.709903747558357,44.43317301939746,1.550958572068203,21.2268613124225,77.80680398792293,1.0376293940018435,931.5395485524078,2018-04-06,0,1.0,6.123233995736766e-17
2018-04-06,0,0.6175783651089796,38,4.65975225075648,25.285523768703285,1.296923782458899,21.202694829703137,77.65927447862302,1.2608613670380373,932.8705634854632,2018-04-07,0,1.0,6.123233995736766e-17
2018-04-07,0,0.4411235894822124,36,1.7036312828745697,16.161577759541927,0.6951621472179559,21.294471203396995,76.75374639194112,1.230693073430756,934.541383036385,2018-04-08,0,1.0,6.123233995736766e-17
2018-04-08,0,0.34066502766659673,34,1.3993669822577888,12.24086782627721,0.4446469438522382,21.65615620414294,77.26774455979586,1.3901897011678164,935.898755456084,2018-04-09,0,1.0,6.123233995736766e-17
2018-04-09,0,0.4439074079174716,34,1.2256960250662807,9.553178137733589,0.2141679340014718,21.88367639655939,75.7642315047212,1.5378970891527446,936.358239350072,2018-04-10,0,1.0,6.123233995736766e-17
2018-04-10,0,0.3381111799211438,33,1.122683615505212,6.223559455743875,0.1864542906685184,21.843735630965867,73.78456046183149,1.4837413328030316,936.937091016898,2018-04-11,0,1.0,6.123233995736766e-17
2018-04-11,0,0.01650841135436816,31,0.7985269991929835,2.8428233097341216,0.0387173476680432,21.393250047841928,73.47480195511977,1.4758768739612165,937.1381914263412,2018-04-12,0,1.0,6.123233995736766e-17
2018-04-12,0,0.0,31,0.35461959127551196,2.197893981450744,0.1616689451676505,21.152226088636823,73.46222207145806,1.178408780758466,937.3020286091568,2018-04-13,0,1.0,6.123233995736766e-17
2018-04-13,0,0.0,31,0.01650841135436816,1.5803156163417642,0.1518403823972779,22.395588372519555,72.13331000139632,0.9309458725637938,937.8837907515824,2018-04-14,0,1.0,6.123233995736766e-17
2018-04-14,0,0.007580260730743797,32,0.007580260730743797,1.1467722875902957,2.494668670800218,21.579152827556094,76.41938581419173,1.9056821064906884,940.094352289881,2018-04-15,1,1.0,6.123233995736766e-17
2018-04-15,1,11.769667428766116,55,11.77724768949686,12.575774688689815,7.61069807019952,19.842955312555624,84.41351514080196,2.183885256623164,941.2862323274896,2018-04-16,1,1.0,6.123233995736766e-17
2018-04-16,1,5.629002055960152,54,17.40624974545701,17.760869336732497,3.646703522153864,18.632246008634127,82.69243511649053,2.340872178373677,940.9252269582582,2018-04-17,0,1.0,6.123233995736766e-17
2018-04-17,0,0.5240506044821444,37,17.92272008920841,17.946808761293497,3.0589241220956245,18.711996149258788,76.21315615565669,2.141477106768846,940.95495688777,2018-04-18,0,1.0,6.123233995736766e-17
2018-04-18,0,0.38305311571391826,34,6.536105776156215,18.313353465653048,0.5015433535781814,18.407750132227672,71.88329576360502,1.368331669494927,941.517214128103,2018-04-19,0,1.0,6.123233995736766e-17
2018-04-19,0,0.136303713253745,33,1.0434074334498076,18.44965717890679,1.3082442812634003,18.23208501890753,72.10957392151894,1.0577298333523957,939.965115924076,2018-04-20,0,1.0,6.123233995736766e-17
2018-04-20,0,0.035533222615302854,32,0.5548900515829661,18.485190401522093,0.0387173476680432,18.082789036510924,69.8016814142542,1.021914672841053,938.0910812359878,2018-04-21,0,1.0,6.123233995736766e-17
2018-04-21,0,0.020240358001638262,32,0.19207729387068612,18.49785049879299,0.0847813294514962,17.527807619548238,71.76826976071231,1.2323494478163024,936.4914882117772,2018-04-22,0,1.0,6.123233995736766e-17
2018-04-22,0,0.01574250066794087,32,0.07151608128488199,6.743925570694813,0.0507961370930438,19.20779477815144,75.64550560276686,1.3541427892085856,936.1516327503556,2018-04-23,0,1.0,6.123233995736766e-17
2018-04-23,0,0.06758363334558039,31,0.10356649201515952,1.1825071480802416,0.1027279776940494,19.7677261732106,76.27510435300817,1.224897376401124,937.2271621629932,2018-04-24,0,1.0,6.123233995736766e-17
2018-04-24,0,0.0,31,0.08332613401352126,0.6584565435980972,0.0292741391605558,19.875139433793933,77.54125312887376,1.172281040751926,938.2690529125844,2018-04-25,0,1.0,6.123233995736766e-17
2018-04-25,0,0.007242887472441484,30,0.07482652081802187,0.28264631535662044,0.1515520258130888,20.61688921171019,76.14793085800461,1.1826966427887475,938.681074864122,2018-04-26,0,1.0,6.123233995736766e-17
2018-04-26,0,0.004221731102220373,30,0.011464618574661857,0.15056433320509582,1.213415631879681,20.91102062123855,77.68657858340833,1.1167947072177606,937.7148339991886,2018-04-27,0,1.0,6.123233995736766e-17
2018-04-27,0,0.06625282969478247,31,0.07771744826944432,0.18128394028457542,0.2815834699863919,21.47613527289999,76.17773238966583,1.3307696166023235,937.6584103609893,2018-04-28,0,1.0,6.123233995736766e-17
2018-04-28,0,0.1277631024168914,31,0.19823766321389424,0.28880668469982856,1.116822605278628,21.448994732139752,76.39354019723856,1.2107767729129348,938.1095072091948,2018-04-29,0,1.0,6.123233995736766e-17
2018-04-29,0,0.009896011382479449,31,0.2039119434941533,0.2829601954143672,0.1186551277791388,21.36055010454612,74.23650758220468,1.168150294874131,937.4443911383664,2018-04-30,0,1.0,6.123233995736766e-17
2018-04-30,0,0.02295812667575057,31,0.1606172404751214,0.2383346887445373,0.0560209002844954,20.95269782492838,71.34709636553949,1.026284983173148,936.7025009032586,2018-05-01,0,0.8660254037844387,-0.4999999999999998
2018-05-01,0,0.004460221983482924,53,0.03731436004171294,0.24279491072802023,0.0929056632662994,20.465191355476904,74.66051012334474,0.9893096760753216,937.6251810251229,2018-05-02,0,0.8660254037844387,-0.4999999999999998
2018-05-02,0,0.012208293774328593,53,0.039626642433562086,0.24776031702990736,0.3704938244134071,21.023865288679914,75.70240535611765,1.214580662548106,938.7265733199132,2018-05-03,0,0.8660254037844387,-0.4999999999999998
2018-05-03,0,0.0024112140967225467,53,0.019079729854534065,0.24594980002440953,0.0537198750864455,21.36449610509394,72.275208195512,1.152445429665853,937.736377136745,2018-05-04,0,0.8660254037844387,-0.4999999999999998
2018-05-04,0,0.0016985773760387795,52,0.016318085247089918,0.18139554770566585,0.1288762626565339,21.17388484194262,70.97803990751848,1.0164828209151269,937.0532452274512,2018-05-05,0,0.8660254037844387,-0.4999999999999998
2018-05-05,0,0.0,52,0.004109791472761326,0.053632445288774436,0.0367096358932451,21.321554465362865,71.83461651818396,1.034070485182366,937.7130143347364,2018-05-06,0,0.8660254037844387,-0.4999999999999998
2018-05-06,0,0.0,52,0.0016985773760387795,0.04373643390629499,0.8202258534869155,20.617119885232334,74.9822360159363,1.6353226357078332,939.3916113989162,2018-05-07,0,0.8660254037844387,-0.4999999999999998
2018-05-07,0,0.27829260545785073,52,0.27829260545785073,0.29907091268839514,1.428959554793332,20.17025712913089,76.75223008859497,1.89443494648038,940.0145799869638,2018-05-08,0,0.8660254037844387,-0.4999999999999998
2018-05-08,0,0.01031865321467813,52,0.28861125867252885,0.3049293439195903,3.521758816012793,19.17785648901643,80.09990739086054,1.8098875808634216,939.6567241414888,2018-05-09,0,0.8660254037844387,-0.4999999999999998
2018-05-09,0,0.0024459954056712096,52,0.29105725407820005,0.2951670455509329,0.0272546410030919,19.07122354669384,74.38156530783833,1.4477125677834748,939.5875709865406,2018-05-10,0,0.8660254037844387,-0.4999999999999998
2018-05-10,0,0.0024459954056712096,52,0.01521064402602055,0.29520182685988167,0.0423891933091881,19.083665557244885,72.4174312178593,1.1929552182249847,937.7454450449342,2018-05-11,0,0.8660254037844387,-0.4999999999999998
2018-05-11,0,0.004891990811342419,52,0.009783981622684838,0.29839524029518527,0.0559751588284825,19.23804917385614,71.75777713935864,1.2623703943290805,935.9182623382115,2018-05-12,0,0.8660254037844387,-0.4999999999999998
2018-05-12,0,0.0,52,0.007337986217013629,0.29839524029518527,0.0824401203430019,20.123608771583346,72.35233281182838,1.0523994766789595,933.7424580123104,2018-05-13,0,0.8660254037844387,-0.4999999999999998
2018-05-13,0,0.0746307496292398,52,0.07952274044058222,0.37302598992442504,0.188258083695138,19.213463087095967,77.55150173373961,1.2091359700894908,936.1819601886,2018-05-14,0,0.8660254037844387,-0.4999999999999998
2018-05-14,0,0.0016985773760387795,52,0.07632932700527857,0.09643196184261311,0.1800730586747456,18.87509753305234,76.07155897441558,1.4730595830068858,937.3154014867224,2018-05-15,0,0.8660254037844387,-0.4999999999999998
2018-05-15,0,0.054701559804708984,52,0.13103088680998756,0.14081486843264396,1.0340059977493816,19.140373747394072,81.59018017362604,1.3644270494293331,936.0972280728586,2018-05-16,0,0.8660254037844387,-0.4999999999999998
2018-05-16,0,0.14912107218975718,52,0.20552120937050494,0.28748994521672994,0.7838528443102604,19.70031027181127,80.12326266240805,1.076841544037249,935.0324354085408,2018-05-17,0,0.8660254037844387,-0.4999999999999998
2018-05-17,0,0.06310688038190082,52,0.266929512376367,0.34815083019295956,0.8942983077886177,19.781613520595208,79.33375807748658,1.381102630448008,936.2100813800683,2018-05-18,0,0.8660254037844387,-0.4999999999999998
2018-05-18,0,0.5815679738939987,52,0.7937959264656567,0.9248268132756159,0.7774830378635293,20.35497515162325,76.72221372708549,1.4699658134773108,934.3342009576036,2018-05-19,1,0.8660254037844387,-0.4999999999999998
2018-05-19,1,8.907927623958058,52,9.552602478233958,9.832754437233673,10.874515136745153,19.012476553365808,80.83492925716727,1.8841199597633684,930.1461429766292,2018-05-20,0,0.8660254037844387,-0.4999999999999998
2018-05-20,0,0.8794497229019379,52,10.368945320753996,10.637573410506372,0.0615407957629363,13.709567184048584,69.54890172375106,2.7872842302327,932.600416864545,2018-05-21,0,0.8660254037844387,-0.4999999999999998
2018-05-21,0,0.3119942855234805,52,10.099371632383477,10.947869118653813,0.0631164742081577,11.94170025510664,71.78763493562232,0.7687743072068063,935.695895047824,2018-05-22,0,0.8660254037844387,-0.4999999999999998
2018-05-22,0,0.19759364056233975,51,1.3890376489877583,11.090761199411443,0.0943207519669494,13.705273900816133,73.70841450403745,0.8737031670138151,937.1316026844756,2018-05-23,0,0.8660254037844387,-0.4999999999999998
2018-05-23,0,0.05937887619093018,52,0.5689668022767504,11.001019003412615,0.027152568405186,14.519910285486514,77.15506529370091,1.0820427307411868,939.2280455058584,2018-05-24,0,0.8660254037844387,-0.4999999999999998
2018-05-24,0,0.02101473302596572,52,0.27798724977923567,10.958926856056681,0.0280059395100899,16.14199189074604,76.72868275696166,1.6422739767357517,941.4760906890008,2018-05-25,0,0.8660254037844387,-0.4999999999999998
2018-05-25,0,0.005017777462895296,52,0.0854113866797912,10.382376659625578,0.143544806756039,16.985358947460316,78.28041585686186,1.452205961677196,940.8758516814704,2018-05-26,0,0.8660254037844387,-0.4999999999999998
2018-05-26,0,0.002508888731447648,52,0.028541399220308662,1.4769579243989686,0.9043876880717348,17.428576496766052,77.57291974239595,1.4307545138243247,940.0538345287736,2018-05-27,0,0.8660254037844387,-0.4999999999999998
2018-05-27,0,0.003763333097171473,52,0.011289999291514417,0.6012715345942021,0.0487141775106959,17.322921617323964,75.76087354715779,1.4260568263722546,941.2687262016518,2018-05-28,0,0.8660254037844387,-0.4999999999999998
2018-05-28,0,0.0049628902710691005,52,0.011235112099688221,0.2942401393417907,0.0297256878978152,16.567796958851858,74.18923970650381,1.7310492044004424,942.0358073813156,2018-05-29,0,0.8660254037844387,-0.4999999999999998
2018-05-29,0,0.004308265622630385,52,0.013034488990870959,0.10095476440208138,0.0344274196628078,16.382010553560338,72.34627079341061,1.5260167747808036,941.7053290186911,2018-05-30,0,0.8660254037844387,-0.4999999999999998
2018-05-30,0,0.004140774585636014,52,0.0134119304793355,0.04571666279678722,0.026187477267542,16.580613555412665,70.11646457438293,1.4512537949289128,940.177635159244,2018-05-31,1,0.8660254037844387,-0.4999999999999998
2018-05-31,1,0.0013351960908526063,44,0.009784236299119006,0.0260371258616741,0.0327870274256066,16.756836064003767,68.32727504859578,1.0941608181413995,936.9228496015644,2018-06-01,0,0.49999999999999994,-0.8660254037844387
2018-06-01,0,0.0,49,0.0054759706764886205,0.021019348398778805,0.0107738695828373,18.21297582731704,63.62243515430978,1.1878891546603076,935.1729724120876,2018-06-02,0,0.49999999999999994,-0.8660254037844387
2018-06-02,0,0.0,49,0.0013351960908526063,0.018510459667331156,0.3395517330011253,18.261171724159084,65.86794370092085,1.0754902968288722,936.2568551369576,2018-06-03,0,0.49999999999999994,-0.8660254037844387
2018-06-03,0,0.9780019772478388,51,0.9780019772478388,0.9927491038179984,1.783107506166438,17.170435752272383,82.85726246355404,1.5476420927956358,939.3683725749931,2018-06-04,0,0.49999999999999994,-0.8660254037844387
2018-06-04,0,0.12662896690091263,49,1.1046309441487514,1.114415180447842,0.2936670586201734,15.269576802410942,82.04302267363941,1.7051590123533988,941.1629348105748,2018-06-05,0,0.49999999999999994,-0.8660254037844387
2018-06-05,0,0.07486113094253331,49,1.1794920750912847,1.184968045767745,1.035733778780476,16.055281357948502,84.95389083670206,0.8043814524802247,936.1449856944351,2018-06-06,0,0.49999999999999994,-0.8660254037844387
2018-06-06,0,0.13281930543809686,48,0.3343094032815428,1.3136465766202057,0.1618253349415302,17.78493540498282,83.48514889539273,1.1675767692026493,932.8149800836006,2018-06-07,0,0.49999999999999994,-0.8660254037844387
2018-06-07,0,2.6454152128397945,50,2.8530956492204247,3.9577265933691477,6.375194555917436,17.868892751594633,88.03092712092173,1.346286992289674,934.546645748062,2018-06-08,0,0.49999999999999994,-0.8660254037844387
2018-06-08,0,1.015994125851302,50,3.794228644129194,4.97372071922045,0.8023277335133762,16.704283122673015,79.86574061365329,1.394867064361088,937.5175198339416,2018-06-09,0,0.49999999999999994,-0.8660254037844387
2018-06-09,0,0.2184644540540906,48,3.879873792745187,5.192185173274541,0.0625510459986473,15.684921522977696,80.91691220260478,0.967892268294982,939.1630712691764,2018-06-10,0,0.49999999999999994,-0.8660254037844387
2018-06-10,0,0.0465971834542272,48,1.2810557633596198,4.260780379480929,0.051401068493416,18.42154288841075,81.4667039231916,1.2376135841107243,936.90053045052,2018-06-11,0,0.49999999999999994,-0.8660254037844387
2018-06-11,0,0.003965537445073075,47,0.26902717495339085,4.138116950025089,0.0585777624887906,20.7641082411054,75.1236020314886,1.5127642600914186,935.5710991406428,2018-06-12,0,0.49999999999999994,-0.8660254037844387
2018-06-12,0,0.01316271544931781,47,0.06372543634861808,4.076418534531873,0.6711252789288763,21.50069248830161,71.50030483202188,1.6640498559212311,934.7399496118884,2018-06-13,1,0.49999999999999994,-0.8660254037844387
2018-06-13,1,6.257403480013006,50,6.2745317329073975,10.201002709106783,3.049770384833891,20.55225426788889,82.4268284648306,1.2195299513990512,936.4277224795107,2018-06-14,1,0.49999999999999994,-0.8660254037844387
2018-06-14,1,1.3365725679920264,50,7.60713876345435,8.892160064259015,0.8930935740258746,17.171268561050308,86.04553870202834,1.924128028330707,939.8577947039064,2018-06-15,0,0.49999999999999994,-0.8660254037844387
2018-06-15,0,1.1592204536835244,50,8.753196501688556,9.035386392091237,1.695286691977102,15.185083197582609,86.02361102039998,1.611405312215391,941.6237929943892,2018-06-16,0,0.49999999999999994,-0.8660254037844387
2018-06-16,0,1.0025499174533061,50,3.498342939128857,9.819471855490452,2.4188730263024367,14.561482996965076,86.27224888754566,1.9507323186245689,943.0665043097904,2018-06-17,0,0.49999999999999994,-0.8660254037844387
2018-06-17,0,0.06823733084579335,48,2.2300077019826237,9.841112002882019,0.6363608693487602,15.378046685016669,83.71133897474073,1.5796292053212513,943.9610447787506,2018-06-18,0,0.49999999999999994,-0.8660254037844387
2018-06-18,0,0.04473895162876499,48,1.1155261999278645,9.88188541706571,1.406618637095736,16.321997073133026,82.54762909373066,1.52048613032789,944.0260803999706,2018-06-19,0,0.49999999999999994,-0.8660254037844387
2018-06-19,0,0.052382255488822416,47,0.16535853796338076,9.921104957105216,0.2473612514688326,17.541424570506923,78.70465843283742,1.5575109666821527,943.0933649567736,2018-06-20,0,0.49999999999999994,-0.8660254037844387
2018-06-20,0,0.09984545920869439,48,0.1969666663262818,3.7635469363009038,0.1031795264313088,17.649191767682225,76.9535392942773,1.0524899933185872,942.0098642551033,2018-06-21,0,0.49999999999999994,-0.8660254037844387
2018-06-21,0,0.48269052625982356,49,0.6349182409573404,2.9096648945687007,0.10975189190518,17.62744579819798,74.641949440061,0.9326605918546148,939.6459897829254,2018-06-22,0,0.49999999999999994,-0.8660254037844387
2018-06-22,0,0.19613580028047586,48,0.7786717857489938,1.9465802411656523,0.0280316807432766,17.751925563075332,72.01686276968462,0.7282088729080651,938.5124780082728,2018-06-23,0,0.49999999999999994,-0.8660254037844387
2018-06-23,0,0.2556891842414547,48,0.9345155107817541,1.1997195079538008,0.0158274632746244,18.22775923549852,71.29079519426728,1.177198170928409,937.453582192864,2018-06-24,0,0.49999999999999994,-0.8660254037844387
2018-06-24,0,0.00400077471289737,47,0.45582575923482793,1.1354829518209049,0.0280316807432766,20.550977794586103,64.74859949345108,1.0438411777302676,937.469058561158,2018-06-25,0,0.49999999999999994,-0.8660254037844387
2018-06-25,0,0.001380774915461134,44,0.2610707338698132,1.092124775107601,0.0272546410030919,19.223095697218422,67.60702060938637,1.2453476077924452,936.6113698866504,2018-06-26,0,0.49999999999999994,-0.8660254037844387
2018-06-26,0,0.0,46,0.0053815496283585035,1.0397425196187786,0.0107738695828373,18.49269973408497,62.18332911313632,0.8958318152283016,935.5900293458944,2018-06-27,0,0.49999999999999994,-0.8660254037844387
2018-06-27,0,0.035165007501781385,47,0.03654578241724252,0.9750620679118656,0.130997706244723,17.43312484853773,72.33763310909288,1.331731099372755,937.5337381509646,2018-06-28,0,0.49999999999999994,-0.8660254037844387
2018-06-28,0,0.0,45,0.035165007501781385,0.49237154165204206,0.0335640671657912,18.24133505855041,73.15388847325241,1.0781367131425652,938.4436378673884,2018-06-29,0,0.49999999999999994,-0.8660254037844387
2018-06-29,0,0.0,45,0.035165007501781385,0.29623574137156616,0.048025340428582,18.139656893266107,69.57435889429907,1.2481270359886696,937.6454320284406,2018-06-30,0,0.49999999999999994,-0.8660254037844387
2018-06-30,0,0.0,45,0.0,0.04054655713011147,0.0224110916626912,17.613222726927,70.33391519093995,0.992976388861142,935.49086519189,2018-07-01,0,1.2246467991473532e-16,-1.0
2018-07-01,0,0.0,48,0.0,0.036545782417214095,0.0805703675821134,18.02487437913843,72.52012700128127,1.1304940908241756,935.5766352045594,2018-07-02,0,1.2246467991473532e-16,-1.0
2018-07-02,0,0.0010830372065903687,48,0.0010830372065903687,0.036248044708343335,0.0400480087433932,18.374810033542225,69.1752822257466,1.0595171891381812,935.141943967186,2018-07-03,0,1.2246467991473532e-16,-1.0
2018-07-03,0,0.005900963566290274,48,0.006984000772880642,0.04214900827463361,0.1859263724659451,17.341289725075637,74.61573801951974,1.3335176312437358,936.5349061541089,2018-07-04,0,1.2246467991473532e-16,-1.0
2018-07-04,0,0.0017214383763597592,46,0.008705439149240402,0.00870543914921198,0.4021785798874085,17.669404840400222,78.0999003955661,1.2911071385212285,937.6453768867945,2018-07-05,0,1.2246467991473532e-16,-1.0
2018-07-05,0,0.07792452701417703,48,0.08554692895682706,0.08662996616338901,0.1050550682058082,18.2584608858192,73.99261683114167,1.0483412839928512,937.8136408110686,2018-07-06,0,1.2246467991473532e-16,-1.0
2018-07-06,0,0.0,47,0.07964596539053678,0.08662996616338901,0.0286147862461208,18.33440760499922,69.48773882786207,1.0117061573704806,938.4092146809752,2018-07-07,0,1.2246467991473532e-16,-1.0
2018-07-07,0,0.0,47,0.07792452701417703,0.08662996616338901,0.0199936596853054,17.972736319919797,69.91224306010139,1.3132423477172686,937.4689254660482,2018-07-08,0,1.2246467991473532e-16,-1.0
2018-07-08,0,0.0,47,0.0,0.08662996616338901,0.0315445690083274,17.90667125484438,65.63262861498285,1.0720801119541032,936.2516659773552,2018-07-09,0,1.2246467991473532e-16,-1.0
2018-07-09,0,0.013818045283209146,47,0.013818045283209146,0.0993649742400078,0.6152757254655477,17.355697848670317,72.12306649467799,1.354594993301235,937.0632652733456,2018-07-10,0,1.2246467991473532e-16,-1.0
2018-07-10,0,0.02198998030229856,48,0.035808025585507705,0.11545399097601608,0.7483926435857086,13.083911700101028,82.0007443900636,1.9147033538770013,939.2611398452232,2018-07-11,0,1.2246467991473532e-16,-1.0
2018-07-11,0,0.06595476260503534,46,0.10176278819054305,0.17968731520469167,0.0422767755879802,10.858579709205396,77.59907064467104,1.4839386790242213,941.0398605151232,2018-07-12,0,1.2246467991473532e-16,-1.0
2018-07-12,0,0.0,45,0.0879447429073339,0.10176278819051462,0.0401756501733192,11.430240355658013,73.46621727394778,1.2621989365072157,941.192217375006,2018-07-13,0,1.2246467991473532e-16,-1.0
2018-07-13,0,0.0,45,0.06595476260503534,0.10176278819051462,0.0398601192748576,13.598019306032288,66.58922074100326,0.8113750432506643,939.3543221083244,2018-07-14,0,1.2246467991473532e-16,-1.0
2018-07-14,0,0.0,45,0.0,0.10176278819051462,0.0,16.852082628151297,59.43467982063241,0.8177893968385195,938.117467048869,2018-07-15,0,1.2246467991473532e-16,-1.0
2018-07-15,0,0.0,45,0.0,0.10176278819051462,0.0107738695828373,17.524020405264864,62.352621787033584,1.0778863624570478,937.9192871291036,2018-07-16,0,1.2246467991473532e-16,-1.0
2018-07-16,0,0.0,45,0.0,0.08794474290730547,0.0064839415776019,18.309305736606326,60.36411679807314,1.0133228570257051,939.6068910084946,2018-07-17,0,1.2246467991473532e-16,-1.0
2018-07-17,0,0.0,45,0.0,0.06595476260500692,0.0107738695828373,18.233926467310184,62.25917659360167,1.5038252385401607,940.567028774582,2018-07-18,0,1.2246467991473532e-16,-1.0
2018-07-18,0,0.0,45,0.0,0.0,0.0227901975829539,18.02712424789756,68.00592556632922,1.1320529043088308,939.4372639715972,2018-07-19,0,1.2246467991473532e-16,-1.0
2018-07-19,0,0.0016470467449251666,45,0.0016470467449251666,0.0016470467448967449,0.0439588308283659,18.81266136336192,66.19852232302969,1.1590148188935303,937.6977268015268,2018-07-20,0,1.2246467991473532e-16,-1.0
2018-07-20,0,0.0,45,0.0016470467449251666,0.0016470467448967449,0.0107738695828373,19.347609685495485,64.58001092089413,1.3923786477977227,936.8156087283796,2018-07-21,0,1.2246467991473532e-16,-1.0
2018-07-21,0,0.0,45,0.0016470467449251666,0.0016470467448967449,0.0840928797597569,18.28558850345135,69.10844747127103,1.311428416928332,937.4477093549204,2018-07-22,0,1.2246467991473532e-16,-1.0
2018-07-22,0,0.043184375773776464,45,0.043184375773776464,0.04483142251867321,0.2343814439281917,17.310224775296977,77.55812748557065,2.0482581134785742,940.0725711744848,2018-07-23,0,1.2246467991473532e-16,-1.0
2018-07-23,0,0.001111663130340308,45,0.04429603890411677,0.04594308564901352,0.0456275156176821,18.37314219042611,70.93046231246899,1.2811328041166865,940.7989736235476,2018-07-24,0,1.2246467991473532e-16,-1.0
2018-07-24,0,0.0,45,0.04429603890411677,0.04594308564901352,0.1068462333040941,16.520672336445156,77.07752548568999,1.934464733547027,942.0093525768908,2018-07-25,0,1.2246467991473532e-16,-1.0
2018-07-25,0,0.0,43,0.001111663130340308,0.04594308564901352,0.037000539155437,17.583206963438144,75.04515308952732,1.7846435694988505,942.5617990769229,2018-07-26,0,1.2246467991473532e-16,-1.0
2018-07-26,0,0.0,43,0.0,0.04429603890408835,0.2774701305875133,18.07285609100761,70.56657652741609,1.360803558258603,941.1561489003138,2018-07-27,0,1.2246467991473532e-16,-1.0
2018-07-27,0,0.0,44,0.0,0.04429603890408835,0.02077069942549,18.10398243395619,67.72404597135396,1.2251040887415277,939.3311201633312,2018-07-28,0,1.2246467991473532e-16,-1.0
2018-07-28,0,0.0,44,0.0,0.04429603890408835,0.02077069942549,18.849824010823674,62.853209514929816,1.2720283346412442,937.4602092086852,2018-07-29,0,1.2246467991473532e-16,-1.0
2018-07-29,0,0.0,43,0.0,0.0011116631303118862,0.0539674470536844,19.94259235103711,58.17397737429273,1.6062237469523994,934.7656537965302,2018-07-30,1,1.2246467991473532e-16,-1.0
2018-07-30,1,0.007096671638269592,43,0.007096671638269592,0.0070966716382411706,2.083310826996428,18.516783229866064,68.74380045193479,1.710896945470707,934.2103551817625,2018-07-31,1,1.2246467991473532e-16,-1.0
2018-07-31,1,14.956474498156297,43,14.963571169794566,14.963571169794537,8.624404254314038,15.902082430431864,86.06178860372697,1.75970720294569,935.6808072537616,2018-08-01,0,-0.4999999999999997,-0.8660254037844388
2018-08-01,0,3.962227834029071,38,18.925799003823638,18.92579900382361,2.7902055534889927,13.541131393087994,87.32019420862872,2.0948633895152127,938.0903864018164,2018-08-02,0,-0.4999999999999997,-0.8660254037844388
2018-08-02,0,2.6492474567398414,38,21.56794978892521,21.57504646056345,3.1984990296441462,15.16554954129641,85.69043189476244,1.6496570234333343,938.248679811524,2018-08-03,1,-0.4999999999999997,-0.8660254037844388
2018-08-03,1,10.746829768317161,41,17.358305059086074,32.32187622888061,17.789403446424945,15.158635194744296,92.10901860558238,1.2514567084966424,936.3672869353268,2018-08-04,0,-0.4999999999999997,-0.8660254037844388
2018-08-04,0,5.2219746990508,31,18.618051924107803,37.54385092793141,2.6653266976490047,16.295606976422512,86.03351233875796,1.0651037934544012,934.75540430691,2018-08-05,0,-0.4999999999999997,-0.8660254037844388
2018-08-05,0,2.121723882409417,23,18.09052834977738,39.66557481034083,0.1740289317317919,16.47314155690689,85.96754290746475,0.7639082258911223,935.472599252202,2018-08-06,1,-0.4999999999999997,-0.8660254037844388
2018-08-06,1,7.99742129519571,40,15.341119876655927,47.65589943389826,11.091764363793509,14.16786436146304,92.3961482263152,0.8828055333197258,939.3284481125849,2018-08-07,0,-0.4999999999999997,-0.8660254037844388
2018-08-07,0,2.1075585949985793,25,12.226703772603706,34.80698353074055,0.5396757118497919,14.962266369133932,85.68908837927935,1.3308315124355403,939.6842853687484,2018-08-08,0,-0.4999999999999997,-0.8660254037844388
2018-08-08,0,2.4956236451330986,22,12.600603535327387,33.34037934184458,0.0782392196399088,17.47204512289092,78.57288457039664,1.360815450332896,939.187044663886,2018-08-09,0,-0.4999999999999997,-0.8660254037844388
2018-08-09,0,1.6441220425120413,32,6.24730428264372,32.33525392761678,3.543872177560275,18.72659142453562,78.83574246579386,2.340165027141884,935.4102440452896,2018-08-10,0,-0.4999999999999997,-0.8660254037844388
2018-08-10,0,0.6396592992134553,20,4.779404986858595,22.228083458513073,0.3062282620194964,15.051666992747952,64.20570825350862,2.330179488194588,934.662592894286,2018-08-11,0,-0.4999999999999997,-0.8660254037844388
2018-08-11,0,0.504573097421783,19,2.7883544391472794,17.510681856884055,0.0121784762354654,13.77397084325883,65.03716052018751,1.0570449112358056,936.5166136095122,2018-08-12,1,-0.4999999999999997,-0.8660254037844388
2018-08-12,1,0.705522689888207,19,1.8497550865234453,16.094480664362845,0.0349686738184193,13.224004867557372,74.34044066538435,1.524180242253929,939.274476391498,2018-08-13,0,-0.4999999999999997,-0.8660254037844388
2018-08-13,0,0.24233198951610851,18,1.4524277768260985,8.339391358683244,0.0227901975829539,14.41784397857282,74.13169934288138,1.813486768280634,938.3186246818124,2018-08-14,0,-0.4999999999999997,-0.8660254037844388
2018-08-14,0,0.1405571570335994,18,1.088411836437915,6.372389920718264,0.0897471156856355,17.133342802117195,67.5852841624444,1.3704195301586513,936.6807498559116,2018-08-15,0,-0.4999999999999997,-0.8660254037844388
2018-08-15,0,0.1267776033644225,15,0.5096667499141304,4.003543878949588,0.094467004534337,15.440373847782508,78.25430607334383,1.7749589419702922,937.5903604735064,2018-08-16,0,-0.4999999999999997,-0.8660254037844388
2018-08-16,0,0.6339764391567186,22,0.9013111995547405,2.993398275594266,0.2701762843016763,15.730970962633965,80.64568510430611,2.234750465851362,941.5776019026436,2018-08-17,1,-0.4999999999999997,-0.8660254037844388
2018-08-17,1,0.20079167246965277,18,0.9615457149907939,2.5545306488504633,0.425963006769872,15.910333745017915,80.00856122279373,2.3979161827461426,943.5725696510632,2018-08-18,0,-0.4999999999999997,-0.8660254037844388
2018-08-18,0,0.12317229055900167,17,0.957940402185373,2.173129841987682,0.5135355768026157,16.742167378637188,76.61247495931643,1.8369205086734752,941.8050104110253,2018-08-19,0,-0.4999999999999997,-0.8660254037844388
2018-08-19,0,0.0862738796630529,15,0.4102378426917073,1.553881031762528,0.0469850018185359,17.91763613348854,70.10916832436622,1.5025411994341635,940.3614598527156,2018-08-20,0,-0.4999999999999997,-0.8660254037844388
2018-08-20,0,0.04445286595971821,15,0.2538990361817728,1.3560019082061376,0.0107738695828373,18.85269795614545,64.06804590246288,1.3057229467666776,940.250282195446,2018-08-21,0,-0.4999999999999997,-0.8660254037844388
2018-08-21,0,0.02889329044200768,15,0.1596200360647788,1.244338041614546,0.0409995638984805,18.48912925809434,65.78303082756722,1.6608706456437694,940.0930380753856,2018-08-22,0,-0.4999999999999997,-0.8660254037844388
2018-08-22,0,0.023744997387970656,15,0.09709115378969654,1.141305435638094,0.1385653177273241,18.289187522281185,69.89708227904654,1.3706080995454106,939.2215052242908,2018-08-23,0,-0.4999999999999997,-0.8660254037844388
2018-08-23,0,0.05599929563010393,18,0.10863758346008226,0.5633282921114794,0.0844340994944871,19.758942906434424,66.85262294898179,1.22391304616599,936.415641991134,2018-08-24,0,-0.4999999999999997,-0.8660254037844388
2018-08-24,0,0.10302184924484392,23,0.18276614226291849,0.4655584688866705,0.2800315882994478,20.485031758026597,66.40517758780946,1.9256406196233664,935.3471783070892,2018-08-25,0,-0.4999999999999997,-0.8660254037844388
2018-08-25,0,7.240914550974422,59,7.399935695849369,7.58330072930209,8.63873540796755,18.94606606476398,79.94036005668184,2.134254183208464,936.3843495014348,2018-08-26,0,-0.4999999999999997,-0.8660254037844388
2018-08-26,0,0.731250077690693,44,8.075186477909957,8.22827692732973,0.0874301919324998,14.715466627820842,82.50237192190589,2.134971542797707,941.3791244597008,2018-08-27,0,-0.4999999999999997,-0.8660254037844388
2018-08-27,0,0.05347667012472604,35,8.025641298789841,8.237300731494738,0.1606413339892718,13.854465939203214,80.256273579044,2.1475833747459667,942.1512290604936,2018-08-28,0,-0.4999999999999997,-0.8660254037844388
2018-08-28,0,0.08126480817225797,37,0.865991555987677,8.289672249224989,0.3901021329095706,17.25053639291859,74.5158760681738,1.9718120266186163,941.6815677328724,2018-08-29,0,-0.4999999999999997,-0.8660254037844388
2018-08-29,0,0.013860980614050375,37,0.14860245891103438,8.279788232451068,0.0561205870949602,18.433253413432887,71.21595137261127,1.5004391780438855,940.5592292823284,2018-08-30,0,-0.4999999999999997,-0.8660254037844388
2018-08-30,0,0.02027330212079669,37,0.11539909090710503,8.244062238941762,0.0172578111604392,19.91447991699686,63.314401984146215,1.763259677697202,937.1400701667116,2018-08-31,0,-0.4999999999999997,-0.8660254037844388
2018-08-31,0,0.009610633373522871,37,0.04374491610836993,8.15065102307044,0.0538693479141867,20.84483671669262,58.37103611758656,1.3421563948696955,934.4462532638444,2018-09-01,0,-0.8660254037844385,-0.5000000000000004
2018-09-01,0,0.0,13,0.029883935494319558,0.9097364720960185,0.0,21.0347668606351,60.1748079446274,1.7128265707623358,934.2256707691084,2018-09-02,0,-0.8660254037844385,-0.5000000000000004
2018-09-02,0,0.158611296034598,14,0.16822192940812086,0.33709769043992355,0.0078440868206307,21.36785528311643,63.30861693303372,1.7124408664926172,933.4416180797,2018-09-03,1,-0.8660254037844385,-0.5000000000000004
2018-09-03,1,1.1359545573553969,31,1.2945658533899949,1.4195755776705945,2.489339511615713,18.59793510910106,79.66602472626471,1.947564150636636,932.228725400112,2018-09-04,1,-0.8660254037844385,-0.5000000000000004
2018-09-04,1,11.158570531992405,59,12.4531363853824,12.496881301490742,2.2058284447002303,13.758224579787344,79.6994442663132,2.34270885571548,932.7882571162316,2018-09-05,1,-0.8660254037844385,-0.5000000000000004
2018-09-05,1,3.702775136127702,38,15.997300225475504,16.185795457004396,0.7310879472429211,13.376280097572993,78.51384738994231,2.2719684264746576,938.5175039283218,2018-09-06,1,-0.8660254037844385,-0.5000000000000004
2018-09-06,1,0.6542758206995001,18,15.515621488819606,16.819797975583096,0.0331849612455286,14.86203562593355,71.2558327991311,2.168960891980411,940.2856929759348,2018-09-07,0,-0.8660254037844385,-0.5000000000000004
2018-09-07,0,0.14027896611450585,13,4.497329922941708,16.950466308324078,0.059581244462242,17.58672464809512,66.98424534481799,1.5429632485221678,939.3875949737852,2018-09-08,1,-0.8660254037844385,-0.5000000000000004
2018-09-08,1,0.12136852764564124,13,0.9159233144596471,17.07183483596972,0.0227901975829539,18.13435432127769,68.15974276592665,1.6632472648408898,938.216864234318,2018-09-09,1,-0.8660254037844385,-0.5000000000000004
2018-09-09,1,0.030808621222462175,13,0.29245611498260926,16.944032161157587,0.0120163280001165,17.65058493788411,70.98722123182847,1.8583340096204108,937.8836999180098,2018-09-10,0,-0.8660254037844385,-0.5000000000000004
2018-09-10,0,0.0,13,0.1521771488681034,15.808077603802188,0.0598679390645426,18.065026097055075,67.77711708118849,2.090591672932512,937.4316409750304,2018-09-11,0,-0.8660254037844385,-0.5000000000000004
2018-09-11,0,0.010445643289690698,14,0.041254264512152874,4.6599527150994735,0.0235322604618922,17.761837481957553,70.53883145083144,2.4072735810629955,936.364863902772,2018-09-12,0,-0.8660254037844385,-0.5000000000000004
2018-09-12,0,0.045482499571157416,15,0.055928142860848115,1.002660078542929,0.3275239537594271,17.93970371567155,71.70935002480309,3.019000464324803,937.3130074755852,2018-09-13,0,-0.8660254037844385,-0.5000000000000004
2018-09-13,0,0.0,12,0.055928142860848115,0.34838425784342897,0.2208368200870566,19.16505572009877,71.4514832254156,2.755951444369276,935.1873538974032,2018-09-14,1,-0.8660254037844385,-0.5000000000000004
2018-09-14,1,18.51571296896686,65,18.561195468538017,18.723818260695783,12.567284979385525,16.92940890305814,89.0413693218483,1.7483364042418728,932.4422506742912,2018-09-15,0,-0.8660254037844385,-0.5000000000000004
2018-09-15,0,5.920365057336825,36,24.436078026303683,24.522814790386967,3.135617158067416,18.192848557638406,85.95050612945462,1.217894764551409,932.0331123770076,2018-09-16,0,-0.8660254037844385,-0.5000000000000004
2018-09-16,0,3.677793572156946,17,28.11387159846063,28.16979974132145,0.7695565598177607,17.520730547764664,78.36883747348408,1.7292192003937603,934.2706482537968,2018-09-17,0,-0.8660254037844385,-0.5000000000000004
2018-09-17,0,3.719412531417701,54,13.317571160911474,31.889212272739154,4.725656810015365,15.914180296044758,88.40688096635125,1.4627210110169886,933.7726818552994,2018-09-18,0,-0.8660254037844385,-0.5000000000000004
2018-09-18,0,3.9433180016181577,15,11.340524105192806,35.82208463106762,0.7079572517641534,19.85917507798471,82.6094181724464,1.681028747007648,931.856130717942,2018-09-19,0,-0.8660254037844385,-0.5000000000000004
2018-09-19,0,0.9251387357048607,13,8.58786926874072,36.70174086720132,0.7823499645188587,22.05628452596454,74.05933038665165,1.2858688981241275,933.1747924379154,2018-09-20,1,-0.8660254037844385,-0.5000000000000004
2018-09-20,1,9.12500679353658,48,13.993463530859598,45.8267476607379,7.957245135376342,19.1222801691248,81.80751321458666,1.7547960511308294,935.7521274644585,2018-09-21,1,-0.8660254037844385,-0.5000000000000004
2018-09-21,1,5.694427567179805,53,15.744573096421245,33.00546225895084,3.2920534348362764,20.21573910206892,80.51757190743106,1.2334902969464592,934.3975854422822,2018-09-22,0,-0.8660254037844385,-0.5000000000000004
2018-09-22,0,0.2570676411258213,15,15.076502001842206,27.342164842739844,0.0635611805501233,20.846903776469347,70.78862567721617,1.2549383743916949,934.6444425922748,2018-09-23,0,-0.8660254037844385,-0.5000000000000004
2018-09-23,0,0.16126199479000955,13,6.112757203095636,23.825633265372907,0.0489384825454384,21.616008764955776,65.47025015523229,1.3189268392236784,933.5081947712266,2018-09-24,0,-0.8660254037844385,-0.5000000000000004
2018-09-24,0,0.1472071782641767,11,0.5655368141800076,20.25342791221938,0.058671234251403,22.24605040073036,61.94538267035429,1.4949046822378715,933.9522083500536,2018-09-25,0,-0.8660254037844385,-0.5000000000000004
2018-09-25,0,0.09716405419337004,13,0.4056332272475563,16.407273964794594,0.0934051924418656,21.08515467132392,70.94891197354113,2.0351747240962017,934.2044891452824,2018-09-26,0,-0.8660254037844385,-0.5000000000000004
2018-09-26,0,0.06402346132736428,12,0.308394693784911,15.546158690417098,0.7194016330374211,22.695763571023768,69.96384135360142,1.6445648263087311,933.0021950384744,2018-09-27,1,-0.8660254037844385,-0.5000000000000004
2018-09-27,1,6.746421361424859,54,6.907608876945593,13.167573258305378,7.390095629394041,21.3279667682184,82.18011586202672,1.5107749709266936,932.3330009500544,2018-09-28,0,-0.8660254037844385,-0.5000000000000004
2018-09-28,0,2.774663627306927,26,9.58510845005915,10.2478093184325,0.511113166382121,20.040498330466527,86.07371005779251,1.5538323388738466,934.8043894266676,2018-09-29,0,-0.8660254037844385,-0.5000000000000004
2018-09-29,0,0.5797179722674755,22,10.10080296099926,10.570459649574154,1.2311736364960886,21.742388280137547,76.33815862091478,1.8683436836244336,934.7623994775636,2018-09-30,1,-0.8660254037844385,-0.5000000000000004
2018-09-30,1,18.239288998593057,60,21.59367059816746,28.648486653377205,5.980617085704065,21.44856776949208,82.59632205004874,1.3669918741278415,933.454370936653,2018-10-01,1,-1.0,-1.8369701987210297e-16
2018-10-01,1,13.818525892321386,34,32.63753286318192,42.31980536743441,6.145457215316923,21.50360081527077,81.42554284560168,1.294402768605937,932.9349155217914,2018-10-02,0,-1.0,-1.8369701987210297e-16
2018-10-02,0,5.174953316304793,16,37.23276820721924,47.39759462954583,1.4354502864944347,22.768378168761423,74.22530853831107,1.2487018447198608,933.4071675335624,2018-10-03,0,-1.0,-1.8369701987210297e-16
2018-10-03,0,1.0292871139632636,13,20.022766322589444,48.36285828218173,7.566138876487033,23.028583525130777,74.79870315421826,1.4761773351837657,932.9810475868856,2018-10-04,0,-1.0,-1.8369701987210297e-16
2018-10-04,0,0.39649330885272693,13,6.600733739120784,42.012930229609594,1.2766704388836667,20.91459025001769,81.98009683251192,2.2747713012460045,935.5577420808868,2018-10-05,0,-1.0,-1.8369701987210297e-16
2018-10-05,0,0.3024269758803851,12,1.7282073986963755,39.54069357818306,0.8585588663914725,18.149904697740944,80.83248534499191,2.6810134745081413,937.1722461119504,2018-10-06,0,-1.0,-1.8369701987210297e-16
2018-10-06,0,1.2027728312314234,20,1.9016931159645354,40.16374843714701,4.260383128198942,16.67294628614325,80.7799745968331,2.187680093681197,936.9894949706264,2018-10-07,0,-1.0,-1.8369701987210297e-16
2018-10-07,0,1.4051376137610938,26,2.910337420872902,23.329597052315044,2.098612311125581,17.97789120811054,84.89526277562823,1.7033780586960283,935.6821811442344,2018-10-08,0,-1.0,-1.8369701987210297e-16
2018-10-08,0,2.534739282796127,46,5.142649727788644,12.045810442789785,10.642969337177142,19.353129192543328,90.99346201049988,1.0133406235409883,934.6390428000468,2018-10-09,1,-1.0,-1.8369701987210297e-16
2018-10-09,1,10.91878006984545,59,14.85865696640267,17.789637196330442,16.38109493862015,21.796217523606977,83.41343663000188,1.5362543999785494,932.3751970235872,2018-10-10,1,-1.0,-1.8369701987210297e-16
2018-10-10,1,1.7274582717519502,17,15.180977624393527,18.487808354119128,13.992397044140471,21.981974614085637,82.13779877483735,1.5702729889215834,932.581326107808,2018-10-11,0,-1.0,-1.8369701987210297e-16
2018-10-11,0,1.507793154234691,29,14.15403149583209,19.599108199501092,9.487915908446112,19.62963379896753,88.09593917264363,2.3237698097141832,936.3887584599752,2018-10-12,0,-1.0,-1.8369701987210297e-16
2018-10-12,0,0.31406748820763525,12,3.5493189141942745,19.610748711828343,2.6073784781002547,21.32450653712176,79.2454716041774,2.073701223127738,936.1225505296908,2018-10-13,0,-1.0,-1.8369701987210297e-16
2018-10-13,0,7.5718546385498335,44,9.393715280992158,25.979830519146756,6.744191361256045,23.215138616270156,78.08779639462409,1.5536900382240888,933.0953893766632,2018-10-14,0,-1.0,-1.8369701987210297e-16
2018-10-14,0,3.4122748486931616,25,11.298196975450628,27.986967754078822,3.921260820248082,20.1807734175262,84.72834780073805,1.7471495200375886,934.023587868768,2018-10-15,1,-1.0,-1.8369701987210297e-16
2018-10-15,1,12.809320272647742,61,23.793449759890734,38.26154874393043,12.57321759590371,19.299827562218294,86.44525772589486,1.324886242900748,932.4193222601572,2018-10-16,1,-1.0,-1.8369701987210297e-16
2018-10-16,1,1.5007901684531328,24,17.722385289794033,28.84355884253812,2.281557308369164,20.61022690543756,82.91888478905088,1.4648323592650838,932.2982751168018,2018-10-17,1,-1.0,-1.8369701987210297e-16
2018-10-17,1,14.533073673630534,36,28.843184114731407,41.6491742444167,5.371196744343678,22.441101513975777,81.48056437713205,1.5600466602770506,932.916408845996,2018-10-18,1,-1.0,-1.8369701987210297e-16
2018-10-18,1,9.42254958766783,61,25.456413429751493,49.56393067784984,12.634974792006483,22.97187863602422,78.72004578655866,1.6292323349928386,932.18064471825,2018-10-19,0,-1.0,-1.8369701987210297e-16
2018-10-19,0,3.0828763681444897,38,27.038499629442853,52.332739557786695,7.6220004284783425,20.20210905947083,84.78984897062342,2.4499214789022186,932.5310217717312,2018-10-20,0,-1.0,-1.8369701987210297e-16
2018-10-20,0,3.2847920784253515,27,15.790218034237668,48.04567699766221,3.274141893997252,17.666497317930506,72.61767936434286,3.3406639663980298,935.5146795600538,2018-10-21,0,-1.0,-1.8369701987210297e-16
2018-10-21,0,0.08300134766814879,11,6.450669794237988,44.7164034966372,0.1077069311394228,17.11913873847461,69.91903796992128,2.514693732003095,935.5289724905058,2018-10-22,0,-1.0,-1.8369701987210297e-16
2018-10-22,0,,0,,,0.1725699100538766,19.357631379305225,71.71010578757428,1.866232028265228,934.9213174192932,2018-10-23,0,-1.0,-1.8369701987210297e-16
2018-10-23,0,0.04076538534202698,10,,,0.2490414588225382,21.23561847458027,72.87967335106083,1.5579503836773032,934.012684946978,2018-10-24,1,-1.0,-1.8369701987210297e-16
2018-10-24,1,10.920978747846453,61,,,13.508571694907127,18.712297334016927,87.9092225748432,2.0376852444612394,935.7020051806312,2018-10-25,1,-1.0,-1.8369701987210297e-16
2018-10-25,1,6.107220102556821,58,17.068964235745298,,14.089922447449736,18.930187671642425,92.06704912574584,1.245349814648698,934.1314418922618,2018-10-26,0,-1.0,-1.8369701987210297e-16
2018-10-26,0,1.9758425805508104,25,19.004041430954082,,2.324554638285525,20.76574011344742,86.80629456995615,0.970791766838129,931.5743170978876,2018-10-27,0,-1.0,-1.8369701987210297e-16
2018-10-27,0,6.8201815855168615,49,14.90324426862449,,8.738253182413485,21.938639655184943,84.34262807791342,2.52132194498712,927.0252680944392,2018-10-28,0,-1.0,-1.8369701987210297e-16
2018-10-28,0,2.338905580491095,35,11.134929746558766,,0.5124859378150246,18.53620296562499,75.3349617538414,2.6549451099254653,932.2781398289673,2018-10-29,0,-1.0,-1.8369701987210297e-16
2018-10-29,0,0.5937249097578896,12,9.752812075765844,28.79761889206193,0.1916687621781202,17.161259426819356,75.99179991124622,1.8893320159955849,934.7554220553568,2018-10-30,0,-1.0,-1.8369701987210297e-16
2018-10-30,0,0.10879427553786436,11,3.0414247657868474,28.865647782257767,0.0348065255830705,19.742097427358104,74.2017144500283,1.5605934796278065,935.6229449298818,2018-10-31,0,-1.0,-1.8369701987210297e-16
2018-10-31,0,3.5588919479261283,30,4.2614111332218805,21.50356098233744,9.960379490388686,21.48180482589705,76.09273388177203,2.0118202193828143,934.4497445612764,2018-11-01,0,-0.8660254037844386,0.5000000000000001
2018-11-01,0,2.026157728212302,20,5.693843951676293,17.42249860799292,0.3571396777304179,21.28787086333623,78.14192490354743,1.3897145067807144,933.446518275896,2018-11-02,0,-0.8660254037844386,0.5000000000000001
2018-11-02,0,0.2418745674941579,16,5.826924243632587,15.688530594936271,0.7708478427124761,21.49793110302788,76.77813850677573,1.8566790926520935,933.2145950946336,2018-11-03,0,-0.8660254037844386,0.5000000000000001
2018-11-03,0,2.2918403085310977,21,4.559872604237556,11.160189317950508,6.010214236003583,23.15642031271934,74.33428910302115,2.2592746654609464,930.84605113659,2018-11-04,1,-0.8660254037844386,0.5000000000000001
2018-11-04,1,0.12339817044344,15,2.657113046468694,8.94468190790285,7.503283053693403,19.6766300084163,80.7739969555268,2.2840549181781187,932.1138728281816,2018-11-05,1,-0.8660254037844386,0.5000000000000001
2018-11-05,1,0.16921427641087966,18,2.5844527553854153,8.520171274555842,0.7520611279213972,18.33171086233252,78.29648258642716,2.66992924374395,934.9137654345008,2018-11-06,1,-0.8660254037844386,0.5000000000000001
2018-11-06,1,0.08977863951609515,16,0.382391086370413,8.501155638534073,0.1739241110570141,19.36123338921988,79.24643870234743,2.246870029486161,934.7582951858736,2018-11-07,0,-0.8660254037844386,0.5000000000000001
2018-11-07,0,1.9462017526528188,27,2.205194668579792,6.888465443260762,4.780086379964059,19.90434625298088,82.73882668932256,2.248419198067414,935.632237994422,2018-11-08,0,-0.8660254037844386,0.5000000000000001
2018-11-08,0,3.532951162042894,46,5.568931554211806,8.395258877091354,11.465164300295449,17.817907723996527,86.0283026673469,2.977620029325751,933.452110114782,2018-11-09,0,-0.8660254037844386,0.5000000000000001
2018-11-09,0,0.9848819193061931,22,6.464034834001904,9.13826622890339,3.283051411959754,18.86190818259617,80.39517444257417,2.3059320765318625,932.394149637439,2018-11-10,0,-0.8660254037844386,0.5000000000000001
2018-11-10,0,6.1707112828522,37,10.688544364201285,13.017137203224493,1.5993391384741371,20.1071139058779,81.50152918329573,1.671249156512075,928.8636555789936,2018-11-11,1,-0.8660254037844386,0.5000000000000001
2018-11-11,1,0.34660304933449043,16,7.502196251492881,13.240342082115543,7.079919735306077,21.70218883380104,79.74196091734494,1.3694876733625705,927.649132359356,2018-11-12,0,-0.8660254037844386,0.5000000000000001
2018-11-12,0,0.20735116621964578,16,6.724665498406334,13.27847897192431,0.4577466815721585,22.72089857118524,75.696992269761,1.7400602788170692,928.750043755088,2018-11-13,0,-0.8660254037844386,0.5000000000000001
2018-11-13,0,0.3265860583587847,16,0.8805402739129191,13.515286390766999,0.1062558186583213,24.30511076415872,69.47227431449375,1.6592883444915834,928.8189487854766,2018-11-14,1,-0.8660254037844386,0.5000000000000001
2018-11-14,1,0.7099461254355641,15,1.2438833500139928,12.279030763549743,3.52357280726605,24.76100479430838,70.56719657830342,1.805145697674089,926.9117970769216,2018-11-15,1,-0.8660254037844386,0.5000000000000001
2018-11-15,1,5.850417755770392,27,6.886949939564739,14.596497357277244,13.685686180795177,23.210370329816463,78.33795358208646,1.6048627576756898,926.4538753234654,2018-11-16,0,-0.8660254037844386,0.5000000000000001
2018-11-16,0,1.6174133248068225,16,8.177777206012777,15.229028762777872,0.7369005076624964,21.489234481993805,78.58914550663086,2.439044344480032,930.5782976541544,2018-11-17,0,-0.8660254037844386,0.5000000000000001
2018-11-17,0,0.6243068740258086,14,8.092137954603022,9.682624353951482,0.2322190657942167,21.134731829054925,72.48063255166797,2.162947292556324,931.7838792463492,2018-11-18,1,-0.8660254037844386,0.5000000000000001
2018-11-18,1,3.739767555039138,31,5.981487753871767,13.075788859656127,6.196426411384872,21.969360903302693,77.71915680436592,2.043190349250613,928.747476224554,2018-11-19,1,-0.8660254037844386,0.5000000000000001
2018-11-19,1,28.35823675003881,64,32.722311179103755,41.22667444347529,28.600396319389898,17.95433361872275,91.12754294831406,2.373482837300697,929.9307548485888,2018-11-20,1,-0.8660254037844386,0.5000000000000001
2018-11-20,1,4.719725158383593,26,36.817729463461546,45.6198135435001,0.6821750590748098,16.909479191638678,83.85104446141402,2.309840891035711,932.1690990517438,2018-11-21,0,-0.8660254037844386,0.5000000000000001
2018-11-21,0,2.343992867143864,21,35.42195477556626,47.2538602852084,0.20012314592805,18.185068982482925,82.14506426266418,1.9877688131659812,932.0432000277392,2018-11-22,1,-0.8660254037844386,0.5000000000000001
2018-11-22,1,3.657576144528119,31,10.721294170055575,45.061018673966124,0.5123320951318695,21.22983028674233,77.0435845863881,1.6234711735078584,930.4371498951776,2018-11-23,1,-0.8660254037844386,0.5000000000000001
2018-11-23,1,8.34942541139565,43,14.350994423067633,51.793030760554956,0.9574001292864168,22.05264597965164,77.02779785351831,1.7798030876784985,928.1843616734424,2018-11-24,1,-0.8660254037844386,0.5000000000000001
2018-11-24,1,11.374744119609433,62,23.381745675533203,62.543468006138575,17.47225296415776,20.607092576031363,85.49263370962343,2.792743849902138,926.5219038104818,2018-11-25,1,-0.8660254037844386,0.5000000000000001
2018-11-25,1,6.194596315139683,49,25.918765846144765,64.99829676623912,12.969149570481594,20.775987418901934,83.84479193872993,1.8909998081383053,928.4610871191732,2018-11-26,0,-0.8660254037844386,0.5000000000000001
2018-11-26,0,0.9044051503544316,18,18.473745585103547,37.54446516655475,4.125949802839754,19.70293674690129,76.22227468605236,2.5379104835481665,932.2984279851156,2018-11-27,0,-0.8660254037844386,0.5000000000000001
2018-11-27,0,0.49185542198344445,14,7.590856887477559,33.31659543015461,0.2143242679821425,19.73130149612932,71.863812571787,2.205331964317996,932.5537858574482,2018-11-28,0,-0.8660254037844386,0.5000000000000001
2018-11-28,0,0.15260382870676803,13,1.5488644010446442,31.125206391717505,0.2607893931001644,21.26948233921977,73.37604520771684,2.0337614740667025,931.2433038716748,2018-11-29,1,-0.8660254037844386,0.5000000000000001
2018-11-29,1,8.411982708897108,39,9.056441959587321,35.87961295608649,1.7196194345948586,22.600742217741924,71.33561092099855,1.5722694875930507,928.8326970867288,2018-11-30,1,-0.8660254037844386,0.5000000000000001
2018-11-30,1,11.635838406645748,52,20.200424944249626,39.16602595133659,6.223871301080532,23.312377610113703,72.00039239753742,1.402318846637027,924.9076492790635,2018-12-01,1,-0.5000000000000004,0.8660254037844384
2018-12-01,1,41.573212877852455,57,61.621033993395315,69.36449470957962,50.62791712865423,21.23663130795295,87.14525994284799,1.6644028661559165,923.4601549712507,2018-12-02,1,-0.5000000000000004,0.8660254037844384
2018-12-02,1,11.238293453972156,30,64.44734473847036,74.40819184841209,4.699663045356203,21.52835908211885,80.84258010197584,1.7530687739984916,928.9306170764552,2018-12-03,0,-0.5000000000000004,0.8660254037844384
2018-12-03,0,5.174230698670924,36,57.985737030495535,78.67801739672858,1.732536697391385,19.876824187009912,78.11783349455287,2.3811264337774105,930.501537437076,2018-12-04,1,-0.5000000000000004,0.8660254037844384
2018-12-04,1,4.0908624013587875,21,20.503386554001867,82.27702437610392,0.0354739184083266,21.83174353733772,71.53565356776349,1.5167343905827035,928.281963877566,2018-12-05,0,-0.5000000000000004,0.8660254037844384
2018-12-05,0,0.9943694524053195,19,10.259462552435032,83.11878999980249,2.3578503773103145,23.104317483594347,68.69732476668656,1.4377490230195604,928.9673667551224,2018-12-06,0,-0.5000000000000004,0.8660254037844384
2018-12-06,0,0.7433548840139038,18,5.828586737778011,75.45016217491927,0.4247389526135793,21.73516477683988,68.51520859387227,1.8651896089032705,933.041720410303,2018-12-07,0,-0.5000000000000004,0.8660254037844384
2018-12-07,0,0.5403905144189992,17,2.2781148508382225,64.35471428269253,1.1648809615775322,20.082817537785267,78.60762923742757,2.1612259926648543,934.4409912355744,2018-12-08,0,-0.5000000000000004,0.8660254037844384
2018-12-08,0,1.0876306231625408,25,2.371376021595444,23.86913202800261,2.009178234846944,17.363033811476104,76.5807986780506,3.2797804217935127,937.261642954566,2018-12-09,0,-0.5000000000000004,0.8660254037844384
2018-12-09,0,0.3492997215357447,14,1.9773208591172846,12.9801382955662,0.0,18.839068319479093,65.87336648651657,2.252070966232365,938.2831725871796,2018-12-10,0,-0.5000000000000004,0.8660254037844384
2018-12-10,0,0.6053595971535777,16,2.0422899418518634,8.411267194048852,0.0,21.571301981461737,65.63655469706666,1.5810973255323075,939.1746558803948,2018-12-11,0,-0.5000000000000004,0.8660254037844384
2018-12-11,0,0.2095763259975738,14,1.1642356446868962,4.529981118687639,0.3115803826717452,23.753484397771192,60.8194864845888,1.3599212760282835,938.3541654697026,2018-12-12,0,-0.5000000000000004,0.8660254037844384
2018-12-12,0,5.290494105330188,24,6.105430028481339,8.826105771612507,0.0,25.05709430683442,57.39133913627509,1.398783082118475,936.5859663058108,2018-12-13,1,-0.5000000000000004,0.8660254037844384
2018-12-13,1,8.522840260080782,48,14.022910691408544,16.605591147679384,1.2665807213910545,24.563304963409543,61.91149520335469,1.57052448929415,935.0536818745876,2018-12-14,0,-0.5000000000000004,0.8660254037844384
2018-12-14,0,6.309208022676791,28,20.122542388087762,22.374408655937177,1.087165853763583,24.722004788398127,62.8818124533946,1.3723850489351206,935.2153471670504,2018-12-15,0,-0.5000000000000004,0.8660254037844384
2018-12-15,0,5.0782243220034875,25,19.91027260476106,26.365002354778124,1.3904367528680592,25.466161758558336,65.1454498924039,1.3221526759651316,936.7104313232994,2018-12-16,1,-0.5000000000000004,0.8660254037844384
2018-12-16,1,2.938747467240669,25,14.326179811920948,28.954450100483047,15.072715069371352,24.93388451779049,71.58489658229966,1.6590040915502513,937.2541499998638,2018-12-17,0,-0.5000000000000004,0.8660254037844384
2018-12-17,0,3.7174832863361837,24,11.734455075580339,32.066573789665654,1.2511184856716724,25.87629532247608,71.55218960618157,1.4881294849855786,935.1595261258652,2018-12-18,1,-0.5000000000000004,0.8660254037844384
2018-12-18,1,9.332604894666996,51,15.98883564824385,41.18960235833508,13.44843064246535,25.82981038961971,72.12406772630366,1.7407388259598593,934.9345503837568,2018-12-19,1,-0.5000000000000004,0.8660254037844384
2018-12-19,1,7.890786826941982,44,20.940875007945163,43.789895079946874,15.137046489377184,24.103860507119357,79.32948963568352,1.637750369668458,935.2840738064776,2018-12-20,1,-0.5000000000000004,0.8660254037844384
2018-12-20,1,3.044581687573809,21,20.26797340918279,38.31163650743989,0.103458664304565,26.18293311996789,69.69880164432094,1.2698299414171144,932.4773544890284,2018-12-21,0,-0.5000000000000004,0.8660254037844384
2018-12-21,0,0.428299587608869,17,11.36366810212466,32.43072807237197,3.941447237196319,25.37017608607763,70.86375859189064,1.6547047855716674,931.5595778675964,2018-12-22,0,-0.5000000000000004,0.8660254037844384
2018-12-22,0,4.319116449390987,32,7.7919977245736645,31.671620199759474,5.15740199765014,24.69952227713348,70.5318740296371,1.584954160292832,931.8722228591546,2018-12-23,1,-0.5000000000000004,0.8660254037844384
2018-12-23,1,11.851007174870535,51,16.59842321187039,40.583879907389345,17.539268381846536,22.57687836814929,82.76871648293267,1.478246410263217,932.9478443956426,2018-12-24,1,-0.5000000000000004,0.8660254037844384
2018-12-24,1,8.013272312385666,58,24.183395936647187,44.87966893343882,9.924783249668652,22.175058653272536,85.00649566187839,1.604771391365564,933.1102623167232,2018-12-25,1,-0.5000000000000004,0.8660254037844384
2018-12-25,1,1.9712002720972066,26,21.835479759353408,37.51826431086903,4.439207217010025,21.264414125457325,80.69394620160351,1.869805126765968,933.7463244247022,2018-12-26,1,-0.5000000000000004,0.8660254037844384
2018-12-26,1,1.3111576228945443,18,11.295630207377418,30.938635106821597,3.4293918168605653,21.336020242742944,79.60072590168758,1.2531350617721444,933.0854052203956,2018-12-27,0,-0.5000000000000004,0.8660254037844384
2018-12-27,0,0.7151690511387058,18,3.997526946130457,28.60922247038649,2.15262167643094,22.201060585018123,76.13410887876644,1.6920414322728674,931.5032600674572,2018-12-28,1,-0.5000000000000004,0.8660254037844384
2018-12-28,1,7.94747313636899,34,9.973799810402241,36.128396019146614,5.461490544398826,22.15993571044972,77.71802333049476,1.3650907891291124,931.1773687055756,2018-12-29,0,-0.5000000000000004,0.8660254037844384
2018-12-29,0,1.3006175835913374,17,9.963259771099032,33.109897153346964,1.1666699621899792,22.8572644895564,75.67957944936708,1.3322114987716795,930.6159747417124,2018-12-30,0,-0.5000000000000004,0.8660254037844384
2018-12-30,0,0.22070411980207003,14,9.468794839762397,21.4795940982785,1.1251801700608448,23.862353248340145,73.02891737422715,1.5665345770107433,930.9084928729558,2018-12-31,0,-0.5000000000000004,0.8660254037844384
2018-12-31,0,0.3719205944656895,12,1.8932422978590968,13.838242380358523,0.4131499964370113,24.05796500538134,70.47662595848166,1.5695341282838713,931.2618073356396,2019-01-01,1,0.0,1.0
2019-01-01,1,15.379228927521314,29,15.971853641789075,27.24627103578263,8.766508415713865,23.65901187861779,76.72213495111501,1.785640290420535,933.965901567646,2019-01-02,1,0.0,1.0
2019-01-02,1,8.237452709256884,23,23.98860223124389,34.17256612214497,1.259390945138384,24.5126409242475,78.31676159216892,1.3511984447322234,934.9101572472756,2019-01-03,1,0.0,1.0
2019-01-03,1,8.086953820685055,31,31.703635457463257,41.544350891691316,4.26477334276302,25.20885067206798,75.72919280404652,1.601014378514525,932.8774823109602,2019-01-04,1,0.0,1.0
2019-01-04,1,15.283939584742399,54,31.608346114684338,48.88081734006473,18.985204101752984,23.385549229471952,83.99183486233945,1.4433678055173944,933.1722133660816,2019-01-05,0,0.0,1.0
2019-01-05,0,15.884970882533848,56,39.2558642879613,63.46517063900724,25.975164431003115,21.47733101164705,90.7364943692682,1.231693920729974,933.9489107409472,2019-01-06,1,0.0,1.0
2019-01-06,1,19.047536528780004,55,50.21644699605625,82.29200304798516,2.2372366760049003,23.32439531909045,80.92618195164526,1.3377416420293815,933.8061390801936,2019-01-07,0,0.0,1.0
2019-01-07,0,8.11719948359567,26,43.04970689490952,90.03728193711515,0.8353281221890441,25.382088300120238,69.17465518884775,1.7391642594661183,933.3577723112812,2019-01-08,1,0.0,1.0
2019-01-08,1,10.478119380502669,34,37.642855392878346,85.1361723900965,3.876605459860124,25.454980991256992,69.62006079432203,1.2407256769050274,935.1073906697684,2019-01-09,0,0.0,1.0
2019-01-09,0,7.332757573599366,20,25.928076437697705,84.23147725443899,0.5148154462052602,25.425090562011743,69.81997712127426,1.5204657234258585,934.379164808368,2019-01-10,1,0.0,1.0
2019-01-10,1,5.892139292845555,21,23.70301624694759,82.03666272659949,2.510596001708049,25.54409359979814,68.66325140729154,1.5130510033518476,933.7387721793756,2019-01-11,1,0.0,1.0
2019-01-11,1,10.60084428689897,40,23.82574115334389,77.35356742875607,3.63419619682872,24.21191295683295,71.97728440281355,1.5427688834103708,935.4828125452628,2019-01-12,0,0.0,1.0
2019-01-12,0,2.3031820699234253,19,18.79616564966795,63.77177861614563,1.299662878263433,24.067961212070315,75.16632783184915,1.7406980415412872,935.7473435991816,2019-01-13,1,0.0,1.0
2019-01-13,1,7.527544586998897,22,20.431570943821292,52.25178667436453,1.5839706709281771,23.6876027769578,76.14324426339503,1.5145801896225444,935.568959404317,2019-01-14,1,0.0,1.0
2019-01-14,1,8.370402712664497,23,18.20112936958682,52.504989903433355,4.56777147970443,24.625928446597097,74.14573544277849,1.4288495754497643,934.8863343390516,2019-01-15,0,0.0,1.0
2019-01-15,0,3.438312398836384,18,19.33625969849978,45.465182921767074,4.663043592442319,25.03011995467734,72.54490973468806,1.4229282084137294,934.7648891421634,2019-01-16,1,0.0,1.0
2019-01-16,1,5.0265975037099455,26,16.835312615210825,43.15902285187765,7.985041132404244,24.78486763722696,74.40112340937054,1.474094748709574,935.5335400979134,2019-01-17,1,0.0,1.0
2019-01-17,1,13.151180361162389,28,21.61609026370872,50.418063920194484,5.640310928791663,24.170653501025363,74.49379011901303,1.3545406523911516,935.4335780202651,2019-01-18,1,0.0,1.0
2019-01-18,1,7.276599670055384,25,25.45437753492772,47.0938193033509,7.012169173918224,24.688743074185904,75.57021575726952,1.4904261405245758,934.7995028132382,2019-01-19,1,0.0,1.0
2019-01-19,1,4.544128844262097,17,24.97190887547987,49.33476607768957,2.11365261948139,25.324955718541656,72.63370100778404,1.4325680892976198,932.9385516258194,2019-01-20,1,0.0,1.0
2019-01-20,1,5.93375956566744,27,17.75448807998492,47.740981056358116,15.713403160746884,24.82479103926248,76.52091002475943,1.8071939546177105,933.905394680133,2019-01-21,0,0.0,1.0
2019-01-21,0,1.6257622505007976,16,12.103650660430336,40.99634059419442,1.9762129933212909,25.228759206119133,75.98120484799242,1.573552576882682,934.2557127149736,2019-01-22,1,0.0,1.0
2019-01-22,1,6.846416930984557,20,14.405938747152796,44.40444512634259,1.2136935168228278,25.775209171353552,73.9864921938874,1.2357290593429864,935.6616295532596,2019-01-23,1,0.0,1.0
2019-01-23,1,7.726886623820207,19,16.199065805305562,47.10473424645285,0.627576275401977,25.64193863514887,73.48014592184981,1.6396558250615203,935.5191993928968,2019-01-24,1,0.0,1.0
2019-01-24,1,10.591861876102202,31,25.165165430906967,44.54541576139266,5.154037862174436,23.90434141244718,78.1027323649232,1.6020310818326464,933.2485094321222,2019-01-25,1,0.0,1.0
2019-01-25,1,18.809346687656124,55,37.12809518757854,56.0781627789934,30.44448957884276,21.746385718820235,83.42933650397354,1.934648949114708,933.5785926360436,2019-01-26,1,0.0,1.0
2019-01-26,1,9.724443656722014,42,39.12565222048034,61.25847759145332,1.7807299849357172,21.10771641146096,77.49962687785502,1.4318794842699245,934.8657147620232,2019-01-27,0,0.0,1.0
2019-01-27,0,6.316572627814156,21,34.85036297219229,61.64129065360004,1.1543574312606713,23.328721566048905,72.44057205594987,1.5701314607941763,935.5574057868638,2019-01-28,0,0.0,1.0
2019-01-28,0,3.3700571582409578,18,19.411073442777127,63.38558556134019,0.4644046577521313,25.107756394472062,67.89792977501902,1.1742309437105662,936.78674237951,2019-01-29,1,0.0,1.0
2019-01-29,1,6.455578417040453,19,16.142208203095567,62.994747047396096,0.2264740013609052,25.91728519081603,66.96657034850799,1.101586175360809,936.4259190463356,2019-01-30,1,0.0,1.0
2019-01-30,1,20.922404731553453,17,30.748040306834863,76.19026515512934,9.025498833666871,25.490658703604463,66.0917148688348,1.138301078945552,934.630366224826,2019-01-31,0,0.0,1.0
2019-01-31,0,6.721653211191764,15,34.09963635978567,72.3200564902189,0.07697851318121,25.57877010037672,64.27024122928889,1.0805505810757097,933.6974941712338,2019-02-01,0,0.49999999999999994,0.8660254037844387
2019-02-01,0,0.7132779924627562,13,28.357335935207974,54.22398779502553,0.0,25.992282651995183,57.41906800988716,1.171021455687652,933.6245648402796,2019-02-02,0,0.49999999999999994,0.8660254037844387
2019-02-02,0,0.16984502539757784,12,7.604776229052098,44.6693891637011,0.3220246680890344,26.48582337300199,64.13769649655792,1.3330712920605003,933.432051819475,2019-02-03,0,0.49999999999999994,0.8660254037844387
2019-02-03,0,11.192808072265784,13,12.075931090126119,49.54562460815272,0.689816892728883,25.406399648959816,71.19738140868009,2.21148015917651,933.2579426174684,2019-02-04,1,0.49999999999999994,0.8660254037844387
2019-02-04,1,39.06292231135919,56,50.42557540902255,85.23848976127096,19.33681127248203,20.672851496106915,85.1676557006041,2.498353554116844,934.4435419870748,2019-02-05,0,0.49999999999999994,0.8660254037844387
2019-02-05,0,8.460619263614587,23,58.71634964723956,87.24353060784509,4.665287965973429,19.73950620069605,82.79859363731778,1.8002117021653548,934.8476628663168,2019-02-06,1,0.49999999999999994,0.8660254037844387
2019-02-06,1,26.609184730508034,55,74.13272630548181,92.93031060679967,26.064975555736417,18.7533522033854,88.39870513932848,1.717720298017187,933.4949873917348,2019-02-07,1,0.49999999999999994,0.8660254037844387
2019-02-07,1,10.530723878502043,22,45.60052787262467,96.73938127410995,0.5343737276691751,20.561149538033145,80.34492324578676,1.1721276669239358,931.7086154017042,2019-02-08,0,0.49999999999999994,0.8660254037844387
2019-02-08,0,,0,,,0.1627641059871025,22.575532220353484,72.62343424999817,1.3617700954917524,931.3930707149856,2019-02-09,0,0.49999999999999994,0.8660254037844387
2019-02-09,0,2.43880933539601,16,,,0.1053010971866786,23.6222642165294,66.7781328093153,1.3887268321722106,932.1543582572132,2019-02-10,0,0.49999999999999994,0.8660254037844387
2019-02-10,0,1.0493194222289615,15,,,0.3354305696739816,24.29631863033877,66.6329660851225,1.4164619194526489,931.7179898554716,2019-02-11,0,0.49999999999999994,0.8660254037844387
2019-02-11,0,0.4905910212401758,14,3.9787197788651474,,3.272837300565689,25.667427322082773,70.43500379196881,1.6984547254637987,932.1194245572837,2019-02-12,0,0.49999999999999994,0.8660254037844387
2019-02-12,0,3.477083729541816,17,5.0169941730109535,,15.482854986349643,24.059893142373937,79.02601421792723,1.7546828588304777,932.9656759740355,2019-02-13,1,0.49999999999999994,0.8660254037844387
2019-02-13,1,7.651456960679314,27,11.619131711461307,,10.524327666577705,20.55256761577956,86.70333525210621,2.4448788982693905,934.821254408619,2019-02-14,0,0.49999999999999994,0.8660254037844387
2019-02-14,0,0.4928495059956681,13,11.621390196216797,,1.2242767092427915,20.463150328666668,78.64966096389357,2.008186979940666,934.956246081126,2019-02-15,1,0.49999999999999994,0.8660254037844387
2019-02-15,1,9.916341864180646,17,18.060648330855628,25.516451839262572,11.88633625041158,20.27593069152798,86.17812723321914,1.3788937396049163,931.0883975955586,2019-02-16,1,0.49999999999999994,0.8660254037844387
2019-02-16,1,31.65593036694171,52,42.06512173711802,54.733572870808274,29.03966450517507,20.713081782562305,91.30350774350184,1.4229395835578371,928.2488460607397,2019-02-17,0,0.49999999999999994,0.8660254037844387
2019-02-17,0,11.83961665500805,29,53.41188888613041,65.52387010358737,12.336259973632004,21.575071250517578,86.7467121923991,1.018026021755752,929.8332762966602,2019-02-18,0,0.49999999999999994,0.8660254037844387
2019-02-18,0,11.899357684247216,21,55.394904706196975,76.9326367665944,3.268224344820135,22.554933168231518,83.17261390615228,1.0430435087581085,931.7642453734344,2019-02-19,0,0.49999999999999994,0.8660254037844387
2019-02-19,0,8.283510849508486,19,32.02248518876375,81.73906388656107,1.8084026198925447,23.735569176573343,76.60182518523627,1.5951286581946855,931.5755224032862,2019-02-20,1,0.49999999999999994,0.8660254037844387
2019-02-20,1,3.281374837078356,17,23.46424337083406,77.36898176296012,5.437707980492217,22.74836785286479,79.55776549626874,1.3391484906726026,931.5039378568954,2019-02-21,1,0.49999999999999994,0.8660254037844387
2019-02-21,1,23.243235481921854,38,34.8081211685087,100.1193677388863,11.312487411884664,22.200602869914174,84.01458658890503,1.2198826845584807,933.7061504747982,2019-02-22,1,0.49999999999999994,0.8660254037844387
2019-02-22,1,13.049570957575643,28,39.57418127657585,103.2525968322813,6.623855599067278,22.92552738322982,83.39604626848006,1.1871816957793482,935.0552989587592,2019-02-23,0,0.49999999999999994,0.8660254037844387
2019-02-23,0,2.9734645221092078,13,39.26627096160671,74.57013098744879,2.95975629389907,23.874917167607418,76.04085220752945,1.2912581373393786,933.2039482265686,2019-02-24,1,0.49999999999999994,0.8660254037844387
2019-02-24,1,3.261320341673968,13,19.28435582135882,65.99183467411471,1.9443268578618045,25.004348929995988,72.65062176755494,1.691562018959974,930.8256255517608,2019-02-25,1,0.49999999999999994,0.8660254037844387
2019-02-25,1,2.277733940934563,17,8.51251880471774,56.37021093080206,5.14703868747628,24.3936813189907,74.72592133424388,1.4463653540807544,930.4322426162784,2019-02-26,1,0.49999999999999994,0.8660254037844387
2019-02-26,1,25.653842287258787,51,31.19289656986732,73.74054236855235,34.8881094323838,20.98286857538644,88.81039805348614,1.3867735873025628,932.0108823710964,2019-02-27,1,0.49999999999999994,0.8660254037844387
2019-02-27,1,8.648807089268498,23,36.58038331746185,79.1079746207425,7.188015676607963,21.49790022368319,85.37503120984674,1.2369554719410367,932.5177754999188,2019-02-28,1,0.49999999999999994,0.8660254037844387
2019-02-28,1,16.34045314261302,46,50.64310251914031,72.20519228143367,21.3975215461802,20.67816170522712,92.0302915473246,1.173144683650935,933.0098921341496,2019-03-01,0,0.8660254037844386,0.5000000000000001
2019-03-01,0,7.935118503716657,52,32.924378735598175,67.09073982757468,11.567988285922262,20.85990441121159,92.16174855659273,0.8583735934642613,933.5293114961042,2019-03-02,1,0.8660254037844386,0.5000000000000001
2019-03-02,1,13.823209036785247,41,38.098780683114924,77.94048434225071,16.90427274433412,21.75171515601496,86.87146705802475,1.0886382245587218,934.0147494589517,2019-03-03,1,0.8660254037844386,0.5000000000000001
2019-03-03,1,14.674339051767566,45,36.43266659226947,89.35350305234432,4.235117870294183,21.68430596345709,84.63698971131888,1.0427133327988896,934.1450071741572,2019-03-04,1,0.8660254037844386,0.5000000000000001
2019-03-04,1,10.517677969190878,32,39.01522605774369,97.59344708060063,2.966755908884178,22.181622999591543,80.52178054993895,1.5854910557300337,935.03282510442,2019-03-05,1,0.8660254037844386,0.5000000000000001
2019-03-05,1,9.776429839315186,38,34.96844686027363,81.71603463265703,2.572806308118144,22.955823396995253,78.90668986968825,1.1316335489025042,936.3856654504146,2019-03-06,1,0.8660254037844386,0.5000000000000001
2019-03-06,1,13.115707435390418,45,33.40981524389648,86.18293497877895,9.568210973819836,23.054974427578127,79.0775069379117,1.1507136368439657,935.8053955364524,2019-03-07,1,0.8660254037844386,0.5000000000000001
2019-03-07,1,12.761527834859825,43,35.65366510956543,82.60400967102576,2.4140662479318253,22.86784453156516,82.87781489431794,1.4181670986271704,935.6783158848176,2019-03-08,0,0.8660254037844386,0.5000000000000001
2019-03-08,0,13.948652377640258,22,39.825887647890504,88.61754354494936,0.8169486094778153,24.021161920105648,77.00939171614527,1.3454796228955366,934.861338356624,2019-03-09,1,0.8660254037844386,0.5000000000000001
2019-03-09,1,6.129091409088835,27,32.83927162158892,80.92342591725294,5.228023789853156,24.76342478675402,74.586502285658,1.2277782691060717,934.2075600715466,2019-03-10,1,0.8660254037844386,0.5000000000000001
2019-03-10,1,14.316836323696721,38,34.394580110425814,80.5659231891821,11.098464088303505,22.86319799996805,83.13121361262016,2.2065120365618527,934.4721671022992,2019-03-11,1,0.8660254037844386,0.5000000000000001
2019-03-11,1,34.44652284833561,57,54.89245058112117,104.49476806832683,19.58154709886624,21.12360732445431,86.72280743884511,2.095864194920415,935.2434263497336,2019-03-12,1,0.8660254037844386,0.5000000000000001
2019-03-12,1,14.56820592604868,35,63.331565098081015,109.28654415506033,2.21631926338845,22.868261735565312,78.31457176315334,1.363517665214783,934.0295192334856,2019-03-13,0,0.8660254037844386,0.5000000000000001
2019-03-13,0,3.2713196383587326,24,52.28604841274302,99.44215635802864,4.9036418858671205,23.531183103788138,79.76103602342917,1.5982293058850114,933.2699573182553,2019-03-14,1,0.8660254037844386,0.5000000000000001
2019-03-14,1,3.8857935156428116,30,21.725319080050223,90.56642203881162,11.496235536189104,22.95129326785368,83.04217818056819,1.3506495994690595,933.2620492307638,2019-03-15,0,0.8660254037844386,0.5000000000000001
2019-03-15,0,5.075838987183381,43,12.232952141184926,81.69360864835475,9.409313331456772,22.26483615082776,85.03804372782827,1.0870100055777774,933.8692547998996,2019-03-16,0,0.8660254037844386,0.5000000000000001
2019-03-16,0,3.1477458278863546,26,12.109378330712548,78.71226306715226,4.983253902688342,22.559146064698048,84.29406551711688,1.4697613132983065,933.9718676783448,2019-03-17,1,0.8660254037844386,0.5000000000000001
2019-03-17,1,9.912931539783896,41,18.136516354853633,74.30835828323944,22.137383368183794,23.09681919455127,83.89737889278899,1.36155882649082,933.4493911104232,2019-03-18,0,0.8660254037844386,0.5000000000000001
2019-03-18,0,3.861687845229029,23,16.92236521289928,43.723523280132866,3.141974054457772,23.4045737251224,83.62483548465399,1.251627867673287,932.033058485825,2019-03-19,1,0.8660254037844386,0.5000000000000001
2019-03-19,1,5.339840295683105,33,19.11445968069603,34.495157649767286,5.251696370034392,24.22813863011291,79.02181269267344,1.3262158947050544,930.6040299835372,2019-03-20,1,0.8660254037844386,0.5000000000000001
2019-03-20,1,7.344081382662519,36,16.54560952357465,38.567919394071076,2.9929601791089584,22.475751071863964,81.146617682219,1.6434984351608346,931.1339532932626,2019-03-21,1,0.8660254037844386,0.5000000000000001
2019-03-21,1,6.111715404283957,44,18.79563708262958,40.79384128271222,8.089747081754732,19.55236667895834,87.53319264813202,2.229275259868227,932.8938773403517,2019-03-22,0,0.8660254037844386,0.5000000000000001
2019-03-22,0,1.0203634326455664,17,14.476160219592039,36.73836572817441,2.079708298516998,18.91168085963077,82.24843963649272,2.148959159732282,935.3547655745132,2019-03-23,0,0.8660254037844386,0.5000000000000001
2019-03-23,0,1.3287790204796137,19,8.460857857409135,34.91939892076767,0.07023872619779,21.03207116285043,75.75175160800549,1.2904385968575125,935.9210647218448,2019-03-24,0,0.8660254037844386,0.5000000000000001
2019-03-24,0,1.5577583026458466,19,3.9069007557710247,26.564225683629616,0.0854355997866068,22.173454697873105,75.79839703055559,1.0851709040781672,935.4471320010464,2019-03-25,0,0.8660254037844386,0.5000000000000001
2019-03-25,0,0.6607558245473918,17,3.5472931476728506,23.363293662947978,0.1350479987715943,22.640872071537075,72.19800563198336,0.9592579425836308,934.0138111160028,2019-03-26,0,0.8660254037844386,0.5000000000000001
2019-03-26,0,0.31734756438912354,16,2.53586169158236,18.340800931653995,0.3493472095403451,22.53671519892209,72.32028968355854,1.5713292754188344,934.8044914883832,2019-03-27,0,0.8660254037844386,0.5000000000000001
2019-03-27,0,0.3745985072538126,17,1.352701896190326,11.37131805624529,6.340961173554368,22.30801254596419,74.86618459421831,1.9172907144774007,937.52165322352,2019-03-28,1,0.8660254037844386,0.5000000000000001
2019-03-28,1,2.3675075529599687,25,3.059453624602903,7.627110204921302,3.162802325876254,21.238798148516835,78.92526660278045,2.0357712364633302,939.5477486045646,2019-03-29,0,0.8660254037844386,0.5000000000000001
2019-03-29,0,0.18073814438775512,15,2.9228442046015344,6.787484916663491,1.9922196005858013,20.49777833823089,77.0936524370321,2.265081927721213,939.8235383943296,2019-03-30,0,0.8660254037844386,0.5000000000000001
2019-03-30,0,0.21810768724114746,14,2.7663533845888697,5.676813583425025,0.1494861183119611,20.82310189437969,72.92068732168602,1.7745300840867675,938.3367887182188,2019-03-31,0,0.8660254037844386,0.5000000000000001
2019-03-31,0,0.09824800048707706,15,0.49709383211597785,4.217303281266255,0.0129678831552038,21.136018612458034,73.09406658736327,1.3907041943502805,935.7560245829176,2019-04-01,0,1.0,6.123233995736766e-17
2019-04-01,0,0.00865273259079062,10,0.3250084203190134,3.5652001893096537,0.0078440868206307,21.657900786674684,73.78175554812385,1.5863180413778335,934.8797706283756,2019-04-02,0,1.0,6.123233995736766e-17
2019-04-02,0,0.0,11,0.1069007330778659,3.2478526249205304,0.0,21.34823853744309,73.51076525180356,1.3519888664008524,934.6212391989808,2019-04-03,0,1.0,6.123233995736766e-17
2019-04-03,0,1.5739614525914971,10,1.582614185182286,4.447215570258215,0.0,21.931177166891104,70.42186856458864,0.8486721317465747,932.9088055421968,2019-04-04,0,1.0,6.123233995736766e-17
2019-04-04,0,9.461810483718487,11,11.035771936309983,11.541518501016734,0.0640106300260062,23.055982207684515,67.66674058421538,0.9904939249901612,930.8675574646188,2019-04-05,0,1.0,6.123233995736766e-17
2019-04-05,0,0.015171676360566726,10,11.05094361267055,11.375952032989545,3.359748168604306,24.26920439375302,72.69471267247232,1.3908804764022702,931.1236078200376,2019-04-06,1,1.0,6.123233995736766e-17
2019-04-06,1,15.575349298950611,42,25.052331459029663,26.733193644699007,5.454703544980411,23.701854867710143,81.69786314728253,1.3038011163725152,934.0111054365012,2019-04-07,1,1.0,6.123233995736766e-17
2019-04-07,1,7.968175569208848,39,23.558696544520025,34.60312121342078,10.566734563299644,22.84385221793145,84.83776854176824,1.0463034371897382,935.19253316954,2019-04-08,1,1.0,6.123233995736766e-17
2019-04-08,1,21.29890397738722,55,44.84242884554668,55.89337245821721,39.21050450513755,20.69604569672279,91.36254085752232,1.388019215110285,933.9915497306208,2019-04-09,1,1.0,6.123233995736766e-17
2019-04-09,1,13.607478272377831,55,42.8745578189739,69.50085073059503,10.799573514134028,19.685104738315555,87.31044061823906,2.0618622444681742,934.9977291247396,2019-04-10,1,1.0,6.123233995736766e-17
2019-04-10,1,8.353624687003668,45,43.26000693676872,76.28051396500722,1.5285702590964698,19.477447704477555,82.16540855922383,2.1886414904164546,935.9769286561128,2019-04-11,1,1.0,6.123233995736766e-17
2019-04-11,1,7.303016577883094,20,29.26411953726459,74.12172005917182,0.1929266976390803,20.715750257682288,78.43609399558963,1.2233524647538605,935.4983103376164,2019-04-12,0,1.0,6.123233995736766e-17
2019-04-12,0,4.748756074703651,16,20.40539733959041,78.8553044575149,0.0381561520158553,21.711841456410983,76.85196708366942,1.1316179590882811,934.5943477087732,2019-04-13,0,1.0,6.123233995736766e-17
2019-04-13,0,6.219006951308179,16,18.270779603894923,69.49896210987247,2.374707149824796,21.70879700851541,78.8170935512162,1.166301696134432,934.6333382186032,2019-04-14,1,1.0,6.123233995736766e-17
2019-04-14,1,9.652392973263987,46,20.620155999275816,71.18317951392761,20.878846078924024,20.220793143785126,89.09415400241302,1.11329582948576,935.7613258077448,2019-04-15,0,1.0,6.123233995736766e-17
2019-04-15,0,5.372548549400708,15,21.24394847397288,55.2568240859411,0.9654646586618144,21.24325887653809,82.53472387691694,1.2486163568217312,935.9545856402184,2019-04-16,1,1.0,6.123233995736766e-17
2019-04-16,1,1.3496511420456092,14,16.374592664710306,42.998996955608874,4.240088029259983,22.399678087953717,81.07957318055472,1.447768044453968,934.5869093913484,2019-04-17,0,1.0,6.123233995736766e-17
2019-04-17,0,1.1367931328904994,15,7.858992824336818,35.78216540149571,1.608787686782283,21.573123588474825,79.92817100965156,1.283960798575131,932.1028418314486,2019-04-18,0,1.0,6.123233995736766e-17
2019-04-18,0,0.49097881019502554,12,2.977423085131136,28.970127633807643,0.0762428021141195,20.02377639653693,75.0184338649805,1.1410827181467262,932.9567922656532,2019-04-19,0,1.0,6.123233995736766e-17
2019-04-19,0,1.108658726641526,14,2.736430669727053,25.330030285745515,0.0958649301961848,19.280362756538604,72.63305193316714,0.8760541463740072,934.1750211382232,2019-04-20,0,1.0,6.123233995736766e-17
2019-04-20,0,0.30829046951968053,12,1.9079280063562338,19.419313803957017,0.0798380933006306,19.76181096975289,70.96139995853966,0.9323418573389024,934.2292976317628,2019-04-21,0,1.0,6.123233995736766e-17
2019-04-21,0,0.4387406822187766,12,1.8556898783799851,10.205661512911805,0.2799112355942758,21.541219297078705,71.30378609681782,0.8552972800393099,933.1817656506912,2019-04-22,1,1.0,6.123233995736766e-17
2019-04-22,1,0.7131021511727571,12,1.460133302911216,5.546215114683854,0.2459629634323789,21.942016894065425,77.34518583003131,1.0999158395391186,933.3110386855392,2019-04-23,1,1.0,6.123233995736766e-17
2019-04-23,1,0.17550569125002743,11,1.327348524641563,4.372069663888272,1.4648067511500786,21.98196945300488,81.30476994536991,1.5565513546574128,936.2165660910508,2019-04-24,0,1.0,6.123233995736766e-17
2019-04-24,0,0.19210846038980642,11,1.0807163028125928,3.4273849913875782,0.8940013705732727,22.517897919707487,80.59397561398966,1.3534747367765183,937.9002404196688,2019-04-25,1,1.0,6.123233995736766e-17
2019-04-25,1,2.3599837260052343,12,2.72759787764507,5.296389907197787,10.02091249110136,22.977307443195063,79.11065495554519,1.3606838283689306,937.9591663119576,2019-04-26,1,1.0,6.123233995736766e-17
2019-04-26,1,5.193311000997114,18,7.7454031873921565,9.381042181553376,1.6421905979232387,22.34893737385629,82.17962320539189,1.0217488908220107,937.42442572325,2019-04-27,0,1.0,6.123233995736766e-17
2019-04-27,0,9.484365007850403,13,17.037659734852753,18.5571167198841,0.0,22.89482226066856,76.60182446738945,1.116995010728134,934.78874393264,2019-04-28,1,1.0,6.123233995736766e-17
2019-04-28,1,13.768993454414021,40,28.44666946326154,31.887369492079344,17.01931675257427,22.290553737629565,76.43629602374679,1.5333360261723898,931.7005203989602,2019-04-29,1,1.0,6.123233995736766e-17
2019-04-29,1,7.221935380213237,24,30.47529384247766,38.39620272111982,4.183617485265303,19.80132798862335,82.28256444195546,1.0893114214379171,932.960576500193,2019-04-30,0,1.0,6.123233995736766e-17
2019-04-30,0,5.461376552863612,14,26.452305387490874,43.68207358273341,0.3202337781583688,19.61664375745806,76.99235792740191,1.0375723821930125,935.5691212402248,2019-05-01,0,0.8660254037844387,-0.4999999999999998
2019-05-01,0,0.35824112887283316,25,13.041553061949685,43.84820625121643,0.0235322604618922,19.79116779504242,78.79069082203648,0.8303002910308592,935.0898268678012,2019-05-02,0,0.8660254037844387,-0.4999999999999998
2019-05-02,0,0.17385094846975693,24,5.993468630206204,41.662073473680955,0.0223114048522263,21.19191131255633,77.93400569457278,0.737391599654416,933.6642206417756,2019-05-03,0,0.8660254037844387,-0.4999999999999998
2019-05-03,0,0.12399323544595037,23,0.6560853127885422,36.59275570812979,0.0640106300260062,22.17970705371932,76.81155345403796,0.8140262009656157,934.7088618043888,2019-05-04,0,0.8660254037844387,-0.4999999999999998
2019-05-04,0,0.13572102471323166,23,0.43356520862894077,27.24411172499262,1.3192866367327083,22.547870538154847,79.9042232598401,0.6817069891201728,936.53635666283,2019-05-05,1,0.8660254037844387,-0.4999999999999998
2019-05-05,1,4.760791491172584,28,5.0205057513317675,18.235909761751184,0.0762428021141195,22.32401000385193,77.90028028328433,1.206049034754494,937.147802820294,2019-05-06,0,0.8660254037844387,-0.4999999999999998
2019-05-06,0,0.6404444446142301,27,5.5369569605000475,11.654418826152178,1.1600626209599645,22.377235758683412,78.7227755915925,0.9958784758822252,935.9910083051662,2019-05-07,0,0.8660254037844387,-0.4999999999999998
2019-05-07,0,1.9229226185287576,35,7.324158554315574,8.115964891817322,6.59214617596172,21.076559167840436,83.25353690085802,1.4166420502013597,935.7968490455272,2019-05-08,0,0.8660254037844387,-0.4999999999999998
2019-05-08,0,0.18665355626396168,24,2.750020619406951,7.944377319208451,2.163243968278625,19.49072042061401,82.38619430557935,1.9795371779451971,937.7448794821446,2019-05-09,0,0.8660254037844387,-0.4999999999999998
2019-05-09,0,0.055632918456718305,22,2.1652090932494397,7.826159289195413,0.8639155683801129,19.355487902999315,79.84104764765014,1.6454492978734594,936.1490827914308,2019-05-10,0,0.8660254037844387,-0.4999999999999998
2019-05-10,0,0.039997093419965005,22,0.28228356814064676,7.7421631471694266,0.0703213666649259,20.64499630689827,80.3992679152203,1.0601834233280654,933.7608597452754,2019-05-11,0,0.8660254037844387,-0.4999999999999998
2019-05-11,0,2.946300083291846,27,3.0419300951685306,10.552742205748041,0.7510866929385516,21.69253130567932,81.06165516762368,0.6136144181121157,933.2359329284244,2019-05-12,0,0.8660254037844387,-0.4999999999999998
2019-05-12,0,2.0528934496232805,31,5.039190626335094,7.844844164198737,1.3130196771849412,22.34090642442194,80.86455778916122,0.9043781316411774,935.3809475187018,2019-05-13,0,0.8660254037844387,-0.4999999999999998
2019-05-13,0,0.16754452309427967,24,5.166738056009408,7.3719442426787865,1.1540449988895265,22.060937681579336,79.633585546558,1.0313265864718746,937.5024818193608,2019-05-14,0,0.8660254037844387,-0.4999999999999998
2019-05-14,0,4.456904949680365,42,6.677342922397927,9.905926573830396,1.0287547173143845,21.19373216451218,82.00913913158965,1.2173950262129751,935.7550337065318,2019-05-15,0,0.8660254037844387,-0.4999999999999998
2019-05-15,0,3.783452414370129,40,8.407901887144774,13.502725431936561,3.635995606475973,18.497714951138025,81.95336904758764,2.0962026380287817,936.4474347977098,2019-05-16,0,0.8660254037844387,-0.4999999999999998
2019-05-16,0,6.753729826307856,55,14.994087190358353,20.2008223397877,4.80836618152566,18.317382998159104,84.12653347270742,2.262154310797282,938.4548476078312,2019-05-17,0,0.8660254037844387,-0.4999999999999998
2019-05-17,0,2.1910399974685872,39,12.728222238146573,22.35186524383632,16.13999636793111,17.771721016787044,85.84277960186952,1.8685428673864315,938.5125019575796,2019-05-18,0,0.8660254037844387,-0.4999999999999998
2019-05-18,0,7.448895921020911,53,16.393665744797353,26.854461081565386,19.05867501829948,17.627317907305045,88.8292172831169,1.05634189865707,937.086094285636,2019-05-19,1,0.8660254037844387,-0.4999999999999998
2019-05-19,1,6.650354263294737,43,16.290290181784236,31.451921895236843,1.065336195724394,18.01889883702934,85.16969049056604,0.9516995316747676,936.1475307660188,2019-05-20,0,0.8660254037844387,-0.4999999999999998
2019-05-20,0,1.9128882828259268,30,16.012138467141575,33.19726565496849,0.5266165419624177,18.026894147500567,81.7757898493501,0.7280384657398615,935.8390411540272,2019-05-21,0,0.8660254037844387,-0.4999999999999998
2019-05-21,0,0.47984112485641806,24,9.043083670977083,29.220201830144546,0.0726039214113765,18.170123248321666,77.29581211792886,0.9577983862481264,935.6064633600756,2019-05-22,0,0.8660254037844387,-0.4999999999999998
2019-05-22,0,0.3950925910829205,24,2.787821998765267,25.831842006857336,0.1378852516069974,16.727913134187553,78.04249519588271,0.5818640459987177,935.2564718514052,2019-05-23,0,0.8660254037844387,-0.4999999999999998
2019-05-23,0,0.2824050655971454,24,1.1573387815364857,19.360517246146625,0.3011839180341272,18.080368201027586,73.82947708708227,0.6638729770714588,937.5297319161942,2019-05-24,0,0.8660254037844387,-0.4999999999999998
2019-05-24,0,0.7996296000191246,33,1.4771272566991924,17.969106848697166,2.7985115308025645,18.11374702716901,82.20954262979882,1.6688842310149927,935.3048579880448,2019-05-25,0,0.8660254037844387,-0.4999999999999998
2019-05-25,0,0.14621840513373455,24,1.2282530707500066,10.666429332809987,0.3377888477396491,15.118516929607557,73.3166404929335,1.9394990300065549,937.7749384095426,2019-05-26,0,0.8660254037844387,-0.4999999999999998
2019-05-26,0,0.07550380031969049,23,1.0213518054725514,4.091578869834939,0.0548647546240481,15.61657732027703,75.58983456586826,0.9903205903260456,939.985632225374,2019-05-27,0,0.8660254037844387,-0.4999999999999998
2019-05-27,0,0.11088441623955124,21,0.33260662169297806,2.2895750032485633,0.0280059395100899,16.27650689900121,70.76669219896822,0.8737389213365391,939.3841412756713,2019-05-28,0,0.8660254037844387,-0.4999999999999998
2019-05-28,0,1.1062674180429852,23,1.2926556346022287,2.9160012964351307,1.629723071384826,17.844881593118014,71.7707961809419,1.3521068057620813,937.73510860221,2019-05-29,0,0.8660254037844387,-0.4999999999999998
2019-05-29,0,10.969336381084172,54,12.18648821536671,13.490245086436383,4.138748635230395,19.75391392802984,81.38632184945607,1.2284431551171977,939.2836373507072,2019-05-30,0,0.8660254037844387,-0.4999999999999998
2019-05-30,0,1.527059663823293,25,13.602663462950451,14.73489968466253,5.532219017623893,20.625439336146854,80.98624776631162,1.211002783705693,938.0372485764178,2019-05-31,0,0.8660254037844387,-0.4999999999999998
2019-05-31,0,1.6731291555605208,28,14.169525200467987,15.608399240203926,0.7739778496293048,21.604658094699893,74.62569710194862,1.4991018449402502,935.2585124341964,2019-06-01,1,0.49999999999999994,-0.8660254037844387
2019-06-01,1,7.547310193571385,52,10.7474990129552,23.009491028641577,2.508463887002309,20.2759895972506,79.95954024869977,1.1325378775762036,936.5306857033366,2019-06-02,1,0.49999999999999994,-0.8660254037844387
2019-06-02,1,9.500954007588819,52,18.721393356720725,32.434941235910706,6.632196648381755,18.57170217076444,88.29817132813429,1.0097004053597043,938.6272364829888,2019-06-03,1,0.49999999999999994,-0.8660254037844387
2019-06-03,1,9.669023516329617,52,26.717287717489825,41.99308033600077,6.4635666129249545,17.25814618427375,89.98405681762547,1.1317353218212505,940.639453143199,2019-06-04,0,0.49999999999999994,-0.8660254037844387
2019-06-04,0,3.9982373823474915,50,23.16821490626593,44.88505030030528,0.8558179691665625,15.57493986063193,78.07629351780811,2.1200213505453416,944.575766712001,2019-06-05,0,0.49999999999999994,-0.8660254037844387
2019-06-05,0,2.707753234907937,46,16.375014133585047,36.62346715412904,0.1522649274198594,13.787532778032023,80.27407725953005,1.8238110598401955,945.8462174084242,2019-06-06,0,0.49999999999999994,-0.8660254037844387
2019-06-06,0,0.6565558380220786,28,7.362546455277509,35.75296332832782,0.192766098401858,15.908412517752566,75.94819900105333,1.6625651413929885,944.141353331744,2019-06-07,0,0.49999999999999994,-0.8660254037844387
2019-06-07,0,0.5133574567029671,28,3.877666529632984,34.593191629470276,0.0417514432023665,15.89175662130804,72.66880416804803,1.1774782473721312,942.3095429010496,2019-06-08,0,0.49999999999999994,-0.8660254037844387
2019-06-08,0,0.8419035776037801,29,2.0118168723288274,27.88778501350267,0.0539836152904798,15.041799313986337,75.51550508419008,0.7228557880443021,942.1719518323966,2019-06-09,0,0.49999999999999994,-0.8660254037844387
2019-06-09,0,0.35774570664591615,28,1.713006740952665,18.744576712559763,0.0244106483235787,14.941890880132403,73.50198899217642,1.425109486860174,944.1127844758028,2019-06-10,0,0.49999999999999994,-0.8660254037844387
2019-06-10,0,0.2358340142290098,27,1.4354832984787078,9.31138721045916,0.0,16.297649416835075,72.71391477009226,1.5792338482908008,944.4573273018264,2019-06-11,0,0.49999999999999994,-0.8660254037844387
2019-06-11,0,0.2781194991296339,25,0.8716992200045617,5.591269327241301,0.0661620915259452,16.593615944680273,72.96971539058465,0.9836473121992017,943.0269784182632,2019-06-12,0,0.49999999999999994,-0.8660254037844387
2019-06-12,0,0.2807023652564331,25,0.7946558786150786,3.1642184575897976,0.0099968298426527,17.5173857603706,75.30193790092709,1.0278961209677675,942.9550354244566,2019-06-13,0,0.49999999999999994,-0.8660254037844387
2019-06-13,0,0.25117441355004266,25,0.8099962779361114,2.758837033117761,0.05666518716581,18.61560424887972,75.31553950364133,1.009067063638711,943.3345757574352,2019-06-14,0,0.49999999999999994,-0.8660254037844387
2019-06-14,0,0.18705873263835962,26,0.7189355114448372,2.4325383090531543,0.0159271500850893,19.60629607007265,71.19056961664852,1.0398024384926725,943.7049270160976,2019-06-15,0,0.49999999999999994,-0.8660254037844387
2019-06-15,0,0.24578555268559452,26,0.6840186988739986,1.8364202841349686,0.025923979927742,18.96621990696141,71.21844536398055,0.995104877776448,943.6890038547616,2019-06-16,0,0.49999999999999994,-0.8660254037844387
2019-06-16,0,0.09321975793515311,25,0.526064043259109,1.5718943354242054,0.0099968298426527,18.603125467273475,72.30314081238207,0.7710250256170009,944.4882901487572,2019-06-17,0,0.49999999999999994,-0.8660254037844387
2019-06-17,0,0.07081085327544362,25,0.409816163896193,1.4068711744706393,0.0243569524709309,17.73185807180133,75.75932102463135,1.1048695590418454,944.3006241914547,2019-06-18,0,0.49999999999999994,-0.8660254037844387
2019-06-18,0,0.07214505625640494,27,0.23617566746700344,1.2008967315974104,0.0402841025560202,17.321469201858392,76.06230829577329,1.021683620176274,942.6050282826842,2019-06-19,0,0.49999999999999994,-0.8660254037844387
2019-06-19,0,0.06328670731290523,25,0.20624261684475556,0.9834810736538824,0.0,18.133336892466257,73.21997194290867,0.9648158540226304,941.7926709883028,2019-06-20,0,0.49999999999999994,-0.8660254037844387
2019-06-20,0,0.07407065607314527,25,0.2095024196424572,0.806377316176985,0.2429239105020388,17.378408147794996,76.6971425130572,1.086449939213508,943.522595264524,2019-06-21,0,0.49999999999999994,-0.8660254037844387
2019-06-21,0,0.42582652433225715,24,0.5631838877183094,1.0451451078708824,0.3531231965617469,18.05399429806328,76.77070608353878,1.5941466783909102,946.9540639608988,2019-06-22,0,0.49999999999999994,-0.8660254037844387
2019-06-22,0,0.5314638228183571,25,1.0313610032237612,1.3308233780036451,0.0402841025560202,16.904091115330782,76.44861054602623,1.0902711205473017,947.651185267616,2019-06-23,0,0.49999999999999994,-0.8660254037844387
2019-06-23,0,1.3585806873718351,24,2.315871034522451,2.5961843074403275,0.0223114048522263,17.169787720613755,74.33099207759876,1.0626243936491284,944.6733449876308,2019-06-24,0,0.49999999999999994,-0.8660254037844387
2019-06-24,0,0.004788461762686869,25,1.894832971952881,2.530161915927571,0.0281593221732026,17.071845303820517,70.34221934202264,1.049466433148449,940.103947587752,2019-06-25,0,0.49999999999999994,-0.8660254037844387
2019-06-25,0,0.005894461689339355,27,1.3692636108238632,2.463911321360505,0.0927466813475059,18.5114576305609,66.44091632969305,1.6169599560778969,937.0929458425792,2019-06-26,0,0.49999999999999994,-0.8660254037844387
2019-06-26,0,0.021539882983141495,29,0.0322228064351695,2.422164497030741,0.0528895304861597,19.817638921037485,66.3068705142564,1.466887485825798,937.3406811960072,2019-06-27,0,0.49999999999999994,-0.8660254037844387
2019-06-27,0,0.15439408872375326,29,0.1818284333962359,2.502487929681349,0.9816438085256448,19.012787307970463,75.48474248652013,1.0048904840358612,940.9818424139688,2019-06-28,0,0.49999999999999994,-0.8660254037844387
2019-06-28,0,0.0,29,0.17593397170689654,2.0766614053490917,0.0,19.586727569178976,73.59706694027821,1.1851750357368742,942.1126828038502,2019-06-29,0,0.49999999999999994,-0.8660254037844387
2019-06-29,0,0.0,28,0.15439408872375504,1.5451975825307347,0.0281056263205547,19.667690470624912,69.74830800679636,1.2614815260000605,940.9163901994682,2019-06-30,0,0.49999999999999994,-0.8660254037844387
2019-06-30,0,0.0,29,0.0,0.18661689515889968,0.0317546133597137,19.241213838135188,69.67641534774077,1.3198917009030708,939.9947843031956,2019-07-01,0,1.2246467991473532e-16,-1.0
2019-07-01,0,0.0,35,0.0,0.1818284333962128,0.1046820702502098,18.815368503590864,71.32995298848947,1.0547699319581905,938.9771722061388,2019-07-02,0,1.2246467991473532e-16,-1.0
2019-07-02,0,0.0,34,0.0,0.17593397170687344,0.1825057974116123,18.499591375444695,71.70582298146596,1.358952597027372,934.8137514534068,2019-07-03,0,1.2246467991473532e-16,-1.0
2019-07-03,0,0.0,34,0.0,0.15439408872373195,0.1181029654742626,19.71215057120581,65.24599435404667,1.5921061541644392,932.6938722536888,2019-07-04,1,1.2246467991473532e-16,-1.0
2019-07-04,1,34.72150186392973,55,34.72150186392973,34.72150186392971,15.646304133026495,17.626013602962654,79.25176770953708,1.5076982586877412,934.8197405042564,2019-07-05,1,1.2246467991473532e-16,-1.0
2019-07-05,1,32.25412783171143,55,66.97562969564116,66.97562969564115,17.712154660973503,14.696449878889135,91.86312710876942,1.8078430197249271,937.8832833754964,2019-07-06,0,1.2246467991473532e-16,-1.0
2019-07-06,0,6.7953946174943445,51,73.7710243131355,73.77102431313548,0.0526398831091282,10.161070685510868,72.55115945709434,1.2488535338288784,943.2059710019864,2019-07-07,0,1.2246467991473532e-16,-1.0
2019-07-07,0,5.490774824876106,46,44.54029727408188,79.26179913801158,0.0381024561632074,8.85420020011854,73.42593900232087,1.5726243614314888,946.2920143384404,2019-07-08,0,1.2246467991473532e-16,-1.0
2019-07-08,0,2.8431083474605154,44,15.129277789830965,82.10490748547211,0.0,11.433866195611383,71.46206669309895,1.4069557283706045,946.6482656595934,2019-07-09,0,1.2246467991473532e-16,-1.0
2019-07-09,0,2.2525090363252005,42,10.58639220866182,84.3574165217973,0.0627946315273722,12.71678677535131,73.13491632728022,0.9032637540468704,945.9201417028492,2019-07-10,0,1.2246467991473532e-16,-1.0
2019-07-10,0,2.050326689158981,40,7.1459440729446975,86.40774321095628,0.0897938172694455,13.604851370695489,71.79325385899519,0.7902785868158952,944.1914149979576,2019-07-11,0,1.2246467991473532e-16,-1.0
2019-07-11,0,1.2043291258306448,36,5.507164851314826,52.8905704728572,0.2101221599587179,13.867884775363098,69.91562310061138,0.7017645540370623,941.3889533949514,2019-07-12,0,1.2246467991473532e-16,-1.0
2019-07-12,0,0.5864412457533807,37,3.8410970607430066,21.22288388689915,0.025923979927742,14.61718579972706,67.80379513009132,0.771948727580221,940.5206914404048,2019-07-13,0,1.2246467991473532e-16,-1.0
2019-07-13,0,0.8251931273283828,37,2.615963498912408,15.252682396733189,0.0345435769403397,16.01051052721221,66.75172123526883,0.7400039009083226,940.0756386687012,2019-07-14,0,1.2246467991473532e-16,-1.0
2019-07-14,0,0.18702972771324225,35,1.5986641007950058,9.948937299570327,0.0159271500850893,17.23180350157278,67.74990300984601,0.905898491826671,938.9258804686208,2019-07-15,0,1.2246467991473532e-16,-1.0
2019-07-15,0,0.0818636406373972,17,1.0940864956790222,7.187692592747208,0.2185041422479177,16.67169262302389,73.77942216934284,1.1573561896908005,938.3854348634504,2019-07-16,0,1.2246467991473532e-16,-1.0
2019-07-16,0,6.263235908758315,6,6.532129277108954,11.198419465180322,1.2515561650214435,15.523028839556083,78.24356904618458,1.646909193007605,939.054905490688,2019-07-17,0,1.2246467991473532e-16,-1.0
2019-07-17,0,,0,,,1.0678296258090842,11.312479017133375,74.48253274796865,1.9028558526252408,944.431729782636,2019-07-18,0,1.2246467991473532e-16,-1.0
2019-07-18,0,,0,,,0.4793059974948303,13.925278966267976,71.97640867037721,1.9447534479120347,944.9901665887404,2019-07-19,0,1.2246467991473532e-16,-1.0
2019-07-19,0,,0,,,0.0388918630829459,14.788091225635942,69.96151877327019,1.711209939493778,944.513903691236,2019-07-20,0,1.2246467991473532e-16,-1.0
2019-07-20,0,,0,,,0.0,15.720264511549942,70.52747045653568,1.4645432003025889,943.1966353446104,2019-07-21,0,1.2246467991473532e-16,-1.0
2019-07-21,0,,0,,,0.0,15.605384716439936,69.06903174405808,1.5615969997918449,941.911154805642,2019-07-22,0,1.2246467991473532e-16,-1.0
2019-07-22,0,,0,,,0.0,17.272604585486242,67.31494405418121,1.6900717326553854,941.9806176674176,2019-07-23,0,1.2246467991473532e-16,-1.0
2019-07-23,0,,0,,,0.0122321720881133,17.84603960536887,66.9045179475344,1.1269232666715523,941.9670845215778,2019-07-24,0,1.2246467991473532e-16,-1.0
2019-07-24,0,,0,,,0.0,17.691654677743745,67.91664741433662,0.9918239564623283,941.417380282171,2019-07-25,0,1.2246467991473532e-16,-1.0
2019-07-25,0,,0,,,0.0159271500850893,17.980809300527543,70.96418264056909,1.333765885385015,941.9991937528608,2019-07-26,0,1.2246467991473532e-16,-1.0
2019-07-26,0,,0,,,0.0,18.10834516926828,69.86396397134207,1.4424925643200908,943.5012348729686,2019-07-27,0,1.2246467991473532e-16,-1.0
2019-07-27,0,,0,,,0.1623667094598291,17.85692073049808,67.37738011688283,1.1068340218100017,943.6642579809186,2019-07-28,0,1.2246467991473532e-16,-1.0
2019-07-28,0,,0,,,0.3885988178438654,17.042973341080042,69.18968684219838,1.874632920383688,943.840145616622,2019-07-29,0,1.2246467991473532e-16,-1.0
2019-07-29,0,,0,,,0.2399239162236649,16.99508493044154,70.15047189505405,1.3147710667005208,942.5064708182982,2019-07-30,0,1.2246467991473532e-16,-1.0
2019-07-30,0,0.7391622019358963,34,,,0.5620935462163069,17.340365992762173,70.75739526314801,1.3134169871285748,939.8933807517484,2019-07-31,0,1.2246467991473532e-16,-1.0
2019-07-31,0,0.2084090108099707,32,,,0.2862520308359692,16.560674878756963,68.95130123636305,0.941868474677818,939.4159461412212,2019-08-01,0,-0.4999999999999997,-0.8660254037844388
2019-08-01,0,0.019967160633915595,46,0.9675383733797827,,0.1920318900780186,19.68233577135178,56.70827347912133,1.5906046838925696,934.235872389997,2019-08-02,0,-0.4999999999999997,-0.8660254037844388
2019-08-02,0,0.22520324854722076,48,0.45357941999110707,,0.1085125005789623,18.97257268357817,66.3717933113703,1.633227089378271,934.0186045188384,2019-08-03,0,-0.4999999999999997,-0.8660254037844388
2019-08-03,0,1.293807466518729,47,1.5389778756998653,,2.9295611724259745,13.027193901999192,83.63185286254758,1.9416039675892331,938.783510221258,2019-08-04,0,-0.4999999999999997,-0.8660254037844388
2019-08-04,0,0.1600600403962347,44,1.6790707554621844,,2.7306734936548995,10.836120858601689,84.54475628822632,2.043107041569834,943.3857632715162,2019-08-05,0,-0.4999999999999997,-0.8660254037844388
2019-08-05,0,0.31270524417447776,46,1.7665727510894413,2.959314373016423,1.7761662103345612,13.273889079026814,79.87329247626214,2.0349609681531,945.6787599048068,2019-08-06,0,-0.4999999999999997,-0.8660254037844388
2019-08-06,0,0.011298538658674964,44,0.4840638232293874,2.231450709739202,0.1223793900892183,16.871867340485146,72.81367422049185,1.6207421819955077,944.2557388721144,2019-08-07,0,-0.4999999999999997,-0.8660254037844388
2019-08-07,0,0.03739906151633797,45,0.36140284434949066,2.060440760445569,0.0159271500850893,18.31775619992473,71.64718309408258,1.1415209843738274,942.6759502049724,2019-08-08,0,-0.4999999999999997,-0.8660254037844388
2019-08-08,0,0.0037009813140787533,47,0.052398581489091635,2.0441745811257324,0.0224110916626912,19.408867772394853,67.97559123610407,0.8488162724553161,941.110292973801,2019-08-09,0,-0.4999999999999997,-0.8660254037844388
2019-08-09,0,0.07369500307616482,46,0.11479504590658149,1.8926663356546762,0.0099968298426527,19.662639877850637,67.87620305170566,0.9701114377317294,938.7979906018963,2019-08-10,0,-0.4999999999999997,-0.8660254037844388
2019-08-10,0,0.00384075682857181,43,0.08123674121881533,0.6026996259645194,0.022229001930766,20.128832670141627,63.67380201652006,1.1493978094886927,937.219619668586,2019-08-11,0,-0.4999999999999997,-0.8660254037844388
2019-08-11,0,0.011671320986033322,45,0.0892070808907699,0.45431090655431805,0.1372197692722717,18.81504785035104,70.37870165803409,1.2307340859396674,938.8288458211504,2019-08-12,0,-0.4999999999999997,-0.8660254037844388
2019-08-12,0,0.003764942253559136,45,0.019277020068164213,0.14537060463339946,0.0078440868206307,20.931610554783976,64.35957868693333,1.262769019767858,937.4204583664228,2019-08-13,0,-0.4999999999999997,-0.8660254037844388
2019-08-13,0,0.03990604039422014,46,0.05534230363381254,0.17397810636894462,0.0164807714202546,17.983039825545085,74.28067047908239,1.747260952768482,937.4742487708908,2019-08-14,0,-0.4999999999999997,-0.8660254037844388
2019-08-14,0,0.106938785569954,45,0.15060976821773323,0.24351783042256067,0.1296788315520388,13.18872649175312,78.72533663669812,2.897001609411201,943.3555611130204,2019-08-15,0,-0.4999999999999997,-0.8660254037844388
2019-08-15,0,0.04753702969683935,45,0.19438185566101343,0.28735387880532126,0.1807466506703015,14.524461314970043,69.31559694571219,2.174261406273358,944.5129939373631,2019-08-16,0,-0.4999999999999997,-0.8660254037844388
2019-08-16,0,0.00375946147386257,45,0.15823527674065588,0.217418337203019,0.0159271500850893,15.516278322918197,66.86555398520655,1.085189024153675,941.542136582091,2019-08-17,0,-0.4999999999999997,-0.8660254037844388
2019-08-17,0,0.00375946147386257,45,0.055055952644564435,0.2173370418483098,0.0,17.22599201351067,61.22548459588796,1.3857110346344703,937.0419141705808,2019-08-18,0,-0.4999999999999997,-0.8660254037844388
2019-08-18,0,0.003696746220114903,46,0.011215669167839988,0.20936246708239137,0.0553844208858662,19.71952849537664,56.46357404760752,1.311088040081696,934.3201866132516,2019-08-19,0,-0.4999999999999997,-0.8660254037844388
2019-08-19,0,1.3001780582719145,46,1.307634265965892,1.5057755831007467,4.6379946758141015,16.53959839977214,78.60595238160813,2.1278834650039995,936.4762902265552,2019-08-20,0,-0.4999999999999997,-0.8660254037844388
2019-08-20,0,0.33131028238485777,46,1.6351850868768871,1.7971798250913842,2.893560955948275,15.376539534182148,83.59848201574594,1.7522337963076275,938.6432014377432,2019-08-21,0,-0.4999999999999997,-0.8660254037844388
2019-08-21,0,0.16139683758695317,46,1.7928851782437254,1.8516378771083835,0.6795359155921411,15.949779126284962,79.0655371204131,1.5524835896077704,939.645280987268,2019-08-22,0,-0.4999999999999997,-0.8660254037844388
2019-08-22,0,0.06230263325265441,46,0.5550097532244653,1.8664034806641985,1.9986450841923584,15.214051615680884,78.24812694413353,1.9141110210659893,940.1377188588016,2019-08-23,0,-0.4999999999999997,-0.8660254037844388
2019-08-23,0,0.09341916112433764,46,0.3171186319639452,1.9560631803146735,1.2404422254283156,15.27992416390933,77.22597442829196,1.556426941049922,938.4134238062376,2019-08-24,0,-0.4999999999999997,-0.8660254037844388
2019-08-24,0,0.53766916642156,46,0.693390960798552,2.4899728852623713,0.2738821258441265,14.909843089163996,74.69783020787541,1.8321156852741745,940.0302351445036,2019-08-25,0,-0.4999999999999997,-0.8660254037844388
2019-08-25,0,0.015335686499118378,46,0.646424014045016,2.5016118255413744,0.2120293206008581,15.878990381168368,70.2584295799999,2.246404055069779,941.9289582176162,2019-08-26,0,-0.4999999999999997,-0.8660254037844388
2019-08-26,0,0.00375946147386257,45,0.5567643143945409,1.2051932287433227,0.1186307162395944,17.12232160402402,68.97586514287998,2.0312963206015664,940.7478619909712,2019-08-27,0,-0.4999999999999997,-0.8660254037844388
2019-08-27,0,0.02274474191686855,45,0.04183988988984939,0.8966276882753336,0.0353789748178951,18.004789346918688,70.52530931782556,1.2250013847248615,940.329858122312,2019-08-28,0,-0.4999999999999997,-0.8660254037844388
2019-08-28,0,,0,,,0.0143280283982326,18.25714705377556,71.83863436429917,1.6552419433406664,939.8387871046592,2019-08-29,0,-0.4999999999999997,-0.8660254037844388
2019-08-29,0,,0,,,0.0066293698440796,18.463309747536307,65.46362008721464,1.4709474617166651,937.2415098108884,2019-08-30,0,-0.4999999999999997,-0.8660254037844388
2019-08-30,0,,0,,,0.0099968298426527,19.928383372588424,63.6161911813656,1.1874726263064057,935.1591242090876,2019-08-31,0,-0.4999999999999997,-0.8660254037844388
2019-08-31,0,0.20152225747394611,45,,,0.9460331575332508,21.54013829486998,59.657171755590326,1.640432571297271,933.152961781484,2019-09-01,1,-0.8660254037844385,-0.5000000000000004
2019-09-01,1,15.887917575368723,48,,,18.76581135589008,17.379215289227595,86.35736139756236,1.7920948603341385,933.8456656543138,2019-09-02,1,-0.8660254037844385,-0.5000000000000004
2019-09-02,1,10.747634346340092,47,26.837074179182764,,13.78905761725022,17.36146688450595,84.48778207077947,1.4285400538159765,933.4837986266756,2019-09-03,1,-0.8660254037844385,-0.5000000000000004
2019-09-03,1,5.437408825688286,45,32.072960747397104,,6.990524752562387,18.01443938064382,84.19926375129207,0.9914294299836056,934.7351715357158,2019-09-04,0,-0.8660254037844385,-0.5000000000000004
2019-09-04,0,2.8469954871258345,22,19.03203865915421,,0.8729404926468426,17.874351316956716,83.42361554931607,1.7371951666874283,937.7941904402836,2019-09-05,1,-0.8660254037844385,-0.5000000000000004
2019-09-05,1,1.9520659010258359,23,10.236470213839956,,1.9992910594567663,15.214627965109091,83.28403529687434,2.530529897694882,941.7214316359,2019-09-06,0,-0.8660254037844385,-0.5000000000000004
2019-09-06,0,3.4599995733149798,38,8.25906096146665,40.533543966337675,4.447794650828949,15.7299603947839,82.83675223167376,2.0703351458485195,941.108849049219,2019-09-07,0,-0.8660254037844385,-0.5000000000000004
2019-09-07,0,2.969507249524721,26,8.381572723865537,43.30152895838845,0.1920445052837072,20.845174732584105,70.7574232999135,1.611725162397878,940.0458902019744,2019-09-08,0,-0.8660254037844385,-0.5000000000000004
2019-09-08,0,1.4268533796459495,14,7.85636020248565,28.84046476266568,0.0496533654862294,22.95153200453302,67.3704969118569,0.9540962277705332,939.7415350237734,2019-09-09,0,-0.8660254037844385,-0.5000000000000004
2019-09-09,0,0.9232119071559048,11,5.319572536326575,19.01604232348149,0.0706399998700858,23.026606418795826,61.55504171906659,1.4505305497016898,936.186330152332,2019-09-10,0,-0.8660254037844385,-0.5000000000000004
2019-09-10,0,0.8431074174487585,11,3.193172704250613,14.421740915241962,0.0,23.41325625432549,53.69091886877102,1.1587182075545397,934.733800379958,2019-09-11,0,-0.8660254037844385,-0.5000000000000004
2019-09-11,0,0.722093616738541,11,2.4884129413432046,12.296839044854668,0.0345895678981567,23.79912738479177,57.46789850761299,1.016141305746506,933.5384889211166,2019-09-12,0,-0.8660254037844385,-0.5000000000000004
2019-09-12,0,0.5375948799189897,10,2.1027959141062893,10.882368023747823,0.0365354287063963,24.665577665911638,54.98556340732875,1.045601610320568,932.4331097030242,2019-09-13,0,-0.8660254037844385,-0.5000000000000004
2019-09-13,0,0.3306166043940584,11,1.5903051010515892,7.752985054826902,0.6079011591418699,20.025298625816845,72.02071678083728,2.400697418114428,936.645217163782,2019-09-14,0,-0.8660254037844385,-0.5000000000000004
2019-09-14,0,0.35033511920705035,11,1.2185466035200985,5.133812924509231,0.3488053745878456,20.094786646616942,75.25788906669649,1.990483875614082,937.2436113640664,2019-09-15,0,-0.8660254037844385,-0.5000000000000004
2019-09-15,0,0.19449846484497108,10,0.8754501884460798,3.9014580097082523,0.2076584834048717,22.732889945898613,67.09974870944782,1.58613105136514,935.839178618251,2019-09-16,0,-0.8660254037844385,-0.5000000000000004
2019-09-16,0,0.01128369433614244,9,0.5561172783881638,2.98952979688849,0.0064839415776019,24.981899207446883,57.19533257595446,1.3899535938335246,935.4639210996464,2019-09-17,0,-0.8660254037844385,-0.5000000000000004
2019-09-17,0,0.0,9,0.2057821591811135,2.1464223794397315,0.0,24.85052655360785,54.39103143672197,1.1356517462508873,932.2469859459534,2019-09-18,0,-0.8660254037844385,-0.5000000000000004
2019-09-18,0,0.0,10,0.01128369433614244,1.4243287627011907,0.0265065046336981,24.95391205448277,52.65648603473439,1.6825282076693335,928.978899534412,2019-09-19,0,-0.8660254037844385,-0.5000000000000004
2019-09-19,0,0.555785021936116,14,0.555785021936116,1.442518904718317,1.7169199087595977,22.409171938186525,64.86083701156389,1.9450782962470967,929.9967176458126,2019-09-20,0,-0.8660254037844385,-0.5000000000000004
2019-09-20,0,0.43599217487162784,14,0.9917771968077438,1.5478944751958863,1.927873087931224,22.047896605660437,70.46638028896416,1.8632943560217463,932.4624430252272,2019-09-21,0,-0.8660254037844385,-0.5000000000000004
2019-09-21,0,2.454625827371967,32,3.446403024179711,3.6521851833608032,4.163824344765443,18.63101362321067,80.40151766382195,2.22543590597136,936.4283444320976,2019-09-22,0,-0.8660254037844385,-0.5000000000000004
2019-09-22,0,0.3091447645144611,14,3.1997627667580555,3.7668314830302925,1.2977261782538054,17.59612463956995,78.96512002357304,2.95077160004828,939.2914709798408,2019-09-23,0,-0.8660254037844385,-0.5000000000000004
2019-09-23,0,0.17030229828294532,12,2.9340728901693733,3.9258500869770954,0.3838887085636753,15.268121973400534,70.9061320873686,3.7090266841385833,943.05343670866,2019-09-24,0,-0.8660254037844385,-0.5000000000000004
2019-09-24,0,0.3259803618172628,13,0.8054274246146692,4.251830448794358,0.2973785185031465,17.35395733353312,69.74334690312931,2.1215753349428264,939.9364420640744,2019-09-25,0,-0.8660254037844385,-0.5000000000000004
2019-09-25,0,0.4509488224832865,16,0.9472314825834947,4.702779271277644,2.999853712431605,16.948756798090212,84.94379978970375,1.6664980786009285,937.5641027990644,2019-09-26,0,-0.8660254037844385,-0.5000000000000004
2019-09-26,0,1.8576024793311494,24,2.634531663631699,6.004596728672678,2.009323064910852,17.158460102918163,85.10891825325473,1.1032383510973742,936.659025616012,2019-09-27,0,-0.8660254037844385,-0.5000000000000004
2019-09-27,0,0.012999593406651399,8,2.3215508952210877,5.5816041472077025,0.159865284858689,17.16570980377366,75.98501557829243,1.7209068871025237,936.9898277591724,2019-09-28,0,-0.8660254037844385,-0.5000000000000004
2019-09-28,0,0.023225236626051318,10,1.8938273093638522,3.1502035564617863,0.4285314707576007,16.631768692790608,76.24549598261613,2.2723441667279656,938.2050234518476,2019-09-29,0,-0.8660254037844385,-0.5000000000000004
2019-09-29,0,2.994002737369838,10,3.030227567402541,5.835061529317164,0.0864242446603012,18.00460260980914,69.80675275294891,1.40614950148453,935.6741376737518,2019-09-30,0,-0.8660254037844385,-0.5000000000000004
2019-09-30,0,0.0,9,3.0172279739958894,5.664759231034218,0.1712097648108477,19.34726809858781,65.65424082078137,1.3809433597840772,934.8565031831886,2019-10-01,0,-1.0,-1.8369701987210297e-16
2019-10-01,0,0.0038863272076918535,37,2.99788906457753,5.342665196424647,0.031376347282523,21.671860708035663,63.171422128020446,1.6892500601114633,933.9498803851246,2019-10-02,0,-1.0,-1.8369701987210297e-16
2019-10-02,0,0.0038863272076918535,37,0.007772654415383707,4.895602701149053,0.0064839415776019,23.692131462349703,58.82518250408814,1.3224592110551898,932.938058391046,2019-10-03,0,-1.0,-1.8369701987210297e-16
2019-10-03,0,0.0038863272076918535,37,0.01165898162307556,3.0418865490255946,0.0324197078880097,21.889360039183465,57.62881085528423,2.2711587968885105,934.8422496888732,2019-10-04,0,-1.0,-1.8369701987210297e-16
2019-10-04,0,0.00396713346906375,35,0.011739787884447458,3.032854089088007,0.0,21.20291443601033,63.39020054591345,1.7002595745353313,935.5407586842672,2019-10-05,0,-1.0,-1.8369701987210297e-16
2019-10-05,0,0.00396713346906375,35,0.011820594145819353,3.0135959859310195,0.0,22.974098162902703,62.75165865426532,1.6116658060439564,932.7461185296324,2019-10-06,0,-1.0,-1.8369701987210297e-16
2019-10-06,0,0.01667075840721946,36,0.024605025345346962,0.036264006968400764,1.6253334561288504,20.519572508768515,72.4535314342303,2.8164973515131315,933.9365235940796,2019-10-07,0,-1.0,-1.8369701987210297e-16
2019-10-07,0,4.2313265366486466,45,4.251964428524929,4.267590543617048,8.95134873662418,18.92333255268733,80.75650470525063,1.98928429345835,935.5566797314252,2019-10-08,0,-1.0,-1.8369701987210297e-16
2019-10-08,0,3.8272171748266746,42,8.07521446988254,8.09092139123603,6.849967839819681,18.607870494067303,81.70010108399157,1.3207411428215472,935.9632748586464,2019-10-09,0,-1.0,-1.8369701987210297e-16
2019-10-09,0,9.75739048051613,6,17.815934191991452,17.844425544544467,2.8625710191164444,18.98830177837836,82.11265282775224,1.5234281097280618,937.0031423482234,2019-10-10,0,-1.0,-1.8369701987210297e-16
2019-10-10,0,,0,,,0.1284580174934843,20.76661363954542,72.90199955036924,1.8557537708421403,936.574785946084,2019-10-11,0,-1.0,-1.8369701987210297e-16
2019-10-11,0,0.025316151378169616,33,,,0.0159271500850893,22.3604987254913,69.49192813364766,1.4571226469761616,935.9641224531504,2019-10-12,0,-1.0,-1.8369701987210297e-16
2019-10-12,0,0.018656752585574664,35,,,0.0,24.180084989426227,62.53405219319244,1.127968304665966,935.1540893411916,2019-10-13,0,-1.0,-1.8369701987210297e-16
2019-10-13,0,,0,,,0.1689562778340874,25.394525958136665,54.95465190015573,1.1473469690298042,933.4214975184608,2019-10-14,0,-1.0,-1.8369701987210297e-16
2019-10-14,0,,0,,,0.0316303009682712,24.110476828721172,58.44863307414862,1.8640132329650811,934.071808724874,2019-10-15,0,-1.0,-1.8369701987210297e-16
2019-10-15,0,,1,,,5.77999563790043,20.86152197770583,72.58657456871981,2.980338245653252,937.1823137183038,2019-10-16,0,-1.0,-1.8369701987210297e-16
2019-10-16,0,0.3338740588889845,36,,,2.6334876055294463,21.54528439766845,72.05071899960596,2.306344757950281,937.2934456674328,2019-10-17,1,-1.0,-1.8369701987210297e-16
2019-10-17,1,0.0745724273784379,35,,,0.2429727473349,22.634422223833223,71.55020032720377,2.1247031945988195,935.384942839382,2019-10-18,0,-1.0,-1.8369701987210297e-16
2019-10-18,0,3.6686646494231,46,4.077111135690522,,0.6287780321022831,22.990634396424948,71.9229323391304,1.5356982085543631,933.8574015174144,2019-10-19,0,-1.0,-1.8369701987210297e-16
2019-10-19,0,1.0751684150323366,39,4.818405491833874,,3.892087508718485,22.885354020557063,72.69568801265427,2.3262407321129217,934.8779502358784,2019-10-20,0,-1.0,-1.8369701987210297e-16
2019-10-20,0,0.20919680485071976,38,4.953029869306156,,0.449046262814209,18.69654543322625,74.55539008142924,2.74560614918066,934.5166278094993,2019-10-21,0,-1.0,-1.8369701987210297e-16
2019-10-21,0,0.6768996739549679,38,1.9612648938380244,,2.012054112544122,17.040528328879752,77.733516943402,1.3326961882199,931.7890568364264,2019-10-22,0,-1.0,-1.8369701987210297e-16
2019-10-22,0,0.06506029934242417,36,0.9511567781481118,6.1034363288709494,0.0609209578755097,19.476888393123453,78.33311757448297,1.248943204573474,931.1134414076153,2019-10-23,0,-1.0,-1.8369701987210297e-16
2019-10-23,0,0.020133543182912477,36,0.7620935164803045,5.789695813164878,0.4951192526293555,20.631575388566883,70.50633533611773,2.07926753760308,934.1458964455488,2019-10-24,0,-1.0,-1.8369701987210297e-16
2019-10-24,0,0.0152917077608061,36,0.10048555028614276,5.730415093547246,1.2915184250397709,21.60121333884644,71.87578200708388,1.7593131641088204,934.120317352842,2019-10-25,0,-1.0,-1.8369701987210297e-16
2019-10-25,0,0.011568539021040198,36,0.046993789964758774,2.0733189831451857,0.2149591033630647,22.464006762062592,69.56696860015023,1.305462390515825,934.335291299116,2019-10-26,0,-1.0,-1.8369701987210297e-16
2019-10-26,0,0.007843077302400133,36,0.03470332408424643,1.0059936454152494,2.0768902475605544,22.54810417506265,68.8542752805617,1.874243816047762,934.91253685623,2019-10-27,0,-1.0,-1.8369701987210297e-16
2019-10-27,0,0.0039215386512000665,36,0.023333154974640398,0.8007183792157297,0.0475424738114401,24.59171386024637,62.51069679384318,1.6290078683334257,933.9583240622572,2019-10-28,1,-1.0,-1.8369701987210297e-16
2019-10-28,1,11.541453613466935,47,11.553218229420535,11.665272318727697,6.361469707006513,23.87727622629053,64.42622644248868,1.9161537549202723,932.0301435290704,2019-10-29,0,-1.0,-1.8369701987210297e-16
2019-10-29,0,0.2920534082330429,38,11.837428560351178,11.892265427618316,0.4801899855283718,24.1550375095566,64.59795580226476,1.1679277911651258,930.6899074347134,2019-10-30,0,-1.0,-1.8369701987210297e-16
2019-10-30,0,0.07485528893773928,34,11.908362310637717,11.946987173373142,1.244124869147169,24.677574155864622,66.4564395155316,1.3893529341191762,931.5378831717072,2019-10-31,0,-1.0,-1.8369701987210297e-16
2019-10-31,0,0.08117585007984138,36,0.4480845472506235,12.012871315692177,0.2158567742975073,23.57461073501986,70.9614009940635,1.740870654627098,934.3602362191916,2019-11-01,0,-0.8660254037844386,0.5000000000000001
2019-11-01,0,0.0,10,0.15603113901758064,12.001302776671137,0.2569114694491094,23.05367205919065,70.78088977834196,2.448695555916934,935.881493088538,2019-11-02,0,-0.8660254037844386,0.5000000000000001
2019-11-02,0,0.0,10,0.08117585007984138,11.993459699368737,1.0620324602065812,23.940139023724885,66.72592370222176,2.1147590090061663,934.6857954101612,2019-11-03,0,-0.8660254037844386,0.5000000000000001
2019-11-03,0,,1,,,0.6030065667169804,25.25424819534833,62.193386461573866,1.691033411782019,930.849443451676,2019-11-04,0,-0.8660254037844386,0.5000000000000001
2019-11-04,0,,0,,,0.5121613904404545,26.168106184415457,59.79519834197274,1.9674948459925872,929.962843236534,2019-11-05,1,-0.8660254037844386,0.5000000000000001
2019-11-05,1,,0,,,21.220978551171346,24.149845541134315,72.3036593865941,2.124344025795455,931.3179196292526,2019-11-06,1,-0.8660254037844386,0.5000000000000001
2019-11-06,1,,0,,,6.276967219130917,20.334822251443114,83.24697187734829,2.3565432242148763,935.0447362028128,2019-11-07,0,-0.8660254037844386,0.5000000000000001
2019-11-07,0,,0,,,1.6273957961368772,20.6652872029114,79.27523140401324,1.550677513585836,933.5597491694804,2019-11-08,0,-0.8660254037844386,0.5000000000000001
2019-11-08,0,,1,,,7.270879388730686,20.61220886705,85.98372020989876,1.0897217882965229,932.3054596792942,2019-11-09,1,-0.8660254037844386,0.5000000000000001
2019-11-09,1,1.1159007396372083,2,,,2.508444433661921,21.90120982107144,81.92444408646904,1.480621316321319,933.036555123645,2019-11-10,1,-0.8660254037844386,0.5000000000000001
2019-11-10,1,0.9978410103089688,2,,,6.693586955928156,21.69069552094343,83.87568817660413,0.9764298450669914,933.6263320793904,2019-11-11,0,-0.8660254037844386,0.5000000000000001
2019-11-11,0,1.2645378578108222,3,3.3782796077569994,,1.3599269221082968,21.11733563512969,82.26293593988876,1.7933941468190953,934.443648493293,2019-11-12,1,-0.8660254037844386,0.5000000000000001
2019-11-12,1,0.39802105017434575,2,2.6603999182941367,,1.6015866542242203,20.711433689824364,75.83973884579898,3.0410818840073466,935.5005763127224,2019-11-13,0,-0.8660254037844386,0.5000000000000001
2019-11-13,0,3.5966998775367407,7,5.259258785521909,,0.5674662168595433,21.70194172673618,72.79548816190966,2.310356436228373,933.7756048672006,2019-11-14,1,-0.8660254037844386,0.5000000000000001
2019-11-14,1,7.981647257081316,42,11.976368184792403,,20.93156102851367,21.461854747865853,83.98263722986209,1.74424281366131,930.680381261894,2019-11-15,1,-0.8660254037844386,0.5000000000000001
2019-11-15,1,12.012141954834606,44,23.59048908945266,27.366789747383987,15.692138746185613,20.260116196204983,87.9397109110697,1.2776486983851123,929.167456659644,2019-11-16,0,-0.8660254037844386,0.5000000000000001
2019-11-16,0,3.731519574797392,17,23.725308786713313,29.98240858254417,0.4670559136975744,19.140433949440112,73.16904848705738,1.59383669980521,930.1667497309538,2019-11-17,0,-0.8660254037844386,0.5000000000000001
2019-11-17,0,0.4222845670975738,9,16.16594609672957,29.406852139332777,0.0318543001701786,19.30337048211669,70.94025263319719,2.111382502601902,931.5817867601684,2019-11-18,0,-0.8660254037844386,0.5000000000000001
2019-11-18,0,0.43582902988649963,8,4.589633171781464,28.578143311408454,1.0230920735114188,19.864719524709407,75.14248548791764,1.9813326150649584,934.0647910470964,2019-11-19,0,-0.8660254037844386,0.5000000000000001
2019-11-19,0,0.21856815254183054,8,1.0766817495259022,28.398690413775938,0.452589494978159,21.50308909142832,75.38323167930803,1.9894792054035493,935.074458545095,2019-11-20,0,-0.8660254037844386,0.5000000000000001
2019-11-20,0,0.13875224664671584,8,0.7931494290750443,24.940742782885913,1.146571817937181,21.88177770965506,74.56053854005833,2.078952603058544,935.0922646061751,2019-11-21,1,-0.8660254037844386,0.5000000000000001
2019-11-21,1,1.80489300718068,12,2.1622134063692244,18.763988532985277,0.3225479367049048,22.900296688426053,70.15101166107324,1.8786137292559164,934.068351452486,2019-11-22,1,-0.8660254037844386,0.5000000000000001
2019-11-22,1,1.7212423598717845,14,3.6648876136991784,8.473088938022455,2.198154117489877,23.361072782934144,69.91169827809408,1.593486911541193,931.8248409450924,2019-11-23,0,-0.8660254037844386,0.5000000000000001
2019-11-23,0,2.0455900790605,15,5.571725446112962,6.787159442285563,5.576695736136937,22.71490156787257,76.06196016864489,1.856513269634007,930.887925910329,2019-11-24,0,-0.8660254037844386,0.5000000000000001
2019-11-24,0,1.6098249794913388,24,5.376657418423622,7.9746998546793275,3.233543053823801,17.645583578652403,77.84281327838168,2.769721748437437,934.4000490537784,2019-11-25,0,-0.8660254037844386,0.5000000000000001
2019-11-25,0,0.5008097317919097,9,4.156224790343747,8.039680556584738,0.0122321720881133,18.47867658494993,70.35324447529041,2.119353089920343,933.9628059658916,2019-11-26,0,-0.8660254037844386,0.5000000000000001
2019-11-26,0,1.1747294643459834,9,3.28536417562923,8.995841868388892,0.0121784762354654,21.12959747831383,71.53218589200695,2.0569831566751198,932.8791122634384,2019-11-27,1,-0.8660254037844386,0.5000000000000001
2019-11-27,1,13.140920572756414,38,14.816459768894305,21.99801019449859,23.216749030644703,21.802480299110037,78.50410289889925,1.6712357793403645,930.746047660516,2019-11-28,1,-0.8660254037844386,0.5000000000000001
2019-11-28,1,8.140368355631862,40,22.456018392734258,28.333485542949774,11.325960790096742,20.004341512349335,88.68956422452334,1.8151768703224809,931.7355203227291,2019-11-29,0,-0.8660254037844386,0.5000000000000001
2019-11-29,0,4.243380631557993,14,25.52466955994627,30.85562381463598,0.148703750928465,19.68658189466657,74.90847936460779,2.075290551430906,933.0609991419794,2019-11-30,1,-0.8660254037844386,0.5000000000000001
2019-11-30,1,4.4071542634964525,20,16.790903250686306,33.21718799907193,4.125939235715164,22.309467413929912,76.1628268527625,1.209672563900246,931.3651958858152,2019-12-01,0,-0.5000000000000004,0.8660254037844384
2019-12-01,0,3.8608044480694392,17,12.511339343123883,35.468167467650034,13.692292121156814,22.79265065287988,79.44118010237555,1.5264472088527448,931.2892346326583,2019-12-02,0,-0.5000000000000004,0.8660254037844384
2019-12-02,0,1.378704166519167,14,9.646662878085056,36.346061902377286,1.2506184785630785,19.732906891330675,78.36900530523225,2.4369024105610486,933.4060579968952,2019-12-03,0,-0.5000000000000004,0.8660254037844384
2019-12-03,0,1.0064031152736395,11,6.245911729862244,36.17773555330495,0.0156881736412615,19.238425055612865,75.02225331970322,1.947239339514496,932.7755336233351,2019-12-04,1,-0.5000000000000004,0.8660254037844384
2019-12-04,1,2.151931589914665,14,4.53703887170747,25.188746570463195,0.3655198872559567,21.91827847446533,74.7777913611733,1.59769726824952,932.3231683456052,2019-12-05,1,-0.5000000000000004,0.8660254037844384
2019-12-05,1,7.9186470046973865,35,11.07698170988569,24.96702521952872,9.502857513401214,22.54898865738947,82.46492189183508,1.532579054648236,929.8500700874768,2019-12-06,0,-0.5000000000000004,0.8660254037844384
2019-12-06,0,3.497685877841872,23,13.568264472453922,24.2213304658126,14.602470077905531,20.524696910026936,87.7187054520864,1.4384683224426007,929.8533392509818,2019-12-07,0,-0.5000000000000004,0.8660254037844384
2019-12-07,0,0.1718050061992945,7,11.58813788873855,19.985981208515444,0.0431167697540474,21.384918865519737,68.75480815876918,1.5872265271998915,932.3151635785944,2019-12-08,0,-0.5000000000000004,0.8660254037844384
2019-12-08,0,0.16551417062660875,7,3.835005054667773,16.29069093107261,0.0,20.973140920670662,63.53826789365141,1.6036850438718822,933.200935433954,2019-12-09,1,-0.5000000000000004,0.8660254037844384
2019-12-09,1,8.552777780038813,27,8.890096956864713,23.464764544592256,7.104380832650466,20.822741521834384,76.99084180333878,1.3484571296802157,932.4268978296916,2019-12-10,1,-0.5000000000000004,0.8660254037844384
2019-12-10,1,21.383152598172146,37,30.101444548837563,43.84151402749076,14.749216167016854,21.02949151199704,87.40984828798368,0.9103960520480088,932.160926731104,2019-12-11,1,-0.5000000000000004,0.8660254037844384
2019-12-11,1,8.835237560223783,37,38.771167938434736,50.52481999779988,7.4710994864133,21.140956267066905,86.54061728815724,0.825868063178258,930.9800367788406,2019-12-12,0,-0.5000000000000004,0.8660254037844384
2019-12-12,0,5.121293176942742,34,35.33968333533866,47.72746617004524,5.131448293974014,21.802130103288185,81.74621834096442,1.3636996607827023,929.6762505994908,2019-12-13,1,-0.5000000000000004,0.8660254037844384
2019-12-13,1,5.49745353618512,20,19.453984273351637,49.727233828388485,2.7067009714125154,22.83163821080275,78.78105584594714,1.635560302524514,932.14073560844,2019-12-14,1,-0.5000000000000004,0.8660254037844384
2019-12-14,1,6.247435948275522,26,16.86618266140338,55.80286477046471,9.37113905503952,22.57592587644786,78.04329969372537,2.1099418123966323,936.8175803923576,2019-12-15,0,-0.5000000000000004,0.8660254037844384
2019-12-15,0,3.676595129261807,11,15.421484613722441,59.31394572909991,0.5528902426816057,23.884828912663924,75.34950327377186,1.569597985520184,935.4293383661868,2019-12-16,0,-0.5000000000000004,0.8660254037844384
2019-12-16,0,3.5435648563292292,11,13.467595933866551,54.30473280539032,2.93248215031571,24.845453007274077,66.61652716534682,1.7646395349797286,932.1885993252766,2019-12-17,1,-0.5000000000000004,0.8660254037844384
2019-12-17,1,7.298396749046369,25,14.518556734637398,40.219976956264546,7.566059283760823,23.194309894359105,73.83113294554786,1.5101279316138478,931.5056493167368,2019-12-18,1,-0.5000000000000004,0.8660254037844384
2019-12-18,1,3.8993237754658794,35,14.74128538084147,35.284063171506645,11.698958351864883,20.90596403750106,84.68270931900513,1.6764292342085831,933.4684629473544,2019-12-19,0,-0.5000000000000004,0.8660254037844384
2019-12-19,0,2.5145183546476773,13,13.71223887915992,32.67728834921158,1.6237283048788766,21.394614665749845,81.57459642594775,1.5653569276546058,935.1675617352232,2019-12-20,0,-0.5000000000000004,0.8660254037844384
2019-12-20,0,2.1679809700941894,10,8.581823100207739,29.34781578312065,1.1046684004524947,22.062989696222797,78.80877905540375,1.183654650774849,934.154237568026,2019-12-21,0,-0.5000000000000004,0.8660254037844384
2019-12-21,0,0.5150140342265201,7,5.19751335896838,23.615393869071646,1.626845790605934,23.542248100854987,71.9870074324725,1.8697719337421577,931.7101825386596,2019-12-22,0,-0.5000000000000004,0.8660254037844384
2019-12-22,0,0.5013110486695961,6,3.1843060529902987,20.440109788479436,6.065965216292663,22.611472208697137,77.54732737332036,1.7554287672399145,931.6851332549924,2019-12-23,1,-0.5000000000000004,0.8660254037844384
2019-12-23,1,9.234690954848185,33,10.251016037744295,26.131235886998393,37.63788420865763,21.466853703809495,85.13062571941681,1.1093183376179216,932.63380414856,2019-12-24,0,-0.5000000000000004,0.8660254037844384
2019-12-24,0,3.3870479023118856,13,13.12304990582966,22.219887040263906,3.663438808708655,21.75479620258728,76.59369432374199,1.3037423862706623,933.5227293152648,2019-12-25,0,-0.5000000000000004,0.8660254037844384
2019-12-25,0,2.917537084487127,10,15.53927594164719,21.238100349285155,0.0186179564034681,23.2766825716278,68.08032524768996,1.47254075278405,933.362362737324,2019-12-26,0,-0.5000000000000004,0.8660254037844384
2019-12-26,0,2.663337649366364,9,8.967922636165369,21.386919644003843,0.7927811680687498,23.533989478382527,69.49217590700343,1.698020067382152,934.5146070821452,2019-12-27,0,-0.5000000000000004,0.8660254037844384
2019-12-27,0,0.5036134475022046,7,6.084488181355688,19.72255212141186,0.0267010196679266,23.12983652025,73.21149045391832,2.040259998504023,935.403462511403,2019-12-28,0,-0.5000000000000004,0.8660254037844384
2019-12-28,0,0.3036797773382249,7,3.4706308742067864,19.511217864523562,0.332514377421438,24.117499519865035,71.14227179434401,1.6344647297636206,934.7137456810232,2019-12-29,0,-0.5000000000000004,0.8660254037844384
2019-12-29,0,0.018318915233770272,6,0.8256121400741927,19.028225731087737,0.0,23.854663221882788,71.28537583618447,1.6741705516763197,933.3679558391063,2019-12-30,0,-0.5000000000000004,0.8660254037844384
2019-12-30,0,0.0,6,0.32199869257198804,9.793534776239552,0.3906814044279855,23.601806576428725,69.231353276968,1.6314362775424756,931.2587849935114,2019-12-31,1,-0.5000000000000004,0.8660254037844384
2019-12-31,1,0.7123557713972832,9,0.7306746866310464,7.118842645324949,0.4216936980764288,24.22528928466155,67.92152257764683,1.405381793584925,930.0026902167664,2020-01-01,1,0.0,1.0
2020-01-01,1,14.091320547619732,10,14.803676319017008,18.292626108457554,3.1957286069013167,24.80766228284208,69.97919826023556,1.498319775331337,928.682804655764,2020-01-02,1,0.0,1.0
2020-01-02,1,17.24273273374042,32,32.046409052757426,32.87202119283161,40.99643085381733,22.448286301608217,82.75507201086523,1.2172749124909372,928.7558676653424,2020-01-03,0,0.0,1.0
2020-01-03,0,10.032667201548078,35,41.36672048290822,42.401074946877486,4.183098891464378,21.358307755871603,82.71428703054701,1.949676681204907,931.0253032107776,2020-01-04,1,0.0,1.0
2020-01-04,1,4.140461035367078,15,31.415860970655572,46.23785620490634,5.465676328703566,20.97578887137573,81.62907092977555,1.5455419334017229,929.856000107611,2020-01-05,1,0.0,1.0
2020-01-05,1,3.6318638490918445,14,17.804992086006994,49.851401138764416,8.079563411642216,21.093557175821694,83.79550863516108,1.1202988720336997,928.6944226714876,2020-01-06,1,0.0,1.0
2020-01-06,1,5.686686384988872,24,13.459011269447787,55.53808752375329,5.736910022155543,22.75531025595082,78.53749230124302,1.4035300737739296,929.081453193104,2020-01-07,1,0.0,1.0
2020-01-07,1,2.4200767258205254,12,11.738626959901234,57.24580847817653,3.128761046480469,24.82348036841633,72.15808909868514,1.4015360656010891,930.5590168836608,2020-01-08,1,0.0,1.0
2020-01-08,1,20.20544527266805,32,28.31220838347744,63.35993320322485,23.961523625254028,23.55415594312132,83.1182470426434,1.442574689344441,931.574812809924,2020-01-09,1,0.0,1.0
2020-01-09,1,13.04176218469275,35,35.66728418318132,59.158962654177174,13.933086068639804,23.73826571516052,83.66542285721039,0.961258160900402,932.3811155601688,2020-01-10,0,0.0,1.0
2020-01-10,0,3.6857439276857393,15,36.932951385046536,52.812039380314836,3.3814477893076766,24.653477104585296,78.98958659005042,0.9028041807391828,932.0580897947136,2020-01-11,0,0.0,1.0
2020-01-11,0,5.4468682671776225,17,22.174374379556106,54.11844661212538,2.5663744330708327,24.874567701148333,79.43798206378645,1.3335811063634753,931.088016031214,2020-01-12,1,0.0,1.0
2020-01-12,1,9.13884557086785,21,18.271457765731206,59.62542833390139,25.517603422021224,23.80176618586968,84.33314032780862,0.942081935311478,933.023432657819,2020-01-13,0,0.0,1.0
2020-01-13,0,2.567689357449344,13,17.15340319549481,56.50643130636186,9.729593094946129,22.46200796952776,83.25152005610961,1.248235398569474,934.8064249286602,2020-01-14,0,0.0,1.0
2020-01-14,0,1.8978774897387887,8,13.604412418055976,55.98423207028013,0.3680695090808388,22.35577988626053,77.25667412524517,1.3711219832452206,934.6829140440713,2020-01-15,0,0.0,1.0
2020-01-15,0,1.7719550950237788,9,6.237521942211904,37.55074189263585,0.0107738695828373,24.442075533723077,72.46044905162182,1.150528941564348,932.685302583072,2020-01-16,1,0.0,1.0
2020-01-16,1,3.0209358647317033,15,6.690768449494264,27.529915572674803,8.819582627896189,25.421171903220923,74.26832122686577,1.3228916191407618,933.133724166384,2020-01-17,1,0.0,1.0
2020-01-17,1,9.675565649699632,32,14.468456609455107,33.519737294688696,9.840013358268711,21.11482552919815,83.74435102118504,2.585456272250996,936.916737914276,2020-01-18,0,0.0,1.0
2020-01-18,0,1.8877716918728302,11,14.584273206304157,29.960640719383903,1.7176769064270505,20.78830734005634,78.49045513071869,2.154437786385197,937.6912191078372,2020-01-19,0,0.0,1.0
2020-01-19,0,1.5746843338301433,10,13.138021675402598,22.396479482346194,0.5914590107529838,21.972850043715724,78.3504514762178,1.6757712947977716,935.4501866575322,2020-01-20,0,0.0,1.0
2020-01-20,0,1.3622777224067268,10,4.8247337481096935,21.19106784730358,1.4152953037726377,22.23149370100096,75.98111027823404,1.855944608213088,932.8576879586984,2020-01-21,0,0.0,1.0
2020-01-21,0,1.177430595075655,9,4.114392651312518,20.470620952640445,0.0159271500850893,21.53511378024171,71.24991651117082,1.9112765381061163,930.0843350550724,2020-01-22,0,0.0,1.0
2020-01-22,0,0.5945756505875751,8,3.13428396806995,19.29324150820424,2.020802587184021,21.090338474003666,75.89060497238381,2.011282298747173,929.356670030109,2020-01-23,0,0.0,1.0
2020-01-23,0,1.9392761751937069,21,3.7112824208569295,18.211581818666243,8.34784760291617,19.90649475477587,87.1809965250812,1.2666834338715087,928.4159946011766,2020-01-24,0,0.0,1.0
2020-01-24,0,3.5642051211576864,36,6.098056946938962,12.1002212901243,3.636573389437981,20.22305400502589,83.44643283630576,1.7322954912134747,926.5444571747024,2020-01-25,0,0.0,1.0
2020-01-25,0,0.9207747790103351,16,6.424256075361721,11.133224377261804,0.3862055984686225,20.921134045182395,73.67666617603601,1.1750366000030847,929.536317410212,2020-01-26,0,0.0,1.0
2020-01-26,0,0.11589122394911436,8,4.600871124117129,9.674431267380776,0.086962975844309,22.251142290430824,62.56907682609576,0.9789898760543596,931.3817066431014,2020-01-27,0,0.0,1.0
2020-01-27,0,0.19806229610346937,11,1.2347282990629118,8.510215841077517,0.0,23.08600316209599,55.86476315191963,1.0913068654797349,931.5995219090752,2020-01-28,1,0.0,1.0
2020-01-28,1,6.778727641551397,29,7.0926811616039735,14.111512887553259,2.697752906914805,23.68544744189837,62.83114448131307,1.3397806214837291,931.9679402138486,2020-01-29,1,0.0,1.0
2020-01-29,1,2.0545166557486674,12,9.031306593403526,15.57145389271435,3.3287525264847115,24.28022321052955,74.28956837982629,1.6731056762850451,932.948171398543,2020-01-30,1,0.0,1.0
2020-01-30,1,5.783244732136693,37,14.61648902943675,19.41542244965734,9.62969759770207,24.272074318488443,77.80053372647262,1.6189595453623231,933.5142149681506,2020-01-31,0,0.0,1.0
2020-01-31,0,0.03496828870420514,10,7.872729676589559,15.886185617203857,2.1381425447951785,23.965927543973983,77.98846430408787,1.5840705713067231,933.6297847665084,2020-02-01,1,0.49999999999999994,0.8660254037844387
2020-02-01,1,26.75522509296243,39,32.57343811380332,41.720635931155954,36.70390177436753,22.90039228571975,86.03607089282937,0.6761715399873647,934.1385326057934,2020-02-02,1,0.49999999999999994,0.8660254037844387
2020-02-02,1,11.468216483291345,39,38.258409864957976,53.072961190498184,14.338658323536988,22.388545061062285,86.53301801905086,0.8761801403731498,934.5779634915395,2020-02-03,1,0.49999999999999994,0.8660254037844387
2020-02-03,1,23.21379437092205,52,61.437235947175814,76.08869326531675,35.11689130560755,21.379802663834344,88.61006705969073,1.028444382389032,934.125010370272,2020-02-04,0,0.49999999999999994,0.8660254037844387
2020-02-04,0,1.5489746933902586,15,36.230985547603645,70.85894031715561,3.3514636563938334,21.743697036099444,86.13617115344287,1.2474072437031027,934.0901067693924,2020-02-05,1,0.49999999999999994,0.8660254037844387
2020-02-05,1,1.7316430509649736,13,26.494412115277278,70.53606671237193,4.218933986965962,22.811411659518637,82.42567559202665,1.090875797292328,933.437523866918,2020-02-06,1,0.49999999999999994,0.8660254037844387
2020-02-06,1,7.0464366051889185,22,10.327054349544143,71.79925858542416,10.120690473243776,22.53141311350943,83.6390287930154,1.089970062409933,933.6306803993108,2020-02-07,1,0.49999999999999994,0.8660254037844387
2020-02-07,1,2.4022881443807402,18,11.180367800534626,74.1665784411007,4.1510690192574495,22.58794368586091,78.54317813352226,1.5415275179938348,932.8428681772214,2020-02-08,1,0.49999999999999994,0.8660254037844387
2020-02-08,1,2.0876946160951255,16,11.536419365664777,49.499047964233384,2.90191534349,23.26956692405051,76.35728802819646,1.460967577073,932.4877647628784,2020-02-09,1,0.49999999999999994,0.8660254037844387
2020-02-09,1,2.6447452831183025,19,7.134728043594161,40.675576764060345,7.060170228764407,23.18433652364313,79.33422716276965,1.714473867447794,932.2835162974468,2020-02-10,1,0.49999999999999994,0.8660254037844387
2020-02-10,1,78.66523854491238,69,83.3976784441258,96.12702093805068,82.90101403783238,20.69475292497604,92.11979895724812,1.448421724932479,933.9654536344384,2020-02-11,1,0.49999999999999994,0.8660254037844387
2020-02-11,1,7.127480313717255,50,88.43746414174794,101.70552655837767,11.81255169696592,19.14551353549107,86.79808156685975,2.055879914423624,935.1933859947408,2020-02-12,0,0.49999999999999994,0.8660254037844387
2020-02-12,0,1.9176575323094704,20,87.71037639093909,101.89154103972217,2.8039175519160637,19.30333123730301,82.27612109213868,1.919489220266529,934.8427797911096,2020-02-13,0,0.49999999999999994,0.8660254037844387
2020-02-13,0,1.3630946780944213,13,10.408232524121132,96.20819911262767,0.5105785030853466,20.622438497321703,79.97375022847058,1.7551321938120827,934.271085593039,2020-02-14,0,0.49999999999999994,0.8660254037844387
2020-02-14,0,0.9855187588837488,15,4.266270969287627,94.79142972713068,0.1699194031676975,21.79444511310699,75.5227277730177,1.6511914404562449,934.1990856875444,2020-02-15,0,0.49999999999999994,0.8660254037844387
2020-02-15,0,0.8436642152875636,13,3.1922776522657195,93.54739932632313,0.0599837776147925,23.495978005375285,72.40141679236731,1.4939106243103335,933.1065769523212,2020-02-16,1,0.49999999999999994,0.8660254037844387
2020-02-16,1,0.87297223862086,14,2.7021552127921584,91.77562628182568,1.685520532968315,24.176223097665616,73.57892683543957,1.087639497411591,932.4593494242698,2020-02-17,1,0.49999999999999994,0.8660254037844387
2020-02-17,1,3.7502164269516554,17,5.466852880860065,16.860604163864945,0.5724648073788489,24.41315002198049,74.90083805717622,0.9536288919193222,932.5785944248142,2020-02-18,1,0.49999999999999994,0.8660254037844387
2020-02-18,1,3.878158675238999,16,8.5013473408115,13.61128252538669,2.788084161368979,25.288783995687524,73.88746242038407,0.954179382059576,932.8424272403884,2020-02-19,1,0.49999999999999994,0.8660254037844387
2020-02-19,1,5.684371937509529,23,13.31274703970017,17.377996930586747,19.64889715523247,24.41031669891463,77.58640224587971,1.1076237378942373,931.372648818083,2020-02-20,1,0.49999999999999994,0.8660254037844387
2020-02-20,1,1.459537404748954,11,11.02206801749747,17.474439657241284,13.977420330479507,23.85334550870093,80.52546186560373,1.086346076865104,930.9652218034904,2020-02-21,0,0.49999999999999994,0.8660254037844387
2020-02-21,0,4.463810009987282,23,11.60771935224575,20.952730908344815,20.521221841144257,22.16816699373116,88.1269595485334,0.9828259599687128,932.2135775448268,2020-02-22,0,0.49999999999999994,0.8660254037844387
2020-02-22,0,0.704087588981715,13,6.627435003717937,20.813154282038965,8.821669621355392,20.04195028510899,85.06013011623666,1.5881346907115914,934.2536455008265,2020-02-23,0,0.49999999999999994,0.8660254037844387
2020-02-23,0,0.6136207091383734,10,5.781518308107356,20.55380275255648,0.3624121898623473,19.50757706788033,77.14838050495418,1.9397138323661616,936.5920851182308,2020-02-24,1,0.49999999999999994,0.8660254037844387
2020-02-24,1,9.018852773922056,25,10.33656107204213,25.822439099526882,16.365653923631132,20.737903987657667,80.18430263740515,1.0178295463593396,934.6172047094352,2020-02-25,1,0.49999999999999994,0.8660254037844387
2020-02-25,1,4.814670098695445,22,14.44714358175586,26.758950522983326,6.84441711591113,22.76976792834412,83.44663973218746,1.090786762241544,932.660975164863,2020-02-26,1,0.49999999999999994,0.8660254037844387
2020-02-26,1,11.633271606774539,63,25.466794479392025,32.70785019224833,21.42762602659334,22.00762572150833,89.89446396158318,1.191976556842348,929.730437739135,2020-02-27,1,0.49999999999999994,0.8660254037844387
2020-02-27,1,30.585518322793785,57,47.033460028263754,61.83383111029316,19.56461667424057,19.05416005662547,86.46840381414756,1.8875475972959757,932.4392201956284,2020-02-28,1,0.49999999999999994,0.8660254037844387
2020-02-28,1,4.772343270808687,6,46.99113320037699,62.14236437111457,5.411185130281872,18.82792374415784,83.93355562459051,1.561746312523576,935.4949037038338,2020-02-29,0,0.49999999999999994,0.8660254037844387
2020-02-29,0,1.5693737531858571,21,36.92723534678831,63.00765053531871,8.360437128007767,20.347825303150437,85.62014380893584,1.660700071733591,935.7643773780736,2020-03-01,0,0.8660254037844386,0.5000000000000001
2020-03-01,0,1.2874426822060114,33,7.629159706200541,63.68147250838635,5.382020294602492,19.68216086533566,83.30947795585259,2.508556662323904,936.2691842164548,2020-03-02,1,0.8660254037844386,0.5000000000000001
2020-03-02,1,9.257688430581641,65,12.114504865973496,63.92030816504594,6.8034035108513375,19.8829863637402,81.92801701271672,2.410192405073482,935.7658848787586,2020-03-03,0,0.8660254037844386,0.5000000000000001
2020-03-03,0,9.829739934519912,66,20.37487104730755,68.9353780008704,3.495311598817328,19.59892030324258,82.05819722796141,2.0739681567247943,934.2717563455116,2020-03-04,0,0.8660254037844386,0.5000000000000001
2020-03-04,0,1.2964248903197653,21,20.383853255421304,58.59853128441563,0.1733929008184766,20.031579178799817,78.17890379871194,1.4250044622125997,933.9924087491888,2020-03-05,0,0.8660254037844386,0.5000000000000001
2020-03-05,0,0.6266408615982595,17,11.752805686437922,28.639653823220105,0.0747844996088435,19.92027972388076,75.20208823123023,1.8771315090132843,935.4473326568116,2020-03-06,0,0.8660254037844386,0.5000000000000001
2020-03-06,0,0.46876027479247395,17,2.3918260267104845,24.33607082720389,0.0229523458183028,19.68932652132831,71.96904884189853,1.9023588055490892,935.4839030184486,2020-03-07,0,0.8660254037844386,0.5000000000000001
2020-03-07,0,0.46171372596711274,16,1.557114862357832,23.22841079998515,0.1204001095362421,20.261500097193583,71.57957553220751,1.767756105789937,933.6872832946814,2020-03-08,1,0.8660254037844386,0.5000000000000001
2020-03-08,1,8.391381659638148,52,9.32185566039772,30.332349777417285,1.9113045763068768,20.075587700555875,76.0662492682805,1.7099842248864294,933.7090448374852,2020-03-09,0,0.8660254037844386,0.5000000000000001
2020-03-09,0,1.79055220777267,18,10.643647593377915,22.865213554608317,1.2980826273572124,21.517368619263163,74.4079257619178,1.419526720242868,935.511087238938,2020-03-10,0,0.8660254037844386,0.5000000000000001
2020-03-10,0,0.7369611464292337,17,10.918895013840038,13.772434766517636,0.4581386786179667,22.353273918102555,72.48485359024288,1.1872682481724224,935.6145043432628,2020-03-11,0,0.8660254037844386,0.5000000000000001
2020-03-11,0,0.38997759013487393,16,2.9174909443367634,12.865987466332745,0.0267010196679266,22.62212451700596,71.12569830364703,1.2142933852258648,934.5443118011632,2020-03-12,0,0.8660254037844386,0.5000000000000001
2020-03-12,0,0.29392995041936343,16,1.4208686869834568,12.533276555153849,0.368985969111531,22.90640293792631,70.49641679578673,1.2215907281836764,935.188225373204,2020-03-13,0,0.8660254037844386,0.5000000000000001
2020-03-13,0,0.3052186298097303,13,0.9891261703639534,12.369734910171104,0.0798380933006306,22.233126648037157,73.30031468053038,1.3725452876682969,935.4974227927656,2020-03-14,0,0.8660254037844386,0.5000000000000001
2020-03-14,0,0.201070793987921,14,0.8002193742170005,12.10909197819191,0.0585553198381053,23.52720252412584,71.18717854081304,1.42157559418147,935.8760555460326,2020-03-15,1,0.8660254037844386,0.5000000000000001
2020-03-15,1,4.563812971751718,22,5.070102395549355,8.281523290305483,0.7376066542374389,24.21802896764571,71.17571994409626,1.310767335834272,934.5971784984876,2020-03-16,1,0.8660254037844386,0.5000000000000001
2020-03-16,1,8.670140793290463,38,13.435024559030087,15.161111875823273,3.1369559912229086,24.2646249393898,71.80881777296733,1.497042117913767,933.8001092581102,2020-03-17,0,0.8660254037844386,0.5000000000000001
2020-03-17,0,8.401221439508111,66,21.63517520455028,22.82537216890215,11.022843850168057,22.973080155028665,77.94529567634814,1.5233260721896449,934.3830238648824,2020-03-18,0,0.8660254037844386,0.5000000000000001
2020-03-18,0,1.0354000323245445,17,18.10676226512311,23.470794611091822,1.0717333088148244,23.295975133150723,76.83705859243875,1.092742334417658,934.0476073325942,2020-03-19,0,0.8660254037844386,0.5000000000000001
2020-03-19,0,1.1284606958588372,22,10.56508216769148,24.305325356531295,5.914131791014673,23.16728675226906,81.62734516202241,1.0338911608410288,930.9805849147054,2020-03-20,0,0.8660254037844386,0.5000000000000001
2020-03-20,0,1.730160689228488,37,3.8940214174118575,25.730267415950053,8.497219745680624,22.06633102449585,85.83905127101082,1.2210608471624085,929.0240415403472,2020-03-21,0,0.8660254037844386,0.5000000000000001
2020-03-21,0,0.8107493044842614,37,3.6693706895715743,26.339945926446394,5.196747964434808,20.884731821393192,82.47610999694315,1.7816912831651202,931.5751710161778,2020-03-22,0,0.8660254037844386,0.5000000000000001
2020-03-22,0,3.1901025157004237,14,5.73101250941316,24.966235470395098,0.2251978524826652,20.68117624608731,72.55639849107088,2.0272129106703867,935.3964001721608,2020-03-23,0,0.8660254037844386,0.5000000000000001
2020-03-23,0,1.226792393424557,14,5.22764421360923,17.522887070529194,0.5406169303199778,20.42419235027318,68.66327544336897,2.431356088824824,937.674203911234,2020-03-24,0,0.8660254037844386,0.5000000000000001
2020-03-24,0,0.8800861155405125,14,5.296981024665481,10.001751746561595,0.6279808384642355,20.06598817585603,68.4539826215879,2.332328084553515,937.1186470374936,2020-03-25,0,0.8660254037844386,0.5000000000000001
2020-03-25,0,0.0,14,2.1068785089650572,8.966351714237051,0.3039247102356542,19.91308591139346,68.44883923637549,1.95138734159654,935.630848015586,2020-03-26,0,0.8660254037844386,0.5000000000000001
2020-03-26,0,0.0,13,0.8800861155405001,7.8378910183782144,0.0229523458183028,19.71504423832997,68.61832122086604,1.4977969711418075,935.1715468230904,2020-03-27,0,0.8660254037844386,0.5000000000000001
2020-03-27,0,0.0,13,0.0,6.107730329149726,0.5677040338476209,20.38437619816212,68.7814491261997,1.9444822715505423,934.8158638366158,2020-03-28,0,0.8660254037844386,0.5000000000000001
2020-03-28,0,0.0,13,0.0,5.296981024665465,0.5115040014282165,21.63777509617254,71.89487079887381,1.5677199261299208,935.7770935838266,2020-03-29,1,0.8660254037844386,0.5000000000000001
2020-03-29,1,17.786622285729184,60,17.786622285729173,19.893500794694226,29.726283021880917,21.504610176178232,82.30144532691321,1.19347490737927,936.8440930649951,2020-03-30,0,0.8660254037844386,0.5000000000000001
2020-03-30,0,3.5348345366014837,25,21.321456822330653,22.201542937871153,5.19837918382362,21.79518821495984,81.75637959952437,1.1895019032787657,936.0096188112434,2020-03-31,0,0.8660254037844386,0.5000000000000001
2020-03-31,0,1.2894445869301847,16,22.610901409260837,22.610901409260823,0.1267035369043019,21.93719226953958,77.99306129287739,1.287278039579323,934.3416335678396,2020-04-01,0,1.0,6.123233995736766e-17
2020-04-01,0,0.012912336983145926,66,4.8371914605148,22.623813746243968,0.0121784762354654,21.941143911381577,74.79117144716551,1.491707842620675,934.5765582593788,2020-04-02,0,1.0,6.123233995736766e-17
2020-04-02,0,0.1815880157617252,66,1.4839449396750417,22.805401762005694,0.7433230866864817,23.32387148398927,73.44958353704529,1.5704841321689569,933.2565452627744,2020-04-03,0,1.0,6.123233995736766e-17
2020-04-03,0,1.8995763997799509,66,2.094076752524808,24.704978161785647,1.6915686252027098,23.087568914759437,71.92367303550134,2.089906960285069,928.7194402438756,2020-04-04,0,1.0,6.123233995736766e-17
2020-04-04,0,0.006875701223915859,66,2.088040116765578,24.711853863009562,0.083930009803943,19.856812047689143,66.99569912223964,1.3349015283569714,931.705033442557,2020-04-05,0,1.0,6.123233995736766e-17
2020-04-05,0,0.013020891657906418,65,1.9194729926617589,6.938252468938284,0.0387798090929272,20.213625727915023,70.96313624198638,1.181934734004695,934.7331663731107,2020-04-06,0,1.0,6.123233995736766e-17
2020-04-06,0,0.00536654228410834,66,0.025263135165916405,3.408784474620909,0.0158274632746244,21.728743910687943,72.27859472992391,1.2209053167007178,934.4897827537924,2020-04-07,0,1.0,6.123233995736766e-17
2020-04-07,0,1.950166524087485,66,1.9685539580294855,4.069506411778209,3.198792652113866,20.99443101347573,81.83346121526002,1.5774360762033608,934.1362354371292,2020-04-08,0,1.0,6.123233995736766e-17
2020-04-08,0,0.4167565377451883,66,2.3722896041167676,4.473350612540251,0.4464117945885529,19.47573623941964,79.8848766524155,1.7242562733525426,935.2114722674758,2020-04-09,0,1.0,6.123233995736766e-17
2020-04-09,0,0.011404027252211199,65,2.3783270890848702,4.303166624030738,0.0388794959033921,17.798609905562774,72.85439876890379,1.55511005276133,934.684371936272,2020-04-10,0,1.0,6.123233995736766e-17
2020-04-10,0,0.028114021281086466,65,0.4562745862784717,2.4317042455318734,0.0761891062614716,17.737914557445354,72.74811253174232,1.2658243092940948,934.3131068364044,2020-04-11,0,1.0,6.123233995736766e-17
2020-04-11,0,0.0023625227967299556,65,0.04188057133001341,2.4271910671046872,0.2007136365932388,18.423394662204668,72.64993632514789,1.5982894736254274,934.777090624048,2020-04-12,0,1.0,6.123233995736766e-17
2020-04-12,0,0.002372746088329544,64,0.03284929016613175,2.41654292153511,0.0121784762354654,18.594309296918908,72.23595540695031,1.573192220170234,936.5617208233252,2020-04-13,0,1.0,6.123233995736766e-17
2020-04-13,0,0.003763542095251248,64,0.008498810980296537,2.4149399213462535,0.0547069591780165,18.885730351121605,73.170382412782,1.4172905699596643,935.9254622793532,2020-04-14,0,1.0,6.123233995736766e-17
2020-04-14,0,0.020144644442889992,65,0.026280932626456574,0.48491804170165825,0.7932290535068572,18.40259238706026,81.90473637971236,1.2973572540603084,931.3687526843626,2020-04-15,0,1.0,6.123233995736766e-17
2020-04-15,0,0.0,65,0.02390818653812703,0.06816150395646998,0.0414555971601472,19.728817654160306,74.4652463298032,1.3534760390337814,932.9115619297198,2020-04-16,0,1.0,6.123233995736766e-17
2020-04-16,0,0.0023867655308090437,64,0.022531409973684826,0.059144242235067826,0.0981883941644057,19.12475452883648,74.25553625781875,0.7860379887455524,937.1238542489182,2020-04-17,0,1.0,6.123233995736766e-17
2020-04-17,0,0.0024020479391659304,63,0.004788813469960763,0.03343226889314729,0.0266013328574618,18.28270841820754,76.99315109406876,1.6652343366134594,939.842117826379,2020-04-18,0,1.0,6.123233995736766e-17
2020-04-18,0,0.010343315758055908,63,0.015132129228016673,0.04141306185447324,0.7678710346768551,18.21250160166245,76.76023981765664,1.8041863309049568,940.034969695675,2020-04-19,0,1.0,6.123233995736766e-17
2020-04-19,0,0.005922346244705534,63,0.018667709941913163,0.04496266201084923,0.6065171505417837,18.899607708643792,74.62053745265678,1.5890615252625282,939.5204998042188,2020-04-20,0,1.0,6.123233995736766e-17
2020-04-20,0,0.0023719333403629697,63,0.018637595343110203,0.04357105325596096,0.5484788414348524,18.994835049427977,73.87134723132434,1.273754443966474,938.3508402084966,2020-04-21,0,1.0,6.123233995736766e-17
2020-04-21,0,0.004714061067863032,64,0.013008340652917326,0.028140469880933997,0.1207310425926818,18.822282520327988,72.6791269731873,1.0906209763803687,936.8097388835648,2020-04-22,0,1.0,6.123233995736766e-17
2020-04-22,0,0.014260034730285672,64,0.021346029138497466,0.04240050461121967,0.0439330895951792,18.44858732821608,74.0393425782858,1.090111728212545,935.9146176098689,2020-04-23,0,1.0,6.123233995736766e-17
2020-04-23,0,0.002357030533931516,64,0.02133112633206601,0.04237076961434214,0.090611962883468,18.76503374259897,74.21109533286524,1.261579871237151,935.8125510452294,2020-04-24,0,1.0,6.123233995736766e-17
2020-04-24,0,0.009428122135726065,64,0.026045187399929046,0.04939684381090228,0.0359497131411855,20.182141861624597,74.00525359092539,1.3770556289151652,937.1143419331804,2020-04-25,0,1.0,6.123233995736766e-17
2020-04-25,0,0.02018153180803493,64,0.0319666844776783,0.0592350598608813,0.0337262154011401,20.9111997209843,70.96472902423429,1.0012640412278342,938.360509539316,2020-04-26,0,1.0,6.123233995736766e-17
2020-04-26,0,0.006969878926087461,64,0.036579532869834244,0.06028259254226322,0.0747844996088435,20.319672033051223,68.72361477910695,0.739512240112007,939.3145575143542,2020-04-27,0,1.0,6.123233995736766e-17
2020-04-27,0,0.007105943988143188,62,0.03425735472225137,0.06501660319004345,0.1388477943299192,19.49586063728624,71.69817603754403,1.867589339519945,940.8183161001492,2020-04-28,0,1.0,6.123233995736766e-17
2020-04-28,0,0.02320987825052488,65,0.03728570116474132,0.08351242037270529,0.1622803967029972,19.746696046649785,67.71065773349864,1.469098757885566,939.9348060392404,2020-04-29,0,1.0,6.123233995736766e-17
2020-04-29,0,0.011722160732588324,65,0.04203798297124218,0.08097454637500795,0.0963322387745182,19.06287836659738,69.58664118361938,1.102909491127412,938.7125795955246,2020-04-30,0,1.0,6.123233995736766e-17
2020-04-30,0,0.09471505871931367,65,0.12964709770241267,0.17333257456039008,0.0,19.348794661560063,68.02989959369569,0.9648365377306668,936.9912072729838,2020-05-01,0,0.8660254037844387,-0.4999999999999998
2020-05-01,0,0.052396432688148635,64,0.15883365214003642,0.21630088511281265,0.0654808287608539,19.716695953649843,73.7133465709167,0.9074233522546388,937.6276689887314,2020-05-02,0,0.8660254037844387,-0.4999999999999998
2020-05-02,0,0.7231184158045654,63,0.8702299072120134,0.9192377691093431,0.0963322387745182,19.87679400433326,76.16682742277092,1.4487358078503203,935.7662026013764,2020-05-03,0,0.8660254037844387,-0.4999999999999998
2020-05-03,0,0.1855377185064387,61,0.9610525669991385,1.0978056086896943,0.3593351413457312,17.797338137111048,70.27485913156244,2.0637509753348504,936.9621241274656,2020-05-04,0,0.8660254037844387,-0.4999999999999998
2020-05-04,0,0.00634503878968263,62,0.9150011731006725,1.0970447034912338,0.0281056263205547,16.984816823652903,70.81633437761062,1.2866170263111156,935.655001195476,2020-05-05,0,0.8660254037844387,-0.4999999999999998
2020-05-05,0,0.0063281155675979405,63,0.19821087286370503,1.0801629408083067,0.0400222675102064,17.656287681697204,69.57126484015092,1.2487032167864225,933.4958253074448,2020-05-06,0,0.8660254037844387,-0.4999999999999998
2020-05-06,0,2.7268620464433098,65,2.739535200800576,3.7953028265190283,2.5254762261060333,19.052334995172256,68.47968158258055,1.0448073553379158,933.1848740864848,2020-05-07,1,0.8660254037844387,-0.4999999999999998
2020-05-07,1,4.4543300215804456,64,7.187520183591339,8.15491778938016,2.319581311694428,15.409228025381111,80.13386365977559,2.3120316231181928,937.4009711889356,2020-05-08,0,0.8660254037844387,-0.4999999999999998
2020-05-08,0,0.6941355102867415,63,7.875327578310483,8.796656866978752,0.2560691583025061,15.039700388421634,76.72955282590303,1.5984316454186012,940.7669237583676,2020-05-09,0,0.8660254037844387,-0.4999999999999998
2020-05-09,0,0.010956969510625657,61,5.159422501377798,8.084495420684814,0.0496533654862294,16.227226255859,71.58596305624278,1.2950960428519138,940.6621987799284,2020-05-10,0,0.8660254037844387,-0.4999999999999998
2020-05-10,0,0.008627742164379032,63,0.7137202219617328,7.907585444342753,0.119960047621302,16.341908786531814,70.46049957279521,1.1134007121949268,939.3904449236676,2020-05-11,0,0.8660254037844387,-0.4999999999999998
2020-05-11,0,0.010737791418746109,61,0.030322503093737477,7.911978196971817,0.0907116496939328,16.919565643085836,69.18279390669373,1.2709598873742152,938.255649999322,2020-05-12,0,0.8660254037844387,-0.4999999999999998
2020-05-12,0,0.002400281610950933,63,0.021765815194062753,7.908050363015169,0.0561652616832925,17.21394793017429,68.16254363571268,1.0502738237312543,936.436191805674,2020-05-13,0,0.8660254037844387,-0.4999999999999998
2020-05-13,0,0.013036141997887612,62,0.02617421502757133,5.194224458569747,0.0,17.89701907809863,69.87583045438929,1.3143528368994566,934.0109216718264,2020-05-14,0,0.8660254037844387,-0.4999999999999998
2020-05-14,0,0.6693005009554597,63,0.6847369245642849,1.4091949379447621,2.9476492042835867,18.391561661556917,79.90325048720986,1.192207893896232,934.8617308840415,2020-05-15,0,0.8660254037844387,-0.4999999999999998
2020-05-15,0,0.29432887180646533,63,0.9766655147597993,1.0093882994644858,1.065679794545478,16.821061991174545,83.50392110955549,1.6541762611941253,937.6345443041412,2020-05-16,0,0.8660254037844387,-0.4999999999999998
2020-05-16,0,0.03186356490073222,62,0.9954929376626439,1.0302948948545925,0.0280059395100899,17.34711677584054,77.42931815467199,0.9337718514670298,936.6994193727224,2020-05-17,0,0.8660254037844387,-0.4999999999999998
2020-05-17,0,0.01677833286442284,61,0.34297076957160705,1.0384454855546363,0.0868008276089601,16.67769257097366,70.52025317360855,0.789249512154408,936.7586436358912,2020-05-18,0,0.8660254037844387,-0.4999999999999998
2020-05-18,0,0.025333756615917736,62,0.07397565438105948,1.053041450751808,0.0919541081112121,16.423274156582277,70.31985941733983,1.0631262514705448,938.6608918409496,2020-05-19,0,0.8660254037844387,-0.4999999999999998
2020-05-19,0,0.004491587244440337,61,0.04660367672476759,1.0551327563852972,0.0107738695828373,18.133257528671635,71.77745329390338,1.8088116023331695,940.5360291457137,2020-05-20,0,0.8660254037844387,-0.4999999999999998
2020-05-20,0,0.002882850392550107,62,0.032708194252894854,1.0449794647799597,0.0227901975829539,19.3063096507988,71.74302713366272,1.6110786794038818,940.043260306362,2020-05-21,0,0.8660254037844387,-0.4999999999999998
2020-05-21,0,0.002928894277606529,60,0.01030333191458365,0.3786078581021067,0.0907116496939328,18.868554525238515,71.78460070711748,1.1585074118232814,938.0166389942018,2020-05-22,0,0.8660254037844387,-0.4999999999999998
2020-05-22,0,0.004012873064575827,60,0.00982461773471914,0.08829185936021718,0.0107738695828373,19.76917376994364,67.86127170768182,1.8354770559956937,934.8048784924482,2020-05-23,0,0.8660254037844387,-0.4999999999999998
2020-05-23,0,1.0354594640548451,62,1.0424012313970141,1.09188775851433,2.433205253511453,19.41576602465706,77.59646384438925,2.556428447458049,932.9880715634832,2020-05-24,0,0.8660254037844387,-0.4999999999999998
2020-05-24,0,0.005255029224956639,61,1.0447273663443644,1.0803644548748639,0.2778960244309,14.097682661937174,76.0463744358575,2.0908199528053117,935.4349176562946,2020-05-25,0,0.8660254037844387,-0.4999999999999998
2020-05-25,0,0.012075398589132435,61,1.052789891868921,1.0671060968480786,0.0,13.886596946111018,67.59589261583928,1.9472991152454049,933.1849219621256,2020-05-26,0,0.8660254037844387,-0.4999999999999998
2020-05-26,0,0.002974311814123928,60,0.02030473962819968,1.0655888214177622,0.0158274632746244,13.39465661203796,62.16188934270031,1.80029828569517,932.9308545830716,2020-05-27,0,0.8660254037844387,-0.4999999999999998
2020-05-27,0,0.003055426953117718,57,0.018105137356360757,1.0657613979783298,0.0,12.981854168506477,64.49426027003615,0.9295507858189256,935.1341264767872,2020-05-28,0,0.8660254037844387,-0.4999999999999998
2020-05-28,0,0.009013509511697269,57,0.015043248278925593,1.0718460132124206,0.0640106300260062,13.263768669705788,68.22855457672739,1.0382233868694453,937.6919234514722,2020-05-29,0,0.8660254037844387,-0.4999999999999998
2020-05-29,0,0.07705141334459498,57,0.08912034980939665,1.1448845534924397,0.0760269580261227,15.083849913658192,68.89850721399345,0.9452065983351268,937.9453325589292,2020-05-30,0,0.8660254037844387,-0.4999999999999998
2020-05-30,0,0.016939746747180073,58,0.103004669603459,0.12636483618477462,0.0762428021141195,15.988984679474738,65.7549170298927,1.002003375834698,936.7017110381034,2020-05-31,0,0.8660254037844387,-0.4999999999999998
2020-05-31,0,0.0,49,0.09399116009176173,0.12110980695981798,0.0,15.581958625894575,64.78913052360899,0.9273249777822768,935.9838344910648,2020-06-01,0,0.49999999999999994,-0.8660254037844387
2020-06-01,0,0.0,42,0.01693974674716675,0.10903440837068555,0.0122321720881133,16.48587131132408,65.50397337203867,1.001285118403383,934.9672545949758,2020-06-02,0,0.49999999999999994,-0.8660254037844387
2020-06-02,0,0.7349936460328973,49,0.734993646032884,0.8410537425894589,4.540960517108892,16.098312792052976,84.1676598314453,0.9022814247243224,935.3398674353468,2020-06-03,0,0.49999999999999994,-0.8660254037844387
2020-06-03,0,0.9238772615539369,49,1.6588709075868209,1.761875577190278,2.6534450501772064,17.378347313549778,84.15067488880968,0.9651484480780338,937.2012901045896,2020-06-04,0,0.49999999999999994,-0.8660254037844387
2020-06-04,0,0.15115147777139784,34,1.8100223853582187,1.904013545449979,2.637478284051837,18.276342393129667,83.11889609417787,1.493729996090968,939.5235742451162,2020-06-05,0,0.49999999999999994,-0.8660254037844387
2020-06-05,0,1.1390200065969598,52,2.2140487459222813,2.9659821387023437,4.103806119005121,18.99826229857229,84.89971900681277,1.0425469063367383,938.9076817908726,2020-06-06,1,0.49999999999999994,-0.8660254037844387
2020-06-06,1,0.04450144627719516,38,1.3346729306455394,2.9935438382323585,0.7522961807337059,19.880623912786422,78.19087388294206,1.3278149099772814,936.3003826897068,2020-06-07,1,0.49999999999999994,-0.8660254037844387
2020-06-07,1,17.682256963589605,62,18.865778416463748,20.675800801821964,12.093621889087036,19.306528119201737,79.65660585971422,1.2826072529846713,936.9855955366968,2020-06-08,0,0.49999999999999994,-0.8660254037844387
2020-06-08,0,0.5404295668752406,45,18.26718797674203,21.216230368697204,0.3046937542437262,18.92913784433128,80.14973564424568,0.7614521018612644,936.9975751246596,2020-06-09,0,0.49999999999999994,-0.8660254037844387
2020-06-09,0,0.9316993097201852,29,19.154385840185018,21.412936032384494,1.594037151609932,19.6310902039608,83.21744773670191,0.8804355770335622,935.2089936578584,2020-06-10,0,0.49999999999999994,-0.8660254037844387
2020-06-10,0,0.06952462870417118,41,1.5416535052995828,20.558583399534726,0.893172624304324,20.64240045140361,79.37681147751317,0.9785460080343172,933.8104414451566,2020-06-11,0,0.49999999999999994,-0.8660254037844387
2020-06-11,0,0.0877046363375059,28,1.088928574761848,20.495136558100835,0.0557872226307105,21.692061246922886,68.62150251132343,1.2419884436997393,934.4520541357994,2020-06-12,0,0.49999999999999994,-0.8660254037844387
2020-06-12,0,0.0416917136053236,35,0.1989209786469865,19.397808265109198,0.0880432392970029,20.368552543709285,71.0241512193327,0.71043065397573,934.6007420537284,2020-06-13,0,0.49999999999999994,-0.8660254037844387
2020-06-13,0,0.0,28,0.1293963499428153,19.353306818832003,0.0497070613388773,20.17065956110392,70.56100276982025,0.8427156135059088,936.0606054561993,2020-06-14,0,0.49999999999999994,-0.8660254037844387
2020-06-14,0,0.5556508735105482,48,0.5973425871158576,2.226700728752946,0.2781389865844875,17.574811765085283,81.25772174657166,2.3706272760138285,940.934607348383,2020-06-15,0,0.49999999999999994,-0.8660254037844387
2020-06-15,0,0.08946648333914593,30,0.64511735684968,1.7757376452168516,0.8597273664681329,17.007721147129104,79.7634765233419,2.013059907398133,943.2175087958371,2020-06-16,0,0.49999999999999994,-0.8660254037844387
2020-06-16,0,0.010257503039877961,38,0.6553748598895579,0.8542958385365443,0.1366661479371064,17.816669205079,77.37479747425301,1.7236638163048408,943.0469386376072,2020-06-17,0,0.49999999999999994,-0.8660254037844387
2020-06-17,0,0.007495220132878734,32,0.10721920651188842,0.7922664299652519,0.1242757168597241,18.248026495410823,74.38443373477035,1.7240579054901977,941.2097399201438,2020-06-18,0,0.49999999999999994,-0.8660254037844387
2020-06-18,0,0.003004925646635997,40,0.020757648819378482,0.707566719274382,0.0107738695828373,17.801652695066295,69.2214636253547,1.5518960185320303,938.5316995387276,2020-06-19,0,0.49999999999999994,-0.8660254037844387
2020-06-19,0,0.0,24,0.01050014577950052,0.6658750056690584,0.0281771090097543,18.15144800805946,68.98538109191229,1.1227335535751015,937.8521824037658,2020-06-20,0,0.49999999999999994,-0.8660254037844387
2020-06-20,0,0.0070749223871140535,36,0.01007984803373584,0.6729499280561725,0.0533023525253884,18.575181864343747,68.56431033343377,0.9860851881187644,938.4317378299704,2020-06-21,0,0.49999999999999994,-0.8660254037844387
2020-06-21,0,0.0,31,0.007074922387099843,0.11729905454562425,0.0590226284164387,19.493162835284195,68.97194488468924,1.2114434554490463,937.5763521766957,2020-06-22,0,0.49999999999999994,-0.8660254037844387
2020-06-22,0,0.004780235058282392,25,0.011855157445382234,0.032612806264760714,0.0,18.771240312075115,66.871513680976,0.7363383916135139,938.0385192432544,2020-06-23,0,0.49999999999999994,-0.8660254037844387
2020-06-23,0,0.0,25,0.004780235058268181,0.02235530322488275,0.032321608748512,17.523064078368325,68.21588688407464,0.977410481588372,935.9868254975464,2020-06-24,0,0.49999999999999994,-0.8660254037844387
2020-06-24,0,0.0,35,0.004780235058268181,0.01486008309200402,0.071254800504552,16.91677560139802,65.50426581731055,1.0884919214358693,934.4788202702308,2020-06-25,0,0.49999999999999994,-0.8660254037844387
2020-06-25,0,0.005158903330761349,41,0.005158903330747138,0.017014060776129374,0.0,18.879487250932904,67.89028016113006,1.4829257623049183,933.731493774878,2020-06-26,1,0.49999999999999994,-0.8660254037844387
2020-06-26,1,4.540857739603606,59,4.546016642934353,4.557871800379735,3.178277922954788,17.90762233228618,82.76966775956859,1.5037036366725485,935.7158072751382,2020-06-27,1,0.49999999999999994,-0.8660254037844387
2020-06-27,1,78.85677792341126,62,83.4027945663456,83.40757480140388,16.029979831929527,14.779303312247864,92.33259353609432,1.6801736377569387,934.263697301875,2020-06-28,1,0.49999999999999994,-0.8660254037844387
2020-06-28,1,3.3714263092181618,56,86.769061972233,86.77900111062205,1.3587878672886695,14.323342001898586,86.75484257830274,1.3009814786961602,938.4934005088734,2020-06-29,1,0.49999999999999994,-0.8660254037844387
2020-06-29,1,1.5565114009235794,51,83.78471563355299,88.33073227648735,0.2699543180788591,15.78218568528946,81.13051967137777,1.6113582525512782,938.9209505817744,2020-06-30,0,0.49999999999999994,-0.8660254037844387
2020-06-30,0,1.4875821371254159,40,6.415519847267143,89.81831441361277,0.5210726275683474,17.902675703190436,73.40187978394137,2.183682232156248,932.769645994524,2020-07-01,1,1.2246467991473532e-16,-1.0
2020-07-01,1,0.7176824033648918,61,3.7617759414138727,90.53599681697766,3.826130883552624,17.72437672414908,64.7223136968743,2.7028611572786856,929.4254335569842,2020-07-02,0,1.2246467991473532e-16,-1.0
2020-07-02,0,0.024949615204939768,60,2.230214155695233,90.55578752885182,0.0158274632746244,12.170200231176302,74.18876485696654,0.8439869760153754,933.6978559381588,2020-07-03,1,1.2246467991473532e-16,-1.0
2020-07-03,1,0.0062626537363121935,60,0.7488946723061295,86.02119244298453,0.017403239426917,13.022154706714684,78.68047066702967,0.9280882639640774,935.5741376504336,2020-07-04,1,1.2246467991473532e-16,-1.0
2020-07-04,1,0.01408034782663834,60,0.04529261676787609,7.178494867399911,0.0317546133597137,14.849097085353993,73.99052325828538,0.8640107150795995,936.7298863977276,2020-07-05,1,1.2246467991473532e-16,-1.0
2020-07-05,1,0.021479176939406427,60,0.04182217850234275,3.8285477351211554,0.0,16.8201478204626,74.07624105447651,0.937199075815662,936.2635396103472,2020-07-06,0,1.2246467991473532e-16,-1.0
2020-07-06,0,0.18144917841394625,59,0.2170087031799768,2.4534855126115223,0.1222930773323864,19.087053346528872,70.7200027207818,1.0270086616231318,935.815948156572,2020-07-07,0,1.2246467991473532e-16,-1.0
2020-07-07,0,0.009524055558515414,34,0.21245241091185388,0.9754274310446217,0.277398805474429,19.6008362298457,70.59350143019351,1.4292346528744393,935.054121103511,2020-07-08,1,1.2246467991473532e-16,-1.0
2020-07-08,1,0.04414342231869233,61,0.2351166562911398,0.3018884499984223,0.0122321720881133,20.111577481031443,55.778335441515054,2.270130916924708,932.1823296213976,2020-07-09,0,1.2246467991473532e-16,-1.0
2020-07-09,0,0.21133380776689453,61,0.2650012856440881,0.48827264256037706,0.1415657797101728,18.42852740888976,67.08588739678201,1.3309883871963124,936.3113325547528,2020-07-10,0,1.2246467991473532e-16,-1.0
2020-07-10,0,0.006677545674583857,60,0.2621547757601565,0.4886875344986487,0.0066293698440796,15.064511838909253,76.53268495923608,0.9906680900805293,938.3255399487354,2020-07-11,0,1.2246467991473532e-16,-1.0
2020-07-11,0,0.0019181261713778722,60,0.21992947961284204,0.4765253128433882,0.0,18.643787033283832,69.82347220434669,1.3987411124373557,936.3409192373396,2020-07-12,0,1.2246467991473532e-16,-1.0
2020-07-12,0,0.0,57,0.008595671845947518,0.4550461359039818,0.0107738695828373,19.747909468959403,63.41774587374047,1.4254520043234329,933.7903262452216,2020-07-13,0,1.2246467991473532e-16,-1.0
2020-07-13,0,0.0,61,0.0019181261713636614,0.27359695749003554,0.0099968298426527,19.693396436311485,67.65799854461324,0.921955459963558,934.7988344250195,2020-07-14,0,1.2246467991473532e-16,-1.0
2020-07-14,0,0.023961305851100102,61,0.02396130585108589,0.2880342077826203,0.4498573429193718,17.42658563697408,79.86730499514402,1.291303766226198,937.3242584246942,2020-07-15,0,1.2246467991473532e-16,-1.0
2020-07-15,0,0.005319434304571236,53,0.029280740155657126,0.2492102197684992,0.0318543001701786,15.03775473146624,82.37416587684885,1.8259822600292213,939.6790242312804,2020-07-16,0,1.2246467991473532e-16,-1.0
2020-07-16,0,0.0,60,0.029280740155657126,0.037876412001604645,0.0562189575359404,15.767403901828162,79.68869324068518,1.5410749528242622,940.2638983517288,2020-07-17,0,1.2246467991473532e-16,-1.0
2020-07-17,0,0.0011074661589204821,60,0.006426900463477507,0.03230633248594127,0.0299904895279581,17.066712187041013,80.56862104436064,0.8252514245355961,938.9831511377644,2020-07-18,0,1.2246467991473532e-16,-1.0
2020-07-18,0,0.006010699309600712,34,0.007118165468506983,0.03639890562416411,0.0281593221732026,18.29540980365558,75.98357143344741,1.0807210769677582,939.4462853324472,2020-07-19,0,1.2246467991473532e-16,-1.0
2020-07-19,0,0.0,61,0.007118165468506983,0.03639890562416411,0.05040031120391,17.64444052816864,73.13433542193025,1.027673551455509,939.19905027525,2020-07-20,0,1.2246467991473532e-16,-1.0
2020-07-20,0,0.0026755966768080425,57,0.008686295986394543,0.039074502300972154,0.0159271500850893,17.115555139043774,68.66702068074723,1.1212767782745623,938.6433904890182,2020-07-21,0,1.2246467991473532e-16,-1.0
2020-07-21,0,0.0,34,0.0026755966767938316,0.015113196449872052,0.0099968298426527,17.47777864416711,66.94751787384037,0.8960255498444174,936.936122459877,2020-07-22,0,1.2246467991473532e-16,-1.0
2020-07-22,0,0.0,60,0.0026755966767938316,0.009793762145300814,0.0,17.97719711702566,66.6859730570975,0.7341923055512588,936.5593492503028,2020-07-23,0,1.2246467991473532e-16,-1.0
2020-07-23,0,0.0023311347046044402,60,0.0023311347045902294,0.012124896849905255,0.0,18.217872729731656,66.74013197598259,0.8667930202627439,937.0712619614736,2020-07-24,0,1.2246467991473532e-16,-1.0
2020-07-24,0,0.0,56,0.0023311347045902294,0.011017430690984773,0.0099968298426527,18.37764357340417,67.19889984745978,1.367229398510561,936.7702602796504,2020-07-25,0,1.2246467991473532e-16,-1.0
2020-07-25,0,0.0,60,0.0023311347045902294,0.005006731381384061,0.0,19.230255251171883,58.578540045940734,1.576352624925934,937.7739880347948,2020-07-26,0,1.2246467991473532e-16,-1.0
2020-07-26,0,0.0,60,0.0,0.005006731381384061,0.0,17.770688783849877,73.53779552923022,1.8927064227088817,940.1888763844554,2020-07-27,0,1.2246467991473532e-16,-1.0
2020-07-27,0,0.0,60,0.0,0.0023311347045760185,0.0,19.236956315855974,67.44402492833184,1.2755300020366356,938.2002549743064,2020-07-28,0,1.2246467991473532e-16,-1.0
2020-07-28,0,0.0,60,0.0,0.0023311347045760185,0.0159271500850893,20.165359584412244,62.98893176995085,1.5687684875956862,935.8512100158292,2020-07-29,0,1.2246467991473532e-16,-1.0
2020-07-29,0,0.10746032721831218,60,0.10746032721829797,0.1097914619228882,2.0770741265790305,16.770267182802478,79.26098128028856,2.32709449681612,938.4377735895866,2020-07-30,0,1.2246467991473532e-16,-1.0
2020-07-30,0,7.619109877843286,62,7.726570205061584,7.72657020506157,3.009779063748731,14.660289032074722,83.96833469159291,2.7316473410711577,941.939754503884,2020-07-31,0,1.2246467991473532e-16,-1.0
2020-07-31,0,0.1241246204450198,60,7.850694825506604,7.85069482550659,0.793848710457245,16.363632148776098,76.8727942964664,2.347119088592855,942.5962716935912,2020-08-01,0,-0.4999999999999997,-0.8660254037844388
2020-08-01,0,0.028794763879414632,15,7.772029262167706,7.879489589386004,0.3198985549648866,16.824200166309147,75.36835847216118,1.4666386057645295,942.1149952447068,2020-08-02,0,-0.4999999999999997,-0.8660254037844388
2020-08-02,0,0.0,13,0.15291938432442023,7.879489589386004,0.025923979927742,16.660835576546837,74.3215089533376,1.5890389499816309,942.54801825551,2020-08-03,0,-0.4999999999999997,-0.8660254037844388
2020-08-03,0,0.09509521799686414,16,0.12388998187626456,7.974584807382868,0.0224568331187041,15.998748468496007,74.36849748745081,1.0526941806458063,943.9741898397724,2020-08-04,0,-0.4999999999999997,-0.8660254037844388
2020-08-04,0,0.0,13,0.09509521799684992,7.974584807382868,0.0,15.904037972138234,72.21130473037616,1.1683184567466012,944.2022106534558,2020-08-05,0,-0.4999999999999997,-0.8660254037844388
2020-08-05,0,0.0,13,0.09509521799684992,7.867124480164556,0.0099968298426527,16.326240290402914,71.46773495860742,1.2998425218626029,943.6887596560327,2020-08-06,0,-0.4999999999999997,-0.8660254037844388
2020-08-06,0,0.36690604602016536,15,0.36690604602015114,0.6149206483414356,0.0294195674270336,16.378661238225458,70.54082518233866,1.042181941107975,942.8200074126936,2020-08-07,0,-0.4999999999999997,-0.8660254037844388
2020-08-07,0,0.17967729747859268,14,0.5465833434987438,0.6704733253750084,0.02077069942549,16.372005991508196,67.64507464319045,1.0546503226783033,942.2728116210274,2020-08-08,0,-0.4999999999999997,-0.8660254037844388
2020-08-08,0,0.0,13,0.5465833434987438,0.6416785614955938,0.0066293698440796,17.037270583163526,67.41040254763527,1.120311907317233,941.8691114658036,2020-08-09,0,-0.4999999999999997,-0.8660254037844388
2020-08-09,0,0.0,12,0.17967729747857847,0.6416785614955938,0.0,18.022468420171467,67.01379529250917,1.001607957484785,940.304776334331,2020-08-10,0,-0.4999999999999997,-0.8660254037844388
2020-08-10,0,0.0,14,0.0,0.5465833434987296,0.0,18.473176317548216,61.9089653304373,1.0006623707175846,936.6136938525448,2020-08-11,0,-0.4999999999999997,-0.8660254037844388
2020-08-11,0,0.0,11,0.0,0.5465833434987296,0.0,18.583045290013622,57.4857465739382,1.0030317220212714,935.1356029558112,2020-08-12,0,-0.4999999999999997,-0.8660254037844388
2020-08-12,0,0.0,14,0.0,0.5465833434987296,0.0,19.39575495021225,61.25828959659715,1.3977499063992969,934.2313081390106,2020-08-13,0,-0.4999999999999997,-0.8660254037844388
2020-08-13,0,0.43088178293355306,15,0.43088178293353885,0.6105590804121173,0.4815048719608094,20.606125980234665,65.33611885001847,1.5436237385856233,932.904457784463,2020-08-14,0,-0.4999999999999997,-0.8660254037844388
2020-08-14,0,0.16114612489644572,13,0.5920279078299846,0.5920279078299704,0.3484305031025602,21.739393891537585,63.07237051423824,1.0411169338323194,932.3318080989025,2020-08-15,0,-0.4999999999999997,-0.8660254037844388
2020-08-15,0,1.0053724172119771,18,1.5974003250419617,1.5974003250419475,2.374980990893376,20.069363276712718,71.00426958103219,2.0204774912787604,931.441693831015,2020-08-16,1,-0.4999999999999997,-0.8660254037844388
2020-08-16,1,11.119388554288816,59,12.285907096397224,12.716788879330764,4.7352928630598665,17.86672589733945,84.74172762435595,1.4149159109810137,933.9455817382157,2020-08-17,1,-0.4999999999999997,-0.8660254037844388
2020-08-17,1,6.973523264545597,59,19.09828423604638,19.690312143876362,5.757489420799205,17.209531591513613,88.12192890798659,1.2394115921497548,934.6826446330738,2020-08-18,1,-0.4999999999999997,-0.8660254037844388
2020-08-18,1,8.709684646307066,60,26.802596465141466,28.399996790183426,2.548270118860415,17.229340005505584,87.31806769972695,1.1745886132037229,933.4352840822996,2020-08-19,1,-0.4999999999999997,-0.8660254037844388
2020-08-19,1,5.1863194602677405,46,20.869527371120387,33.58631625045117,2.2125966892176843,19.15283660058085,80.61109975512757,1.903199749989139,932.0790297982048,2020-08-20,0,-0.4999999999999997,-0.8660254037844388
2020-08-20,0,2.8438377838292634,51,16.739841890404055,35.99927225134687,1.8354477863006995,15.667600385626654,85.26072853211075,2.0522110415823027,937.1471615006652,2020-08-21,1,-0.4999999999999997,-0.8660254037844388
2020-08-21,1,11.930071882210907,54,19.960229126307897,47.76819800866134,4.6611624985418985,10.776863256437988,91.5691853233269,2.1664556586163943,940.153045327126,2020-08-22,1,-0.4999999999999997,-0.8660254037844388
2020-08-22,1,3.331622950140565,41,18.105532616180724,50.09444854158993,1.3235790596679222,10.693213029153002,85.27843621646487,2.635126965215252,941.2251352297316,2020-08-23,1,-0.4999999999999997,-0.8660254037844388
2020-08-23,1,3.2325101732562254,26,18.494205005607682,42.20757016055734,0.5030959411733043,13.307626393612365,74.37077896298324,2.3685835466306653,940.7967827640392,2020-08-24,0,-0.4999999999999997,-0.8660254037844388
2020-08-24,0,2.435601506990296,21,8.999734630387072,37.669648403002036,0.1906064141183564,14.236153500861272,70.50231169771988,2.117598826840309,939.6922132890692,2020-08-25,0,-0.4999999999999997,-0.8660254037844388
2020-08-25,0,0.6290671443664698,16,6.297178824612978,29.589030901061438,0.1018822464309245,14.094777386400178,72.70945906546457,2.0314076908007808,938.7518384623086,2020-08-26,0,-0.4999999999999997,-0.8660254037844388
2020-08-26,0,0.5833780036060232,14,3.648046654962775,24.986089444399724,0.0534521766980303,15.054253596779718,69.58971409507798,1.7707410270410904,937.5789004891463,2020-08-27,0,-0.4999999999999997,-0.8660254037844388
2020-08-27,0,1.026065065121234,17,2.2385102130937127,23.168316725691692,0.0240326092709967,17.39842230264756,70.50264103233829,1.0284733053554471,937.2199449698072,2020-08-28,0,-0.4999999999999997,-0.8660254037844388
2020-08-28,0,1.0931711781132791,20,2.702614246840522,12.331416021594064,0.0132587396881593,19.37998947481704,66.84544662691786,1.010757733661378,935.9026828791112,2020-08-29,0,-0.4999999999999997,-0.8660254037844388
2020-08-29,0,1.0912276969674433,15,3.210463940201942,10.091020768420943,0.0340294391136494,20.719596125998763,62.354819279938745,1.1772976609416652,934.1069550341408,2020-08-30,0,-0.4999999999999997,-0.8660254037844388
2020-08-30,0,0.429848809760002,16,2.61424768484071,7.288359404924719,0.0440262689563021,21.54008078368065,58.995185632265695,1.2361436116367417,934.2445628282394,2020-08-31,0,-0.4999999999999997,-0.8660254037844388
2020-08-31,0,0.19515106916967542,15,1.7162275758971064,5.047908967104099,0.5497200911928326,19.804005803625632,74.37395547615753,2.539714641195172,939.1678941975136,2020-09-01,0,-0.8660254037844385,-0.5000000000000004
2020-09-01,0,0.06720695511638707,58,0.6922068340460503,4.486048777854015,0.7930114674150706,19.5480311467656,76.06243872337797,2.775363643379733,941.4212151454748,2020-09-02,0,-0.8660254037844385,-0.5000000000000004
2020-09-02,0,0.007496118946056215,57,0.2698541432321045,3.9101668931940483,0.0066293698440796,19.924235632321032,71.96399678985459,2.394178198227363,939.2591596668096,2020-09-03,0,-0.8660254037844385,-0.5000000000000004
2020-09-03,0,0.007732538583753023,57,0.0824356126461821,2.8918343666565676,0.0215477391656747,21.42189112733704,64.19842755111196,1.5416882501124032,935.1349834372916,2020-09-04,0,-0.8660254037844385,-0.5000000000000004
2020-09-04,0,0.0,32,0.015228657529795027,1.7986631885432887,0.0215477391656747,21.456406375528463,59.89043500390819,1.1256350466303349,935.827204671274,2020-09-05,0,-0.8660254037844385,-0.5000000000000004
2020-09-05,0,0.0,60,0.007732538583738812,0.7074354915758453,0.2022677160736081,21.44568899182958,65.52617543311214,1.6623787597026445,937.8197578671222,2020-09-06,0,-0.8660254037844385,-0.5000000000000004
2020-09-06,0,0.0,61,0.0,0.2775866818158433,0.0315445690083274,21.789290625433207,60.62553003892796,1.2189610275456568,935.1336807903218,2020-09-07,0,-0.8660254037844385,-0.5000000000000004
2020-09-07,0,0.017447594611417015,60,0.017447594611402804,0.0998832072575849,0.02077069942549,21.28439471657273,67.57261091075075,1.76048953419234,933.6142544750936,2020-09-08,0,-0.8660254037844385,-0.5000000000000004
2020-09-08,0,0.09778838467806523,61,0.11523597928946804,0.13046463681926307,0.0107738695828373,21.02450165498447,71.14624388264741,1.676311832329008,933.7622224182568,2020-09-09,0,-0.8660254037844385,-0.5000000000000004
2020-09-09,0,0.015430986380766277,65,0.1306669656702343,0.13839950425397313,0.0,21.554500856177267,70.9592168188527,1.7551792612991752,936.3348060532348,2020-09-10,0,-0.8660254037844385,-0.5000000000000004
2020-09-10,0,0.0,67,0.1132193710588173,0.1306669656702201,0.0107738695828373,23.62388626052359,61.8848201339214,1.708741754886293,935.6951519605152,2020-09-11,0,-0.8660254037844385,-0.5000000000000004
2020-09-11,0,0.00223415924072295,48,0.017665145621475017,0.13290112491094305,0.032321608748512,23.512398934806352,60.48745877678126,1.3937814910379465,934.6075024684446,2020-09-12,0,-0.8660254037844385,-0.5000000000000004
2020-09-12,0,0.002773285052088395,67,0.005007444292797134,0.13567440996303146,0.0107738695828373,24.841345557117695,51.04052768239645,1.2512220171171216,934.9248892015024,2020-09-13,0,-0.8660254037844385,-0.5000000000000004
2020-09-13,0,0.0,68,0.005007444292797134,0.13567440996303146,0.0215477391656747,24.314035771331984,52.11966367362464,1.4882776128578032,936.2393192495132,2020-09-14,0,-0.8660254037844385,-0.5000000000000004
2020-09-14,0,0.0020808614481812606,67,0.004854146500255445,0.12030767679979569,0.0623120982764701,23.21632507038423,50.18182938900649,1.5398612330047703,937.1468934810975,2020-09-15,0,-0.8660254037844385,-0.5000000000000004
2020-09-15,0,0.5192498007161273,67,0.5213306621642944,0.5417690928378577,0.7482750891621494,18.49045483731904,74.75661435588714,3.408014578101291,939.786140021721,2020-09-16,0,-0.8660254037844385,-0.5000000000000004
2020-09-16,0,0.0158562458325036,68,0.5371869079967979,0.542194352289595,0.3406692543903766,21.260376134890397,65.68246913672849,1.866940273659881,935.8877515657124,2020-09-17,0,-0.8660254037844385,-0.5000000000000004
2020-09-17,0,0.0,68,0.5351060465486166,0.542194352289595,0.0315445690083274,22.588853325067777,63.83687023994726,1.9254336310297848,932.7763103484197,2020-09-18,0,-0.8660254037844385,-0.5000000000000004
2020-09-18,0,0.0072020262244388384,68,0.023058272056928227,0.5471622192733109,0.1443585552004113,21.421251268577556,66.8610665194468,1.4122284788328612,932.0288055891084,2020-09-19,0,-0.8660254037844385,-0.5000000000000004
2020-09-19,0,0.007750845845642024,68,0.014952872070066653,0.5521397800668645,0.1508341741597229,23.534687789962607,59.035071396111256,1.197989337922753,931.6858752478472,2020-09-20,0,-0.8660254037844385,-0.5000000000000004
2020-09-20,0,0.09213955483088318,68,0.10709242690094983,0.6442793348977477,0.5030165631007213,18.633440798779173,78.1327850859425,2.5128871622110087,935.19597633294,2020-09-21,0,-0.8660254037844385,-0.5000000000000004
2020-09-21,0,1.5878958087920936,66,1.6877862094686045,2.23009428224166,3.957079305962548,16.113352486353786,84.13112906072824,2.755461007383217,936.7701486914184,2020-09-22,1,-0.8660254037844385,-0.5000000000000004
2020-09-22,1,9.06743955671692,66,10.747474920339883,10.778284038242452,7.232212349631828,14.99870861953655,85.11114164174332,3.214281895647115,939.4249086257792,2020-09-23,0,-0.8660254037844385,-0.5000000000000004
2020-09-23,0,0.738322955288767,66,11.393658320797767,11.500750747698715,1.3681445690373186,17.78861643222437,76.51424747723978,2.398936361255975,940.7435694957172,2020-09-24,0,-0.8660254037844385,-0.5000000000000004
2020-09-24,0,0.11996864105005381,65,9.925731153055727,11.62071938874877,0.1943584614131944,19.63671962060249,71.6835437552938,1.5511434192424034,939.1872568508476,2020-09-25,0,-0.8660254037844385,-0.5000000000000004
2020-09-25,0,0.01768822093707708,66,0.8759798172758837,11.631205583461407,0.0722814148338345,20.744200735396312,67.99937162114072,1.260134284997218,936.5370950743846,2020-09-26,0,-0.8660254037844385,-0.5000000000000004
2020-09-26,0,0.007834869767976331,65,0.145491731755093,11.63128960738374,0.032321608748512,22.95513826501009,59.2797403995607,1.5159002807147643,932.684726124028,2020-09-27,0,-0.8660254037844385,-0.5000000000000004
2020-09-27,0,0.0028804576707143676,66,0.028403548375753568,11.542030510223572,0.0,24.91907794125023,52.04087502200988,1.9440986480850897,930.1895386946784,2020-09-28,0,-0.8660254037844385,-0.5000000000000004
2020-09-28,0,0.843690611781669,67,0.8544059392203456,10.79782531321315,1.3129325433910437,23.10154870759674,64.67151506657459,2.095360657705741,931.3915430380302,2020-09-29,0,-0.8660254037844385,-0.5000000000000004
2020-09-29,0,0.1188334735500946,66,0.9654045430024638,1.849219230046324,0.7334088351072208,21.827199154922887,75.3160387586455,2.2882530771666336,934.8583086772948,2020-09-30,0,-0.8660254037844385,-0.5000000000000004
2020-09-30,0,0.4161253327782418,67,1.3786494181099913,1.5270216075357987,0.190128297681661,25.403870658976203,61.299196120864345,2.0028182082647445,933.8860017107536,2020-10-01,0,-1.0,-1.8369701987210297e-16
2020-10-01,0,0.18727101780000122,16,0.7222298241283234,1.594323984285746,0.0881412753633206,26.651030709232504,56.72499112188008,1.9704101117205228,932.0542797255818,2020-10-02,0,-1.0,-1.8369701987210297e-16
2020-10-02,0,0.9294082666750295,22,1.5328046172532583,2.5060440300236984,0.0,28.60610827014357,47.17165555176487,1.445007895977311,930.9335421502992,2020-10-03,0,-1.0,-1.8369701987210297e-16
2020-10-03,0,0.0212427694371054,16,1.137922053912122,2.5194519296928277,0.707273159438952,24.070452380930995,66.73520447119354,2.6457299686880047,933.6148009284856,2020-10-04,0,-1.0,-1.8369701987210297e-16
2020-10-04,0,0.4290768323106462,21,1.379727868422767,2.9456483043327597,3.5893876159505025,21.266976628231664,77.31394075726357,3.786092658295599,936.187650554678,2020-10-05,0,-1.0,-1.8369701987210297e-16
2020-10-05,0,0.028532501082592216,17,0.4788521028303296,2.130490193633683,0.3326671003166691,24.324049674110277,66.79814580985185,2.288283315316654,933.2467512145696,2020-10-06,0,-1.0,-1.8369701987210297e-16
2020-10-06,0,0.0,16,0.4576093333932242,2.011656720083588,0.032321608748512,26.363176571474487,61.9028599260427,1.7046652637475552,931.6814490617026,2020-10-07,0,-1.0,-1.8369701987210297e-16
2020-10-07,0,0.0,14,0.028532501082578005,1.5955313873053463,1.1122323914497123,25.98055242504884,60.56520833908692,2.0999437634116456,932.7125064088942,2020-10-08,0,-1.0,-1.8369701987210297e-16
2020-10-08,0,4.782326393734964,58,4.78232639373495,6.190586763240309,2.3529699057098457,22.619073202225863,75.07738655376625,2.227116225111612,932.951099962708,2020-10-09,1,-1.0,-1.8369701987210297e-16
2020-10-09,1,22.146522008758353,62,26.9288484024933,27.407700505323632,7.822481909430001,19.211527070080717,88.91638726623555,1.672793179513325,931.2942610589504,2020-10-10,0,-1.0,-1.8369701987210297e-16
2020-10-10,0,4.942706524026487,46,31.87155492651979,32.329164259913014,1.4465607075237046,19.247906475052204,71.96176699175476,2.178656415063006,932.0296763447084,2020-10-11,0,-1.0,-1.8369701987210297e-16
2020-10-11,0,2.2410240227744693,19,29.33025255555929,34.14111145037684,0.1407326575373225,18.519250284925032,61.47178913545198,2.517525431225604,935.4758684383738,2020-10-12,0,-1.0,-1.8369701987210297e-16
2020-10-12,0,0.9836547584653262,17,8.167385305266265,35.09623370775957,0.0215477391656747,19.88530466297918,64.49042813802475,1.7244811072600192,935.3395359285828,2020-10-13,0,-1.0,-1.8369701987210297e-16
2020-10-13,0,0.32968340450762895,16,3.5543621857474066,35.4259171122672,0.0215477391656747,21.29331216261501,65.95724539107842,1.2931889810482926,932.856674849108,2020-10-14,0,-1.0,-1.8369701987210297e-16
2020-10-14,0,0.27501867718862405,15,1.5883568401615615,35.700935789455826,0.0,23.175147724223766,62.37901401933145,1.63323752491459,930.402708673977,2020-10-15,0,-1.0,-1.8369701987210297e-16
2020-10-15,0,3.6901541224436625,24,4.294856204139898,34.60876351816452,1.583709975994886,19.123984514551037,81.80063956981292,1.945598868077444,934.53359797492,2020-10-16,0,-1.0,-1.8369701987210297e-16
2020-10-16,0,1.2502131890287094,29,5.215385988660978,13.712454698434879,0.2564806974794419,16.754263065468084,80.77541212325666,2.710459672228012,937.1924798506288,2020-10-17,0,-1.0,-1.8369701987210297e-16
2020-10-17,0,0.16669054600114647,13,5.1070578574735,8.936438720409539,0.0729885008515265,17.621012921972323,74.22965123750745,2.756138051027591,937.2571221336088,2020-10-18,0,-1.0,-1.8369701987210297e-16
2020-10-18,0,0.10176383648232196,14,1.51866757151216,6.797178534117391,0.0,19.236065624791785,72.32983273916103,2.5999396802154515,933.1282879621356,2020-10-19,1,-1.0,-1.8369701987210297e-16
2020-10-19,1,11.419700061097153,44,11.688154443580604,17.233223836749218,0.165328273035821,20.874973162221288,73.25026918271129,2.294825587448279,932.2038032055344,2020-10-20,1,-1.0,-1.8369701987210297e-16
2020-10-20,1,15.883554159608114,45,27.405018057187572,32.7870945918497,3.928616305052581,20.99341974807421,79.86793359581763,1.5157947412678447,933.256701136026,2020-10-21,0,-1.0,-1.8369701987210297e-16
2020-10-21,0,3.2986685661970734,26,30.60192278690232,35.81074448085815,1.549861433538961,20.66279932976305,80.79822840000608,2.1047105061706897,935.0359890342116,2020-10-22,0,-1.0,-1.8369701987210297e-16
2020-10-22,0,1.0761786561300208,17,20.25840138193519,33.19676901454451,0.0120163280001165,20.43640044138525,73.14980271667581,3.262782324050131,935.8430364877412,2020-10-23,0,-1.0,-1.8369701987210297e-16
2020-10-23,0,0.5589739521843111,14,4.933821174511388,32.50552977770011,0.4640900514255862,21.06306565940869,68.02760181143339,3.046679437761498,934.2335873499776,2020-10-24,1,-1.0,-1.8369701987210297e-16
2020-10-24,1,1.522563353796325,18,3.157715962110639,33.86140258549529,0.8960151689732376,20.565613850430264,75.91599034616124,1.726936476262804,931.1278041248818,2020-10-25,1,-1.0,-1.8369701987210297e-16
2020-10-25,1,20.042233881798516,46,22.123771187779134,53.80187263081149,3.4102262914890127,20.27192020245473,82.53648830795053,1.496939198051911,928.5924889480814,2020-10-26,0,-1.0,-1.8369701987210297e-16
2020-10-26,0,4.185723614078806,19,25.75052084967363,46.56789618379314,0.4967628553213655,20.435360741374907,74.50787724808619,1.639564666992828,928.2356655902156,2020-10-27,0,-1.0,-1.8369701987210297e-16
2020-10-27,0,0.2372041499653591,16,24.465161645842663,30.921546174150382,0.0360489840003497,22.530443837312628,68.26669185342547,1.67197178165782,924.4726503804756,2020-10-28,0,-1.0,-1.8369701987210297e-16
2020-10-28,0,0.3751530063616024,15,4.7980807704057495,27.998030614314914,0.0240326560002331,23.47061101825228,54.53009396516329,1.7732651832877653,924.670284488985,2020-10-29,0,-1.0,-1.8369701987210297e-16
2020-10-29,0,5.510249935035636,7,6.12260709136258,32.432101893220526,1.2068230689908594,22.12613791676847,63.25926946773791,1.6106265151554149,928.3405697255072,2020-10-30,1,-1.0,-1.8369701987210297e-16
2020-10-30,1,22.130653093961786,62,28.016056035359007,54.003781034998,11.437688413667756,17.93236612575284,90.12472742610056,2.6997413591495216,932.814122037071,2020-10-31,0,-1.0,-1.8369701987210297e-16
2020-10-31,0,4.258411602550704,51,31.89931463154811,56.73962928375238,2.0356951480402827,17.04303319416076,82.82703874630407,3.5638992210002503,935.4492651917724,2020-11-01,0,-0.8660254037844386,0.5000000000000001
2020-11-01,0,1.0930813796304928,27,27.482146076142964,37.79047678158436,1.124705229691236,15.467566714011276,80.69106478239273,2.922293457205666,933.4327902485304,2020-11-02,0,-0.8660254037844386,0.5000000000000001
2020-11-02,0,2.410255660951753,18,7.761748643132933,36.015008828457304,0.537148159657595,15.487798164941829,72.88242153815594,2.583008729394346,932.5950973712906,2020-11-03,0,-0.8660254037844386,0.5000000000000001
2020-11-03,0,1.5625170429516646,18,5.0658540835338925,37.34032172144361,0.7559421879321737,16.25594622833191,71.05871591851144,2.161122256999203,931.7665096535222,2020-11-04,0,-0.8660254037844386,0.5000000000000001
2020-11-04,0,0.19325554079631427,17,4.1660282446997146,37.15842425587832,0.3220928798893059,16.882204876467426,74.76562123961753,2.1302322203361688,932.6067790024922,2020-11-05,0,-0.8660254037844386,0.5000000000000001
2020-11-05,0,4.788601341526361,57,6.544373925274322,36.43677566236905,0.7509849036098245,16.73074812420576,78.72390087299972,2.1423354664381185,931.7921145026534,2020-11-06,0,-0.8660254037844386,0.5000000000000001
2020-11-06,0,0.3475060331889112,17,5.329362915511569,14.653628601596173,0.2056339854204678,17.508355155653337,70.40182591933402,2.227080910525566,933.0158551471844,2020-11-07,0,-0.8660254037844386,0.5000000000000001
2020-11-07,0,0.25131736124432325,16,5.387424735959578,10.646534360289793,0.0,19.16998606823333,66.5718275780173,1.9022615078753933,934.9824615503326,2020-11-08,0,-0.8660254037844386,0.5000000000000001
2020-11-08,0,0.09285006123396018,17,0.6916734556671769,9.64630304189326,0.0107738695828373,20.86934512525185,63.59790519409177,1.8071262105391508,934.3943268031778,2020-11-09,0,-0.8660254037844386,0.5000000000000001
2020-11-09,0,0.04816527120306496,15,0.3923326936813306,7.284212652144571,1.3383340788416809,21.50037100798458,70.2580109898012,2.251978700694921,932.952795817176,2020-11-10,0,-0.8660254037844386,0.5000000000000001
2020-11-10,0,7.212828039869458,56,7.353843372306465,12.934523649062363,7.37995023237286,21.62697474049098,80.87294572231329,1.6069985190028535,932.5589120272948,2020-11-11,1,-0.8660254037844386,0.5000000000000001
2020-11-11,1,16.3549563328651,52,23.615949643937604,29.09622444113115,4.776126584602653,21.73406003651107,81.26751100754782,1.2154517099866895,931.2882330883306,2020-11-12,1,-0.8660254037844386,0.5000000000000001
2020-11-12,1,5.53170455881807,37,29.09948893155261,29.839327658422857,3.712903260098493,21.4159051098537,82.01756036008196,1.4961146622105028,929.8811983936084,2020-11-13,1,-0.8660254037844386,0.5000000000000001
2020-11-13,1,3.913242348065382,38,25.799903239748534,33.40506397329933,4.040294523061173,21.63471438745088,81.49886633515729,1.345282324778735,929.4606528819912,2020-11-14,0,-0.8660254037844386,0.5000000000000001
2020-11-14,0,1.2066992472714557,18,10.651646154154891,34.36044585932646,0.4062706143218784,22.161785671785395,77.10314095782735,1.4769735262337884,929.6394660236082,2020-11-15,0,-0.8660254037844386,0.5000000000000001
2020-11-15,0,0.3727400864283341,17,5.492681681765154,34.64033588452083,0.1024510815558554,23.702603770749494,70.0101067449502,1.5085741141443774,929.6359513063542,2020-11-16,0,-0.8660254037844386,0.5000000000000001
2020-11-16,0,1.565086100144995,25,3.144525433844767,36.157256713462765,2.3456736651745205,23.77329731567678,71.1138563750568,1.8295836474544585,927.7508723762784,2020-11-17,1,-0.8660254037844386,0.5000000000000001
2020-11-17,1,17.45922458207847,61,19.39705076865178,46.40365325567177,7.786784634362265,21.55044053946385,81.65505691330237,2.0111895726424973,926.8746446940644,2020-11-18,1,-0.8660254037844386,0.5000000000000001
2020-11-18,1,14.924554108632321,59,33.948864790855765,44.97325103143899,13.738722496517578,18.421613387704237,86.48303256253756,2.104159535675932,928.7931225913998,2020-11-19,0,-0.8660254037844386,0.5000000000000001
2020-11-19,0,9.69879065833886,62,42.082569349049635,49.140337130959786,7.645627871573153,17.70439952163111,89.88625513871962,2.0691586822944945,928.0358076804714,2020-11-20,0,-0.8660254037844386,0.5000000000000001
2020-11-20,0,1.3093087158565568,23,25.93265348282772,46.53640349875096,0.7904214822895919,17.61228598036467,76.6183402745516,2.139272297439503,932.3550405107468,2020-11-21,0,-0.8660254037844386,0.5000000000000001
2020-11-21,0,1.5120447922981273,20,12.520144166493527,46.841749043777625,0.266994777462144,18.424922691053485,71.96867507221742,2.170105978870995,931.9963668793922,2020-11-22,0,-0.8660254037844386,0.5000000000000001
2020-11-22,0,0.6584174503119418,19,3.479770958466608,47.12742640766124,0.6146931491582311,19.38283083784368,72.13327484675743,2.361327118091167,934.312979271464,2020-11-23,0,-0.8660254037844386,0.5000000000000001
2020-11-23,0,0.722928358629323,20,2.8933906012393744,46.28526866614557,0.4706452092378452,20.082084030237983,70.76925374008547,2.7457192995880546,935.9394930328606,2020-11-24,0,-0.8660254037844386,0.5000000000000001
2020-11-24,0,0.8323275486605711,19,2.2136733576018184,29.65837163272767,0.385177254123475,21.509644316980268,69.5079695864311,2.644321782311144,936.69987906264,2020-11-25,0,-0.8660254037844386,0.5000000000000001
2020-11-25,0,0.17706759948375472,17,1.7323235067736311,14.910885123579103,0.0964975176672027,23.04863821181968,65.28158228813322,2.0046595602266013,934.8386668552288,2020-11-26,0,-0.8660254037844386,0.5000000000000001
2020-11-26,0,3.9495261645293667,28,4.958921312673675,9.16162062976961,1.4755910242113734,23.82609632126196,66.8284166381,1.752681210512853,932.8102069976252,2020-11-27,0,-0.8660254037844386,0.5000000000000001
2020-11-27,0,0.7585022842483065,17,4.88509604826141,8.610814198161359,1.0412166585596323,23.08707872860662,69.55342094681504,2.165411069700097,933.6740168536166,2020-11-28,0,-0.8660254037844386,0.5000000000000001
2020-11-28,0,0.05106331994405023,16,4.759091768721706,7.149832725807283,0.6711404156245403,22.98953485660199,68.24174444512695,2.176654835456601,935.230028994012,2020-11-29,0,-0.8660254037844386,0.5000000000000001
2020-11-29,0,5.289984245120068,28,6.099549849312407,11.781399520615409,1.9139007145535083,23.686385311327488,68.19643531558964,1.6847040231774937,933.6275995316348,2020-11-30,1,-0.8660254037844386,0.5000000000000001
2020-11-30,1,12.057122311885363,54,17.398169876949463,23.11559347387145,5.121763228355637,23.36435722903351,74.67913646026584,1.7437131232747096,931.9066527626449,2020-12-01,1,-0.5000000000000004,0.8660254037844384
2020-12-01,1,10.600757068652696,35,27.94786362565811,32.88402299386357,1.8265728296216164,22.19196501220101,80.23242842144424,1.6843833912723558,931.6177030728054,2020-12-02,0,-0.5000000000000004,0.8660254037844384
2020-12-02,0,4.927748803961679,21,27.585628184499722,37.634704198341495,1.7267998275260192,22.61711399784288,78.45956761176765,1.6367311798057904,930.8862613247228,2020-12-03,0,-0.5000000000000004,0.8660254037844384
2020-12-03,0,0.5427652717874335,13,16.07127114440179,34.22794330559956,0.8497120398929144,23.295393276845687,75.1879707598679,1.7104059369089224,928.7596624486016,2020-12-04,0,-0.5000000000000004,0.8660254037844384
2020-12-04,0,0.15529359132360368,11,5.625807667072698,33.624734612674864,1.53476058668481,23.440777675289304,74.5709117288879,1.584638631203509,931.4995212317566,2020-12-05,0,-0.5000000000000004,0.8660254037844384
2020-12-05,0,0.484235609053574,10,1.1822944721645934,34.057906901784385,4.888907408463694,21.66570414882954,80.16787693232408,2.278911662852352,933.7958739982064,2020-12-06,0,-0.5000000000000004,0.8660254037844384
2020-12-06,0,4.9737513864065335,25,5.613280586783693,33.74167404307085,7.9788825146650435,20.091176414437385,85.29146389332674,2.3347883930107707,932.5127716133214,2020-12-07,0,-0.5000000000000004,0.8660254037844384
2020-12-07,0,3.631923333125527,38,9.089910328585617,25.316475064311014,12.067631027985245,20.92869633966652,85.7301326876284,1.8812145470385364,931.0081565850728,2020-12-08,1,-0.5000000000000004,0.8660254037844384
2020-12-08,1,13.182575457460008,51,21.78825017699205,27.898293453118324,2.38686541453292,21.97420242109608,82.52300012025471,1.5690053264840105,930.2070189780828,2020-12-09,0,-0.5000000000000004,0.8660254037844384
2020-12-09,0,3.522673625360823,17,20.33717241594634,26.493218274517467,3.033030730992261,21.60197972174855,78.00115745856003,1.619813097050237,931.0581502142986,2020-12-10,0,-0.5000000000000004,0.8660254037844384
2020-12-10,0,2.3162059394269616,10,19.021455022247775,28.266658942156997,0.4392241007598606,21.68634106371086,73.6738228198634,1.7363158155107743,931.2688746166644,2020-12-11,1,-0.5000000000000004,0.8660254037844384
2020-12-11,1,7.975875525126231,24,13.814755089913998,36.08724087595962,3.728400250272822,21.63241542307093,75.4459214295514,1.4809105408962049,931.6221772214002,2020-12-12,0,-0.5000000000000004,0.8660254037844384
2020-12-12,0,1.9557693054329652,13,12.24785076998614,37.55877457233902,2.8823699377133485,22.18791990137045,76.88529905273283,1.1361732539742573,931.9802471386644,2020-12-13,0,-0.5000000000000004,0.8660254037844384
2020-12-13,0,3.1116182021144647,28,13.043263032673643,35.69664138804695,6.261057829277048,22.803230602446437,81.63644597023755,1.7736118750525829,931.602198993686,2020-12-14,0,-0.5000000000000004,0.8660254037844384
2020-12-14,0,4.337433975463851,42,9.404821483011263,36.402152030385274,6.301054565857754,23.22602390812489,77.70525196231938,1.7035246107857198,930.1340287360936,2020-12-15,1,-0.5000000000000004,0.8660254037844384
2020-12-15,1,9.924438657723762,46,17.37349083530206,33.144015230649025,5.886480367572185,23.118228608479274,80.32329112861164,1.6303947288612632,929.6247118024576,2020-12-16,1,-0.5000000000000004,0.8660254037844384
2020-12-16,1,9.883652851427325,41,24.14552548461492,39.50499445671553,1.3384201398508155,22.90737531851143,79.61156317904218,1.5970963514264795,931.1513313422544,2020-12-17,0,-0.5000000000000004,0.8660254037844384
2020-12-17,0,14.307449266240955,61,34.11554077539202,51.496237783529516,5.756297478926925,22.633657873036054,80.76401111000816,1.36228306871575,931.3651431532852,2020-12-18,1,-0.5000000000000004,0.8660254037844384
2020-12-18,1,9.736276919115452,50,33.92737903678371,53.25663917751874,7.758284089633058,22.7958624926547,81.09781123932763,1.5130601030274158,929.5535994592196,2020-12-19,1,-0.5000000000000004,0.8660254037844384
2020-12-19,1,1.5005690107689083,15,25.544295196125297,52.80143888285468,0.1789687967978065,24.16802554723906,76.01804362948482,1.6174124678802848,927.7659027163184,2020-12-20,1,-0.5000000000000004,0.8660254037844384
2020-12-20,1,13.937889430134044,56,25.17473536001839,63.62771011087426,12.507379801643149,24.07007344815743,76.03238899034501,1.870988873922876,928.7935819438512,2020-12-21,1,-0.5000000000000004,0.8660254037844384
2020-12-21,1,7.890843519291626,27,23.32930196019456,67.18111965470204,4.9464741684065965,24.40842205519717,77.84705053898949,1.7439793601702311,929.7768567573032,2020-12-22,1,-0.5000000000000004,0.8660254037844384
2020-12-22,1,4.06028318136467,47,25.88901613079032,61.31696417834294,6.238754661813584,21.42879542322444,85.83107699226899,2.7323579361901795,931.2015513849216,2020-12-23,0,-0.5000000000000004,0.8660254037844384
2020-12-23,0,0.38213947349612665,10,12.333266174152405,51.815450800411746,0.2429502996067434,20.837424841301388,77.47473348771642,2.6639099068091343,931.4567182545092,2020-12-24,0,-0.5000000000000004,0.8660254037844384
2020-12-24,0,1.6002105401544258,11,6.042633195015204,39.108212074325216,0.5179162166215685,20.900726579819104,73.7320940676265,2.80505168642229,931.6494285078307,2020-12-25,0,-0.5000000000000004,0.8660254037844384
2020-12-25,0,0.4573225422488426,8,2.4396725558993775,29.82925769745861,1.8218731482274173,19.849772716859064,77.40438231316374,2.473361701104137,932.1410701454748,2020-12-26,0,-0.5000000000000004,0.8660254037844384
2020-12-26,0,0.23672265255401914,8,2.29425573495727,28.56541133924372,0.0556255370758987,20.88920029354241,76.38651771145925,2.3681388178352765,930.19691292207,2020-12-27,1,-0.5000000000000004,0.8660254037844384
2020-12-27,1,11.417600868582085,53,12.111646063384928,26.04512277769176,6.178844259770322,20.78858366184192,83.91085433225558,1.6933257490023308,927.8109103283496,2020-12-28,1,-0.5000000000000004,0.8660254037844384
2020-12-28,1,10.114962329707222,35,21.769285850843307,28.269241588107356,4.901166771116503,21.84205244735203,80.69744325820304,1.34814837990574,932.9238782196396,2020-12-29,1,-0.5000000000000004,0.8660254037844384
2020-12-29,1,28.409192031402178,54,49.941755229691466,52.618150438144866,2.0643974353621526,22.46873812217835,80.06452360587967,1.5659308440869266,930.8300086976284,2020-12-30,1,-0.5000000000000004,0.8660254037844384
2020-12-30,1,9.984474370990965,43,48.50862873210035,62.2204853356397,2.9497757394603563,23.71860928756109,72.7047980529507,2.1539396412472267,929.3603816914488,2020-12-31,1,-0.5000000000000004,0.8660254037844384
2020-12-31,1,3.564219889959677,38,41.957886292352796,64.18449468544495,7.988220222403344,22.64725304675165,80.12366383705358,1.5826429720604167,930.4128340125671,2021-01-01,1,0.0,1.0
2021-01-01,1,10.064207026638796,51,23.61290128758942,73.79137916983491,5.130829739352255,21.67201727283462,85.04948250586654,1.2212902812017628,931.7775362761864,2021-01-02,0,0.0,1.0
2021-01-02,0,5.94878828222084,51,19.577215198819296,79.50344479950172,2.873999568963786,20.98332878036573,83.81728775011165,2.162796089676665,927.579843997976,2021-01-03,0,0.0,1.0
2021-01-03,0,3.345134516503189,41,19.358129825362806,71.43097844742283,1.5023299281392386,21.175925656705257,75.87386705276815,2.6990775644247167,930.417027427783,2021-01-04,0,0.0,1.0
2021-01-04,0,0.3892996270354659,33,9.683222425759476,61.70531574475107,0.340875627482332,22.13874412557884,71.94184807177506,1.8145902031350505,930.4034258610852,2021-01-05,0,0.0,1.0
2021-01-05,0,0.2112181636132165,29,3.9456523071518537,33.50734187696211,0.2577148769509748,23.52268484740745,73.05056245249907,1.4747150175617971,930.7557161778136,2021-01-06,0,0.0,1.0
2021-01-06,0,2.5416056301682577,37,3.1421234208169224,26.06447313613941,2.5741936755586456,24.366000232358243,75.56312673820257,1.5202054428616814,930.0753478884131,2021-01-07,0,0.0,1.0
2021-01-07,0,3.8650842495111646,39,6.617908043292621,26.365337495690895,3.140086549233277,24.500011053153177,75.08027084787095,1.5755524946612602,929.628683791221,2021-01-08,0,0.0,1.0
2021-01-08,0,3.891573031011209,46,10.298262910690614,20.192703500063306,3.3666015901182,23.19171971946723,80.77876884330757,1.567604467826574,929.9864304930647,2021-01-09,1,0.0,1.0
2021-01-09,1,2.283101346961574,44,10.03975862748393,16.527016564804043,1.896730068643734,23.451247183530764,81.63269457812619,1.7723659792982656,929.816664505581,2021-01-10,1,0.0,1.0
2021-01-10,1,14.404294229353262,47,20.578968607326026,27.58617627765411,6.467606492165105,23.69757844920152,81.1847252713029,1.8271761814996523,930.258436832578,2021-01-11,1,0.0,1.0
2021-01-11,1,3.3880296853856784,44,20.075425261700495,30.584906336004323,0.5520499281079483,24.77581187103277,77.3181285289513,1.74830241918252,930.3322768913804,2021-01-12,1,0.0,1.0
2021-01-12,1,10.671319595302798,51,28.46364351004172,41.04500776769391,1.441330270119081,24.36049759265834,81.27177137192143,1.5811361818377057,930.3375120378482,2021-01-13,1,0.0,1.0
2021-01-13,1,3.6335001654374843,36,17.692849446125944,42.136902302963136,3.82952666712194,24.17978316681329,80.7394610710362,2.2936791374739087,930.9614780218836,2021-01-14,1,0.0,1.0
2021-01-14,1,6.548965156669376,41,20.85378491740964,44.82078321012134,2.661860336395576,23.283926018590986,80.5594253405432,2.6278272727914103,931.5523876587002,2021-01-15,1,0.0,1.0
2021-01-15,1,16.980041889864992,53,27.162507211971835,57.90925206897513,2.488032346715049,22.6570686793076,79.99683145291672,1.94005054416578,931.2626786914587,2021-01-16,0,0.0,1.0
2021-01-16,0,2.2897271121638423,45,25.81873415869819,57.9158778341774,2.1168997399040403,23.19639134315485,78.16188564818,1.935176800712193,929.5205063115658,2021-01-17,0,0.0,1.0
2021-01-17,0,0.24307975098198256,28,19.5128487530108,43.754663355806116,2.154993370020681,24.23590983494867,74.22319840483891,2.169811276764233,928.7552069780672,2021-01-18,0,0.0,1.0
2021-01-18,0,4.233413625826501,39,6.7662204889723085,44.60004729624694,3.035512395103595,24.660576603028755,74.82797560206164,1.8486647305723256,929.4692075871064,2021-01-19,1,0.0,1.0
2021-01-19,1,11.49278799164551,54,15.969281368453977,45.42151569258965,11.80592895954617,23.06297337657113,83.98727141924675,2.166344006261802,931.8204180725692,2021-01-20,0,0.0,1.0
2021-01-20,0,2.243410370095431,36,17.969611987567426,44.0314258972476,1.3797392456652855,23.654214805856924,77.7518086324762,1.9970843674734096,932.3358057792532,2021-01-21,1,0.0,1.0
2021-01-21,1,6.143886697249317,38,19.88008505899024,43.62634743782754,2.668605058572078,23.57398814939277,75.25304587765328,2.2316420885528627,933.0382608377528,2021-01-22,1,0.0,1.0
2021-01-22,1,3.8114776512801996,37,12.19877471862493,30.457783199242748,0.804479879139001,23.63538373862441,72.95253433659613,2.299768357650339,935.0120759305938,2021-01-23,1,0.0,1.0
2021-01-23,1,10.039364743853083,47,19.994729092382585,38.207420830931994,0.6468379300140934,23.453540867670416,75.04701121187743,2.074966275759698,934.5707607926628,2021-01-24,1,0.0,1.0
2021-01-24,1,9.197134526148849,48,23.047976921282114,47.161475606098854,1.4990597516745447,22.927215137840257,77.41669043144368,1.3981736488772516,932.6995490221752,2021-01-25,1,0.0,1.0
2021-01-25,1,7.8469000708726675,42,27.083399340874582,50.774962051145025,1.4147269413442587,24.17240162166147,71.79381252709467,1.816853363190454,930.683647977516,2021-01-26,1,0.0,1.0
2021-01-26,1,9.411917769147918,52,26.45595236616942,48.69409182864743,4.179213375937701,23.49264853588537,75.67115617146109,1.5664852390735655,931.0402935020976,2021-01-27,0,0.0,1.0
2021-01-27,0,0.6392978305409804,32,17.89811567056155,47.08997928909298,0.3193115611732852,25.447398082931898,67.2089304660822,1.599696947556644,930.2028602733496,2021-01-28,1,0.0,1.0
2021-01-28,1,6.2626421514237,42,16.31385775111258,47.20873474326736,1.6183729532114426,24.192342865910003,71.53735026992643,1.3615788405008733,929.7120961194414,2021-01-29,0,0.0,1.0
2021-01-29,0,0.6555483068182125,30,7.557488288782875,44.052805398805376,0.6762996803391257,24.56114571365148,69.43237590048295,1.424219725459442,929.9384422976248,2021-01-30,0,0.0,1.0
2021-01-30,0,0.4702333291129677,30,7.3884237873548635,34.483673984065256,0.3862419310314189,25.603984915156445,66.95266083489187,1.428886064577257,931.0825012427794,2021-01-31,1,0.0,1.0
2021-01-31,1,0.17994603784480262,30,1.305727673775966,25.466485495761216,0.917471550030582,25.067811027945364,71.1485920841572,1.4801667344159766,930.8797192754172,2021-02-01,1,0.49999999999999994,0.8660254037844387
2021-02-01,1,10.159357064467912,30,10.809536431425665,27.77894248935646,1.970361252459814,23.84994260864799,72.64728794260344,1.3113855326432615,926.6254494732684,2021-02-02,1,0.49999999999999994,0.8660254037844387
2021-02-02,1,10.951089736595117,27,21.290392838907813,29.318114456803656,4.108707409649349,24.051286095196893,74.37744612072828,1.5657096059558615,930.839428826999,2021-02-03,0,0.49999999999999994,0.8660254037844387
2021-02-03,0,5.190558402965506,24,26.30100520402852,33.86937502922818,1.2435253945847478,24.19350900786076,73.67034985912426,1.4852730030130754,931.6450709758138,2021-02-04,0,0.49999999999999994,0.8660254037844387
2021-02-04,0,2.0911890065742433,19,18.232837146134848,29.697921884378726,0.5476181405881796,25.72889421715532,72.91405239644376,1.6228516628156664,928.8319913367066,2021-02-05,1,0.49999999999999994,0.8660254037844387
2021-02-05,1,9.165675975715072,42,16.4474233852548,38.208049553275586,7.473848548808364,23.27519702881324,78.54630170362458,1.6812623829079314,926.0224047208884,2021-02-06,0,0.49999999999999994,0.8660254037844387
2021-02-06,0,1.7245759462137533,18,12.981440928503051,39.46239217037637,3.1105325051022548,21.50519027410316,73.88713930885318,1.9563925908498188,923.4963602501286,2021-02-07,0,0.49999999999999994,0.8660254037844387
2021-02-07,0,2.0707498475343438,20,12.96100176946315,41.35319598006591,0.0318543001701786,21.117800824463128,71.5094288741472,2.580619029695013,930.4897870514116,2021-02-08,0,0.49999999999999994,0.8660254037844387
2021-02-08,0,0.3988768855392987,16,4.194202679287378,31.5927158011373,0.4834350916332653,20.985466851720933,67.7444646889445,2.681143768107199,931.0296016198192,2021-02-09,0,0.49999999999999994,0.8660254037844387
2021-02-09,0,1.4800261366273688,17,3.9496528697009934,22.121652201169546,2.0097233366228675,21.08514669655481,69.16612999101163,2.2924347389043684,931.7653427873988,2021-02-10,1,0.49999999999999994,0.8660254037844387
2021-02-10,1,2.4274062207399565,20,4.306309242906606,19.358500018944,1.5584157731161865,21.621720644983156,73.03454592519445,2.156157092305614,932.13655342838,2021-02-11,1,0.49999999999999994,0.8660254037844387
2021-02-11,1,11.500255329610463,44,15.40768768697777,28.76756634198022,6.612975289826643,20.871086564649183,82.7337382067847,1.601300254595735,932.1980044193848,2021-02-12,1,0.49999999999999994,0.8660254037844387
2021-02-12,1,3.3338706891411234,24,17.261532239491522,22.93576105540627,1.2407851394124008,21.317304186519724,82.58048806441444,1.3580417523005572,931.6618162536544,2021-02-13,1,0.49999999999999994,0.8660254037844387
2021-02-13,1,18.06383580417461,56,32.89796182292618,39.27502091336713,8.297816895501725,21.00036030972576,89.03136136570485,1.1908622983439596,926.6027391554054,2021-02-14,1,0.49999999999999994,0.8660254037844387
2021-02-14,1,3.591203645005655,20,24.988910138321373,40.795474710838434,1.048797707285108,22.48052557617724,78.94136121015353,1.5020890730026222,928.6633563451296,2021-02-15,0,0.49999999999999994,0.8660254037844387
2021-02-15,0,1.1118310744205244,17,22.76687052360077,41.50842889971967,0.4469720479500455,23.14624505912264,74.79570108833643,1.6294418549727985,927.5783561840356,2021-02-16,1,0.49999999999999994,0.8660254037844387
2021-02-16,1,5.798366133848554,31,10.501400853274715,45.82676889694085,1.2139058539930851,23.36618090755703,71.34706078491222,1.6764973056977834,926.58206893434,2021-02-17,1,0.49999999999999994,0.8660254037844387
2021-02-17,1,15.558639197470645,46,22.468836405739708,58.958001873671535,4.452461783845703,22.507478072074356,78.34517324584868,1.433106905477723,922.2005436670092,2021-02-18,1,0.49999999999999994,0.8660254037844387
2021-02-18,1,7.490268726413951,36,28.84727405773313,54.94801527047502,2.0823941899355165,22.469828653297355,76.9435133486447,1.598930462785633,922.4838788640874,2021-02-19,0,0.49999999999999994,0.8660254037844387
2021-02-19,0,4.056694073117048,21,27.105601997001628,55.67083865445095,0.0719347300234039,23.046291836243704,73.46025103815879,1.6164346092504884,924.0843474994116,2021-02-20,0,0.49999999999999994,0.8660254037844387
2021-02-20,0,1.899180914969863,18,13.446143714500844,39.506183765246206,0.2070529511061613,23.125366591549817,72.33405324316489,2.221817173016689,927.3070348407488,2021-02-21,0,0.49999999999999994,0.8660254037844387
2021-02-21,0,1.4496907116848523,17,7.405565699771746,37.3646708319254,1.2436846256066774,23.130851769276035,72.87345597272622,2.187622634679993,928.3394463775657,2021-02-22,0,0.49999999999999994,0.8660254037844387
2021-02-22,0,0.303446210607409,16,3.652317837262107,36.556285968112284,0.412580979885877,23.38311911540446,71.27298251732843,2.322409399587912,928.4713787730918,2021-02-23,0,0.49999999999999994,0.8660254037844387
2021-02-23,0,0.11419226555227624,15,1.8673291878445197,30.872112099816007,0.0159271500850893,23.794013527962267,64.85703432472107,1.5228151814389044,927.5387632816246,2021-02-24,1,0.49999999999999994,0.8660254037844387
2021-02-24,1,12.247562574861092,46,12.665201051020759,27.561035477206456,1.8558702147798456,22.928589104379807,74.12478790698584,1.508980402672783,927.265251856886,2021-02-25,1,0.49999999999999994,0.8660254037844387
2021-02-25,1,8.665365408494258,51,21.027120248907607,28.73613215928676,3.003755182894705,21.39451891813057,83.53696125220566,1.7885626301480615,926.308762721891,2021-02-26,1,0.49999999999999994,0.8660254037844387
2021-02-26,1,11.8781169941754,50,32.79104497753073,36.55755508034512,5.208294902771762,20.133595359670014,86.55719664394466,1.588706086687368,926.0978583613546,2021-02-27,1,0.49999999999999994,0.8660254037844387
2021-02-27,1,12.806428681197769,50,33.34991108386741,47.46480284657302,2.2106637820345063,20.968729215900844,82.23488429883894,1.95069500755828,926.0484489886228,2021-02-28,1,0.49999999999999994,0.8660254037844387
2021-02-28,1,7.755766446805807,42,32.44031212217895,53.77087858169398,5.723391237416703,21.77601708093928,80.49905685255725,2.018118216338672,925.8505016247866,2021-03-01,1,0.8660254037844386,0.5000000000000001
2021-03-01,1,5.288703896622166,41,25.85089902462572,58.75613626770873,2.448766784347045,23.173317879916187,75.8485338800721,1.6327563644432108,929.4097435399788,2021-03-02,1,0.8660254037844386,0.5000000000000001
2021-03-02,1,2.308613144948086,33,15.35308348837604,60.95055714710454,0.5372680478151287,22.80924322506873,77.0904846564759,1.603219908849334,925.699776550863,2021-03-03,1,0.8660254037844386,0.5000000000000001
2021-03-03,1,3.880897166729253,41,11.478214208299486,52.5838917389727,0.7815128860493862,22.84721095115903,75.97314350071413,1.374964103204065,927.4407080444114,2021-03-04,0,0.8660254037844386,0.5000000000000001
2021-03-04,0,4.247858123213388,44,10.437368434890708,48.16638445369183,2.925083962153436,22.339616152394296,79.5300877545997,1.3208683332995557,925.8807761067936,2021-03-05,0,0.8660254037844386,0.5000000000000001
2021-03-05,0,0.9076806158747253,35,9.036435905817346,37.19594807539116,3.91356099529912,21.29937067397557,82.68714546759327,2.5030853118133938,921.9849090739128,2021-03-06,1,0.8660254037844386,0.5000000000000001
2021-03-06,1,25.16020471144628,58,30.315743450534374,49.54972410563967,4.104796627385422,21.05025798009924,88.31631233472223,1.8471654422452484,922.0030148547028,2021-03-07,1,0.8660254037844386,0.5000000000000001
2021-03-07,1,11.261744594559524,61,37.32962992188051,53.05570225339339,11.358718708113097,20.582791917062877,89.20055748009689,0.8844071138379808,924.2216256320174,2021-03-08,1,0.8660254037844386,0.5000000000000001
2021-03-08,1,3.0797344511397733,40,39.50168375714556,50.846732807910996,0.4446243879297533,21.27981824445085,82.04751792131262,1.1159191173387122,924.697562397756,2021-03-09,1,0.8660254037844386,0.5000000000000001
2021-03-09,1,3.341171540017945,42,17.68265058571722,51.87929120298086,1.1790296997506369,21.289808083366925,77.81143814210114,1.2563897453436303,923.3754248749104,2021-03-10,0,0.8660254037844386,0.5000000000000001
2021-03-10,0,1.2738811322213472,32,7.694787123379045,49.27227516847295,0.49970701979129,20.579196159083136,75.00012478490768,1.3745382688915138,922.8161785803688,2021-03-11,1,0.8660254037844386,0.5000000000000001
2021-03-11,1,4.537113833672835,40,9.152166505912106,49.561530878932395,0.4715840738363798,21.843001178101837,76.08155170527978,1.5422744952438752,923.6664058237382,2021-03-12,0,0.8660254037844386,0.5000000000000001
2021-03-12,0,1.4006864150204261,34,7.211681380914588,50.054536678078094,0.3837858542257269,23.41027759051908,75.9153247517286,1.4609729226562886,925.6978309614152,2021-03-13,0,0.8660254037844386,0.5000000000000001
2021-03-13,0,0.4008235704098467,31,6.338623819103087,25.295155537041662,0.0099968298426527,23.40754540722649,73.55249667802623,1.4199816543331694,926.7152206100376,2021-03-14,0,0.8660254037844386,0.5000000000000001
2021-03-14,0,1.6531788196945938,38,3.454688805124845,15.686589762176732,0.4714423551152178,23.61477747763908,71.71292269456075,1.341701096833227,927.1467582577468,2021-03-15,0,0.8660254037844386,0.5000000000000001
2021-03-15,0,0.33599935903908845,29,2.3900017491435075,12.942854670076049,0.9847829820018066,23.07437052390227,73.01991119102085,1.303462005416433,926.4160316113072,2021-03-16,0,0.8660254037844386,0.5000000000000001
2021-03-16,0,0.1297519005676767,26,2.1189300793013377,9.731435030625779,0.0637086003403573,23.248974918756154,73.46350592999289,1.28290028073638,925.380015848272,2021-03-17,1,0.8660254037844386,0.5000000000000001
2021-03-17,1,3.6494314504967442,26,4.115182710103488,12.106985348901176,1.5922427021575138,23.589278703134774,72.43748790367088,1.3372202642393516,924.0388834549348,2021-03-18,1,0.8660254037844386,0.5000000000000001
2021-03-18,1,10.422557268689445,52,14.201740619753846,17.992428783917784,5.97214260256565,22.313639170710776,79.29426382736021,1.4162922716623123,924.3943764484368,2021-03-19,1,0.8660254037844386,0.5000000000000001
2021-03-19,1,7.931312215598422,47,22.00330093478459,24.523054584495778,1.4881019873374428,22.001315342218447,83.26863852404917,1.8630923044556345,926.5564883337296,2021-03-20,0,0.8660254037844386,0.5000000000000001
2021-03-20,0,0.725745858688022,32,19.079615342975867,24.847976872773955,1.4662445170099163,23.342728503552365,77.17738334103686,1.6904351256299597,928.8806754467998,2021-03-21,0,0.8660254037844386,0.5000000000000001
2021-03-21,0,0.47870795822791323,25,9.135766032514336,23.673506011307275,0.2389072512763399,23.473702603373265,72.93164374753874,1.2848024037095025,929.2725427543396,2021-03-22,1,0.8660254037844386,0.5000000000000001
2021-03-22,1,0.09475781326590323,23,1.299211630181817,23.43226446553409,0.042628169753016,23.93738782201456,73.10868546013089,1.294617073006784,928.2320816795676,2021-03-23,0,0.8660254037844386,0.5000000000000001
2021-03-23,0,0.08232396568923663,19,0.6557897371830318,23.384836530655647,0.2107104664358915,24.03666895146118,72.19115971561668,1.3384965205905448,928.0474113845232,2021-03-24,1,0.8660254037844386,0.5000000000000001
2021-03-24,1,0.06280298554700899,24,0.23988476450212753,19.798208065705914,0.6128564650547061,24.030369490947727,72.73107221362524,1.41300524841541,928.0900883812982,2021-03-25,0,0.8660254037844386,0.5000000000000001
2021-03-25,0,0.008050044798118695,22,0.153176996034343,9.383700841814587,0.0159271500850893,23.592890537028275,73.38482645898951,1.7197910374088308,928.5397945797926,2021-03-26,0,0.8660254037844386,0.5000000000000001
2021-03-26,0,1.5781381071661706,26,1.6489911375112771,3.0305267333823362,0.0,24.36913154564385,70.68380143966965,1.305153374043726,927.2592131771488,2021-03-27,0,0.8660254037844386,0.5000000000000001
2021-03-27,0,0.9205302219375233,29,2.5067183739017915,3.2253110966318372,0.660693004015619,24.501773421078543,70.8157966649836,1.2536631417638795,926.1199753927284,2021-03-28,1,0.8660254037844386,0.5000000000000001
2021-03-28,1,12.022604665251064,48,14.521272994354737,14.769207803654988,2.209974382872838,23.90769430538213,71.56085266721595,1.2150940033532365,925.789383165308,2021-03-29,1,0.8660254037844386,0.5000000000000001
2021-03-29,1,1.1355812845841757,33,14.078716171772742,15.810031274973259,0.5157410822031998,24.460475124116208,68.9188172258398,1.0337809833784346,925.0488293344956,2021-03-30,1,0.8660254037844386,0.5000000000000001
2021-03-30,1,5.665582447501734,46,18.823768397336952,21.39328975678576,1.373071001351862,22.59473534919987,76.03789367328055,1.5069564607823311,923.5778605572572,2021-03-31,0,0.8660254037844386,0.5000000000000001
2021-03-31,0,1.3114357407074129,29,8.1125994727933,22.641922511946163,0.0758805691264808,19.76379779890897,75.76376291112992,1.4883274429762787,922.849204652665,2021-04-01,0,1.0,6.123233995736766e-17
2021-04-01,0,0.5425204110331704,36,7.519538599242296,23.176392878181215,0.0407643591107954,18.92390274877696,72.56007150847222,1.6609158812993867,924.2515325042782,2021-04-02,0,1.0,6.123233995736766e-17
2021-04-02,0,1.2831690195310632,47,3.137125171271625,22.881423790546105,0.0744824699231946,19.52867146075394,74.82907155489272,1.9432991800980763,927.4753077451152,2021-04-03,0,1.0,6.123233995736766e-17
2021-04-03,0,0.43276861127755856,33,2.2584580418417706,22.393662179886142,0.6397971099297733,20.101586409811087,74.93053548847747,1.7329354660931138,928.4558012131018,2021-04-04,0,1.0,6.123233995736766e-17
2021-04-04,0,0.08700916451713389,32,1.8029467953257343,10.458066679152212,0.0707548486387535,20.33569251592981,74.18776734598605,2.5640066250002453,929.0788870118596,2021-04-05,0,1.0,6.123233995736766e-17
2021-04-05,0,0.08390432537053173,33,0.6036821011652026,9.406389719938568,0.1322899071750391,20.957424345218783,69.68799366245675,2.5688107938678586,928.7957084084164,2021-04-06,1,1.0,6.123233995736766e-17
2021-04-06,1,10.159078442873414,61,10.329991932761057,13.899885715310248,0.708124977980785,19.82231909476988,78.38792469389918,1.6751168671852004,928.1012777266797,2021-04-07,0,1.0,6.123233995736766e-17
2021-04-07,0,2.5611061071826104,49,12.804088875426533,15.149556081785443,1.9092918038782476,20.20440531912338,77.34326848116899,2.6424706536697538,930.0635007439588,2021-04-08,0,1.0,6.123233995736766e-17
2021-04-08,0,0.8153865196701352,35,13.535571069726139,15.42242219042241,0.1299587879544852,21.193509875331262,65.88085097687035,2.4327726855219542,931.3519658738344,2021-04-09,0,1.0,6.123233995736766e-17
2021-04-09,0,0.015813278904351802,31,3.392305905757076,14.155066449795697,0.0,21.15868103953113,65.92417036397427,1.5022560829459852,931.5365751011082,2021-04-10,0,1.0,6.123233995736766e-17
2021-04-10,0,0.061914877545299084,33,0.8931146761197648,13.784212716063438,0.0,21.59799615383935,65.34259371755007,1.2873665907950362,933.187481649075,2021-04-11,0,1.0,6.123233995736766e-17
2021-04-11,0,0.00510119415423597,30,0.08282935060386554,13.70230474570054,0.0159271500850893,21.651233413622087,62.09749872569624,1.4256146804609888,931.4965301202236,2021-04-12,0,1.0,6.123233995736766e-17
2021-04-12,0,0.004819142583994393,32,0.07183521428350813,13.623219562914002,0.0607580187961008,21.7504891000366,65.36511849828051,1.660838703001316,931.3794635840114,2021-04-13,0,1.0,6.123233995736766e-17
2021-04-13,0,0.19099746384659042,34,0.20091780058479947,3.65513858388718,0.3384322341853814,20.26555540169804,76.17225189465466,2.393599136313721,934.6823663249844,2021-04-14,0,1.0,6.123233995736766e-17
2021-04-14,0,0.05075589965318966,35,0.24657250608375317,1.1447883763577593,0.0618447896981367,19.234230392573476,72.5048957903655,1.2686298493328405,935.5830713639308,2021-04-15,0,1.0,6.123233995736766e-17
2021-04-15,0,0.0,29,0.24175336349975876,0.329401856687624,0.0159271500850893,20.39171424040239,68.27157943468742,1.3381467222548922,933.5292885038676,2021-04-16,0,1.0,6.123233995736766e-17
2021-04-16,0,0.0051591910716223535,30,0.0559150907247907,0.3187477688548946,0.0071670566128618,21.03770070428044,68.30459253325407,0.8486811798863869,931.6563734753096,2021-04-17,1,1.0,6.123233995736766e-17
2021-04-17,1,2.7390971013839063,47,2.7442562924555074,2.995929992693502,4.380082999276248,20.280089593044018,76.35813715222977,0.8184630155728739,931.649109276692,2021-04-18,1,1.0,6.123233995736766e-17
2021-04-18,1,18.254267590680623,62,20.99852388313613,21.24509638921989,1.3233701078221356,19.56039685924956,82.33892680181437,0.9612726569835685,925.249750027737,2021-04-19,0,1.0,6.123233995736766e-17
2021-04-19,0,3.5031791195888227,57,24.49654381165333,24.743456366224716,1.4836965894214516,18.823579620436917,80.74949009049651,1.198407144487273,932.6188959249542,2021-04-20,0,1.0,6.123233995736766e-17
2021-04-20,0,3.036045154069173,61,24.7934918643386,27.5885040564473,2.439734738986381,18.49239576143352,80.63249497895895,1.4633663197483398,932.4154581600628,2021-04-21,0,1.0,6.123233995736766e-17
2021-04-21,0,0.9804923063865195,51,7.519716580044494,28.518240463180632,1.570767432397043,18.27254487078703,79.71595688255401,1.203924392370188,933.5331792757446,2021-04-22,0,1.0,6.123233995736766e-17
2021-04-22,0,1.2997373486391608,53,5.316274809094832,29.81797781181979,0.1015223779068963,17.40593825840624,78.72489555149646,1.3239184940190554,928.1615768892698,2021-04-23,0,1.0,6.123233995736766e-17
2021-04-23,0,0.10446502409210355,35,2.3846946791177626,29.91728364484027,0.0317546133597137,17.400064099615285,77.46739514679611,0.6169338695756664,928.632815961544,2021-04-24,0,1.0,6.123233995736766e-17
2021-04-24,0,0.01205507092681646,29,1.4162574436580593,27.19024161438318,0.0199936596853054,18.739424046420528,73.89282997251941,0.4289432437502978,927.2646160906112,2021-04-25,0,1.0,6.123233995736766e-17
2021-04-25,0,0.07284628545723225,32,0.18936638047613094,9.00882030915979,0.0333303895120063,19.554158581151157,75.33976731226451,0.4216768031978459,925.8007983384992,2021-04-26,0,1.0,6.123233995736766e-17
2021-04-26,0,1.5431889818171654,44,1.6280903382011926,7.048830171388132,0.0,20.129165986953765,77.23567547420063,0.5787464482512024,926.0823208910668,2021-04-27,0,1.0,6.123233995736766e-17
2021-04-27,0,0.22644414845751593,37,1.842479415731892,4.239229165776475,0.330672424547724,19.04485967299701,83.26641263375667,0.882258748048082,927.0947142789904,2021-04-28,0,1.0,6.123233995736766e-17
2021-04-28,0,0.0960378940425217,32,1.8656710243171817,3.3547747534324768,1.1796259214330196,18.046450077550883,77.02813590356814,0.9034801313879112,928.6587242991604,2021-04-29,0,1.0,6.123233995736766e-17
2021-04-29,0,0.1929285360225793,34,0.5154105785225956,2.2479659408158956,0.1058986186689636,17.17362111185578,74.84478198199076,1.5515093517282657,932.020755165169,2021-04-30,0,1.0,6.123233995736766e-17
2021-04-30,0,0.1131828088618332,35,0.4021492389269129,2.256683725585625,0.1199619581118324,17.374359529370512,73.29831228256765,1.576577049598383,933.5995552405808,2021-05-01,0,0.8660254037844387,-0.4999999999999998
2021-05-01,0,0.0,23,0.3061113448843912,2.244628654658809,0.0099968298426527,18.02310662087353,71.48617920665663,0.954418063600278,932.9159257874464,2021-05-02,0,0.8660254037844387,-0.4999999999999998
2021-05-02,0,0.008905219052798098,25,0.12208802791460999,2.180687588254375,0.0,18.16688254379742,72.47335216087937,0.5593348997128094,932.1283606311472,2021-05-03,0,0.8660254037844387,-0.4999999999999998
2021-05-03,0,0.0048772868238601014,22,0.013782505876636883,0.6423758932610693,0.0,17.96563524862456,74.55868195994282,0.4760246878198133,930.8642882746724,2021-05-04,0,0.8660254037844387,-0.4999999999999998
2021-05-04,0,0.012205686362411455,24,0.025988192239048337,0.42813743116596475,0.0159271500850893,18.696439586270145,72.45805865492156,0.3671186127765407,930.2151737483292,2021-05-05,0,0.8660254037844387,-0.4999999999999998
2021-05-05,0,0.0,25,0.01708297318625024,0.3320995371234431,0.0107738695828373,19.47840104051896,68.69591868136503,0.3261452167893367,929.5700066931936,2021-05-06,0,0.8660254037844387,-0.4999999999999998
2021-05-06,0,0.0,25,0.012205686362390139,0.13917100110086378,0.0707548486387536,20.427490673996694,68.27616587190938,0.6502936884406211,927.8996610924607,2021-05-07,0,0.8660254037844387,-0.4999999999999998
2021-05-07,0,0.13671797645403558,30,0.13671797645401426,0.16270616869306614,1.6261158043538182,16.837515346700002,81.52082009391275,1.2017492886965695,930.9009275239052,2021-05-08,0,0.8660254037844387,-0.4999999999999998
2021-05-08,0,0.1090007247723029,31,0.24571870122631717,0.2717068934653691,1.5794991151391278,16.86123111454098,78.25061259216982,1.4341602610898996,934.7246467548704,2021-05-09,0,0.8660254037844387,-0.4999999999999998
2021-05-09,0,0.0,25,0.24571870122631717,0.26280167441257096,0.0659112992983528,17.848292081037403,74.8497491535064,1.029929799801726,934.304579394224,2021-05-10,0,0.8660254037844387,-0.4999999999999998
2021-05-10,0,0.0,23,0.10900072477228158,0.2579243875887109,0.1058986186689636,18.50280835691585,70.97461388637372,0.630328366283361,932.5726044409412,2021-05-11,0,0.8660254037844387,-0.4999999999999998
2021-05-11,0,0.0,25,0.0,0.2457187012262994,0.0266013328574618,18.094967075852907,73.08153817467807,0.5163819691850052,928.975856567634,2021-05-12,0,0.8660254037844387,-0.4999999999999998
2021-05-12,0,10.124421642035193,62,10.124421642035172,10.370140343261493,3.230686974618393,16.76714437962918,84.32700871543774,0.7376038023135385,928.4263986211328,2021-05-13,1,0.8660254037844387,-0.4999999999999998
2021-05-13,1,12.131716307258174,62,22.256137949293347,22.501856650519667,3.1901800272989136,15.58459558425428,84.23866136482121,1.3163005976434734,931.5672856087214,2021-05-14,0,0.8660254037844387,-0.4999999999999998
2021-05-14,0,1.0686386408789323,31,23.324776590172277,23.433777314944564,0.0607580187961008,16.490184741272618,77.5295401434063,0.9343476467974148,931.5903037583626,2021-05-15,0,0.8660254037844387,-0.4999999999999998
2021-05-15,0,2.0111539805897936,29,15.211508928726879,25.335930570762056,0.2814361579207213,17.307837850859855,79.28327804956766,0.6507494711805745,930.4011517247292,2021-05-16,0,0.8660254037844387,-0.4999999999999998
2021-05-16,0,1.9242018669723133,27,5.003994488441018,27.260132437734367,1.3086187467999344,17.67266182897294,77.92628270461424,0.5234261356051138,930.4755249931432,2021-05-17,0,0.8660254037844387,-0.4999999999999998
2021-05-17,0,2.1683019320990042,24,6.10365777966109,29.428434369833372,0.022556519929169,17.100567103392823,77.33982850954033,0.5083193738418323,929.469865468094,2021-05-18,0,0.8660254037844387,-0.4999999999999998
2021-05-18,0,1.174168153726193,24,5.2666719527974895,30.602602523559565,0.0299904895279581,16.832511264982042,77.88014785267734,0.5179295843564292,928.9177151590133,2021-05-19,0,0.8660254037844387,-0.4999999999999998
2021-05-19,0,0.022621645237361418,22,3.365091731062537,20.50080252676173,0.0267010196679266,16.67048380354919,71.80590266610479,0.436399746729744,928.6410213359094,2021-05-20,0,0.8660254037844387,-0.4999999999999998
2021-05-20,0,0.024623638347290363,24,1.2214134373108234,8.39370985785085,0.032321608748512,16.481533958983793,68.51867819247475,0.4609036163111066,927.8194182158092,2021-05-21,0,0.8660254037844387,-0.4999999999999998
2021-05-21,0,0.028839874044669197,25,0.07608515762929965,7.3539110910165855,0.0267010196679266,18.61462459412558,65.66745554691767,0.6896332091740808,926.5816908380776,2021-05-22,0,0.8660254037844387,-0.4999999999999998
2021-05-22,0,5.313645402783019,63,5.367108915174957,10.65640251320981,2.8471201521601466,16.183703341886336,81.53924175690146,0.8662980436484727,927.7628356469417,2021-05-23,1,0.8660254037844387,-0.4999999999999998
2021-05-23,1,0.48249270880779777,29,5.824977985635464,9.214693355045295,0.0793352626163008,17.656320551073428,85.89220019045449,0.9759019021432872,927.5644625083596,2021-05-24,0,0.8660254037844387,-0.4999999999999998
2021-05-24,0,0.009563903127850706,23,5.805702014718646,7.055955326074142,0.049695539555413,15.051534700890228,62.82702344069104,0.8398499884077152,930.0988316273538,2021-05-25,0,0.8660254037844387,-0.4999999999999998
2021-05-25,0,0.012229624705607872,24,0.5042862366412351,5.894016797053556,0.0,14.154442693431728,67.94113195890817,0.4174162012921715,932.9194839143616,2021-05-26,0,0.8660254037844387,-0.4999999999999998
2021-05-26,0,0.027813572100015824,22,0.04960709993345309,5.89920872391621,0.0107738695828373,15.480558534310587,67.71447478198834,0.4846812428469544,932.5020653672988,2021-05-27,0,0.8660254037844387,-0.4999999999999998
2021-05-27,0,0.0,20,0.04004319680560238,5.874585085568921,0.0,18.387958970447727,68.58910174556213,0.4252316511885562,930.8156534334654,2021-05-28,0,0.8660254037844387,-0.4999999999999998
2021-05-28,0,0.0,19,0.027813572099994507,5.845745211524251,0.0,20.22547755163498,67.49459252474895,0.9393807889072668,927.718216382994,2021-05-29,0,0.8660254037844387,-0.4999999999999998
2021-05-29,0,1.1792049635627249,37,1.1792049635627035,1.711304772303958,1.0185769508078146,23.23873815066973,64.82800205328435,1.482995477832463,926.949713770412,2021-05-30,0,0.8660254037844387,-0.4999999999999998
2021-05-30,0,3.7541856558897235,55,4.933390619452427,4.982997719385883,2.693499442467125,18.580508358558,85.10244528947062,0.8181752130131619,931.444779547984,2021-05-31,0,0.8660254037844387,-0.4999999999999998
2021-05-31,0,2.8914162901579084,57,7.824806909610336,7.8648501064159415,0.4083968152439525,17.172286348594767,85.97592660011549,0.7863570142223928,932.7433887810688,2021-06-01,0,0.49999999999999994,-0.8660254037844387
2021-06-01,0,0.4580947286415969,57,7.103696674689208,8.310715210351932,0.0,16.972457902690486,78.78863117939548,0.4517958751969519,931.07420466719,2021-06-02,0,0.49999999999999994,-0.8660254037844387
2021-06-02,0,0.37873399555645887,56,3.728245014355943,8.661635633808373,0.0066293698440796,18.34917565744327,74.08154767674858,0.5223673128760988,934.7409643507552,2021-06-03,0,0.49999999999999994,-0.8660254037844387
2021-06-03,0,0.19412463108894978,56,1.0309533552869843,8.855760264897324,0.0159271500850893,19.043378936670106,73.55375342648838,0.5300555905910436,932.7956876058864,2021-06-04,0,0.49999999999999994,-0.8660254037844387
2021-06-04,0,0.007913719663204786,56,0.5807723463085922,8.86367398456053,0.0707548486387536,20.486449227729747,69.69675778620504,0.8531918272354145,934.9687025898768,2021-06-05,0,0.49999999999999994,-0.8660254037844387
2021-06-05,0,0.011881504406630015,56,0.21391985515876327,7.6963505254044335,0.0281771090097543,19.63256858697702,69.52103633571735,0.8654006313753718,933.6725729291102,2021-06-06,0,0.49999999999999994,-0.8660254037844387
2021-06-06,0,0.0,56,0.019795224069813485,3.9421648695147096,0.0281593221732026,19.504291700799552,70.09973041781878,0.6441931341045426,931.9595475509448,2021-06-07,0,0.49999999999999994,-0.8660254037844387
2021-06-07,0,2.180585837233898,62,2.1924673416405067,3.231334416590699,1.8431863050241404,18.305035464617703,84.10081424210541,1.1085947817224402,931.71515899958,2021-06-08,0,0.49999999999999994,-0.8660254037844387
2021-06-08,0,1.0543093760610345,62,3.2348952132949114,3.827549064010137,3.139464788251645,17.393913080239084,87.21002116371942,0.9030029526631944,931.8397003507168,2021-06-09,0,0.49999999999999994,-0.8660254037844387
2021-06-09,0,0.055104054023487406,54,3.2899992673183984,3.503919122477165,0.0299904895279581,18.80604091063264,78.905950877077,0.8014855259749142,932.1114406136415,2021-06-10,0,0.49999999999999994,-0.8660254037844387
2021-06-10,0,0.5580655418913492,59,1.6674789719758496,3.8678600332795647,2.0007135768720765,18.16705208684872,85.40729267585851,0.7469555315315493,931.6993924399832,2021-06-11,0,0.49999999999999994,-0.8660254037844387
2021-06-11,0,1.228796435291478,60,1.841966031206293,5.088742748907838,1.9033604233478585,17.27767260394787,87.19492534430347,0.7310523164977322,930.9478647799884,2021-06-12,0,0.49999999999999994,-0.8660254037844387
2021-06-12,0,0.01902563693895456,55,1.8058876141217601,5.095886881440163,0.0307814143877747,15.42420159467003,79.56335641782596,0.6182596209904755,932.4679348906752,2021-06-13,0,0.49999999999999994,-0.8660254037844387
2021-06-13,0,0.016412405076547638,55,1.264234477306959,5.11229928651671,0.0224568331187041,14.856659420397037,73.63606233269017,0.96196434923193,934.567923371583,2021-06-14,0,0.49999999999999994,-0.8660254037844387
2021-06-14,0,0.009209041230149336,54,0.044647083245630215,2.9409224905129614,0.0236143577749128,15.64722854734655,73.4718230312309,0.7401449598710288,934.252485610129,2021-06-15,0,0.49999999999999994,-0.8660254037844387
2021-06-15,0,0.016309555304343137,51,0.041931001611018794,1.90292266975627,0.022556519929169,15.993660489723,75.97879018892189,0.4975412033477625,931.7402388711124,2021-06-16,0,0.49999999999999994,-0.8660254037844387
2021-06-16,0,0.134949483842129,44,0.16046808037660015,1.9827680995749115,0.5464581813473259,15.67516204348972,75.25703309736907,0.9691185191577802,931.8119552725497,2021-06-17,0,0.49999999999999994,-0.8660254037844387
2021-06-17,0,0.8258422683488043,59,0.977101307495255,2.2505448260323666,0.1258922783542691,14.703617295554306,78.1344630475108,0.6795491305278307,933.8103108576596,2021-06-18,0,0.49999999999999994,-0.8660254037844387
2021-06-18,0,0.031629664265100624,55,0.9924214164560126,1.0533780550059892,0.2699144057516231,15.277775392607492,76.13221752021661,0.6173955678447118,935.1560461732024,2021-06-19,0,0.49999999999999994,-0.8660254037844387
2021-06-19,0,0.12921110112149028,57,0.9866830337353738,1.163563519188525,0.6670814841467262,16.48716933531358,75.29155167792234,0.9777864773793652,927.398530256178,2021-06-20,0,0.49999999999999994,-0.8660254037844387
2021-06-20,0,0.347934262215995,59,0.5087750276025647,1.4950853763279723,0.1597388094292267,17.604385948532926,75.82612862021534,1.0632833203937977,931.2211840862047,2021-06-21,0,0.49999999999999994,-0.8660254037844387
2021-06-21,0,0.4339877631059239,59,0.911133126443388,1.919864098203747,0.0853565675011495,14.851448849262823,78.59623470464159,0.4635021908550654,927.5389052285988,2021-06-22,1,0.49999999999999994,-0.8660254037844387
2021-06-22,1,4.016035361572531,60,4.797957386894428,5.919589904471934,2.2137254551613315,15.513055587749458,87.93382746656738,0.355512873839497,927.725842151846,2021-06-23,0,0.49999999999999994,-0.8660254037844387
2021-06-23,0,0.3233968341088263,57,4.773419958787259,6.1080372547386315,0.0430135864758881,15.55313473970812,79.20521216421989,1.1126171109808929,929.376110966188,2021-06-24,0,0.49999999999999994,-0.8660254037844387
2021-06-24,0,0.05733123005577924,55,4.396763425737115,5.3395262164456065,0.0,16.88265673066863,71.12765750573142,0.7904997989766605,932.2237002846856,2021-06-25,0,0.49999999999999994,-0.8660254037844387
2021-06-25,0,0.07039749912313124,54,0.45112556328771547,5.378294051303636,0.0159271500850893,18.92005005719788,67.4288376957797,0.429534430891698,925.4004626068034,2021-06-26,0,0.49999999999999994,-0.8660254037844387
2021-06-26,0,0.29075956624744925,53,0.4184882954263384,5.539842516429596,0.0066293698440796,19.534572100570987,68.68733828396083,0.8157084781472721,925.8380033280516,2021-06-27,0,0.49999999999999994,-0.8660254037844387
2021-06-27,0,0.001576350687206597,55,0.36273341605776577,5.193484604900807,0.0159271500850893,19.697957916741757,64.39682180700024,0.9661720728334514,925.017957297532,2021-06-28,0,0.49999999999999994,-0.8660254037844387
2021-06-28,0,0.0695410713435193,54,0.36187698827815384,4.829037913138403,0.0,17.275967970211006,70.07411311122779,0.6974746689602873,926.6356753137426,2021-06-29,0,0.49999999999999994,-0.8660254037844387
2021-06-29,0,0.16606890019781265,56,0.23718632222851724,0.9790714517636846,0.1551439168107627,12.821447490506207,82.07164753575817,1.010077570143657,928.271222696725,2021-06-30,0,0.49999999999999994,-0.8660254037844387
2021-06-30,0,0.001903142683270391,54,0.23751311422458102,0.6575777603381286,0.0,9.517852817819628,63.78777418213191,0.5964429082146989,936.1940138795082,2021-07-01,0,1.2246467991473532e-16,-1.0
2021-07-01,0,0.0015280710322994068,57,0.16950011391336112,0.6017746013146489,0.0,11.619871701939836,67.99181433252464,1.0972628020403383,931.9367894412276,2021-07-02,0,1.2246467991473532e-16,-1.0
2021-07-02,0,0.0,57,0.0034312137155484814,0.5313771021915177,0.0,15.06901324383855,64.4649458030316,0.6252947189929277,931.1529009000692,2021-07-03,0,1.2246467991473532e-16,-1.0
2021-07-03,0,0.007559037597023571,56,0.009087108629301661,0.24817657354109196,0.0,15.471819359171608,65.46915030423297,0.5275088654698686,929.935217256445,2021-07-04,0,1.2246467991473532e-16,-1.0
2021-07-04,0,0.001849443204816465,56,0.00940848080181872,0.2484496660587018,0.0159271500850893,15.47980128049898,72.40190620373433,1.0492037072751688,930.6902061846556,2021-07-05,0,1.2246467991473532e-16,-1.0
2021-07-05,0,0.0,56,0.00940848080181872,0.1789085947151825,0.0,15.864991953536272,71.3440892699789,0.7146185771044733,931.3051126500995,2021-07-06,0,1.2246467991473532e-16,-1.0
2021-07-06,0,0.0,57,0.0018494432047951488,0.012839694517369866,0.0384836700142583,15.10086907669576,71.92499367697438,0.7662785067426544,930.0450116516153,2021-07-07,0,1.2246467991473532e-16,-1.0
2021-07-07,0,0.0,56,0.0,0.010936551834099474,0.0159271500850893,15.139320234090793,70.69779532550218,0.8318728259104781,928.7660318356862,2021-07-08,0,1.2246467991473532e-16,-1.0
2021-07-08,0,0.0,56,0.0,0.009408480801800068,0.0,15.599002721429931,68.2154818033154,0.6138219383592634,927.2207620932404,2021-07-09,0,1.2246467991473532e-16,-1.0
2021-07-09,0,0.0,57,0.0,0.009408480801800068,0.0224568331187041,14.856303346614226,72.53363244779315,0.7185920481216432,928.080797655715,2021-07-10,0,1.2246467991473532e-16,-1.0
2021-07-10,0,0.019671421688191637,56,0.01967142168817032,0.021520864892968134,0.0,16.066895685160226,65.61869346243873,0.5453745766952487,925.5167375270198,2021-07-11,0,1.2246467991473532e-16,-1.0
2021-07-11,0,0.0,57,0.01967142168817032,0.01967142168815167,0.0,16.42927627586196,62.82971510771906,0.5156758054109059,930.2525026310866,2021-07-12,0,1.2246467991473532e-16,-1.0
2021-07-12,0,0.0,55,0.01967142168817032,0.01967142168815167,0.0,16.33887079606138,63.72140832367362,0.557793928625763,925.9852846819564,2021-07-13,0,1.2246467991473532e-16,-1.0
2021-07-13,0,0.002223596821676023,56,0.0022235968216547065,0.021895018509827693,0.0,16.613377273856567,62.1785000082649,0.706702414646147,926.7655594607372,2021-07-14,0,1.2246467991473532e-16,-1.0
2021-07-14,0,0.0,56,0.0022235968216547065,0.021895018509827693,0.0,16.796243388652773,60.51764500119325,0.5643781131691727,925.0700139218874,2021-07-15,0,1.2246467991473532e-16,-1.0
2021-07-15,0,0.0020591010845873825,56,0.0042826979062420886,0.023954119594415076,0.0,17.479104499564272,58.803984061787645,0.671287472488305,922.6202127205552,2021-07-16,0,1.2246467991473532e-16,-1.0
2021-07-16,0,0.0,55,0.002059101084566066,0.023954119594415076,0.1524755064138327,17.34828114785754,67.52430387525673,0.8364397024468264,921.8010985281894,2021-07-17,0,1.2246467991473532e-16,-1.0
2021-07-17,0,4.694149498789882,59,4.696208599874447,4.698432196696105,0.6663111358128171,17.634909761013212,77.49755739594966,0.6142141605135536,929.129326378118,2021-07-18,0,1.2246467991473532e-16,-1.0
2021-07-18,0,0.05482447335975197,56,4.748973972149613,4.753256670055857,0.0317373526526408,16.807133489487367,66.89481569556652,0.7733743242371488,930.4367042408296,2021-07-19,0,1.2246467991473532e-16,-1.0
2021-07-19,0,0.003834742614360736,55,4.752808714763973,4.757091412670218,0.0,11.365466212974637,52.24425380974825,0.63638788500215,932.6963397207744,2021-07-20,0,1.2246467991473532e-16,-1.0
2021-07-20,0,0.0015322980449182426,57,0.06019151401900963,4.756400113893459,0.0,10.97885570767778,58.08061770699202,0.8111844166707657,934.4991890361408,2021-07-21,0,1.2246467991473532e-16,-1.0
2021-07-21,0,0.005226136323489606,57,0.010593176982747268,4.761626250216949,0.0107738695828373,13.124447133974291,60.646593100762026,0.3239031640239981,928.1043578383276,2021-07-22,0,1.2246467991473532e-16,-1.0
2021-07-22,0,0.003364027811829463,57,0.010122462180215995,4.762931176944192,0.0,13.794748894597076,62.940268485361,0.4487419398197139,926.5140597508868,2021-07-23,0,1.2246467991473532e-16,-1.0
2021-07-23,0,0.009991182779752061,57,0.018581346915049812,4.772922359723944,0.0,16.026623617142974,61.06264177783412,0.7982356566283093,929.513964010868,2021-07-24,0,1.2246467991473532e-16,-1.0
2021-07-24,0,0.020277498678803452,56,0.03363270927036366,0.09905035961286557,0.0107738695828373,16.73348961261087,58.85074371991293,0.6989728808159367,927.561702001844,2021-07-25,0,1.2246467991473532e-16,-1.0
2021-07-25,0,0.09924765685002293,56,0.12951633830855713,0.14347354310313654,0.0107738695828373,16.88710530746592,54.933659442077854,0.8744413165957949,925.420394864198,2021-07-26,0,1.2246467991473532e-16,-1.0
2021-07-26,0,0.024251480831935783,56,0.14377663636074087,0.1638902813207116,0.0,17.365737665132354,50.50463727781314,0.69762107828051,923.5577093237168,2021-07-27,0,1.2246467991473532e-16,-1.0
2021-07-27,0,0.034212231942787365,57,0.15771136962472476,0.1965702152185807,0.0729230682848765,18.59021738284257,51.40756599157126,0.9267696069272852,920.410492016145,2021-07-28,1,1.2246467991473532e-16,-1.0
2021-07-28,1,24.393850759129528,59,24.45231447190423,24.58519483802462,4.0833328188021385,12.502806430023968,88.42598866187782,0.8332706199609444,921.3646565337464,2021-07-29,0,1.2246467991473532e-16,-1.0
2021-07-29,0,1.941832133217724,59,26.369895124290018,26.523662943430512,0.0148542643026854,8.4323088585435,65.14507154277014,0.7130217347796504,937.9069024469724,2021-07-30,0,1.2246467991473532e-16,-1.0
2021-07-30,0,0.5684780685684322,59,26.90416096091566,27.082149829219194,0.0159271500850893,7.964983327673877,70.34932682007513,1.433672903345524,941.157751864712,2021-07-31,0,1.2246467991473532e-16,-1.0
2021-07-31,0,0.21671236981106168,59,2.7270225715971965,27.278584700351452,0.0,11.539049327440258,64.99718887073297,1.9687673083585064,936.4964528664234,2021-08-01,0,-0.4999999999999997,-0.8660254037844388
2021-08-01,0,0.2564785955510375,54,1.0416690339305101,27.435815639052468,0.0686122600894592,13.88085814922195,68.3141598517057,1.2248353636464016,936.938673356333,2021-08-02,0,-0.4999999999999997,-0.8660254037844388
2021-08-02,0,0.20076038546332903,54,0.6739513508254069,27.61232454368386,0.031376347282523,15.08056235247498,70.62428269362015,0.7060977204396384,934.3990481157592,2021-08-03,0,-0.4999999999999997,-0.8660254037844388
2021-08-03,0,0.3316732814061464,52,0.7889122624204916,27.90978559314722,0.0,14.04024499178294,73.62349849399025,1.439264719206896,933.9634482213528,2021-08-04,0,-0.4999999999999997,-0.8660254037844388
2021-08-04,0,0.09660043721762454,52,0.6290341040870786,3.6125352712353163,0.0,13.991416658286107,71.62761453153848,1.8437983378289704,935.6909392084422,2021-08-05,0,-0.4999999999999997,-0.8660254037844388
2021-08-05,0,0.08478233995298126,53,0.5130560585767309,1.7554854779705735,0.0,15.270489188366913,70.39779938497797,1.424013861545718,936.7134984769338,2021-08-06,0,-0.4999999999999997,-0.8660254037844388
2021-08-06,0,0.020587239042917493,53,0.20197001621350197,1.207594648445059,0.0,17.091455546064957,70.22313009270604,1.624026844990929,936.6363123212622,2021-08-07,0,-0.4999999999999997,-0.8660254037844388
2021-08-07,0,0.1077053459980238,52,0.21307492499390124,1.098587624632021,0.0,17.41726132008573,68.94683654662404,1.2390035782807218,933.9491487819372,2021-08-08,0,-0.4999999999999997,-0.8660254037844388
2021-08-08,0,0.013700033238433397,52,0.14199261827935336,0.8558090623194168,0.0,17.880308123136796,64.80500369755734,0.9806386882678768,932.2433861265256,2021-08-09,0,-0.4999999999999997,-0.8660254037844388
2021-08-09,0,0.01746977172918241,53,0.13887515096561828,0.6725184485852702,0.0,18.275670398200266,60.11689055093095,0.8024517189194077,931.7064423364526,2021-08-10,0,-0.4999999999999997,-0.8660254037844388
2021-08-10,0,0.021403911602486943,52,0.05257371657008143,0.3622490787816108,0.0,19.49846997401536,52.52156566053952,0.8244462552203798,935.3275674260544,2021-08-11,0,-0.4999999999999997,-0.8660254037844388
2021-08-11,0,0.0,41,0.038873683331648035,0.26564864156398627,0.019888109532239,16.214064030541717,68.03976021509237,1.587965040858566,929.9330283599576,2021-08-12,0,-0.4999999999999997,-0.8660254037844388
2021-08-12,0,0.3094535298184606,53,0.3308574414209262,0.49031983142946556,0.1176613023094613,14.826193989828612,78.01354010232488,2.2542693477987736,932.0339166830014,2021-08-13,0,-0.4999999999999997,-0.8660254037844388
2021-08-13,0,0.29963135957596443,54,0.6090848893944036,0.7693639519625125,1.2552928677447484,15.03617706957584,82.66860792920625,2.0287987823602527,932.0470130674224,2021-08-14,0,-0.4999999999999997,-0.8660254037844388
2021-08-14,0,0.007814732585802751,53,0.6168996219802064,0.6694733385502915,0.4628011224172145,16.38622484513166,79.87043482061951,1.3864214238740444,937.666561676844,2021-08-15,0,-0.4999999999999997,-0.8660254037844388
2021-08-15,0,0.004575237998903441,52,0.3120213301606493,0.6603485433107614,0.0784408682063075,18.56023508691735,72.6414825807766,0.8622531204311797,935.0541724900831,2021-08-16,0,-0.4999999999999997,-0.8660254037844388
2021-08-16,0,1.1714766781524666,56,1.1838666487371514,1.8143554497340455,0.6790613972059347,17.702125914537707,77.83835446244068,1.0502786602954692,933.8139945468556,2021-08-17,0,-0.4999999999999997,-0.8660254037844388
2021-08-17,0,0.06077858454923026,53,1.236830500700579,1.8537301226807892,0.0078440868206307,19.6568816168286,64.24650705225623,0.7164543360718277,935.3244573507562,2021-08-18,0,-0.4999999999999997,-0.8660254037844388
2021-08-18,0,0.06565116425716856,53,1.297906426958844,1.9193812869379576,0.0107738695828373,22.052188670688604,57.75123554655432,0.638365627919192,936.5661422537036,2021-08-19,0,-0.4999999999999997,-0.8660254037844388
2021-08-19,0,0.019595589563932116,51,0.14602533837030962,1.6295233466834291,0.0,21.813199339944237,54.16747441079389,0.923686091137086,934.9251973394432,2021-08-20,0,-0.4999999999999997,-0.8660254037844388
2021-08-20,0,0.02167791337575678,52,0.10692466719683613,1.3515699004832213,0.0,21.46097029558313,50.003127676414806,0.9655515381502366,933.8722563469872,2021-08-21,0,-0.4999999999999997,-0.8660254037844388
2021-08-21,0,0.0,52,0.04127350293966758,1.3437551678974187,0.0107738695828373,20.845144500658243,52.221552349234585,0.7593382272057168,934.9344308055222,2021-08-22,0,-0.4999999999999997,-0.8660254037844388
2021-08-22,0,0.0,52,0.021677913375735464,1.3391799298985152,0.0,20.844029481654665,49.51151312620134,1.1299538676639558,932.718906384526,2021-08-23,0,-0.4999999999999997,-0.8660254037844388
2021-08-23,0,0.0,53,0.0,0.16770325174604864,0.0,21.974822441497995,46.91066556575343,0.9658990249860137,930.6981139457704,2021-08-24,0,-0.4999999999999997,-0.8660254037844388
2021-08-24,0,0.002134997211615238,53,0.0021349972115939217,0.10905966440843361,0.0,22.42011235577131,47.08952522439634,1.0791458809220076,924.1828234738894,2021-08-25,0,-0.4999999999999997,-0.8660254037844388
2021-08-25,0,0.005888701200218011,53,0.008023698411811933,0.049297201351483064,0.0,23.109394391119253,49.3885837244226,1.0673080012556415,928.6334777864128,2021-08-26,0,-0.4999999999999997,-0.8660254037844388
2021-08-26,0,0.010654213303960158,53,0.018677911715772093,0.04035582509151111,0.0,24.038496423505624,43.25532165012682,1.8095738795499603,929.2049683413668,2021-08-27,0,-0.4999999999999997,-0.8660254037844388
2021-08-27,0,0.2727279163780843,54,0.28927083088224115,0.29140582809383864,0.0078440868206307,17.3527033798914,76.42332764022709,2.530949194891833,928.9901053953062,2021-08-28,1,-0.4999999999999997,-0.8660254037844388
2021-08-28,1,21.2437138227028,58,21.527095952384826,21.53511965079664,1.0782051928168983,15.590598045799007,87.14610461902875,1.8707864413664947,932.637558821198,2021-08-29,0,-0.4999999999999997,-0.8660254037844388
2021-08-29,0,3.0080331332648194,58,24.524474872345685,24.543152784061462,0.0629916710088738,17.06487229026789,81.20737779716701,1.8423015450024225,933.1141345067116,2021-08-30,1,-0.4999999999999997,-0.8660254037844388
2021-08-30,1,2.670855254577157,58,26.922602210544756,27.214008038638617,1.3491829331484897,18.007015146091693,76.18725012369303,2.727314501724061,938.2738339876078,2021-08-31,0,-0.4999999999999997,-0.8660254037844388
2021-08-31,0,0.9724770332815262,56,6.651365421123481,28.18435007470853,2.0865270942877805,18.614345527226718,69.75171658512521,2.864535068642818,939.005730434755,2021-09-01,0,-0.8660254037844385,-0.5000000000000004
2021-09-01,0,0.1150409791194216,44,3.758373266978084,28.293502352627733,0.1176613023094613,19.312158774571383,63.88650893717967,2.195082226898157,937.5468915851588,2021-09-02,0,-0.8660254037844385,-0.5000000000000004
2021-09-02,0,0.06733265354320397,45,1.1548506659441304,28.350180792866976,0.0107738695828373,20.13216862151821,62.11605333706002,1.2523228524383154,935.7495622834072,2021-09-03,0,-0.8660254037844385,-0.5000000000000004
2021-09-03,0,0.029970693998603557,46,0.2123443266612078,28.107423570487494,0.0,21.07603079853125,58.10183255301912,0.93740952677466,927.1983404684256,2021-09-04,0,-0.8660254037844385,-0.5000000000000004
2021-09-04,0,0.018136456865796697,44,0.11543980440758292,6.88184620465049,0.0,20.859879332606287,61.14402957043546,0.9733381321497112,926.2531286802388,2021-09-05,0,-0.8660254037844385,-0.5000000000000004
2021-09-05,0,0.01451300778186953,45,0.06262015864624847,3.88832607916754,0.0156881736412615,21.290766471348096,59.58644636414368,1.4338180405462138,925.7678117987522,2021-09-06,0,-0.8660254037844385,-0.5000000000000004
2021-09-06,0,0.014483831504389522,46,0.04713329615203444,1.231954656094772,0.0,20.93198680018388,65.26695313552433,1.5364770679710895,927.2288235339738,2021-09-07,0,-0.8660254037844385,-0.5000000000000004
2021-09-07,0,0.01262094554064317,46,0.04161778482688091,0.27209856835388896,0.125505389130092,20.385099924888717,67.80485303718207,1.8897769983518236,927.2000015855116,2021-09-08,0,-0.8660254037844385,-0.5000000000000004
2021-09-08,0,0.04355174527103156,46,0.07065652231604294,0.20060933450549895,0.0392204341031537,23.63281986149195,59.85090937620731,1.8263700736309167,924.1997689572582,2021-09-09,0,-0.8660254037844385,-0.5000000000000004
2021-09-09,0,3.3677761414568597,58,3.423948832268513,3.5010528224191546,1.0782604536715463,22.51462387211908,69.89117686262277,1.4017351823442548,924.5826404229666,2021-09-10,1,-0.8660254037844385,-0.5000000000000004
2021-09-10,1,4.395630088843789,58,7.806957975571659,7.86671221726434,1.4234011721553586,20.47108667938764,78.55318337736911,0.7945622845210707,927.1908834933764,2021-09-11,0,-0.8660254037844385,-0.5000000000000004
2021-09-11,0,0.7229714455356506,50,8.486377675836279,8.571547205934195,0.0567987661341129,20.6060784863186,68.77166318521493,1.1233353401681752,929.1545498974916,2021-09-12,0,-0.8660254037844385,-0.5000000000000004
2021-09-12,0,0.14024523091797816,46,5.258846765297396,8.697279429070305,0.0076872076898235,22.17654942705026,64.6653643042181,1.2866814021977793,929.2085549530324,2021-09-13,0,-0.8660254037844385,-0.5000000000000004
2021-09-13,0,0.02714355547198748,44,0.890360231925595,8.709939153037901,0.0107738695828373,24.49693666666199,56.96511753564479,2.021866449164878,926.1764884185782,2021-09-14,0,-0.8660254037844385,-0.5000000000000004
2021-09-14,0,0.029292052506405757,45,0.19668083889635007,8.726610260003662,0.8742790250156208,25.82096492198603,43.44846498459442,2.0395679990660165,924.1741826062832,2021-09-15,0,-0.8660254037844385,-0.5000000000000004
2021-09-15,0,0.8127863717843492,51,0.8692219797627211,9.49584488651698,0.7267449553535432,20.612705861789166,75.89228315904461,1.2060550177883047,928.9199091360952,2021-09-16,1,-0.8660254037844385,-0.5000000000000004
2021-09-16,1,3.9836568484254404,57,4.825735272716174,10.111725593485561,0.508650926364448,18.422889062208608,81.3209747051414,2.4890787522565523,932.9469462266323,2021-09-17,0,-0.8660254037844385,-0.5000000000000004
2021-09-17,0,1.0255449771831604,52,5.821988197392928,6.741640481824934,0.2696841708158721,18.631135717601246,78.57095265971995,2.2370896886198515,931.3254357146052,2021-09-18,0,-0.8660254037844385,-0.5000000000000004
2021-09-18,0,0.04371868734659536,45,5.052920512955175,6.0623877236358785,0.0186179564034681,22.252956390411804,67.58561537182327,1.4543273354985382,926.9150663838332,2021-09-19,0,-0.8660254037844385,-0.5000000000000004
2021-09-19,0,0.0,45,1.0692636645297344,5.9221424927179,0.0,23.27781627060711,66.2448284040739,1.0348434648509124,926.3484944125518,2021-09-20,0,-0.8660254037844385,-0.5000000000000004
2021-09-20,0,0.07189563889092801,45,0.11561432623750206,5.966894576136841,0.0,25.234705384885856,56.17657330583629,1.3224907207304637,925.9587232434036,2021-09-21,0,-0.8660254037844385,-0.5000000000000004
2021-09-21,0,0.07519868319916916,47,0.14709432209007584,6.012801206829605,0.0107738695828373,23.88533261115189,63.760382440591634,1.545205597412202,924.6510639034155,2021-09-22,0,-0.8660254037844385,-0.5000000000000004
2021-09-22,0,1.0600427591226294,34,1.2071370812127051,6.260057594167884,0.0156881736412615,15.508062779538442,73.447349609746,3.780589594667456,929.2088408987232,2021-09-23,0,-0.8660254037844385,-0.5000000000000004
2021-09-23,0,0.0,45,1.1352414423217771,2.276400745742444,0.0,16.19636283167614,62.411617895080816,2.850714903994538,929.86176781755,2021-09-24,0,-0.8660254037844385,-0.5000000000000004
2021-09-24,0,0.08362866602783811,47,1.143671425150446,1.3344844345871216,0.0,18.758718785022225,63.77183072813613,1.7225180587256073,928.3199744429176,2021-09-25,0,-0.8660254037844385,-0.5000000000000004
2021-09-25,0,2.2444357822135297,57,2.3280644482413466,3.535201529454056,0.2448381670399086,18.3073372263462,73.97844182707588,1.3560610342256334,928.0572803102316,2021-09-26,0,-0.8660254037844385,-0.5000000000000004
2021-09-26,0,0.4635266388426812,49,2.791591087084028,3.9987281682967373,0.3295096285084898,20.775394825076088,68.27424255153085,1.1291579469884547,927.9583862860728,2021-09-27,0,-0.8660254037844385,-0.5000000000000004
2021-09-27,0,0.010702178074909674,41,2.7186645991310994,3.9375347074807188,0.032275039421423,21.82949057568516,63.33289507596695,0.992810556329419,935.9695171472748,2021-09-28,0,-0.8660254037844385,-0.5000000000000004
2021-09-28,0,0.1539191395325127,46,0.6281479564500823,4.016255163814062,0.0,22.90495925903345,53.28044707734299,1.1961199570953425,927.5483716089452,2021-09-29,0,-0.8660254037844385,-0.5000000000000004
2021-09-29,0,0.08407498452449824,46,0.2486963021318993,3.0402873892159317,0.0384360384491178,22.09085968211878,60.75897092089424,1.597267765535132,925.0650743603632,2021-09-30,0,-0.8660254037844385,-0.5000000000000004
2021-09-30,0,0.25160777744301,53,0.4896019014999996,3.2918951666589416,0.0705967813856767,20.11472990481992,70.15118934224596,2.152153069065732,926.3976325108504,2021-10-01,0,-1.0,-1.8369701987210297e-16
2021-10-01,0,3.4825487458151905,16,3.818231507782677,6.690815246446293,1.7399694800575756,18.821174791838025,80.94357008547846,1.6731804911498716,924.3379043728052,2021-10-02,0,-1.0,-1.8369701987210297e-16
2021-10-02,0,0.26096635310563226,7,3.995122876363811,4.707345817338396,0.9383987132363424,19.6029952010279,80.017744336931,1.089058168330446,924.1265243244771,2021-10-03,1,-1.0,-1.8369701987210297e-16
2021-10-03,1,8.608673866354959,30,12.35218896527576,12.852493044850675,3.963456151661451,20.044154620523216,80.42475897606121,1.611330171777205,923.3745819781408,2021-10-04,0,-1.0,-1.8369701987210297e-16
2021-10-04,0,6.76878566582925,34,15.63842588528982,19.610576532605016,4.022782840518086,19.792366772538216,85.85352210515214,1.398457947756176,924.2040919255032,2021-10-05,0,-1.0,-1.8369701987210297e-16
2021-10-05,0,3.4260257023119567,9,18.803485234496144,22.88268309538446,0.4863660652151298,18.437755816243104,82.30672121450962,1.7428263786514555,927.6509062712696,2021-10-06,0,-1.0,-1.8369701987210297e-16
2021-10-06,0,0.36718978312409417,8,10.56200115126528,23.165797893984056,1.3974745658795154,20.72345616592218,74.5629736290781,1.4891169986285764,927.0805585431632,2021-10-07,0,-1.0,-1.8369701987210297e-16
2021-10-07,0,0.18057777741035025,6,3.97379326284638,23.094767893951396,0.8435920565047947,18.420681626372357,83.52637339579691,1.637409058826674,926.4616709541076,2021-10-08,0,-1.0,-1.8369701987210297e-16
2021-10-08,0,0.08638559118907936,8,0.6341531517235025,19.698604739325287,0.0786798446501353,18.244287641736527,74.44417205117522,2.238223436443396,926.655236963774,2021-10-09,0,-1.0,-1.8369701987210297e-16
2021-10-09,0,4.156573327193453,54,4.423536695792861,23.594211713413102,0.6186113385989933,17.588669002405954,82.05634110984735,1.8235417946085708,926.7154691371696,2021-10-10,0,-1.0,-1.8369701987210297e-16
2021-10-10,0,3.6296701705480103,54,7.8726290889305215,18.615208017606157,3.2216676014816183,16.853281834844775,87.99827030910738,2.116920878563856,926.3120400638908,2021-10-11,1,-1.0,-1.8369701987210297e-16
2021-10-11,1,4.983926970279189,53,12.77017046802063,16.830349322056094,4.057561987280615,17.744176134287713,84.48892696366639,2.029855252233499,926.8355273792728,2021-10-12,1,-1.0,-1.8369701987210297e-16
2021-10-12,1,4.3585225036474595,23,12.972119644474638,17.762846123391597,0.6940040895296917,19.336492650160675,75.35489355917835,1.545831136552285,924.673700626932,2021-10-13,0,-1.0,-1.8369701987210297e-16
2021-10-13,0,1.4288227235309368,18,10.771272197457563,18.824479063798442,0.02377123690572,20.31144623521164,71.64878151890292,1.3701275220087985,923.3399081463572,2021-10-14,1,-1.0,-1.8369701987210297e-16
2021-10-14,1,2.8177663355196905,26,8.605111562698065,21.46166762190778,2.5590396202623933,21.398202484675167,69.82143515400283,1.4252435284167624,921.5562589200116,2021-10-15,1,-1.0,-1.8369701987210297e-16
2021-10-15,1,3.6960374390907997,35,7.942626498141406,25.071319469809502,0.6958558176301827,22.326949371809363,70.48478720897012,1.347349412071803,922.4058437425908,2021-10-16,1,-1.0,-1.8369701987210297e-16
2021-10-16,1,11.39080942976272,57,17.90461320437319,32.305555572378765,4.457279110304889,20.97194353249757,80.33148964201467,1.5913012834968103,924.8641313513368,2021-10-17,0,-1.0,-1.8369701987210297e-16
2021-10-17,0,0.6754061213860251,19,15.762252990239524,29.351291523216783,0.5000869361386678,18.207186702628128,83.74626346419217,1.3731766633042817,926.7270482359728,2021-10-18,1,-1.0,-1.8369701987210297e-16
2021-10-18,1,11.555196989131389,33,23.62141254028011,35.92256154206898,3.223339383047027,16.87212957385371,88.3120328165133,1.651519470116103,925.8954650568628,2021-10-19,0,-1.0,-1.8369701987210297e-16
2021-10-19,0,2.942338861135327,48,15.172941971652719,34.50637789955685,2.1521950022466063,15.91901938752713,86.21001813180497,2.2027155699862133,927.2430765420615,2021-10-20,0,-1.0,-1.8369701987210297e-16
2021-10-20,0,1.2387450603696062,23,15.736280910636301,34.31630023639552,3.2524107269317386,14.359901952877202,81.74686898859855,2.6409408481973093,927.3753549181044,2021-10-21,0,-1.0,-1.8369701987210297e-16
2021-10-21,0,0.9126039072814948,20,5.093687828786407,32.41113780815732,0.0708357578295046,16.44010242116951,73.34390138180116,1.5136254146604786,926.1285618664228,2021-10-22,0,-1.0,-1.8369701987210297e-16
2021-10-22,0,1.899905385118826,16,4.051254352769906,30.61500575418535,0.0862849550269383,18.764566509355213,64.85357719718755,1.01763957343988,924.1053125728378,2021-10-23,0,-1.0,-1.8369701987210297e-16
2021-10-23,0,1.0799911757502945,16,3.892500468150594,20.304187500172922,0.0,21.457206982524195,59.11156802632619,1.494443916597764,920.9087516104712,2021-10-24,1,-1.0,-1.8369701987210297e-16
2021-10-24,1,20.834295558632963,55,23.81419211950206,40.463076937419864,5.850592616517069,19.548247773259828,80.37452714307616,1.8529310445585616,921.7844383464432,2021-10-25,0,-1.0,-1.8369701987210297e-16
2021-10-25,0,2.4386768845086526,19,24.35296361889189,31.346556832797127,0.6272196652797485,18.17872880566608,76.61269495064434,1.816203875662204,928.2477214960672,2021-10-26,0,-1.0,-1.8369701987210297e-16
2021-10-26,0,0.9823857723585148,16,24.255358215500113,29.386603744020313,0.5143690140140643,19.92738952697168,79.13728528325731,1.3291449638692874,928.4761137920462,2021-10-27,0,-1.0,-1.8369701987210297e-16
2021-10-27,0,2.780002885903747,42,6.201065542770893,30.92786156955445,6.1198218056879865,20.03082092674835,85.05438528513963,1.457876436998788,929.614974536866,2021-10-28,0,-1.0,-1.8369701987210297e-16
2021-10-28,0,2.53668294236009,38,6.29907160062233,32.55194060463305,3.779641593677008,20.826344920062148,83.65232704100988,1.3477418626828537,930.648914225934,2021-10-29,0,-1.0,-1.8369701987210297e-16
2021-10-29,0,0.24869679026280073,15,5.565382618526616,30.900732009777023,0.7689741158561098,20.164745498464704,77.22252521087096,1.7958110748598608,928.5846285955404,2021-10-30,0,-1.0,-1.8369701987210297e-16
2021-10-30,0,2.2910414183202343,15,5.076421150943103,32.11178225234696,0.9507764515567338,20.35736488232913,74.96227282803463,1.8367541777583336,926.3212366698646,2021-10-31,0,-1.0,-1.8369701987210297e-16
2021-10-31,0,1.6260171733914712,36,4.165755381974485,12.90350386710547,1.9096314916449528,18.73029136118859,84.7560951278148,1.2325953556505096,926.0322737859824,2021-11-01,1,-0.8660254037844386,0.5000000000000001
2021-11-01,1,11.355564099944594,51,15.272622691656277,21.820391082541413,2.574677310990655,19.166713456266613,82.87287051884364,1.4550900447762511,923.6288549885076,2021-11-02,0,-0.8660254037844386,0.5000000000000001
2021-11-02,0,0.6537481123403849,21,13.635329385676428,21.49175342252328,0.4415991221213646,19.63430349258021,78.81221390002203,1.708443821958316,923.4918983542368,2021-11-03,0,-0.8660254037844386,0.5000000000000001
2021-11-03,0,0.22977433402159778,17,12.239086546306554,18.941524870641132,0.149495767722228,20.48835288802659,73.15537990275713,1.6169040285065854,922.5071599301566,2021-11-04,0,-0.8660254037844386,0.5000000000000001
2021-11-04,0,0.14817270945575708,17,1.0316951558177165,16.5530146377368,0.8777452298154486,21.27741208286928,67.18702320682428,1.1495340472885611,921.7739327404332,2021-11-05,0,-0.8660254037844386,0.5000000000000001
2021-11-05,0,0.13234611089479115,17,0.510293154372123,16.43666395836879,0.0,22.100068900933334,65.84160606571335,0.9290447187260203,922.1430641509148,2021-11-06,0,-0.8660254037844386,0.5000000000000001
2021-11-06,0,0.10191118694438828,14,0.38243000729491344,14.247533726992945,0.0277321963528698,21.70278120352457,62.98283997010597,0.858715023583263,922.6437003257448,2021-11-07,0,-0.8660254037844386,0.5000000000000001
2021-11-07,0,0.06713899229879666,16,0.301396290137953,12.688655545900271,0.0,21.369943620525056,61.84220183042654,1.4074638664528187,923.1561013319916,2021-11-08,0,-0.8660254037844386,0.5000000000000001
2021-11-08,0,0.10765437873420382,13,0.27670455797736565,1.4407458246898805,0.2217080071873853,20.65056488887243,69.37649175059924,1.7365241627648915,923.727623857594,2021-11-09,0,-0.8660254037844386,0.5000000000000001
2021-11-09,0,0.03384999425947187,14,0.20864336529244926,0.8208477066089676,0.1084631550732928,20.48951418278631,74.46050339846975,1.6515431437827373,924.3092855060336,2021-11-10,0,-0.8660254037844386,0.5000000000000001
2021-11-10,0,0.04475932819919777,16,0.18626370119285035,0.6358327007865676,1.0167716508252354,20.18149176071563,73.29225174584046,2.2460408957255584,924.9574901676328,2021-11-11,0,-0.8660254037844386,0.5000000000000001
2021-11-11,0,3.9745509759416455,43,4.053160298400292,4.462210967272456,2.1602243624253847,17.362803862933497,84.3724346667194,2.0279027377237298,927.0881557048943,2021-11-12,0,-0.8660254037844386,0.5000000000000001
2021-11-12,0,0.5661736196557644,19,4.585483923796584,4.8960384760334295,0.8849900878939956,16.58720422157831,79.5006041962841,2.5818036009485,927.881319049206,2021-11-13,0,-0.8660254037844386,0.5000000000000001
2021-11-13,0,0.19952741318250322,17,4.7402520087798905,4.993654702271544,0.0235322604618922,16.40110976545241,66.27952865478457,2.144282062419121,927.2118193174592,2021-11-14,0,-0.8660254037844386,0.5000000000000001
2021-11-14,0,0.0,15,0.7657010328382445,4.9265157099727475,0.0784408682063075,18.69330254133661,65.58624079206439,1.4057412724806504,925.8489436910584,2021-11-15,0,-0.8660254037844386,0.5000000000000001
2021-11-15,0,0.0,16,0.19952741318248013,4.818861331238544,0.0,20.27865237778577,63.29420584250447,1.5242028237397762,925.7629272537254,2021-11-16,0,-0.8660254037844386,0.5000000000000001
2021-11-16,0,0.012037595144820355,15,0.012037595144797263,4.797048932123892,0.0,21.63136222053364,59.65308702881667,1.0838984136652083,925.572124130872,2021-11-17,0,-0.8660254037844386,0.5000000000000001
2021-11-17,0,0.0,15,0.012037595144797263,4.7522896039246945,0.0,23.534269363896662,56.43156560815869,1.2006764720259622,922.9921677846604,2021-11-18,1,-0.8660254037844386,0.5000000000000001
2021-11-18,1,12.009863145583088,58,12.021900740727885,12.787601773566136,3.2677238778994355,21.32012562316585,78.15264740617798,0.8379968922151423,921.4137328002372,2021-11-19,1,-0.8660254037844386,0.5000000000000001
2021-11-19,1,32.400125450965035,59,44.409988596548104,44.62155360487541,7.763747944237739,20.09880576236245,90.76095192495062,1.2363802812263036,920.9514213445378,2021-11-20,0,-0.8660254037844386,0.5000000000000001
2021-11-20,0,2.633219364328058,28,47.04320796087616,47.055245556020964,0.1901698952457607,19.165617761812825,78.90026867649487,1.9085006028593448,924.805594990707,2021-11-21,0,-0.8660254037844386,0.5000000000000001
2021-11-21,0,2.2429053308437683,23,37.27625014613684,49.29815088686473,0.0943680182913968,18.35766218230268,72.33304032303033,1.768666121657148,925.5039020375092,2021-11-22,0,-0.8660254037844386,0.5000000000000001
2021-11-22,0,1.7617236490757848,20,6.6378483442475895,51.059874535940516,0.02377123690572,20.860015838500917,61.28478807531127,1.334302650281469,923.439187668528,2021-11-23,0,-0.8660254037844386,0.5000000000000001
2021-11-23,0,0.3256190420352635,16,4.330248021954795,51.373455982830954,0.0,21.882753391482904,50.715639855788446,1.1449801270409756,923.62098357913,2021-11-24,1,-0.8660254037844386,0.5000000000000001
2021-11-24,1,0.1434079834976333,16,2.2307506746086605,51.51686396632859,0.0,21.618027865551085,65.62028228814518,1.9018363912920768,926.0018517665536,2021-11-25,0,-0.8660254037844386,0.5000000000000001
2021-11-25,0,0.12938876510500427,16,0.5984157906378798,39.63638958585051,1.3697349073176823,23.41010532401543,63.53235235491228,1.2396738868772053,924.2857237447656,2021-11-26,0,-0.8660254037844386,0.5000000000000001
2021-11-26,0,2.6875192543268134,37,2.9603160029294298,9.92378338921229,5.351985168249113,20.68774120349148,83.58447530166326,1.6665455294339353,920.6505387476616,2021-11-27,0,-0.8660254037844386,0.5000000000000001
2021-11-27,0,0.10798512521570874,17,2.924893144647505,7.398549150099941,0.0450654082931974,22.915172924825637,68.85109766040458,1.7552672203717692,916.9594925232612,2021-11-28,0,-0.8660254037844386,0.5000000000000001
2021-11-28,0,0.05163966073916775,17,2.8471440402816683,5.207283479995341,0.0156881736412615,22.179993682504243,71.38908272415681,1.1164255595700012,918.4270667522336,2021-11-29,0,-0.8660254037844386,0.5000000000000001
2021-11-29,0,0.011528866546884786,16,0.17115365250173997,3.4570886974664408,0.0860046793543427,23.9441063452704,65.73967958620136,1.0116308875234967,918.1440122893848,2021-11-30,1,-0.8660254037844386,0.5000000000000001
2021-11-30,1,11.582304275461045,54,11.645472802747076,14.713773930892222,5.121125250844613,22.592046966780803,79.0577513373819,1.55161450282257,918.7578187071596,2021-12-01,0,-0.5000000000000004,0.8660254037844384
2021-12-01,0,4.344797105892772,15,15.93863024790068,18.91516305328736,0.062752694565046,22.66450821477439,76.98109654298186,0.8841377325785674,920.5724508030518,2021-12-02,0,-0.5000000000000004,0.8660254037844384
2021-12-02,0,0.26930515781077075,11,16.196406539164567,19.055079445993126,0.1022121051120276,21.297669287528723,74.49706739597084,1.3433440773384018,922.5105458463092,2021-12-03,0,-0.5000000000000004,0.8660254037844384
2021-12-03,0,0.4512723464485584,13,5.065374610152079,16.818832538114872,0.3218465360896887,20.53668163146619,74.7444893893639,2.3045879859610885,925.3666644095794,2021-12-04,0,-0.5000000000000004,0.8660254037844384
2021-12-04,0,0.06599231324673849,12,0.7865698175060463,16.7768397261459,0.2854938193124688,20.94038858609026,71.09237483340173,1.9167685871082256,927.9781778984194,2021-12-05,0,-0.5000000000000004,0.8660254037844384
2021-12-05,0,0.056260751998807514,12,0.573525411694083,16.78146081740554,1.3202763194177916,22.016328916611,70.8572521083691,1.5366032645423426,928.1419134813308,2021-12-06,0,-0.5000000000000004,0.8660254037844384
2021-12-06,0,0.7631203183591133,14,0.885373383604638,17.53305226921777,1.4475456421812662,20.768071368237937,76.81020726447564,1.150369864055779,926.60728275722,2021-12-07,1,-0.5000000000000004,0.8660254037844384
2021-12-07,1,8.783091504441368,54,9.602472574799267,14.733839498198092,3.996907963003532,18.25554976959702,80.24098486660961,2.813886828810088,927.066803879615,2021-12-08,0,-0.5000000000000004,0.8660254037844384
2021-12-08,0,1.2667447367844535,17,10.812956559584912,11.655787129089774,0.9843344756800896,17.623694332986837,76.29996504791336,2.572043522729963,927.2254028754334,2021-12-09,0,-0.5000000000000004,0.8660254037844384
2021-12-09,0,0.19729972207315571,12,10.247135963298955,11.58378169335216,0.1110120977079696,18.231287892282367,71.80416111320085,1.266230228376372,926.9098762057594,2021-12-10,0,-0.5000000000000004,0.8660254037844384
2021-12-10,0,0.057942669893598114,12,1.5219871287511861,11.190452016797199,0.0159271500850893,19.91822576400599,65.49726220732146,1.3792425726073767,925.2128830329664,2021-12-11,0,-0.5000000000000004,0.8660254037844384
2021-12-11,0,0.041275613082071345,12,0.2965180050488039,11.165735316632531,0.0,22.52552446940193,55.01552664283141,1.093313708546381,922.5508504817994,2021-12-12,1,-0.5000000000000004,0.8660254037844384
2021-12-12,1,4.115438227074702,16,4.21465651005035,15.224912791708427,0.994749715588534,24.08485590484057,59.07689448800125,1.171534265776316,921.6741035827552,2021-12-13,1,-0.5000000000000004,0.8660254037844384
2021-12-13,1,12.845986314032015,49,17.002700154188766,27.307778787381327,0.1007880931427243,23.24621058507423,76.24501212267376,1.175139045927242,924.0697074208356,2021-12-14,1,-0.5000000000000004,0.8660254037844384
2021-12-14,1,10.457887053915789,42,27.419311595022485,28.98257433685575,3.164002316204427,23.4016341961098,81.45964601988157,1.0473794155008995,924.154035953026,2021-12-15,1,-0.5000000000000004,0.8660254037844384
2021-12-15,1,18.284153524537476,52,41.58802689248526,45.99998312460877,14.381866996174688,22.74336776264573,86.05233161405408,1.0491749027012325,923.3683519856412,2021-12-16,1,-0.5000000000000004,0.8660254037844384
2021-12-16,1,4.973375770799885,35,33.715416349253125,50.7760591733355,3.237081042398877,24.025607905471915,79.11151994239604,1.3733419858768936,922.9580869215604,2021-12-17,1,-0.5000000000000004,0.8660254037844384
2021-12-17,1,21.937036413505385,35,45.194565708842724,72.65515291694729,10.0635773867786,22.714390278662,85.07787999160308,1.6920257991792418,924.9483742538522,2021-12-18,0,-0.5000000000000004,0.8660254037844384
2021-12-18,0,2.9846512414028425,15,29.895063425708095,75.59852854526807,2.1450257858163777,21.96133337531564,76.2986427818262,2.411576741368584,927.1316462874752,2021-12-19,0,-0.5000000000000004,0.8660254037844384
2021-12-19,0,0.7665750660809969,15,25.688262720989208,72.24966538427435,0.27651790351452,19.723614647042744,75.52345218010112,2.5912717647240875,927.3660680195688,2021-12-20,0,-0.5000000000000004,0.8660254037844384
2021-12-20,0,0.1139871471456847,12,3.8652134546295027,59.517666217388026,0.0,21.314608259934747,67.2029726981804,2.0441567950343718,925.6435765456116,2021-12-21,0,-0.5000000000000004,0.8660254037844384
2021-12-21,0,0.10694350768796636,12,0.9875057209146266,49.1667226711602,0.1019731286681998,22.602188379129863,67.99076006311371,1.3977254542392883,923.3125507234096,2021-12-22,0,-0.5000000000000004,0.8660254037844384
2021-12-22,0,0.18214728090495683,12,0.4030779357385866,31.064716427527685,0.4151713349689966,23.728562991776236,69.51068236413457,1.5752258106942338,921.807278295277,2021-12-23,0,-0.5000000000000004,0.8660254037844384
2021-12-23,0,2.9299099074290025,23,3.2190006960219044,29.0212505641568,3.0164942020520065,20.13538116825825,78.20045296062841,2.6068978595291004,923.3093818385933,2021-12-24,0,-0.5000000000000004,0.8660254037844384
2021-12-24,0,1.6044042729295518,21,4.716461461263489,8.688618423580966,0.93314985760019,19.617329944806432,72.54836754814761,2.4819404579885624,929.6383430147788,2021-12-25,0,-0.5000000000000004,0.8660254037844384
2021-12-25,0,0.5987419455959461,13,5.133056125954479,6.30270912777407,0.2590938415246427,19.818035802717148,67.91548068526241,1.884291011895333,924.44096673541,2021-12-26,0,-0.5000000000000004,0.8660254037844384
2021-12-26,0,0.5390511223181483,12,2.742197340843625,6.075185184011222,0.0,22.319379286101924,63.88948097446767,1.4202690513997407,923.8718559776376,2021-12-27,1,-0.5000000000000004,0.8660254037844384
2021-12-27,1,2.319255205716376,21,3.4570482736304493,8.280453242581913,2.591358597563145,22.30317697181759,67.47840405041173,1.4932548338459004,923.7616481488903,2021-12-28,1,-0.5000000000000004,0.8660254037844384
2021-12-28,1,7.672933875009001,30,10.531240203043504,15.846443609902948,3.0167724625510024,20.8861623967378,78.4468072528764,1.4033032276960429,925.5594330320127,2021-12-29,0,-0.5000000000000004,0.8660254037844384
2021-12-29,0,2.3332780330351275,17,12.325467113760482,17.997574362033117,3.3775979792321493,21.95319223651848,75.0967489847031,1.7432138955925482,927.1675754833964,2021-12-30,1,-0.5000000000000004,0.8660254037844384
2021-12-30,1,14.385663377089795,36,24.3918752851339,29.45332783169391,10.954365680275828,20.53872226967512,82.04196212566796,1.4038983150493505,925.1500393987355,2021-12-31,1,-0.5000000000000004,0.8660254037844384
2021-12-31,1,21.13491206766689,55,37.85385347779179,48.983835626431244,13.20592991047526,20.42167531982608,88.78918992998176,1.1982807797604431,921.1648628264268,2022-01-01,0,0.0,1.0
2022-01-01,0,7.895971299525174,31,43.41654674428183,56.281064980360476,3.312760068326372,21.33669248333252,83.95307596407453,1.1720621754664464,922.21121006477,2022-01-02,1,0.0,1.0
2022-01-02,1,1.3537292610584093,20,30.384612628250448,57.09574311910073,4.219748990777509,22.38588530103033,80.7251176289811,1.1708774656148873,924.0459808655036,2022-01-03,1,0.0,1.0
2022-01-03,1,5.566370762486559,24,14.816071323070117,60.34285867587092,1.9060528643741952,23.50800707637248,80.16902674578002,1.2377476081332233,929.2447591704668,2022-01-04,1,0.0,1.0
2022-01-04,1,8.430284654193496,36,15.35038467773844,61.10020945505541,13.738661646485392,22.7499905860213,84.43147365631545,1.4988024442649632,927.1559518320132,2022-01-05,0,0.0,1.0
2022-01-05,0,2.79748916284156,23,16.79414457952159,61.56442058486185,8.134231836642709,22.850779990516376,84.50452064701892,1.6810946026001556,920.1740513897406,2022-01-06,1,0.0,1.0
2022-01-06,1,4.289228669358534,34,15.517002486393565,51.46798587713059,9.165757729790272,22.00132943668352,85.42903986502168,1.782099022585093,921.2778610297016,2022-01-07,0,0.0,1.0
2022-01-07,0,1.6121393205176022,26,8.698857152717672,31.9452131299813,4.372861717519929,19.79199919421393,87.29247490559028,2.2301965131974835,924.050010108942,2022-01-08,1,0.0,1.0
2022-01-08,1,6.020020279280131,36,11.921388269156243,30.069262109736258,8.319000926158536,19.239580369766266,86.33299985080886,2.3528377676041847,924.9703933668482,2022-01-09,1,0.0,1.0
2022-01-09,1,7.322538971102947,41,14.954698570900655,36.0380718197808,5.154690076274134,17.8906142103888,87.25145730324003,2.0302151228355134,926.0331242807335,2022-01-10,0,0.0,1.0
2022-01-10,0,1.0142553381969353,18,14.356814588579988,31.485956395491176,0.4621788991529605,19.600359729889963,84.54853768551305,1.1198298773877666,923.590715070186,2022-01-11,1,0.0,1.0
2022-01-11,1,7.279313183106289,25,15.616107492406147,30.33498492440397,13.990297416750987,20.278925764120203,87.19190795546605,1.0233292370183298,923.197658300946,2022-01-12,1,0.0,1.0
2022-01-12,1,4.519244115104164,26,12.812812636407365,32.05673987666657,4.474943976790835,21.585522760748123,83.71740625747378,1.0397052022876865,925.2879059444278,2022-01-13,1,0.0,1.0
2022-01-13,1,2.7587309532184316,23,14.55728825142886,30.52624216052647,7.649546940490282,22.62097405982613,82.34074736523235,1.197839004924442,928.6955242039002,2022-01-14,0,0.0,1.0
2022-01-14,0,1.0270226470558024,18,8.304997715378374,29.94112548706467,2.6103331845128475,23.333407130422547,78.7951472630362,1.2141536580793828,931.2123960311744,2022-01-15,0,0.0,1.0
2022-01-15,0,0.6589724775380912,19,4.4447260778123,24.580077685322628,0.5811590897444646,23.692897927341672,78.2254008731224,1.2568339986563306,930.8580268260358,2022-01-16,1,0.0,1.0
2022-01-16,1,8.645051933120435,27,10.331047057714303,25.90259064734012,5.177715362443596,22.605353828557632,76.53224447826149,1.692391283918978,928.0369228730692,2022-01-17,1,0.0,1.0
2022-01-17,1,3.9911910743936074,20,13.295215485052108,28.87952638353679,2.011780005364834,24.14099526819792,71.76980078887821,1.5605820550768583,932.3367345212968,2022-01-18,1,0.0,1.0
2022-01-18,1,3.6052338741928143,18,16.24147688170683,25.205447074623315,9.254260894451122,24.28453376854089,72.88410387100292,1.6630166463678682,933.4684498773042,2022-01-19,1,0.0,1.0
2022-01-19,1,2.619238983320346,21,10.215663931906743,23.305441942839494,3.7506762278836394,23.216877669264875,75.88067218812937,1.4035326297856583,929.5105386073972,2022-01-20,1,0.0,1.0
2022-01-20,1,14.769352498411493,23,20.993825355924628,35.316063488032555,2.8195093007735075,23.511661789288965,71.93853241756483,1.102508563174072,929.0996281379598,2022-01-21,1,0.0,1.0
2022-01-21,1,4.060096672945794,20,21.44868815467761,38.34913751392255,0.0,24.205228935411323,71.09077730378083,1.2783489042806608,927.3247195297454,2022-01-22,0,0.0,1.0
2022-01-22,0,0.20817138637993918,16,19.037620557737203,37.898336422764395,0.0705967813856767,23.987971171159018,70.31625600910453,1.4082771943274788,926.8161536543126,2022-01-23,0,0.0,1.0
2022-01-23,0,0.15294309189673902,17,4.4212111512224475,29.406227581540698,3.747251069453163,24.724549164402177,70.97439551546813,1.3838861148694928,926.0505017357584,2022-01-24,0,0.0,1.0
2022-01-24,0,0.38736421983454106,18,0.7484786981111944,25.802400726981634,3.790661720251261,24.85541453002913,73.41053861356235,1.4812403776224583,925.4189545684808,2022-01-25,1,0.0,1.0
2022-01-25,1,0.23822805320059423,17,0.7785353649318495,22.435394905989412,1.3866653704409218,24.99254706644677,70.40579334687726,1.750884158460383,925.1525589656412,2022-01-26,1,0.0,1.0
2022-01-26,1,0.05203243556546205,16,0.6776247086005724,19.868188358234534,2.619640911837908,24.84264380740845,71.63292096745366,1.587786010210967,924.4629474398466,2022-01-27,1,0.0,1.0
2022-01-27,1,7.047400965548681,24,7.337661454314712,12.14623682537172,0.1429472864435944,24.83501268189959,69.11890808438613,1.786088605340184,923.5322826956874,2022-01-28,1,0.0,1.0
2022-01-28,1,24.468713421286015,54,31.56814682240013,32.55485357371194,18.39242050810092,21.99193245905073,84.33059476140208,1.2379342545903729,922.9004466649412,2022-01-29,1,0.0,1.0
2022-01-29,1,19.10947216482536,52,50.625586551660035,51.45615435215736,21.240566784387592,19.92043176398079,93.03641754990092,1.0605952331679471,922.96619242201,2022-01-30,1,0.0,1.0
2022-01-30,1,30.73429052125747,54,74.31247610736882,82.0375017815181,29.72095988183677,20.11595927916641,91.44022239405189,1.3460640893468914,924.0166518114502,2022-01-31,1,0.0,1.0
2022-01-31,1,9.55526366011057,53,59.39902634619338,91.20540122179413,12.75495605726262,20.66663637863028,90.71058242183544,1.38538465687636,923.8327048848786,2022-02-01,1,0.49999999999999994,0.8660254037844387
2022-02-01,1,9.686223062888805,55,49.97577724425682,100.65339623148233,5.392307232768176,21.90713168650017,86.99426311851401,1.1302422498398002,925.3019800753956,2022-02-02,1,0.49999999999999994,0.8660254037844387
2022-02-02,1,6.378018639783979,54,25.619505362783332,106.97938243570084,3.3832054982933446,21.535248392471704,86.47306710554926,0.856075044581177,927.5620127825443,2022-02-03,1,0.49999999999999994,0.8660254037844387
2022-02-03,1,3.0695733171698514,44,19.13381501984261,103.00155478732202,2.214057072094608,22.241590812673333,81.83941859049459,1.1569953033628892,926.9022725661292,2022-02-04,1,0.49999999999999994,0.8660254037844387
2022-02-04,1,1.2680404859671959,38,10.715632442921004,79.80088185200319,5.193886024636749,22.86988581762111,81.67080346988584,1.1664931047653189,925.5337400156778,2022-02-05,0,0.49999999999999994,0.8660254037844387
2022-02-05,0,2.558387803178674,48,6.8960016063157,63.24979749035652,6.359013134252885,23.066269061639595,82.53401814445006,1.266244778416515,923.8746382231078,2022-02-06,0,0.49999999999999994,0.8660254037844387
2022-02-06,0,1.1725050363394924,40,4.998933325485341,33.68801200543854,4.745158851380772,22.74939175404727,83.92690483653989,1.3406515287792484,923.990977070226,2022-02-07,1,0.49999999999999994,0.8660254037844387
2022-02-07,1,7.877099134040583,51,11.607991973558729,32.009847479368545,9.193033945918916,20.98723393412441,88.95544940059179,1.6000089232429506,924.948272763593,2022-02-08,0,0.49999999999999994,0.8660254037844387
2022-02-08,0,1.3988813454294624,36,10.448485515809518,23.722505761909208,0.3451398201077532,21.23563779272809,77.03105721745538,1.9185013065904133,925.2503078228152,2022-02-09,0,0.49999999999999994,0.8660254037844387
2022-02-09,0,0.8262131278596376,34,10.102193607329662,18.170700249984865,0.062752694565046,20.929008640857145,70.28831194577802,1.9764452904033487,925.3522660298328,2022-02-10,0,0.49999999999999994,0.8660254037844387
2022-02-10,0,0.5011439669193168,34,2.7262384402083946,15.602270899734332,0.0708357578295046,21.12742223734224,71.48235156666115,1.7994290887205406,925.3324321827066,2022-02-11,0,0.49999999999999994,0.8660254037844387
2022-02-11,0,0.7114419193385653,34,2.0387990141174974,15.045672333105701,0.207896781364468,21.439243316118947,74.59052424720328,1.7928512105125916,925.7569207288162,2022-02-12,0,0.49999999999999994,0.8660254037844387
2022-02-12,0,0.34319617536083635,32,1.5557820616186961,12.830480705287863,0.6701868866034678,21.825566792475144,75.19839574955772,1.6887032453560775,925.8136630912894,2022-02-13,0,0.49999999999999994,0.8660254037844387
2022-02-13,0,0.08570999395432781,31,1.1403480886537072,11.743685662902699,0.0394594105469816,22.75839122325057,72.88590223333009,1.4676863867913086,924.7374868773214,2022-02-14,0,0.49999999999999994,0.8660254037844387
2022-02-14,0,0.8352708858415488,31,1.2641770551566909,4.701857414703663,0.0,23.92667895087457,70.8820404333853,1.0589591015191626,923.9055670428296,2022-02-15,0,0.49999999999999994,0.8660254037844387
2022-02-15,0,0.2457488061990973,32,1.1667296859949516,3.5487248754732983,0.8177948321820471,23.50703873309113,73.90981664105963,1.8513726329076172,925.506243591541,2022-02-16,0,0.49999999999999994,0.8660254037844387
2022-02-16,0,1.6171924728110914,31,2.6982121648517152,4.339704220424752,0.7072485983575352,22.29058910075725,73.760889254958,1.5574641438638388,926.67690844846,2022-02-17,1,0.49999999999999994,0.8660254037844387
2022-02-17,1,7.801612051848986,52,9.664553330859153,11.64017230535442,2.5186322718507625,21.375277692571707,75.7124520362117,1.386736889360666,924.7269724347,2022-02-18,0,0.49999999999999994,0.8660254037844387
2022-02-18,0,2.9104216546718393,43,12.329226179331894,13.839152040687695,1.117222813899013,20.682361522067428,79.21704508699462,1.3370270926676548,922.239781996311,2022-02-19,0,0.49999999999999994,0.8660254037844387
2022-02-19,0,0.25122038443446465,35,10.963254090955267,13.747176249761324,1.8211061502002392,21.24970992746314,74.01384486594367,1.23266869641938,924.0130982278164,2022-02-20,0,0.49999999999999994,0.8660254037844387
2022-02-20,0,3.247176444646077,47,6.408818483752359,16.908642700453072,0.8854462508557522,23.107737285535748,70.79569311591784,1.250140197526943,926.678817530246,2022-02-21,0,0.49999999999999994,0.8660254037844387
2022-02-21,0,2.9269482348029987,38,6.425345063883518,19.000320049414523,0.1823624890402784,23.468813739043046,69.19804183024475,1.1602981850387415,928.0740122505164,2022-02-22,1,0.49999999999999994,0.8660254037844387
2022-02-22,1,2.699185464298852,39,8.873310143747906,21.45375670751428,0.8064479597667533,24.18121680278152,69.3742238130681,1.1673441392140018,927.9607312600388,2022-02-23,1,0.49999999999999994,0.8660254037844387
2022-02-23,1,5.673127176642459,43,11.299260875744288,25.509691411345642,7.535729228189718,23.386024772611304,76.42471162733807,1.1941243402264683,926.6144222395214,2022-02-24,0,0.49999999999999994,0.8660254037844387
2022-02-24,0,0.253400942040914,31,8.625713582982202,17.961480301537573,0.4686168781489313,23.54703507338326,75.35807121119237,1.3921798345168852,927.7348904321804,2022-02-25,0,0.49999999999999994,0.8660254037844387
2022-02-25,0,0.15839139153679152,32,6.084919510220141,15.209450038402524,0.3125323108440266,24.673381098816428,68.41646318805587,1.665852040076561,929.4864810306992,2022-02-26,0,0.49999999999999994,0.8660254037844387
2022-02-26,0,0.11119425831082803,32,0.5229865918885114,15.069423912278888,0.0279434780852059,24.422631014852115,65.72788108555262,1.4059015629483085,929.8155258974782,2022-02-27,0,0.49999999999999994,0.8660254037844387
2022-02-27,0,0.5418262881081665,31,0.8114119379557638,12.364073755740979,1.2263905565518785,24.31637750493016,69.4270343058135,1.3782639291123937,928.1909342570992,2022-02-28,0,0.49999999999999994,0.8660254037844387
2022-02-28,0,0.19321393057924466,31,0.846234476998217,9.630339451517223,0.0669322512397659,25.671437221536326,65.2772045834371,1.4413199678831623,926.2023545630892,2022-03-01,1,0.8660254037844386,0.5000000000000001
2022-03-01,1,25.73380038051794,31,26.46884059920533,32.664954367736314,8.894378420463834,24.79421360257804,68.62613284015518,1.732864440886034,926.3577953046566,2022-03-02,1,0.8660254037844386,0.5000000000000001
2022-03-02,1,13.275082441792508,25,39.20209675288967,40.26690963288636,0.3856952551577839,24.333699648182076,71.57527365490104,1.269114115640926,927.0186359876128,2022-03-03,1,0.8660254037844386,0.5000000000000001
2022-03-03,1,4.948460148037842,18,43.957342970348265,44.961968838883294,0.070337970184437,24.855017587085825,69.00849408264432,1.1656827120858668,927.0725376319932,2022-03-04,1,0.8660254037844386,0.5000000000000001
2022-03-04,1,16.528232232551677,34,34.751774822382,61.33180967989817,1.8844138970747348,23.57276580381494,73.93873785986517,1.255948011898801,927.610855062734,2022-03-05,1,0.8660254037844386,0.5000000000000001
2022-03-05,1,10.425255642800527,22,31.901948023390027,71.64587106438788,2.0100264694443224,23.74248404391513,73.9365765438399,1.2593712743890462,927.1544718371688,2022-03-06,1,0.8660254037844386,0.5000000000000001
2022-03-06,1,7.086288793440557,26,34.03977666879274,78.19033356972027,1.635462861133901,24.40417183821848,70.92474223902504,1.4581387158184544,926.5742509476288,2022-03-07,1,0.8660254037844386,0.5000000000000001
2022-03-07,1,11.184929996681921,24,28.696474432922983,89.18204963582293,0.7137844794618705,24.550871382299228,70.23648121622367,1.1232556236277556,926.2432119517932,2022-03-08,0,0.8660254037844386,0.5000000000000001
2022-03-08,0,5.037527094145397,21,23.308745884267854,68.4857763494504,0.8074264914051208,25.123869678050788,70.86349043094157,1.4539896440042686,927.0828626595218,2022-03-09,1,0.8660254037844386,0.5000000000000001
2022-03-09,1,5.9175327677243486,18,22.139989858551644,61.12822667538224,1.856511082021434,24.99696833939572,69.32593595256272,1.7381121345244317,927.2855399254844,2022-03-10,1,0.8660254037844386,0.5000000000000001
2022-03-10,1,3.8482211870672534,22,14.803281048936977,60.02798771441165,1.9983374083591263,25.20062004611453,65.43120432109205,1.580744602590565,926.1813071395776,2022-03-11,1,0.8660254037844386,0.5000000000000001
2022-03-11,1,4.867249371848202,39,14.633003326639784,48.367004853708174,6.217554271637395,23.69277823640191,73.60737603825768,1.4564978713753738,927.0573832251058,2022-03-12,1,0.8660254037844386,0.5000000000000001
2022-03-12,1,34.351645960939294,57,43.06711651985473,72.29339517184694,21.127697211806733,22.87819543672296,79.93609954016104,1.4313725031051163,927.7758977941336,2022-03-13,1,0.8660254037844386,0.5000000000000001
2022-03-13,1,11.762008019998955,44,50.98090335278643,76.96911439840534,1.602112342885461,22.96598802927508,80.06229931705771,1.0619061211732828,928.8522434847368,2022-03-14,1,0.8660254037844386,0.5000000000000001
2022-03-14,1,15.2543444914029,60,61.36799847234113,81.03852889312631,29.65982637627905,22.346063907535708,85.74650627265869,1.066259021058214,926.8793229608684,2022-03-15,1,0.8660254037844386,0.5000000000000001
2022-03-15,1,33.463386962927835,55,60.47973947432967,109.46438876190875,8.898458323312488,22.680244318376676,85.10796085697201,1.0980814960948442,927.012727351178,2022-03-16,1,0.8660254037844386,0.5000000000000001
2022-03-16,1,15.924466147338672,57,64.6421976016694,119.47132214152309,6.705333034196968,23.7057603214309,79.64340921406264,1.3505137948078278,927.6303138296316,2022-03-17,0,0.8660254037844386,0.5000000000000001
2022-03-17,0,6.94189067735317,40,56.329743787619655,122.564991631809,6.998094099672127,24.422811392287755,76.48756904652562,1.47548918684094,928.6474522614664,2022-03-18,0,0.8660254037844386,0.5000000000000001
2022-03-18,0,5.716309931649734,24,28.582666756341553,123.41405219161054,1.5223002297878994,25.522838846216835,72.07668307857269,1.0662886599733272,929.4136849184558,2022-03-19,0,0.8660254037844386,0.5000000000000001
2022-03-19,0,4.140256972843869,22,16.79845758184675,93.20266320351509,2.9091717612811943,24.690275507242724,75.11146845327717,1.306839002564102,928.5264021452838,2022-03-20,0,0.8660254037844386,0.5000000000000001
2022-03-20,0,6.567570822375646,50,16.424137726869226,88.0082260058918,14.299437533180344,20.120070083463155,86.51411363447492,2.313175601965996,931.0817045457262,2022-03-21,1,0.8660254037844386,0.5000000000000001
2022-03-21,1,0.7352047790544056,22,11.4430325742739,73.4890862935433,0.9509657903610442,19.29553532061264,76.94108833396656,2.787353135482125,933.0808492265812,2022-03-22,0,0.8660254037844386,0.5000000000000001
2022-03-22,0,0.12669821193053687,15,7.429473813360567,40.152397542546,0.0078440868206307,20.508772343611856,67.86156149017268,2.3914835098280243,932.6001080219193,2022-03-23,0,0.8660254037844386,0.5000000000000001
2022-03-23,0,0.0972352498888449,17,0.9591382408737661,24.32516664509617,0.0473034973676123,22.121109720527727,69.38295407919662,1.7317005374946322,930.6479705024334,2022-03-24,0,0.8660254037844386,0.5000000000000001
2022-03-24,0,0.7094368982613874,18,0.9333703600807479,18.092712866004387,0.0279434780852059,23.47316331178039,69.43459991665196,1.623053176906594,928.1835658900372,2022-03-25,1,0.8660254037844386,0.5000000000000001
2022-03-25,1,0.28826020358320104,16,1.0949323517334122,12.664663137937856,3.260105490029823,23.90468664485394,73.0259028605105,1.5218343832784558,927.200798718182,2022-03-26,1,0.8660254037844386,0.5000000000000001
2022-03-26,1,0.016356382287525995,16,1.0140534841320932,8.540762547381512,2.0356087102764477,23.654045871038303,77.16924677083122,1.2698144885633662,926.7424851303948,2022-03-27,0,0.8660254037844386,0.5000000000000001
2022-03-27,0,9.93832417135082,36,10.242940757221525,11.911515896356686,3.361592856571895,22.92305137468475,81.93893014734329,0.884021174413127,929.0992104641174,2022-03-28,1,0.8660254037844386,0.5000000000000001
2022-03-28,1,3.700394466001316,26,13.65507501963964,14.876705583303597,5.125498741378113,22.399833284877182,80.12555048104475,1.4700871768732464,931.0888984199204,2022-03-29,0,0.8660254037844386,0.5000000000000001
2022-03-29,0,1.669725133133482,20,15.308443770485596,16.41973250450654,3.055418012021524,23.02854960729608,76.90053686101719,1.2640341152376309,934.9547944506098,2022-03-30,0,0.8660254037844386,0.5000000000000001
2022-03-30,0,0.008309372348622788,16,5.378428971483399,16.33080662696632,1.4307632537338328,23.80090353926324,74.99935001912519,1.2023098942062964,932.1348405333327,2022-03-31,0,0.8660254037844386,0.5000000000000001
2022-03-31,0,3.03878507095887,31,4.716819576440954,18.6601547996638,11.956698609871552,20.84344314707465,83.37118641763041,1.914117902724331,934.1641807743408,2022-04-01,0,1.0,6.123233995736766e-17
2022-04-01,0,5.998526019735851,67,9.045620463043324,24.370420615816453,13.720353137877806,18.295967098401963,87.79597993509132,1.7789683647540633,938.6130923528724,2022-04-02,0,1.0,6.123233995736766e-17
2022-04-02,0,1.7198558222371874,67,10.757166912931886,26.073920055766116,8.223609982392782,19.592071125755567,84.65232051556556,1.942237881931919,938.9450184520528,2022-04-03,0,1.0,6.123233995736766e-17
2022-04-03,0,0.09017514920883707,59,7.808556991181854,16.22577103362413,2.7863448951829084,22.15642930627072,78.16543166650462,1.7667609424911357,936.6908501419172,2022-04-04,1,1.0,6.123233995736766e-17
2022-04-04,1,0.00914969357357129,54,1.8191806650195743,12.534526261196385,0.8865706152035581,23.71269664048573,74.95207727535502,1.4222966805679316,934.7065407109236,2022-04-05,0,1.0,6.123233995736766e-17
2022-04-05,0,1.25487605395907,56,1.354200896741457,12.119677182021974,4.60054605629476,22.307212455501418,81.6772522767128,1.3422290433017454,934.9413855624118,2022-04-06,0,1.0,6.123233995736766e-17
2022-04-06,0,0.24438813818210625,52,1.5084138857147262,12.355755947855457,0.3313116150199936,21.92812634100883,76.85554769576237,1.4822122842313117,935.8423785554684,2022-04-07,0,1.0,6.123233995736766e-17
2022-04-07,0,0.08577871489696501,53,1.58504290703812,9.402749591793553,0.0745736964095128,21.217875555851037,76.35734450945816,1.3600999021533735,935.1424500499728,2022-04-08,1,1.0,6.123233995736766e-17
2022-04-08,1,4.459956107858599,56,4.79012296093765,7.864179679916301,3.067404996728716,22.465443536576498,75.88884903925275,1.3723100083643895,934.3277618995684,2022-04-09,0,1.0,6.123233995736766e-17
2022-04-09,0,2.7531939352082344,60,7.298928757963777,8.897517792887347,6.9137119026697205,22.69451536945449,80.33011617894917,1.038574096353708,933.6418056024072,2022-04-10,0,1.0,6.123233995736766e-17
2022-04-10,0,0.11042406392253415,25,7.323574106989347,8.917766707601045,0.2797908648634651,22.436670395428663,74.45662809432403,1.226818366872661,933.3515650278512,2022-04-11,0,1.0,6.123233995736766e-17
2022-04-11,0,0.13314083571310006,25,2.996758834843847,9.041757849740574,0.1378197761701904,22.03719226976196,73.46614038704892,1.1543850368397783,932.3191563599482,2022-04-12,0,1.0,6.123233995736766e-17
2022-04-12,0,0.8389749747156774,27,1.0825398743512902,8.625856770497181,1.346232418855938,22.79944502571266,77.44285107254687,1.0654447779266003,931.2317817136036,2022-04-13,0,1.0,6.123233995736766e-17
2022-04-13,0,1.450158097093924,31,2.4222739075226802,9.831626729408999,5.677144339631911,22.29160955967858,81.83953191967773,1.0227693707536625,931.5825358271622,2022-04-14,0,1.0,6.123233995736766e-17
2022-04-14,0,0.36747151655562016,66,2.6566045883652003,10.113319531067654,5.229303414888589,21.170260165076357,81.64236495557088,1.7323347998084253,931.1843011564096,2022-04-15,1,1.0,6.123233995736766e-17
2022-04-15,1,0.8133185345046491,67,2.630948148154172,6.466681957713703,1.082581522388084,17.69434922651185,71.58990606991551,2.0205130863525342,933.9853869764512,2022-04-16,0,1.0,6.123233995736766e-17
2022-04-16,0,1.1011897308171565,66,2.2819797818774044,4.814677753322625,0.2169341309783479,16.381285465988782,72.84902738949043,1.1281158953626242,936.08564002135,2022-04-17,0,1.0,6.123233995736766e-17
2022-04-17,0,0.9173804607013626,71,2.8318887260231467,5.621634150101454,0.5414886623209638,17.24113417991588,74.66359344037896,1.1175028103869329,937.0637218006492,2022-04-18,0,1.0,6.123233995736766e-17
2022-04-18,0,0.05048460022335708,59,2.0690547917418547,5.538977914611711,0.4119792536783884,17.619239980672663,74.38751669121388,0.9608998114418564,936.9449716034036,2022-04-19,0,1.0,6.123233995736766e-17
2022-04-19,0,0.2542311346457573,58,1.2220961955704557,4.954234074541791,0.0159271500850893,19.27133245369482,73.72020997163891,0.7587855603542721,937.07781411188,2022-04-20,0,1.0,6.123233995736766e-17
2022-04-20,0,0.003949128255313777,57,0.3086648631244069,3.508025105703181,0.0876249878009191,19.369516035637865,75.72165734595065,1.2131163939594318,937.1013021052652,2022-04-21,0,1.0,6.123233995736766e-17
2022-04-21,0,0.003940754862381578,58,0.26212101776343133,3.144494344009942,0.0281056263205547,19.808946576270134,71.92201845093895,0.9956870584972412,934.4107214254092,2022-04-22,0,1.0,6.123233995736766e-17
2022-04-22,0,0.0012490518667891465,58,0.009138934984463184,2.332424861372082,0.3724166932532033,20.102501664733,71.24836733887786,0.9077774383823086,931.083214983556,2022-04-23,0,1.0,6.123233995736766e-17
2022-04-23,0,0.09038312412622791,57,0.09557293085537732,1.321618254681154,1.0182975034951256,21.77496253655396,63.180142944707256,2.091942101149876,929.8015448601,2022-04-24,0,1.0,6.123233995736766e-17
2022-04-24,0,0.0,58,0.09163217599299575,0.4042377939797913,0.0,20.574583028088966,71.99806782182407,0.918879675101317,936.7687975629992,2022-04-25,0,1.0,6.123233995736766e-17
2022-04-25,0,0.0,57,0.0903831241262066,0.3537531937564342,0.0910972973294286,21.765710163397014,72.28559680219735,1.5866049622368927,937.8099942275924,2022-04-26,0,1.0,6.123233995736766e-17
2022-04-26,0,0.061504804096773606,58,0.06150480409675229,0.1610268632074505,0.1947097424822132,22.341428841138,72.93426277487391,0.855917681870363,936.3403569109664,2022-04-27,0,1.0,6.123233995736766e-17
2022-04-27,0,0.09588152613235258,60,0.15738633022910486,0.2529592610844893,0.0345895678981567,22.54369209068154,69.10627032764407,1.0694493298144356,935.3070654424088,2022-04-28,0,1.0,6.123233995736766e-17
2022-04-28,0,0.23629678527060868,57,0.3936831154997136,0.48531529149271635,0.0318543001701786,22.922447894771743,67.28329416885656,1.115917637096,936.4466766310854,2022-04-29,0,1.0,6.123233995736766e-17
2022-04-29,0,0.8291884476422379,65,1.161366759045178,1.3132546872681652,1.6785355804797626,20.814633050397795,78.27954817195126,1.7413274986993466,938.1442286277138,2022-04-30,0,1.0,6.123233995736766e-17
2022-04-30,0,7.334271754017253,74,8.399756986930079,8.557143317159191,7.352186946913948,19.903518670458823,84.15490296123149,1.5505533735207977,938.306373592325,2022-05-01,0,0.8660254037844387,-0.4999999999999998
2022-05-01,0,0.2655009485622239,65,8.428961150221694,8.822644265721415,0.6295512760238188,21.74936068664267,75.03430980261233,1.184792317406479,935.0495914352972,2022-05-02,0,0.8660254037844387,-0.4999999999999998
2022-05-02,0,0.8180850160235901,60,8.417857718603047,9.640729281745005,1.8383676189635736,22.037126591611266,73.62428129186328,0.8506519565177518,935.0816307422464,2022-05-03,0,0.8660254037844387,-0.4999999999999998
2022-05-03,0,0.046241102480035004,56,1.1298270670658286,9.625465580128266,0.1451451753839206,22.83033356005227,70.20113386404577,1.1852093122270064,933.3824271370204,2022-05-04,0,0.8660254037844387,-0.4999999999999998
2022-05-04,0,4.618536003068599,72,5.482862121572204,14.148120057064512,9.567163454951636,18.6881719939436,80.71900970597387,1.6311143642074388,931.0281396214529,2022-05-05,0,0.8660254037844387,-0.4999999999999998
2022-05-05,0,0.5232527780926265,62,5.18802988364124,14.43507604988653,0.4024355627138883,15.82649851325086,78.48629011510693,1.373530558139574,935.265632035589,2022-05-06,0,0.8660254037844387,-0.4999999999999998
2022-05-06,0,0.3759565172362874,59,5.517745298397493,13.981844119480579,0.4432105741089205,17.30073564697765,78.29642897930664,1.4373240772790346,939.0468537626014,2022-05-07,0,0.8660254037844387,-0.4999999999999998
2022-05-07,0,0.00330508029864169,56,0.9025143756275352,6.650877445761968,0.0662048916245075,16.596165540744902,78.85850562599322,1.5619100873312892,939.7884760317352,2022-05-08,0,0.8660254037844387,-0.4999999999999998
2022-05-08,0,0.002196176349839176,55,0.3814577738847479,6.387572673549584,0.1277112143703299,17.900963917121086,77.70927633015404,1.6600264722064255,938.9280967436058,2022-05-09,0,0.8660254037844387,-0.4999999999999998
2022-05-09,0,0.0017530406773241661,44,0.007254297325784604,5.571240698203317,0.0603534778358368,18.711387626054623,75.91027162675037,1.3220388514129573,938.6148440892669,2022-05-10,0,0.8660254037844387,-0.4999999999999998
2022-05-10,0,0.07850174396519592,53,0.08245096099233884,5.603501339688479,0.0466058958982733,18.52301615203516,73.98361675602688,1.0413070443580617,936.5558984388632,2022-05-11,1,0.8660254037844387,-0.4999999999999998
2022-05-11,1,5.604169817650836,74,5.684424602293335,6.589135154270715,2.668429300011521,18.75626324124368,80.10515352382573,1.099193921709942,933.6847335646596,2022-05-12,0,0.8660254037844387,-0.4999999999999998
2022-05-12,0,0.0893843675137066,60,5.772055929129717,6.155266743691795,0.3803037283823139,18.64318406431109,80.87997124157071,0.9821036796372724,934.4896847660348,2022-05-13,0,0.8660254037844387,-0.4999999999999998
2022-05-13,0,0.07640559552625735,57,5.769959780690779,5.855715821981764,0.0582039256730696,18.45155164342883,76.80122468015169,0.94206027952712,936.5979072058255,2022-05-14,0,0.8660254037844387,-0.4999999999999998
2022-05-14,0,0.04809164232758094,56,0.21388160536752446,5.9005023840107045,0.0560491044057607,19.13467526487437,75.71920545384107,1.07230109292575,936.248338906672,2022-05-15,0,0.8660254037844387,-0.4999999999999998
2022-05-15,0,4.641837766476601,73,4.766335004330419,10.540143974137466,6.903904065985976,18.88038624287581,83.57175739561151,1.4978624341982991,932.5888896534556,2022-05-16,0,0.8660254037844387,-0.4999999999999998
2022-05-16,0,0.13873718888203168,55,4.828666597686194,10.677128122342175,0.3551281658579999,18.296602307772016,79.90142599235176,1.315881379281176,933.3634598679828,2022-05-17,0,0.8660254037844387,-0.4999999999999998
2022-05-17,0,0.2461690611445321,55,5.0267440165031445,10.84479543952151,0.1399845211679286,14.766896973508468,65.5201063429063,2.087111230440201,933.3929346658244,2022-05-18,0,0.8660254037844387,-0.4999999999999998
2022-05-18,0,0.5964225724518519,54,0.9813288224783953,5.837048194322526,0.0,10.067404060894043,63.3700885688563,3.2304565434165817,932.0491970632552,2022-05-19,0,0.8660254037844387,-0.4999999999999998
2022-05-19,0,0.0,52,0.8425916335963636,5.74766382680882,0.0,10.845041538965896,74.10226683440371,1.6482881883107432,933.9033393333724,2022-05-20,0,0.8660254037844387,-0.4999999999999998
2022-05-20,0,0.0,52,0.5964225724518315,5.671258231282563,0.0882054342615882,11.699650930926486,74.32947842901122,0.6285151148447422,938.4187983896588,2022-05-21,0,0.8660254037844387,-0.4999999999999998
2022-05-21,0,0.0015750411879429033,53,0.0015750411879224752,5.624741630142924,0.024194804235582,13.612534693765326,70.98127782197969,0.750849061084979,940.592042265846,2022-05-22,0,0.8660254037844387,-0.4999999999999998
2022-05-22,0,0.013145667101871228,54,0.014720708289793704,0.9960495307681942,0.0400222675102064,15.012161830398767,69.03165748407143,0.9516405310914386,940.0500173274564,2022-05-23,0,0.8660254037844387,-0.4999999999999998
2022-05-23,0,0.014624607067714922,52,0.029345315357508624,0.8719369489538775,0.0760269580261227,16.104530880111508,69.11140784720075,1.0555407804275827,938.9642620948202,2022-05-24,0,0.8660254037844387,-0.4999999999999998
2022-05-24,0,0.02843132745500524,52,0.05620160162457096,0.6541992152643507,0.0986001979241629,16.960493051071154,69.06575095766057,0.8467528794544814,939.8188146742144,2022-05-25,0,0.8660254037844387,-0.4999999999999998
2022-05-25,0,0.03673868592082037,53,0.0797946204435201,0.09451532873331914,0.119187357058045,16.961262700244532,68.06044683805223,1.0602588791374143,941.3732703155656,2022-05-26,0,0.8660254037844387,-0.4999999999999998
2022-05-26,0,0.01476961000833665,49,0.07993962338414183,0.10928493874165579,0.0379403079278586,16.92437140016366,70.44641779806099,0.7874263082076527,941.2248952026646,2022-05-27,0,0.8660254037844387,-0.4999999999999998
2022-05-27,0,0.011089064089246297,51,0.0625973600183829,0.12037400283090208,0.0186624178130673,17.557943391623756,69.62559926718092,1.0382366426529994,938.977745380847,2022-05-28,0,0.8660254037844387,-0.4999999999999998
2022-05-28,0,0.03439832532107919,52,0.06025699941864171,0.1531972869640384,0.0281056263205547,17.394609558057304,68.48104423612645,0.9795385508997654,936.45177244825,2022-05-29,0,0.8660254037844387,-0.4999999999999998
2022-05-29,0,0.023493022376471898,52,0.06898041178677695,0.16354464223863904,0.5568333945358795,19.070586287159117,62.73880231683825,1.662430846147934,933.5175863268726,2022-05-30,1,0.8660254037844387,-0.4999999999999998
2022-05-30,1,16.7439236094521,73,16.80181495714963,16.892843644623024,14.7585493270679,18.54600861326836,75.61886741622311,1.1295940359093806,932.1533927463796,2022-05-31,0,0.8660254037844387,-0.4999999999999998
2022-05-31,0,10.187776092254275,72,26.955192724082828,27.052188409422293,10.59334730570332,17.21449487771347,90.21365640118388,1.432210563947829,934.878255285522,2022-06-01,0,0.49999999999999994,-0.8660254037844387
2022-06-01,0,2.1120887652587657,72,29.04378846696512,29.127538488760237,7.263467725673084,17.791204053075397,88.20266093169491,0.7768111307516358,935.1154938206354,2022-06-02,0,0.49999999999999994,-0.8660254037844387
2022-06-02,0,0.05568425640100769,60,12.355549113914027,29.16845313515291,1.2255065158450158,17.971050595149915,85.60388454961395,0.9158269636393368,934.3320385723777,2022-06-03,0,0.49999999999999994,-0.8660254037844387
2022-06-03,0,0.43971555925699557,68,2.6074885809167476,29.59707963032066,1.5966233951007078,16.537454248394525,85.22431853284873,1.6373867561870816,937.5150354949586,2022-06-04,0,0.49999999999999994,-0.8660254037844387
2022-06-04,0,0.5825535501084457,70,1.0779533657664278,30.145234855108026,1.4589973175769615,15.844099388486898,82.52172452802014,1.7655696664273963,939.7888246740986,2022-06-05,0,0.49999999999999994,-0.8660254037844387
2022-06-05,0,0.05247609971195022,58,1.0747452090773701,30.174217932443504,0.2035141656109413,16.991202865824388,77.8460694352471,1.2471766537335407,938.933089440611,2022-06-06,0,0.49999999999999994,-0.8660254037844387
2022-06-06,0,0.008556933513962842,57,0.6435865833343374,13.438851256505368,0.0752484235851222,17.582408383457043,78.29516011714288,0.9727348724788736,935.8363556810114,2022-06-07,0,0.49999999999999994,-0.8660254037844387
2022-06-07,0,2.6012141613264586,71,2.66224719455235,5.8522893255775505,3.8841241278239513,17.661284705926256,79.78302990720692,1.0368340575990893,933.386530792832,2022-06-08,0,0.49999999999999994,-0.8660254037844387
2022-06-08,0,4.928749668354602,71,7.5385207631950015,8.668950228673387,4.207954250789333,17.434612273378512,88.93915103906538,0.8811851221036048,933.8846895938718,2022-06-09,0,0.49999999999999994,-0.8660254037844387
2022-06-09,0,5.49564371542727,69,13.025607545108308,14.108909687699647,4.916439063762451,17.30530267322498,87.38914585868709,0.8164486172769119,935.63902819211,2022-06-10,1,0.49999999999999994,-0.8660254037844387
2022-06-10,1,9.219094766272445,72,19.643488150054296,22.888288894715096,6.893391325679641,17.839535348980494,87.66574108436672,1.37542639520773,934.890603225525,2022-06-11,0,0.49999999999999994,-0.8660254037844387
2022-06-11,0,0.4204281484073289,65,15.13516663010702,22.72616349301398,0.1869436414503898,15.755663950065138,83.06745227104312,1.133645147030886,936.402554882003,2022-06-12,0,0.49999999999999994,-0.8660254037844387
2022-06-12,0,0.10473973822648622,57,9.744262652906238,22.778427131528517,0.0581042388626047,12.935822402058932,74.74735931054533,0.7935929252343512,936.8257038295546,2022-06-13,0,0.49999999999999994,-0.8660254037844387
2022-06-13,0,0.21223398641912955,57,0.7374018730529234,22.982104184433684,0.0804914014462608,11.246247599313897,72.52345106299151,1.1773067448113506,939.7309994433152,2022-06-14,0,0.49999999999999994,-0.8660254037844387
2022-06-14,0,0.0614734301278833,57,0.37844715477347773,20.44236345323511,0.1930572416556788,12.770031675604711,77.46367299612544,1.2158368240575217,940.1723684348844,2022-06-15,0,0.49999999999999994,-0.8660254037844387
2022-06-15,0,0.07674303102308852,58,0.35045044757008004,15.590356815903595,0.052837331922431,14.232425413476012,76.06380688803364,0.9333973165863794,939.4407421312786,2022-06-16,0,0.49999999999999994,-0.8660254037844387
2022-06-16,0,0.07556348887538164,58,0.21377995002633216,10.170276589351708,0.0925077294463774,15.62917194382947,72.25509055240875,0.6194786699398753,937.5996191994632,2022-06-17,0,0.49999999999999994,-0.8660254037844387
2022-06-17,0,0.03167045175340851,57,0.18397697165185734,0.9828522748326711,0.0716392793355306,16.65815029244228,68.17908324913658,0.95963270806825,933.2736154987488,2022-06-18,0,0.49999999999999994,-0.8660254037844387
2022-06-18,0,0.5215027489189212,68,0.62873668954769,1.0839268753442635,1.4804064779804338,17.140877535771466,79.44805220487497,1.70469966605744,935.2252274178802,2022-06-19,0,0.49999999999999994,-0.8660254037844387
2022-06-19,0,0.048188787457651455,59,0.6013619881299598,1.0273759245754288,0.3161996708141904,15.24575494750768,83.33989145335278,1.3222248441551212,939.4879516769864,2022-06-20,0,0.49999999999999994,-0.8660254037844387
2022-06-20,0,0.01059024304599253,57,0.5802817794225439,0.8257321812022916,0.9688219206621376,15.68733120380595,84.6995140369135,0.8959816156343848,938.7704047420204,2022-06-21,0,0.49999999999999994,-0.8660254037844387
2022-06-21,0,0.005047417078079098,56,0.06382644758170176,0.7693061681524874,0.104136182765772,17.30996809640656,79.28744978763697,0.9839485756191512,937.4156047341336,2022-06-22,0,0.49999999999999994,-0.8660254037844387
2022-06-22,0,0.008610027098058784,56,0.024247687222109095,0.7011731642274578,0.0422715064834386,19.268160931879848,68.9134603484238,1.265402076348456,935.9925767160609,2022-06-23,0,0.49999999999999994,-0.8660254037844387
2022-06-23,0,0.001697272099451139,58,0.015354716275567705,0.6273069474515273,0.0281056263205547,19.0981434614812,64.62418627485792,0.8925093493061557,937.0942495660132,2022-06-24,0,0.49999999999999994,-0.8660254037844387
2022-06-24,0,0.005897258328597444,46,0.01620455752608605,0.6015337540267162,0.0345895678981567,17.708370692033963,68.06210921456876,0.673501561083867,938.0576568522854,2022-06-25,0,0.49999999999999994,-0.8660254037844387
2022-06-25,0,,0,,,0.2161138391055309,16.37118343917286,76.44003311702674,1.3271912663024907,939.1419542746028,2022-06-26,0,0.49999999999999994,-0.8660254037844387
2022-06-26,0,0.47202817394852026,53,,,2.338872450136725,15.689832305677944,82.06265916851684,1.871903728036964,939.7883253153448,2022-06-27,0,0.49999999999999994,-0.8660254037844387
2022-06-27,0,0.008250276395931278,56,,,0.5483539472422305,15.22196976861187,80.19811829228955,1.4253371793499026,939.2342274115348,2022-06-28,0,0.49999999999999994,-0.8660254037844387
2022-06-28,0,0.0018040621773541458,55,0.48208251252178436,,0.1385600040094854,15.974561496294143,78.18043840511083,0.9854667312692296,937.2893986191708,2022-06-29,0,0.49999999999999994,-0.8660254037844387
2022-06-29,0,0.11640852500695889,56,0.12646286358022302,,0.0224110916626912,17.561377728562128,72.19227650204573,1.6538925409922518,935.2385935482912,2022-06-30,0,0.49999999999999994,-0.8660254037844387
2022-06-30,0,0.014556197096084468,55,0.1327687842803762,,0.024194804235582,16.00942614768959,75.28404065759369,0.8592088033491506,936.943815461173,2022-07-01,0,1.2246467991473532e-16,-1.0
2022-07-01,0,0.012493129417489573,67,0.1434578515205116,,0.1366766046261297,14.862023891440916,75.75255950200753,0.7359383702129991,937.7067690313986,2022-07-02,0,1.2246467991473532e-16,-1.0
2022-07-02,0,0.02838060200348403,69,0.05542992851703676,0.6539209660457872,0.056602725740926,17.747337807002275,69.99265378830961,1.388528054833356,938.3485536398427,2022-07-03,0,1.2246467991473532e-16,-1.0
2022-07-03,0,0.0012323908757107796,68,0.04210612229666307,0.1831251829729777,0.0864217216886974,18.44918033230146,69.25114467101729,0.7120792964239033,940.99746284867,2022-07-04,0,1.2246467991473532e-16,-1.0
2022-07-04,0,0.0,68,0.029612992879173492,0.1748749065770464,0.0281056263205547,17.57795517182553,70.04135620393879,0.9011720797916108,940.3671602703166,2022-07-05,0,1.2246467991473532e-16,-1.0
2022-07-05,0,0.0037399504600656047,69,0.004972341335755068,0.1768107948597579,0.1249156509517214,16.873505889736734,67.73616263369905,1.0162937536918626,938.79982545144,2022-07-06,0,1.2246467991473532e-16,-1.0
2022-07-06,0,0.0,66,0.003739950460044288,0.060402269852798986,0.0605135478258987,16.295845264369255,69.34892386397834,0.881303867588777,937.951606950248,2022-07-07,0,1.2246467991473532e-16,-1.0
2022-07-07,0,0.0022427265311831543,68,0.005982676991227442,0.04808879928789767,0.0,17.885881178573843,63.41853070718699,1.168017605278524,937.938573150314,2022-07-08,0,1.2246467991473532e-16,-1.0
2022-07-08,0,0.0,69,0.002242726531161838,0.035595669870408096,0.0224110916626912,17.258931063514638,68.1903430145571,0.9102153220292154,940.9385520701588,2022-07-09,0,1.2246467991473532e-16,-1.0
2022-07-09,0,0.3544487762061498,70,0.35669150273731165,0.36166384407307384,0.0640106300260062,17.442174361815404,70.53633894079584,1.2924874936766666,941.4486011112632,2022-07-10,0,1.2246467991473532e-16,-1.0
2022-07-10,0,0.5209626950405261,45,0.8754114712466545,0.8813941482378891,0.0240326560002331,17.323817352825525,71.10275773030537,1.2314455582395103,938.902372521874,2022-07-11,0,1.2246467991473532e-16,-1.0
2022-07-11,0,0.01083410026703298,70,0.8862455715136875,0.8922282485049222,0.0224110916626912,18.043865711010497,63.650459980120026,1.6257790018270606,935.1346992683184,2022-07-12,0,1.2246467991473532e-16,-1.0
2022-07-12,0,0.10197385206443814,69,0.6337706473719759,0.9904621501092947,0.0129678831552038,19.74298279324685,57.05442166507604,2.185167622532977,934.623361770002,2022-07-13,0,1.2246467991473532e-16,-1.0
2022-07-13,0,0.44028067281848643,61,0.5530886251499363,1.4307428229277812,0.3713332066080431,17.258813484447256,77.92303739399077,1.684468325482258,939.1085018932216,2022-07-14,0,1.2246467991473532e-16,-1.0
2022-07-14,0,0.037081053668993405,68,0.5793355785518967,1.4655811500655913,0.2957311626524724,18.77050023177273,72.5814335381164,1.563505882955465,938.2877744997032,2022-07-15,0,1.2246467991473532e-16,-1.0
2022-07-15,0,0.2205224143226246,69,0.6978841408100831,1.6861035643882158,0.0220131578427692,19.29749008866896,65.10993886545748,1.5103277201726042,935.3309612702194,2022-07-16,0,1.2246467991473532e-16,-1.0
2022-07-16,0,0.24765074755897917,69,0.5052542155505758,1.5793055357410453,0.0064839415776019,20.219276985215767,61.32598164168759,1.597774283680749,933.9500280686128,2022-07-17,0,1.2246467991473532e-16,-1.0
2022-07-17,0,0.32671449263448527,69,0.7948876545160677,1.3850573333350045,0.1231948899744368,20.67407637531958,61.479933610525606,1.324276578434049,936.9835432784424,2022-07-18,0,1.2246467991473532e-16,-1.0
2022-07-18,0,0.2820851626740128,68,0.856450402867456,1.6563083957419844,1.2820901325609562,18.591895515351503,76.51201583170706,1.4892160940352954,941.0706749054208,2022-07-19,0,1.2246467991473532e-16,-1.0
2022-07-19,0,0.3846919961066672,68,0.993491651415144,1.9390265397842135,0.8651491989287489,19.607216812640218,73.77022025515674,1.2710877038568238,941.151812966493,2022-07-20,0,1.2246467991473532e-16,-1.0
2022-07-20,0,0.01934991102349825,67,0.6861270698041569,1.5180957779892252,0.3540015550223345,18.9890884837099,74.36186475981849,1.71459207626453,939.9875174516033,2022-07-21,0,1.2246467991473532e-16,-1.0
2022-07-21,0,0.1842068200591538,67,0.588248727189298,1.6652215443793859,0.1243988882466822,18.357773465117404,72.26777925925914,1.1578474709092677,937.698046889969,2022-07-22,0,1.2246467991473532e-16,-1.0
2022-07-22,0,0.42088579347517785,67,0.6244425245578086,1.865584923531939,0.0331849612455286,18.184767275505703,68.02011567860563,0.7265237310940188,936.8273699534062,2022-07-23,0,1.2246467991473532e-16,-1.0
2022-07-23,0,0.770242808316215,62,1.3753354218505254,2.3881769842891747,0.0224110916626912,18.43539279483659,62.07780864584301,0.7894482414252058,937.30332462152,2022-07-24,0,1.2246467991473532e-16,-1.0
2022-07-24,0,0.0,68,1.1911286017913716,2.0614624916546895,0.0224110916626912,18.621229953439386,60.971044693218666,0.8232550701978987,938.2502248613268,2022-07-25,0,1.2246467991473532e-16,-1.0
2022-07-25,0,0.10064282589786344,65,0.8708856342140572,1.8800201548785402,0.0804914014462608,18.307300271795302,65.25955344843517,0.9829403911700498,938.9824925589288,2022-07-26,0,1.2246467991473532e-16,-1.0
2022-07-26,0,0.21393392169510758,67,0.31457674759294973,1.7092620804669805,0.0224110916626912,18.05907124637937,70.03200606589668,1.2244813931544365,939.3656960403446,2022-07-27,0,1.2246467991473532e-16,-1.0
2022-07-27,0,0.4033086328639136,68,0.7178853804568633,2.093220802307396,0.0279434780852059,18.10416661820781,72.48887459080868,1.0638681409316408,938.630020169733,2022-07-28,0,1.2246467991473532e-16,-1.0
2022-07-28,0,0.44888327456106797,67,1.066125829120068,2.35789725680931,0.1019509379538648,19.052178719770733,65.99863200973938,1.41930423291041,934.0288526499346,2022-07-29,0,1.2246467991473532e-16,-1.0
2022-07-29,0,7.412395952755792,70,8.264587860180752,9.349407416089925,5.157033994860727,17.126309558003655,70.02169688082262,1.5559865083261388,931.90844573163,2022-07-30,0,1.2246467991473532e-16,-1.0
2022-07-30,0,0.6949804462982241,67,8.556259673615063,9.274145054071932,0.0913151032702438,13.529655901690324,73.5905702931407,1.3608113692845651,936.1608999377144,2022-07-31,0,1.2246467991473532e-16,-1.0
2022-07-31,0,0.06596583373354944,68,8.173342232787546,9.340110887805482,0.0159271500850893,14.579715058290637,69.32922712180995,1.1358411129455548,937.4190934885156,2022-08-01,0,-0.4999999999999997,-0.8660254037844388
2022-08-01,0,0.012219388295511899,39,0.7731656683272641,9.25168745020313,0.0464437476629244,17.605796947003263,65.52719415759499,1.207601446461201,936.1254289319965,2022-08-02,0,-0.4999999999999997,-0.8660254037844388
2022-08-02,0,0.22892293841461706,38,0.3071081604436571,9.26667646692264,0.0,19.60004889276593,59.32173642552214,0.976342885026684,936.3852307008954,2022-08-03,0,-0.4999999999999997,-0.8660254037844388
2022-08-03,0,0.3539764962750051,37,0.5951188229851128,9.21734433033373,0.0,19.02880350590276,62.68688012521972,1.2669702823693,936.3628847721124,2022-08-04,0,-0.4999999999999997,-0.8660254037844388
2022-08-04,0,0.33375430372955917,39,0.91665373841916,9.102215359502223,0.0164807714202546,20.932167799077316,59.14040524643409,1.480230299437571,933.154016606038,2022-08-05,0,-0.4999999999999997,-0.8660254037844388
2022-08-05,0,1.814846690226837,54,2.50257749023138,3.504666096973268,0.838478991476106,20.33024829738805,62.61341011068536,1.6430014586286052,932.5202957647476,2022-08-06,0,-0.4999999999999997,-0.8660254037844388
2022-08-06,0,0.7034239799603691,40,2.8520249739167443,3.513109630635413,0.368938712554391,17.079453642868767,76.06040752599648,2.0132450842964644,935.6935778190858,2022-08-07,0,-0.4999999999999997,-0.8660254037844388
2022-08-07,0,0.8150912032915744,47,3.3333618734787596,4.262235000193439,2.5932721721794723,17.520389646587077,80.39451789131546,1.758102313243329,934.6870861751132,2022-08-08,0,-0.4999999999999997,-0.8660254037844388
2022-08-08,0,11.07162529837904,69,12.590140481630963,15.321640910276965,3.598233767734576,17.608548378187393,85.12150820559495,1.3039989987167258,935.6568692653416,2022-08-09,0,-0.4999999999999997,-0.8660254037844388
2022-08-09,0,1.4717267175202313,58,13.358443219190825,16.56444468938258,3.8889917671694185,18.027227324962748,83.39908985768574,1.0977032437526186,936.793901950754,2022-08-10,0,-0.4999999999999997,-0.8660254037844388
2022-08-10,0,10.186879970544645,71,22.730231986443897,26.397348163652218,12.070343723134302,14.90847842913912,73.08698432949987,3.747862923234194,932.8928475561844,2022-08-11,0,-0.4999999999999997,-0.8660254037844388
2022-08-11,0,2.1588264774234793,69,13.817433165488335,28.22242033734614,1.1532868449763622,13.170809319287978,79.22295760310935,2.620902819105616,938.287101767993,2022-08-12,0,-0.4999999999999997,-0.8660254037844388
2022-08-12,0,2.449981309637297,65,14.7956877576054,28.8575549567566,0.5113066913741601,15.886114037597688,71.2504565739169,2.1425395725922445,941.301394178001,2022-08-13,0,-0.4999999999999997,-0.8660254037844388
2022-08-13,0,0.08904901697432425,40,4.697856804035079,28.243179993770553,0.0344274196628078,17.885908359833184,62.56354627116564,1.6699312228874292,940.7433566943016,2022-08-14,0,-0.4999999999999997,-0.8660254037844388
2022-08-14,0,0.07253913381573811,39,2.611569460427338,27.50062792429472,0.0438706281702952,19.301217535872453,60.69383751904168,1.2871156855444663,938.5904982395544,2022-08-15,0,-0.4999999999999997,-0.8660254037844388
2022-08-15,0,0.15867899119817014,38,0.32026714198821116,16.58768161711385,0.0064839415776019,20.934556688217334,51.75522095921676,1.95668666841554,934.6804864596444,2022-08-16,0,-0.4999999999999997,-0.8660254037844388
2022-08-16,0,0.696796954150989,39,0.9280150791648758,15.812751853744608,0.585590737714863,21.92663236605073,49.04478415987747,2.057223577507082,932.3188401649152,2022-08-17,0,-0.4999999999999997,-0.8660254037844388
2022-08-17,0,0.1462652997159363,43,1.0017412450650742,5.772137182915898,2.0070138906714288,19.00268635120461,70.82877163073589,1.4513358012332784,933.5075171579014,2022-08-18,0,-0.4999999999999997,-0.8660254037844388
2022-08-18,0,0.09768784538201293,39,0.9407500992489168,3.710998550874432,0.8127751783015984,21.38954826032862,60.30578175586266,2.0981418572071098,931.7189086625884,2022-08-19,0,-0.4999999999999997,-0.8660254037844388
2022-08-19,0,2.316968937641214,69,2.560922082739142,3.577986178878349,1.6179311877775298,11.749126868446956,80.26147413718202,2.883137118635792,942.5810685233072,2022-08-20,0,-0.4999999999999997,-0.8660254037844388
2022-08-20,0,0.03763061840935648,41,2.4522874014325624,3.5265677803133815,0.0744522379276204,12.564426889636142,72.92152592724366,2.6811629047660857,945.2420694332844,2022-08-21,0,-0.4999999999999997,-0.8660254037844388
2022-08-21,0,0.02796197588281804,36,2.3825615319333675,3.4819906223804615,0.1829139904802999,15.034898776531044,70.90501670107699,1.9976324305691249,943.527623652672,2022-08-22,0,-0.4999999999999997,-0.8660254037844388
2022-08-22,0,0.01594972051787327,39,0.08154231481002647,3.339261351700164,0.041862916395497,16.227572942074524,68.48782910758354,1.9375397105871577,941.5841867777172,2022-08-23,0,-0.4999999999999997,-0.8660254037844388
2022-08-23,0,0.008089241004830236,37,0.05200093740550023,2.6505536385540056,0.2338221815633623,17.22806003739208,68.32622644353518,1.8001229262707614,940.7685682293856,2022-08-24,0,-0.4999999999999997,-0.8660254037844388
2022-08-24,0,0.0026203807544500704,37,0.026659342277132257,2.5069087195925195,0.0220131578427692,18.400356226878493,68.37969032493329,1.646080553300861,940.0978565662368,2022-08-25,0,-0.4999999999999997,-0.8660254037844388
2022-08-25,0,0.008172282938342912,38,0.0188819046976019,2.4173931571488496,0.0120163280001165,20.28872755031523,63.64111377775147,1.2897911469696104,939.5590081710836,2022-08-26,0,-0.4999999999999997,-0.8660254037844388
2022-08-26,0,0.08581570956042875,38,0.09660837325320042,0.18623992906806422,0.0,21.41931710765737,58.97609549805127,1.1202130296926225,938.5929037522798,2022-08-27,0,-0.4999999999999997,-0.8660254037844388
2022-08-27,0,0.00520760006749355,37,0.09919559256624388,0.1538169107262013,0.0064839415776019,22.26714777514411,51.38052571687916,1.3200575309794371,936.2352121243682,2022-08-28,0,-0.4999999999999997,-0.8660254037844388
2022-08-28,0,0.10816019690379262,40,0.1991835065316936,0.23401513174717586,0.0524133675733151,19.909080621855207,63.09252541037273,1.8825132748073008,936.7792696717956,2022-08-29,0,-0.4999999999999997,-0.8660254037844388
2022-08-29,0,1.3026388964082998,62,1.4160066933795645,1.5207043076376023,0.9224761013140876,13.609047294947388,77.12455600502719,3.6049490409929614,942.6050407822391,2022-08-30,0,-0.4999999999999997,-0.8660254037844388
2022-08-30,0,0.35592015009966976,42,1.7667192434117407,1.8685352167324418,0.4142380503394368,14.13810932086798,69.25070063009724,2.821649072627669,943.4479252301342,2022-08-31,0,-0.4999999999999997,-0.8660254037844388
2022-08-31,0,0.015931983147923476,25,1.6744910296558717,1.8818468191259152,0.5292894760489879,15.693485864099786,64.28326553325405,2.287452769643116,940.8110337776394,2022-09-01,0,-0.8660254037844385,-0.5000000000000004
2022-09-01,0,0.04509194969413339,11,0.4169440829417053,1.9187664858817057,0.0279434780852059,17.80937373967462,56.29882059408408,1.289375003833427,937.2242759988842,2022-09-02,0,-0.8660254037844385,-0.5000000000000004
2022-09-02,0,0.02283136693373843,11,0.08385529977577398,1.8557821432550154,0.0185002695777185,20.592564300588872,49.02871807459141,1.526089914478908,935.3244707204444,2022-09-03,0,-0.8660254037844385,-0.5000000000000004
2022-09-03,0,0.8919268564093757,12,0.9598501730372262,2.7425013995968976,2.114537381881015,18.40252497421025,67.90752744514859,2.3415281025595887,936.4566715994424,2022-09-04,0,-0.8660254037844385,-0.5000000000000004
2022-09-04,0,8.381318061718435,61,9.296076285061527,11.01565926441154,1.8741419790498852,13.945733520184268,77.14267171061346,2.7817776617103123,940.512923319372,2022-09-05,0,-0.8660254037844385,-0.5000000000000004
2022-09-05,0,0.21850854409680848,12,9.491753462224597,9.931528912100047,0.3373680492598251,15.652278703850278,74.46074669759703,2.403916005767813,941.2759662791458,2022-09-06,0,-0.8660254037844385,-0.5000000000000004
2022-09-06,0,0.10427463659389963,11,8.704101242409122,9.679883398594278,2.6596892559133347,17.036150319476672,77.28444748375523,2.509053980165052,941.4255597176078,2022-09-07,1,-0.8660254037844385,-0.5000000000000004
2022-09-07,1,8.050963097277847,45,8.373746277968534,17.7149145127242,6.0824096372438206,16.864862770888053,81.52547578501421,1.8026688493401384,937.4699918656122,2022-09-08,0,-0.8660254037844385,-0.5000000000000004
2022-09-08,0,0.35170196009457494,10,8.5069396939663,18.021524523124643,0.0264776012629073,22.04510375896252,55.39234961765817,1.496594701663448,934.5823698106,2022-09-09,0,-0.8660254037844385,-0.5000000000000004
2022-09-09,0,0.058325955519864664,11,8.460991012892265,18.05701911171077,0.0064839415776019,25.172237438443968,47.72201372092987,1.5513959568019735,933.7683212395252,2022-09-10,0,-0.8660254037844385,-0.5000000000000004
2022-09-10,0,0.013396433265758774,10,0.42342434888017705,17.178488688567153,0.4582967143922727,23.33830899504133,54.84179030112246,2.000264791018795,934.2697626476904,2022-09-11,0,-0.8660254037844385,-0.5000000000000004
2022-09-11,0,1.9372617023052805,15,2.0089840910908827,10.734432329153998,0.0325651361544874,15.79028783782242,76.43166661545105,2.508005172669854,937.080388798236,2022-09-12,0,-0.8660254037844385,-0.5000000000000004
2022-09-12,0,6.011433749303443,11,7.962091884874461,16.527357534360632,0.5086376847600248,17.060033929699543,77.88481359293995,1.973372260493207,934.820327338655,2022-09-13,0,-0.8660254037844385,-0.5000000000000004
2022-09-13,0,4.399887978187348,15,12.34858342979605,20.82297087595408,2.027917238752297,19.85252699747154,76.86096395588461,1.4428539075406972,931.9771205997156,2022-09-14,1,-0.8660254037844385,-0.5000000000000004
2022-09-14,1,6.492980040973849,55,16.90430176846462,19.26498781965008,7.535756737637403,17.31475018138268,89.76744817648286,1.4188245844215412,934.6102803355908,2022-09-15,0,-0.8660254037844385,-0.5000000000000004
2022-09-15,0,2.124125305440578,32,13.016993324601755,21.037411164996083,3.095452329246902,15.751207758634749,87.52005105073486,1.5437043033833784,937.7108877441724,2022-09-16,0,-0.8660254037844385,-0.5000000000000004
2022-09-16,0,0.913893950795981,14,9.530999297210386,21.8929791602722,4.314971372294402,15.27805233116814,82.35322438498929,2.5998551026113144,938.9649025149644,2022-09-17,0,-0.8660254037844385,-0.5000000000000004
2022-09-17,0,0.795272830739713,15,3.833292086976251,22.674855557746156,0.7021804584200799,14.71331783135282,71.37709257335496,2.689292695313836,939.6278076244158,2022-09-18,1,-0.8660254037844385,-0.5000000000000004
2022-09-18,1,0.24905335728557,12,1.9582201388212428,20.986647212726446,0.0614586422608805,15.742048537767324,64.86185459667563,2.074764599664676,937.4636675515424,2022-09-19,0,-0.8660254037844385,-0.5000000000000004
2022-09-19,0,0.05861260250251165,9,1.1029387905277734,15.033826065925515,0.0159271500850893,17.597482734229544,68.15422018096689,1.6316184672276646,934.4890800468146,2022-09-20,1,-0.8660254037844385,-0.5000000000000004
2022-09-20,1,8.219305810153303,56,8.526971769941364,18.85324389789147,5.929931911571448,19.800954660833614,73.64366069490117,1.6807468307672664,931.7544215315102,2022-09-21,0,-0.8660254037844385,-0.5000000000000004
2022-09-21,0,8.28129078151319,12,16.559209194168986,20.64155463843081,2.326835728773145,18.81533198470305,76.87021047397046,1.345120965539648,931.8112741923268,2022-09-22,1,-0.8660254037844385,-0.5000000000000004
2022-09-22,1,6.316631812283321,50,22.817228403949795,24.83406114527355,8.66015725970006,18.788162959289977,86.97030675218457,1.2812873448809874,930.2461578777148,2022-09-23,0,-0.8660254037844385,-0.5000000000000004
2022-09-23,0,5.130468201823463,10,19.72839079561995,29.050635396301036,0.0419071458974066,17.81320673579156,64.6922585596495,1.8818517551463068,933.181533732176,2022-09-24,0,-0.8660254037844385,-0.5000000000000004
2022-09-24,0,4.293642303981221,10,15.740742318087984,32.54900486954254,0.0864217216886974,14.409110984219724,63.16970651238929,1.606445293860777,936.9174984815352,2022-09-25,0,-0.8660254037844385,-0.5000000000000004
2022-09-25,0,0.04721242304022292,10,9.471322928844886,32.347163935297196,0.0768557437761359,15.878351467628647,72.82262856646075,2.0004011632642813,936.452760448214,2022-09-26,1,-0.8660254037844385,-0.5000000000000004
2022-09-26,1,18.30516391550239,60,22.646018642523813,50.59371524829707,21.93463257284842,16.016888350303805,89.52276691907582,1.4960203725223151,936.266617207163,2022-09-27,1,-0.8660254037844385,-0.5000000000000004
2022-09-27,1,44.66026910222977,60,63.01264544077236,87.03467854037355,13.007912391687064,18.202331410148897,85.25644702239171,1.2175752193304537,935.2314349656064,2022-09-28,1,-0.8660254037844385,-0.5000000000000004
2022-09-28,1,24.7665031414456,62,87.73193615917774,103.51989090030595,30.137576702757062,15.7808125094884,92.43321068955846,1.9409622277748315,936.8087158185818,2022-09-29,1,-0.8660254037844385,-0.5000000000000004
2022-09-29,1,4.202883895818882,53,73.62965613949423,101.40614298384152,5.3564100141339095,14.874181128421162,86.0220339285999,2.4168110112087846,938.2759418610444,2022-09-30,1,-0.8660254037844385,-0.5000000000000004
2022-09-30,1,8.756197241361788,56,37.72558427862625,105.03187202337985,8.134551388710118,15.369185087147548,86.16190251150239,1.887916352284768,938.284924072068,2022-10-01,0,-1.0,-1.8369701987210297e-16
2022-10-01,0,1.7013447143021616,39,14.66042585148281,102.43957443370078,1.6128146753680284,18.197490578294374,84.22104897519056,1.2196457666284002,936.214357935688,2022-10-02,0,-1.0,-1.8369701987210297e-16
2022-10-02,0,4.555629790915907,27,15.013171746579834,106.94799180157646,0.0512064380925196,18.931334243182626,78.80404926168272,1.4654596097278632,935.981621121254,2022-10-03,0,-1.0,-1.8369701987210297e-16
2022-10-03,0,3.704112141395388,28,9.961086646613435,92.34694002746946,1.2342530184764815,17.865411376703925,79.31876856192908,1.5568012148178672,934.504949577814,2022-10-04,0,-1.0,-1.8369701987210297e-16
2022-10-04,0,4.602846563315175,25,12.862588495626449,52.28951748855487,0.8335498316007198,18.287127257424974,81.83969311271765,1.3716288235220255,932.5298468524614,2022-10-05,0,-1.0,-1.8369701987210297e-16
2022-10-05,0,0.6529759255010857,22,8.959934630211627,28.17599027261036,0.3603472047586052,19.40838422662268,75.44068737636064,1.55732815862221,933.5945657595322,2022-10-06,0,-1.0,-1.8369701987210297e-16
2022-10-06,0,1.394746016780049,24,6.650568505596288,25.367852393571525,2.4340201637873244,22.5569754182907,66.82468329916087,2.15338173441746,931.6820353958136,2022-10-07,0,-1.0,-1.8369701987210297e-16
2022-10-07,0,7.593441390128072,58,9.641163332409185,24.205096542337806,17.032248002126618,20.907128321047686,76.7678606053335,2.7005468691223564,929.9406274545488,2022-10-08,0,-1.0,-1.8369701987210297e-16
2022-10-08,0,0.8257748706452125,19,9.813962277553312,23.329526698680862,0.0360489840003497,20.01861703926936,65.99534977507304,1.0260395591116058,932.3895228138024,2022-10-09,1,-1.0,-1.8369701987210297e-16
2022-10-09,1,15.007428333120213,61,23.426644593893478,33.78132524088517,9.441420513987222,19.72371924160416,74.47426162362078,1.2642280518283222,934.1240656175344,2022-10-10,1,-1.0,-1.8369701987210297e-16
2022-10-10,1,2.5465987433869985,60,18.3798019471524,32.623811842876776,5.768444049132397,18.19918023316847,89.92317787751742,1.455298285513772,938.824036433764,2022-10-11,0,-1.0,-1.8369701987210297e-16
2022-10-11,0,4.808922918008518,24,22.36294999451571,32.82988819757012,0.315788575999353,21.5031476710735,77.34430606286469,1.3466652064883655,937.3791636850176,2022-10-12,0,-1.0,-1.8369701987210297e-16
2022-10-12,0,2.7839548789016,14,10.139476540297096,34.960867150970635,4.0010056208294245,20.86944371857356,77.0641410681828,1.6527123107771005,936.0543811625824,2022-10-13,0,-1.0,-1.8369701987210297e-16
2022-10-13,0,5.987595610445094,3,13.580473407355191,39.55371674463568,0.4466937521175266,22.259490960963745,67.72589347730853,1.4374344397738683,936.1037441861794,2022-10-14,0,-1.0,-1.8369701987210297e-16
2022-10-14,0,0.43419114770972267,24,9.205741637056395,32.39446650221733,0.839317074302758,20.35515206291696,76.02669673576248,2.2192137596453185,938.4002180471336,2022-10-15,0,-1.0,-1.8369701987210297e-16
2022-10-15,0,1.621264713548195,40,8.043051471702992,33.18995634512031,2.284434320105742,19.599592933373284,80.65337839179168,2.525181213110813,940.7307138791346,2022-10-16,0,-1.0,-1.8369701987210297e-16
2022-10-16,0,0.2238998287765221,20,2.2793556900344183,18.406427840776622,1.2327857373089297,20.676474653274155,74.58007780397863,1.9797212494550136,936.5296723996628,2022-10-17,0,-1.0,-1.8369701987210297e-16
2022-10-17,0,4.227385438226061,22,6.072549980550757,20.087214535615683,1.8309644138419123,20.851548817009224,76.5908675267059,1.5904876220075077,934.649433529922,2022-10-18,0,-1.0,-1.8369701987210297e-16
2022-10-18,0,2.660486624733754,53,7.111771891736316,17.938778242340923,3.8220653764138097,19.04501565423979,82.77783751615445,1.934346533844277,937.2964813766746,2022-10-19,0,-1.0,-1.8369701987210297e-16
2022-10-19,0,0.9424483742747253,46,7.830320437234519,16.097271737714046,3.3445112415326514,19.657433525738444,83.93723521456495,1.3363488760450664,936.5125440310488,2022-10-20,0,-1.0,-1.8369701987210297e-16
2022-10-20,0,0.08107349505137894,19,3.684008494059837,10.190749622320332,4.120373908446434,21.100789308894104,75.29799691722918,1.4003652839374443,932.5047862565336,2022-10-21,1,-1.0,-1.8369701987210297e-16
2022-10-21,1,6.954887400173032,59,7.978409269499115,16.71144587478364,9.4672208316493,20.927097816441343,79.86746080123876,2.1128431018724,929.8485882809022,2022-10-22,0,-1.0,-1.8369701987210297e-16
2022-10-22,0,0.0,2,7.035960895224389,15.090181161235446,0.6940032243241536,21.458085428613973,74.45394786359327,1.9143539078309368,932.0587546236644,2022-10-23,0,-1.0,-1.8369701987210297e-16
2022-10-23,0,0.0744878314312749,19,7.029375231604285,14.940769163890197,0.0762364845681628,20.37550854915739,69.10017275488575,1.95764900396342,935.5697286958738,2022-10-24,0,-1.0,-1.8369701987210297e-16
2022-10-24,0,0.046268502509088455,18,0.12075633394034203,10.759652228173225,1.828056415413848,20.099644947708047,74.6470002431284,1.822631819678958,935.0112277793093,2022-10-25,0,-1.0,-1.8369701987210297e-16
2022-10-25,0,0.027510714574911263,16,0.1482670485152533,8.126676318014383,0.6884914334437832,20.29053333545768,69.4044715001195,2.206516750986578,935.127514063584,2022-10-26,0,-1.0,-1.8369701987210297e-16
2022-10-26,0,0.00932038764034851,16,0.08309960472432691,7.193548331380005,0.0156881736412615,20.97239156258548,65.67405425389346,1.6800781450733857,933.3064777307164,2022-10-27,0,-1.0,-1.8369701987210297e-16
2022-10-27,0,1.091594095555038,20,1.1284251977702766,8.204068931883665,0.4545326516775849,23.75856445833893,63.59156950090957,2.03837490255878,931.4375397031272,2022-10-28,0,-1.0,-1.8369701987210297e-16
2022-10-28,0,1.3779454311324646,22,2.4788599143278303,2.6271269628430973,2.9220730285739918,23.08615719987156,69.96564202766208,1.5535765902535503,932.6442963864156,2022-10-29,1,-1.0,-1.8369701987210297e-16
2022-10-29,1,12.03119732172262,36,14.500736848410103,14.658324284565719,4.973632655146316,23.564163587241755,68.29612618739884,1.5650494286791432,931.4708506746832,2022-10-30,0,-1.0,-1.8369701987210297e-16
2022-10-30,0,3.452366188658425,50,16.86150894151349,18.036202641792865,9.196000019245403,22.843253113630187,75.41726395860582,1.850977921135393,929.0053295891684,2022-10-31,1,-1.0,-1.8369701987210297e-16
2022-10-31,1,32.02812242904858,57,47.511685939429604,50.018056568332355,27.89451538039669,21.289766925437146,85.19203720694651,1.3918721845950737,929.3018356683426,2022-11-01,0,-0.8660254037844386,0.5000000000000001
2022-11-01,0,2.9674813169135064,32,38.44796993462049,52.958027170670945,8.659270134030583,17.628410851920286,83.74521123415765,3.4161642212979606,936.1178865131922,2022-11-02,0,-0.8660254037844386,0.5000000000000001
2022-11-02,0,2.7011521156131044,41,37.69675586157517,55.64985889864371,5.581576544929495,13.933061565400532,84.77942284349649,3.344254858751729,940.5672043052056,2022-11-03,0,-0.8660254037844386,0.5000000000000001
2022-11-03,0,3.4110732621197375,47,9.079706694646326,57.969338065208404,1.7511546510638576,14.138253844375969,76.93048418700016,3.000755725729416,940.6197001759164,2022-11-04,0,-0.8660254037844386,0.5000000000000001
2022-11-04,0,0.5475498577216193,18,6.65977523545444,57.13894249179756,0.3561961475587823,15.05621991290506,69.7777957145369,2.2349192813976377,938.530713743152,2022-11-05,0,-0.8660254037844386,0.5000000000000001
2022-11-05,0,0.8706153353279926,22,4.829238455169328,45.978360505402925,0.3198985549648866,15.821088676135432,70.54337747233942,2.171601292829774,937.5747319529692,2022-11-06,0,-0.8660254037844386,0.5000000000000001
2022-11-06,0,0.32704524453511474,17,1.7452104375847055,42.853039561279616,0.1079355067329717,16.1930850371664,71.39696555266454,2.189672268302101,937.709515190327,2022-11-07,0,-0.8660254037844386,0.5000000000000001
2022-11-07,0,0.5386800190590251,15,1.7363405989221112,11.363597151290065,0.8192097104898212,16.29076051784372,73.6585484484506,1.99214679735494,936.8495551367656,2022-11-08,0,-0.8660254037844386,0.5000000000000001
2022-11-08,0,0.3879766550077305,15,1.253701918601849,8.784092489384289,0.1869436414503898,16.881679838685148,69.75603717002417,1.4907923417768536,935.8840063042686,2022-11-09,0,-0.8660254037844386,0.5000000000000001
2022-11-09,0,0.3376674258721934,15,1.2643240999389276,6.420607799643378,1.7477504756778957,19.20055557928141,69.34647922808124,1.538723823855863,934.2872328370922,2022-11-10,0,-0.8660254037844386,0.5000000000000001
2022-11-10,0,0.15871210201517427,13,0.8843561828950768,3.1682466395388142,0.2134101294933616,20.60473831462564,71.27912292753088,1.623819252161149,934.073227565357,2022-11-11,1,-0.8660254037844386,0.5000000000000001
2022-11-11,1,15.6230271527698,47,16.119406680657146,18.243723934586995,14.95650242189818,20.520138415919572,77.41038744163484,1.746397677274219,933.5720917482316,2022-11-12,0,-0.8660254037844386,0.5000000000000001
2022-11-12,0,5.412922177260039,25,21.19466143204499,22.78603077651904,2.496425479880509,20.95055181705565,78.87234212798191,1.4362128382867398,932.6394097538804,2022-11-13,0,-0.8660254037844386,0.5000000000000001
2022-11-13,0,1.0511659832014257,15,22.087115313231244,23.510151515185353,0.3491694349387488,22.43626906421431,70.20174185482823,1.506169076960619,931.5069539375962,2022-11-14,0,-0.8660254037844386,0.5000000000000001
2022-11-14,0,6.681693886599275,46,13.145782047060719,29.653165382725604,14.587067822697136,22.623555088137643,78.51304997070753,1.779429116647352,930.432757532902,2022-11-15,0,-0.8660254037844386,0.5000000000000001
2022-11-15,0,2.345524687023435,13,10.078384556824115,31.61071341474131,2.7405934694019503,23.00740447647728,69.06327549522068,1.46891009399939,932.8448837010068,2022-11-16,0,-0.8660254037844386,0.5000000000000001
2022-11-16,0,2.7863236217766008,13,11.81354219539929,34.05936961064572,0.0981792688566733,20.50013970431157,67.84072628337961,2.2342773490248664,935.0349724486492,2022-11-17,0,-0.8660254037844386,0.5000000000000001
2022-11-17,0,0.010830707480796486,13,5.142679016280812,33.91148821611134,0.0383883791099575,19.766766349945488,57.02419854072431,2.3080456910282017,935.9566972530704,2022-11-18,0,-0.8660254037844386,0.5000000000000001
2022-11-18,0,2.6402918547014926,15,5.437446183958869,20.92875291804303,0.0064839415776019,19.460315228236205,65.19144988334514,2.4762200707754127,935.3877914202496,2022-11-19,0,-0.8660254037844386,0.5000000000000001
2022-11-19,0,0.0,13,2.6511225621822687,15.51583074078299,1.4144027083321915,19.582808785141665,67.31011671134455,2.4976880406474864,935.3105941061868,2022-11-20,0,-0.8660254037844386,0.5000000000000001
2022-11-20,0,9.903202935499394,36,12.543494790200866,24.36786769308096,0.5296860351734954,21.04546627710525,71.10525106258604,1.8466932846812425,934.5750434279709,2022-11-21,0,-0.8660254037844386,0.5000000000000001
2022-11-21,0,5.866753187370246,18,15.769956122869619,23.552926993851926,0.513613011554103,22.292755298783987,66.92104497687976,1.628042897345357,933.4197203650558,2022-11-22,1,-0.8660254037844386,0.5000000000000001
2022-11-22,1,8.977894775120898,46,24.747850897990517,30.18529708194939,3.3497918281071826,22.23258405864397,70.35897586026411,1.77060645406518,932.7997284398624,2022-11-23,1,-0.8660254037844386,0.5000000000000001
2022-11-23,1,22.74029925709571,58,37.58494721958684,50.1392727172685,25.106137090840217,22.40046132634726,76.4782165270131,1.4632345377377716,931.5691812012616,2022-11-24,1,-0.8660254037844386,0.5000000000000001
2022-11-24,1,8.90598691292718,58,40.62418094514376,59.03442892271488,17.040009202247404,20.187074445734737,79.25049189833962,2.0799663618512274,931.3122377490364,2022-11-25,1,-0.8660254037844386,0.5000000000000001
2022-11-25,1,12.447338385886066,56,44.09362455590893,68.84147545389946,6.871540524723522,18.62836381488019,79.08349964091374,2.6131507600322053,933.3593431617148,2022-11-26,0,-0.8660254037844386,0.5000000000000001
2022-11-26,0,3.349333955539177,18,24.7026592543524,72.19080940943864,3.1017052554494726,19.0362017816588,75.86129281629337,1.666406120737692,932.9449845831032,2022-11-27,0,-0.8660254037844386,0.5000000000000001
2022-11-27,0,1.5962369299224604,17,17.392909271347683,63.883843403861704,5.466412103651765,20.320451064346763,75.80233757421385,1.8883765310548757,931.998209351082,2022-11-28,1,-0.8660254037844386,0.5000000000000001
2022-11-28,1,19.910010723985792,52,24.85558160944741,77.92710094047725,15.70869594667189,19.78267713402805,82.95881300096579,1.8164305494616075,928.864191920625,2022-11-29,1,-0.8660254037844386,0.5000000000000001
2022-11-29,1,13.553704254274777,54,35.05995190818301,82.50291041963112,19.820166863725355,20.134059406648184,82.95403043015351,1.5787747989467575,925.8819877425096,2022-11-30,1,-0.8660254037844386,0.5000000000000001
2022-11-30,1,10.298500070501248,41,43.762215048761796,70.06111123303667,5.276456557396751,20.417824502248664,83.61946298727563,1.2837382475803942,925.6904613136364,2022-12-01,0,-0.5000000000000004,0.8660254037844384
2022-12-01,0,4.4833991747448465,29,28.33560349952085,65.63852349485433,8.483229210286073,22.436386867236504,75.31376376062978,1.7107606173825634,928.2103803123656,2022-12-02,1,-0.5000000000000004,0.8660254037844384
2022-12-02,1,1.6197541265625586,24,16.40165337180863,54.810939235530824,3.3892881048811,23.31279314118762,74.66583227421552,1.480931230897378,931.184618315002,2022-12-03,1,-0.5000000000000004,0.8660254037844384
2022-12-03,1,12.918423522683655,52,19.02157682399104,64.3800288026753,19.324694869558755,22.84398758636943,81.20377523863965,1.3179125100488087,932.1388993442484,2022-12-04,0,-0.5000000000000004,0.8660254037844384
2022-12-04,0,4.573932213063381,36,19.112109862309573,67.35772408581622,8.543458345423268,21.882522504454144,85.74359274441815,1.190849820475898,930.9556346532056,2022-12-05,1,-0.5000000000000004,0.8660254037844384
2022-12-05,1,11.294738023921381,57,28.787093759668394,58.742451385751814,11.159346207508158,21.7521384102195,88.31354457625824,1.29145464174502,931.8027162616976,2022-12-06,1,-0.5000000000000004,0.8660254037844384
2022-12-06,1,21.26198974172007,59,37.13065997870481,66.4507368731971,20.282652190471005,21.43080779250676,90.86666674647849,1.4567946000861889,933.3640369747644,2022-12-07,1,-0.5000000000000004,0.8660254037844384
2022-12-07,1,16.797740744211403,54,49.354468509852836,72.94997754690726,20.848725745082508,22.23373603776676,86.45222229307474,1.3325570511882685,932.3286001146892,2022-12-08,1,-0.5000000000000004,0.8660254037844384
2022-12-08,1,4.580576887690526,26,42.64030737362198,73.04715525985293,0.857109014465863,22.313497530510165,70.58938440018682,1.348524581943333,930.4139003443322,2022-12-09,0,-0.5000000000000004,0.8660254037844384
2022-12-09,0,3.0809314887647683,24,24.45924912066668,74.50833262205515,0.5454771039989188,23.20162369539697,65.36051703276559,1.228120930923159,929.6547991824052,2022-12-10,0,-0.5000000000000004,0.8660254037844384
2022-12-10,0,1.7049178939809562,23,9.366426270436232,63.294826993352444,0.2096226239775637,24.231700330626545,66.50851185468039,1.5392653610046592,930.9133047361004,2022-12-11,1,-0.5000000000000004,0.8660254037844384
2022-12-11,1,3.6280346491267954,13,8.413884031872502,62.34892942941586,1.1820753624669436,24.519488929674164,71.97992283922751,1.3824256687750522,930.684863631708,2022-12-12,0,-0.5000000000000004,0.8660254037844384
2022-12-12,0,6.929332835348345,48,12.262285378456077,57.983524240842826,16.192459877761507,22.842132871632277,85.08263140820812,1.3457837119910363,928.3345351926004,2022-12-13,1,-0.5000000000000004,0.8660254037844384
2022-12-13,1,18.888864598732354,53,29.446232083207477,55.61039909785511,22.073866613073896,20.422814492974908,90.82296314005428,1.7369404313234265,927.1545269742404,2022-12-14,1,-0.5000000000000004,0.8660254037844384
2022-12-14,1,3.4459601477142816,23,29.26415758179496,42.258618501357994,0.8023152290308027,19.206803137298643,72.59667513741464,2.3082866839444285,931.8615638993314,2022-12-15,0,-0.5000000000000004,0.8660254037844384
2022-12-15,0,1.4453494387856818,21,23.7801741852323,39.123391052453144,0.2694491008096298,20.38925299672138,70.44219536320449,1.81630387829542,931.954090954747,2022-12-16,1,-0.5000000000000004,0.8660254037844384
2022-12-16,1,2.995194589546246,20,7.886504176046191,39.03765415323463,5.460857381577723,20.99311571552863,76.81977160748254,1.475508469696453,928.7894473699748,2022-12-17,0,-0.5000000000000004,0.8660254037844384
2022-12-17,0,1.1900562268272246,20,5.630600255159135,38.522792486080895,0.4432756546705136,20.414063360488733,76.37194378146576,2.0154026890223813,929.367811406911,2022-12-18,0,-0.5000000000000004,0.8660254037844384
2022-12-18,0,0.04814412099051794,19,4.23339493736397,34.94290195794461,0.9758853858431358,20.94081285934705,74.20798585888022,2.405611862474948,932.3970996782076,2022-12-19,0,-0.5000000000000004,0.8660254037844384
2022-12-19,0,1.1371153346196907,25,2.3753156824374155,29.150684457215963,3.714315405359529,19.955536556355074,80.79610692872119,2.1002621980016136,933.4802465474248,2022-12-20,0,-0.5000000000000004,0.8660254037844384
2022-12-20,0,3.601262662819653,38,4.786522118429844,13.86308252130326,9.272882085610355,19.56600500275968,87.94532365660604,1.744302770156046,931.0723012619588,2022-12-21,1,-0.5000000000000004,0.8660254037844384
2022-12-21,1,2.0262246893952933,27,6.764602686834619,12.443347062984273,4.53935150686924,18.92601187821673,84.25432414436582,2.608005264802788,931.7722852667874,2022-12-22,0,-0.5000000000000004,0.8660254037844384
2022-12-22,0,0.7418677263640125,21,6.369355078578941,11.739865350562603,2.441563414386931,18.38715355198584,81.1675953430707,2.716778297647788,933.3075289115934,2022-12-23,0,-0.5000000000000004,0.8660254037844384
2022-12-23,0,0.06146048012012624,18,2.829552895879414,8.806131241136484,2.355894678614248,19.346389512112275,74.78005957593327,2.370819914003663,933.8521573570838,2022-12-24,0,-0.5000000000000004,0.8660254037844384
2022-12-24,0,0.037930399167088,19,0.8412586056512086,7.654005413476346,0.8440365524473341,21.10595544186165,74.84017568029583,2.0870664526343203,933.8431263306768,2022-12-25,0,-0.5000000000000004,0.8660254037844384
2022-12-25,0,0.38314648623532,19,0.482537365522516,7.989007778721149,1.6338828934956848,21.987840333985133,76.56223500965129,1.7253126878888296,933.784148957886,2022-12-26,0,-0.5000000000000004,0.8660254037844384
2022-12-26,0,0.3107330045093799,20,0.7318098899117698,7.162625448610838,12.469849448927537,21.262290976415954,85.82119877242829,1.4273302806158832,932.9132656494304,2022-12-27,0,-0.5000000000000004,0.8660254037844384
2022-12-27,0,1.8769819739630238,23,2.5708614647077055,5.438344759754209,6.719884287956825,22.06340900386604,84.08702857564255,1.4479275339898685,932.5908901165776,2022-12-28,1,-0.5000000000000004,0.8660254037844384
2022-12-28,1,22.604062882888485,54,24.79177786136087,26.0161829532474,36.471034927653534,21.35334364405793,86.26027647190402,1.9909028712505457,931.7048992052136,2022-12-29,1,-0.5000000000000004,0.8660254037844384
2022-12-29,1,5.278997151839862,35,29.76004200869135,30.55331237872325,8.81880602612485,21.68824265001233,84.15243707139696,1.5177286971091686,933.0239280855026,2022-12-30,0,-0.5000000000000004,0.8660254037844384
2022-12-30,0,6.201944492732256,41,34.08500452746058,36.69379639133538,6.8071752862234485,21.41948697579132,82.9816147777798,1.5817315075958374,934.7948295386512,2022-12-31,1,-0.5000000000000004,0.8660254037844384
2022-12-31,1,8.318066302394437,28,19.799007946966537,44.97393229456273,9.55086620605247,21.77679283556369,82.29084621698438,1.1674686635920646,934.935001790842,2023-01-01,1,0.0,1.0
2023-01-01,1,3.147940943613196,29,17.66795173873987,47.738726751940604,1.494921948964127,22.25917931921105,80.20467099058564,1.23723776458817,934.346587252222,2023-01-02,0,0.0,1.0
2023-01-02,0,2.2808720710523533,28,13.746879317059967,49.70886581848358,0.2055658821219961,23.059837082927245,75.15713358327265,1.5057145004505803,931.9972495343676,2023-01-03,1,0.0,1.0
2023-01-03,1,4.414343275911601,39,9.843156290577133,52.24622712043215,4.274001828034843,22.46228027804765,80.95515351011299,1.5999104559468291,929.8366481072868,2023-01-04,1,0.0,1.0
2023-01-04,1,22.68383264865703,57,29.379047995620965,52.3259968862007,33.80220980786636,21.15524648495064,87.35335157508504,1.6620690260175717,929.5471114360516,2023-01-05,1,0.0,1.0
2023-01-05,1,15.598095564280174,59,42.69627148884879,62.64509529864101,15.362221936457676,18.11059824105998,91.84688037874952,1.756304501170657,932.0174754147256,2023-01-06,1,0.0,1.0
2023-01-06,1,4.700054129954135,48,42.98198234289132,61.14320493586289,2.2718430439977837,17.98495252988301,83.04620414362341,2.4305593977967206,935.1995170367958,2023-01-07,0,0.0,1.0
2023-01-07,0,1.9373967057962758,35,22.235546400030568,54.76253533926473,0.4845118207254663,18.32008091199154,80.37835422362305,2.413153093836144,937.0678452037804,2023-01-08,0,0.0,1.0
2023-01-08,0,1.548006192571915,29,8.185457028322308,53.16260058822345,1.629621554167236,19.378623252974187,81.83974389263038,1.8679615006213173,936.2922514795432,2023-01-09,0,0.0,1.0
2023-01-09,0,0.41303692718582935,26,3.8984398255540023,51.29476544435692,9.944114577748252,19.80153338144266,86.34300870679067,1.5815952772034374,934.69891066283,2023-01-10,1,0.0,1.0
2023-01-10,1,11.617153545391615,39,13.578196665149342,58.49757571383694,8.809306361738543,20.8673162415526,86.06516325933919,1.226559217229266,934.0690418184272,2023-01-11,1,0.0,1.0
2023-01-11,1,3.839430325039733,37,15.86962079761716,39.65317339021964,9.459666428965734,21.501729595761248,85.9805894028841,1.1809776422982703,933.4490650812525,2023-01-12,1,0.0,1.0
2023-01-12,1,4.50756168723093,31,19.964145557662256,28.5626395131704,7.39218737304887,21.793487963247088,84.35934384243586,1.2626521232643046,931.550306552072,2023-01-13,1,0.0,1.0
2023-01-13,1,2.4893975156685793,27,10.836389527939222,26.35198289888484,8.528648261027476,22.5851149104463,83.95070839380762,1.451075334100134,930.7470744462682,2023-01-14,1,0.0,1.0
2023-01-14,1,17.740394675354562,54,24.73735387825405,42.154980868443126,15.303356195270876,23.10908220314164,80.13654236431276,1.6063902157047167,932.1690212068228,2023-01-15,1,0.0,1.0
2023-01-15,1,11.174397191145273,43,31.404189382168397,51.78137186701649,3.0122194838668563,24.168249860958685,79.80473529711107,0.9622742072985856,933.7914024902648,2023-01-16,1,0.0,1.0
2023-01-16,1,14.163387649883258,50,43.078179516383074,65.53172258971392,12.76739497769853,23.87885246127599,80.62797937088071,1.0006908495901528,933.5513226877029,2023-01-17,1,0.0,1.0
2023-01-17,1,3.917793840950987,31,29.255578681979497,57.83236288527329,4.6873056177562455,23.888384917965567,79.7668402935358,1.04709950295998,934.4470746020448,2023-01-18,0,0.0,1.0
2023-01-18,0,0.4142293312960445,24,18.49541082213027,54.4071618915296,3.396741936471628,23.26615553889665,78.66552910938879,1.269274006949748,935.6477666315448,2023-01-19,1,0.0,1.0
2023-01-19,1,0.842079792691163,24,5.174102964938173,50.74167999698983,3.698181256747879,22.503145967476485,80.01649568917423,1.134730661179987,935.1134712832112,2023-01-20,0,0.0,1.0
2023-01-20,0,4.674647964913441,47,5.930957088900627,52.92693044623469,11.570673000081422,20.9890483564199,87.05507713227612,0.7585157081750691,932.7941755022824,2023-01-21,0,0.0,1.0
2023-01-21,0,1.0835400371993524,28,6.600267794803935,36.27007580807948,2.494438549344151,21.941239625520943,82.03110694770749,0.933816343783652,929.748927604612,2023-01-22,0,0.0,1.0
2023-01-22,0,0.4262362300057973,26,6.1844242321185705,25.521914846940007,0.9516285133703786,23.166012606813855,78.63672096541711,0.8736984012678177,929.1187731811764,2023-01-23,1,0.0,1.0
2023-01-23,1,4.2057456443531605,35,5.715521911558289,15.56427284140991,6.900061353932485,22.850028483519782,81.73111581283796,0.8150586769325096,929.9493307551534,2023-01-24,1,0.0,1.0
2023-01-24,1,4.699692776868053,32,9.33167465122699,16.346171777326976,4.295291194242839,22.751396144909847,81.68859258632173,0.9174628466589716,929.9301236610974,2023-01-25,0,0.0,1.0
2023-01-25,0,0.10546952260537895,25,9.010907943826572,16.03741196863631,1.9650931935238705,23.282370034549817,74.28590077816091,1.1611758808644037,931.3355269340448,2023-01-26,0,0.0,1.0
2023-01-26,0,0.11250891740988203,24,4.917671216883293,15.30784109335503,0.0064839415776019,23.203217873071683,64.16805005925622,1.5653668534041592,932.0529922047558,2023-01-27,0,0.0,1.0
2023-01-27,0,0.035604624647816885,24,0.2535830646630566,10.668797753089407,0.0613986341495083,22.39394275138353,70.98392401601099,1.297188847331302,932.9575799808624,2023-01-28,1,0.0,1.0
2023-01-28,1,10.237197882674337,44,10.385311424732015,19.82245559856439,17.021597452276623,23.082034380328164,78.16166419985404,1.0915910438578935,933.903718932115,2023-01-29,1,0.0,1.0
2023-01-29,1,12.04827945138248,42,22.321081958704614,31.444498819941074,6.009472149210248,22.801157195744395,82.1412114203012,1.004194635047471,933.0367238339676,2023-01-30,0,0.0,1.0
2023-01-30,0,5.998525736326916,32,28.28400307038371,33.23727891191483,13.99840453026883,21.93384164334032,82.35071493227534,1.0917879779056985,931.7426353293372,2023-01-31,1,0.0,1.0
2023-01-31,1,6.693061119247612,34,24.739866306956987,35.23064725429439,6.826029300566444,23.00319633541628,80.24459861257169,0.9646573555482688,932.14589190607,2023-02-01,1,0.49999999999999994,0.8660254037844387
2023-02-01,1,22.91938836799871,54,35.61097522357322,58.04456609968772,19.04140548380833,22.53596146449285,84.56829703593223,0.6626072249451076,933.3989896452576,2023-02-02,1,0.49999999999999994,0.8660254037844387
2023-02-02,1,7.324218811682756,33,36.93666829892906,65.2562759939606,24.80066032879921,23.367202948494967,82.03887937107577,0.7444705708286445,933.4913338195578,2023-02-03,0,0.49999999999999994,0.8660254037844387
2023-02-03,0,2.9575955351247902,29,33.201202714806236,68.17826690443756,7.123146995767771,22.91341496329432,81.5690769028632,1.1567662384421424,932.65178861459,2023-02-04,0,0.49999999999999994,0.8660254037844387
2023-02-04,0,5.7164078134647935,39,15.998222160272318,63.657476835228024,9.53602164524558,22.979061897237813,79.04167011940251,1.526332912692233,932.8874860017822,2023-02-05,0,0.49999999999999994,0.8660254037844387
2023-02-05,0,2.187559465536415,21,10.861562814125977,53.79675684938195,4.464452333818754,23.50929146639859,81.0202552935237,0.9889519978566664,933.1387510952296,2023-02-06,1,0.49999999999999994,0.8660254037844387
2023-02-06,1,3.8547054078256764,21,11.758672686826863,51.652936520880715,4.15544422162889,22.815052769322392,83.24410031827047,0.6621199870285593,932.9904401530034,2023-02-07,1,0.49999999999999994,0.8660254037844387
2023-02-07,1,50.49087950500564,53,56.53314437836771,95.45075490663874,13.698653993359,21.95564898146504,85.98943780074028,0.708762371542957,933.7037831356732,2023-02-08,0,0.49999999999999994,0.8660254037844387
2023-02-08,0,4.517609580291716,19,58.86319449312301,77.04897611893175,10.545843725726945,22.419585129936166,80.57742251301426,0.8132912508861828,933.3400109496164,2023-02-09,0,0.49999999999999994,0.8660254037844387
2023-02-09,0,2.650396280423623,19,57.658885365720955,72.37515358767261,0.0380992653039527,22.88122958802079,76.08273908444491,0.8726168836516994,933.6135198362442,2023-02-10,0,0.49999999999999994,0.8660254037844387
2023-02-10,0,1.3030836243056743,18,8.471089485020993,70.72064167685349,5.877063934045794,22.876964302419267,78.91933660194023,0.8605782800953831,933.5242372654636,2023-02-11,0,0.49999999999999994,0.8660254037844387
2023-02-11,0,7.887982807487898,51,11.841462712217174,72.8922166708766,11.22031345896954,21.39107224002409,87.54271982733752,0.6515259113844404,933.7994112676248,2023-02-12,1,0.49999999999999994,0.8660254037844387
2023-02-12,1,18.82509273468334,57,28.016159166476893,89.52974994002352,25.12869747533403,21.901022899961525,85.8124413127378,0.8399852970252385,932.9595914863528,2023-02-13,1,0.49999999999999994,0.8660254037844387
2023-02-13,1,6.71096736942153,45,33.42404291159275,92.38601190161938,9.168960717557493,22.325827937955157,83.11195583223986,0.7547471804423536,932.932217762912,2023-02-14,0,0.49999999999999994,0.8660254037844387
2023-02-14,0,1.4573921030963994,17,26.99345220720125,43.35252449971014,4.131776920276265,23.408268045477563,81.05024064148559,0.9090846529181654,932.0815365769686,2023-02-15,1,0.49999999999999994,0.8660254037844387
2023-02-15,1,5.3039769173913855,32,13.472336389909294,44.138891836809805,12.552047306182796,23.663255703710185,80.25991604787846,1.2575542074631323,929.7559103859232,2023-02-16,1,0.49999999999999994,0.8660254037844387
2023-02-16,1,7.1873598529445895,19,13.948728873432353,48.67585540933078,6.56353591247119,23.56636100438904,78.3287742780331,1.361384430541866,927.4756092601522,2023-02-17,1,0.49999999999999994,0.8660254037844387
2023-02-17,1,20.21840910412866,52,32.709745874464616,67.59118088915376,12.360447995105558,23.269316299551644,80.1177076283642,1.336731367487559,928.5320971837602,2023-02-18,1,0.49999999999999994,0.8660254037844387
2023-02-18,1,27.715456258234,58,55.121225215307234,87.41865433989986,11.178228588022217,22.31729612356116,85.49789900265613,1.2705177441000497,932.7319951741862,2023-02-19,1,0.49999999999999994,0.8660254037844387
2023-02-19,1,21.559980369183872,68,69.49384573154651,90.1535419744004,11.471419015915313,19.481239474731005,88.44921900143224,1.580687916331181,936.5059992774636,2023-02-20,1,0.49999999999999994,0.8660254037844387
2023-02-20,1,8.187605028819622,29,57.46304165623748,91.63017963379848,11.4993590327956,21.746312850375247,81.8162204568797,1.0109270188838897,934.8672899887111,2023-02-21,1,0.49999999999999994,0.8660254037844387
2023-02-21,1,23.8787386536297,61,53.626324051633176,114.05152618433178,5.6419442759672025,22.023919121362525,83.29422730002463,0.8855766123358935,934.4958251848734,2023-02-22,1,0.49999999999999994,0.8660254037844387
2023-02-22,1,3.990256665042306,22,36.05660034749161,112.7378059319827,3.385030747362856,22.08793639970753,81.99086569286567,0.7272819354280559,936.6268657119772,2023-02-23,1,0.49999999999999994,0.8660254037844387
2023-02-23,1,13.48120676198912,29,41.350202080661106,119.03165284102724,8.092220523582034,22.157678180498564,82.90572464068723,0.8049347889732266,936.8993522466031,2023-02-24,1,0.49999999999999994,0.8660254037844387
2023-02-24,1,2.177773455575455,18,19.649236882606864,100.99101719247403,3.060252481561169,22.73419438432489,81.58988375848048,0.867059055189569,933.999266525082,2023-02-25,0,0.49999999999999994,0.8660254037844387
2023-02-25,0,1.3009277996478854,19,16.95990801721244,74.57648873388791,7.146321374098687,23.71957967890888,79.23422145127239,1.0026201171857565,932.3068006962748,2023-02-26,0,0.49999999999999994,0.8660254037844387
2023-02-26,0,1.3691595995918378,17,4.84786085481516,54.385667964295884,4.125634336437254,23.77160746595998,78.92374159651075,0.7878639670257789,934.5800652051482,2023-02-27,0,0.49999999999999994,0.8660254037844387
2023-02-27,0,0.06017026068159598,16,2.7302576599213015,46.25823319615785,1.2101558953189373,23.43647922426857,81.3924423124502,0.9943179545177454,937.1475903880532,2023-02-28,1,0.49999999999999994,0.8660254037844387
2023-02-28,1,14.267052606196966,59,15.696382466470382,36.64654714872512,18.930967667917635,21.856226910552127,84.41190589149276,1.1104587482990862,938.3377765356822,2023-03-01,0,0.8660254037844386,0.5000000000000001
2023-03-01,0,0.26309728971159074,18,14.590320156590135,32.919387773394405,2.69379580916772,21.792680281333496,81.02103701775556,0.7613913999815028,936.2464211138706,2023-03-02,0,0.8660254037844386,0.5000000000000001
2023-03-02,0,0.14818317892648122,18,14.67833307483502,19.58636419033177,2.1982605014468395,22.896198947173676,77.93039103718442,0.8437055218401545,934.1956463958908,2023-03-03,1,0.8660254037844386,0.5000000000000001
2023-03-03,1,11.718342384528178,36,12.129622853166232,29.126933119284494,1.8947450073422896,24.435966501105916,75.0136050158309,0.8866906115411929,933.5695125869972,2023-03-04,0,0.8660254037844386,0.5000000000000001
2023-03-04,0,0.23887174458795,20,12.105397308042592,28.064877064224557,13.539743419311076,22.82340346123376,84.39493669777775,0.8173553511048011,933.966382184324,2023-03-05,0,0.8660254037844386,0.5000000000000001
2023-03-05,0,1.077411590169621,19,13.034625719285732,27.77312905480234,12.695403583648115,22.28565655945483,81.78953172155819,1.0025724399815432,932.1355280407828,2023-03-06,0,0.8660254037844386,0.5000000000000001
2023-03-06,0,10.438896781261992,59,11.755180116019545,38.15185557538274,6.021867065609957,22.543758902128296,77.7166218087603,1.1340673751937895,930.6055205717558,2023-03-07,0,0.8660254037844386,0.5000000000000001
2023-03-07,0,1.2800507448905571,16,12.796359116322153,25.164853714076326,1.2714623978473711,22.80192547760305,72.57754812323563,1.0998530109452227,932.3560907522173,2023-03-08,1,0.8660254037844386,0.5000000000000001
2023-03-08,1,17.5429454661507,47,29.26189299230323,42.44470189051543,2.0405047352118264,23.21360559004813,73.00662421800152,0.7901391695552288,933.940425368329,2023-03-09,1,0.8660254037844386,0.5000000000000001
2023-03-09,1,14.510143053839366,45,33.33313926488061,56.80666176542832,1.7046580370377078,22.681779778292515,80.4622136285467,0.698170279801054,934.749976243614,2023-03-10,1,0.8660254037844386,0.5000000000000001
2023-03-10,1,36.092817928094895,65,68.14590644808494,81.18113730899503,14.0571508759603,22.096430472811623,83.89137828433476,0.7708975475489258,934.8682954826552,2023-03-11,1,0.8660254037844386,0.5000000000000001
2023-03-11,1,12.137623842825759,55,62.740584824760006,93.07988940723284,7.315506403741999,21.035137638924198,89.06799335967207,0.606311550171393,934.069685156666,2023-03-12,1,0.8660254037844386,0.5000000000000001
2023-03-12,1,16.852065246262864,65,65.0825070171835,108.85454306332609,12.155754373450153,21.416322969070286,88.13581911561869,0.7123139833399994,934.5458984778656,2023-03-13,1,0.8660254037844386,0.5000000000000001
2023-03-13,1,26.40429117721326,62,55.39398026630187,124.81993745927736,7.110754228969461,21.90163604264596,85.23516264816791,0.8034412591924328,935.2024312739536,2023-03-14,1,0.8660254037844386,0.5000000000000001
2023-03-14,1,8.684371185172903,59,51.94072760864901,132.22425789955972,31.055322040504077,21.894095270101666,86.38203927273888,0.8752792690323327,935.7270045402532,2023-03-15,0,0.8660254037844386,0.5000000000000001
2023-03-15,0,4.8666972955584304,19,39.95535965794458,119.54800972896744,0.9164696905121616,22.49296474774196,80.85202518994294,1.0526074326253154,935.4731304377332,2023-03-16,0,0.8660254037844386,0.5000000000000001
2023-03-16,0,3.793755953618412,17,17.344824434349732,108.83162262874647,0.1955688450055529,22.75201407912029,75.76688413500675,1.2592029071450597,934.8034247965612,2023-03-17,0,0.8660254037844386,0.5000000000000001
2023-03-17,0,1.6844372938737882,15,10.344890543050616,74.42324199452537,0.0632913661506349,22.40716957191545,73.19236838771074,1.119478057213089,935.1924380100788,2023-03-18,0,0.8660254037844386,0.5000000000000001
2023-03-18,0,0.8534365759798518,15,6.331629823472038,63.139054727679465,0.0595189003302394,22.46883777282111,73.50564801906282,0.8594329874249395,935.2957337119608,2023-03-19,0,0.8660254037844386,0.5000000000000001
2023-03-19,0,2.074135477613327,17,4.6120093474669535,48.36112495902993,6.611600709072536,23.304462149875235,74.06002290904114,0.8406395357327096,934.798651565623,2023-03-20,1,0.8660254037844386,0.5000000000000001
2023-03-20,1,2.6732857242283385,17,5.600857777821503,24.63011950604501,2.7790509615969223,23.570241882668338,75.83059540587772,0.8035622505234937,934.3034201990096,2023-03-21,0,0.8660254037844386,0.5000000000000001
2023-03-21,0,0.05957301654220547,14,4.806994218383857,16.005321337414312,1.8125777926409687,23.15866787109941,72.8830104793053,0.8518158768539797,935.536847785634,2023-03-22,0,0.8660254037844386,0.5000000000000001
2023-03-22,0,0.06665999776516619,14,2.799518738535696,11.205284039621045,3.2634107746548304,23.152909169621253,74.45577167457671,0.9416666850545752,937.2373967753772,2023-03-23,0,0.8660254037844386,0.5000000000000001
2023-03-23,0,0.053394445625319455,14,0.1796274599326769,7.464922531627955,2.378611156773206,23.350344138776407,71.57582559746777,0.939870836983609,937.3802299193738,2023-03-24,0,0.8660254037844386,0.5000000000000001
2023-03-24,0,0.030610892111827517,14,0.15066533550229896,5.8110961298659936,0.1272285070117086,23.751514677616733,72.34736845570126,0.8178947669357977,935.468737784335,2023-03-25,0,0.8660254037844386,0.5000000000000001
2023-03-25,0,0.030610892111827517,14,0.11461622984896028,4.988270445997969,0.0605253342085644,23.781837929372923,72.19882710280031,0.7571373327217062,934.8896835712022,2023-03-26,0,0.8660254037844386,0.5000000000000001
2023-03-26,0,0.06942424725251603,14,0.13064603147615686,2.983559215637158,0.5965171302264403,24.839327347853533,72.35290639621397,0.9812777767205918,933.9214997861224,2023-03-27,1,0.8660254037844386,0.5000000000000001
2023-03-27,1,7.886263943963331,49,7.98629908332766,8.19653743537215,4.950420874033302,22.21036904680171,81.64486996986857,1.2356652168014333,935.0045236870078,2023-03-28,0,0.8660254037844386,0.5000000000000001
2023-03-28,0,0.057942579917609836,13,8.013630771133442,8.194906998747555,0.925508484726072,21.890000794230943,77.9991174913059,0.8181037484011403,935.5001944263778,2023-03-29,1,0.8660254037844386,0.5000000000000001
2023-03-29,1,7.217639476306958,26,15.161846000187884,15.345886477289346,1.9595509353356395,22.84900650803125,78.75293792556332,0.7281948510398089,934.8076683718242,2023-03-30,0,0.8660254037844386,0.5000000000000001
2023-03-30,0,0.5686269710023851,16,7.844209027226938,15.861119002666412,3.1328931599967644,23.2738874566059,76.00059679928292,0.8729989970587277,935.1506049973112,2023-03-31,1,0.8660254037844386,0.5000000000000001
2023-03-31,1,12.64594304147333,41,20.43220948878266,28.476451152027913,2.5067189420884923,22.84274742921693,78.73084056686419,0.6862801250813411,933.9932031082134,2023-04-01,0,1.0,6.123233995736766e-17
2023-04-01,0,1.4267172834078796,16,14.641287295883583,29.872557543323968,0.0959580048791075,22.55594815031193,76.8851718376442,0.7488815533892966,932.9456119027312,2023-04-02,0,1.0,6.123233995736766e-17
2023-04-02,0,0.3463279754018002,15,14.418988300282995,30.14946127147325,2.2660681501837288,20.30658568166944,76.62394760442261,1.1873030238352578,935.0208857632535,2023-04-03,0,1.0,6.123233995736766e-17
2023-04-03,0,0.21531668111526478,10,1.9883619399249304,22.478514008625183,0.0346432637508045,20.42404064778173,73.87862168753676,0.8754372045207177,934.9711782118072,2023-04-04,0,1.0,6.123233995736766e-17
2023-04-04,0,0.1452947281813669,10,0.7069393846984177,22.56586615688894,0.0846592773777251,21.72959476490316,74.39703446739688,0.6729816051054699,933.822810526422,2023-04-05,0,1.0,6.123233995736766e-17
2023-04-05,0,0.08763648457398178,10,0.44824789387059927,15.435863165155965,0.5758865204910512,21.14819165861488,75.98050137087841,0.8646976656972345,933.7618059568129,2023-04-06,0,1.0,6.123233995736766e-17
2023-04-06,0,0.01592265644798164,9,0.24885386920331612,14.883158850601562,0.9246174195307824,21.39098740223801,76.12727153116728,0.9612578816948693,934.3331626056728,2023-04-07,0,1.0,6.123233995736766e-17
2023-04-07,0,5.240663629830693,58,5.344222770852642,7.477879438958925,11.54057944554,20.03784713280879,88.32134101517602,0.7537017108078152,933.4937054327077,2023-04-08,0,1.0,6.123233995736766e-17
2023-04-08,0,1.804527678390075,32,7.061113964668736,7.8556898339411205,5.615991879605014,20.23860248190739,87.87357953928368,0.7596846038801308,934.6534155543876,2023-04-09,0,1.0,6.123233995736766e-17
2023-04-09,0,0.5104122458744736,21,7.555603554095227,8.019774104413793,1.8720337464057677,19.824569492943866,83.63765164175459,1.02144300233613,936.8842916413192,2023-04-10,0,1.0,6.123233995736766e-17
2023-04-10,0,0.11062817503012781,9,2.4255680992946624,7.915085598328657,0.1504961321333328,19.94978234549353,73.67716815202363,1.0384900464121576,937.8061396430876,2023-04-11,0,1.0,6.123233995736766e-17
2023-04-11,0,0.018956913780817534,9,0.6399973346854048,7.788747783928107,0.0224110916626912,19.98783264428624,75.95258018002903,0.7290869590124259,936.1865456332278,2023-04-12,0,1.0,6.123233995736766e-17
2023-04-12,0,2.561230441522105,15,2.6908155303330363,10.26234174087623,0.0633098530984978,20.99375697941704,79.76006159411239,0.5607150965022684,933.8732740757504,2023-04-13,0,1.0,6.123233995736766e-17
2023-04-13,0,4.440821995454128,44,7.021009350757036,14.687241079882376,3.670836453784162,22.083005169590702,79.36084550076083,0.5666788260754554,931.8157509727058,2023-04-14,1,1.0,6.123233995736766e-17
2023-04-14,1,11.153181368358078,62,18.155233805334298,20.59975881840976,14.529336372938332,20.600824319444303,88.5304812484468,0.4978451553721252,931.9919485810852,2023-04-15,0,1.0,6.123233995736766e-17
2023-04-15,0,2.792608956074897,60,18.386612319887085,21.587840096094588,2.7825772050263224,20.513568220413315,87.28601558648711,0.7745758893217327,934.2016258660208,2023-04-16,0,1.0,6.123233995736766e-17
2023-04-16,0,0.5572204298767505,17,14.503010754309711,21.63464828009686,0.3210361700931067,21.08998047983934,79.0758491915103,0.7358998782404662,934.5185714175173,2023-04-17,0,1.0,6.123233995736766e-17
2023-04-17,0,4.808666162029862,53,8.158495547981493,26.332686267096598,4.250488938081812,21.445965682789204,81.6067930557854,0.901305522195304,929.0499992910874,2023-04-18,1,1.0,6.123233995736766e-17
2023-04-18,1,26.521087003847516,67,31.886973595754114,52.83481635716329,27.104671219011408,21.169919931945625,88.85189554328093,1.094954032067887,925.4738920423944,2023-04-19,0,1.0,6.123233995736766e-17
2023-04-19,0,8.60450107516861,66,39.93425424104597,58.87808699080979,10.13627828054548,20.32201519152835,78.43802828108446,1.2511622235504352,927.2647582747244,2023-04-20,0,1.0,6.123233995736766e-17
2023-04-20,0,1.6735122658525214,14,36.799100344868634,56.110777261208185,0.0453253254558638,16.875380198846372,67.17761459882668,0.9780144347862594,934.0613634680544,2023-04-21,0,1.0,6.123233995736766e-17
2023-04-21,0,0.22022537965870176,11,10.498238720679815,45.177821272508815,0.0265174793763187,15.736225172272311,74.8532340996154,1.029470254866797,937.408597688887,2023-04-22,0,1.0,6.123233995736766e-17
2023-04-22,0,0.23797685052224754,12,2.131714496033453,42.623189166956166,0.0644745072730485,17.858117980428066,75.41828673923686,0.8025697952623,937.3577386341052,2023-04-23,0,1.0,6.123233995736766e-17
2023-04-23,0,0.18545295129153833,11,0.6436551814724698,42.251421688370954,1.1966747579187371,19.275236398165227,75.08083929081126,0.8896056964417427,937.936299574952,2023-04-24,0,1.0,6.123233995736766e-17
2023-04-24,0,0.0,10,0.4234298018137681,37.44275552634109,0.1617454173197433,19.535214301705064,69.54187261492136,0.921837063254826,938.7510437330966,2023-04-25,0,1.0,6.123233995736766e-17
2023-04-25,0,0.041673855597025904,11,0.22712680688854647,10.963342378090601,0.1681059528431141,19.09808906776926,75.20094599549148,0.5866872594883001,938.0016877166172,2023-04-26,0,1.0,6.123233995736766e-17
2023-04-26,0,0.24388727747786598,21,0.28556113307487413,2.6027285803998583,2.123348295698144,19.30371816706776,83.74413598640506,0.6765375712470427,935.34331358694,2023-04-27,0,1.0,6.123233995736766e-17
2023-04-27,0,1.5311310668115519,39,1.816692199886426,2.460347381358889,1.109931913942844,19.55845332011752,83.92762635237771,0.6031617050469246,933.3077793391108,2023-04-28,0,1.0,6.123233995736766e-17
2023-04-28,0,2.840469323094999,65,4.615487667384399,5.0805913247951855,4.000369041019292,18.17255789597092,88.53034089319696,0.680963992193049,935.1922465610864,2023-04-29,0,1.0,6.123233995736766e-17
2023-04-29,0,0.8483088332804621,29,5.2199092231869955,5.6909233075534,1.0048892480532614,18.54156032594957,83.00184465988606,0.6942647741039795,936.373241223862,2023-04-30,0,1.0,6.123233995736766e-17
2023-04-30,0,0.0,10,3.6887781563754434,5.505470356261862,1.2858160552173052,20.44188420908018,77.30281029789028,0.6971593934685841,935.9378870844864,2023-05-01,0,0.8660254037844387,-0.4999999999999998
2023-05-01,0,0.03080902336767686,62,0.8791178566481208,5.536279379629539,0.6501993148252548,20.49031046829637,78.48449717343435,0.5371807279482682,934.974367082242,2023-05-02,0,0.8660254037844387,-0.4999999999999998
2023-05-02,0,1.6519136455228294,64,1.682722668890488,7.146519169555343,0.069378259915439,20.63166277225406,78.25668502307839,0.5884013054473267,933.9745657442468,2023-05-03,0,0.8660254037844387,-0.4999999999999998
2023-05-03,0,0.13692978862947683,61,1.8196524575199648,7.039561680706953,0.0317546133597137,20.64393011547964,77.72341855927326,0.5037684317119253,934.287045887244,2023-05-04,0,0.8660254037844387,-0.4999999999999998
2023-05-04,0,0.06599089943925694,61,1.854834333591545,5.574421513334658,0.0323082346948791,20.8416025980574,76.16850861082125,0.5185198329810724,935.5583576440144,2023-05-05,0,0.8660254037844387,-0.4999999999999998
2023-05-05,0,0.017032024016886988,60,0.21995271208560255,2.7509842142565466,0.0345895678981567,21.29891021548086,76.89533394957455,0.5190041106925718,937.5952507332798,2023-05-06,0,0.8660254037844387,-0.4999999999999998
2023-05-06,0,0.019777960152261985,61,0.10280088360838771,1.9224533411283462,0.0279434780852059,21.323569717673408,78.80029761658372,0.5613490476353983,937.741634992557,2023-05-07,0,0.8660254037844387,-0.4999999999999998
2023-05-07,0,0.01887919971807993,60,0.0556891838872107,1.9413325408464264,0.0120163280001165,20.97212529349955,77.9016637073291,0.6287313698599061,936.4583622636396,2023-05-08,0,0.8660254037844387,-0.4999999999999998
2023-05-08,0,0.021418544405562744,60,0.06007570427588646,1.9319420618843122,0.0625787874393755,20.87339597252532,78.23457145438702,0.5054315023697235,936.432797677798,2023-05-09,0,0.8660254037844387,-0.4999999999999998
2023-05-09,0,0.08343805067613087,60,0.12373579479975534,0.36346646703761365,1.063159379831073,20.286741341448245,82.02407537446803,0.5494333628702815,936.4476758980222,2023-05-10,0,0.8660254037844387,-0.4999999999999998
2023-05-10,0,8.864392688098405,63,8.969249283180082,9.090929366506542,4.149057114798649,19.66387857670882,88.07232138285306,0.5392511111839713,935.9701631511464,2023-05-11,0,0.8660254037844387,-0.4999999999999998
2023-05-11,0,0.23218096482471434,59,9.180011703599233,9.257119431891999,0.2721769614157527,18.91618254445811,81.64412159614587,0.574633756943226,933.8257083852978,2023-05-12,0,0.8660254037844387,-0.4999999999999998
2023-05-12,0,0.025380086777998502,59,9.1219537397011,9.26546749465311,0.0352726829334166,16.335472272088825,79.02960941486423,0.7592736658609787,935.5877140005672,2023-05-13,0,0.8660254037844387,-0.4999999999999998
2023-05-13,0,0.2083035715778713,59,0.4658646231805664,9.45399310607872,0.160185261536955,15.278249812454607,77.44431836183988,0.6050998352496815,937.1656834246758,2023-05-14,0,0.8660254037844387,-0.4999999999999998
2023-05-14,0,0.0,59,0.23368365835585203,9.43511390636064,0.0539299194378319,15.580041058781736,75.73739474161044,0.4626029541062413,938.3006504762068,2023-05-15,0,0.8660254037844387,-0.4999999999999998
2023-05-15,0,0.01224087415563309,59,0.22054444573348664,9.425936236110712,0.1142655129634385,15.1797759244644,73.1114764989632,0.5021249176385663,938.6567213949726,2023-05-16,0,0.8660254037844387,-0.4999999999999998
2023-05-16,0,0.0,58,0.012240874155615327,9.34249818543458,0.1345494951140478,14.744190526721104,71.22886136362438,0.6608738412275669,937.689570464296,2023-05-17,0,0.8660254037844387,-0.4999999999999998
2023-05-17,0,0.0036775532552850983,59,0.015918427410900424,0.4817830505914597,0.0266230295293851,15.54799849235642,76.03808798548748,0.8404746929840445,938.2575912904488,2023-05-18,0,0.8660254037844387,-0.4999999999999998
2023-05-18,0,0.02316161632594659,59,0.02683916958121392,0.27276370209269196,0.0383659535030075,15.424367490206611,75.22039538617852,0.6487236405321051,939.1131202112226,2023-05-19,0,0.8660254037844387,-0.4999999999999998
2023-05-19,0,0.0,59,0.026839169581213924,0.24738361531469344,0.0466516373542861,15.70927640894874,74.15202913379616,0.4689793111804062,938.3939994421262,2023-05-20,0,0.8660254037844387,-0.4999999999999998
2023-05-20,0,0.0073551065105701965,59,0.030516722836499022,0.04643515024739234,0.0669130008695788,15.738654717993288,73.87267273756362,0.5500948415430874,937.4251952280669,2023-05-21,0,0.8660254037844387,-0.4999999999999998
2023-05-21,0,0.007312002947499679,60,0.014667109458052111,0.05374715319489202,0.0465062090878084,15.438140820275391,74.25596931286242,0.5438937919730895,936.1482220912812,2023-05-22,0,0.8660254037844387,-0.4999999999999998
2023-05-22,0,0.0036560014737498396,60,0.01832311093180195,0.04516228051300877,0.0640106300260062,16.577105490192945,74.83188971507971,0.6095482079642929,937.1739025386072,2023-05-23,0,0.8660254037844387,-0.4999999999999998
2023-05-23,0,0.007312002947499679,60,0.018280007368731435,0.05247428346050845,0.0186624178130673,17.25334957429789,73.4522368612328,0.5022631628586979,938.8525307011532,2023-05-24,0,0.8660254037844387,-0.4999999999999998
2023-05-24,0,0.010785204347562027,60,0.02175320876879378,0.059581934552785376,0.0224110916626912,17.867966347441122,75.45939235248947,0.7596390177834443,938.485195889408,2023-05-25,0,0.8660254037844387,-0.4999999999999998
2023-05-25,0,0.007312002947499679,60,0.025409210242543622,0.04373232117433847,0.0919541081112121,18.960620368126538,76.80446839109871,0.6940553181737935,938.9671295174344,2023-05-26,0,0.8660254037844387,-0.4999999999999998
2023-05-26,0,0.0,60,0.018097207295043945,0.043732321174338465,0.0279434780852059,18.96358966739372,73.88696819421051,0.7680822097159685,938.390763972261,2023-05-27,0,0.8660254037844387,-0.4999999999999998
2023-05-27,0,0.0,60,0.007312002947481916,0.036377214663768274,0.0186624178130673,19.221442882689992,72.96934315383663,0.6084238644382104,937.1667417878324,2023-05-28,0,0.8660254037844387,-0.4999999999999998
2023-05-28,0,4.813980402096191,66,4.813980402096173,4.84304561381246,3.312786834488465,17.904055788475137,83.82068446377086,0.6403273823620615,936.285228044549,2023-05-29,0,0.8660254037844387,-0.4999999999999998
2023-05-29,0,0.7067243107840775,63,5.520704712880251,5.546113923122787,4.273721331491043,17.018580862533778,85.34908533159316,1.2211007071821651,937.7840780376472,2023-05-30,0,0.8660254037844387,-0.4999999999999998
2023-05-30,0,0.12029564387646803,61,5.641000356756718,5.659097564051756,3.9092923454427457,16.565781304513987,81.92783665676718,1.079121831380774,939.6143386664362,2023-05-31,1,0.8660254037844387,-0.4999999999999998
2023-05-31,1,25.356301631893324,66,26.183321586553852,31.004613991597516,26.653178138724364,16.180632029137936,93.96024382710516,0.640781916507863,937.9388580637936,2023-06-01,0,0.49999999999999994,-0.8660254037844387
2023-06-01,0,1.1478262608277037,65,26.624423536597476,32.14512824947772,0.437186248833709,16.567765333118203,87.39503667323031,0.4644040935659144,939.0369571711116,2023-06-02,0,0.49999999999999994,-0.8660254037844387
2023-06-02,0,0.034703961822316505,57,26.538831854543325,32.17983221130004,0.1612449767059344,16.617832249572754,80.96891407170921,0.5724014820003086,938.9367970182672,2023-06-03,0,0.49999999999999994,-0.8660254037844387
2023-06-03,0,0.3087866311470142,58,1.4913168537970165,32.48861884244705,0.1051516496712045,17.287683720447074,75.76833216516336,0.5835150641058489,938.6582293136238,2023-06-04,0,0.49999999999999994,-0.8660254037844387
2023-06-04,0,0.07208413291196515,58,0.4155747258812781,27.746722573262822,0.1635933874467427,16.506068378592282,77.78039613587052,0.4539886284932622,939.4804257158344,2023-06-05,0,0.49999999999999994,-0.8660254037844387
2023-06-05,0,0.02620153533082421,57,0.4070722993897858,27.06619979780957,0.1217422574339113,16.003035184431415,77.21563454050136,0.440622247379995,939.4562452952412,2023-06-06,0,0.49999999999999994,-0.8660254037844387
2023-06-06,0,0.02770114566889406,57,0.12598681391166566,26.973605299602,0.0737331419382369,16.447886602978386,77.91620099181326,0.6066324005287348,939.26321841672,2023-06-07,0,0.49999999999999994,-0.8660254037844387
2023-06-07,0,0.05286252754329712,58,0.10676520854299763,1.6701661952519724,0.1308917126501709,15.898786096944177,79.02889428193882,0.4520871736188399,939.5522508785064,2023-06-08,0,0.49999999999999994,-0.8660254037844387
2023-06-08,0,0.0535461543928599,57,0.13410982760503332,0.5758860888171285,0.0921162563465609,15.991765405550272,77.69883714095218,0.3930695484246781,939.4156644693156,2023-06-09,0,0.49999999999999994,-0.8660254037844387
2023-06-09,0,0.10440324410285441,58,0.21081192603899368,0.6455853710976664,0.0630406763607109,16.818104679156257,73.91648994772672,0.546569826165532,937.7514873412356,2023-06-10,0,0.49999999999999994,-0.8660254037844387
2023-06-10,0,0.011637678918490971,57,0.16958707741418752,0.3484364188691432,0.0957652433857199,17.536715757695035,71.8263134238363,0.5179001690153621,936.9236650193528,2023-06-11,0,0.49999999999999994,-0.8660254037844387
2023-06-11,0,0.0730899254034901,58,0.18913084842481775,0.34944221136066816,0.0344274196628078,18.23000429362317,69.27130500140761,0.8620691077969471,935.4083573041974,2023-06-12,0,0.49999999999999994,-0.8660254037844387
2023-06-12,0,0.004011226488047777,56,0.08873883081001109,0.32725190251789177,0.3023192198438983,18.338976926382955,74.76496053937174,0.7555660557577368,936.1306375433882,2023-06-13,0,0.49999999999999994,-0.8660254037844387
2023-06-13,0,0.17382452028616832,58,0.25092567217768846,0.47337527713516603,6.852388557008915,16.608851223323317,85.86708021232246,1.0904720378852149,939.496777593448,2023-06-14,1,0.49999999999999994,-0.8660254037844387
2023-06-14,1,11.251513540539094,66,11.429349287313292,11.672026290130962,16.10879052130676,15.562643152062448,93.60170397393856,0.5881671536446449,938.9021966281904,2023-06-15,1,0.49999999999999994,-0.8660254037844387
2023-06-15,1,8.003048110398927,65,19.42838617122417,19.62152824613703,18.47650829007286,15.97142765022184,95.69628361138967,0.5684474974784454,937.1361402907094,2023-06-16,0,0.49999999999999994,-0.8660254037844387
2023-06-16,0,0.5199825009782513,59,19.774544151916253,20.037107503012425,0.7042280221853183,14.630707258273851,87.41258678090318,0.8673665193826585,937.0812700863928,2023-06-17,0,0.49999999999999994,-0.8660254037844387
2023-06-17,0,0.1478211104597306,55,8.670851721836891,20.173290934553666,0.1702816344521224,12.06334238537424,82.69385508703094,0.4616684088522512,939.2623768128263,2023-06-18,0,0.49999999999999994,-0.8660254037844387
2023-06-18,0,0.05376153367519289,54,0.721565145113157,20.15396254282537,0.0978565634927024,12.707759290669726,81.86263020423068,0.5447887178505507,940.1343492773068,2023-06-19,0,0.49999999999999994,-0.8660254037844387
2023-06-19,0,0.09151244114262079,55,0.2930950852775265,20.241463757479938,0.0392313578301866,14.234542414084803,77.96296815250389,0.64892541356336,941.866721795714,2023-06-20,0,0.49999999999999994,-0.8660254037844387
2023-06-20,0,0.11776902780109018,54,0.2630430026188861,20.185408264994862,0.070265995129199,15.452685265160374,74.09214755481523,0.5012039226571637,941.0950424927069,2023-06-21,0,0.49999999999999994,-0.8660254037844387
2023-06-21,0,0.0687645600369284,54,0.2780460289806216,9.0026592844927,0.0410567895068875,15.381647307325348,75.30303156930088,0.5170200785884448,938.8315164364255,2023-06-22,0,0.49999999999999994,-0.8660254037844387
2023-06-22,0,0.0,53,0.1865335878380008,0.9996111740937714,0.0159271500850893,16.228371587008056,74.80993094513111,0.5429063599294351,937.7747987993472,2023-06-23,0,0.49999999999999994,-0.8660254037844387
2023-06-23,0,0.0,53,0.06876456003691063,0.4796286731155202,0.0409738226652937,16.70862869568595,75.6170978506373,0.465905547785614,936.910157151402,2023-06-24,0,0.49999999999999994,-0.8660254037844387
2023-06-24,0,0.0,52,0.0,0.3318075626557896,0.0344274196628078,17.43476094032599,75.26947124407376,0.4802232042195902,937.1855513939864,2023-06-25,0,0.49999999999999994,-0.8660254037844387
2023-06-25,0,0.2274812385919792,52,0.22748123859196143,0.5055272675725759,0.0957652433857199,17.534426504845946,74.41084410850048,0.4729324451076838,938.5694305488332,2023-06-26,0,0.49999999999999994,-0.8660254037844387
2023-06-26,0,0.0,51,0.22748123859196143,0.41401482642995513,0.0604138610154338,17.439254875760344,73.11621371587914,0.5021983849515929,938.5573823056466,2023-06-27,0,0.49999999999999994,-0.8660254037844387
2023-06-27,0,0.0,51,0.22748123859196143,0.2962457986288649,0.0382385549373157,17.187119136955854,72.21758396688196,0.5522100555447526,938.276466571087,2023-06-28,0,0.49999999999999994,-0.8660254037844387
2023-06-28,0,0.0,48,0.0,0.22748123859193656,0.1049219912664159,17.388414995187947,72.9889861331304,0.6106168484194024,938.326593593127,2023-06-29,0,0.49999999999999994,-0.8660254037844387
2023-06-29,0,0.1633968057282541,49,0.16339680572823634,0.3908780443201907,1.274997661689497,16.890791819043613,78.49657201690289,1.0981604964444145,940.6240004555372,2023-06-30,0,0.49999999999999994,-0.8660254037844387
2023-06-30,0,3.3914180216971075,50,3.5548148274253437,3.782296066017298,1.7467436764394657,16.85555235643128,80.9190212873562,0.8274640426445322,941.7647314519378,2023-07-01,0,1.2246467991473532e-16,-1.0
2023-07-01,0,0.0,49,3.5548148274253437,3.7822960660172984,0.1811849718831977,16.591456485626708,81.05299558691289,0.5835616650456809,939.5870347878284,2023-07-02,0,1.2246467991473532e-16,-1.0
2023-07-02,0,0.0,48,3.3914180216970897,3.5548148274253193,0.0675474473700921,16.06991611341525,77.62123135097282,0.682952846249704,938.1028619880396,2023-07-03,0,1.2246467991473532e-16,-1.0
2023-07-03,0,0.04940960080340734,48,0.049409600803389575,3.6042244282287266,0.8449761400829404,14.998975463483085,78.23691537515603,1.0911879875966226,940.1854276623304,2023-07-04,0,1.2246467991473532e-16,-1.0
2023-07-04,0,0.0,48,0.049409600803389575,3.6042244282287266,0.1073378493806652,14.12848946051033,76.14085687900396,0.7187595506198399,940.2683520622608,2023-07-05,0,1.2246467991473532e-16,-1.0
2023-07-05,0,0.0,48,0.049409600803389575,3.6042244282287266,0.0838189501032235,14.770150254137704,74.39074807917409,0.585124250959795,939.802120883727,2023-07-06,0,1.2246467991473532e-16,-1.0
2023-07-06,0,,0,,,0.0986001979241629,15.202563036995238,70.64646258857714,0.659868503878214,937.6737072945356,2023-07-07,0,1.2246467991473532e-16,-1.0
2023-07-07,0,,0,,,0.0120163280001165,15.965523926817625,66.11581857958386,0.5823321642288701,936.1579905390367,2023-07-08,0,1.2246467991473532e-16,-1.0
2023-07-08,0,0.005211805302547177,54,,,1.0349848921890596,16.582022223893976,67.89722371026318,0.8738388385453024,933.9102954467749,2023-07-09,0,1.2246467991473532e-16,-1.0
2023-07-09,0,3.7569841043735024,60,,,5.551047077959175,17.07913600835974,85.87119273846898,0.5185052385027571,936.4335773162765,2023-07-10,0,1.2246467991473532e-16,-1.0
2023-07-10,0,1.0768887981220994,57,4.839084707798131,,2.671094993942913,17.481925151469078,87.23187764433835,0.5386444455361996,936.5130205701716,2023-07-11,0,1.2246467991473532e-16,-1.0
2023-07-11,0,0.013001506070530383,55,4.846874408566114,,0.4013677515718937,19.73945415953705,78.06196601629284,0.5600646537822828,935.086174880312,2023-07-12,0,1.2246467991473532e-16,-1.0
2023-07-12,0,0.007675966975199393,55,1.0975662711678114,,0.2411579914855867,20.487895346435085,71.3358216788925,0.8051437244518224,931.8128091957132,2023-07-13,0,1.2246467991473532e-16,-1.0
2023-07-13,0,0.32787157439679704,55,0.34854904744250903,,0.5499919914864085,20.878028608594168,52.40763048380143,2.349503449552256,928.7621783262834,2023-07-14,0,1.2246467991473532e-16,-1.0
2023-07-14,0,0.011483308676588158,54,0.34703085004856676,5.199117063917222,0.1296422285730772,14.063559476252063,62.88031685554915,1.2966903562742524,935.686502552472,2023-07-15,0,1.2246467991473532e-16,-1.0
2023-07-15,0,0.0112572306501347,54,0.35061211372350215,5.20516248926481,0.0629520323684674,12.867634681096831,72.79439480820083,0.7422226935552825,937.997297669144,2023-07-16,0,1.2246467991473532e-16,-1.0
2023-07-16,0,0.0039592012477900835,52,0.026699740574495177,1.4521375861390968,0.0731905087868639,14.87386029500896,75.05312363376392,0.6065443018640371,936.7836363049796,2023-07-17,0,1.2246467991473532e-16,-1.0
2023-07-17,0,0.07590096176390172,54,0.09111739366180874,0.4511497497808993,0.3989140392029303,17.539818008131583,74.68429497211676,0.5450069737090616,937.2966196777228,2023-07-18,0,1.2246467991473532e-16,-1.0
2023-07-18,0,0.009182406510484529,52,0.08904256952215857,0.4473306502208534,2.787116674759504,16.51594319200809,85.10110586167085,1.1661356529337656,940.2809890204926,2023-07-19,0,1.2246467991473532e-16,-1.0
2023-07-19,0,0.24753814857376216,52,0.3326215168481307,0.6871928318194163,2.292407444575693,15.578356188779344,84.80776155203628,1.387959266661205,944.9081865973512,2023-07-20,0,1.2246467991473532e-16,-1.0
2023-07-20,0,0.01593967797087428,53,0.27266023305510323,0.3752609353934934,1.023735125395403,16.868414776622977,77.51335280268358,1.486183595792561,945.7795196537504,2023-07-21,0,1.2246467991473532e-16,-1.0
2023-07-21,0,0.0,54,0.2634778265446187,0.3637776267169053,0.1443118582051479,17.5653002689181,77.05870958551498,0.941672495800874,944.2326879924271,2023-07-22,0,1.2246467991473532e-16,-1.0
2023-07-22,0,0.0,55,0.015939677970856516,0.35252039606677055,0.0437709413598303,17.10147618080314,76.94500900937614,0.763268062986401,942.4566255243308,2023-07-23,0,1.2246467991473532e-16,-1.0
2023-07-23,0,0.0,55,0.0,0.34856119481898046,0.1411119608978429,17.3606720295695,73.7714833679316,0.594534288187414,942.3627585291172,2023-07-24,0,1.2246467991473532e-16,-1.0
2023-07-24,0,0.0,54,0.0,0.27266023305507875,0.0164807714202546,17.979455389912562,69.95156410348429,0.5393381067645694,941.6262270632352,2023-07-25,0,1.2246467991473532e-16,-1.0
2023-07-25,0,0.009801560886789623,54,0.00980156088677186,0.27327938743138386,0.0129678831552038,18.07006396103422,71.16920447008513,0.5139928086533785,938.692818647289,2023-07-26,0,1.2246467991473532e-16,-1.0
2023-07-26,0,0.0,53,0.00980156088677186,0.025741238857621716,0.0324079215053439,18.68697735031161,68.48037598158888,0.6502464633125659,937.258566182316,2023-07-27,0,1.2246467991473532e-16,-1.0
2023-07-27,0,0.004965790044775839,52,0.014767350931547699,0.014767350931523274,0.2223476885157454,18.28760318367619,74.27240819362483,0.953177052783776,938.7865759087852,2023-07-28,0,1.2246467991473532e-16,-1.0
2023-07-28,0,1.7851293523879297,55,1.7900951424326879,1.799896703319453,0.6412068476025576,19.2898254560267,74.21533028762452,0.9336442241339232,939.9489409442824,2023-07-29,0,1.2246467991473532e-16,-1.0
2023-07-29,0,0.2246556780299003,54,2.0147508204625884,2.0245523813493533,1.4265195938683577,16.116567018496045,81.6022249535553,1.3024330636407413,940.864177879702,2023-07-30,0,1.2246467991473532e-16,-1.0
2023-07-30,0,0.01027596136985003,54,2.0200609917876626,2.0348283427192033,0.110509483421828,15.470306622717048,79.59048078986635,0.8525699996222335,941.795975637344,2023-07-31,0,1.2246467991473532e-16,-1.0
2023-07-31,0,0.0075205515628767915,54,0.24245219096260937,2.04234889428208,0.0382385549373157,16.989235981524722,77.46804820902791,0.6185864185442643,941.3567330692716,2023-08-01,0,-0.4999999999999997,-0.8660254037844388
2023-08-01,0,0.005623499321495065,45,0.02342001225420412,2.038170832716786,0.0612702569061426,17.185858274265875,75.34940104698518,0.5438304236259666,940.8791432339336,2023-08-02,0,-0.4999999999999997,-0.8660254037844388
2023-08-02,0,0.023056347218129766,45,0.03620039810248386,2.0612271799349156,0.095997426338689,18.144902849800346,71.5981388915162,0.524110503195284,939.833396152156,2023-08-03,0,-0.4999999999999997,-0.8660254037844388
2023-08-03,0,0.005623499321495065,45,0.03430334586110213,2.0618848892116346,0.0963188647208853,18.314754961389667,67.36471766508936,0.6565183692604005,938.267907456427,2023-08-04,0,-0.4999999999999997,-0.8660254037844388
2023-08-04,0,0.261745029284668,46,0.29042487582427506,0.5385005661083728,0.0224110916626912,17.919733820192278,69.75412434452494,0.6836970162396548,938.0658469455028,2023-08-05,0,-0.4999999999999997,-0.8660254037844388
2023-08-05,0,0.33662198079287836,45,0.6039905093990237,0.6504668688713509,0.0934301974530398,18.36786046336298,68.38899395233199,0.5743610751273864,938.5565778914448,2023-08-06,0,-0.4999999999999997,-0.8660254037844388
2023-08-06,0,0.39165142576287065,46,0.9900184358403992,1.0318423332643714,0.0971955912715348,19.48157673404445,64.66065428154155,0.741630648414794,938.7884299643388,2023-08-07,0,-0.4999999999999997,-0.8660254037844388
2023-08-07,0,0.011091318171235988,45,0.7393647247269673,1.035413099872731,0.0185002695777185,20.961139752474743,57.79945734253762,0.882851868453896,937.8728531143804,2023-08-08,0,-0.4999999999999997,-0.8660254037844388
2023-08-08,0,0.22957446002731705,47,0.6323172039614059,1.2593640605785525,1.5076000469501762,18.444724878440752,76.39859791382536,2.046927816651171,941.6065767170668,2023-08-09,1,-0.4999999999999997,-0.8660254037844388
2023-08-09,1,8.783801621616176,56,9.02446739981471,10.020109334976599,5.2276426357526224,18.90124773098853,76.97436983438578,1.8170112854113287,940.0963423527862,2023-08-10,1,-0.4999999999999997,-0.8660254037844388
2023-08-10,1,0.9460840642440177,47,9.959460145887492,10.960569899899122,1.4042586275511555,20.20433229993307,73.44106722166964,1.1054016644662032,936.8357264684504,2023-08-11,0,-0.4999999999999997,-0.8660254037844388
2023-08-11,0,1.5336308017910731,54,11.263516487651248,12.232455672405527,1.9292354134616263,21.296357303759613,67.33861716304324,1.438717484519143,937.1835729804344,2023-08-12,0,-0.4999999999999997,-0.8660254037844388
2023-08-12,0,0.8961660270174601,51,3.375880893052533,12.791999718630109,1.5284258409565226,19.120498490675605,75.56708616497326,1.094776849720717,938.0550579683892,2023-08-13,0,-0.4999999999999997,-0.8660254037844388
2023-08-13,0,0.20815344036469163,49,2.6379502691732073,12.60850173323193,1.3006562516077385,16.808108578738683,82.32798212941798,1.512123410888132,940.2521364202852,2023-08-14,0,-0.4999999999999997,-0.8660254037844388
2023-08-14,0,0.01703998338695166,48,1.1213594507690856,12.614450398447644,0.8014823769750027,16.764752106257856,81.39765748103157,0.904629541346446,940.5398940328208,2023-08-15,0,-0.4999999999999997,-0.8660254037844388
2023-08-15,0,0.0,44,0.22519342375162554,12.384875938420327,0.8650158829363761,18.928921535991705,79.68413995016145,0.8489634146653593,939.8422848556232,2023-08-16,0,-0.4999999999999997,-0.8660254037844388
2023-08-16,0,0.0023644867426256874,44,0.019404470129559585,3.6034388035467773,0.1326644816525664,20.715402475466377,74.65602750889659,0.7597435355228419,940.1472410942924,2023-08-17,0,-0.4999999999999997,-0.8660254037844388
2023-08-17,0,0.0,45,0.002364486742607924,2.6573547393027597,0.0107738695828373,21.021884119549075,69.61045690041276,0.7835093883334969,937.8878070825756,2023-08-18,0,-0.4999999999999997,-0.8660254037844388
2023-08-18,0,0.0,46,0.002364486742607924,1.1237239375116863,0.0224110916626912,21.6510124650842,61.34542897262954,1.0159552709314277,932.8908619219872,2023-08-19,0,-0.4999999999999997,-0.8660254037844388
2023-08-19,0,0.0017628520369699853,46,0.0017628520369522217,0.22932076253119632,0.3093871609900116,20.9188576219198,59.1373312549828,1.3823222985293877,931.2204071044356,2023-08-20,0,-0.4999999999999997,-0.8660254037844388
2023-08-20,0,0.0,46,0.0017628520369522217,0.0211673221665047,0.1167200275246181,18.64580385205512,72.90449864634203,0.6416816977861215,933.1121740427892,2023-08-21,0,-0.4999999999999997,-0.8660254037844388
2023-08-21,0,0.0,45,0.0017628520369522217,0.00412733877955304,0.0,20.75436973652236,64.32574833278943,1.092707114176815,931.8979981603202,2023-08-22,0,-0.4999999999999997,-0.8660254037844388
2023-08-22,0,0.0,45,0.0,0.00412733877955304,0.0172578111604392,20.891746552400317,62.94340864658962,0.9864374708777416,931.6209015359708,2023-08-23,0,-0.4999999999999997,-0.8660254037844388
2023-08-23,0,0.0,45,0.0,0.0017628520369273528,0.0,24.5307505175398,44.50840911700718,1.2447400894859473,929.2144135326034,2023-08-24,0,-0.4999999999999997,-0.8660254037844388
2023-08-24,0,3.119696109787951,53,3.119696109787933,3.1214589618248785,4.8643697318271455,23.96935094363665,52.083494218663056,1.459056762002082,928.7600085676912,2023-08-25,0,-0.4999999999999997,-0.8660254037844388
2023-08-25,0,3.7747238438357105,56,6.894419953623643,6.8961828056605885,6.020707917684043,19.327655665064764,78.72814307211198,1.7260523146608842,931.1496653354682,2023-08-26,0,-0.4999999999999997,-0.8660254037844388
2023-08-26,0,8.619075303302333,57,15.513495256925976,15.513495256925951,10.942478645222575,14.428877119474802,87.81600163150381,2.146809595315782,934.5902659951416,2023-08-27,0,-0.4999999999999997,-0.8660254037844388
2023-08-27,0,5.039863688905116,58,17.43366283604314,20.553358945831068,3.7595484846248906,12.432200932438338,85.60575727920994,1.9633195736437488,938.043901795898,2023-08-28,1,-0.4999999999999997,-0.8660254037844388
2023-08-28,1,0.9499321905250829,55,14.608871182732514,21.50329113635615,2.137793263420925,13.635383939920606,85.70089412863858,1.584521459605884,939.1096365261668,2023-08-29,0,-0.4999999999999997,-0.8660254037844388
2023-08-29,0,0.04927338487481571,46,6.039069264304996,21.552564521230966,1.486736565122351,15.753505989738937,83.02766194604197,1.2076937433819297,938.6875520188288,2023-08-30,0,-0.4999999999999997,-0.8660254037844388
2023-08-30,0,0.01616924598063257,41,1.0153748213805134,21.568733767211597,0.0672558454933348,17.755585025900885,76.81939393850502,1.103337841887159,935.9470151361757,2023-08-31,0,-0.4999999999999997,-0.8660254037844388
2023-08-31,0,0.11478394748068277,44,0.18022657833611327,18.56382160490433,0.0464380256160704,17.69375874201232,72.2416947310358,1.230543358806992,936.9660523443392,2023-09-01,0,-0.8660254037844385,-0.5000000000000004
2023-09-01,0,0.06392631795291999,21,0.19487951141421758,14.85302407902154,0.098438049688814,18.47076859706525,68.50654794537063,1.0369583048317694,936.8668208008282,2023-09-02,1,-0.8660254037844385,-0.5000000000000004
2023-09-02,1,9.201952038375843,55,9.380662303809428,15.435900814095051,6.698644927717522,20.928269179733448,75.58692301161975,1.7604544563514348,934.4231574151804,2023-09-03,1,-0.8660254037844385,-0.5000000000000004
2023-09-03,1,15.268939245862397,59,24.53481760219114,25.664976371052333,21.550748997010626,23.227802036001677,75.6054198976519,1.5482744153088313,934.4816905677428,2023-09-04,0,-0.8660254037844385,-0.5000000000000004
2023-09-04,0,1.29190627926632,25,25.76279756350454,26.00695045979357,0.1587813398629025,24.83891151725362,68.97364694060315,1.4091617864706136,933.2783414435668,2023-09-05,0,-0.8660254037844385,-0.5000000000000004
2023-09-05,0,0.6106469122792693,31,17.17149243740797,26.56832398719802,2.528982451663988,21.70212178503621,78.53970744015746,1.5957206895391818,936.8271545218364,2023-09-06,0,-0.8660254037844385,-0.5000000000000004
2023-09-06,0,0.26519402330172187,27,2.1677472148472936,26.817348764519114,1.1819253526284916,17.770109660526376,80.70812838538023,2.498047244998424,941.840443361722,2023-09-07,0,-0.8660254037844385,-0.5000000000000004
2023-09-07,0,0.019855723642190057,23,0.8956966592231634,26.722420540680616,0.5301919568220986,19.084491992274,74.79483295697874,2.087507485039797,940.5138044280814,2023-09-08,0,-0.8660254037844385,-0.5000000000000004
2023-09-08,0,0.38468681660489024,24,0.6697365635487844,27.043181039332588,0.0868008276089601,20.956739122454145,67.71626631390595,1.556968131322355,936.242259665841,2023-09-09,0,-0.8660254037844385,-0.5000000000000004
2023-09-09,0,0.02582417052519782,22,0.43036671077226035,17.867053171481942,0.3370890128723826,20.544900622299245,72.48376284029148,1.2207670474955414,936.4850262494,2023-09-10,0,-0.8660254037844385,-0.5000000000000004
2023-09-10,0,0.0,18,0.4105109871300703,2.598113925619547,0.0129678831552038,20.209891842077056,74.9590498876785,0.9769075083714026,937.8688215176192,2023-09-11,0,-0.8660254037844385,-0.5000000000000004
2023-09-11,0,0.0,19,0.025824170525180056,1.3062076463532266,0.0305165975778351,21.9017276737276,68.26617669942493,0.911253999822436,936.6716860968202,2023-09-12,0,-0.8660254037844385,-0.5000000000000004
2023-09-12,0,0.056808134882933764,22,0.056808134882916,0.7523688689568911,0.02077069942549,22.646868730440985,55.99005862406158,0.931074032311681,935.1913948631408,2023-09-13,0,-0.8660254037844385,-0.5000000000000004
2023-09-13,0,0.00913569096180791,19,0.06594382584472391,0.49631053661697716,0.0064839415776019,23.40605368837681,54.497722568014495,1.4861354725820972,932.0207293483984,2023-09-14,0,-0.8660254037844385,-0.5000000000000004
2023-09-14,0,13.381847927951961,59,13.447791753796684,13.858302740926748,6.906674138190768,20.094266793450927,75.11587818140664,1.3899179799122512,934.3265661209716,2023-09-15,0,-0.8660254037844385,-0.5000000000000004
2023-09-15,0,2.1609707991511264,26,15.551954418064877,15.634586723472983,0.9876842959661412,16.52383373209378,79.16444187844293,1.0144053436791824,938.4514262508516,2023-09-16,0,-0.8660254037844385,-0.5000000000000004
2023-09-16,0,0.8415324092455071,25,16.384351136348577,16.450294962193293,0.0753094368777022,18.880490271436347,71.23294428249547,0.9865388318393048,936.9721298901106,2023-09-17,0,-0.8660254037844385,-0.5000000000000004
2023-09-17,0,0.007311240000096935,22,3.0098144483967126,16.45760620219339,0.0331849612455286,23.122393610816346,62.93917883518551,0.7570541149774573,936.4038033010788,2023-09-18,0,-0.8660254037844385,-0.5000000000000004
2023-09-18,0,1.7952619557857263,24,2.6441056050313128,18.252868157979115,0.3366536254625697,24.0971289056298,58.7907061619584,0.96929310093624,936.7000545238424,2023-09-19,0,-0.8660254037844385,-0.5000000000000004
2023-09-19,0,0.6535895202684926,21,2.456162716054298,18.849649543364674,0.2307754423865314,24.59628471737277,57.97639382840536,0.9327610225526478,936.1483525026988,2023-09-20,0,-0.8660254037844385,-0.5000000000000004
2023-09-20,0,0.06422126510999204,20,2.5130727411641933,18.90473511751286,0.1319201742513854,23.014106770013413,63.55378393500381,1.38280301842847,937.0923723870122,2023-09-21,0,-0.8660254037844385,-0.5000000000000004
2023-09-21,0,0.0,21,0.7178107853784669,5.522887189560898,0.0,22.929824526483145,66.84268662895917,1.1793230358847036,935.7063866537446,2023-09-22,0,-0.8660254037844385,-0.5000000000000004
2023-09-22,0,0.9122049890577407,20,0.976426254167715,4.274121379467513,0.6720296512281237,24.3813712572041,64.01885133728706,1.0318787866684294,933.8577853180556,2023-09-23,0,-0.8660254037844385,-0.5000000000000004
2023-09-23,0,0.0,19,0.912204989057723,3.432588970222006,0.1020006004065239,24.778398975605256,63.48694992817234,1.0271269659092648,933.86129760617,2023-09-24,0,-0.8660254037844385,-0.5000000000000004
2023-09-24,0,0.0,22,0.912204989057723,3.425277730221909,0.0778072989312232,26.678275574434533,55.75699838754075,0.9834915192242714,932.235949385493,2023-09-25,0,-0.8660254037844385,-0.5000000000000004
2023-09-25,0,0.0,19,0.0,1.6300157744361827,0.3045125691731908,24.632403839482667,67.21639929515823,1.515387974777265,932.7693276993006,2023-09-26,0,-0.8660254037844385,-0.5000000000000004
2023-09-26,0,0.05363868786266647,23,0.05363868786264871,1.0300649420303567,0.6965923561805899,25.81976552617224,65.09039816733915,1.0523956466265028,930.6019359144728,2023-09-27,1,-0.8660254037844385,-0.5000000000000004
2023-09-27,1,13.256448830223647,56,13.310087518086295,14.222292507144012,15.136211530446907,25.599900909573705,70.43703645938129,1.3960665640563492,928.5188242937515,2023-09-28,0,-0.8660254037844385,-0.5000000000000004
2023-09-28,0,3.9616775958496797,55,17.271765113935974,18.18397010299369,6.685193349742428,17.196546786894753,83.41380053509687,2.5556862089693406,934.7789995471855,2023-09-29,0,-0.8660254037844385,-0.5000000000000004
2023-09-29,0,0.4437586415057053,21,17.661885067579014,17.715523755441655,0.3181278520645845,18.252591677682798,78.61701474108604,1.7021732784222974,937.2809028996592,2023-09-30,1,-0.8660254037844385,-0.5000000000000004
2023-09-30,1,0.8909158665909357,25,5.296352103946303,18.606439622032592,0.4672859539914943,20.989895515689252,77.82817978339524,1.2423421673723296,935.0717716693998,2023-10-01,1,-1.0,-1.8369701987210297e-16
2023-10-01,1,47.03604960232379,57,48.37072411042042,65.64248922435638,39.93971055072734,19.842982359412886,91.43245548859215,1.0248958785383393,932.431135804628,2023-10-02,1,-1.0,-1.8369701987210297e-16
2023-10-02,1,5.665081699949748,15,53.59204716886446,71.30757092430613,1.9018088379085605,19.322437554916668,88.09054505434757,0.7747238875954202,931.4091726900052,2023-10-03,0,-1.0,-1.8369701987210297e-16
2023-10-03,0,1.9104244367375574,9,54.61155573901108,73.16435667318103,0.7187629766478627,20.85080260754525,82.76305590015293,0.8496127932479288,931.1354925645152,2023-10-04,1,-1.0,-1.8369701987210297e-16
2023-10-04,1,6.126868886842244,10,13.702375023529534,66.03477672979963,9.23596972508317,21.97976335808812,83.07973716494186,1.0957626143704142,929.087728982468,2023-10-05,1,-1.0,-1.8369701987210297e-16
2023-10-05,1,19.86104498941505,48,27.898338312994834,81.934144123365,24.1594880636204,22.311733122545142,83.63488941915263,1.2600232647212135,928.9226753314628,2023-10-06,0,-1.0,-1.8369701987210297e-16
2023-10-06,0,3.5436762741661503,12,29.531590150423426,85.03406175602544,2.599969005939949,23.693442208499604,78.29857207613493,0.7980223435484265,932.07976704345,2023-10-07,1,-1.0,-1.8369701987210297e-16
2023-10-07,1,14.58811882524598,42,37.992840088827165,98.73126471468049,25.078058974257356,24.455300807260308,78.77389610432293,1.407721196962285,932.6566108257344,2023-10-08,1,-1.0,-1.8369701987210297e-16
2023-10-08,1,25.202375973236634,53,43.33417107264875,76.89759108559332,26.145861469587533,21.44947298027662,89.65559755770755,0.900980240219314,933.4725759453733,2023-10-09,1,-1.0,-1.8369701987210297e-16
2023-10-09,1,25.593074795649812,51,65.38356959413241,96.82558418129338,22.907221543772454,20.9319215251986,85.0588729464103,1.366589885777964,934.0564767203068,2023-10-10,0,-1.0,-1.8369701987210297e-16
2023-10-10,0,4.760106203867192,11,55.55555697275362,99.67526594842302,0.4851349565091891,19.99752597432336,78.6912000659908,1.2520901559762916,936.9255066822,2023-10-11,0,-1.0,-1.8369701987210297e-16
2023-10-11,0,5.586142198307893,10,35.93932319782488,99.13453925988867,0.0745994089210489,22.93628337554132,71.65246341691721,1.1815400121647532,933.946354738236,2023-10-12,1,-1.0,-1.8369701987210297e-16
2023-10-12,1,14.855171062766255,41,25.201419464941324,94.1286653332399,17.164977850052665,22.155313981317622,84.3271118194359,1.384721358473294,930.4204514448202,2023-10-13,0,-1.0,-1.8369701987210297e-16
2023-10-13,0,4.524868115839609,13,24.96618137691374,95.10985717491334,5.412133421462944,18.225773416157555,90.1211198736288,1.4073759812820847,934.9646302735116,2023-10-14,0,-1.0,-1.8369701987210297e-16
2023-10-14,0,1.1024349005712712,9,20.48247407917712,81.62417325023864,1.580009831940088,17.10939633528747,84.61260159474682,1.7768122989360764,938.8162773014848,2023-10-15,0,-1.0,-1.8369701987210297e-16
2023-10-15,0,1.1476936602472998,8,6.774996676658166,57.5694909372493,0.6377482189154497,20.04026873528475,79.667332426815,1.5197450134422437,938.6863494859948,2023-10-16,1,-1.0,-1.8369701987210297e-16
2023-10-16,1,1.6703054774441375,8,3.9204340382626945,33.646721619043625,1.7610340549769197,23.57236835560562,74.05441274597207,1.0659608940412584,935.6961628000968,2023-10-17,1,-1.0,-1.8369701987210297e-16
2023-10-17,1,25.65545714825668,40,28.473456285948103,54.54207256343311,23.543961521745217,21.10716580579223,85.45703668454767,1.59625902752222,935.3781626632092,2023-10-18,0,-1.0,-1.8369701987210297e-16
2023-10-18,0,4.355938840751987,13,31.681701466452793,53.3118692058772,1.796378011559441,20.51177138229243,82.64748808059966,1.7713215107234612,936.131269315374,2023-10-19,0,-1.0,-1.8369701987210297e-16
2023-10-19,0,3.3704862901438295,11,33.381882279152485,41.82718443325478,0.8258090843703666,18.6234191381623,82.79316370143566,2.048158618882588,937.040668270542,2023-10-20,0,-1.0,-1.8369701987210297e-16
2023-10-20,0,1.5407294897303754,10,9.267154620626178,38.84304580714554,0.4737365835563131,18.5599607069991,83.21641659529607,1.4413331934900484,936.559544076436,2023-10-21,0,-1.0,-1.8369701987210297e-16
2023-10-21,0,0.9713885729920435,8,5.882604352866235,38.711999479566316,0.1321731104723069,19.337672005034136,80.894690003943,1.5520824020068615,936.7977017327792,2023-10-22,0,-1.0,-1.8369701987210297e-16
2023-10-22,0,2.393672900354559,10,4.905790963076964,39.95797871967358,0.4649538654392364,20.702209176306965,74.70676739435591,1.499545432152141,936.1104059294242,2023-10-23,0,-1.0,-1.8369701987210297e-16
2023-10-23,0,0.36241573986854586,8,3.7274772132151344,38.650088982097984,0.0935614943835333,22.787671898999,71.70521754821354,1.2138701542289767,933.4666897263036,2023-10-24,0,-1.0,-1.8369701987210297e-16
2023-10-24,0,0.28536424326948984,8,3.0414528834925805,13.279996077110795,0.4953996824057431,24.354827863247326,69.59777221591939,1.5024980585661665,929.6814727580262,2023-10-25,0,-1.0,-1.8369701987210297e-16
2023-10-25,0,0.28143348006986557,8,0.929213463207887,9.205490716428674,2.1787424206407557,21.950254156997715,81.2436883346797,1.0797211096459645,929.3067885973264,2023-10-26,0,-1.0,-1.8369701987210297e-16
2023-10-26,0,0.5607189065915468,8,1.1275166299308879,6.39572333287639,6.844631429868717,20.83170537505245,83.14574331748906,1.101170538512874,928.3067918810058,2023-10-27,1,-1.0,-1.8369701987210297e-16
2023-10-27,1,0.9847971653388317,10,1.8269495520002297,5.839791008484847,3.7355299586570863,21.12403333283494,82.17011308986852,1.0283240587248914,930.536457287348,2023-10-28,0,-1.0,-1.8369701987210297e-16
2023-10-28,0,1.9953609254945943,11,3.5408769974249585,6.863763360987397,11.117485728159268,22.226176727516396,82.90491045021378,1.6886276824119206,930.1896571000927,2023-10-29,1,-1.0,-1.8369701987210297e-16
2023-10-29,1,22.609618676908603,47,25.589776767742016,27.079709137541442,18.75259754138409,23.431393853215862,82.68317512758921,1.4136101814851,929.369873467095,2023-10-30,0,-1.0,-1.8369701987210297e-16
2023-10-30,0,5.626023638041221,13,30.231003240444405,32.343317035714115,1.9816101850334844,24.13211986520493,81.06798244348654,0.7980697535986541,930.8668964768776,2023-10-31,1,-1.0,-1.8369701987210297e-16
2023-10-31,1,7.772638731327347,19,36.008281046277155,39.83059152377197,11.092485818321103,23.127454330703895,84.50623944902696,0.8263048336919216,930.6330409115692,2023-11-01,0,-0.8660254037844386,0.5000000000000001
2023-11-01,0,1.2973519867059724,20,14.696014356074526,40.84651003040808,1.2678255124637403,20.46190049433151,85.80849326909679,1.3201302746553605,932.0543552284552,2023-11-02,0,-0.8660254037844386,0.5000000000000001
2023-11-02,0,1.222661272030643,11,10.292651990063948,41.50845239584718,0.2530227650357132,20.036316029543205,80.07370081703817,1.3514936108065898,932.3397608099932,2023-11-03,1,-0.8660254037844386,0.5000000000000001
2023-11-03,1,8.302872371137386,39,10.822885629873987,48.82652760164573,9.91661275120545,22.45587316768964,80.5923103235367,1.7449021230361512,928.4649994251416,2023-11-04,0,-0.8660254037844386,0.5000000000000001
2023-11-04,0,2.168389414781775,17,11.693923057949789,48.99955609093291,0.6885613815028502,21.72108915865389,70.79922145902351,1.9030996724017528,929.1580622847188,2023-11-05,0,-0.8660254037844386,0.5000000000000001
2023-11-05,0,0.5844362677504845,9,11.055698053669632,26.974373681774793,0.0849561162538642,18.387854656112065,68.93405047665689,1.5345594497218455,933.7605592200014,2023-11-06,0,-0.8660254037844386,0.5000000000000001
2023-11-06,0,0.47474898876561267,9,3.227574671297858,21.823099032499183,0.0,18.472999106646743,68.0862571145268,1.8883650520226736,936.756968458518,2023-11-07,0,-0.8660254037844386,0.5000000000000001
2023-11-07,0,0.33416032632205156,10,1.3933455828381345,14.38462062749389,0.0,19.953196194876323,67.25758064012706,1.678516656493488,936.834840927704,2023-11-08,0,-0.8660254037844386,0.5000000000000001
2023-11-08,0,0.1293988952643422,8,0.9383082103519922,13.21666753605226,0.0227901975829539,22.18599202953945,63.285692204380695,1.1129038113498069,934.9850927560732,2023-11-09,0,-0.8660254037844386,0.5000000000000001
2023-11-09,0,0.7726030592961336,13,1.236162280882513,12.76660932331775,0.2336424322268867,24.514956428210173,61.83248675403321,1.0581015897176325,933.102432536223,2023-11-10,0,-0.8660254037844386,0.5000000000000001
2023-11-10,0,0.33248409639092985,10,1.2344860509513913,4.796221048571294,0.2941182124966534,23.714959923731996,72.8045612565647,1.4178529256540284,934.1512766473044,2023-11-11,0,-0.8660254037844386,0.5000000000000001
2023-11-11,0,0.02950438521053574,10,1.134591540897585,2.657336019000055,1.503526506503944,25.840250956043512,64.36092401682626,1.2132256866238589,931.795570418534,2023-11-12,0,-0.8660254037844386,0.5000000000000001
2023-11-12,0,0.9040104582645645,11,1.2659989398660159,2.976910209514134,0.5290138359585268,27.44495634836047,55.50571942592535,1.0966403216116505,930.340405141802,2023-11-13,0,-0.8660254037844386,0.5000000000000001
2023-11-13,0,1.008482458883634,10,1.94199730235872,3.510643679632156,0.0242485000882299,28.02931218701763,54.03538610240685,1.3443125344088978,930.331979597619,2023-11-14,0,-0.8660254037844386,0.5000000000000001
2023-11-14,0,1.1273097200846458,14,3.03980263723283,4.3037930733947505,3.613281663357034,26.56228722045127,67.76231568205125,1.673201705774837,930.0706258480554,2023-11-15,1,-0.8660254037844386,0.5000000000000001
2023-11-15,1,17.82281478984789,41,19.958606968816156,21.9972089679783,4.642533732412538,25.75951919700973,70.65037207435037,1.622726763467321,930.8751162812484,2023-11-16,0,-0.8660254037844386,0.5000000000000001
2023-11-16,0,18.332209401018297,56,37.28233391095082,39.55681530970046,1.11074308064037,25.42889149081677,70.05472002076736,1.316797631775981,929.4947365408182,2023-11-17,0,-0.8660254037844386,0.5000000000000001
2023-11-17,0,0.9788997282025342,13,37.13392391906871,40.20323094151207,0.2198754771535668,27.18798033968821,66.00086000550004,1.3027337246890889,928.3892938601429,2023-11-18,0,-0.8660254037844386,0.5000000000000001
2023-11-18,0,0.18998150908348022,9,19.501090638304298,40.36370806538501,0.6419408267671397,27.590742490389147,66.3941144175006,1.9424488263668305,927.9591496516296,2023-11-19,1,-0.8660254037844386,0.5000000000000001
2023-11-19,1,25.6219199672996,56,26.790801204585602,65.08161757442005,17.154382488931855,22.19442239362041,87.71744391059754,1.6823664756975325,932.0828308181694,2023-11-20,0,-0.8660254037844386,0.5000000000000001
2023-11-20,0,3.9631310819168717,22,29.775032558299937,68.03626619745329,1.3644591725196644,21.34115179168893,84.68590976348182,1.7001095926432188,933.662767390526,2023-11-21,0,-0.8660254037844386,0.5000000000000001
2023-11-21,0,2.007244545532713,14,31.59229559474917,68.91620102290136,2.8935372687180534,23.739092595811524,77.02242837759562,1.2802653587941926,931.9755469363768,2023-11-22,0,-0.8660254037844386,0.5000000000000001
2023-11-22,0,2.2921911585335923,15,8.262566785983163,53.385577391587056,4.893972854030404,24.701502028138837,79.73086218726223,1.2990533262229769,929.9054178636956,2023-11-23,1,-0.8660254037844386,0.5000000000000001
2023-11-23,1,7.5435055042695955,47,11.842941208335887,42.596873494838356,11.796474899135749,23.531012427488974,82.85018576816546,1.308550281361442,932.0911418126234,2023-11-24,0,-0.8660254037844386,0.5000000000000001
2023-11-24,0,1.923105878633296,31,11.75880254143647,43.541079645269114,4.301380533280452,19.728365717674777,86.36762893496504,2.40494827625522,937.23679619504,2023-11-25,0,-0.8660254037844386,0.5000000000000001
2023-11-25,0,4.69590682877812,48,14.162518211680997,48.047004964963755,1.696813354755602,17.45824680488132,80.9659659563996,1.9081246753165024,937.6925508737507,2023-11-26,0,-0.8660254037844386,0.5000000000000001
2023-11-26,0,1.494755155349929,12,8.11376786276133,23.919840153014082,0.0841679809330289,19.14838410525195,81.1324330452305,1.493405302439139,935.7699929868312,2023-11-27,1,-0.8660254037844386,0.5000000000000001
2023-11-27,1,10.081072577287012,41,16.271734561415045,30.03778164838422,7.361036225174525,20.970231316958664,84.0454558223965,1.0551290910433078,935.7927683563056,2023-11-28,1,-0.8660254037844386,0.5000000000000001
2023-11-28,1,7.61090002903476,35,19.186727761671687,35.64143713188627,5.969787119473865,22.841943764935166,83.42333396777616,1.0323165682992548,933.7096187379552,2023-11-29,1,-0.8660254037844386,0.5000000000000001
2023-11-29,1,21.799442055823647,56,39.4914146621454,55.14868802917633,15.438818771597884,22.07652648318245,86.7215658674209,1.5576503222657605,931.6448043075144,2023-11-30,0,-0.8660254037844386,0.5000000000000001
2023-11-30,0,5.666454984104594,22,35.07679706896299,53.27163750901132,2.76329150135795,23.601896563408825,80.10945926031874,1.1745173776503668,931.566318671134,2023-12-01,0,-0.5000000000000004,0.8660254037844384
2023-12-01,0,1.3754900340447591,34,28.841387073972985,52.724021664422786,0.0784225622328501,24.57504922581513,75.83776714456678,1.2194450062251398,932.5502147309768,2023-12-02,0,-0.5000000000000004,0.8660254037844384
2023-12-02,0,0.39469240665005634,30,7.436637424799395,48.42280724229472,0.0,25.291652359485862,71.16264403429949,1.108817212695704,931.0462546843708,2023-12-03,0,-0.5000000000000004,0.8660254037844384
2023-12-03,0,0.1432054686374746,28,1.9133879093322759,47.07125755558227,0.0172578111604392,26.191916320915183,69.5828034599511,1.1618417261799197,929.9062071641254,2023-12-04,0,-0.5000000000000004,0.8660254037844384
2023-12-04,0,0.5296419258200191,29,1.0675398011075359,37.51982690411528,3.745756495370417,24.57529660852888,73.86232370584337,1.7472918475304382,932.0179752279204,2023-12-05,0,-0.5000000000000004,0.8660254037844384
2023-12-05,0,1.7230959806475141,34,2.3959433751049937,31.632022855728028,1.6879945813376758,23.533663341536744,80.02301237993049,1.6321014614883178,935.2874910149642,2023-12-06,0,-0.5000000000000004,0.8660254037844384
2023-12-06,0,0.21822855383727832,27,2.470966460304797,10.050809353741661,0.0977851330743826,25.05072477674048,74.72551987249771,1.3579732772811737,934.1912967319344,2023-12-07,0,-0.5000000000000004,0.8660254037844384
2023-12-07,0,0.8510939579861944,30,2.7924184924709725,5.235448327623261,3.383547659986232,26.12248079474933,70.90476344714473,1.3113314598573182,932.292866216336,2023-12-08,1,-0.5000000000000004,0.8660254037844384
2023-12-08,1,4.7637148928758,46,5.833037404699258,8.623673186454301,6.9157370066310655,23.655452157039345,77.89671600546424,1.8377454854636857,933.5238054149256,2023-12-09,0,-0.5000000000000004,0.8660254037844384
2023-12-09,0,0.10965693311692291,28,5.724465783978903,8.338637712921168,1.4288642652019812,20.84458663420953,79.74609405186857,2.428573430315256,935.155480588956,2023-12-10,1,-0.5000000000000004,0.8660254037844384
2023-12-10,1,6.094214644144211,30,10.967586470136919,14.289646888427905,2.5971874432253266,21.07748794137088,76.92784163218728,2.057616131255164,933.8697970978808,2023-12-11,0,-0.5000000000000004,0.8660254037844384
2023-12-11,0,20.964716411384856,56,27.168587988645974,34.72472137399274,5.897238417406415,21.33228718638769,83.9405160534714,1.599440239790809,931.8923090444946,2023-12-12,0,-0.5000000000000004,0.8660254037844384
2023-12-12,0,0.7820141502204858,33,27.840945205749538,33.78363954356571,0.1064999138627377,21.251687588911693,75.60980658756691,1.8447954999479903,935.509097613858,2023-12-13,0,-0.5000000000000004,0.8660254037844384
2023-12-13,0,0.2268884827814591,28,21.973619044386787,33.792299472509896,0.0537874389452142,22.191975919166254,71.334504056923,1.577020172414434,933.9232402179604,2023-12-14,0,-0.5000000000000004,0.8660254037844384
2023-12-14,0,0.11031979742359577,27,1.1192224304255265,33.051525311947294,0.0229523458183028,24.56689143948532,68.25437775835826,1.3535810599650022,932.4096120474986,2023-12-15,0,-0.5000000000000004,0.8660254037844384
2023-12-15,0,0.36737904476741784,28,0.7045873249724585,28.655189463838916,0.0107738695828373,25.771981516757528,65.6821857960772,1.1770090758538445,932.665101853776,2023-12-16,1,-0.5000000000000004,0.8660254037844384
2023-12-16,1,2.2655137119791027,32,2.743212554170102,30.811046242701096,2.13316725587762,25.35101108451306,70.4875012935036,1.4006441813433057,933.2824563575588,2023-12-17,1,-0.5000000000000004,0.8660254037844384
2023-12-17,1,4.071808204367901,35,6.7047009611144075,28.788639802924784,3.7629795645175546,25.023695964521487,72.98476278779081,1.290807703759829,932.2467542597814,2023-12-18,0,-0.5000000000000004,0.8660254037844384
2023-12-18,0,0.2149247199157551,27,6.552246636262745,8.038848111455685,0.0545313732830436,25.513252041901893,65.19538554097886,1.6371299595075983,929.8831913070396,2023-12-19,0,-0.5000000000000004,0.8660254037844384
2023-12-19,0,0.12374167235332185,25,4.410474596636964,7.380575633588521,0.0064839415776019,23.635838603413635,69.06642788972184,1.887932974343444,928.9483808210348,2023-12-20,0,-0.5000000000000004,0.8660254037844384
2023-12-20,0,0.0722129515458026,25,0.41087934381486535,7.225900102352864,0.1353590596270879,22.793071783252827,66.83367598140214,2.344342045511137,930.6709139614488,2023-12-21,0,-0.5000000000000004,0.8660254037844384
2023-12-21,0,0.2967388449767345,26,0.49269346887584475,7.412319149906004,0.0878323378180649,23.41950578633941,70.69446522624936,1.8969775542482463,932.2655195103208,2023-12-22,0,-0.5000000000000004,0.8660254037844384
2023-12-22,0,5.772433137660084,37,6.141384934182606,12.81737324279867,5.262229262617562,24.454747874082315,74.06436030003897,1.418355225558516,932.5602794025192,2023-12-23,1,-0.5000000000000004,0.8660254037844384
2023-12-23,1,30.104177812671377,51,36.173349795308184,40.656037343490944,11.286629523000016,23.4130530376432,80.38146129489509,1.3852302033048003,932.5086553520478,2023-12-24,1,-0.5000000000000004,0.8660254037844384
2023-12-24,1,8.856768043062443,44,44.733378993393885,45.440997182185484,0.4568709579060344,23.474091771589563,76.30248780395476,1.1356530894038244,932.2288595839402,2023-12-25,0,-0.5000000000000004,0.8660254037844384
2023-12-25,0,0.3499588357119211,26,39.31090469144573,45.57603129798165,0.7705476122307264,25.63259451772574,71.69493493290709,1.2179969186668798,932.1614850750592,2023-12-26,0,-0.5000000000000004,0.8660254037844384
2023-12-26,0,0.273023300615191,26,9.47975017938954,45.72531292624352,3.43579717441365,24.20213658459848,76.43204306360721,1.2210106973005623,932.0605852793764,2023-12-27,0,-0.5000000000000004,0.8660254037844384
2023-12-27,0,0.017934078800274204,25,0.6409162151273721,45.67103405349799,0.0948951728328679,22.12635703311836,71.05226619156878,2.0687748146048386,934.8218201708504,2023-12-28,0,-0.5000000000000004,0.8660254037844384
2023-12-28,0,0.17532369933131298,28,0.46628107874676394,45.54961890785257,0.0066293698440796,23.043753000958315,65.92998027506013,1.381244425625141,933.9546570069474,2023-12-29,0,-0.5000000000000004,0.8660254037844384
2023-12-29,0,0.011780677809233774,28,0.20503845594080675,39.78896644800172,0.0292741391605558,25.51703142202025,65.08343774970955,1.4024756188340697,931.17081759837,2023-12-30,0,-0.5000000000000004,0.8660254037844384
2023-12-30,0,4.146595316047415,54,4.333699693187948,13.83138395137776,2.8189586400551296,22.42336044828174,76.26664817278348,1.619843596653778,932.9251044253516,2023-12-31,0,-0.5000000000000004,0.8660254037844384
2023-12-31,0,0.25793537187174453,30,4.41631136572838,5.232551280187061,0.7312231412017502,21.40266296648547,74.41632664281964,2.100494189146338,934.3029047390164,2024-01-01,0,0.0,1.0
2024-01-01,0,0.05002719187367759,8,4.454557879792823,4.932619636348817,0.8357936445620329,22.086850477276844,73.63141236117758,1.860568434859559,933.46834241789,2024-01-02,0,0.0,1.0
2024-01-02,0,0.05002719187367759,8,0.3579897556190855,4.709623527607304,1.772212145398051,22.47927246974485,75.87852225933258,1.640112943363849,931.966477909011,2024-01-03,0,0.0,1.0
2024-01-03,0,3.3723345791845287,12,3.47238896293187,8.06402402799156,10.067649360132997,23.40795106919835,77.84310998252326,1.5930015630866885,931.5395360584204,2024-01-04,0,0.0,1.0
2024-01-04,0,7.93460907291696,34,11.356970843975152,15.823309401577205,2.905569937028593,22.5957918417248,80.91130200128976,2.0120179828849296,932.3166581605238,2024-01-05,0,0.0,1.0
2024-01-05,0,4.370542725986089,15,15.677486378087563,20.182071449754062,1.220414323563414,22.95036731565968,75.25749380314743,1.72497539291365,932.7924124393656,2024-01-06,0,0.0,1.0
2024-01-06,0,0.0310914729191519,8,12.336243271822187,16.0665676066258,0.7862331882400964,23.436000653314533,71.13346462486469,1.4617024046618878,933.3168625530336,2024-01-07,0,0.0,1.0
2024-01-07,0,0.03409123862870008,8,4.435725437533927,15.842723473382753,0.1290070190315141,24.59258490935767,68.87903317321431,1.2725724719199425,933.1505319980312,2024-01-08,1,0.0,1.0
2024-01-08,1,16.052145725514404,20,16.11732843706224,31.84484200702348,1.7040170893727735,25.41857259856744,70.52875227936903,1.3320490020442828,932.703884773116,2024-01-09,1,0.0,1.0
2024-01-09,1,27.569871614925376,20,43.656108579068466,59.364686430075174,1.455774453541402,25.19983859611959,69.41252197000065,1.1892957968893267,933.9745454732188,2024-01-10,1,0.0,1.0
2024-01-10,1,9.307188325857494,19,52.92920566629726,65.29954017674814,16.443512320330328,25.49858664298034,69.96559977006912,1.2927700671497793,933.9240642097756,2024-01-11,1,0.0,1.0
2024-01-11,1,28.326923155706766,39,65.20398309648962,85.69185425953795,4.807187681162593,24.95491015105776,77.7402775799083,1.5790361120598642,932.9420726630332,2024-01-12,1,0.0,1.0
2024-01-12,1,24.14100483082368,43,61.77511631238792,105.46231636437554,11.771518752105443,23.086897001708444,87.50290162749056,1.5265126490029417,932.2270679215738,2024-01-13,1,0.0,1.0
2024-01-13,1,33.077592493037585,53,85.54552047956801,138.50881738449397,10.2423923457024,21.7277771781147,87.12213029452273,2.105768005161917,935.136696950434,2024-01-14,0,0.0,1.0
2024-01-14,0,10.362803842724507,19,67.58140116658575,148.83752998858978,1.539757290100498,23.652256057066143,75.91027779862151,1.0774462012883148,935.5598173868028,2024-01-15,0,0.0,1.0
2024-01-15,0,4.95899042271339,13,48.399386758475465,137.74437468578876,2.778715130765537,24.928699528276788,77.49070465380947,1.2737715605626951,934.8331216713163,2024-01-16,0,0.0,1.0
2024-01-16,0,0.42483342263927776,8,15.74662768807716,110.59933649350266,0.1214460707891131,26.44008212392432,70.75935029371473,1.189528560138989,934.5460920852756,2024-01-17,1,0.0,1.0
2024-01-17,1,3.6253461184277787,9,9.009169963780431,104.91749428607295,4.491075522607276,26.25589539928746,73.11853551371622,1.1860357301789202,934.8777880127772,2024-01-18,1,0.0,1.0
2024-01-18,1,1.6025656788798661,8,5.652745219946908,78.19313680924606,1.25787872387439,25.84963944579957,75.99393061722904,0.9934248282648996,934.0906409082902,2024-01-19,1,0.0,1.0
2024-01-19,1,18.78351530181487,30,24.0114270991225,72.83564728023723,13.519076619022814,24.215664575397305,79.7657962727187,1.5012794263630052,933.1167198039284,2024-01-20,1,0.0,1.0
2024-01-20,1,15.36431302397982,37,35.75039400467454,55.122367811179465,15.72841362864443,23.68583816667029,83.51626338171067,1.3995241912635057,931.2616482888864,2024-01-21,0,0.0,1.0
2024-01-21,0,17.896299049301565,50,52.04412737509624,62.65586301775652,12.790005930528244,22.233219679045167,86.80321579525982,1.4328171303802142,932.5927661232212,2024-01-22,0,0.0,1.0
2024-01-22,0,7.1229446688382945,19,40.383556742119666,64.81981726388143,2.9694072210010587,21.83496313898728,81.8324267131089,1.883170364363581,935.3189177425878,2024-01-23,1,0.0,1.0
2024-01-23,1,21.17500141189468,50,46.19424513003453,85.56998525313684,14.428523800880786,19.132619578739785,88.68177578442496,1.7601026554772747,934.5408169852024,2024-01-24,1,0.0,1.0
2024-01-24,1,5.447453711837696,13,33.74539979257065,87.39209284654676,3.6471256320013135,19.491914670665924,82.3453795928202,1.7015836603731782,932.3221297581446,2024-01-25,1,0.0,1.0
2024-01-25,1,2.5572262594967126,11,29.179681383229074,88.3467534271636,4.359521584953951,19.02342305035728,83.04901116385376,2.6681564652969785,932.4934314634849,2024-01-26,1,0.0,1.0
2024-01-26,1,1.706677649002534,9,9.711357620336928,71.26991577435126,3.923809978994991,19.013668598704157,80.50736822800275,2.256232577254905,933.8736396944446,2024-01-27,1,0.0,1.0
2024-01-27,1,2.809406671422527,9,7.07331057992176,58.715009421793965,1.0187687201665794,20.81551638262477,79.30504001338643,1.2866881131267451,933.767827511065,2024-01-28,1,0.0,1.0
2024-01-28,1,10.461654261998966,15,14.977738582424013,51.28036463449136,3.388895805875105,20.61029294015034,82.9338724430362,0.932394518453603,934.6077823334564,2024-01-29,1,0.0,1.0
2024-01-29,1,2.7286619567273385,8,15.999722890148817,46.88608192238041,4.227342985205594,22.22803294068012,76.80303403928279,1.0897114884846597,934.461421838027,2024-01-30,0,0.0,1.0
2024-01-30,0,1.29157976989932,5,14.48189598862561,27.00266028038505,0.2320603496492315,23.834758497791093,70.16930676968171,0.9237565104244376,933.5499345381965,2024-01-31,1,0.0,1.0
2024-01-31,1,13.390452488248597,18,17.410694214875242,34.945659056795954,5.579846023130758,22.98398537944348,76.20594737728875,0.9830514878836382,934.4014804931188,2024-02-01,0,0.49999999999999994,0.8660254037844387
2024-02-01,0,10.373230891208943,16,25.055263149356847,42.76166368850818,1.1298802334937488,21.01447696404816,80.81451844054021,1.0684418067889012,936.7823288480774,2024-02-02,1,0.49999999999999994,0.8660254037844387
2024-02-02,1,6.752643514131882,29,30.516326893589405,47.80762955363753,4.469217922443445,20.82327969456389,84.7940631520002,1.287072388941338,938.3916873580064,2024-02-03,0,0.49999999999999994,0.8660254037844387
2024-02-03,0,0.5865490925068717,8,17.71242349784768,45.584771974721875,0.786530865076698,22.38555784355108,80.01742309501388,0.8327001304979263,937.9634221860068,2024-02-04,1,0.49999999999999994,0.8660254037844387
2024-02-04,1,5.3965734687172215,23,12.735766075355961,40.51969118144013,1.6280095453125778,22.555726534542345,80.10520052895714,0.9154424439076114,937.3267489479234,2024-02-05,0,0.49999999999999994,0.8660254037844387
2024-02-05,0,2.9666378469876014,12,8.94976040821168,40.757667071700396,0.5378281248960612,23.170586719482227,72.33593248276964,0.9252876567526928,936.2539409028896,2024-02-06,0,0.49999999999999994,0.8660254037844387
2024-02-06,0,0.3745650678013274,10,8.737776383506137,39.8406523696024,0.1270398122479932,23.77172512672752,74.09970145993046,1.0365417255619265,937.0199160062812,2024-02-07,0,0.49999999999999994,0.8660254037844387
2024-02-07,0,,1,,,0.1469479452272133,24.12366201443717,74.58904213048976,0.9979741292540812,935.438993623578,2024-02-08,0,0.49999999999999994,0.8660254037844387
2024-02-08,0,,0,,,0.8549063870754396,24.53146363931921,73.14798346762383,0.9987701751698532,934.263073652821,2024-02-09,0,0.49999999999999994,0.8660254037844387
2024-02-09,0,0.18465513467028621,9,,,1.2965830984698377,24.88077909849116,71.50923919722428,1.3630024265889815,935.2402281565492,2024-02-10,0,0.49999999999999994,0.8660254037844387
2024-02-10,0,0.2206634831600852,9,,,0.0526367859783344,25.27460742227282,68.574133146021,1.48219816596523,936.8373177372474,2024-02-11,0,0.49999999999999994,0.8660254037844387
2024-02-11,0,0.06533097590740607,9,0.47064959373776416,,0.0224110916626912,25.015164447423874,69.2898678945833,1.1924439287336164,937.0865438423448,2024-02-12,0,0.49999999999999994,0.8660254037844387
2024-02-12,0,1.171302528131833,11,1.457296987199311,,1.1831726343536606,25.35952934651944,72.72869913225563,1.1921023145449396,937.5750612556958,2024-02-13,1,0.49999999999999994,0.8660254037844387
2024-02-13,1,0.03578933863714381,8,1.2724228426763695,,0.4954272721114755,26.330567860784665,66.71823292935451,1.3630865547329416,936.5903274265952,2024-02-14,1,0.49999999999999994,0.8660254037844387
2024-02-14,1,51.64080591006416,49,52.84789777683312,,15.724782870909284,22.45336696787988,87.50285960407207,1.2077654225462895,936.7961336620184,2024-02-15,0,0.49999999999999994,0.8660254037844387
2024-02-15,0,9.102978014305112,43,60.7795732630064,62.42152538487598,11.467621070729756,20.617345876966574,92.76080471019309,1.7065874105670868,936.7836266673522,2024-02-16,0,0.49999999999999994,0.8660254037844387
2024-02-16,0,5.238549272203587,17,65.98233319657284,67.47541952240928,0.6888275493869612,21.340114823276927,84.2917842321436,1.0323444396752648,935.6852443047652,2024-02-17,0,0.49999999999999994,0.8660254037844387
2024-02-17,0,0.19693794120428013,16,14.538465227712965,67.45169398045348,1.184542567298731,22.30916890640308,80.69252018198331,1.0979652581163866,933.731430689022,2024-02-18,1,0.49999999999999994,0.8660254037844387
2024-02-18,1,34.048640906700676,36,39.48412812010853,101.43500391124674,5.01808295015107,21.74877363519544,84.52993577276615,0.9709542106879832,932.3411758401392,2024-02-19,1,0.49999999999999994,0.8660254037844387
2024-02-19,1,9.056402661170157,29,43.301981509075105,109.32010404428506,1.3637802786268656,22.398924815226824,80.04230723681702,1.022338688719017,930.2818206917344,2024-02-20,1,0.49999999999999994,0.8660254037844387
2024-02-20,1,11.737541029207563,46,54.842584597078385,121.02185573485548,7.202232327806396,22.105777536748832,85.21880580535529,1.1435102580021916,928.7912315868316,2024-02-21,1,0.49999999999999994,0.8660254037844387
2024-02-21,1,17.402094336162495,50,38.1960380265402,86.78314416095381,10.56754606605494,21.63349138739352,86.55610489832155,1.1119132996275265,929.506932690817,2024-02-22,0,0.49999999999999994,0.8660254037844387
2024-02-22,0,7.094611959157841,40,36.234247324527885,84.77477810580655,4.068117372667413,23.390240967197787,81.5108485591992,1.049913651777441,930.6929608021476,2024-02-23,1,0.49999999999999994,0.8660254037844387
2024-02-23,1,10.47222554017842,36,34.968931835498736,90.00845437378138,5.492033855298092,25.06511963124237,77.01204349750095,1.062293625440291,933.9479528678075,2024-02-24,1,0.49999999999999994,0.8660254037844387
2024-02-24,1,9.644399752615506,46,27.21123725195175,99.4559161851926,4.957248654208713,23.770086267727248,85.26586312376234,0.9138199294186564,937.68241525034,2024-02-25,0,0.49999999999999994,0.8660254037844387
2024-02-25,0,3.149973732059002,19,23.266599024852912,68.55724901055093,0.571273113972488,24.314557475908167,81.41788637978568,1.1742724283278247,939.1779353366312,2024-02-26,0,0.49999999999999994,0.8660254037844387
2024-02-26,0,0.9133225455148929,16,13.707696030189387,60.41416889489568,4.880383361908991,24.318535535721026,79.1780726879543,1.4469097841439666,937.8548355480514,2024-02-27,0,0.49999999999999994,0.8660254037844387
2024-02-27,0,0.10577371648106854,13,4.169069994054949,48.782401582169186,0.5449331641268114,25.624359235562,75.69525773706364,1.1442692898014526,934.0839726920424,2024-02-28,1,0.49999999999999994,0.8660254037844387
2024-02-28,1,13.688067989791625,33,14.707164251787571,45.068375235798314,2.055193391270323,25.61621729939022,78.3410326701277,1.2552592593423846,933.2871733998072,2024-02-29,0,0.49999999999999994,0.8660254037844387
2024-02-29,0,2.695558553771158,19,16.489400260043837,40.66932183041163,3.6565056529750266,25.190571808142806,79.96839847491329,0.9913263930968764,934.2512971480828,2024-03-01,0,0.8660254037844386,0.5000000000000001
2024-03-01,0,0.3524630191938371,9,16.736089562756607,30.549559309427046,7.595801992461382,23.816623033984968,81.26094517487893,1.487801397090908,933.9527621808732,2024-03-02,0,0.8660254037844386,0.5000000000000001
2024-03-02,0,0.07353103163341121,8,3.121552604598392,20.97869058844495,0.6911266237954954,23.135681251688823,73.95276626339557,1.4664587014285784,934.648942868663,2024-03-03,0,0.8660254037844386,0.5000000000000001
2024-03-03,0,0.07179441358300491,9,0.497788464410239,17.900511269968952,2.0746575361967445,23.6922195421492,72.5469920626154,1.1976482742908117,933.8863291358168,2024-03-04,0,0.8660254037844386,0.5000000000000001
2024-03-04,0,0.05450241726095319,8,0.1998278624773551,17.041691141715017,0.0388794959033921,24.68095855483689,72.77476637578728,1.130274310738253,933.6050585050184,2024-03-05,1,0.8660254037844386,0.5000000000000001
2024-03-05,1,22.083528674034547,37,22.20982550487849,39.01944609926849,5.569600210591896,24.23756728513916,79.47209731039463,1.4756070611597785,934.1934005664716,2024-03-06,1,0.8660254037844386,0.5000000000000001
2024-03-06,1,18.134148318164634,48,40.27217940946012,43.46552642764151,8.460970091949171,23.08417923016671,83.64176001149428,1.4686275529613833,935.5048266662878,2024-03-07,0,0.8660254037844386,0.5000000000000001
2024-03-07,0,10.161035197106372,14,50.378712189305546,50.931003070976715,5.987520939742533,23.478680910694436,80.39144171193291,1.325315709607876,937.5382234039928,2024-03-08,1,0.8660254037844386,0.5000000000000001
2024-03-08,1,14.572723027567815,43,42.86790654283881,65.15126307935068,3.353546172542844,24.26623399379082,80.31637467149385,1.1818863467742415,935.5194835692582,2024-03-09,1,0.8660254037844386,0.5000000000000001
2024-03-09,1,8.63315525028856,45,33.36691347496273,73.71088729800584,10.331590603298103,24.2162128519492,86.07640788414899,0.9846966088010496,933.0146711760548,2024-03-10,1,0.8660254037844386,0.5000000000000001
2024-03-10,1,5.457045525432706,30,28.66292380328907,79.09613840985554,3.833666801517722,23.69699881797697,87.43222702580434,0.9408973676516772,932.9536095093928,2024-03-11,0,0.8660254037844386,0.5000000000000001
2024-03-11,0,2.3794594239793025,15,16.469660199700556,81.42109541657389,0.3394366050738489,23.154403616392443,77.37107055751196,1.436987572284589,935.694007232928,2024-03-12,0,0.8660254037844386,0.5000000000000001
2024-03-12,0,0.876998321200427,12,8.71350327061242,60.21456506373977,0.0974555791449489,22.56952339108513,76.07719759683681,1.259456290335056,936.3086554954156,2024-03-13,0,0.8660254037844386,0.5000000000000001
2024-03-13,0,0.30217438980046063,11,3.5586321349801757,42.3825911353756,0.434646129363518,23.98469025912659,76.56786273685091,1.0141518315837037,935.2023604083196,2024-03-14,0,0.8660254037844386,0.5000000000000001
2024-03-14,0,0.10048134391163409,8,1.2796540549125075,32.322037282180865,0.2045924070371499,25.14622612132034,76.37994688457124,0.846521735538398,934.2849186379196,2024-03-15,0,0.8660254037844386,0.5000000000000001
2024-03-15,0,0.24265318869698282,12,0.6453089224090633,17.99196744331003,0.0219992879029341,26.81214262584223,69.00050859348585,0.9277760430935033,933.1941243996438,2024-03-16,0,0.8660254037844386,0.5000000000000001
2024-03-16,0,0.41464965726774683,9,0.7577841898763495,9.773461850289218,2.771324114805544,26.72901542176802,71.00907098753052,0.8205664377772615,930.6591926031216,2024-03-17,1,0.8660254037844386,0.5000000000000001
2024-03-17,1,2.819784834568928,9,3.4770876805336437,7.13620115942544,2.4497501448752432,26.114459847893272,74.59375586271355,1.020148788161,931.7093241106534,2024-03-18,1,0.8660254037844386,0.5000000000000001
2024-03-18,1,11.663252947716654,11,14.897687439553314,16.41999468316279,4.465845761206082,24.91433263994047,79.79136594683598,0.887121966390387,932.644153470026,2024-03-19,1,0.8660254037844386,0.5000000000000001
2024-03-19,1,0.5057651991888333,6,14.9888029814744,16.0487615611512,4.490738106997897,25.040169870546137,82.35508331368108,0.7396724713915761,931.8119622305676,2024-03-20,0,0.8660254037844386,0.5000000000000001
2024-03-20,0,0.08402399902852675,5,12.253042145934,15.830611170379264,2.19030165377958,25.15867389835445,80.45407762938828,0.7613934375486469,930.0548781133732,2024-03-21,1,0.8660254037844386,0.5000000000000001
2024-03-21,1,0.1390495296694633,4,0.7288387278868091,15.869179356137094,0.91119716035178,26.04400429238311,76.10501904626074,1.2109944053007018,929.7344484568656,2024-03-22,0,0.8660254037844386,0.5000000000000001
2024-03-22,0,10.607635425387139,35,10.830708954085114,26.23416159282725,15.83052518194199,21.415928248847152,89.27049135221188,2.490547325710733,934.8644417060676,2024-03-23,1,0.8660254037844386,0.5000000000000001
2024-03-23,1,11.009351091142005,36,21.75603604619859,36.82886302670151,3.7360167907863073,18.644243103517407,85.74971379022321,2.3634434709032743,938.1944601626031,2024-03-24,1,0.8660254037844386,0.5000000000000001
2024-03-24,1,17.495174774867177,41,39.112161291396305,51.50425296699976,8.178070592602985,19.110731333676377,89.91397263688341,1.0976974870265792,936.638809349124,2024-03-25,0,0.8660254037844386,0.5000000000000001
2024-03-25,0,2.826569423119327,5,31.331095289128495,42.667569442402424,0.2481777176791579,22.17481273831102,79.71972199030269,1.1502799603743616,933.5250323499254,2024-03-26,0,0.8660254037844386,0.5000000000000001
2024-03-26,0,0.06301799927139506,5,20.384762197257885,42.22482224248499,3.38490300486018,20.92000499752352,83.71750539015238,1.211654820342789,934.7686854620168,2024-03-27,0,0.8660254037844386,0.5000000000000001
2024-03-27,0,0.31347762898551396,5,3.2030650513762216,42.454275872441976,2.193989495989661,19.76855346122134,86.27511667131935,1.10948939032185,936.7944925028494,2024-03-28,0,0.8660254037844386,0.5000000000000001
2024-03-28,0,9.835676734393136,35,10.21217236265003,52.15090307716565,10.709504520929658,19.94191082881889,91.11815747456932,0.8493921100705452,937.3947227200332,2024-03-29,0,0.8660254037844386,0.5000000000000001
2024-03-29,0,0.9631050097382421,5,11.112259373116878,42.50637266151675,4.260137342533703,21.36545385978433,87.7846710084533,0.7365764529295031,936.7981654132128,2024-03-30,0,0.8660254037844386,0.5000000000000001
2024-03-30,0,0.07296355042926654,4,10.871745294560629,31.569985120804013,1.6056418643309045,22.527931248603828,81.86134936007306,0.984049750440144,934.7970153640026,2024-03-31,0,0.8660254037844386,0.5000000000000001
2024-03-31,0,0.1633707131458855,4,1.199439273313378,14.238181059082724,0.0442460902889909,22.562642673659624,72.38460980132874,0.7706376401174407,934.072567391979,2024-04-01,0,1.0,6.123233995736766e-17
2024-04-01,0,0.0070966485992599556,28,0.243430912174396,11.418708284562655,0.0,21.930746522014985,71.38662448890568,0.8796391028280927,933.4384121871454,2024-04-02,0,1.0,6.123233995736766e-17
2024-04-02,0,0.08311112530690698,29,0.25357848705203645,11.438801410598167,0.1346642444604222,22.591315530762675,74.47081606565987,0.5718039931772223,931.8147074333132,2024-04-03,0,1.0,6.123233995736766e-17
2024-04-03,0,0.0043222507398440226,32,0.09453002464599497,11.129646032352499,0.0,22.921986749924475,76.00437146211463,0.8313701158746999,932.9955018474157,2024-04-04,0,1.0,6.123233995736766e-17
2024-04-04,0,0.0282843268485485,34,0.11571770289528352,1.3222536248079109,0.0186456978441962,24.61749909203253,73.0016502251137,0.8663216998235522,934.5483567848628,2024-04-05,0,1.0,6.123233995736766e-17
2024-04-05,0,0.002057384107478214,35,0.03466396169585475,0.3612059991771471,0.4886488774189771,23.89315736526062,72.72613078277158,0.9476546428366752,934.392823367228,2024-04-06,0,1.0,6.123233995736766e-17
2024-04-06,0,0.5077606187478535,43,0.5381023297038642,0.796003067495734,1.7171451107834368,21.3454083086254,79.81042139417376,2.2088902438029754,935.0717328757042,2024-04-07,0,1.0,6.123233995736766e-17
2024-04-07,0,0.23822043747117305,43,0.7480384403264887,0.8708527918210216,1.5552966014227023,21.871571609619696,78.0507018533069,1.625018846494226,936.2200988517654,2024-04-08,1,1.0,6.123233995736766e-17
2024-04-08,1,1.368111298324937,42,2.1140923545439474,2.2318674415466986,4.396158556033179,21.596054810366912,82.95046048382598,0.8250767246965841,934.0788921499444,2024-04-09,0,1.0,6.123233995736766e-17
2024-04-09,0,3.1926360632298705,51,4.798967799025965,5.341392379469662,4.157040553726013,22.45402346271196,81.40604534816526,0.9587782023484512,933.9824771700862,2024-04-10,0,1.0,6.123233995736766e-17
2024-04-10,0,0.08339568368146438,40,4.644143045236255,5.420465812411282,0.0818590307842012,23.096771542673675,78.68679038261965,0.8085182783487291,932.881421952212,2024-04-11,0,1.0,6.123233995736766e-17
2024-04-11,0,0.058164603026573246,48,3.3341963499378915,5.450346088589307,2.7993415540834405,22.18897540489963,83.30250129040473,1.2995361943823966,934.31115347344,2024-04-12,0,1.0,6.123233995736766e-17
2024-04-12,0,0.04715553742019853,48,0.18871582412821974,5.495444241902028,1.666630634377569,22.93740310176692,77.37685052651119,1.7169456768764584,936.4515365343292,2024-04-13,0,1.0,6.123233995736766e-17
2024-04-13,0,0.0924803458916723,50,0.19780048633842764,5.080163969045846,0.2120293206008581,22.929989519746314,76.48790534969504,1.1755208997975048,936.0733211779152,2024-04-14,0,1.0,6.123233995736766e-17
2024-04-14,0,0.0028814417341314937,51,0.14251732504598588,4.844824973308804,1.982998535549172,22.309983472240127,82.21635032373992,0.8362085185649328,934.6580256573023,2024-04-15,0,1.0,6.123233995736766e-17
2024-04-15,0,2.615742861607464,61,2.7111046492332513,6.092456536591332,1.6712478394591146,22.82937542972155,80.9006330131345,0.973505364558024,935.0300855786984,2024-04-16,0,1.0,6.123233995736766e-17
2024-04-16,0,0.6022851165221826,61,3.220909419863762,3.502105589883644,0.9095625966196976,24.186106417630945,74.75483748551392,0.974511935322142,935.469514110724,2024-04-17,1,1.0,6.123233995736766e-17
2024-04-17,1,8.685675274108288,68,11.903703252237918,12.104385180310468,4.186224227893427,23.313154607487785,82.12439792799533,0.912298240446795,934.3197347546488,2024-04-18,0,1.0,6.123233995736766e-17
2024-04-18,0,2.0927389674714894,66,11.380699358101943,14.138959544755384,2.3071751721941207,19.55818901975179,84.54439481797363,1.7414534343964316,935.8072773563696,2024-04-19,0,1.0,6.123233995736766e-17
2024-04-19,0,0.13717049566610012,58,10.915584737245862,14.228974503001286,0.017403239426917,18.10648977531949,76.02274305439715,1.5003667660309434,937.1627047784052,2024-04-20,0,1.0,6.123233995736766e-17
2024-04-20,0,0.0,56,2.2299094631375733,14.136494157109613,0.0892664867611214,19.32027585593984,76.6666281611311,1.2307190316732093,937.956564900843,2024-04-21,0,1.0,6.123233995736766e-17
2024-04-21,0,0.0038991417127719847,57,0.1410696373788561,14.137511857088253,0.052038595510323,20.01197267157132,76.41986594098424,0.7079584458444107,936.7600196668544,2024-04-22,0,1.0,6.123233995736766e-17
2024-04-22,0,0.0,55,0.0038991417127559975,11.52176899548079,0.0561205870949602,20.4544474153779,72.46415280646562,0.7910510940405687,934.9357036743188,2024-04-23,0,1.0,6.123233995736766e-17
2024-04-23,0,0.012178044862422232,54,0.016077186575178228,10.931661923821029,0.0107738695828373,21.491634771396583,69.32331888212478,0.7109201257347709,934.4980466417536,2024-04-24,0,1.0,6.123233995736766e-17
2024-04-24,0,0.019434871186635252,54,0.0316129160490415,2.2654215208993764,0.3241970788800969,22.111870697180542,70.10386655658144,0.7275818150957934,934.537508887428,2024-04-25,0,1.0,6.123233995736766e-17
2024-04-25,0,0.0760204434307949,57,0.1076333594798364,0.24870299685868186,0.956384995657481,22.228505544453,78.02316551162914,1.2147917866738978,935.6766595188004,2024-04-26,0,1.0,6.123233995736766e-17
2024-04-26,0,0.14646024100997843,58,0.2419155556273926,0.2579927422025602,0.4978639832566736,22.62619353087584,78.23544876271508,1.0132259689634353,935.83105722733,2024-04-27,0,1.0,6.123233995736766e-17
2024-04-27,0,0.009822337343499476,54,0.23230302178425682,0.26781507954605965,0.0227901975829539,23.540670862432048,74.32449839597098,0.8987051508082715,934.0145284928806,2024-04-28,0,1.0,6.123233995736766e-17
2024-04-28,0,0.01000674163694638,55,0.16628931999040833,0.273922679470234,0.025923979927742,23.911631738798352,71.14502629955115,0.9365035735536006,933.2203486315404,2024-04-29,0,1.0,6.123233995736766e-17
2024-04-29,0,0.04060705392836478,55,0.06043613290879465,0.3145297333985988,0.2284336962734253,23.908790699552085,73.35234123601286,0.9115531010734348,934.7235737137912,2024-04-30,0,1.0,6.123233995736766e-17
2024-04-30,0,0.026399552962580442,56,0.07701334852787561,0.32875124149875706,0.0064839415776019,23.847700863191136,67.83414995013591,0.8815966238261261,934.6694169101796,2024-05-01,0,0.8660254037844387,-0.4999999999999998
2024-05-01,0,0.022369993048581765,64,0.089376599939511,0.3316863633607035,0.0,23.48451893666828,66.57633891303115,0.8365860464959719,933.7057351259584,2024-05-02,0,0.8660254037844387,-0.4999999999999998
2024-05-02,0,0.03268677166222866,65,0.08145631767337488,0.2883526915921373,0.0,23.663359760170305,65.18519830834191,1.1484127652312093,931.2454612430138,2024-05-03,0,0.8660254037844387,-0.4999999999999998
2024-05-03,0,0.03393086050691873,68,0.08898762521771317,0.1758233110890776,0.0,23.12468513160462,69.11499144603874,0.8234627706566873,932.7820553377828,2024-05-04,0,0.8660254037844387,-0.4999999999999998
2024-05-04,0,0.014453206987782387,69,0.0810708391569138,0.1804541807333605,0.0,23.117016734508653,68.83614369509519,0.9029685656797732,935.2497521172132,2024-05-05,0,0.8660254037844387,-0.4999999999999998
2024-05-05,0,0.04735394876641589,69,0.09573801626110101,0.21780138786283001,0.0064839415776019,23.326092671832672,63.46890214838546,0.7636202636410366,937.2483644195038,2024-05-06,0,0.8660254037844387,-0.4999999999999998
2024-05-06,0,0.03599233652104541,69,0.09779949227522769,0.21318667045551065,0.0172578111604392,22.31541486912453,66.00556913925786,0.9789360660504772,935.8430052541448,2024-05-07,0,0.8660254037844387,-0.4999999999999998
2024-05-07,0,0.02446952447648269,69,0.107815809763928,0.2112566419694129,0.0,22.70210921061275,68.29194557534534,0.916439398387332,934.4243431437552,2024-05-08,0,0.8660254037844387,-0.4999999999999998
2024-05-08,0,0.028248883492522137,68,0.08871074449003424,0.21713553241335326,0.0120163280001165,23.595516221980013,65.82786602312493,1.245825913644847,934.3162971100544,2024-05-09,0,0.8660254037844387,-0.4999999999999998
2024-05-09,0,0.011253799953862414,69,0.06397220792285126,0.195702560704987,0.0445863977408094,22.55822806836782,69.41768384876497,0.9615290210736488,936.3143399901992,2024-05-10,0,0.8660254037844387,-0.4999999999999998
2024-05-10,0,0.07574196420549707,70,0.11524464765186564,0.23751366440356536,0.3019243934370451,22.586785618125447,72.65791453474068,1.024967821065591,935.831195789249,2024-05-11,0,0.8660254037844387,-0.4999999999999998
2024-05-11,0,0.018915443391898705,69,0.1059112075512422,0.24197590080768167,0.0387173476680432,22.198117551815635,71.47921879138343,0.8593784580377127,933.8110651721,2024-05-12,0,0.8660254037844387,-0.4999999999999998
2024-05-12,0,0.042421245431203784,69,0.13707865302858357,0.23704319747246957,0.0,22.56724421052418,63.82070766514192,1.0642206662277305,932.3722504608804,2024-05-13,0,0.8660254037844387,-0.4999999999999998
2024-05-13,0,0.09291025172398876,69,0.15424694054707527,0.2939611126754129,0.0121784762354654,23.06481557193284,57.435881134640034,1.1913830024425742,932.2373769334018,2024-05-14,0,0.8660254037844387,-0.4999999999999998
2024-05-14,0,1.6104802528014255,69,1.745811749956602,1.8799718410003559,2.267683901614203,19.29729858026581,81.43872491104112,1.270236052816385,934.8674807379836,2024-05-15,0,0.8660254037844387,-0.4999999999999998
2024-05-15,0,0.16247746594388296,69,1.865867970469281,2.0142004234517166,1.7371063420787878,18.013295542424025,85.66397556894509,1.053190087541303,936.568207504357,2024-05-16,0,0.8660254037844387,-0.4999999999999998
2024-05-16,0,0.05003683985540964,69,1.8229945586007021,2.0529834633532635,0.1621534455275374,20.780873563127997,76.91509931551134,0.7961958524565657,935.4533170807558,2024-05-17,0,0.8660254037844387,-0.4999999999999998
2024-05-17,0,0.008725523858694096,68,0.2212398296579707,1.985967023006461,0.0652134349881029,22.979858228702163,66.91475455511846,1.0190960009607322,935.598421719224,2024-05-18,0,0.8660254037844387,-0.4999999999999998
2024-05-18,0,0.046666068386465254,68,0.105428432100553,2.0137176480010273,0.2823404539543274,21.696085360890827,69.98031044877177,0.914897676990886,937.3082515331948,2024-05-19,0,0.8660254037844387,-0.4999999999999998
2024-05-19,0,0.006258873711949715,68,0.06165046595709307,1.9775552762817734,2.937911151098274,20.76913535172916,77.43942823924131,0.9539291213317111,938.2163069879268,2024-05-20,0,0.8660254037844387,-0.4999999999999998
2024-05-20,0,0.9981717161504172,69,1.0510966582488162,2.8828167407082015,1.1260716611288677,21.07489464789464,80.32240395858156,0.8376024856402521,938.1238000003556,2024-05-21,0,0.8660254037844387,-0.4999999999999998
2024-05-21,0,0.056823283569168076,68,1.061253873431519,1.3291597714759442,0.0590505249131503,19.91850922859176,79.70587863890962,0.999070520475777,940.253724125742,2024-05-22,0,0.8660254037844387,-0.4999999999999998
2024-05-22,0,0.006544142894020573,68,1.0615391426135898,1.173226448426082,0.0066293698440796,20.805083739917908,76.81527973490739,0.9827857080845974,939.678837297602,2024-05-23,0,0.8660254037844387,-0.4999999999999998
2024-05-23,0,0.00822886032556525,67,0.07159628678873792,1.1314184688962374,0.0345895678981567,21.01085098082246,68.37958895714345,1.1308601673137744,937.0867660178856,2024-05-24,0,0.8660254037844387,-0.4999999999999998
2024-05-24,0,1.6290215283403642,68,1.643794531559934,2.7517144733779073,4.142066101152987,19.15558208923504,75.11890713565055,1.279971849822992,935.3398564592518,2024-05-25,0,0.8660254037844387,-0.4999999999999998
2024-05-25,0,0.028479303473970714,66,1.6657296921398843,2.733527708465413,0.4811642961373689,16.969810306805908,88.10593579240876,1.052870139910835,938.169419286908,2024-05-26,0,0.8660254037844387,-0.4999999999999998
2024-05-26,0,13.16927524242611,71,14.82677607424043,15.896544077179573,9.905031904993365,15.358976490564698,91.58389348976634,1.1809954949374737,940.5762565671756,2024-05-27,1,0.8660254037844387,-0.4999999999999998
2024-05-27,1,34.00760919476331,71,47.20536374066337,48.905981555792465,13.68769172807298,16.751552865424483,94.05902510101484,0.7163700663402761,939.53286199527,2024-05-28,0,0.8660254037844387,-0.4999999999999998
2024-05-28,0,0.7262036626284,67,47.90308809981781,49.575361934851706,0.0656484146004346,17.833692860576342,87.1124616960885,1.8079943012918367,937.6837282326428,2024-05-29,0,0.8660254037844387,-0.4999999999999998
2024-05-29,0,0.17294570714214844,67,34.906758564533845,49.74176349909983,0.0444422495207452,13.741467124845313,79.67372738634513,1.1885242163012506,939.8325211410564,2024-05-30,0,0.8660254037844387,-0.4999999999999998
2024-05-30,0,0.014563481921328222,66,0.9137128516918624,49.748098120695595,0.037268923352206,13.105501272737834,78.14630102760351,1.0848859652757454,941.5199477129794,2024-05-31,0,0.8660254037844387,-0.4999999999999998
2024-05-31,0,0.00948802796906359,66,0.19699721703252604,48.12856462032429,0.1346815979192382,14.471699735363604,77.61774741587091,1.5057553897818403,942.4924861769852,2024-06-01,0,0.49999999999999994,-0.8660254037844387
2024-06-01,0,0.013490470828457526,68,0.037541980718835126,48.113575787678776,0.0717630486053598,16.73693353963536,71.00621577650533,1.4036046252802663,942.7278384614316,2024-06-02,0,0.49999999999999994,-0.8660254037844387
2024-06-02,0,0.06425770459986198,69,0.08723620339736889,35.008558249852534,0.0215477391656747,16.5967097659728,75.12704337706819,0.8245491461570468,941.9916234914984,2024-06-03,0,0.49999999999999994,-0.8660254037844387
2024-06-03,0,0.03321174335292692,67,0.11095991878123221,1.034160798442144,0.0121784762354654,17.9299262982831,76.31181536636862,0.7794246134009668,940.8912690056538,2024-06-04,0,0.49999999999999994,-0.8660254037844387
2024-06-04,0,0.11138991312674379,65,0.20885936107951847,0.4193470489404878,2.473334754586785,17.315534128358568,83.53832160872261,1.839788162911101,941.3195675249576,2024-06-05,0,0.49999999999999994,-0.8660254037844387
2024-06-05,0,0.026994402094668385,66,0.1715960585743249,0.2733957438930078,0.2071166484523721,17.89330110552613,78.47815438420187,0.9972560481944612,940.9452562464958,2024-06-06,0,0.49999999999999994,-0.8660254037844387
2024-06-06,0,0.08667783945588407,67,0.22506215467728202,0.3455101014275636,0.0506339888576949,17.90652076530929,76.6970094602902,0.5867557381077941,939.8063824627228,2024-06-07,0,0.49999999999999994,-0.8660254037844387
2024-06-07,0,0.03069220348121657,67,0.14436444503175483,0.36671427693971664,0.0120163280001165,17.992641317345146,72.89419142581775,0.4799661881725262,939.4186629780556,2024-06-08,0,0.49999999999999994,-0.8660254037844387
2024-06-08,0,0.0863995912059601,66,0.20376963414304652,0.43962339731721917,0.0372514708457447,18.23874196276913,73.41207193741664,0.6064952693898363,940.4128850387052,2024-06-09,0,0.49999999999999994,-0.8660254037844387
2024-06-09,0,0.13965509431518922,67,0.25674688900235165,0.5150207870325464,0.040210156978742,19.151936716037973,73.42988420427082,0.9243160602281952,938.38826973226,2024-06-10,0,0.49999999999999994,-0.8660254037844387
2024-06-10,0,0.035305519314058766,67,0.2613602048351939,0.5171145629936783,0.0596980914449196,20.084235095972694,67.21552157212047,0.9618946981988648,937.4443326705835,2024-06-11,0,0.49999999999999994,-0.8660254037844387
2024-06-11,0,0.25002108301797366,65,0.4249816966472075,0.6557457328849081,0.024194804235582,18.95018626543898,72.25038963612445,0.5507870584727289,939.0134976002296,2024-06-12,0,0.49999999999999994,-0.8660254037844387
2024-06-12,0,0.024811767292187606,63,0.3101383696242058,0.6535630980824273,0.0424047513479966,18.683048639548616,71.64559213664587,0.677116682403486,938.860253835222,2024-06-13,0,0.49999999999999994,-0.8660254037844387
2024-06-13,0,0.03586083311412332,62,0.3106936834242704,0.6027460917406666,0.0185002695777185,17.881811872800466,70.18829936288994,0.8778731080127239,937.6570659618152,2024-06-14,0,0.49999999999999994,-0.8660254037844387
2024-06-14,0,0.02536507491323165,65,0.08603767531952836,0.5974189631726816,0.0120163280001165,18.77361215791979,60.68281129902566,1.1403927143060713,937.5899140547368,2024-06-15,0,0.49999999999999994,-0.8660254037844387
2024-06-15,0,0.0103702962553826,65,0.07159620428272336,0.5213896682221042,0.0064839415776019,19.514495985916803,67.38704404560723,0.889947875252094,938.7544616488868,2024-06-16,0,0.49999999999999994,-0.8660254037844387
2024-06-16,0,0.013827061673843465,65,0.04956243284244351,0.39556163558075846,0.0159271500850893,19.02632187258555,71.20601069564438,0.6853017801655048,937.4255678142504,2024-06-17,0,0.49999999999999994,-0.8660254037844387
2024-06-17,0,0.017396530927508154,64,0.04159388885672001,0.3776526471942078,0.0185002695777185,19.75630427465862,63.61383913549883,1.097395242617975,935.2555586250356,2024-06-18,0,0.49999999999999994,-0.8660254037844387
2024-06-18,0,0.4470488321475644,64,0.4782724247489018,0.5746803963237985,0.0,18.574078193695573,61.7397403496315,0.8914043200870193,935.1484334836264,2024-06-19,0,0.49999999999999994,-0.8660254037844387
2024-06-19,0,0.007500130033634312,63,0.47194549310869266,0.5573687590652453,0.0324079215053439,17.9903410380626,64.3767803596737,0.7985072875381286,936.3438057431844,2024-06-20,0,0.49999999999999994,-0.8660254037844387
2024-06-20,0,0.05289755453710285,65,0.5074465167182873,0.5744054804882248,0.0,17.50100983075881,65.93608572400639,0.5983848582511265,937.8230710834384,2024-06-21,0,0.49999999999999994,-0.8660254037844387
2024-06-21,0,0.0,64,0.06039768457072295,0.5490404055749932,0.0064839415776019,17.379522687864252,67.80630683099444,0.7935287634319762,937.3734976318308,2024-06-22,0,0.49999999999999994,-0.8660254037844387
2024-06-22,0,0.1105423086950548,64,0.16343986323214343,0.6492124180146653,0.0,18.10436539881353,69.32728863009358,0.8809943836531698,936.2481210736124,2024-06-23,0,0.49999999999999994,-0.8660254037844387
2024-06-23,0,0.021407916040696362,62,0.13195022473573695,0.6567932723815183,0.0064839415776019,19.79104852553998,64.28172958241169,0.8043486950980446,934.7379266979324,2024-06-24,0,0.49999999999999994,-0.8660254037844387
2024-06-24,0,0.024668581229988246,63,0.1566188059657252,0.6640653226839984,0.0224110916626912,20.66195594586197,62.8198212869773,1.0376334830605305,934.7037764433976,2024-06-25,0,0.49999999999999994,-0.8660254037844387
2024-06-25,0,0.39265326772013776,66,0.4387297649908082,0.6096697582565718,2.335525141853576,18.643645679253407,79.4875155985131,1.1736952830878271,937.47072782901,2024-06-26,0,0.49999999999999994,-0.8660254037844387
2024-06-26,0,0.04103329086977567,64,0.4583551398198875,0.643202919092713,0.1723635393024818,20.128034513806668,72.90464567527516,1.0230952909076323,935.7113454280848,2024-06-27,0,0.49999999999999994,-0.8660254037844387
2024-06-27,0,0.14959604905056625,64,0.5832826076404655,0.7399014136061766,0.0272959115534365,19.741201283688223,74.02779038844294,0.706475208444757,933.5810848428924,2024-06-28,0,0.49999999999999994,-0.8660254037844387
2024-06-28,0,0.12284809546670496,66,0.31347743538703265,0.8627495090728815,0.0383606843984658,18.75406201630016,77.00419114395478,0.8004614881793977,933.1440151721636,2024-06-29,0,0.49999999999999994,-0.8660254037844387
2024-06-29,0,0.1316223795888525,66,0.4040665241061095,0.8838295799666791,0.7252227985875183,19.10329530659339,73.03559042997186,0.808551504316078,934.7026927372008,2024-06-30,0,0.49999999999999994,-0.8660254037844387
2024-06-30,0,0.35305254180698653,66,0.6075230168625299,1.2154742057329693,0.5784548170693893,15.28473673375212,84.45284720766004,0.955116659480446,937.230492519723,2024-07-01,0,1.2246467991473532e-16,-1.0
2024-07-01,0,0.43526320104921595,60,0.9199381224450408,1.626068825552197,0.6138811834809836,13.49355607962141,85.92441578253224,0.5880573289802511,939.1571631934082,2024-07-02,0,1.2246467991473532e-16,-1.0
2024-07-02,0,0.0022823579567788936,59,0.7905981008129671,1.2356979157888381,0.1324650775738499,15.086837360847598,79.76996709075684,0.5826464816653184,939.2417837062816,2024-07-03,0,1.2246467991473532e-16,-1.0
2024-07-03,0,0.2012840673857759,60,0.6388296263917566,1.3959486923048385,0.0120163280001165,16.921693027014218,73.4992840927121,0.6642480351099461,937.0537142655324,2024-07-04,0,1.2246467991473532e-16,-1.0
2024-07-04,0,0.12352858476409337,58,0.32709501010663394,1.3698812280183654,0.0064839415776019,18.9235559427068,67.0281006224008,0.4545902773037596,935.9783293956746,2024-07-05,0,1.2246467991473532e-16,-1.0
2024-07-05,0,0.2514509618946899,58,0.576263614044545,1.4984840944463504,0.0,18.35845392970939,66.24779233004693,0.5834729698034234,937.4162871468114,2024-07-06,0,1.2246467991473532e-16,-1.0
2024-07-06,0,0.09582497518939756,58,0.4708045218481667,1.4626866900468956,0.3517764279003967,17.094255851188777,74.09941140196771,1.3192200671013588,939.4873966852416,2024-07-07,0,1.2246467991473532e-16,-1.0
2024-07-07,0,0.0404125775478349,58,0.3876885146319082,1.1500467257877438,0.1849334886377638,17.79790280358253,73.91915839721709,0.9077882320781876,937.2218105701022,2024-07-08,0,1.2246467991473532e-16,-1.0
2024-07-08,0,2.047090460830283,67,2.1833280135675013,2.761873985568811,2.207573315843764,15.942097520590792,81.78385729218341,1.0358746479443337,936.2109763475268,2024-07-09,1,1.2246467991473532e-16,-1.0
2024-07-09,1,37.079545807894554,67,39.16704884627266,39.839137435506586,10.226385666027983,13.965041464355943,93.98765235467113,0.7370275306835474,935.9927530705036,2024-07-10,1,1.2246467991473532e-16,-1.0
2024-07-10,1,15.393617240783488,67,54.52025350950831,55.0314706089043,7.597391854120677,16.354251062843087,90.3686207806036,0.5823956290249285,934.6282608774816,2024-07-11,0,1.2246467991473532e-16,-1.0
2024-07-11,0,0.19046841562722014,59,52.66363146430525,55.09841043976743,0.0835264591700644,18.85099184437368,83.74190587630962,0.6149561057889407,937.04470554088,2024-07-12,0,1.2246467991473532e-16,-1.0
2024-07-12,0,0.04541400397241517,59,15.62949966038311,54.892373481845155,0.9803271185775904,17.839963442026896,84.3884616760089,1.128739143205312,942.1102286714269,2024-07-13,0,1.2246467991473532e-16,-1.0
2024-07-13,0,0.008896931953139646,59,0.24477935155276073,54.80544543860889,0.6004443559268965,15.95320474628556,84.44849143428563,1.368255460345688,943.1177019652324,2024-07-14,0,1.2246467991473532e-16,-1.0
2024-07-14,0,0.008049825431728497,57,0.062360761357269104,54.773082686492785,0.3274456752090378,17.456233079753044,78.00632950821011,0.9784415294036022,940.0411810121084,2024-07-15,0,1.2246467991473532e-16,-1.0
2024-07-15,0,0.012497670804298082,57,0.029444428189152015,52.7384898964668,1.0532759807887104,16.19631608848115,81.7487294002312,0.9389381854687276,941.554702683016,2024-07-16,0,1.2246467991473532e-16,-1.0
2024-07-16,0,0.007353420761117371,57,0.027900916997129738,15.666297509333365,0.1515922590801038,16.75195781498525,80.86692733639894,0.7047853978070726,942.637130552456,2024-07-17,0,1.2246467991473532e-16,-1.0
2024-07-17,0,0.004871871635029374,57,0.024722963200430614,0.27755214018490565,0.1933163263657313,17.370018555089317,77.63367100168851,0.6125777240409597,942.535181059605,2024-07-18,0,1.2246467991473532e-16,-1.0
2024-07-18,0,0.007534836351537282,57,0.019760128747669817,0.09461856090922278,0.0284970994203712,16.585160010417837,76.35616369504561,0.671354297062368,940.5450413500432,2024-07-19,0,1.2246467991473532e-16,-1.0
2024-07-19,0,0.0033522344904516796,59,0.015758942477004125,0.052556791427259296,0.0400222675102064,16.12733063077873,75.28123701250018,0.6131897312804042,942.6441609703604,2024-07-20,0,1.2246467991473532e-16,-1.0
2024-07-20,0,0.012036661092781387,57,0.022923731934756136,0.05569652056690104,0.0464437476629244,15.329431298912258,75.55299258775868,0.6643623935552749,942.0255102948532,2024-07-21,0,1.2246467991473532e-16,-1.0
2024-07-21,0,0.014423240943821409,59,0.029812136527040265,0.06206993607899395,0.0286425276868489,15.879222143426713,72.90246476152478,0.8685831263402757,940.9451713214368,2024-07-22,0,1.2246467991473532e-16,-1.0
2024-07-22,0,0.011524260060314567,59,0.037984162096903154,0.061096525335010435,0.0443245626949956,17.137221245439722,70.90525442552207,0.7956972903133491,940.8969695782106,2024-07-23,0,1.2246467991473532e-16,-1.0
2024-07-23,0,0.006919984972647279,58,0.03286748597676904,0.060663089546540344,0.0231101412643343,16.604086382733357,65.04133263322748,0.8175360114958362,942.0277684818374,2024-07-24,0,1.2246467991473532e-16,-1.0
2024-07-24,0,0.0,58,0.018444245032947636,0.05579121791151097,0.0,17.011885574464934,59.74290285368965,0.9531225855515842,941.8700264474696,2024-07-25,0,1.2246467991473532e-16,-1.0
2024-07-25,0,0.0,59,0.006919984972633068,0.048256381559973686,0.0444242495054605,17.188747544547297,65.37533552250173,0.9038734690306024,940.1307888243286,2024-07-26,0,1.2246467991473532e-16,-1.0
2024-07-26,0,0.0013956262189045794,58,0.0013956262188903686,0.04629977328842659,0.0,17.722379717084916,63.86340716870342,0.687061940176803,938.399526611506,2024-07-27,0,1.2246467991473532e-16,-1.0
2024-07-27,0,0.003374482691907425,59,0.004770108910797793,0.037637594887552625,0.0064839415776019,18.13891021018324,64.27172093822715,0.7720129935412106,938.7033128101008,2024-07-28,0,1.2246467991473532e-16,-1.0
2024-07-28,0,0.007051627515014473,59,0.011821736425812267,0.03026598145874569,0.0099968298426527,19.028095556913183,65.07303221992302,0.948041142525466,938.471765617566,2024-07-29,0,1.2246467991473532e-16,-1.0
2024-07-29,0,0.03746947007586661,58,0.0478955802827743,0.056211191474297734,0.2008739522394189,18.78733185121352,69.32055531970012,1.3297370334765646,938.6066217670026,2024-07-30,0,1.2246467991473532e-16,-1.0
2024-07-30,0,3.497377045499263,67,3.54189814309013,3.546668252000914,5.462960552452824,14.874025256159348,86.79298705146479,1.9477191915487784,940.947991212554,2024-07-31,0,1.2246467991473532e-16,-1.0
2024-07-31,0,0.028202314142467558,59,3.5630488297175833,3.5748705661433813,0.3484346223665582,17.307931739825666,76.95072072898824,1.7662151016277747,942.1085726714708,2024-08-01,0,-0.4999999999999997,-0.8660254037844388
2024-08-01,0,0.007608879459960519,46,3.533188239101677,3.582479445603342,0.0669925558172953,18.433005988512697,73.32934559059805,1.4851219028250533,941.8457588369836,2024-08-02,0,-0.4999999999999997,-0.8660254037844388
2024-08-02,0,0.2016400934418009,48,0.23745128704421475,3.782723912826238,0.0240326560002331,18.58505929870476,67.63723110422708,1.315068473245158,940.7191604060262,2024-08-03,0,-0.4999999999999997,-0.8660254037844388
2024-08-03,0,0.0024296211308847855,49,0.211678594032632,3.7817790512652154,0.0064839415776019,19.69130578003484,60.543585690620446,1.3500173632601316,939.5565875620798,2024-08-04,0,-0.4999999999999997,-0.8660254037844388
2024-08-04,0,0.004859242261769571,49,0.20892895683444104,3.7795866660119706,0.0064839415776019,20.23789605937029,63.65122580136918,1.2090811115710502,939.5870554777746,2024-08-05,0,-0.4999999999999997,-0.8660254037844388
2024-08-05,0,0.030475315527435147,47,0.03776417892007529,3.772592511463539,0.0064839415776019,20.92670864793795,62.31040986265548,1.0923038982689828,939.26853764812,2024-08-06,0,-0.4999999999999997,-0.8660254037844388
2024-08-06,0,0.002560100716980694,48,0.03789465850617121,0.2777755666812565,0.0099968298426527,20.630735754095262,62.1578743987244,1.0275966482325891,937.704789253546,2024-08-07,0,-0.4999999999999997,-0.8660254037844388
2024-08-07,0,0.0024621509932334883,49,0.03549756723763512,0.2520354035320225,0.0164807714202546,21.184168377135272,56.79858236164318,1.2847933947067312,934.6266201384916,2024-08-08,0,-0.4999999999999997,-0.8660254037844388
2024-08-08,0,0.017775897603929645,47,0.022798149314129615,0.2622024216759916,0.0,21.40759851609906,52.665311567709125,1.172384457446355,933.2177387537424,2024-08-09,0,-0.4999999999999997,-0.8660254037844388
2024-08-09,0,5.17356418294921,66,5.193802231546359,5.234126511183401,3.5837815931613632,17.74615748907735,78.470321525576,0.8708810127303941,935.498579806147,2024-08-10,0,-0.4999999999999997,-0.8660254037844388
2024-08-10,0,35.325438308908645,68,40.51677838946177,40.55713519896116,12.5286065066864,12.085602397858596,88.29112042610873,1.171193327133642,936.6331959803056,2024-08-11,0,-0.4999999999999997,-0.8660254037844388
2024-08-11,0,0.13070096239856166,49,40.6297034542564,40.68297691909795,0.0933623131829346,11.215804494193264,75.32658563155078,0.7863856377007241,937.3382008523478,2024-08-12,0,-0.4999999999999997,-0.8660254037844388
2024-08-12,0,0.09275999799537976,47,35.548899269302574,40.7452616015659,0.0121784762354654,12.729566140634786,63.30011396071007,1.256742857486194,937.0544934843992,2024-08-13,0,-0.4999999999999997,-0.8660254037844388
2024-08-13,0,0.028448438181208825,47,0.25190939857513606,40.77114993903013,0.0,11.19909974446416,69.42286729592148,1.309500038661682,940.8467578320286,2024-08-14,0,-0.4999999999999997,-0.8660254037844388
2024-08-14,0,0.030698435269117617,45,0.15190687144569198,40.79938622330601,0.0306787458131839,14.006668554283658,67.73657469788111,1.120319337750824,940.0180189073156,2024-08-15,0,-0.4999999999999997,-0.8660254037844388
2024-08-15,0,0.034415849095704866,45,0.0935627225460171,40.81602617479779,0.0185002695777185,17.570546681571734,65.42852288319577,0.8825954894412755,938.7676009337088,2024-08-16,0,-0.4999999999999997,-0.8660254037844388
2024-08-16,0,0.005717586995321094,46,0.07083187136012936,35.648179578843894,0.0099968298426527,20.06379712255197,61.34111922481093,0.7183344509260725,938.1233632223388,2024-08-17,0,-0.4999999999999997,-0.8660254037844388
2024-08-17,0,0.0024642076272695097,47,0.04259764371828125,0.3252054775625207,0.0064839415776019,21.09037429325464,56.87454179853662,0.7633744286685445,937.5614788619336,2024-08-18,0,-0.4999999999999997,-0.8660254037844388
2024-08-18,0,0.0024642076272695097,47,0.010646002249845903,0.19696872279122854,0.0,21.049493541078043,54.410387663209775,0.7670243144231773,937.340870940494,2024-08-19,0,-0.4999999999999997,-0.8660254037844388
2024-08-19,0,0.0024642076272695097,47,0.007392622881808529,0.10667293242311829,0.0064839415776019,21.243207899131672,54.03253436198126,0.9222104048469578,936.8847177360224,2024-08-20,0,-0.4999999999999997,-0.8660254037844388
2024-08-20,0,0.6605164444103754,47,0.6654448596649002,0.7387409386522849,0.0064839415776019,21.36183692717783,55.90995791403518,1.0091487109118875,937.538886090004,2024-08-21,0,-0.4999999999999997,-0.8660254037844388
2024-08-21,0,0.17868454157371777,46,0.8416651936113484,0.8867270449568849,0.1800714997254291,20.85648245995836,63.52283016777581,1.480303763355589,938.0220676104816,2024-08-22,0,-0.4999999999999997,-0.8660254037844388
2024-08-22,0,0.009030590335536114,47,0.8482315763196151,0.8613417861967163,0.0199936596853054,21.87615651283543,56.12260926044131,1.41019397154991,935.263707670048,2024-08-23,0,-0.4999999999999997,-0.8660254037844388
2024-08-23,0,0.08865687240269333,50,0.276372004311933,0.9442810716040885,0.0,22.969697926707106,47.13899772598892,1.929533243351628,932.7694429868112,2024-08-24,0,-0.4999999999999997,-0.8660254037844388
2024-08-24,0,7.704455151550685,64,7.8021426142889005,8.646272015527504,6.208310924110146,18.195802330135542,75.96686865367282,1.758926026724562,935.594088211416,2024-08-25,0,-0.4999999999999997,-0.8660254037844388
2024-08-25,0,2.3676157292378246,67,10.160727753191189,11.011423537138059,5.700248722266362,13.023202318611723,89.96900991848182,1.223873139341979,939.0862952776304,2024-08-26,0,-0.4999999999999997,-0.8660254037844388
2024-08-26,0,0.08772917003938588,53,10.159800050827883,11.096688499550176,2.480281050163648,11.654065615533325,72.4123967143875,1.2007153656039828,941.3085926735688,2024-08-27,0,-0.4999999999999997,-0.8660254037844388
2024-08-27,0,0.7255817261190038,49,3.1809266253962,11.161753781258804,0.0306787458131839,12.4106073132401,64.94799647167837,1.289461493420426,941.918147511518,2024-08-28,0,-0.4999999999999997,-0.8660254037844388
2024-08-28,0,0.03584293726062519,50,0.8491538334190006,11.018912176945712,0.0120163280001165,15.00180764299606,70.31049215763983,1.6193344844806994,942.2718735641978,2024-08-29,0,-0.4999999999999997,-0.8660254037844388
2024-08-29,0,0.09040653685767697,49,0.8518312002372918,11.100288123467852,0.0186456978441962,18.8215306854941,67.95479777549448,1.198791293386538,942.09066123765,2024-08-30,0,-0.4999999999999997,-0.8660254037844388
2024-08-30,0,0.16223362605010677,50,0.28848310016839473,11.173864877115268,0.0064839415776019,20.677360083304304,59.572838389194565,0.8166328818033028,940.102091695691,2024-08-31,0,-0.4999999999999997,-0.8660254037844388
2024-08-31,0,0.28077963776736203,51,0.5334198006751316,3.7501893633319425,0.0064839415776019,20.140718586107177,56.415834814449454,0.9600737973684782,938.829229183531,2024-09-01,0,-0.8660254037844385,-0.5000000000000004
2024-09-01,0,0.43244039410107266,68,0.8754536579185273,1.8150140281951908,0.0064839415776019,21.19645276791696,53.06873484977966,1.1179173521330277,936.8020432808617,2024-09-02,0,-0.8660254037844385,-0.5000000000000004
2024-09-02,0,0.0,66,0.7132200318684205,1.727284858155805,0.0,21.04401361588524,57.56936440333138,1.0260279672509058,934.1921716312596,2024-09-03,0,-0.8660254037844385,-0.5000000000000004
2024-09-03,0,0.28156483929854276,67,0.7140052333996012,1.2832679713353436,0.0328282979759512,21.47031468406577,64.82149195888351,0.8849965079584743,934.8130002152536,2024-09-04,0,-0.8660254037844385,-0.5000000000000004
2024-09-04,0,0.2682453116129223,68,0.5498101509114508,1.5156703456876408,0.0099968298426527,23.01471720076384,51.82813466861848,1.194306768447079,935.7767842254922,2024-09-05,0,-0.8660254037844385,-0.5000000000000004
2024-09-05,0,0.013207279603527784,65,0.5630174305149787,1.4384710884334917,0.5076709821652897,21.32849187765524,58.93497848537931,1.5954884171002088,935.517195576873,2024-09-06,0,-0.8660254037844385,-0.5000000000000004
2024-09-06,0,0.013369569919011412,65,0.2948221611354473,1.2896070323023963,0.6152068920744179,18.659986186180525,75.29782962171426,1.954530752040672,936.9303856843516,2024-09-07,0,-0.8660254037844385,-0.5000000000000004
2024-09-07,0,0.011867015341668752,66,0.03844386486419374,1.020694409876703,0.0884780784762874,21.82619572713503,70.09103516968398,0.922796979590425,936.7391737942734,2024-09-08,0,-0.8660254037844385,-0.5000000000000004
2024-09-08,0,1.3279498242914787,65,1.3531864095521446,1.916203840067109,0.0,23.832097273668875,60.19532962039111,0.8037350439386314,938.1291271115568,2024-09-09,0,-0.8660254037844385,-0.5000000000000004
2024-09-09,0,0.4844195148531659,66,1.824236354486299,2.400623354920275,0.0064839415776019,23.84227507664604,54.43572535254654,1.1401274142040343,937.308939091266,2024-09-10,0,-0.8660254037844385,-0.5000000000000004
2024-09-10,0,0.028352442807050883,66,1.8407217819516812,2.1474109584287833,0.03647443110556,23.168285816161955,49.76639654397791,0.988187481103733,935.3767492461236,2024-09-11,0,-0.8660254037844385,-0.5000000000000004
2024-09-11,0,0.060837976116322315,66,0.5736099337765249,1.940003622932183,0.0064839415776019,23.24446236028224,50.18850371920756,0.8458386896007314,934.512541632792,2024-09-12,0,-0.8660254037844385,-0.5000000000000004
2024-09-12,0,0.05725473508403058,66,0.14644515400738956,1.984051078412686,0.0064839415776019,24.0252053048132,44.29616491182959,1.1636687979102909,934.448246143523,2024-09-13,0,-0.8660254037844385,-0.5000000000000004
2024-09-13,0,0.3699486811810898,66,0.4880413923814285,2.3406301896747643,0.0,23.577796171288878,46.155398506130695,1.2038920324883249,934.0893690026332,2024-09-14,0,-0.8660254037844385,-0.5000000000000004
2024-09-14,0,0.0841690537936157,65,0.5113724700587219,2.4129322281267114,0.0,23.905623786473857,48.295234733402864,1.3729646719303046,934.6126334141912,2024-09-15,0,-0.8660254037844385,-0.5000000000000004
2024-09-15,0,0.22331796470830054,64,0.6774356996829918,1.308300368543533,2.126621460823485,20.12330423756164,71.92174236909159,2.4409716557551,937.5983749275536,2024-09-16,1,-0.8660254037844385,-0.5000000000000004
2024-09-16,1,8.897402036408028,67,9.20488905490993,9.721282890098395,10.568779064678656,17.09309077907128,87.67201385121867,1.6966147450598117,938.1817679377772,2024-09-17,0,-0.8660254037844385,-0.5000000000000004
2024-09-17,0,1.2905927598486642,66,10.411312760964979,10.983523207140008,0.5468439016543922,16.827326332790136,80.31301818787186,2.344569906912484,939.7281749931416,2024-09-18,0,-0.8660254037844385,-0.5000000000000004
2024-09-18,0,0.07186723968729508,64,10.259862035943973,10.994552470710982,0.3996559243718304,17.963092160184765,75.87437951788503,2.131157009727475,938.3206984428753,2024-09-19,0,-0.8660254037844385,-0.5000000000000004
2024-09-19,0,1.0169556466967415,66,2.3794156462326868,11.954253382323692,0.6678294372957339,20.087446066473063,75.68786265187028,1.3415733226584976,935.5607159211052,2024-09-20,0,-0.8660254037844385,-0.5000000000000004
2024-09-20,0,1.3602882729655772,67,2.4491111593495996,12.944592974108179,1.8565069663850136,23.066421105243,67.58959897625766,1.706416123031535,933.3763908542824,2024-09-21,0,-0.8660254037844385,-0.5000000000000004
2024-09-21,0,1.295109535211424,67,3.672353454873728,14.155533455525989,2.31072350475418,20.962846868012555,75.49934542484836,1.3167290609641629,934.6883861516696,2024-09-22,0,-0.8660254037844385,-0.5000000000000004
2024-09-22,0,0.40250247250649207,67,3.0579002806834787,14.334717963324179,0.1805550382465011,23.238094752435263,66.16852366203827,1.2227936188015558,933.5282024724144,2024-09-23,0,-0.8660254037844385,-0.5000000000000004
2024-09-23,0,0.021095564537636304,66,1.718707572255538,5.458411491453788,0.0,24.239410347940208,60.65401872219705,1.3471582643730335,933.5995921849676,2024-09-24,0,-0.8660254037844385,-0.5000000000000004
2024-09-24,0,0.022837458558822493,65,0.44643549560293666,4.190656190163946,0.0064839415776019,24.50611449211389,56.05467439694705,1.3906863737094086,934.1001651702932,2024-09-25,0,-0.8660254037844385,-0.5000000000000004
2024-09-25,0,0.029403440660832066,65,0.07333646375727665,4.148192391137483,0.0129678831552038,24.884512701773357,56.71609825591303,1.3438765385671023,932.751999060398,2024-09-26,0,-0.8660254037844385,-0.5000000000000004
2024-09-26,0,0.03357786601687033,65,0.08581876523651068,3.1648146104576114,0.0,26.103934213863887,49.966627951322565,1.427340138593967,931.090074885622,2024-09-27,0,-0.8660254037844385,-0.5000000000000004
2024-09-27,0,1.197706503972349,66,1.260687810650037,3.0022328414643837,1.1903870403503138,22.368227649213978,69.39115926041991,1.7444707491412192,931.7934565149064,2024-09-28,0,-0.8660254037844385,-0.5000000000000004
2024-09-28,0,0.0035162408642245295,66,1.2348006108534295,1.7106395471171842,0.0444011171496294,19.45214472146552,68.50362078517938,2.427171224920869,936.6839034862488,2024-09-29,0,-0.8660254037844385,-0.5000000000000004
2024-09-29,0,0.001644771795308876,66,1.202867516631868,1.309781846406001,0.0224110916626912,20.83094334957806,68.81909320795519,1.900099464519837,937.2085965640304,2024-09-30,0,-0.8660254037844385,-0.5000000000000004
2024-09-30,0,0.030483941352421454,65,0.03564495401194065,1.319170223220786,0.0229647129978565,23.11183807725265,65.76147201619558,1.6075647563801356,935.958648543246,2024-10-01,0,-1.0,-1.8369701987210297e-16
2024-10-01,0,0.0,4,0.03212871314771612,1.2963327646619636,0.0,25.30267286178383,54.13303337318135,1.308706494858601,932.3468009347896,2024-10-02,0,-1.0,-1.8369701987210297e-16
2024-10-02,0,0.8190480048375958,5,0.849531946190003,2.0859773288387276,0.6009769390996094,25.92797757368973,50.41259293831688,1.6229880483416497,930.4206779367298,2024-10-03,0,-1.0,-1.8369701987210297e-16
2024-10-03,0,3.6060560875737475,23,4.425104092411329,5.658455550395605,2.5838924584402667,20.479279016166508,76.19975106751903,2.6301703797039497,935.0065958211172,2024-10-04,0,-1.0,-1.8369701987210297e-16
2024-10-04,0,0.2984881368477975,5,4.723592229259126,4.759237183271053,3.175638422124061,17.06621706170344,83.20156385937204,2.1095526122133856,937.491723821428,2024-10-05,0,-1.0,-1.8369701987210297e-16
2024-10-05,0,0.15168839660718772,4,4.056232621028719,4.907409339014016,0.3511784144901325,19.280122612164018,72.98029130946392,2.248728747382063,938.1043788297256,2024-10-06,0,-1.0,-1.8369701987210297e-16
2024-10-06,0,0.02687351091162229,4,0.4770500443665933,4.93263807813033,0.0198604148207473,19.95295031276927,69.03781953468275,1.665019525809531,935.7412453618406,2024-10-07,0,-1.0,-1.8369701987210297e-16
2024-10-07,0,0.0,4,0.1785619075187958,4.9021541367779085,0.0,20.466156392638226,62.99572805882628,1.8136238022489528,934.257535665962,2024-10-08,0,-1.0,-1.8369701987210297e-16
2024-10-08,0,0.0,4,0.02687351091160808,4.9021541367779085,0.0120163280001165,21.980749529803223,66.96218895952313,1.5399696623001211,932.4537759090416,2024-10-09,0,-1.0,-1.8369701987210297e-16
2024-10-09,0,0.0,4,0.0,4.083106131940313,0.3905114589363613,20.01640602133782,76.25380224819972,2.003346982031572,934.4071947739913,2024-10-10,0,-1.0,-1.8369701987210297e-16
2024-10-10,0,2.7340385309749027,7,2.7340385309748885,3.211088575341467,2.4424253293896365,20.576618702881213,78.47873725174865,1.619873420522504,934.3695786174756,2024-10-11,1,-1.0,-1.8369701987210297e-16
2024-10-11,1,21.430223430538177,68,24.164261961513066,24.342823869031847,5.765816302598533,22.3933680349809,81.36717564204181,1.561562007978884,931.3056348767774,2024-10-12,1,-1.0,-1.8369701987210297e-16
2024-10-12,1,5.186555526221594,16,29.35081748773466,29.37769099864625,0.8707897274016291,22.289066023857348,75.61502881826104,2.0572502287214727,933.1899155007372,2024-10-13,0,-1.0,-1.8369701987210297e-16
2024-10-13,0,0.4405444392386347,7,27.05732339599839,29.791361926973266,0.1214249534010056,20.46397814915782,73.62205265631273,2.2500379500214724,940.225478406254,2024-10-14,0,-1.0,-1.8369701987210297e-16
2024-10-14,0,0.02966427868400762,3,5.656764244144222,29.821026205657272,0.6827939197022059,20.8676136591258,72.0505133051181,2.282646501601773,940.8745035950046,2024-10-15,0,-1.0,-1.8369701987210297e-16
2024-10-15,0,0.6920441004879192,5,1.1622528184105474,30.513070306145192,0.1440728817613201,21.687478594437053,67.02701659196472,1.8488593380934195,936.8670411972532,2024-10-16,0,-1.0,-1.8369701987210297e-16
2024-10-16,0,0.0,4,0.7217083791719127,30.513070306145192,0.5423952523040464,22.536419304892835,69.42385105931821,1.483523108632116,933.0402053390804,2024-10-17,0,-1.0,-1.8369701987210297e-16
2024-10-17,0,0.02687351091162229,4,0.7189176113995273,27.805905286081913,1.2179519050081205,23.2791856029018,67.83170822393487,1.4752168814319324,933.2435402730828,2024-10-18,0,-1.0,-1.8369701987210297e-16
2024-10-18,0,0.0,4,0.02687351091160808,6.375681855543735,0.8454415094527143,22.0878017436976,68.77340611916098,1.5558714523586223,932.8349086865476,2024-10-19,0,-1.0,-1.8369701987210297e-16
2024-10-19,0,8.386855381465077,44,8.413728892376685,9.575981710787218,9.118412603048204,18.916407021225066,83.99777048325694,1.8114488702405247,932.6026141942338,2024-10-20,0,-1.0,-1.8369701987210297e-16
2024-10-20,0,6.1390691009764,66,14.525924482441463,15.274506372524984,5.47909150297644,17.297699512198097,91.52454069124056,1.5732594392916457,931.8234797576,2024-10-21,0,-1.0,-1.8369701987210297e-16
2024-10-21,0,1.2761121167468739,8,15.802036599188337,16.52095421058785,0.7992019717909568,21.3656691160148,78.58515455943171,1.9066365160883745,935.687038754676,2024-10-22,0,-1.0,-1.8369701987210297e-16
2024-10-22,0,5.976097966764047,6,13.391279184487306,21.805008076863977,0.0251463593906693,24.26889528429328,73.26039892620373,1.345704123894361,935.7516846321486,2024-10-23,1,-1.0,-1.8369701987210297e-16
2024-10-23,1,33.844193800099426,33,41.096403883610336,55.6492018769634,9.601674752727403,23.76472711955274,81.41022006183994,0.9445252023090868,932.997093109929,2024-10-24,1,-1.0,-1.8369701987210297e-16
2024-10-24,1,21.657094371521403,70,61.47738613838486,77.27942273757319,14.237494938641754,22.88773486113676,83.93967887861308,1.5944098403233218,929.1681521657764,2024-10-25,1,-1.0,-1.8369701987210297e-16
2024-10-25,1,19.136632220321342,68,74.63792039194216,96.41605495789453,12.77408802172997,22.537724784709766,82.59485560855018,2.1788392389215128,928.7722525841116,2024-10-26,0,-1.0,-1.8369701987210297e-16
2024-10-26,0,1.5869769523364496,9,42.38070354417917,89.61617652876589,0.6528780172434872,24.178242803840885,74.98277613451829,1.5060098392402224,931.8348321573328,2024-10-27,0,-1.0,-1.8369701987210297e-16
2024-10-27,0,2.1891111714882747,10,22.912720344146045,85.66621859927777,1.2724631153567874,19.125391040078565,82.12778238253726,1.8717065718030548,936.0163281347716,2024-10-28,0,-1.0,-1.8369701987210297e-16
2024-10-28,0,2.1963807819366763,8,5.97246890576138,86.58648726446758,0.8390875322837132,19.44522096160595,82.88089737332696,1.4530277710144817,937.3146581903044,2024-10-29,0,-1.0,-1.8369701987210297e-16
2024-10-29,0,1.649182670193882,7,6.034674623618812,82.25957196789741,0.3052937912753289,20.83719771118912,80.78133685595624,1.3430688402102646,934.4458739198064,2024-10-30,0,-1.0,-1.8369701987210297e-16
2024-10-30,0,0.18716767821340144,5,4.032731130343938,48.60254584601139,0.2103021455589638,21.581039862740017,71.25534252003604,1.9383808395101612,934.4717981661628,2024-10-31,0,-1.0,-1.8369701987210297e-16
2024-10-31,0,0.9991732589462708,5,2.835523607353533,27.944624733436253,0.1530106778999563,21.164297311629603,68.35489960037273,2.250805027457325,934.6377929554532,2024-11-01,0,-0.8660254037844386,0.5000000000000001
2024-11-01,0,6.7654406179769575,9,7.951781555136608,15.57343313109187,1.1533567558886806,22.14354595401317,67.55848091828388,1.937773815494938,934.38634552753,2024-11-02,1,-0.8660254037844386,0.5000000000000001
2024-11-02,1,18.07541344883338,60,25.840027325756587,32.0618696275888,2.846767881120833,22.06476053565201,76.54330642062072,1.321048568098026,934.3697558680556,2024-11-03,1,-0.8660254037844386,0.5000000000000001
2024-11-03,1,6.071772758012374,59,30.912626824822688,35.9445312141129,4.7303151585433945,20.352508895162213,90.83429497518968,1.1195134748261066,932.4403407034748,2024-11-04,1,-0.8660254037844386,0.5000000000000001
2024-11-04,1,13.364283928434892,64,37.511470135280625,47.11243436061112,13.351662785849683,20.142722961415465,92.95313641060706,1.348655915684224,932.1430611144608,2024-11-05,0,-0.8660254037844386,0.5000000000000001
2024-11-05,0,9.329425718365124,16,28.765482404812367,54.79267740878236,0.7244488074861088,22.33108225290366,83.70296182552711,1.2842298570284325,933.3379753098612,2024-11-06,1,-0.8660254037844386,0.5000000000000001
2024-11-06,1,25.17214916636064,62,47.865858813160635,79.7776588969296,5.4367314041375705,22.721018605443454,84.45260120971265,1.2477514118137116,932.5826031623096,2024-11-07,1,-0.8660254037844386,0.5000000000000001
2024-11-07,1,7.565046647477927,61,42.06662153220367,86.34353228546125,13.531682433221569,21.364642935969748,91.6277463341942,1.1916334513013702,928.9579090248362,2024-11-08,1,-0.8660254037844386,0.5000000000000001
2024-11-08,1,44.69117522609421,66,77.42837103993276,124.2692668935785,18.07593134039417,20.84071694555078,91.41828363142046,1.2215500878065817,927.7619425543992,2024-11-09,0,-0.8660254037844386,0.5000000000000001
2024-11-09,0,16.84978572083318,17,69.1060075944053,123.0436391655783,0.7719027808355374,19.300841622270045,86.27099764516909,1.3435403628888851,931.7013445087586,2024-11-10,0,-0.8660254037844386,0.5000000000000001
2024-11-10,0,7.603499675663912,7,69.14446062259128,124.57536608322984,0.1109325687859623,19.953075114468984,73.47069915944941,1.552414956540647,933.3979713226828,2024-11-11,0,-0.8660254037844386,0.5000000000000001
2024-11-11,0,1.4299361895140443,7,25.883221586011114,112.641018344309,0.044901673280387,21.72054705210257,66.42500697820134,1.330937654516204,930.9533699661748,2024-11-12,0,-0.8660254037844386,0.5000000000000001
2024-11-12,0,2.921042050866865,7,11.9544779160448,106.23263467681073,1.646481160602328,23.049593328322565,64.77025398865464,1.3515944648734584,928.7356108073838,2024-11-13,0,-0.8660254037844386,0.5000000000000001
2024-11-13,0,5.6028578262646125,48,9.9538360666455,86.6633433367147,3.6869885977065606,18.670183506664788,85.02504239435783,1.521666123728007,931.1611553829584,2024-11-14,0,-0.8660254037844386,0.5000000000000001
2024-11-14,0,4.21596469570334,8,12.739864572834795,83.31426138494012,0.068080542267267,19.00964713622605,78.03867540373241,1.6102154348255384,933.606188039762,2024-11-15,1,-0.8660254037844386,0.5000000000000001
2024-11-15,1,4.60757351893276,7,14.426396040900691,43.23065967777867,1.22483048573899,20.813997559647,78.72974220846892,1.5974775208650565,933.912717910248,2024-11-16,0,-0.8660254037844386,0.5000000000000001
2024-11-16,0,1.1701633929807886,11,9.993701607616867,27.55103734992628,9.940989904243688,21.008416318647868,86.54195972181859,1.2202078938728098,933.203355434418,2024-11-17,0,-0.8660254037844386,0.5000000000000001
2024-11-17,0,0.16068454191101192,5,5.93842145382454,20.10822221617338,0.0567327797462293,22.07457448903461,75.14643542397248,1.0284134452154514,932.7640377496998,2024-11-18,0,-0.8660254037844386,0.5000000000000001
2024-11-18,0,2.098265896647069,9,3.4291138315388485,20.776551923306403,0.0224110916626912,23.483940439909823,68.7367621322237,1.136814062546081,931.0574267681162,2024-11-19,0,-0.8660254037844386,0.5000000000000001
2024-11-19,0,1.7171395071373095,6,3.976089945695369,19.572649379576852,1.2263905565518785,23.145896398550708,69.17114451518141,1.4166435352036908,931.0728934260198,2024-11-20,0,-0.8660254037844386,0.5000000000000001
2024-11-20,0,0.38875151076832537,7,4.204156914552683,14.358543064080562,0.6581659587615295,23.570190083588425,71.83678936236116,1.415904738357335,931.4792065349336,2024-11-21,0,-0.8660254037844386,0.5000000000000001
2024-11-21,0,0.3026650664702802,7,2.4085560843758937,10.445243434847502,1.6236733808913728,22.03749898522369,78.69592431057066,1.96450653810796,933.0684760766292,2024-11-22,0,-0.8660254037844386,0.5000000000000001
2024-11-22,0,0.059148500686626984,6,0.7505650779252112,5.896818416601369,2.631738428651388,20.38991915782276,83.00799018538738,1.5848040020875178,933.5872354057668,2024-11-23,0,-0.8660254037844386,0.5000000000000001
2024-11-23,0,1.097494642563292,8,1.459308209720178,5.824149666183873,1.170088366785663,20.36880095514426,78.4065241093862,1.982444178241591,933.2680912564488,2024-11-24,0,-0.8660254037844386,0.5000000000000001
2024-11-24,0,0.45544378330761465,6,1.6120869265575124,6.118908907580475,0.042984085194698,19.387882163432327,71.05940232093089,1.8135007136780936,935.0551855083746,2024-11-25,0,-0.8660254037844386,0.5000000000000001
2024-11-25,0,0.9856146439960247,6,2.53855306986691,5.006257654929431,0.0914087513615114,21.30585673074835,66.61399493412111,1.636698924954465,934.852871953486,2024-11-26,0,-0.8660254037844386,0.5000000000000001
2024-11-26,0,0.03242638785751944,5,1.4734848151611375,3.321544535649641,0.0,24.12423365828191,60.94459499479698,1.265557211045046,933.4614636560772,2024-11-27,0,-0.8660254037844386,0.5000000000000001
2024-11-27,0,0.0,5,1.018041031853523,2.9327930248813154,0.0,25.93817523656305,56.40833650349289,1.214891713618176,931.036385982386,2024-11-28,1,-0.8660254037844386,0.5000000000000001
2024-11-28,1,10.713638321102248,47,10.746064708959747,13.343766279513284,5.183130152755736,25.006862329300088,67.03089570653813,1.4135434112236869,929.9832412622768,2024-11-29,0,-0.8660254037844386,0.5000000000000001
2024-11-29,0,6.5479015873881945,32,17.26153990849042,19.832519366214854,7.181410300226124,22.520980937118253,85.65236760920259,1.0821945243622344,931.6438420978302,2024-11-30,0,-0.8660254037844386,0.5000000000000001
2024-11-30,0,0.1215326326830748,6,17.383072541173497,18.856557356334637,0.3922602182674624,23.6421843958767,81.94838466574514,1.1791967987972942,931.0650939889252,2024-12-01,0,-0.5000000000000004,0.8660254037844384
2024-12-01,0,0.0749719365137487,6,6.744406156584997,18.47608550954077,0.149905102864259,24.148460125097653,74.13455314551915,1.6243966376997143,930.9804853104616,2024-12-02,0,-0.5000000000000004,0.8660254037844384
2024-12-02,0,7.245953179949124,10,7.442457749145927,24.73642404549387,6.830453778465369,23.537871670917934,81.69504984945908,1.36869289732693,928.215134694859,2024-12-03,1,-0.5000000000000004,0.8660254037844384
2024-12-03,1,22.375879545767884,65,29.696804662230736,47.07987720340423,15.864100118140954,21.39690061549477,94.65628260027168,1.2869075485745012,928.7509517047428,2024-12-04,0,-0.5000000000000004,0.8660254037844384
2024-12-04,0,4.041599874426825,12,33.663432600143814,51.12147707783105,2.919004069421261,19.763263091283783,85.54049674864406,2.007860651669511,931.988170782146,2024-12-05,1,-0.5000000000000004,0.8660254037844384
2024-12-05,1,19.360856073960626,19,45.778335494155314,59.76869483068944,1.2732796940719204,21.07861728017135,84.44101137739672,1.2300554396957892,931.7137775468047,2024-12-06,0,-0.5000000000000004,0.8660254037844384
2024-12-06,0,7.086658089945604,14,30.489114038333035,60.307451333246846,0.8185622838047218,24.49701854639413,78.38980183367356,1.368039411540456,930.8850657715795,2024-12-07,0,-0.5000000000000004,0.8660254037844384
2024-12-07,0,1.3635860072714336,7,27.811100171177642,61.5495047078352,3.3353111617790114,25.28233591767073,72.5987739624339,1.4300438171237264,930.04886492565,2024-12-08,0,-0.5000000000000004,0.8660254037844384
2024-12-08,0,0.20879903397917096,7,8.659043131196187,61.683331805300625,7.290954686413441,22.168228490803244,85.4798690453683,1.189173442406906,931.9793392425228,2024-12-09,0,-0.5000000000000004,0.8660254037844384
2024-12-09,0,3.1742859316132357,8,4.746670972863819,57.61166455696473,5.525389384733593,21.56659949418299,87.9524429416381,0.9087049779155558,931.7470051034576,2024-12-10,1,-0.5000000000000004,0.8660254037844384
2024-12-10,1,10.426129614195165,48,13.80921457978755,45.661914625392015,9.068355883779851,21.51797842423573,88.49778131731432,1.6136726381950188,929.6971460414928,2024-12-11,0,-0.5000000000000004,0.8660254037844384
2024-12-11,0,2.7916222558435133,11,16.39203780165189,44.41193700680871,0.8054935725442449,20.30650254370098,79.17798798747026,1.969507780276219,931.363593786496,2024-12-12,0,-0.5000000000000004,0.8660254037844384
2024-12-12,0,0.014994387302749742,6,13.232746257341407,25.06607532015083,0.0316839968209191,20.801123711262203,72.7204412008633,1.8624863098264797,932.5010773551496,2024-12-13,0,-0.5000000000000004,0.8660254037844384
2024-12-13,0,0.014994387302749742,6,2.8216110304489916,17.994411617507975,0.2104301989140015,21.5780727582479,75.58027981839471,1.6155065129385884,930.9608565591408,2024-12-14,0,-0.5000000000000004,0.8660254037844384
2024-12-14,0,0.24463893746112494,7,0.2746277120666031,16.875464547697668,3.114108611470673,21.41021832450936,83.91115933601228,1.391725055756843,927.804345790161,2024-12-15,0,-0.5000000000000004,0.8660254037844384
2024-12-15,0,1.4806105340816285,9,1.7402438588454818,18.147276047800123,1.3962343815113654,22.72822729897628,79.91650938744954,1.934502688406542,926.3692486893738,2024-12-16,0,-0.5000000000000004,0.8660254037844384
2024-12-16,0,0.014994387302749742,6,1.7402438588454818,14.987984503489638,1.0429835408148806,23.97501479469253,63.74601971904423,2.352473397320713,929.9856036312634,2024-12-17,0,-0.5000000000000004,0.8660254037844384
2024-12-17,0,0.0,6,1.495604921384357,4.561854889294473,0.0208119699758346,21.616957975206443,69.23191542810751,1.6664928908745975,933.826220196325,2024-12-18,0,-0.5000000000000004,0.8660254037844384
2024-12-18,0,0.0,6,0.014994387302728425,1.7702326334509602,0.2262830314966904,21.79125647586892,71.21291601232909,1.6755179255508093,935.0292383537416,2024-12-19,0,-0.5000000000000004,0.8660254037844384
2024-12-19,0,0.014994387302749742,6,0.014994387302728425,1.77023263345096,1.065787327058929,22.88501970500976,70.80166213472602,1.553381177624275,933.7810050044252,2024-12-20,1,-0.5000000000000004,0.8660254037844384
2024-12-20,1,24.888422732122333,49,24.90341711942506,26.643660978270542,2.4087702825102806,23.190401670781437,79.35825546303802,1.5031575322512971,929.640487462344,2024-12-21,1,-0.5000000000000004,0.8660254037844384
2024-12-21,1,45.567987067591,53,70.47140418701606,71.96700910840042,3.163239337700591,22.028300196865835,88.207945844988,1.2327882005266788,930.7362401060212,2024-12-22,0,-0.5000000000000004,0.8660254037844384
2024-12-22,0,7.370738457845535,12,77.82714825755885,77.85713703216432,1.9248392019464469,22.454286608071477,85.07430049369248,1.1827556715295025,931.8630622503014,2024-12-23,0,-0.5000000000000004,0.8660254037844384
2024-12-23,0,6.725266975475042,32,59.66399250091155,84.5674096203366,5.578698525542424,21.60624963778665,86.67120186479099,1.7066597439402336,932.4244761370996,2024-12-24,0,-0.5000000000000004,0.8660254037844384
2024-12-24,0,0.16157821896365193,5,14.257583652284207,84.72898783930026,0.8406350255994656,21.847229761971963,78.23940514561207,1.7951105239036391,932.5850742378676,2024-12-25,1,-0.5000000000000004,0.8660254037844384
2024-12-25,1,29.92408082659925,14,36.81092602103792,114.65306866589951,2.62757559313869,23.354255929915915,76.64235862991443,1.4066555436027528,929.9919912474325,2024-12-26,1,-0.5000000000000004,0.8660254037844384
2024-12-26,1,27.247929630394882,63,57.33358867595776,141.88600390899165,17.717026413935173,21.454726596510135,93.17379703860378,1.079011998217499,928.7355647771968,2024-12-27,1,-0.5000000000000004,0.8660254037844384
2024-12-27,1,35.02654240397237,62,92.19855286096649,152.0241235808417,10.843373337706016,21.874708373679397,91.44506633904656,1.0450526673670018,929.8295918161588,2024-12-28,0,-0.5000000000000004,0.8660254037844384
2024-12-28,0,9.704717116019925,15,71.97918915038716,116.1608536292706,1.3259021455901667,23.396042112523592,83.20195778791569,1.0685753730881236,931.5355923850334,2024-12-29,0,-0.5000000000000004,0.8660254037844384
2024-12-29,0,5.184537796050619,12,49.91579731604289,113.97465296747569,7.744389850955064,22.54607815064041,80.4288976871844,1.5429481019659586,931.8885546001871,2024-12-30,0,-0.5000000000000004,0.8660254037844384
2024-12-30,0,5.639061174881122,11,20.528316086951644,112.88844716688178,1.7207106240684311,21.4448977608592,81.0811307046583,1.4698473322936862,931.8756029347376,2024-12-31,1,-0.5000000000000004,0.8660254037844384
2024-12-31,1,8.12275153443027,13,18.94635050536199,120.8496204823484,0.7881013388069851,22.33879296383889,76.31049390709215,1.42455267161627,931.7291883537146,2025-01-01,0,0.0,1.0
2025-01-01,0,1.438870254017555,12,15.200682963328925,92.36440990976669,2.085991639855121,22.58062668469026,77.07994110455274,1.193670532301556,931.5929856487352,2025-01-02,1,0.0,1.0
2025-01-02,1,10.00685309901692,15,19.568474887464724,75.12333337838874,1.858596554798344,22.97364781469282,75.9939077705485,1.4885352359764237,930.494119537932,2025-01-03,1,0.0,1.0
2025-01-03,1,8.467781091562852,25,19.913504444597308,48.56457206597921,2.0453260853374147,22.79734939629856,81.2392381572072,1.4012481128138916,928.787471145916,2025-01-04,1,0.0,1.0
2025-01-04,1,1.4694984980465735,11,19.944132688626325,40.32935344800586,0.4732885356467987,23.139873824036425,79.10198013272718,1.3034655119639984,928.3592768193756,2025-01-05,1,0.0,1.0
2025-01-05,1,4.794067710834225,17,14.73134730044363,39.93888336278947,2.4901941432572423,22.891759689599485,76.62639001923385,1.624651091279878,929.2149928116196,2025-01-06,0,0.0,1.0
2025-01-06,0,0.27386332267562313,12,6.537429531556401,34.57368551058397,1.9059426270971096,23.278615326462518,74.00851787025016,1.620552641450059,929.5431108797502,2025-01-07,1,0.0,1.0
2025-01-07,1,5.925138590871781,28,10.993069624381608,32.37607256702548,4.649212009051855,22.55448487064263,78.29023278715424,1.5394178862162051,929.6453949095408,2025-01-08,1,0.0,1.0
2025-01-08,1,6.184490630493218,17,12.383492544040601,37.121692943501145,5.457362907723767,22.344808078500574,76.75033592265274,1.6571804763570068,930.7235930110764,2025-01-09,0,0.0,1.0
2025-01-09,0,0.13562642849786927,11,12.245255649862846,27.25046627298209,5.204745636031015,21.671870388538025,78.28044415943316,1.9586455163938048,930.2502840555958,2025-01-10,0,0.0,1.0
2025-01-10,0,0.2141959276128901,12,6.534312986603956,18.99688110903213,0.0740437640851779,21.364787271590124,74.61933225511157,1.712285506084528,930.7629055381958,2025-01-11,0,0.0,1.0
2025-01-11,0,0.04217881742091041,10,0.3920011735316485,17.56956142840647,0.3348037135194063,21.21271671349772,72.96887404033036,1.4936549913514383,930.4344387647774,2025-01-12,0,0.0,1.0
2025-01-12,0,0.05253411916406993,10,0.30890886419784913,12.828027836736311,1.1584045471644888,21.08594318373194,77.66613763581066,1.9332432709909724,930.8515722441588,2025-01-13,0,0.0,1.0
2025-01-13,0,0.047965078242982094,11,0.14267801482794112,12.602129592303672,0.1850653921841097,20.33298798347744,74.08627356233494,2.0495492897346086,930.9742216296088,2025-01-14,0,0.0,1.0
2025-01-14,0,0.023334267586449773,10,0.12383346499348048,6.7003252690183395,0.229038000844742,20.27606256898924,75.9160610517467,1.7572393006788396,929.6595178706292,2025-01-15,0,0.0,1.0
2025-01-15,0,0.11641116058800856,11,0.1877105064174191,0.6322457991131304,0.3125400727703352,21.98693536900833,75.57598583440092,2.2201703785650198,931.1764762509118,2025-01-16,1,0.0,1.0
2025-01-16,1,19.477202871903817,33,19.616948300078253,19.973822242519077,1.6283069526068017,22.89178242351137,81.20685100790652,1.7323103623980012,932.4071978445922,2025-01-17,1,0.0,1.0
2025-01-17,1,21.600197784054014,62,41.19381181654582,41.3598240989602,10.36765169334155,23.4197944425688,83.41806104159693,1.4506573674461534,932.388774429784,2025-01-18,1,0.0,1.0
2025-01-18,1,2.2398663960215486,13,43.31726705197936,43.55751167756084,2.753483121064563,24.288937808100293,80.35037005851592,1.258978180116071,932.336524181814,2025-01-19,1,0.0,1.0
2025-01-19,1,1.3358177673508957,14,25.175881947426436,44.84079532574767,1.483824494430595,25.30485602177807,77.3540787087086,1.1262821142468713,930.9063115361128,2025-01-20,0,0.0,1.0
2025-01-20,0,0.13354803790558867,11,3.7092322012780117,44.92637828541027,0.2002796063726179,25.27854442217977,73.67184955641393,1.5365911658083429,929.8910776506392,2025-01-21,0,0.0,1.0
2025-01-21,0,0.7447085731115956,11,2.2140743783680588,45.64775259093541,1.575884860410274,25.435624875103095,72.30163598870051,1.4091000239182545,930.7502751826562,2025-01-22,1,0.0,1.0
2025-01-22,1,4.631077276217924,20,5.509333887235087,50.16241870656533,2.3910203894372315,25.12629124272113,73.87121770343575,0.9553225385258868,933.573448702452,2025-01-23,1,0.0,1.0
2025-01-23,1,5.0911342651280345,14,10.466920114457533,35.77635009978955,0.6016487475421983,24.233500050470035,75.33370890814562,1.7263127716224584,934.5769074702148,2025-01-24,1,0.0,1.0
2025-01-24,1,31.311221314273645,39,41.03343285561958,45.48737363000919,0.4252228800115981,23.97855624063175,78.85602064545388,1.067313832404184,933.8804919263388,2025-01-25,1,0.0,1.0
2025-01-25,1,10.93320041971535,22,47.33555599911701,54.18070765370299,2.6819733770489544,24.504718289676934,78.4004777355157,1.2334093331313805,932.505353465911,2025-01-26,1,0.0,1.0
2025-01-26,1,24.194098309518797,57,66.43852004350776,77.03898819587089,6.353296920640446,23.30616972867645,82.7030962171486,1.0805141147530275,932.0741977762592,2025-01-27,1,0.0,1.0
2025-01-27,1,9.7461646389938,38,44.87346336822792,86.6516047969591,1.501215475886973,22.27947926914113,86.46427727811752,0.9104061428250614,932.1179071469364,2025-01-28,1,0.0,1.0
2025-01-28,1,7.917105130559759,33,41.85736807907233,93.82400135440727,3.194921665531745,22.7035928366428,84.48620834711586,0.8742403692538863,931.5103045532834,2025-01-29,1,0.0,1.0
2025-01-29,1,20.89710125443704,60,38.56037102399058,110.09002533262637,4.629367775593338,22.48503177822754,89.61060528333935,0.8448433964947137,930.818446591634,2025-01-30,1,0.0,1.0
2025-01-30,1,18.317630411450185,59,47.13183679644696,123.31652147894852,6.372108946188998,22.234820561802486,89.5530875811512,0.8114149261382134,929.746481478473,2025-01-31,1,0.0,1.0
2025-01-31,1,15.865024590316368,41,55.07975625620357,107.87032475499124,6.759685414935557,22.46825698780765,88.17823275769275,1.0405496359508857,928.8229907502034,2025-02-01,1,0.49999999999999994,0.8660254037844387
2025-02-01,1,48.65579636466933,68,82.83845136643586,145.59292069994524,11.026151342316297,21.84666399752273,89.92868824800172,1.0556704268596058,928.4087839482136,2025-02-02,1,0.49999999999999994,0.8660254037844387
2025-02-02,1,21.565184718106835,64,86.08600567309252,142.96400710853325,5.521006407891811,22.558287325091435,88.02757237534713,1.0841473349519115,928.5572247494408,2025-02-03,1,0.49999999999999994,0.8660254037844387
2025-02-03,1,25.40198794543488,67,95.62296902821102,158.61983041497433,4.6234975904474895,22.17273503353788,88.19716257563147,1.4132298919606212,930.4903430433124,2025-02-04,1,0.49999999999999994,0.8660254037844387
2025-02-04,1,11.542734350901206,43,58.5099070144429,162.2454596353158,6.097279409954564,22.62413758637871,85.65024932923913,1.2960049230843371,931.8918612487342,2025-02-05,0,0.49999999999999994,0.8660254037844387
2025-02-05,0,10.728493287235061,24,47.67321558357112,152.07685166811382,1.3309115799904117,23.42171775077872,82.27018768767971,0.9981131537768344,932.2174628804212,2025-02-06,1,0.49999999999999994,0.8660254037844387
2025-02-06,1,12.777535922735183,21,35.04876356087143,146.53675717939882,0.3581779997988827,24.297578779952257,76.27215084184257,0.8526793328624485,932.869995355535,2025-02-07,0,0.49999999999999994,0.8660254037844387
2025-02-07,0,9.196282316407013,20,32.70231152637724,139.86801490548947,1.0883568318822685,23.86980543634644,76.82113596641945,0.8539063071087756,933.0038439897512,2025-02-08,0,0.49999999999999994,0.8660254037844387
2025-02-08,0,1.820232237479498,14,23.79405047662167,93.03245077829962,7.906342715693446,23.630902561754336,77.76297729977115,1.1534205835247626,934.2066421484628,2025-02-09,0,0.49999999999999994,0.8660254037844387
2025-02-09,0,0.4712440788846225,13,11.487758632771111,71.93851013907741,0.4248941619687098,23.8404214261596,73.22976082757285,0.9326371173854876,934.9417438782664,2025-02-10,1,0.49999999999999994,0.8660254037844387
2025-02-10,1,12.88646894021262,23,15.177945256576718,59.42299113385515,0.6397768097219521,23.57756051723492,77.13573021931418,0.933305613811694,933.6731539149824,2025-02-11,0,0.49999999999999994,0.8660254037844387
2025-02-11,0,3.114712871908268,15,16.47242589100549,50.99496965486222,0.1909935726803417,24.632611072103543,73.00902386761338,0.9357361810368204,932.1363465763131,2025-02-12,0,0.49999999999999994,0.8660254037844387
2025-02-12,0,3.0168510628734264,14,19.01803287499429,43.28332743050058,0.0,25.038929376015457,71.76153830093064,0.8535024530143488,931.9729934559216,2025-02-13,1,0.49999999999999994,0.8660254037844387
2025-02-13,1,8.853654333980026,40,14.9852182687617,39.359445841745426,6.024093637821149,23.644833833295287,78.3760084884393,0.7964852086890682,933.1926721597082,2025-02-14,1,0.49999999999999994,0.8660254037844387
2025-02-14,1,18.690414378627388,36,30.56091977548082,48.8535779039658,6.394074487581543,23.18084694303605,82.66991201499019,0.7317191668269696,932.3982839492958,2025-02-15,0,0.49999999999999994,0.8660254037844387
2025-02-15,0,8.09592914902504,18,35.63999786163244,55.12927481551134,2.430749254993024,24.21101856305977,78.64977246986633,0.7818013592130388,931.4033553481378,2025-02-16,0,0.49999999999999994,0.8660254037844387
2025-02-16,0,0.18884532535207332,12,26.97518885300448,54.84687606197879,0.1897252992184665,26.198955166957575,72.22960209246712,0.9271428767265304,931.81591204543,2025-02-17,0,0.49999999999999994,0.8660254037844387
2025-02-17,0,0.25630155859299375,13,8.541076032970086,42.21670868035916,0.0,26.499445181246717,63.823249577260576,0.7891349015391594,932.0692533518888,2025-02-18,1,0.49999999999999994,0.8660254037844387
2025-02-18,1,25.614316695795644,24,26.05946357974069,64.71631250424653,3.782767169439469,25.111172610812822,72.19146376125629,0.9821577951932784,932.0062980875668,2025-02-19,0,0.49999999999999994,0.8660254037844387
2025-02-19,0,16.176917738367575,45,42.047535992756195,77.8763791797407,8.95454164700379,24.56135779330948,75.88857629098757,1.0365185407937276,932.6421935646612,2025-02-20,0,0.49999999999999994,0.8660254037844387
2025-02-20,0,1.3673684040882548,15,43.158602838251454,70.39009324984892,2.6913319217092653,24.96311686554137,77.29715819319016,0.8770700363255445,933.6160731271927,2025-02-21,0,0.49999999999999994,0.8660254037844387
2025-02-21,0,0.06909294073999579,12,17.613379083195802,51.76877181196153,3.008601535581701,24.52211640691864,79.99395849075849,0.8773645368440531,935.3062014747233,2025-02-22,0,0.49999999999999994,0.8660254037844387
2025-02-22,0,0.09986457854773104,13,1.5363259233759603,43.77270724148422,0.8795479669815853,24.21151900593962,79.07181335181176,1.1856825981428654,935.315437636082,2025-02-23,0,0.49999999999999994,0.8660254037844387
2025-02-23,0,0.6090030778392045,14,0.77796059712691,44.19286499397135,1.460316232957798,23.813346128034134,76.67939543242555,1.0800732567731623,934.5548276821928,2025-02-24,0,0.49999999999999994,0.8660254037844387
2025-02-24,0,0.22337833274068766,14,0.9322459891276018,44.15994176811904,0.0408721689353521,24.602375408112486,72.79877404128167,1.122785602511948,934.352291365707,2025-02-25,0,0.49999999999999994,0.8660254037844387
2025-02-25,0,2.050992098198893,15,2.8833735087787637,20.596617170522293,4.277013416895078,24.528164818129383,73.0054111647155,1.098405671574736,935.435066529122,2025-02-26,1,0.49999999999999994,0.8660254037844387
2025-02-26,1,3.160063993852616,14,5.434434424792175,7.579763426007332,0.2576614399505844,24.98424964435591,71.72553608023075,1.0066213171291196,935.2211321790726,2025-02-27,1,0.49999999999999994,0.8660254037844387
2025-02-27,1,4.107609105322721,19,9.318665197374209,10.320004127241798,0.9843831040884724,24.650568537500785,72.26366307954689,0.9465050141325072,934.0452186821692,2025-02-28,0,0.49999999999999994,0.8660254037844387
2025-02-28,0,2.175257937588251,13,9.442931036763566,12.426169124090054,1.312510248554927,24.536796790113588,73.96006990958055,1.050599749654055,934.4572130159844,2025-03-01,0,0.8660254037844386,0.5000000000000001
2025-03-01,0,0.0,13,6.282867042910951,12.326304545542323,0.0224110916626912,24.96821283416932,71.7612819170044,1.1538584844205404,935.1962142108964,2025-03-02,0,0.8660254037844386,0.5000000000000001
2025-03-02,0,0.0,9,2.1752579375882295,11.717301467703118,0.1191832289269566,25.21646428079661,70.54052756948163,1.0765636957279503,935.2477106879828,2025-03-03,0,0.8660254037844386,0.5000000000000001
2025-03-03,0,0.0,10,0.0,11.493923134962431,1.7613598771400585,24.57792468557897,71.74792315785345,1.0392399834583184,935.50255658376,2025-03-04,0,0.8660254037844386,0.5000000000000001
2025-03-04,0,0.0,11,0.0,9.442931036763538,0.0300982993525148,24.513137988017604,69.07430777514676,1.438130248200637,935.0604785510232,2025-03-05,0,0.8660254037844386,0.5000000000000001
2025-03-05,0,0.018248662283638764,10,0.018248662283617448,6.301115705194561,0.0198604148207473,24.09299395645957,72.15309739547627,1.1725936262362555,935.5052447754364,2025-03-06,0,0.8660254037844386,0.5000000000000001
2025-03-06,0,0.0,11,0.018248662283617448,2.19350659987184,0.0064839415776019,24.057311345507376,68.91239922349541,1.4017442450405413,937.1175986241874,2025-03-07,0,0.8660254037844386,0.5000000000000001
2025-03-07,0,0.0,11,0.018248662283617448,0.018248662283589026,0.5657464999612607,24.08717040505366,68.48429231460666,1.4320902189549236,937.6162310914924,2025-03-08,0,0.8660254037844386,0.5000000000000001
2025-03-08,0,0.0,12,0.0,0.018248662283589026,0.0,24.114884202241303,71.75191083469318,0.971523632009688,935.6798427912356,2025-03-09,0,0.8660254037844386,0.5000000000000001
2025-03-09,0,0.0,11,0.0,0.018248662283589026,0.0422420223157597,24.418747308360256,69.12730138556843,0.8945287602685215,932.668319934178,2025-03-10,0,0.8660254037844386,0.5000000000000001
2025-03-10,0,0.23265737376359788,14,0.23265737376357656,0.2509060360471869,3.329894558331656,23.376771125560637,75.17921382022298,1.1792798851509263,932.761694622584,2025-03-11,1,0.8660254037844386,0.5000000000000001
2025-03-11,1,10.958171146755058,59,11.190828520518634,11.209077182802245,3.8225547421740966,22.66126156905945,80.24688342475655,0.8117767458524778,934.4391607656054,2025-03-12,1,0.8660254037844386,0.5000000000000001
2025-03-12,1,14.947804875179086,65,26.13863339569772,26.138633395697692,2.50364470882081,23.53491964179517,79.2451900486767,0.8160357834168309,934.9313679232332,2025-03-13,0,0.8660254037844386,0.5000000000000001
2025-03-13,0,10.026086179146592,59,35.93206220108071,36.164719574844284,3.7719665592214007,23.295831597403662,83.17785269251577,0.7466492839777047,933.3395339359604,2025-03-14,0,0.8660254037844386,0.5000000000000001
2025-03-14,0,1.4524580587804403,16,26.4263491131061,37.61717763362473,1.4752413441681829,23.214834904899643,81.86698839772069,0.8430530323876761,932.2831292961548,2025-03-15,0,0.8660254037844386,0.5000000000000001
2025-03-15,0,1.254853695130659,12,12.73339793305767,38.872031328755384,2.118758980968175,23.69565783558404,78.04561119566323,0.9103364884961848,933.1571924564016,2025-03-16,0,0.8660254037844386,0.5000000000000001
2025-03-16,0,0.7212728205528632,11,3.428584574463941,39.593304149308246,6.704685380171744,21.95822130475293,84.14109822222072,1.053050669034018,935.3428409572618,2025-03-17,0,0.8660254037844386,0.5000000000000001
2025-03-17,0,0.25082887641265295,10,2.226955392096154,39.611475651957306,0.6915779905154035,22.54092714170043,80.31965225425526,0.8303657436882819,935.9890243497726,2025-03-18,1,0.8660254037844386,0.5000000000000001
2025-03-18,1,19.574806970645433,59,20.54690866761093,48.228111475847676,4.214091691552777,22.91976862400753,80.00571008241667,0.9510016137416032,933.534744034642,2025-03-19,0,0.8660254037844386,0.5000000000000001
2025-03-19,0,16.271715672911256,49,36.09735151996932,49.55202227357985,3.629206978479648,21.33930960250246,83.9933815149589,1.028436867255195,933.3192625196212,2025-03-20,0,0.8660254037844386,0.5000000000000001
2025-03-20,0,5.065203088831715,31,40.91172573238838,44.59113918326497,0.9681549168424944,21.130965604198547,76.05556533283178,1.2155579460183672,935.6078159072996,2025-03-21,0,0.8660254037844386,0.5000000000000001
2025-03-21,0,0.9951481216194028,14,22.33206688336235,44.13382924610393,0.0457043756807557,21.699177838768467,72.95680187352305,1.013664542612356,936.1804994245445,2025-03-22,0,0.8660254037844386,0.5000000000000001
2025-03-22,0,0.8093049335031424,13,6.869656143954239,43.688280484476415,0.2025861120933707,23.149665209894447,72.12254007478651,0.9975457207762244,935.0158959180042,2025-03-23,1,0.8660254037844386,0.5000000000000001
2025-03-23,1,17.526654698105343,62,19.33110775322787,60.4936623620289,5.2730526487835405,21.84777212820028,83.00934419618027,0.8720729488525342,933.6488288551672,2025-03-24,0,0.8660254037844386,0.5000000000000001
2025-03-24,0,8.185969989489656,26,26.52192962109812,68.4288034751059,0.5498156632172205,22.426300300002445,80.8818217091555,0.7132596598780945,932.2681407905274,2025-03-25,0,0.8660254037844386,0.5000000000000001
2025-03-25,0,0.7689073527178358,12,26.481532040312814,49.6229038571783,0.3485256354904409,23.37318378604707,78.96907987896577,0.8384320878343954,933.0175928244612,2025-03-26,0,0.8660254037844386,0.5000000000000001
2025-03-26,0,0.7703104357857039,11,9.725187777993176,34.12149862005275,4.840634473472895,22.254640513993596,80.78662763563067,0.8572306919146572,934.1311843051516,2025-03-27,0,0.8660254037844386,0.5000000000000001
2025-03-27,0,0.6328279429774325,10,2.172045731480951,29.689123474198464,0.2093634598887135,22.91992105610214,75.54539272226496,0.8085815861481328,933.7071094797524,2025-03-28,1,0.8660254037844386,0.5000000000000001
2025-03-28,1,8.743620027125221,53,10.146758405888336,37.437595379704284,3.97540686134342,23.524377903219104,74.60040265931175,1.0099058260616545,932.686599785419,2025-03-29,0,0.8660254037844386,0.5000000000000001
2025-03-29,0,1.2152697034872657,16,10.591717673589898,37.84356014968841,0.3579962803762688,23.48830877368749,77.4467233160574,0.8685804275442023,932.030111312516,2025-03-30,0,0.8660254037844386,0.5000000000000001
2025-03-30,0,0.9683708894971327,11,10.927260620109598,21.2852763410802,0.3579961908368452,23.15594914477768,77.35419024478752,0.8968082294218861,932.079727417669,2025-03-31,1,0.8660254037844386,0.5000000000000001
2025-03-31,1,16.460139758455096,63,18.643780351439474,29.559446110045638,0.4611792237372903,22.34377497691008,83.2027856320104,0.7126985577386332,933.716786583645,2025-04-01,1,1.0,6.123233995736766e-17
2025-04-01,1,7.101990159767203,28,24.530500807719406,35.89252891709501,0.6512127342559356,23.420931009320043,80.37280601505464,0.6526972099560087,934.5337559673382,2025-04-02,0,1.0,6.123233995736766e-17
2025-04-02,0,2.431898525884789,16,25.994028444107062,37.554117007194094,4.458010831694326,24.55488509916602,74.61025577708746,0.8401252036357949,933.3351020182644,2025-04-03,1,1.0,6.123233995736766e-17
2025-04-03,1,10.727929982514478,52,20.261818668166445,47.64921904673113,4.761445431457752,23.567043193880306,84.04891303619097,0.731403997206381,932.8001631313858,2025-04-04,1,1.0,6.123233995736766e-17
2025-04-04,1,9.248003687734766,64,22.40783219613401,48.15360270734068,4.8929346846383925,22.387272661156032,86.92024092293879,0.9712270412386702,934.6389444879436,2025-04-05,0,1.0,6.123233995736766e-17
2025-04-05,0,3.6767383354960956,40,23.652672005745313,50.61507133934951,8.023998326690364,18.28525490692412,85.7217703655784,2.2682636309103623,940.316557846134,2025-04-06,0,1.0,6.123233995736766e-17
2025-04-06,0,1.572495274787491,16,14.497237298018327,51.21919572463987,0.6811229084830686,18.218456561738652,79.28335480501028,1.584117567991043,941.2881220648408,2025-04-07,0,1.0,6.123233995736766e-17
2025-04-07,0,0.31983247852133095,13,5.569066088804893,35.0788884447061,0.596053558725099,19.08617808370019,76.7015199130237,1.2661319706141578,938.2304152627456,2025-04-08,0,1.0,6.123233995736766e-17
2025-04-08,0,0.3130188744707531,11,2.20534662777955,28.28991715940965,0.0249842111553204,20.72075655756324,73.62305385989846,0.771629828949901,936.4154541072598,2025-04-09,0,1.0,6.123233995736766e-17
2025-04-09,0,5.055443012343222,20,5.688294365335281,30.913461645868086,2.044705116562449,22.45831472444293,76.85953524000752,0.9675553823709936,934.33053556008,2025-04-10,1,1.0,6.123233995736766e-17
2025-04-10,1,12.771962622642851,57,18.1404245094568,32.95749428599646,2.2668290241993603,21.11662150737992,87.48452741441547,0.7791580080896598,933.776917157699,2025-04-11,0,1.0,6.123233995736766e-17
2025-04-11,0,4.0681817557039315,17,21.89558739068998,27.777672353965627,1.0969526299628929,20.785381610561053,80.61929428141087,0.8434445431327349,933.8425034241476,2025-04-12,0,1.0,6.123233995736766e-17
2025-04-12,0,2.1401921946845044,12,18.980336573031263,26.241126213154033,0.358746614563712,21.227840242355025,75.85554720156033,0.9495227945096042,934.6217933988032,2025-04-13,1,1.0,6.123233995736766e-17
2025-04-13,1,9.541756150732212,12,15.750130101120623,34.21038708909876,1.0939398615762996,21.647464771858097,77.51731094854723,0.9017607233178986,934.175136369326,2025-04-14,1,1.0,6.123233995736766e-17
2025-04-14,1,34.335328091867424,61,46.01727643728412,68.22588270244485,1.5878733565315342,20.847472998596206,85.15224886669094,0.9788996325671798,934.2311893609476,2025-04-15,0,1.0,6.123233995736766e-17
2025-04-15,0,8.418799416639342,17,52.29588365923895,76.33166324461344,0.8240896080848681,20.26528510937887,79.95161218936335,0.971528004852476,934.0141314709084,2025-04-16,0,1.0,6.123233995736766e-17
2025-04-16,0,1.6693359448257816,16,44.42346345333252,72.945556177096,0.5400146354795291,20.79957647632141,83.56798401581747,0.8649794068613531,933.4698775091588,2025-04-17,0,1.0,6.123233995736766e-17
2025-04-17,0,0.8070921235110318,11,10.895227484976134,60.98068567796418,0.2223573378218815,21.499760649173787,80.34064723401013,0.7474858409511673,934.7349692819917,2025-04-18,1,1.0,6.123233995736766e-17
2025-04-18,1,20.555745816658415,54,23.03217388499521,77.46824973891867,0.0733241580136819,21.96543265216212,80.6022980679197,0.7830855798256249,934.9312199220294,2025-04-19,1,1.0,6.123233995736766e-17
2025-04-19,1,12.210819036264748,49,33.57365697643418,87.53887658049891,3.63146008891674,22.09928476858606,84.20326770185888,0.7863425145424647,933.2052827600492,2025-04-20,1,1.0,6.123233995736766e-17
2025-04-20,1,7.943595013168098,51,40.71015986609124,85.9407154429348,3.019979623664865,20.41396414789778,84.64017415065706,1.2101526664345914,933.5396334343192,2025-04-21,1,1.0,6.123233995736766e-17
2025-04-21,1,1.80615599235452,13,21.96057004178735,53.41154334342188,0.6140897455726694,19.586790485736145,82.22858562703887,1.2103790988880443,933.9661161891876,2025-04-22,0,1.0,6.123233995736766e-17
2025-04-22,0,2.8976172769487767,14,12.647368282471376,47.89036120373132,0.5430732078038857,18.73902721113384,78.94986307788629,1.121059348111393,934.6933914882396,2025-04-23,0,1.0,6.123233995736766e-17
2025-04-23,0,1.8883911124617057,12,6.592164381764984,48.109416371367246,0.0431804578419419,19.613411945238063,79.2849015448553,0.9627846626880234,934.7425737687408,2025-04-24,0,1.0,6.123233995736766e-17
2025-04-24,0,4.913216721055355,37,9.699225110465822,52.21554096891157,4.945190966411079,20.57258168619283,83.73284913831365,0.7640935477289641,932.8974581859648,2025-04-25,1,1.0,6.123233995736766e-17
2025-04-25,1,10.010786940892483,65,16.812394774409526,41.67058209314564,12.694838030410152,19.389779008032185,93.32560897203425,0.6120816291640427,931.4264869292828,2025-04-26,0,1.0,6.123233995736766e-17
2025-04-26,0,3.7045483226196274,20,18.628551984567448,33.16431137950052,1.5129862607623887,20.7411100264012,84.9904606582295,0.6306981704768451,931.994358191032,2025-04-27,0,1.0,6.123233995736766e-17
2025-04-27,0,2.3193646087372857,14,16.03469987224938,27.540080975069703,0.4186474258807455,20.94440286545152,83.88035326277864,0.5544515800239826,932.2177313680392,2025-04-28,0,1.0,6.123233995736766e-17
2025-04-28,0,0.6157077931228513,14,6.639620724479748,26.349632775838035,0.4110140543607905,20.924477851164745,87.11416610662609,0.8006698214034444,931.1495489345234,2025-04-29,0,1.0,6.123233995736766e-17
2025-04-29,0,4.475060042351703,13,7.410132444211824,27.927075541240963,0.3985374842723644,19.279230618163822,81.96876251818064,0.9038257285724454,933.2483154870588,2025-04-30,0,1.0,6.123233995736766e-17
2025-04-30,0,0.37518814388305943,11,5.465955979357597,26.413872572662314,0.0356306857750294,18.171262187429804,75.8199704964428,1.0690892838990913,935.3038401245072,2025-05-01,0,0.8660254037844387,-0.4999999999999998
2025-05-01,0,0.38798686421867185,59,5.238235050453417,21.88864271582563,0.0366978495105793,18.38114492227809,75.93197517973067,1.1194090751174623,937.0839425222472,2025-05-02,0,0.8660254037844387,-0.4999999999999998
2025-05-02,0,0.5407079099318356,57,1.30388291803355,12.418563684864983,0.026187477267542,19.065501125975807,73.96593902425249,0.9838872165131832,937.8015747890672,2025-05-03,0,0.8660254037844387,-0.4999999999999998
2025-05-03,0,0.043321406905982504,57,0.9720161810564731,8.757336769151339,0.0387173476680432,18.797715041392017,76.94644146837895,0.7871064869118043,937.6703696727504,2025-05-04,0,0.8660254037844387,-0.4999999999999998
2025-05-04,0,0.01822544099827791,54,0.6022547578360792,6.456197601412332,0.0172578111604392,19.109837736130817,77.73962387817957,0.8834243784600094,937.7803540860208,2025-05-05,0,0.8660254037844387,-0.4999999999999998
2025-05-05,0,0.007000161650268173,53,0.06854700955451182,5.8474899699397485,0.0227901975829539,19.203858063121277,74.7497641805684,0.8287125852202396,938.3831570735824,2025-05-06,0,0.8660254037844387,-0.4999999999999998
2025-05-06,0,0.01677212781466423,54,0.04199773046319355,1.38920205540271,0.0107738695828373,19.55389064677912,74.58929374692843,0.715692262999382,936.7681279922868,2025-05-07,0,0.8660254037844387,-0.4999999999999998
2025-05-07,0,0.015114904783346948,54,0.03888719424826259,1.0291288163029977,0.0292741391605558,19.853627330363864,76.5897034108618,0.727342513664634,936.40840296837,2025-05-08,0,0.8660254037844387,-0.4999999999999998
2025-05-08,0,0.0013113794181161367,53,0.033198412016110554,0.6424533315024419,0.0267010196679266,21.209266776102048,75.50079083881741,0.7268344539012654,936.061865100865,2025-05-09,0,0.8660254037844387,-0.4999999999999998
2025-05-09,0,0.004549415702554672,53,0.020975699904000993,0.10629483727316083,0.0224110916626912,22.595427062224942,69.90559156367593,1.0429605478269617,934.263743313227,2025-05-10,0,0.8660254037844387,-0.4999999999999998
2025-05-10,0,8.807583632781208,66,8.813444427901862,8.870557063148386,7.078682763780417,21.192122198942904,77.0939064954375,0.9933472802595684,936.2310595531156,2025-05-11,0,0.8660254037844387,-0.4999999999999998
2025-05-11,0,4.925304269492969,65,13.737437317976715,13.777635891643078,1.4101213309076222,17.420901884192943,87.79098909613316,1.4864905798636938,940.5811073568314,2025-05-12,0,0.8660254037844387,-0.4999999999999998
2025-05-12,0,0.23720168746081777,57,13.970089589734979,14.007837417453626,0.1267363011563344,18.1611465138998,78.67074690769348,1.5297160216444712,941.6457808942332,2025-05-13,0,0.8660254037844387,-0.4999999999999998
2025-05-13,0,0.04020523476288821,55,5.202711191716659,14.031270524401851,0.5908471255720551,19.21217964312852,77.55678038828609,1.1187651342001188,940.5578773874424,2025-05-14,0,0.8660254037844387,-0.4999999999999998
2025-05-14,0,0.14925546169356174,54,0.42666238391725175,14.165411081312065,0.1657435424550111,18.243691704290278,75.25550413243423,1.1821028700599934,940.3083560437778,2025-05-15,0,0.8660254037844387,-0.4999999999999998
2025-05-15,0,0.0037518397824227176,53,0.19321253623885667,14.167851541676372,0.0798928188997357,17.808723945140287,75.57367459665042,1.0147575227456809,940.4528515562292,2025-05-16,0,0.8660254037844387,-0.4999999999999998
2025-05-16,0,0.001381649400658745,52,0.1543889508766272,14.164683775374476,0.0593198253677289,18.759634676026,74.74068010015172,0.6754969501761893,940.2958566979626,2025-05-17,0,0.8660254037844387,-0.4999999999999998
2025-05-17,0,0.0,53,0.005133489183065476,5.357100142593269,0.0679914868285991,19.043640772963915,77.65057714776519,0.6699164967996095,939.0141837767912,2025-05-18,0,0.8660254037844387,-0.4999999999999998
2025-05-18,0,0.005846271905536513,54,0.007227921306179271,0.4376421450058359,0.0509495197561565,19.571737031770372,74.95891375810737,0.7760788986869493,938.0241073063464,2025-05-19,0,0.8660254037844387,-0.4999999999999998
2025-05-19,0,0.020271862187481372,53,0.0261181340930019,0.22071231973249955,0.0064839415776019,20.146352818702177,71.7156333973322,0.7051563208491319,937.7710685840138,2025-05-20,0,0.8660254037844387,-0.4999999999999998
2025-05-20,0,0.013955768771816176,52,0.04007390286481807,0.19446285374142752,0.0509495197561565,19.79667730207953,73.29028147985807,0.8186135482185929,937.7596226132356,2025-05-21,0,0.8660254037844387,-0.4999999999999998
2025-05-21,0,0.06433283764922137,52,0.09856046860850293,0.10954022969708715,0.0294486545754585,19.932540855556734,77.08967897976726,0.9208550576225688,937.4090790099684,2025-05-22,1,0.8660254037844387,-0.4999999999999998
2025-05-22,1,8.876006155121043,64,8.954294761542066,8.981794545035708,4.195313283068642,19.795797617118104,81.87170771996668,1.107253802880722,937.6404125306036,2025-05-23,0,0.8660254037844387,-0.4999999999999998
2025-05-23,0,1.061281308456196,62,10.001620301226446,10.041694204091247,4.721908652853226,18.57648498525864,85.71726005149903,1.454257635673121,939.1142869509772,2025-05-24,0,0.8660254037844387,-0.4999999999999998
2025-05-24,0,0.14809670490381716,48,10.08538416848104,10.189790908995063,1.8102898465694075,18.765825710166453,79.83260113587006,1.7512020988033472,940.2154978586352,2025-05-25,0,0.8660254037844387,-0.4999999999999998
2025-05-25,0,0.08563023542922062,54,1.2950082487892178,10.269574872518746,0.0331849612455286,18.903230804623657,74.87992092414426,1.2993471860801966,939.7417329540064,2025-05-26,0,0.8660254037844387,-0.4999999999999998
2025-05-26,0,0.052275852118478204,52,0.2860027924515,10.301578862449745,0.0399598060853224,19.16223275287636,76.56069301006809,1.1209265361211866,938.4469620415504,2025-05-27,0,0.8660254037844387,-0.4999999999999998
2025-05-27,0,0.0070952080305979525,51,0.1450012955782808,10.294718301708524,0.0331849612455286,19.209957980405232,75.39305702536272,1.540593530010493,937.2300943333756,2025-05-28,0,0.8660254037844387,-0.4999999999999998
2025-05-28,0,0.14373321846391107,55,0.20310427861297126,10.374118682523214,0.064631025691038,20.05050320648797,71.51499623144926,2.268732217484388,935.3532678073065,2025-05-29,0,0.8660254037844387,-0.4999999999999998
2025-05-29,0,0.84151292414265,61,0.992341350637143,2.3396254515448214,0.3292075701767726,15.794410912057804,73.6278000500644,2.1716877674318185,937.38155601598,2025-05-30,0,0.8660254037844387,-0.4999999999999998
2025-05-30,0,0.07121669034643895,52,1.056462832952984,1.3495608334350642,0.030255178483322,13.000923102820554,75.10787169934567,0.961768920362648,939.3928277414972,2025-05-31,0,0.8660254037844387,-0.4999999999999998
2025-05-31,0,0.004750178360881646,50,0.9174797928499546,1.2062143068921287,0.0445558078321031,16.017369064050378,75.3060587347007,0.966476073281615,938.7834853846346,2025-06-01,1,0.49999999999999994,-0.8660254037844387
2025-06-01,1,0.019072198554494206,15,0.09503906726179881,1.1396562700174024,0.0292741391605558,17.126132635471777,77.15835077697557,1.109853079722556,939.933542771536,2025-06-02,0,0.49999999999999994,-0.8660254037844387
2025-06-02,0,0.28575859023550554,16,0.3095809671508654,1.3731390081344297,0.0437766829736912,18.374407375487483,77.92459363695137,1.44967382914335,941.43990330999,2025-06-03,0,0.49999999999999994,-0.8660254037844387
2025-06-03,0,2.1261423866459483,48,2.4309731754359323,3.4921861867497803,2.876123581076364,17.714339464246205,85.3481881693883,1.213233452250843,939.3688706579944,2025-06-04,0,0.49999999999999994,-0.8660254037844387
2025-06-04,0,0.021434598398619355,14,2.4333355752800574,3.369887566684488,0.6470142498317124,18.93686377866225,78.27712232678772,1.042620363628046,936.8416259651046,2025-06-05,1,0.49999999999999994,-0.8660254037844387
2025-06-05,1,12.051952031891942,64,14.199529016936493,14.58032667443378,7.65722246093321,18.86604545959176,84.84261050212878,1.3271207608603182,935.232624809274,2025-06-06,0,0.49999999999999994,-0.8660254037844387
2025-06-06,0,2.144175554508256,41,14.217562184798801,16.653285538595597,2.162146045061221,17.90051591339174,89.60120649361855,1.0239404152774536,937.164936296203,2025-06-07,0,0.49999999999999994,-0.8660254037844387
2025-06-07,0,1.4578160864201384,37,15.65394367282032,18.106351446654855,1.1732519889784412,18.232242039116507,87.30534775747972,0.9837831985191516,936.6900562610684,2025-06-08,0,0.49999999999999994,-0.8660254037844387
2025-06-08,0,1.6459995048951792,54,5.2479911458235575,19.73327875299554,4.11293081185355,17.748477422242644,89.8281056237045,0.9990270627901334,934.1742816992733,2025-06-09,1,0.49999999999999994,-0.8660254037844387
2025-06-09,1,10.086652532752758,65,13.19046812406806,29.53417269551279,3.629826569806429,16.629570146978093,90.96424566734098,1.0740950053391165,934.767132292242,2025-06-10,0,0.49999999999999994,-0.8660254037844387
2025-06-10,0,0.7008498776085633,23,12.433501915256485,28.108880186475407,0.9585287800592736,15.675231482047018,86.1507111734968,1.2293019728761148,937.267185497752,2025-06-11,0,0.49999999999999994,-0.8660254037844387
2025-06-11,0,1.5378611901359993,55,12.325363600497305,29.62530677821279,0.4563217506973427,13.651375593500855,82.27543599899873,1.5699036032211238,939.321936191556,2025-06-12,0,0.49999999999999994,-0.8660254037844387
2025-06-12,0,1.5581843969581197,46,3.7968954647026667,19.131539143278964,0.5118180922151476,12.451097506802022,79.94717383254422,2.4405138957905246,940.6978905805712,2025-06-13,0,0.49999999999999994,-0.8660254037844387
2025-06-13,0,0.25220586086333585,18,3.348251447957439,17.239569449634043,0.1160386789850879,13.965507410862305,73.19226822647235,1.9901453049669704,941.1371894413188,2025-06-14,0,0.49999999999999994,-0.8660254037844387
2025-06-14,0,0.41779762021870015,16,2.22818787804014,16.199550983432605,0.02510189798107,14.309923564346736,75.42655538381074,2.0138213307256616,941.1868406354364,2025-06-15,0,0.49999999999999994,-0.8660254037844387
2025-06-15,0,0.2695547505423667,16,0.9395582316243867,14.823106229079794,0.6292567183201174,14.53273586176863,77.79401983307721,1.944968379701792,939.137380285224,2025-06-16,0,0.49999999999999994,-0.8660254037844387
2025-06-16,0,0.04861531862491745,14,0.7359676893859683,4.785069014951953,0.033636509982788,16.69068462996669,77.25676127481535,1.0640247164427654,940.7302889660332,2025-06-17,0,0.49999999999999994,-0.8660254037844387
2025-06-17,0,0.0865534799710746,15,0.40472354913834274,4.170772617314464,0.0394163972696863,17.199852985523734,74.24260647767659,1.2802809603907128,940.641027471046,2025-06-18,0,0.49999999999999994,-0.8660254037844387
2025-06-18,0,0.024268093489179417,14,0.15943689208515546,2.6571795206676443,0.0520465031777216,16.90341735264426,71.40029169995154,1.3310042483811737,940.1259434015448,2025-06-19,0,0.49999999999999994,-0.8660254037844387
2025-06-19,0,0.015211144522234798,14,0.12603271798247281,1.1142062682317593,0.0120163280001165,17.56480518937522,71.3027815149145,1.0223008000129623,939.5252219548285,2025-06-20,0,0.49999999999999994,-0.8660254037844387
2025-06-20,0,0.041257211664665394,14,0.08073644967606362,0.9032576190330888,0.0280316807432766,18.614901984696893,71.24115671354217,1.1539204661646485,937.4963388474356,2025-06-21,0,0.49999999999999994,-0.8660254037844387
2025-06-21,0,0.019240825790196092,14,0.07570918197708029,0.5047008246045848,0.0,18.243149850504103,74.9061253086033,0.97336555747361,934.149747751712,2025-06-22,0,0.49999999999999994,-0.8660254037844387
2025-06-22,0,0.37344644739257077,22,0.43394448484741627,0.6085925214547887,2.114048783400707,18.1573670467396,81.94156430849154,0.9351257263497312,933.0963125484068,2025-06-23,1,0.49999999999999994,-0.8660254037844387
2025-06-23,1,3.0006742381904976,58,3.3933615113732483,3.5606514410203687,4.887487753622085,18.182956264560165,78.4107353580642,2.3308986198760606,929.922240159314,2025-06-24,1,0.49999999999999994,-0.8660254037844387
2025-06-24,1,13.26422626846599,62,16.63834695404904,16.738324229515285,3.227671948489776,14.177194947454726,73.85873836841925,2.3315183596145963,935.8114845630504,2025-06-25,0,0.49999999999999994,-0.8660254037844387
2025-06-25,0,0.8200135251290904,25,17.084914031785562,17.534069661155193,0.386342474665922,10.75894887850146,69.44413696974641,1.2890610876229889,939.20699426101,2025-06-26,0,0.49999999999999994,-0.8660254037844387
2025-06-26,0,0.9039465355664933,19,14.988186329161556,18.422805052199454,0.3398878148116859,17.021721193864167,72.48365794306761,1.659875984798184,937.1519322015412,2025-06-27,0,0.49999999999999994,-0.8660254037844387
2025-06-27,0,3.3796712819181614,59,5.103631342613728,21.761219122452946,1.3819099860161217,18.79241516759693,82.05950815247161,1.2133147878472468,938.4756732280476,2025-06-28,0,0.49999999999999994,-0.8660254037844387
2025-06-28,0,0.7027529885701469,19,4.986370806054783,22.444731285232898,0.2506074995912621,19.34043988885873,79.4591044761213,1.5614985433629651,938.9897666540826,2025-06-29,0,0.49999999999999994,-0.8660254037844387
2025-06-29,0,0.2437702434862715,18,4.326194513974562,22.3150550813266,0.0143280283982326,20.655212925114437,67.57399575938723,2.166161180690417,936.315459179842,2025-06-30,0,0.49999999999999994,-0.8660254037844387
2025-06-30,0,0.08607623310589065,16,1.0325994651622912,19.40045707624199,1.7116137609228708,17.974613740523644,80.44148080160639,1.4780221090238146,938.9433883632164,2025-07-01,0,1.2246467991473532e-16,-1.0
2025-07-01,0,0.04353480483658421,59,0.37338128142872856,6.179765612612589,1.5365226646035726,15.436260437240282,83.64923380982363,1.8406199679395383,941.8531583973422,2025-07-02,0,1.2246467991473532e-16,-1.0
2025-07-02,0,0.08448178308103285,60,0.21409282102348995,5.44423387056453,0.3342119865751429,13.056311607304544,84.35189076455595,2.0368834726389173,944.2387186709516,2025-07-03,0,1.2246467991473532e-16,-1.0
2025-07-03,0,0.34166125052306384,60,0.46967783844066313,4.881948585521101,0.4388932310190092,12.245108570426908,89.01201924026674,1.78262869198253,943.7060060821884,2025-07-04,0,1.2246467991473532e-16,-1.0
2025-07-04,0,0.13575157303313487,57,0.5618946066372138,1.638028876636075,1.3487747081108965,14.331715200477426,83.17974183881425,1.829004361787756,943.9450963450538,2025-07-05,0,1.2246467991473532e-16,-1.0
2025-07-05,0,0.008509835216938415,58,0.48592265877311935,0.9437857232828666,0.1501876524274756,15.08408230203062,75.08417579615936,1.160204468032456,942.3042596947477,2025-07-06,0,1.2246467991473532e-16,-1.0
2025-07-06,0,0.0077752688180561524,57,0.15203667706811166,0.7077907486146512,0.0348065255830705,14.128002232582697,80.22643166928775,1.012614757734142,940.8823016791662,2025-07-07,0,1.2246467991473532e-16,-1.0
2025-07-07,0,0.002743409200806416,57,0.01902851323578322,0.624457924709567,0.0290404615067709,14.403675425906698,78.07179944199228,1.2376677695927647,941.8730901314048,2025-07-08,0,1.2246467991473532e-16,-1.0
2025-07-08,0,0.003016308038843319,57,0.013534986057688124,0.5839394279118261,0.0345728479292856,14.88349125360073,79.0992445082447,0.9879719026476718,940.382684362503,2025-07-09,0,1.2246467991473532e-16,-1.0
2025-07-09,0,0.0013462937559793726,57,0.007106010995611344,0.5008039385867726,0.0164807714202546,14.336108220430695,79.65707438847248,1.6261168976426807,941.3606725187736,2025-07-10,0,1.2246467991473532e-16,-1.0
2025-07-10,0,0.00445315796400487,57,0.008815759758809797,0.16359584602771368,0.0099968298426527,15.6374682246682,76.55450932254598,1.629843278246321,942.8332456224764,2025-07-11,0,1.2246467991473532e-16,-1.0
2025-07-11,0,0.004322867314488184,57,0.010122319034454662,0.03216714030906699,0.0343061300447296,16.186566708530385,75.86458537876891,1.1881805493495183,942.8202232131028,2025-07-12,0,1.2246467991473532e-16,-1.0
2025-07-12,0,0.0023736276854753537,58,0.011149652963950644,0.02603093277760393,0.0,17.312976332897914,76.10005736345539,1.0421157513328605,942.1609333864644,2025-07-13,0,1.2246467991473532e-16,-1.0
2025-07-13,0,0.0,58,0.0066964949999457745,0.018255663959547776,0.0,17.06874858399472,71.6145665601102,1.5606883550595068,942.11251688428,2025-07-14,0,1.2246467991473532e-16,-1.0
2025-07-14,0,0.0,58,0.00237362768545759,0.015512254758741361,0.0064839415776019,15.74100733537996,74.62348443077096,1.210660235289471,941.0013877220664,2025-07-15,0,1.2246467991473532e-16,-1.0
2025-07-15,0,0.012622970448270958,59,0.012622970448253194,0.025118917168168997,0.0520643367435097,15.375476504227704,70.4902293872564,0.9335035437078172,940.113970602746,2025-07-16,0,1.2246467991473532e-16,-1.0
2025-07-16,0,0.03182262194586211,59,0.04444559239411531,0.05559524535805174,0.02077069942549,14.5546561503815,66.48190782271597,0.8522511110632788,938.791805934911,2025-07-17,0,1.2246467991473532e-16,-1.0
2025-07-17,0,0.09801611424599002,57,0.14246170664010532,0.1491582016400369,0.0064839415776019,15.204307675058551,67.47902276817742,0.8921100494026803,936.991880612594,2025-07-18,0,1.2246467991473532e-16,-1.0
2025-07-18,0,0.17529646430380913,58,0.30513520049564347,0.3201317986293578,0.0,15.785293056393252,72.18742226019839,1.2575366615093384,935.4395329583087,2025-07-19,0,1.2246467991473532e-16,-1.0
2025-07-19,0,0.16744735849504974,59,0.44075993704483113,0.48520552943893225,0.0292741391605558,13.819171573509392,77.2918999614487,1.0051568708237089,938.2733651876282,2025-07-20,0,1.2246467991473532e-16,-1.0
2025-07-20,0,0.03024545254569117,59,0.37298927534453225,0.5154509819846235,0.0107738695828373,14.765428986241966,75.33769175168372,1.0453856907570045,939.0087535456872,2025-07-21,0,1.2246467991473532e-16,-1.0
2025-07-21,0,0.0,58,0.19769281104072314,0.5154509819846235,0.0186456978441962,16.320335200905465,76.67554472655793,1.0137044251084533,936.8789666257344,2025-07-22,0,1.2246467991473532e-16,-1.0
2025-07-22,0,0.0,58,0.030245452545673405,0.5028280115363525,0.0400480087433932,16.615495830504017,77.93032856459506,0.7949175893288961,935.6580776124952,2025-07-23,0,1.2246467991473532e-16,-1.0
2025-07-23,0,0.0,58,0.0,0.4710053895904903,0.0185002695777185,15.934524732872989,71.56579180520114,1.1340741542685628,937.6650921222938,2025-07-24,0,1.2246467991473532e-16,-1.0
2025-07-24,0,0.0,58,0.0,0.3729892753445003,0.5011870405876878,15.781294777769114,78.01107587934081,1.4801264733705388,938.8375446937416,2025-07-25,0,1.2246467991473532e-16,-1.0
2025-07-25,0,1.7797184828964387,62,1.779718482896421,1.97741129393713,4.972198219153731,15.515892272056616,86.92861719195126,1.319551099178494,936.986780329412,2025-07-26,0,1.2246467991473532e-16,-1.0
2025-07-26,0,0.055550806060317606,58,1.8352692889567386,1.8655147415023978,0.1554679348078309,16.313496147173076,77.41404844091954,0.8477009673844861,936.7902867665064,2025-07-27,0,1.2246467991473532e-16,-1.0
2025-07-27,0,0.002362684404708243,58,1.8376319733614468,1.8376319733614148,0.0385765284864625,18.55586431960418,67.110067132398,1.3143532903190858,934.421910382497,2025-07-28,0,1.2246467991473532e-16,-1.0
2025-07-28,0,5.818255124879515,60,5.876168615344524,7.65588709824093,3.5916578139192463,19.06392255490289,70.34708305199572,2.4090552923151107,932.2090688053923,2025-07-29,0,1.2246467991473532e-16,-1.0
2025-07-29,0,0.1054774846499071,59,5.926095293934114,7.761364582890837,0.0295455646470726,15.186605253875884,66.50820970512764,1.7074432635043064,935.8713692164224,2025-07-30,0,1.2246467991473532e-16,-1.0
2025-07-30,0,0.04591240215098502,59,5.96964501168039,7.807276985041822,0.0120163280001165,11.498397452102074,69.06942146971949,1.1135901289992205,939.273367838816,2025-07-31,0,1.2246467991473532e-16,-1.0
2025-07-31,0,0.0030051945679881605,58,0.1543950813688625,7.8102821796098105,0.0107738695828373,12.017779214871217,74.34697585068311,1.3167705426314693,941.383336908092,2025-08-01,0,-0.4999999999999997,-0.8660254037844388
2025-08-01,0,0.0,59,0.04891759671895542,6.030563696713372,0.0348065255830705,16.90382107077905,64.12805143751567,1.3179473039960636,942.6113915277564,2025-08-02,0,-0.4999999999999997,-0.8660254037844388
2025-08-02,0,0.009043943598167816,59,0.012049138166138213,5.984056834251222,0.0107738695828373,16.356190514380295,66.69259724300437,1.1405817402067524,941.304596430627,2025-08-03,0,-0.4999999999999997,-0.8660254037844388
2025-08-03,0,0.29478409923662574,60,0.30382804283477577,6.276478249083139,0.4013215913164765,17.454155509492495,57.795571482582815,1.3657847963882406,939.2989456814792,2025-08-04,0,-0.4999999999999997,-0.8660254037844388
2025-08-04,0,0.2023028132016059,60,0.5061308560363816,0.66052593740523,0.0,15.721364028243343,68.45658048769437,1.2203071051498335,939.8613384583568,2025-08-05,0,-0.4999999999999997,-0.8660254037844388
2025-08-05,0,0.10016308421130077,60,0.5972499966495146,0.6552115369666236,0.2817986190018278,16.242282506336903,78.5328406552995,1.5238715528590168,940.9436282855944,2025-08-06,0,-0.4999999999999997,-0.8660254037844388
2025-08-06,0,0.8262921155540125,61,1.1287580129669013,1.435591250369651,0.4442174241438352,16.187987188285668,78.9497685844948,1.826358583687841,941.0019086939434,2025-08-07,0,-0.4999999999999997,-0.8660254037844388
2025-08-07,0,0.08337622835656693,60,1.0098314281218623,1.5159622841582299,0.3763666457557521,16.97852375573709,73.97069249388605,0.9284163732995582,937.4526710014017,2025-08-08,0,-0.4999999999999997,-0.8660254037844388
2025-08-08,0,0.45932907465224976,61,1.3689974185628113,1.9752913588104797,0.9882544401614152,17.511129080258076,76.91034609955923,1.4062605266274526,933.8099691187068,2025-08-09,0,-0.4999999999999997,-0.8660254037844388
2025-08-09,0,0.03967413391203701,61,0.5823794369208359,2.005921549124349,0.3621345909101701,15.087735517392655,73.4050662340159,1.67434950161774,935.081254012287,2025-08-10,0,-0.4999999999999997,-0.8660254037844388
2025-08-10,0,0.018411958044597963,60,0.517415166608867,1.729549407932321,0.0,11.717565153580352,72.4535211524853,1.493536007229232,938.61328316478,2025-08-11,0,-0.4999999999999997,-0.8660254037844388
2025-08-11,0,0.0019708647849725706,60,0.06005695674158978,1.5292174595156878,0.0,12.081581708443878,74.43008055238391,1.243481771589113,938.787937663396,2025-08-12,0,-0.4999999999999997,-0.8660254037844388
2025-08-12,0,0.0,60,0.02038282282955277,1.429054375304387,0.0,13.762706377221136,70.26027281589577,1.1042918404337307,937.8382509851616,2025-08-13,0,-0.4999999999999997,-0.8660254037844388
2025-08-13,0,0.0,60,0.001970864784954807,0.6027622597503745,0.0238871810045189,15.103995740746676,66.90378852053652,0.8471917061241999,937.392651746876,2025-08-14,0,-0.4999999999999997,-0.8660254037844388
2025-08-14,0,0.0,60,0.0,0.5193860313938076,0.0064839415776019,15.371311109763088,66.27214105618323,1.5059626725563573,939.7694428243028,2025-08-15,0,-0.4999999999999997,-0.8660254037844388
2025-08-15,0,0.0,60,0.0,0.0600569567415578,0.2296728424901019,15.748355161852375,72.56746071938979,1.8807045408568877,941.771041604842,2025-08-16,0,-0.4999999999999997,-0.8660254037844388
2025-08-16,0,0.002817439252717474,60,0.0028174392526997103,0.02320026208223827,0.1151799882672315,17.341426223343664,74.01446394628631,1.5752488593213128,939.7965043110916,2025-08-17,0,-0.4999999999999997,-0.8660254037844388
2025-08-17,0,0.0,60,0.0028174392526997103,0.004788304037640306,0.0078440868206307,18.429556296732287,74.17341094825629,1.1982016008014935,938.3562500380156,2025-08-18,0,-0.4999999999999997,-0.8660254037844388
2025-08-18,0,0.0,60,0.0028174392526997103,0.002817439252667736,0.0237417527380412,17.667989290622913,72.97559105972512,1.3936525845280476,939.2217261417878,2025-08-19,0,-0.4999999999999997,-0.8660254037844388
2025-08-19,0,0.0,60,0.0,0.002817439252667736,0.0120163280001165,18.55689603667388,71.66224377356464,1.817439108999074,937.6592827728292,2025-08-20,0,-0.4999999999999997,-0.8660254037844388
2025-08-20,0,0.0,60,0.0,0.002817439252667736,0.1183579884550702,20.73614318111297,64.109128419858,1.801751990997284,936.166728447,2025-08-21,0,-0.4999999999999997,-0.8660254037844388
2025-08-21,0,0.0,58,0.0,0.002817439252667736,0.0143341132257237,22.3069358127316,62.49489368084662,0.9413129732931872,936.4378808531676,2025-08-22,0,-0.4999999999999997,-0.8660254037844388
2025-08-22,0,0.0,60,0.0,0.002817439252667736,0.0,22.734208428465507,60.17711335642,1.3251896323413468,935.4163297222344,2025-08-23,0,-0.4999999999999997,-0.8660254037844388
2025-08-23,0,0.005178621343424709,60,0.005178621343406946,0.005178621343374971,0.0064839415776019,23.708857293106423,44.62468547917087,1.6282846399074635,934.540341847212,2025-08-24,0,-0.4999999999999997,-0.8660254037844388
2025-08-24,0,0.0,60,0.005178621343406946,0.005178621343374971,0.982118542940017,19.016499481108813,69.23802037590428,1.8732755758394652,937.6606233660478,2025-08-25,0,-0.4999999999999997,-0.8660254037844388
2025-08-25,0,0.0019603179591389528,59,0.0071389393025458985,0.007138939302513924,0.0399873193706108,19.383110078797205,70.37911632096383,1.336672225769111,939.4016071201364,2025-08-26,0,-0.4999999999999997,-0.8660254037844388
2025-08-26,0,2.2795438825759624,63,2.2815042005350836,2.2866828218784763,2.510232966383608,17.718477088097643,78.76226939474881,1.936687589283202,940.444732737079,2025-08-27,1,-0.4999999999999997,-0.8660254037844388
2025-08-27,1,9.271103420869078,64,11.552607621404162,11.557786242747554,2.334435137751393,18.63211683170519,78.04373375420252,1.5633853715089463,940.4109806420752,2025-08-28,0,-0.4999999999999997,-0.8660254037844388
2025-08-28,0,0.08634131994845638,58,11.63698862339348,11.64412756269601,0.4681339383556183,18.795145778574565,76.18033674170556,1.770852096058774,940.4812919543654,2025-08-29,0,-0.4999999999999997,-0.8660254037844388
2025-08-29,0,0.07281021345274843,59,9.430254954270266,11.71693777614876,2.052187138991951,18.08407150951757,79.74689328707278,1.4421698626056794,938.9690740422556,2025-08-30,0,-0.4999999999999997,-0.8660254037844388
2025-08-30,0,0.045991898557644954,60,0.205143431958832,11.757751053362979,1.1546148601042951,18.95377677568173,71.94360634725689,1.8277973447695692,939.8407431393192,2025-08-31,0,-0.4999999999999997,-0.8660254037844388
2025-08-31,0,0.013841157798841193,59,0.1326432698092168,11.771592211161819,0.150081010197471,19.21104960967021,68.49842468560692,2.097366797494069,940.3867486271672,2025-09-01,0,-0.8660254037844385,-0.5000000000000004
2025-09-01,0,0.007115514446169476,49,0.06694857080263786,11.77674740764885,0.2450442314938213,20.526278646425236,68.2009265107506,2.409535670237476,941.3824157099946,2025-09-02,0,-0.8660254037844385,-0.5000000000000004
2025-09-02,0,0.005263336396636141,49,0.026220008641629045,9.502466861469523,0.3754401405854538,20.905511438448062,67.51393534197408,2.2034315483015336,941.0999134767987,2025-09-03,0,-0.8660254037844385,-0.5000000000000004
2025-09-03,0,0.004998029260033051,48,0.017376880102820905,0.23636146986047812,0.0,21.01085103985332,63.23609761575057,2.025366172195372,939.4354452194754,2025-09-04,0,-0.8660254037844385,-0.5000000000000004
2025-09-04,0,0.0673992750322346,48,0.07766064068888603,0.2174194249442563,0.0172578111604392,21.24019394448821,55.15455057032919,1.401838439261792,937.8361802260356,2025-09-05,0,-0.8660254037844385,-0.5000000000000004
2025-09-05,0,0.1738157025699151,47,0.24621300686216496,0.31842491406142304,0.0659230856810186,20.59313271589361,59.4980084227099,1.2505859219881452,936.9178833212856,2025-09-06,0,-0.8660254037844385,-0.5000000000000004
2025-09-06,0,0.07740306219815968,51,0.3186180398002916,0.34983607770193775,1.7143163398137162,17.474413477195775,75.55073505635268,2.1548559457459358,939.1418720435644,2025-09-07,1,-0.8660254037844385,-0.5000000000000004
2025-09-07,1,0.23410918861833993,52,0.48532795338639695,0.5701041085214364,1.5382802130831683,18.19583262490832,76.74209145245877,1.900436780800316,940.417285107516,2025-09-08,0,-0.8660254037844385,-0.5000000000000004
2025-09-08,0,0.012249874364219582,47,0.3237621251807014,0.5752384684394867,0.3670145009117433,21.782939901892306,68.42510735724971,1.6455916500641965,937.872124044717,2025-09-09,0,-0.8660254037844385,-0.5000000000000004
2025-09-09,0,0.07585281617286183,47,0.32221187915540356,0.6458279482157122,0.599704240406096,22.33333853731769,56.71538499682038,2.561760571023962,934.6802378900544,2025-09-10,0,-0.8660254037844385,-0.5000000000000004
2025-09-10,0,0.0,46,0.08810269053706361,0.6408299189556792,0.0164807714202546,19.41148180483225,59.767994195934016,1.105561781053847,937.6332277345656,2025-09-11,0,-0.8660254037844385,-0.5000000000000004
2025-09-11,0,0.0,46,0.07585281617284403,0.5734306439234446,0.0107738695828373,20.179110542730143,58.13208634353754,1.2867689404855027,938.1875924524978,2025-09-12,0,-0.8660254037844385,-0.5000000000000004
2025-09-12,0,0.0,46,0.0,0.3996149413535295,0.0,17.985100371574156,63.57191902902687,2.068324417744008,938.3057750053482,2025-09-13,0,-0.8660254037844385,-0.5000000000000004
2025-09-13,0,0.005321690060965332,47,0.005321690060947541,0.32753356921633514,0.0521883172583576,17.891040242452103,71.63392420176577,2.293257357443692,938.6490884838182,2025-09-14,0,-0.8660254037844385,-0.5000000000000004
2025-09-14,0,0.001435632507917258,46,0.006757322568864799,0.09486001310591248,0.0235322604618922,18.756077534061347,69.5800574762369,2.052795100844092,938.3458337293168,2025-09-15,0,-0.8660254037844385,-0.5000000000000004
2025-09-15,0,0.0,45,0.006757322568864799,0.0826101387416929,0.061631525765845,20.59516752919141,65.86628362875781,1.8092091070734453,936.6036128249629,2025-09-16,0,-0.8660254037844385,-0.5000000000000004
2025-09-16,0,0.1552776412759892,49,0.15671327378388866,0.16203496384482027,0.5744854872103132,20.288988286830808,72.55950456583447,1.36495113378434,934.677080128742,2025-09-17,0,-0.8660254037844385,-0.5000000000000004
2025-09-17,0,0.01164814933012234,48,0.16692579060609375,0.17368311317494262,0.075329959395562,19.843171985252543,67.71321320873977,2.017287970092608,935.9673499479934,2025-09-18,0,-0.8660254037844385,-0.5000000000000004
2025-09-18,0,0.1812805654701016,54,0.3482063560761953,0.3549636786450442,0.125401236293125,19.88754527947184,65.4911028867044,2.106592944512818,936.9763609543306,2025-09-19,0,-0.8660254037844385,-0.5000000000000004
2025-09-19,0,0.00450665436469173,48,0.19743536916489787,0.35947033300973597,0.0076872076898235,22.13075409474794,61.94698250395862,1.674785706620572,935.4230442591978,2025-09-20,0,-0.8660254037844385,-0.5000000000000004
2025-09-20,0,0.0,47,0.18578721983477553,0.35414864294877063,0.2583335900727699,24.038107326716812,59.67006563631874,1.5789262754787117,933.6153016546708,2025-09-21,0,-0.8660254037844385,-0.5000000000000004
2025-09-21,0,1.341455851792685,51,1.3459625061573588,1.6941688622335382,3.949888824856265,25.580725674204636,53.99971207780392,2.279161683926972,929.3934605219504,2025-09-22,1,-0.8660254037844385,-0.5000000000000004
2025-09-22,1,30.124876201887083,63,31.46633205367975,31.819045064120623,27.748362163096846,20.371113435222995,85.41322696854247,2.2631069812420432,928.214477059492,2025-09-23,1,-0.8660254037844385,-0.5000000000000004
2025-09-23,1,2.327310531589368,59,33.79364258526912,33.991077954434,0.3712609427042636,17.99385894911002,78.68436381803001,1.867577377400585,937.241426934786,2025-09-24,0,-0.8660254037844385,-0.5000000000000004
2025-09-24,0,0.5924636199917581,54,33.044650353468185,34.57189342509564,0.4646564310243632,17.00054685072921,80.60440370472787,2.603323146668678,943.2658693175284,2025-09-25,0,-0.8660254037844385,-0.5000000000000004
2025-09-25,0,0.5278945395942491,57,3.447668691175357,34.918507399219784,0.934378415369394,16.23633051831708,77.19456670574174,2.8730140502223667,944.965964547342,2025-09-26,0,-0.8660254037844385,-0.5000000000000004
2025-09-26,0,0.7661576362097161,56,1.8865157957957055,35.68015838106481,0.8986894434375396,15.931616067825273,72.32217854177459,2.7552724986087385,942.8614727055664,2025-09-27,0,-0.8660254037844385,-0.5000000000000004
2025-09-27,0,0.10995004296439789,49,1.4040022187683454,35.790108424029206,0.0464712609482127,18.63186869174254,62.12316823745184,2.1749891139040285,939.9515560741656,2025-09-28,0,-0.8660254037844385,-0.5000000000000004
2025-09-28,0,0.15857058583769032,50,1.0346782650117865,34.60722315807421,0.0185002695777185,19.2223602096802,65.31333106498204,1.434288414449288,937.354429684606,2025-09-29,0,-0.8660254037844385,-0.5000000000000004
2025-09-29,0,0.20141377194452026,49,0.4699344007465907,4.68376072813165,0.0064839415776019,22.48269950704525,58.639354591577664,1.1280248425740118,936.9467193679652,2025-09-30,0,-0.8660254037844385,-0.5000000000000004
2025-09-30,0,0.19693943927952634,48,0.5569237970617191,2.5533896358218087,0.0064839415776019,23.301112236494287,55.246779564314494,1.3267748760221691,936.9802280907768,2025-10-01,0,-1.0,-1.8369701987210297e-16
2025-10-01,0,0.3888364824643888,15,0.7871896936884176,2.349762498294439,0.0064839415776019,21.25468214419177,65.27490640733082,1.8861117151547764,937.8331911574592,2025-10-02,0,-1.0,-1.8369701987210297e-16
2025-10-02,0,0.05766789407663184,13,0.6434438158205292,1.8795358527768218,0.1289029703072267,20.788506542962896,71.06925251801128,1.9437579846399744,939.0627704994238,2025-10-03,0,-1.0,-1.8369701987210297e-16
2025-10-03,0,0.1063043720082754,14,0.5528087485492783,1.219682588575381,0.1212567365543673,22.03028035173534,68.41513933889756,2.008137631795345,937.5553898598909,2025-10-04,0,-1.0,-1.8369701987210297e-16
2025-10-04,0,0.18974056135901762,14,0.3537128274439071,1.2994731069700007,2.0137470636239594,20.932747604194123,69.45125695987572,1.911769866916638,936.3380662496864,2025-10-05,0,-1.0,-1.8369701987210297e-16
2025-10-05,0,0.19968161127543033,14,0.49572654464270555,1.340584132407741,0.0099968298426527,24.462903870509315,54.640975074991466,1.421526852514549,935.1586536181624,2025-10-06,0,-1.0,-1.8369701987210297e-16
2025-10-06,0,0.36415221643418544,14,0.7535743890686156,1.503322576897406,0.0064839415776019,25.80620540377738,49.28612438154202,1.3701465637733088,931.965472137934,2025-10-07,0,-1.0,-1.8369701987210297e-16
2025-10-07,0,0.46538208917864293,14,1.0292159168882409,1.7717652267965227,1.062714772860561,20.675533691075707,69.99666540926798,2.714860297374925,934.141485672897,2025-10-08,0,-1.0,-1.8369701987210297e-16
2025-10-08,0,2.3331953874168696,34,3.1627296930296804,3.7161241317490035,4.862123260515579,17.32736095974135,78.93567371097664,3.060329540068024,937.5697499046596,2025-10-09,0,-1.0,-1.8369701987210297e-16
2025-10-09,0,0.5526866187138246,18,3.351264095309319,4.211142856386196,4.739043677592982,17.520298032594958,80.78303033637702,2.5762212154251665,938.873758546858,2025-10-10,1,-1.0,-1.8369701987210297e-16
2025-10-10,1,16.484786436679894,56,19.37066844281057,20.589624921057815,13.544132766762443,18.05382046972369,85.81474582350877,1.6923514774266553,937.5288207918557,2025-10-11,0,-1.0,-1.8369701987210297e-16
2025-10-11,0,4.905393064611596,37,21.9428661200053,25.305277424310397,3.932268010505247,19.79931924941273,78.31552743570754,1.0067098864422726,935.2266438926324,2025-10-12,0,-1.0,-1.8369701987210297e-16
2025-10-12,0,1.4620005169860057,19,22.85218001827748,26.56759633002097,1.049822735469906,21.88102542698948,72.29895835735641,1.440648371854272,932.283014273341,2025-10-13,0,-1.0,-1.8369701987210297e-16
2025-10-13,0,0.5857468713420942,16,6.953140452939678,26.78919098492888,4.975757436015968,20.69495168521563,82.37631049325223,1.770232891680137,929.3302505523634,2025-10-14,0,-1.0,-1.8369701987210297e-16
2025-10-14,0,0.2566178034531598,15,2.304365191781242,26.580426699203397,0.2168226822275856,21.6747937435453,74.41348655390632,1.5034591991432344,933.8452423497548,2025-10-15,0,-1.0,-1.8369701987210297e-16
2025-10-15,0,0.5463857382799462,14,1.3887504130751824,24.79361705006647,0.1855870291306749,20.443246992311646,71.83630982044205,2.061842365830755,937.2563842722744,2025-10-16,0,-1.0,-1.8369701987210297e-16
2025-10-16,0,0.668354773829267,15,1.4713583155623553,24.909285205181913,0.0240326560002331,21.45284982048098,72.26820414193975,1.4136964479145724,935.5986006975554,2025-10-17,0,-1.0,-1.8369701987210297e-16
2025-10-17,0,0.4350249377125869,15,1.6497654498217822,8.859523706214606,0.6967214019512264,25.796570157953177,56.74348347259671,1.4276611399147896,931.9397060284678,2025-10-18,1,-1.0,-1.8369701987210297e-16
2025-10-18,1,26.886371677769862,61,27.9897513893117,30.840502319372874,21.654672372647223,20.024395426126603,90.58751728412751,1.718080249769242,929.952049137692,2025-10-19,0,-1.0,-1.8369701987210297e-16
2025-10-19,0,2.675247329853609,50,29.99664394533604,32.053749132240476,3.1665127634603123,15.700659506708703,79.94788386886002,3.392055503198933,937.5489731461356,2025-10-20,1,-1.0,-1.8369701987210297e-16
2025-10-20,1,1.4712399491465584,19,31.032858956770013,32.93924221004494,0.5869849013592375,15.167867226982809,69.52615699034911,2.729232418365061,941.0575987251964,2025-10-21,0,-1.0,-1.8369701987210297e-16
2025-10-21,0,0.8186275849229965,17,4.965114863923146,33.50125199151477,0.0186179564034681,16.143852835015654,60.68921291577251,2.7644331136454614,942.7061104281076,2025-10-22,0,-1.0,-1.8369701987210297e-16
2025-10-22,0,0.4420795067294869,15,2.731947040799024,33.39694575996432,0.0,17.227942552258664,60.40471519388644,2.5456902955934835,942.7830548525676,2025-10-23,0,-1.0,-1.8369701987210297e-16
2025-10-23,0,1.5121851690266304,16,2.7728922606790958,34.24077615516168,0.0,18.22549307875951,59.50669085679113,2.235119927857467,941.550327199291,2025-10-24,1,-1.0,-1.8369701987210297e-16
2025-10-24,1,0.7926303945347125,15,2.746895070290812,34.598381611983804,1.596409773333106,19.36549251492961,59.74588746762153,1.9529339326427504,939.5062914568482,2025-10-25,0,-1.0,-1.8369701987210297e-16
2025-10-25,0,0.0886916186862402,14,2.393507182247565,7.800701552900181,0.0,21.65523398930506,56.59091705048669,1.6431474763756893,935.7328966217942,2025-10-26,0,-1.0,-1.8369701987210297e-16
2025-10-26,0,0.06918523855851154,14,0.9505072517794465,5.1946394616050835,0.0,23.410540881348123,54.02061723619996,1.2215056644253834,932.8845559271584,2025-10-27,0,-1.0,-1.8369701987210297e-16
2025-10-27,0,1.4672050166240655,34,1.6250818738687995,5.19060452908259,1.7945209194407177,19.6972606182251,78.25313123421589,1.271066390113008,933.5054533801195,2025-10-28,0,-1.0,-1.8369701987210297e-16
2025-10-28,0,5.609452016535527,49,7.145842271718086,9.981428960695121,7.743117546442143,19.74390056192215,88.4368909529921,1.132777867423238,935.9712027042636,2025-10-29,1,-1.0,-1.8369701987210297e-16
2025-10-29,1,13.017774828501926,56,20.0944318616615,22.557124282467562,12.62911060585085,21.129059998113984,80.78350188248223,1.5483571004223216,934.2162912175368,2025-10-30,0,-1.0,-1.8369701987210297e-16
2025-10-30,0,4.130119617276443,48,22.757346462313876,25.175058730717375,6.020006246871492,17.854997946886872,87.32079633473718,1.5580430691134013,936.273828900548,2025-10-31,0,-1.0,-1.8369701987210297e-16
2025-10-31,0,6.412550253453406,49,23.56044469923176,30.794978589636067,4.631737588135147,17.955925666383656,88.95571503400753,1.099438509977008,935.004743495007,2025-11-01,0,-0.8660254037844386,0.5000000000000001
2025-11-01,0,2.4786234438083494,32,13.021293314538179,33.18491041475818,1.604718833620538,21.276955389575807,77.53536808713253,1.1426971680266376,934.4030748518162,2025-11-02,1,-0.8660254037844386,0.5000000000000001
2025-11-02,1,10.410270121463975,58,19.30144381872571,43.52599529766364,25.79147302997488,19.114268349050185,92.5175952810278,1.4747876709140562,931.6171874041268,2025-11-03,1,-0.8660254037844386,0.5000000000000001
2025-11-03,1,1.6985853818391967,36,14.587478947111501,43.757375662878765,1.482256717154124,20.972087247014844,80.62553977981001,1.4078872219288612,931.4256738195076,2025-11-04,0,-0.8660254037844386,0.5000000000000001
2025-11-04,0,1.353623505951713,38,13.462479009254865,39.50154715229496,3.706398193096702,22.36516034464669,79.32006232657163,1.2289393664104096,932.4082373212784,2025-11-05,0,-0.8660254037844386,0.5000000000000001
2025-11-05,0,0.3342901721765066,28,3.386499059967397,26.81806249596954,5.100053674443779,22.88055944551741,79.83090096897939,1.4895510059152657,932.5260219608596,2025-11-06,0,-0.8660254037844386,0.5000000000000001
2025-11-06,0,0.28209646620834,30,1.97001014433654,22.970039344901434,0.6261648409900784,19.323423092538125,78.49795316536306,2.2724741404528097,934.614795889237,2025-11-07,0,-0.8660254037844386,0.5000000000000001
2025-11-07,0,0.11360505188798652,27,0.7299916902728135,16.671094143336013,0.1159602188666708,20.218074853467147,72.15257858088003,1.6624204927556565,930.9202080532788,2025-11-08,0,-0.8660254037844386,0.5000000000000001
2025-11-08,0,9.509137451621024,55,9.90483896971733,23.70160815114869,17.854654346620805,21.36521250931752,82.71749790011327,1.881339412854257,926.303018365813,2025-11-09,0,-0.8660254037844386,0.5000000000000001
2025-11-09,0,1.0088938993908558,42,10.631636402899845,14.300231929075569,0.559213160046583,18.08464591064633,77.07039376329269,2.526824994678991,935.0988402729892,2025-11-10,0,-0.8660254037844386,0.5000000000000001
2025-11-10,0,0.12922433308324677,26,10.647255684095107,12.73087088031962,0.222462003957799,17.995393996988884,70.23647307631792,2.1514321012703075,937.88308785274,2025-11-11,0,-0.8660254037844386,0.5000000000000001
2025-11-11,0,0.27124040554404066,26,1.4093586380181238,11.648487779911946,0.0122321720881133,19.72515993936931,65.00922164962797,1.903314874663248,937.274341112798,2025-11-12,0,-0.8660254037844386,0.5000000000000001
2025-11-12,0,0.21120795555560917,25,0.6116726941828771,11.525405563291049,0.0,21.61020966198445,64.9290490060114,1.3712394185155483,935.4145125203372,2025-11-13,0,-0.8660254037844386,0.5000000000000001
2025-11-13,0,0.7176068614020191,28,1.2000552225016494,11.960915958484728,0.4888222419886217,21.84257968714804,69.9301585969615,1.142238436184595,935.140691730954,2025-11-14,0,-0.8660254037844386,0.5000000000000001
2025-11-14,0,0.33992163355732663,25,1.2687364505149352,12.187232540154069,0.0,21.155263095870875,71.69904903371153,1.602909657267632,936.4639405031884,2025-11-15,0,-0.8660254037844386,0.5000000000000001
2025-11-15,0,0.2550716744799483,26,1.3126001694392744,2.933166763012993,0.6839947993542681,20.980229000780884,76.08916014608707,1.525599093101369,935.6603058634656,2025-11-16,0,-0.8660254037844386,0.5000000000000001
2025-11-16,0,1.1960127475023714,44,1.7910060555396268,3.1202856111245088,2.330098799476643,21.35171789381977,83.88021415575255,1.1317495467337757,932.3692921344982,2025-11-17,1,-0.8660254037844386,0.5000000000000001
2025-11-17,1,7.202362552613401,53,8.6534469745957,10.193423830654663,12.58279195357788,22.14827376244601,83.07655843731182,1.1801780090035965,930.1319944284172,2025-11-18,0,-0.8660254037844386,0.5000000000000001
2025-11-18,0,4.395402806374181,57,12.793778106489933,14.317586231484803,5.4838311107616144,21.09757214815759,84.45601978949114,2.0487049966298154,928.3055232194232,2025-11-19,0,-0.8660254037844386,0.5000000000000001
2025-11-19,0,0.8157814682516286,36,12.413546827239191,14.922159744180822,0.1763859879262701,19.96918564295017,66.1501797126009,1.8709293300591443,929.7691977076898,2025-11-20,0,-0.8660254037844386,0.5000000000000001
2025-11-20,0,0.10604406322536514,26,5.317228337851155,14.310596946004168,0.0,19.621656751162305,66.06752437129687,2.1849314669074538,933.7437184962056,2025-11-21,0,-0.8660254037844386,0.5000000000000001
2025-11-21,0,0.10884598490220997,26,1.0306715163791842,14.079521297349052,0.0107738695828373,22.14919531829668,58.25626096030975,1.6528774605611458,933.1603477871786,2025-11-22,0,-0.8660254037844386,0.5000000000000001
2025-11-22,0,0.3046914299968855,33,0.519581478124441,14.12914105286599,5.3710210690024285,22.70106768722728,69.26238995933717,1.31281733756209,932.193566573691,2025-11-23,0,-0.8660254037844386,0.5000000000000001
2025-11-23,0,0.49078871450251094,31,0.9043261294015869,13.423917019866128,4.750072737355669,20.983957523647828,78.62278446833419,1.8346271152825144,933.3788955260088,2025-11-24,1,-0.8660254037844386,0.5000000000000001
2025-11-24,1,10.178528287338564,61,10.974008431837941,16.400082754591292,14.379204741607396,19.088620549253097,87.27596480548355,1.4782917779219134,932.439995924212,2025-11-25,0,-0.8660254037844386,0.5000000000000001
2025-11-25,0,0.34862390574173713,37,11.017940907582792,12.353303853958847,0.2212398683187096,19.12338636900186,77.68215280523522,1.9279618477956195,932.5102764778858,2025-11-26,0,-0.8660254037844386,0.5000000000000001
2025-11-26,0,0.03918212777069295,28,10.566334320850974,11.57670451347791,0.0120163280001165,19.407400838805835,67.0313676069276,1.856212159235822,934.2512976632624,2025-11-27,0,-0.8660254037844386,0.5000000000000001
2025-11-27,0,0.0805631938923,29,0.46836922740471054,11.551223644144846,0.0,19.47109320822988,66.47126712859036,1.628532250206188,934.5637123031786,2025-11-28,0,-0.8660254037844386,0.5000000000000001
2025-11-28,0,0.26176070545719676,27,0.3815060271201702,11.704138364699832,0.0235322604618922,22.20778047927611,65.60427059180729,1.4626045079832866,932.4504979201728,2025-11-29,0,-0.8660254037844386,0.5000000000000001
2025-11-29,0,0.11300205536893515,27,0.45532595471841236,11.512448990071883,0.0156881736412615,23.819425541567178,57.20667952800829,1.1618044538638923,930.4746186876844,2025-11-30,0,-0.8660254037844386,0.5000000000000001
2025-11-30,0,0.4586537101728291,26,0.8334164709989414,11.480313985742201,0.0,24.0624889010732,58.036385516689386,1.3695385513200014,930.7108683754255,2025-12-01,0,-0.5000000000000004,0.8660254037844384
2025-12-01,0,0.009811868541488317,11,0.581467634083233,1.311597566945126,0.0156881736412615,23.98447365418605,67.88153535457951,1.3752103775249371,930.5793088672552,2025-12-02,1,-0.5000000000000004,0.8660254037844384
2025-12-02,1,6.663170167716167,26,7.131635746430465,7.626143828919556,3.829153765627092,22.38211654132987,80.66743448411079,1.3861044922209451,930.4402375488954,2025-12-03,0,-0.5000000000000004,0.8660254037844384
2025-12-03,0,3.331771158296884,13,10.004753194554521,10.918732859445747,1.7879245661616991,22.995365399119837,74.82621773547783,1.2165518650619702,929.8290532591265,2025-12-04,0,-0.5000000000000004,0.8660254037844384
2025-12-04,0,0.9446240645974914,18,10.939565390610523,11.782793730150939,0.4830406166204201,21.658079375777135,74.77075259391647,2.075808608037632,931.824383670766,2025-12-05,0,-0.5000000000000004,0.8660254037844384
2025-12-05,0,0.0,9,4.276395222894355,11.521033024693741,0.0078440868206307,21.87089778257308,69.40604410284715,1.6276903327735337,932.5665904852968,2025-12-06,0,-0.5000000000000004,0.8660254037844384
2025-12-06,0,0.011823911354820846,9,0.9564479759522927,11.419854880679626,0.0,23.692397391793715,66.51452015248697,1.4684902946753324,933.188465020922,2025-12-07,0,-0.5000000000000004,0.8660254037844384
2025-12-07,0,1.407164686139523,10,1.4189885974943244,12.36836585664632,0.2829400276819841,24.439143541775252,67.73047431591642,1.338472937093098,932.9259354709892,2025-12-08,1,-0.5000000000000004,0.8660254037844384
2025-12-08,1,13.405984574121634,36,14.824973171615959,25.764538562226466,17.69567237755917,22.86021535989211,75.78441934276438,1.4262285206149847,931.9900019230822,2025-12-09,1,-0.5000000000000004,0.8660254037844384
2025-12-09,1,24.522827130571432,59,39.33597639083257,43.62419552508173,38.29552259985336,20.52636072804835,94.51766075285548,2.2893825644070604,927.4903576524504,2025-12-10,1,-0.5000000000000004,0.8660254037844384
2025-12-10,1,24.966921661881358,57,62.895733366574404,65.25934602866622,29.17366632743523,22.835155487143105,71.99486475956662,3.97247160753906,923.3621037581854,2025-12-11,0,-0.5000000000000004,0.8660254037844384
2025-12-11,0,4.708288903322575,16,54.19803769577535,69.02301086739129,0.0557525196902898,23.706449643944705,58.6206339020298,2.8682494508398344,922.3398428527964,2025-12-12,1,-0.5000000000000004,0.8660254037844384
2025-12-12,1,3.2138438880130717,23,32.889054453216986,72.23685475540437,4.599894675753317,21.348846216519185,73.79561445313055,1.3086967016523183,924.4805479379309,2025-12-13,1,-0.5000000000000004,0.8660254037844384
2025-12-13,1,25.4229112078581,52,33.34504399919373,97.64794205190765,31.08712762719449,20.949423125116063,87.92470935655581,1.6501428651242729,924.6451600954296,2025-12-14,1,-0.5000000000000004,0.8660254037844384
2025-12-14,1,5.8296425066252135,23,34.466397602496365,102.07041987239333,4.361261761850444,22.03366879504003,87.22588959403689,1.4461096102036604,925.872597856262,2025-12-15,0,-0.5000000000000004,0.8660254037844384
2025-12-15,0,1.5520772019488842,13,32.804630916432174,90.21651250022059,3.16376771752269,23.778819610980417,79.958631793396,1.2541116724230768,925.3765510972036,2025-12-16,1,-0.5000000000000004,0.8660254037844384
2025-12-16,1,21.961153192693256,24,29.342872901267334,87.6548385623424,4.113165603332177,23.93287903905396,81.89124962473986,1.6113736971213808,924.9134071104062,2025-12-17,0,-0.5000000000000004,0.8660254037844384
2025-12-17,0,6.077553603217317,38,29.59078399785944,68.76547050367837,9.823398122048612,18.656909326872093,82.11011759246793,3.233655804723358,929.152172846586,2025-12-18,0,-0.5000000000000004,0.8660254037844384
2025-12-18,0,1.8240921000829973,13,29.86279889599355,65.88127370043878,0.5725553934270909,19.009642602908,79.78780495299432,2.103425851641662,929.0671193789866,2025-12-19,0,-0.5000000000000004,0.8660254037844384
2025-12-19,0,0.15896914081135985,10,8.060614844111653,62.82639895323708,1.3619117257170057,20.783820604739155,83.84146725332639,1.803124017600251,928.9269262235412,2025-12-20,0,-0.5000000000000004,0.8660254037844384
2025-12-20,0,0.19627478843630683,9,2.1793360293306425,37.59976253381529,0.1210103160907635,22.663705721222943,76.28740570610228,1.973694773817128,929.6505857934778,2025-12-21,0,-0.5000000000000004,0.8660254037844384
2025-12-21,0,1.5733227133285155,11,1.9285666425761607,33.34344274051859,0.0263443563983492,23.98767304915881,68.14590868845707,1.5650065314574917,929.1349573751156,2025-12-22,0,-0.5000000000000004,0.8660254037844384
2025-12-22,0,3.362009341897183,10,5.131606843661984,35.153374880466885,0.0141711492674255,25.029344726215573,63.760516742466045,1.6568261805054705,928.1398394887487,2025-12-23,0,-0.5000000000000004,0.8660254037844384
2025-12-23,0,0.18022647329637048,9,5.1155585285220475,13.37244816107,0.2637297277938483,25.83322421264896,63.28455314173381,1.3878182541560928,928.6210997233476,2025-12-24,0,-0.5000000000000004,0.8660254037844384
2025-12-24,0,0.1437696146883636,9,3.6860054298818956,7.4386641725410465,0.0,26.085060514629053,62.63806196317179,1.130946393150612,928.2893470340516,2025-12-25,0,-0.5000000000000004,0.8660254037844384
2025-12-25,0,0.06007549109879015,9,0.3840715790835029,5.67464756355684,0.5605782426036524,26.952542778271475,61.30702116560313,1.193329357011766,927.77989349107,2025-12-26,0,-0.5000000000000004,0.8660254037844384
2025-12-26,0,8.356970799470956,23,8.560815905258089,13.872649222216435,5.153026252133259,26.770578636543576,65.494044274063,1.4829400375954178,928.6836109765028,2025-12-27,1,-0.5000000000000004,0.8660254037844384
2025-12-27,1,10.654351888260003,33,19.071398178829728,24.33072632204013,1.3617975661376085,26.218710000670768,70.46526150490895,1.3937506564020767,929.0491781251148,2025-12-28,0,-0.5000000000000004,0.8660254037844384
2025-12-28,0,3.8326245002890107,17,22.84394718801995,26.590028109000627,4.00217801743333,26.012660112018864,71.54017615648117,1.3733644804832594,927.6557302725494,2025-12-29,1,-0.5000000000000004,0.8660254037844384
2025-12-29,1,8.781690408451672,20,23.268666797000662,32.009709175555116,3.2343591859497445,25.544649871549964,75.98163318908367,1.3271138493649888,927.3587577408204,2025-12-30,1,-0.5000000000000004,0.8660254037844384
2025-12-30,1,14.22219428550453,49,26.836509194245192,46.05167698776327,7.019419096794227,25.713198002542004,74.91138604797904,1.4061940516852696,927.8603545216408,2025-12-31,1,-0.5000000000000004,0.8660254037844384
2025-12-31,1,5.240830422056923,34,28.244715116013104,51.14873779513183,9.525474277492762,24.09802844814464,79.88665034565624,1.4778243147195351,928.9982104623324,2026-01-01,0,0.0,1.0
2026-01-01,0,1.6446449921241266,21,21.107669699685555,52.73330729615717,3.4149352625060763,24.36536541359666,79.11803446871265,1.629146994144943,926.7321199445448,2026-01-02,0,0.0,1.0
2026-01-02,0,2.903968048932428,26,9.789443463113457,47.28030454561864,14.573309135929112,23.047415241087904,86.43962830838638,1.725126729411671,923.938278337338,2026-01-03,0,0.0,1.0
2026-01-03,0,2.297975441388861,14,6.846588482445394,38.9239280987475,3.2936277113829995,23.594586187014908,81.36787037681415,1.1965902444357457,923.5393362607508,2026-01-04,0,0.0,1.0
2026-01-04,0,1.3598581175666917,15,6.56180160788796,36.45116171602518,2.839162664117365,21.737796463733307,81.15696382861572,2.1990741276582915,926.623579959795,2026-01-05,0,0.0,1.0
2026-01-05,0,0.1929190732465262,14,3.8507526322020578,27.862390380820038,0.7599492100950859,19.80303028123484,79.9424518995693,2.7795979432976035,930.3107388429768,2026-01-06,0,0.0,1.0
2026-01-06,0,0.1919103431376524,12,1.744687533950849,13.832106438453161,0.1578222469719574,21.11385810149103,73.8205420336615,2.37044012016556,931.1710966157652,2026-01-07,1,0.0,1.0
2026-01-07,1,8.254750261426787,24,8.639579677810945,16.84602627782303,2.712587873805248,22.64435076530671,75.00112673764474,1.6590286946237005,931.0634557395744,2026-01-08,1,0.0,1.0
2026-01-08,1,17.311287440587243,47,25.75794804515166,32.512668726286144,4.859189161630559,23.946004968676416,73.42811387320864,1.5742942048408004,931.074695153054,2026-01-09,1,0.0,1.0
2026-01-09,1,9.820334174660575,29,35.38637187667458,39.42903485201429,1.808232288711668,24.35442146083385,69.9504024712044,1.3119717718432495,931.3409817542253,2026-01-10,1,0.0,1.0
2026-01-10,1,3.7907772942138545,22,30.922398909461652,40.92183670483928,1.6885656086265972,25.30547751458967,67.74494271659253,1.5135433954925237,929.5385765532452,2026-01-11,0,0.0,1.0
2026-01-11,0,2.0264302907713967,19,15.637541759645805,41.58840887804399,1.0151140408538732,25.375454917228645,66.761428896604,1.3993836056878628,928.3716198222188,2026-01-12,0,0.0,1.0
2026-01-12,0,2.5717458631944186,16,8.388953448179649,43.96723566799188,1.7581238731029267,25.10842062604995,68.09374010988785,1.429642693874167,928.3437986499594,2026-01-13,1,0.0,1.0
2026-01-13,1,24.614207345257974,44,29.21238349922377,68.3895326701122,15.63235275342324,22.99917949873708,75.11042423354898,1.698910404575249,930.33890064592,2026-01-14,1,0.0,1.0
2026-01-14,1,16.21540552918816,49,43.401358737640535,76.35018793787357,17.20206463227806,22.268383432768303,81.2819578581078,1.3954027469483363,931.0515871880586,2026-01-15,1,0.0,1.0
2026-01-15,1,22.588961190183447,52,63.41857406462957,81.62786168746979,20.535226694577712,22.08760654283836,83.49751898554491,1.4172464600315196,930.814298838695,2026-01-16,1,0.0,1.0
2026-01-16,1,17.102385913536835,54,55.90675263290842,88.90991342634604,18.78065931839356,22.12825398018661,80.4526250633574,1.457433993480881,930.7617419614786,2026-01-17,1,0.0,1.0
2026-01-17,1,11.719876701239219,33,51.41122380495948,96.83901283337141,6.283828914540746,22.669936382347327,78.5170130055963,1.265148061822687,928.2314472173194,2026-01-18,0,0.0,1.0
2026-01-18,0,12.514744170845383,29,41.33700678562141,107.32732671344539,11.275685557519484,22.53057374808285,83.33950701223611,1.5264640437955992,925.7553355446378,2026-01-19,0,0.0,1.0
2026-01-19,0,11.884212783425351,50,36.11883365550993,116.63979363367632,23.12080390778111,20.99369860075431,88.71513762773662,2.2461093444137936,924.2398285781852,2026-01-20,0,0.0,1.0
2026-01-20,0,6.510381648789494,27,30.909338603060206,98.53596793720784,3.2985054727043885,19.006813509970584,78.61231217308512,3.077860796179995,928.4716157389128,2026-01-21,0,0.0,1.0
2026-01-21,0,3.383757251999246,16,21.77835168421407,85.70431966001894,0.5549543270419266,18.32469218877156,79.71233656395525,2.4117621213661065,930.0087818871064,2026-01-22,0,0.0,1.0
2026-01-22,0,0.9814391717643055,18,10.875578072553024,64.09679764159978,7.051381575047669,18.208433540708462,83.10399205984285,2.1059982787885,930.1924058764288,2026-01-23,0,0.0,1.0
2026-01-23,0,0.5782984194231395,16,4.94349484318667,47.572710147486085,3.939905045633255,19.459052053374528,83.71068693303053,2.1913363181657046,929.9407638971384,2026-01-24,0,0.0,1.0
2026-01-24,0,2.067567350214327,17,3.6273049414017504,37.9204007964612,8.511223385294004,20.561664308034924,83.45205795476386,1.7900957756017404,930.3950194906082,2026-01-25,1,0.0,1.0
2026-01-25,1,9.157239509115552,25,11.803105278752998,34.56289613473137,6.328942786077102,21.65109586058895,80.85167257746242,1.7867127504662186,931.7066658043452,2026-01-26,0,0.0,1.0
2026-01-26,0,3.3877450488445544,18,14.612551908174412,26.06642840015057,2.7152982653063638,23.193138808289103,74.74721573742691,1.7164382467195032,932.1626326014776,2026-01-27,1,0.0,1.0
2026-01-27,1,7.525363141127985,17,20.07034769908807,27.081409892489063,1.119154654881059,23.534251920045055,74.13980881076655,1.5212775646861194,931.5971167661296,2026-01-28,1,0.0,1.0
2026-01-28,1,8.657771493593462,20,19.57087968356598,32.35542413408328,4.867049361281238,23.491724142462036,75.81245143781881,1.3369192248749275,930.9709560097092,2026-01-29,1,0.0,1.0
2026-01-29,1,3.9267237381993687,18,20.109858372920794,35.30070870051834,4.0779823787419085,23.235338748294424,76.26698602103781,1.5695496467608334,929.9705521164536,2026-01-30,1,0.0,1.0
2026-01-30,1,17.343244157574695,47,29.927739389367503,52.065654438669895,32.27953749982386,20.55323339045417,89.17145304654295,1.372306851484418,926.7174027304212,2026-01-31,0,0.0,1.0
2026-01-31,0,2.3107325481537773,16,23.580700443927817,52.30881963660934,1.8852203172289852,21.74090947528461,81.76858884053829,1.3587496122634448,924.934942650479,2026-02-01,1,0.49999999999999994,0.8660254037844387
2026-02-01,1,14.006798487053068,48,33.660775192781514,57.15837861454686,12.369428949517346,22.7699783352011,83.22591788117334,1.802686675805694,924.3667713568328,2026-02-02,0,0.49999999999999994,0.8660254037844387
2026-02-02,0,6.175521476991932,37,22.493052512198755,59.94615504269424,3.803059432756268,21.754023217396018,89.07189593516874,1.0613155878596396,925.7688449090184,2026-02-03,1,0.49999999999999994,0.8660254037844387
2026-02-03,1,14.163993951911475,51,34.34631391595646,66.58478585347773,6.329953752104869,22.50672096046592,88.98270856699892,1.1171137446485813,925.7926347932588,2026-02-04,1,0.49999999999999994,0.8660254037844387
2026-02-04,1,7.451779289714885,49,27.79129471861827,65.37879364959916,7.179962053357509,22.772927487173696,88.98811986571825,1.580699115965663,925.9861021151712,2026-02-05,0,0.49999999999999994,0.8660254037844387
2026-02-05,0,4.344423509516464,28,25.960196751142803,65.79649342091625,3.961621507533767,23.105370783069283,83.15962504527408,1.6085614533634869,927.5094744145098,2026-02-06,0,0.49999999999999994,0.8660254037844387
2026-02-06,0,4.59831383562697,29,16.3945166348583,53.05156309896852,4.182905983579111,23.613756107130293,79.39597206272784,1.4334012683377615,927.7678864546662,2026-02-07,1,0.49999999999999994,0.8660254037844387
2026-02-07,1,15.343197346881146,53,24.285934692024558,66.08402789769589,13.853105259624211,23.60451581331775,82.91301772968708,1.3564073921189266,927.9472709428557,2026-02-08,0,0.49999999999999994,0.8660254037844387
2026-02-08,0,6.749503989651016,44,26.691015172159112,58.82673340029385,12.069211288438249,22.166056862337395,82.60342333186306,1.5860356664593058,929.072482943572,2026-02-09,1,0.49999999999999994,0.8660254037844387
2026-02-09,1,5.978840380972987,40,28.071541717505127,58.6300523042749,16.780917303134146,21.518859798905197,86.1526224462196,1.228823798576324,929.2695704637268,2026-02-10,0,0.49999999999999994,0.8660254037844387
2026-02-10,0,6.869735319811068,54,19.59807969043505,51.33579367217449,10.483548652953877,21.68861756206794,87.3709675444205,1.6455466878445086,929.002393579176,2026-02-11,0,0.49999999999999994,0.8660254037844387
2026-02-11,0,7.872979987918433,51,20.721555688702466,51.75699437037804,8.865558938112418,22.73514783938556,84.18761014948379,1.954770310630365,929.7732017010012,2026-02-12,0,0.49999999999999994,0.8660254037844387
2026-02-12,0,5.50569748397215,26,20.248412791701632,52.91826834483373,3.077825613310344,24.80987631208357,75.40531134563741,1.6961124574704316,931.0097654149752,2026-02-13,0,0.49999999999999994,0.8660254037844387
2026-02-13,0,1.4150912948362402,21,14.793768766726803,49.73504580404299,3.12708899051718,26.16245492080492,70.14617848568342,1.386349600599921,931.603585976606,2026-02-14,0,0.49999999999999994,0.8660254037844387
2026-02-14,0,2.6479797859591265,25,9.568768564767495,37.03982824312097,2.981312805840483,24.30754454456581,78.19694066626847,1.6237890703232596,931.810411152902,2026-02-15,0,0.49999999999999994,0.8660254037844387
2026-02-15,0,1.435629700811506,22,5.498700781606852,31.725953954281465,0.1515371885092878,25.116257333122235,69.8920990626558,1.505211564061148,931.2598966945786,2026-02-16,1,0.49999999999999994,0.8660254037844387
2026-02-16,1,5.096578625018188,24,9.1801881117888,30.843692198326664,0.5197722478978731,24.850956140700568,70.35152479693926,1.302054318476117,931.1073407280904,2026-02-17,1,0.49999999999999994,0.8660254037844387
2026-02-17,1,6.829045251128731,21,13.361253576958404,30.80300212964433,1.9869721565222311,25.22324403678555,70.479544342156,1.2173116303593878,930.0655907571354,2026-02-18,1,0.49999999999999994,0.8660254037844387
2026-02-18,1,1.0687636384357337,19,12.994387514582632,23.99878578016163,2.1797086788819597,24.365259743666066,76.7970864692849,1.3736127609464734,928.0411890917007,2026-02-19,0,0.49999999999999994,0.8660254037844387
2026-02-19,0,0.5225569951129952,19,8.42036588467744,19.015645291302476,1.970467148734576,24.28679184736269,76.35139594257669,1.4714214209940342,926.7276884611896,2026-02-20,0,0.49999999999999994,0.8660254037844387
2026-02-20,0,0.5443648268687332,19,2.1356854604174407,18.14491882333497,0.9503354100176444,24.346581583787643,73.1624557387722,1.3341500812672462,926.40141340555,2026-02-21,0,0.49999999999999994,0.8660254037844387
2026-02-21,0,0.363747217284228,20,1.4306690392659351,15.860686254660068,11.044078359584464,23.897225168200503,78.0229166642572,1.7877087139321528,927.1967054175626,2026-02-22,0,0.49999999999999994,0.8660254037844387
2026-02-22,0,6.112418914489364,40,7.020530958642304,20.537475468337927,9.81285071922731,22.37260796724857,82.12479813136383,2.27376843379683,928.5252519524984,2026-02-23,0,0.49999999999999994,0.8660254037844387
2026-02-23,0,1.5736230929381745,22,8.049789224711745,17.014519936257912,6.677694859301731,22.534815668264585,83.68406872917548,1.9374518709515691,926.9068351288442,2026-02-24,1,0.49999999999999994,0.8660254037844387
2026-02-24,1,10.285570246308932,28,17.97161225373645,20.471044931438115,4.472151981249911,23.20161749747709,82.80517406162386,1.4041742143656002,924.2725175828356,2026-02-25,1,0.49999999999999994,0.8660254037844387
2026-02-25,1,5.344062189327122,31,17.203255528574207,24.746343482329504,13.92611677549694,23.57770727275765,84.23155667036593,1.0075113133886615,922.0919995914196,2026-02-26,0,0.49999999999999994,0.8660254037844387
2026-02-26,0,4.7021963037913705,49,20.331828739427404,28.92598279100788,23.866434841482285,21.878058249931712,89.96855818423344,2.3213679665528297,922.0185025849484,2026-02-27,0,0.49999999999999994,0.8660254037844387
2026-02-27,0,7.0178885197847345,50,17.064147012903206,35.39950648392388,3.619582547157635,20.941009863201074,83.2539435642593,2.43410751956667,925.634683341742,2026-02-28,0,0.49999999999999994,0.8660254037844387
2026-02-28,0,0.2155939405949093,17,11.935678764170992,35.25135320723456,0.1992693876564174,20.638890971403683,74.23296239678373,2.062273112310504,927.2637725461702,2026-03-01,0,0.8660254037844386,0.5000000000000001
2026-03-01,0,0.2272265319376408,23,7.460708992317263,29.366160824682837,0.3195436272747058,20.247292511321664,73.43436294856431,2.207007288296759,927.9187160201752,2026-03-02,0,0.8660254037844386,0.5000000000000001
2026-03-02,0,0.21631398770153143,21,0.6591344602340602,28.008851719446195,0.1419842812874502,20.01585016665003,75.23324051490098,1.809953683245963,927.8327855994856,2026-03-03,0,0.8660254037844386,0.5000000000000001
2026-03-03,0,0.18625540038895882,21,0.6297959200281097,17.90953687352622,0.0223114048522263,20.84678466153253,74.68158476218463,1.542150289174366,928.1833031262096,2026-03-04,0,0.8660254037844386,0.5000000000000001
2026-03-04,0,0.16690531557303093,21,0.5694747036635,12.73237999977213,0.031376347282523,21.225061950730023,73.21964664186677,1.5529578039089582,928.8378000921572,2026-03-05,0,0.8660254037844386,0.5000000000000001
2026-03-05,0,0.1346885824174799,21,0.48784929837944835,8.16487227839824,0.4518993176879167,22.07466046717449,75.828173517253,1.7161735483329863,929.1831111278486,2026-03-06,1,0.8660254037844386,0.5000000000000001
2026-03-06,1,10.191205158269817,46,10.492799056260306,11.338188916883322,9.843854995652746,22.942227044775137,82.67875305867805,1.4815962217336072,929.5106862536504,2026-03-07,1,0.8660254037844386,0.5000000000000001
2026-03-07,1,9.468985965878776,54,19.79487970656605,20.59158094216719,14.096226317573723,22.547811135059128,87.39815546945682,1.5792202390098382,928.128085315487,2026-03-08,1,0.8660254037844386,0.5000000000000001
2026-03-08,1,16.689086165800838,55,36.349277289949406,37.05344057603038,4.1146324618473535,22.68358602640791,81.56905156093455,1.4049351941771415,927.773369421664,2026-03-09,0,0.8660254037844386,0.5000000000000001
2026-03-09,0,9.64027335484841,55,35.798345486528,46.47739994317726,6.286862582256449,20.819548593805507,91.1419332907139,1.5020035820689803,930.788632928737,2026-03-10,0,0.8660254037844386,0.5000000000000001
2026-03-10,0,8.832519463281669,54,35.1618789839309,55.12366400606997,9.872221506417691,20.508134030364964,91.60673162048218,1.3424656538140185,931.25505965947,2026-03-11,0,0.8660254037844386,0.5000000000000001
2026-03-11,0,4.351458461521836,44,22.824251279651893,59.30821715201878,12.038870526924043,20.716009427416772,92.2168741125819,1.1122042517144235,929.5070550317796,2026-03-12,0,0.8660254037844386,0.5000000000000001
2026-03-12,0,17.821898338745825,57,31.005876263549307,76.99542690834713,24.98774209900861,20.44974962132611,94.57987349117148,1.4779744312795506,926.797507328728,2026-03-13,0,0.8660254037844386,0.5000000000000001
2026-03-13,0,3.5636612762279425,39,25.737018076495584,70.36788302630525,4.16828045291442,21.145871273825986,88.19556661531685,1.3479451855516478,925.953460639332,2026-03-14,0,0.8660254037844386,0.5000000000000001
2026-03-14,0,1.7963477294237769,28,23.181907344397523,62.69524478985025,1.7248608217592003,22.37499714396274,74.63120937226174,0.9733141868077424,926.432092952418,2026-03-15,0,0.8660254037844386,0.5000000000000001
2026-03-15,0,1.2859162054116757,27,6.645925211063374,47.292074829461086,0.4755482438148051,23.498399473535606,72.42797138202431,1.008875285630753,926.9873490217176,2026-03-16,0,0.8660254037844386,0.5000000000000001
2026-03-16,0,1.0354236977737403,28,4.117687632609171,38.68722517238642,0.3849717119887624,24.62385231332773,66.43616993684834,1.0990009161408494,928.258693205318,2026-03-17,0,0.8660254037844386,0.5000000000000001
2026-03-17,0,0.9976395335989461,27,3.318979436784341,30.852345242703695,0.2838435124889575,23.75585889937376,72.47855202333298,1.4043903351211515,928.431656852654,2026-03-18,1,0.8660254037844386,0.5000000000000001
2026-03-18,1,1.0275259225352777,27,3.060589153907943,27.528412703717137,6.483626852273737,23.49724359242593,78.99415732141594,1.2468488842257046,927.3227144414784,2026-03-19,1,0.8660254037844386,0.5000000000000001
2026-03-19,1,8.38221116616915,48,10.407376622303353,18.08872553114046,19.618803734198767,22.132718161013777,88.03836758011498,0.9624613139754754,925.431238036718,2026-03-20,0,0.8660254037844386,0.5000000000000001
2026-03-20,0,7.134049668580453,28,16.54378675728486,21.65911392349297,1.7106814330071205,22.53636056993637,79.97807081954784,1.5573736139468588,925.8007006238164,2026-03-21,0,0.8660254037844386,0.5000000000000001
2026-03-21,0,1.1403787903172007,25,16.65663962506678,21.003144984386395,0.1809208113425533,23.163897770757654,74.20145048917806,1.1118469106551612,927.449123845614,2026-03-22,0,0.8660254037844386,0.5000000000000001
2026-03-22,0,0.9434270292000564,26,9.217855488097689,20.660655808174777,1.0645629988973555,23.470283024102255,71.75727456249385,1.0677363464791212,928.455802593218,2026-03-23,0,0.8660254037844386,0.5000000000000001
2026-03-23,0,0.4339682396437245,24,2.5177740591609603,20.059200350044758,2.672032085748167,23.313451645675148,68.51262464648092,1.6258383417747424,927.925598567798,2026-03-24,0,0.8660254037844386,0.5000000000000001
2026-03-24,0,0.7687595188544001,24,2.1461547876981597,19.830320335300215,0.0252750676882759,22.755857230896563,71.500181039402,1.3604128879905797,927.0166088642404,2026-03-25,0,0.8660254037844386,0.5000000000000001
2026-03-25,0,1.1923304362500138,25,2.395058194748117,19.995124849014953,1.8113103409365008,22.918142554339987,75.87070843152219,1.626934628112317,929.539754877652,2026-03-26,1,0.8660254037844386,0.5000000000000001
2026-03-26,1,6.065663862517476,30,8.026753817621868,17.67857754536328,3.416890765802404,23.544144997877336,77.64814131388478,1.230182076206269,931.580372012153,2026-03-27,0,0.8660254037844386,0.5000000000000001
2026-03-27,0,1.5093642780293688,24,8.767358576796836,12.053892154812194,0.4851414553837366,23.95404353831563,72.69108743733281,1.392617460162369,932.613781833938,2026-03-28,0,0.8660254037844386,0.5000000000000001
2026-03-28,0,0.3316424743642972,22,7.90667061491112,11.24515583885929,0.0064839415776019,23.32684363023284,71.25483759984071,1.7006245526844546,933.6372389719924,2026-03-29,0,0.8660254037844386,0.5000000000000001
2026-03-29,0,0.4306144621890672,23,2.2716212145827117,10.732343271848302,0.024194804235582,23.171574375601807,73.52943374937124,1.3430625129937206,932.96620057561,2026-03-30,0,0.8660254037844386,0.5000000000000001
2026-03-30,0,0.10663533252622362,22,0.8688922690795667,10.405010364730801,0.4644604719602198,22.43801308851318,76.18603877195926,1.3564911538874034,930.5019273176572,2026-03-31,0,0.8660254037844386,0.5000000000000001
2026-03-31,0,2.1507684658834645,37,2.688018260598734,11.787019311759863,15.183362046000854,21.03164048401478,82.23717373688639,1.238788314776405,927.9141547620663,2026-04-01,1,1.0,6.123233995736766e-17
2026-04-01,1,3.99529702460021,51,6.252700823009877,14.589985900110062,2.0145851250305524,21.756329250193915,79.15073725233447,1.2332821714407225,928.436065774387,2026-04-02,0,1.0,6.123233995736766e-17
2026-04-02,0,1.2662290355471444,54,7.412294526030799,9.79055107313973,7.787184570342319,22.24689594122097,80.60957583648964,1.4847728393800153,929.5835082384452,2026-04-03,0,1.0,6.123233995736766e-17
2026-04-03,0,1.1241772933197405,48,6.385703353467074,9.405364088430101,3.1426390441466534,22.84975978904807,78.9130857935256,1.4053140457398503,930.898051752203,2026-04-04,0,1.0,6.123233995736766e-17
2026-04-04,0,1.9777870536375206,52,4.368193382504384,11.051508667703326,0.2876774000339833,23.74064130820367,75.16081453904388,1.159799025333813,931.0043347960274,2026-04-05,0,1.0,6.123233995736766e-17
2026-04-05,0,1.50258256036725,45,4.60454690732449,12.123476765881508,3.1163182046799616,23.401095154542425,76.35830615913272,1.5466042700334834,931.2419434859364,2026-04-06,0,1.0,6.123233995736766e-17
2026-04-06,0,0.5559764545959617,44,4.036346068600712,12.572817887951246,2.053098933611712,23.494954243582708,76.40712848438977,1.7996874304310744,931.972415800887,2026-04-07,0,1.0,6.123233995736766e-17
2026-04-07,0,4.4557114834072316,60,6.514270498370423,14.877760905475014,10.328661562191616,23.128353914214543,81.83908517803995,1.2560064113384477,931.5435710699292,2026-04-08,0,1.0,6.123233995736766e-17
2026-04-08,0,0.6166253909968968,48,5.628313329000069,11.4990892718717,1.6847480297459565,22.790062271928868,81.04865775190282,1.599314733700438,929.2010625944276,2026-04-09,0,1.0,6.123233995736766e-17
2026-04-09,0,0.2434699767776069,44,5.315806851181715,10.476330213102163,0.8311902927533197,22.451635606697472,80.98113475925172,1.437075689173419,929.1486566203184,2026-04-10,0,1.0,6.123233995736766e-17
2026-04-10,0,2.943185739182571,57,3.803281106957054,12.295338658964994,4.085432581706705,19.287951363035717,85.73582873902149,1.6613424606227816,931.903229290127,2026-04-11,0,1.0,6.123233995736766e-17
2026-04-11,0,1.4037941411583557,44,4.590449857118513,11.721345746485827,0.2853851013007838,20.43130725123968,73.17586389669765,2.3459003977899533,933.8913062194038,2026-04-12,0,1.0,6.123233995736766e-17
2026-04-12,0,0.06883380612509485,41,4.415813686466001,10.287596992243671,0.0426950738133005,20.633119645505392,72.32737995929361,1.71431019991445,934.1012622714748,2026-04-13,0,1.0,6.123233995736766e-17
2026-04-13,0,0.009813870624001048,43,1.4824418179074312,9.74143440827171,0.0344274196628078,20.94918280730049,74.42871395052781,1.1172207226763908,932.0000175974536,2026-04-14,0,1.0,6.123233995736766e-17
2026-04-14,0,0.008908309584676451,42,0.08755598633375192,5.294631234449156,0.024194804235582,21.043218328783848,72.8610751313461,1.7112638518048993,930.6124656287968,2026-04-15,0,1.0,6.123233995736766e-17
2026-04-15,0,0.006786226052204043,43,0.025508406260861115,4.684792069504463,0.0383382417477806,20.94346841673884,68.95784112033579,1.5678904410553012,930.632623601447,2026-04-16,0,1.0,6.123233995736766e-17
2026-04-16,0,0.27300501944701483,44,0.2886995550838749,4.714327112173872,0.0400222675102064,21.094150607973944,70.3472761008534,1.2954595050906144,928.9518837243464,2026-04-17,0,1.0,6.123233995736766e-17
2026-04-17,0,0.24076639936950656,44,0.520557644868705,2.011907772360807,0.0603631859732156,22.346361909057965,67.60496940690093,1.1157972580401552,926.4773003298876,2026-04-18,0,1.0,6.123233995736766e-17
2026-04-18,0,1.0607606223483823,52,1.5745320411648833,1.6688742535508339,0.0805436194748475,22.541978048417462,74.33137656161472,1.459267834191325,925.4421378916386,2026-04-19,0,1.0,6.123233995736766e-17
2026-04-19,0,0.2604336296504502,44,1.5619606513683186,1.8604740770761892,0.0393597237365167,22.422734661713672,71.15958757939151,1.3848156380843943,928.1254855726572,2026-04-20,0,1.0,6.123233995736766e-17
2026-04-20,0,0.1851902296965764,44,1.5063844816953884,2.0358504361487646,0.0344898810876918,20.815532563827414,67.1973738041131,1.8019978055183945,931.1191535140116,2026-04-21,0,1.0,6.123233995736766e-17
2026-04-21,0,0.18431320815455884,44,0.629937067501565,2.211255334718647,0.0439330895951792,19.894091438517755,70.96964631662253,1.6420340214254927,931.505046128226,2026-04-22,0,1.0,6.123233995736766e-17
2026-04-22,0,0.14317218486885877,43,0.5126756227199736,2.3476412935353017,0.0224110916626912,20.548302676987216,72.63091802979733,1.3636929644635785,931.6807452278736,2026-04-23,0,1.0,6.123233995736766e-17
2026-04-23,0,0.17449824343802875,42,0.501983636461426,2.2491345175263153,0.0663441812578705,20.92746037949509,73.77728028071223,1.8878867536644868,932.4522451571488,2026-04-24,0,1.0,6.123233995736766e-17
2026-04-24,0,0.07111845437532398,43,0.38878888268219103,2.079486572532133,0.0,21.804743789555896,70.09935253432407,1.333233000446755,932.0807905171476,2026-04-25,0,1.0,6.123233995736766e-17
2026-04-25,0,0.0,41,0.24561669781333229,1.0187259501837507,0.0281056263205547,22.64600610076795,69.4552530550638,1.340202318749074,929.2971796148264,2026-04-26,0,1.0,6.123233995736766e-17
2026-04-26,0,0.008467440222461138,42,0.07958589459776469,0.7667597607557617,0.0976954084634623,23.495946446472537,66.95997342410784,1.5541354761239017,927.9706571754904,2026-04-27,0,1.0,6.123233995736766e-17
2026-04-27,0,0.45336683089390994,49,0.46183427111635067,1.0349363619530954,2.348779944082094,21.964321931947943,82.75848068525613,1.1237801254508633,928.972025754328,2026-04-28,0,1.0,6.123233995736766e-17
2026-04-28,0,2.548147166445815,57,3.009981437562166,3.3987703202443518,2.4604945071290136,22.164274397494182,81.93863034299429,1.4117123483566991,930.5747214417196,2026-04-29,0,1.0,6.123233995736766e-17
2026-04-29,0,1.0448812045440883,52,4.046395201883793,4.300479339919581,2.6051106549681533,22.091206895119967,82.06645524766006,1.4606600030806187,930.348624536449,2026-04-30,0,1.0,6.123233995736766e-17
2026-04-30,0,2.8890940310049613,56,6.482122401994844,7.015075127486513,3.152676712362386,21.56008673583139,79.16511033915754,1.4455025993852753,931.4331687536726,2026-05-01,0,0.8660254037844387,-0.4999999999999998
2026-05-01,0,0.3256327094937722,15,4.259607945042801,7.269589382604961,0.0500387650955904,22.44666956498249,77.53583869230803,1.3443280268400932,933.0573404959828,2026-05-02,0,0.8660254037844387,-0.4999999999999998
2026-05-02,0,0.3786286529802639,13,3.5933553934789764,7.648218035585225,0.342184001317496,21.825252522336747,74.6953329787153,1.6580845067988554,932.864017352219,2026-05-03,0,0.8660254037844387,-0.4999999999999998
2026-05-03,0,1.1376839494012656,23,1.8419453118752809,8.77743454476403,1.1555143979435656,18.38716587576434,81.98093776395022,2.1521373408370126,934.250572400731,2026-05-04,0,0.8660254037844387,-0.4999999999999998
2026-05-04,0,0.14137239835338916,13,1.657685000734898,8.465440112223508,0.1318343849793714,20.32889570358494,75.38265059519082,1.553655266446038,933.7307671962958,2026-05-05,0,0.8660254037844387,-0.4999999999999998
2026-05-05,0,0.01181994740669902,11,1.2908762951613328,5.929112893184394,0.0064839415776019,22.291182058139093,71.31847972425771,1.0099816367598038,934.9590775742404,2026-05-06,0,0.8660254037844387,-0.4999999999999998
2026-05-06,0,0.01181994740669902,11,0.16501229316676633,4.896051636047004,0.0159271500850893,22.68866386200657,68.04858177636856,1.1485308604162647,934.4546060205092,2026-05-07,0,0.8660254037844387,-0.4999999999999998
2026-05-07,0,0.7144025257438563,13,0.7380424205572335,2.7213601307858992,0.0164807714202546,22.655827704846203,66.55673869759315,1.668739676405383,930.3698334982516,2026-05-08,0,0.8660254037844387,-0.4999999999999998
2026-05-08,0,0.4983028188781015,15,1.224525292028636,2.8940302401702285,0.3899090642549829,23.049356687214317,65.89567282292482,2.0413444292024705,928.0568792395115,2026-05-09,0,0.8660254037844387,-0.4999999999999998
2026-05-09,0,2.633494410443613,13,3.84619975506555,5.148895997633578,5.077439086622787,22.277686709025588,73.3744315764893,1.5254086162274505,929.4252028636236,2026-05-10,0,0.8660254037844387,-0.4999999999999998
2026-05-10,0,12.763464209248555,60,15.895261438570248,16.774676257480866,9.554927142368827,16.497309639578262,88.39638864359935,1.6649907333281984,933.3137928342364,2026-05-11,0,0.8660254037844387,-0.4999999999999998
2026-05-11,0,3.5298338588789195,23,18.926792478571066,20.163137718006396,0.7884972878795417,13.530504088076178,77.93455890681818,1.0353881285083075,933.6009589771502,2026-05-12,0,0.8660254037844387,-0.4999999999999998
2026-05-12,0,1.0250544847184828,14,17.318352552845937,21.17637225531818,0.0699130854074965,14.35928163615253,67.94995156303692,1.0906054762061612,933.415869394802,2026-05-13,0,0.8660254037844387,-0.4999999999999998
2026-05-13,0,0.7251194744308987,13,5.280007818028282,21.889671782342383,0.0838714514236439,16.620690226097906,66.96296570610059,0.8798771870813324,932.1922691306662,2026-05-14,0,0.8660254037844387,-0.4999999999999998
2026-05-14,0,0.7787794535993233,14,2.5289534127486855,21.95404871019785,0.0064839415776019,18.02414969190331,69.69267109019333,0.9150327927624924,931.814999460614,2026-05-15,0,0.8660254037844387,-0.4999999999999998
2026-05-15,0,3.3691952655426554,57,4.873094193572858,24.8249411568624,3.3548134477104625,16.983609347122485,89.12214840304581,0.6759997053361299,932.5893050941104,2026-05-16,0,0.8660254037844387,-0.4999999999999998
2026-05-16,0,4.075774782994065,16,8.223749502136025,26.267221529412854,0.7758572423914045,19.71372453698311,79.61615578094978,0.8507518746588212,931.2314680783638,2026-05-17,0,0.8660254037844387,-0.4999999999999998
2026-05-17,0,11.064864768591649,56,18.50983481712835,24.56862208875595,10.445761644787297,18.815593084204064,91.13023373130024,1.1694832809723832,930.822851401809,2026-05-18,0,0.8660254037844387,-0.4999999999999998
2026-05-18,0,5.506583940247688,22,20.647223491833383,26.54537217012472,2.3251193065558216,17.88596225411205,93.68292208520832,1.1051944143450498,932.4708815369216,2026-05-19,0,0.8660254037844387,-0.4999999999999998
2026-05-19,0,5.947398397291338,16,22.518847106130657,31.467716082697574,1.6376004582721777,17.207369665256017,91.17459541724791,1.3412127593933485,934.1759772306254,2026-05-20,0,0.8660254037844387,-0.4999999999999998
2026-05-20,0,1.6208258158688666,27,13.074808153407872,32.36342242413554,1.562774270806581,17.530400705218465,88.55543292900887,1.05180177963822,935.3826314321618,2026-05-21,0,0.8660254037844387,-0.4999999999999998
2026-05-21,0,2.7811013634689963,16,10.349325576629182,34.365744334005214,1.5334030139481083,16.04281071116195,87.68549457180194,1.8035120100986948,935.8545201782044,2026-05-22,0,0.8660254037844387,-0.4999999999999998
2026-05-22,0,1.8632759722630978,15,6.265203151600941,32.85982504072565,0.0609405694292058,15.666215530457132,84.32654751001121,1.835204361361136,938.4506554839032,2026-05-23,0,0.8660254037844387,-0.4999999999999998
2026-05-23,0,9.121093214537943,57,13.765470550270017,37.90514347226953,5.054020438922465,16.527199037296032,88.8947569200088,1.0454710800960043,936.0510433963432,2026-05-24,0,0.8660254037844387,-0.4999999999999998
2026-05-24,0,2.917171884094753,38,13.901541070895773,29.757450587772638,6.4747204415020665,19.83018150650616,85.89433599867836,1.009507990581504,933.9426018650182,2026-05-25,0,0.8660254037844387,-0.4999999999999998
2026-05-25,0,0.4851908063131579,12,12.523455904945832,24.73605745383811,1.5107334417025982,19.238755453595413,85.8513513771146,1.2308958260523584,935.0542572563268,2026-05-26,0,0.8660254037844387,-0.4999999999999998
2026-05-26,0,1.314871192866006,13,4.717233883273895,20.103530249412774,0.0831122121387501,20.77081589266843,79.79336652558393,1.3085010360792024,934.5944182711712,2026-05-27,0,0.8660254037844387,-0.4999999999999998
2026-05-27,0,1.1000236859192838,13,2.9000856850984262,19.58272811946319,0.0477565751724862,19.71729959839579,81.90121893736668,1.2437817798969342,933.4754882142674,2026-05-28,0,0.8660254037844387,-0.4999999999999998
2026-05-28,0,0.5579575039141976,9,2.972852382699466,17.359584259908395,0.1023857304039129,17.48727289522621,74.90525551459294,1.7338814961344338,934.6888311045592,2026-05-29,0,0.8660254037844387,-0.4999999999999998
2026-05-29,0,0.4909010493506956,12,2.1488822391841556,15.987209336995992,0.1424502167102308,16.73115210745805,80.15995681380049,1.6420883133067945,934.7243017998394,2026-05-30,0,0.8660254037844387,-0.4999999999999998
2026-05-30,0,0.49306037385525764,12,1.5419189271201295,7.3591764963133075,0.0330910365406039,18.16577224742937,80.79571642592978,1.2471153692856358,934.1146325847058,2026-05-31,0,0.8660254037844387,-0.4999999999999998
