date,has_flooding,n_events,n_intransit,cemaden_precip_idw_mm,cemaden_precip_mean_mm,cemaden_precip_max_mm,cemaden_precip_median_mm,cemaden_intensity_max_hor,cemaden_precip_lag1d,cemaden_precip_lag2d,cemaden_precip_lag3d,cemaden_precip_acc3d,cemaden_precip_acc7d,cemaden_precip_acc14d,precipitation_sum,precipitation_sum_acc3d,precipitation_sum_acc7d,soil_moisture_0_to_7cm_mean
2015-01-01,1,1,0,1.30634785507763,3.234659293774384,21.54586727243005,0.0,10.560591809415769,,,,,,,0.3,,,0.449875
2015-01-02,1,1,0,2.7607162907863487,4.7113068972355885,21.44792944069192,1.77221757502699,12.197373217628751,1.30634785507763,,,,,,7.8,,,0.4324999999999999
2015-01-03,1,1,1,2.0783314231788754,2.3750584428362003,24.212619054527565,1.58536,6.099608779391877,2.7607162907863487,1.30634785507763,,6.145395569042854,,,5.7,13.8,,0.4862916666666666
2015-01-04,0,0,0,0.8370835043475942,0.9755208744051628,9.55608,0.2,6.500681988777644,2.0783314231788754,2.7607162907863487,1.30634785507763,5.676131218312818,,,20.9,34.4,,0.479375
2015-01-05,1,8,1,10.994810471523872,11.470464472478415,51.67574098780906,6.511474938271605,18.71759110932233,0.8370835043475942,2.0783314231788754,2.7607162907863487,13.91022539905034,,,5.9,32.5,,0.4833749999999999
2015-01-06,1,7,4,1.8800781851262416,2.274721479257909,26.263040145796023,0.2,13.59569207543852,10.994810471523872,0.8370835043475942,2.0783314231788754,13.711972160997709,,,10.3,37.1,,0.47825
2015-01-07,1,18,7,20.591477560729825,15.931321316074673,49.60271815280935,11.020618251419505,17.706788470882817,1.8800781851262416,10.994810471523872,0.8370835043475942,33.466366217379935,40.44884529077039,,7.6,23.8,58.5,0.46525
2015-01-08,1,24,11,16.70093732880667,10.406766533630885,36.25660273122087,7.871457760190932,19.754131754569794,20.591477560729825,1.8800781851262416,10.994810471523872,39.17249307466274,55.84343476449942,,1.5,19.4,59.7,0.4687083333333333
2015-01-09,0,0,0,0.9844739712460888,0.7153846153846154,10.6,0.0,0.2,16.70093732880667,20.591477560729825,1.8800781851262416,38.27688886078258,54.06719244495916,,0.5,9.6,52.4,0.4617916666666666
2015-01-10,1,5,5,2.785562957965718,2.707860027445155,53.01666927579488,0.0,12.404605630574752,0.9844739712460888,16.70093732880667,20.591477560729825,20.47097425801848,54.77442397974601,,1.4,3.4,48.1,0.4267499999999999
2015-01-11,1,5,4,1.5506106344100512,2.6336185008222235,27.107722364353737,0.5945100000000001,13.433242785877818,2.785562957965718,0.9844739712460888,16.70093732880667,5.320647563621858,55.48795110980846,,2.4,4.3,29.6,0.426
2015-01-12,1,35,25,18.69057453281258,20.87014704381217,78.50814968140858,13.299089404138757,26.36666620912856,1.5506106344100512,2.785562957965718,0.9844739712460888,23.026748125188348,63.18371517109718,,2.9,6.699999999999999,26.6,0.4069166666666666
2015-01-13,0,0,0,4.33881002119808,4.470084192435914,25.14541750777936,0.79085,17.07128354178196,18.69057453281258,1.5506106344100512,2.785562957965718,24.57999518842071,65.64244700716901,,3.1,8.399999999999999,19.4,0.408625
2015-01-14,1,18,9,13.896818708453727,7.700658641835754,56.61411205096491,2.067318571007193,15.122206360878758,4.33881002119808,18.69057453281258,1.5506106344100512,36.926203262464384,58.94778815489292,99.3966334456633,3.3,9.3,15.1,0.4171666666666667
2015-01-15,0,0,0,10.46667576667362,6.57153452392896,33.688900000000004,3.837648674281759,13.008018047671584,13.896818708453727,4.33881002119808,18.69057453281258,28.70230449632543,52.71352659275986,108.5569613572593,3.1,9.5,16.7,0.4266666666666667
2015-01-16,0,0,0,1.3917336938452307,1.157222952801986,11.1634,0.1,4.13552701432267,10.46667576667362,13.896818708453727,4.33881002119808,25.75522816897258,53.12078631535901,107.18797876031816,0.4,6.8,16.6,0.3967083333333333
2015-01-17,0,0,0,0.1497813383537117,0.1423076923076923,5.4,0.0,0.2,1.3917336938452307,10.46667576667362,13.896818708453727,12.008190798872564,50.485004695747,105.259428675493,0.0,3.5,15.2,0.3542916666666666
2015-01-18,0,0,0,0.1718318192859227,0.1800084484691596,3.0,0.0,1.1780400000000002,0.1497813383537117,1.3917336938452307,10.46667576667362,1.713346851484865,49.10622588062287,104.59417699043134,0.3,0.7,13.1,0.3135833333333333
2015-01-19,0,0,0,0.9734330943174538,1.161684613957096,43.21511764678992,0.0,22.109682947082806,0.1718318192859227,0.1497813383537117,1.3917336938452307,1.2950462519570882,31.389084442127743,94.57279961322492,0.3,0.6,10.5,0.2815416666666666
2015-01-20,0,0,0,0.238422772115726,0.4859155984480806,8.12314,0.0,5.324559492441824,0.9734330943174538,0.1718318192859227,0.1497813383537117,1.3836876857191027,27.288697193045397,92.9311442002144,0.0,0.6,7.4,0.2479166666666666
2015-01-21,0,0,0,0.4940542620113508,0.3416504384167745,6.49849584901027,0.0,3.9355004516711833,0.238422772115726,0.9734330943174538,0.1718318192859227,1.7059101284445308,13.885932746603016,72.83372090149594,1.2,1.5,5.3,0.2272499999999999
2015-01-22,0,0,0,19.537336012532585,18.823978496142043,50.93087698149146,18.70171,9.165014706066982,0.4940542620113508,0.238422772115726,0.9734330943174538,20.26981304665966,22.956592992461974,75.67011958522185,3.0,4.2,5.199999999999999,0.2792916666666666
2015-01-23,0,0,0,8.755229514290322,11.531159861739916,60.86202028579396,6.127051142949298,10.369783707519872,19.537336012532585,0.4940542620113508,0.238422772115726,28.78661978883426,30.320088812907063,83.44087512826609,3.2,7.4,8.0,0.3512916666666667
2015-01-24,1,1,0,3.719820661872122,6.288990494878483,34.281385595557985,2.97072,19.54811330560366,8.755229514290322,19.537336012532585,0.4940542620113508,32.01238618869503,33.89012813642548,84.37513283217248,3.2,9.4,11.2,0.3864166666666666
2015-01-25,0,0,0,0.7459153487629235,1.0574566020061096,10.6,0.0,7.941777200047098,3.719820661872122,8.755229514290322,19.537336012532585,13.220965524925369,34.464211665902475,83.57043754652535,2.3,8.7,13.2,0.4014166666666667
2015-01-26,1,12,3,17.470576735772838,26.706025440850407,109.68596509822702,11.433865209619412,21.65971934604685,0.7459153487629235,3.719820661872122,8.755229514290322,21.93631274640789,50.96135530735786,82.35043974948562,3.5,9.0,16.4,0.41125
2015-01-27,1,19,14,7.774505548334163,12.49902790770943,64.0177769656834,2.958932544485017,19.34101675027224,17.470576735772838,0.7459153487629235,3.719820661872122,25.990997632869927,58.49743808357631,85.78613527662169,3.4,9.2,19.8,0.4422083333333333
2015-01-28,1,3,2,14.802815996095267,9.553553381704123,89.54539944479652,4.541703703703704,22.316952544498427,7.774505548334163,17.470576735772838,0.7459153487629235,40.04789828020228,72.80619981766021,86.69213256426325,1.0,7.9,19.6,0.4468333333333333
2015-01-29,0,0,0,0.2689338906994876,0.3241830188679245,8.4,0.0,0.5890200000000001,14.802815996095267,7.774505548334163,17.470576735772838,22.84625543512892,53.53779769582712,76.49439068828912,2.0,6.4,18.6,0.4553333333333333
2015-01-30,0,0,0,0.3716659383827127,0.4729499721815209,2.7560800000000003,0.2,0.7859780141567635,0.2689338906994876,14.802815996095267,7.774505548334163,15.443415825177471,45.15423411991952,75.47432293282658,1.8,4.8,17.2,0.4550416666666667
2015-01-31,0,0,0,0.3733988702815353,0.7812403452889196,3.2,0.4,1.3743800000000002,0.3716659383827127,0.2689338906994876,14.802815996095267,1.013998699363739,41.80781232832892,75.69794046475441,0.5,4.3,14.5,0.46375
2015-02-01,0,0,0,1.220902641279546,1.615737821521423,10.485434444744524,0.89268,6.544852359176118,0.3733988702815353,0.3716659383827127,0.2689338906994876,1.9659674499437976,42.282799620845545,76.74701128674803,7.1,9.4,19.3,0.4595833333333334
2015-02-02,1,8,1,6.004018405282579,5.5568861144085,38.21021691562525,3.682067220450859,12.412194029180696,1.220902641279546,0.3733988702815353,0.3716659383827127,7.598319916843664,30.816241290355286,81.77759659771316,15.2,22.8,31.0,0.4675
2015-02-03,1,1,0,2.037111737205053,2.518761052429125,54.79997529503801,0.0,14.507183902932256,6.004018405282579,1.220902641279546,0.3733988702815353,9.262032783767182,25.07884747922618,83.57628556280248,5.3,27.6,32.9,0.4866666666666666
2015-02-04,0,0,0,0.2459688500728379,0.2961538461538461,8.8,0.0,0.2,2.037111737205053,6.004018405282579,1.220902641279546,8.287098992560473,10.522000333203748,83.32820015086398,4.4,24.9,36.3,0.494375
2015-02-05,1,28,6,28.34676665419048,36.06117057659544,76.28867941305111,34.132706204005224,9.98514253647587,0.2459688500728379,2.037111737205053,6.004018405282579,30.62984724146837,38.59983309669474,92.13763079252186,12.3,22.0,46.6,0.4839166666666667
2015-02-06,1,15,7,24.750081531368565,19.02703860240623,47.61676,17.173083889563678,15.157046363658782,28.34676665419048,0.2459688500728379,2.037111737205053,53.34281703563188,62.97824868968059,108.1324828096001,13.6,30.3,58.4,0.4679583333333333
2015-02-07,1,2,0,10.379903442128873,5.337382055571855,24.78772,2.8567391705845946,11.18971442302171,24.750081531368565,28.34676665419048,0.2459688500728379,63.47675162768792,72.98475326152793,114.79256558985686,3.1,29.0,61.0,0.487875
2015-02-08,0,0,0,0.3730184427362892,0.5623592302723884,7.294478549689379,0.0,3.938364232016001,10.379903442128873,24.750081531368565,28.34676665419048,35.50300341623373,72.13686906298467,114.41966868383022,2.6,19.3,56.5,0.4897916666666666
2015-02-09,1,1,0,3.0955456291786643,2.321123849415355,28.81911755302708,0.0,11.195510781893006,0.3730184427362892,10.379903442128873,24.750081531368565,13.84846751404383,69.22839628688075,100.04463757723606,7.1,12.799999999999995,48.4,0.46925
2015-02-10,1,1,1,2.705555429067531,4.750570028924536,27.556788739279217,3.87621,10.979121642731164,3.0955456291786643,0.3730184427362892,10.379903442128873,6.1741195009824885,69.89683997874323,94.97568745796944,3.9,13.599999999999998,47.0,0.4495833333333334
2015-02-11,1,5,1,8.321171048478536,14.997746622115008,63.20133598537125,10.040152112638305,16.86282963156175,2.705555429067531,3.0955456291786643,0.3730184427362892,14.122272106724736,77.97204217714892,88.49404251035268,1.0,11.999999999999996,43.6,0.4532916666666666
2015-02-12,0,0,0,0.1816358535226261,0.2038461538461538,5.4,0.0,0.2,8.321171048478536,2.705555429067531,3.0955456291786643,11.2083623310687,49.80691137648108,88.40674447317582,0.8,5.699999999999998,32.1,0.4350833333333333
2015-02-13,1,4,3,1.4743170836123314,3.93489362986017,29.02614876527125,0.0,13.626426743009532,0.1816358535226261,8.321171048478536,2.705555429067531,9.9771239856135,26.531146928724848,89.50939561840545,2.6,4.399999999999999,21.1,0.42375
2015-02-14,0,0,0,2.816632665464988,5.184123303820646,31.648403061237428,3.1553136156090407,8.72624255240062,1.4743170836123314,0.1816358535226261,8.321171048478536,4.47258560259995,18.96787615206096,91.95262941358892,6.1,9.499999999999998,24.1,0.4789583333333333
2015-02-15,1,4,2,12.622512365136496,8.759527823128094,25.78891470910547,8.789820987576206,15.554988332773494,2.816632665464988,1.4743170836123314,0.1816358535226261,16.91346211421382,31.21737007446117,103.35423913744586,9.5,18.2,31.0,0.476625
2015-02-16,1,22,18,40.3880332429743,31.66763840651006,81.9841990985758,31.86650172062283,19.13237494009782,12.622512365136496,2.816632665464988,1.4743170836123314,55.82717827357579,68.5098576882568,137.73825397513758,16.8,32.4,40.7,0.4851666666666667
2015-02-17,1,2,1,15.219240918537547,20.553792387993543,64.53521600863635,17.53272239552892,18.9244119042109,40.3880332429743,12.622512365136496,2.816632665464988,68.22978652664835,81.02354317772682,150.92038315647005,20.3,46.6,57.1,0.47925
2015-02-18,1,4,0,13.078894566805506,12.84230925553507,59.40626710320281,11.776625675484167,26.200000000000003,15.219240918537547,40.3880332429743,12.622512365136496,68.68616872831737,85.78126669605379,163.75330887320274,18.5,55.6,74.6,0.4787916666666666
2015-02-19,0,0,0,0.4184883431792304,0.5354279633522913,5.0,0.2,2.954406130966853,13.078894566805506,15.219240918537547,40.3880332429743,28.71662382852229,86.01811918571039,135.82503056219147,5.3,44.1,79.10000000000001,0.4561666666666666
2015-02-20,0,0,0,0.487948314429235,0.4835282641359994,4.0,0.2,3.1504818515485185,0.4184883431792304,13.078894566805506,15.219240918537547,13.985331224413978,85.03175041652729,111.56289734525215,0.8,24.6,77.3,0.4593333333333333
2015-02-21,0,0,0,0.3049479787462124,0.3060968,13.50484,0.0,0.39268,0.487948314429235,0.4184883431792304,13.078894566805506,1.2113846363546847,82.52006572980852,101.48794188186947,0.7,6.8,71.9,0.4363333333333333
2015-02-22,0,0,0,0.0378016763775152,0.036,1.8,0.0,0.2,0.3049479787462124,0.487948314429235,0.4184883431792304,0.8306979695529697,69.93535504104955,101.15272511551072,0.0,1.5,62.4,0.4160416666666666
2015-02-23,1,2,1,2.408520470857182,1.834941247473263,17.947394578139164,0.0,7.502871892678847,0.0378016763775152,0.3049479787462124,0.487948314429235,2.7512701259809167,31.95584226893242,100.46569995718924,0.6,1.2999999999999998,46.2,0.3874166666666667
2015-02-24,1,1,1,7.996743266620266,15.246233578217172,54.42256802705016,9.446899448011935,19.77579612260424,2.408520470857182,0.0378016763775152,0.3049479787462124,10.44306541385497,24.73334461701514,105.75688779474196,6.1,6.699999999999999,32.0,0.4065416666666666
2015-02-25,1,27,16,49.5351584373266,34.48445215457487,134.78171413852533,26.562443622112625,22.30293336220325,7.996743266620266,2.408520470857182,0.0378016763775152,59.940422174804056,61.18960848753623,146.97087518359004,5.2,11.9,18.7,0.4652916666666666
2015-02-26,0,0,0,2.313653439894864,4.5905008502301685,34.77544,1.59268,14.292503882709807,49.5351584373266,7.996743266620266,2.408520470857182,59.845555143841736,63.08477358425187,149.10289276996227,3.0,14.3,16.399999999999995,0.4789583333333333
2015-02-27,0,0,0,0.3873982275902518,0.6627399738756456,10.2,0.0,3.151105852172519,2.313653439894864,49.5351584373266,7.996743266620266,52.236210104811725,62.98422349741288,148.01597391394017,0.1,8.3,15.699999999999996,0.4567916666666666
2015-02-28,1,2,1,11.792314928645654,17.910577085498154,55.5157004931193,12.996158119433108,9.34344423112728,0.3873982275902518,2.313653439894864,49.5351584373266,14.493366596130777,74.47159044731232,156.9916561771209,4.3,7.399999999999999,19.3,0.4565416666666667
2015-03-01,0,0,0,1.048181049100631,1.3251395354126057,30.79008,0.4,0.7853600000000001,11.792314928645654,0.3873982275902518,2.313653439894864,13.227894205336543,75.48196982003545,145.41732486108498,0.4,4.8,19.7,0.468625
2015-03-02,0,0,0,0.0898564653555593,0.0921052631578947,2.8000000000000003,0.0,0.2,1.048181049100631,11.792314928645654,0.3873982275902518,12.930352443101851,73.16330581453381,105.11914808346624,0.0,4.7,19.099999999999994,0.430625
2015-03-03,0,0,0,0.0770122558101472,0.0710526315789473,3.0,0.0,0.2,0.0898564653555593,1.048181049100631,11.792314928645654,1.2150497702663443,65.24357480372369,89.97691942073885,0.0,0.4,12.999999999999996,0.3954166666666667
2015-03-04,0,0,0,0.1282550070886537,0.1389233942261697,3.8,0.0,1.1801379611888971,0.0770122558101472,0.0898564653555593,1.048181049100631,0.2951237282543674,15.836671373485752,77.026279861022,0.2,0.2,7.999999999999996,0.3803749999999999
2015-03-05,0,0,0,0.5767862765598429,0.9241319730047888,23.478006594891248,0.0,13.422103801372163,0.1282550070886537,0.0770122558101472,0.0898564653555593,0.782053539458651,14.099804210150731,77.18457779440261,1.4,1.6,6.399999999999996,0.377125
2015-03-06,1,17,8,44.24681607042629,27.96684925198997,88.98845671101704,22.257728122604146,20.717061062844177,0.5767862765598429,0.1282550070886537,0.0770122558101472,44.95185735407479,57.95922205298677,120.94344555039967,11.3,12.9,17.599999999999998,0.4413333333333333
2015-03-07,1,20,3,39.921653618249536,38.1844570817749,83.98673844138735,37.27714617632272,23.16642303737001,44.24681607042629,0.5767862765598429,0.1282550070886537,84.74525596523567,86.08856074259066,160.560151189903,15.9,28.6,29.2,0.4937083333333333
2015-03-08,1,13,6,12.22956421578023,13.849814058185553,73.93810861822202,7.584780406079132,18.09756339789707,39.921653618249536,44.24681607042629,0.5767862765598429,96.39803390445606,97.26994390927024,172.7519137293057,23.1,50.3,51.9,0.4800416666666667
2015-03-09,1,8,2,29.22074311117713,23.756173416715757,104.3285850007646,18.848839081823364,17.274958200882615,12.22956421578023,39.921653618249536,44.24681607042629,81.37196094520691,126.40083055509184,199.5641363696257,22.5,61.5,74.4,0.4737083333333333
2015-03-10,0,0,0,1.3661975906581951,1.90944811294822,21.59268,0.6000000000000001,3.5590419865771814,29.22074311117713,12.22956421578023,39.921653618249536,42.81650491761556,127.69001588993989,192.9335906936636,2.4,48.0,76.8,0.4529166666666666
2015-03-11,1,3,0,10.559872153908014,9.558406329390044,31.13211835151317,7.098615858590369,12.199331806958474,1.3661975906581951,29.22074311117713,12.22956421578023,41.14681285574335,138.12163303675925,153.958304410245,2.8,27.7,79.39999999999999,0.46225
2015-03-12,0,0,0,3.586720746740718,4.195442372024481,32.54683523918507,1.58719,15.342741069941953,10.559872153908014,1.3661975906581951,29.22074311117713,15.512790491306934,141.1315675069401,155.23137171709087,3.3,8.5,81.3,0.4604583333333333
2015-03-13,1,11,3,17.03870038680206,13.885407343862342,36.78649773605773,10.594382071833166,14.700682176058889,3.586720746740718,10.559872153908014,1.3661975906581951,31.1852932874508,113.92345182331589,171.88267387630265,9.3,15.4,79.3,0.4637916666666666
2015-03-14,1,4,2,5.255485987149347,4.493084878333987,27.36812,2.17438,8.724317981852227,17.03870038680206,3.586720746740718,10.559872153908014,25.88090712069213,79.25728419221569,165.34584493480634,6.0,18.6,69.39999999999999,0.4753333333333333
2015-03-15,0,0,0,4.863596872254949,5.903505732483027,33.78610768121975,3.16706,15.08627542441411,5.255485987149347,17.03870038680206,3.586720746740718,27.157783246206364,71.89131684869041,169.16126075796066,7.0,22.3,53.3,0.4931666666666667
2015-03-16,1,29,18,16.050001224277477,18.903284852915775,78.18493711622598,12.428341997721962,27.406461148998325,4.863596872254949,5.255485987149347,17.03870038680206,26.16908408368178,58.72057496179076,185.1214055168826,10.5,23.5,41.3,0.4723333333333333
2015-03-17,0,0,0,1.2712178057654824,1.8426062399653824,14.365760000000002,0.8,2.7553777124162067,16.050001224277477,4.863596872254949,5.255485987149347,22.184815902297917,58.625595176898045,186.3156110668379,5.7,23.2,44.6,0.4670833333333333
2015-03-18,0,0,0,1.5402147772898986,1.1148436663482182,11.03036133747618,0.2,5.707217901234569,1.2712178057654824,16.050001224277477,4.863596872254949,18.861433807332865,49.605937800279925,187.72757083703917,5.6,21.8,47.39999999999999,0.486
2015-03-19,1,45,38,16.898760265648566,19.657647347393397,72.14634400657529,11.616897730720906,31.60747548805656,1.5402147772898986,1.2712178057654824,16.050001224277477,19.710192848703954,62.91797731918777,204.04954482612789,19.5,30.8,63.6,0.4895416666666667
2015-03-20,1,29,16,30.079149247976662,16.211651988457945,75.55817332049436,12.5451,25.1053093367928,16.898760265648566,1.5402147772898986,1.2712178057654824,48.51812429091514,75.95842618036238,189.88187800367825,9.5,34.6,63.8,0.4840416666666666
2015-03-21,1,2,0,4.317809895572423,5.13543759874653,23.207383767015163,4.162472327559446,10.183646910884962,30.079149247976662,16.898760265648566,1.5402147772898986,51.29571940919767,75.02075008878546,154.27803428100114,3.3,32.3,61.1,0.4869999999999999
2015-03-22,0,0,0,3.9308583980922136,5.238000711925841,42.17801300793394,2.373522105688243,12.200995407352371,4.317809895572423,30.079149247976662,16.898760265648566,38.32781754164131,74.08801161462273,145.97932846331315,23.7,36.5,77.8,0.4875
2015-03-23,1,1,0,0.1465730155736583,0.2999010810810811,6.6000000000000005,0.0,0.39268,3.9308583980922136,4.317809895572423,30.079149247976662,8.395241309238301,58.18458340591891,116.90515836770966,0.7,27.7,68.0,0.4569583333333333
2015-03-24,0,0,0,0.1746034395351082,0.3597881081081081,9.6,0.0,0.7853600000000001,0.1465730155736583,3.9308583980922136,4.317809895572423,4.252034853200987,57.08796903968853,115.7135642165866,0.0,24.4,62.3,0.44575
2015-03-25,0,0,0,0.0696957315541551,0.1,3.4000000000000004,0.0,0.2,0.1746034395351082,0.1465730155736583,3.9308583980922136,0.3908721866629288,55.61744999395278,105.22338779423272,0.0,0.7,56.7,0.4287499999999999
2015-03-26,0,0,0,0.0435915047002629,0.0594594594594594,1.4,0.0,0.2,0.0696957315541551,0.1746034395351082,0.1465730155736583,0.2878906757895334,38.76228123300448,101.68025855219226,0.0,0.0,37.2,0.4053333333333333
2015-03-27,0,0,0,0.0334942050761836,0.0432432432432432,1.4,0.0,0.2,0.0435915047002629,0.0696957315541551,0.1746034395351082,0.1467814413306088,8.716626190103998,84.67505237046639,0.0,0.0,27.699999999999992,0.3795833333333333
2015-03-28,0,0,0,0.0219114926530868,0.0189189189189189,1.2000000000000002,0.0,0.2,0.0334942050761836,0.0435915047002629,0.0696957315541551,0.0989972024295405,4.420727787184662,79.44147787597012,0.0,0.0,24.39999999999999,0.356875
2015-03-29,0,0,0,5.574331915384712,7.382240380398984,40.136731975661895,3.194897348927875,12.402539147025813,0.0219114926530868,0.0334942050761836,0.0435915047002629,5.629737613113989,6.0642013044771605,80.1522129190999,12.2,12.2,12.899999999999991,0.4101666666666666
2015-03-30,0,0,0,6.731928209355708,6.417411644779348,22.839113860668757,5.3085,5.3143359649122806,5.574331915384712,0.0219114926530868,0.0334942050761836,12.328171617393512,12.649556498259209,70.83413990417812,0.0,12.2,12.199999999999992,0.4610416666666666
2015-03-31,0,0,0,0.6446117002462798,0.6721175342465754,3.3560800000000004,0.4,0.7853600000000001,6.731928209355708,5.574331915384712,0.0219114926530868,12.950871824986706,13.11956475897038,70.20753379865893,1.4,13.6,13.599999999999993,0.4361666666666666
2015-04-01,0,0,0,0.0233266850525757,0.0328767123287671,1.2000000000000002,0.0,0.2,0.6446117002462798,6.731928209355708,5.574331915384712,7.39986659465457,13.073195712468802,68.6906457064216,0.0,1.4,13.599999999999993,0.4160416666666666
2015-04-02,0,0,0,0.1345420600140614,0.0950684931506849,0.99,0.0,0.59,0.0233266850525757,0.6446117002462798,6.731928209355708,0.8024804453129241,13.1641462677826,51.9264275007871,0.0,1.4,13.599999999999993,0.3918333333333333
2015-04-03,0,0,0,0.015457768027797,0.0135135135135135,0.8,0.0,0.2,0.1345420600140614,0.0233266850525757,0.6446117002462798,0.1733265130944413,13.146109830734211,21.862736020838227,0.0,0.0,13.599999999999993,0.3694583333333333
2015-04-04,0,0,0,0.0131238554244681,0.0108108108108108,0.8,0.0,0.2,0.015457768027797,0.1345420600140614,0.0233266850525757,0.1631236834663338,13.137322193505597,17.55804998069027,0.5,0.5,14.099999999999993,0.3565833333333333
2015-04-05,0,0,0,0.1975888272047057,0.4008219178082192,10.74,0.0,7.0,0.0131238554244681,0.015457768027797,0.1345420600140614,0.2261704506569781,7.760579105325589,13.824780409802765,5.2,5.7,7.0999999999999925,0.3900416666666666
2015-04-06,0,0,0,1.497862668254105,0.9668918918918918,8.67,0.2,4.53,0.1975888272047057,0.0131238554244681,0.015457768027797,1.708575350883286,2.5265135642239858,15.17607006248321,2.5,8.2,9.599999999999993,0.4508333333333333
2015-04-07,0,0,0,5.247486435580537,5.044933333333334,13.85,4.78,1.57,1.497862668254105,0.1975888272047057,0.0131238554244681,6.942937931039355,7.129388299558244,20.24895305852864,0.9,8.6,9.099999999999993,0.4664999999999999
2015-04-08,0,0,0,0.0108687458140402,0.010958904109589,0.6000000000000001,0.0,0.2,5.247486435580537,1.497862668254105,0.1975888272047057,6.756217849648689,7.116930360319708,20.190126072788523,0.0,3.4,9.099999999999993,0.4358333333333333
2015-04-09,0,0,0,0.0098894172766832,0.0082191780821917,0.6000000000000001,0.0,0.2,0.0108687458140402,5.247486435580537,1.497862668254105,5.268244598671268,6.99227771758233,20.156423985364945,0.2,1.1,9.299999999999992,0.4087083333333333
2015-04-10,0,0,0,0.0089378894704293,0.0082191780821917,0.4,0.0,0.2,0.0098894172766832,0.0108687458140402,5.247486435580537,0.0296960525611599,6.985757839024963,20.131867669759192,0.2,0.4,9.499999999999991,0.3919583333333333
2015-04-11,0,0,0,0.0065929448511221,0.0054794520547945,0.4,0.0,0.2,0.0089378894704293,0.0098894172766832,0.0108687458140402,0.0254202515982418,6.979226928451617,20.116549121957224,0.0,0.4,8.999999999999993,0.3737916666666667
2015-04-12,0,0,0,0.0065929448511221,0.0054794520547945,0.4,0.0,0.2,0.0065929448511221,0.0089378894704293,0.0098894172766832,0.0221237791726807,6.788231046098033,14.548810151423636,0.0,0.2,3.7999999999999927,0.3532916666666666
2015-04-13,0,0,0,0.0065929448511221,0.0054794520547945,0.4,0.0,0.2,0.0065929448511221,0.0065929448511221,0.0089378894704293,0.0197788345533664,5.29696132269505,7.82347488691905,0.0,0.0,1.299999999999993,0.344375
2015-04-14,0,0,0,0.0064288315480452,0.0053333333333333,0.4,0.0,0.2,0.0065929448511221,0.0065929448511221,0.0065929448511221,0.0196147212502966,0.0559037186625574,7.185292018220816,0.8,0.8,1.199999999999993,0.34125
2015-04-15,1,18,13,14.396795935677938,17.612933333333334,66.44,14.17,22.1,0.0064288315480452,0.0065929448511221,0.0065929448511221,14.409817712077112,14.441830908526455,21.558761268846176,4.0,4.8,5.199999999999993,0.3622916666666667
2015-04-16,1,9,2,11.417135512314251,10.783287671232875,62.35,4.800000000000001,17.69,14.396795935677938,0.0064288315480452,0.0065929448511221,25.82036027954025,25.849077003564027,32.84135472114637,6.5,11.3,11.499999999999991,0.432375
2015-04-17,0,0,0,0.274630156809545,0.4010958904109589,19.08,0.0,0.39,11.417135512314251,14.396795935677938,0.0064288315480452,26.088561604801743,26.114769270903142,33.10052710992812,0.0,10.5,11.299999999999994,0.44675
2015-04-18,0,0,0,0.038841287458873,0.0628767123287671,1.6,0.0,0.39,0.274630156809545,11.417135512314251,14.396795935677938,11.730606956582678,26.14701761351089,33.12624454196253,0.0,6.5,11.299999999999994,0.415125
2015-04-19,0,0,0,5.950913632209228,4.276301369863014,28.18,1.38,10.22,0.038841287458873,0.274630156809545,11.417135512314251,6.264385076477653,32.091338300869,38.879569346967045,2.8,2.8,14.099999999999994,0.4233333333333333
2015-04-20,0,0,0,0.5051306033013012,0.5720833333333334,16.0,0.2,0.42,5.950913632209228,0.038841287458873,0.274630156809545,6.49488552296941,32.58987595931918,37.88683728201424,1.5,4.3,15.599999999999994,0.4364583333333333
2015-04-21,0,0,0,1.960034700580509,2.4178082191780823,19.01,1.2000000000000002,14.27,0.5051306033013012,5.950913632209228,0.038841287458873,8.416078936091045,34.543481828351645,34.59938554701421,5.0,9.3,19.799999999999997,0.4504166666666667
2015-04-22,1,3,0,18.786634346193964,14.599315068493151,28.73,15.62,10.78,1.960034700580509,0.5051306033013012,5.950913632209228,21.25179965007578,38.93332023886767,53.375151147394135,4.1,10.6,19.89999999999999,0.4810833333333333
2015-04-23,0,0,0,0.1186046488615925,0.1944444444444444,4.2,0.0,0.2,18.786634346193964,1.960034700580509,0.5051306033013012,20.865273695636077,27.634789375415004,53.48386637897905,4.5,13.6,17.89999999999999,0.475875
2015-04-24,0,0,0,0.0763255008828449,0.1415277777777777,4.2,0.0,0.39,0.1186046488615925,18.786634346193964,1.960034700580509,18.981564495938407,27.436484719488305,53.551253990391466,1.8,10.4,19.699999999999992,0.4705416666666666
2015-04-25,0,0,0,0.1722278950412297,0.3709722222222222,6.800000000000001,0.2,0.59,0.0763255008828449,0.1186046488615925,18.786634346193964,0.3671580447856743,27.569871327070665,53.71688894058157,0.2,6.5,19.89999999999999,0.4586666666666667
2015-04-26,0,0,0,0.5817491421225974,0.7654166666666666,2.77,0.6000000000000001,0.98,0.1722278950412297,0.0763255008828449,0.1186046488615925,0.8303025380466792,22.200706836984036,54.29204513785304,0.0,2.0,17.09999999999999,0.4427916666666667
2015-04-27,0,0,0,0.0247045566073728,0.0416666666666666,1.0,0.0,0.2,0.5817491421225974,0.1722278950412297,0.0763255008828449,0.778681593771207,21.720280790290104,54.31015674960929,0.0,0.2,15.599999999999993,0.421375
2015-04-28,0,0,0,0.0213836136024036,0.0388888888888888,1.2000000000000002,0.0,0.2,0.0247045566073728,0.5817491421225974,0.1722278950412297,0.627837312332381,19.781629703312,54.32511153166365,0.0,0.0,10.599999999999994,0.4025833333333333
2015-04-29,0,0,0,0.0876381431497354,0.2640277777777778,8.48,0.0,1.18,0.0213836136024036,0.0247045566073728,0.5817491421225974,0.133726313359519,1.0826335002677694,40.015953739135455,0.4,0.4,6.899999999999993,0.4017083333333333
2015-04-30,0,0,0,0.3335063799897174,0.6438888888888888,4.4,0.2,0.98,0.0876381431497354,0.0213836136024036,0.0247045566073728,0.4425281367418636,1.2975352313958943,28.93232460681092,1.7,2.1,4.0999999999999925,0.4292499999999999
2015-05-01,0,0,0,0.0132710784387707,0.025,0.6000000000000001,0.0,0.2,0.3335063799897174,0.0876381431497354,0.0213836136024036,0.4344156015782306,1.23448080895182,28.670965528440146,0.0,2.1,2.299999999999993,0.4272499999999999
2015-05-02,0,0,0,0.0147619963960783,0.025,0.6000000000000001,0.0,0.2,0.0132710784387707,0.3335063799897174,0.0876381431497354,0.3615394548245736,1.0770149103066688,28.64688623737735,0.0,1.7,2.099999999999993,0.4045
2015-05-03,0,0,0,0.0140934895688125,0.0252777777777777,0.42,0.0,0.42,0.0147619963960783,0.0132710784387707,0.3335063799897174,0.0421265644036687,0.5093592577528837,22.71006609473693,0.0,0.0,2.099999999999993,0.38025
2015-05-04,0,0,0,8.449517665844516,8.497534246575343,46.75,6.92,18.93,0.0140934895688125,0.0147619963960783,0.0132710784387707,8.478373151809414,8.934172366990026,30.654453157280145,13.7,13.7,15.799999999999992,0.4215416666666666
2015-05-05,0,0,0,0.480942165781289,0.903972602739726,7.510000000000001,0.4,2.95,8.449517665844516,0.0140934895688125,0.0147619963960783,8.944553321194626,9.393730919168911,29.175360622480923,1.4,15.1,17.199999999999992,0.4645416666666667
2015-05-06,0,0,0,0.0304110876562792,0.0684931506849315,2.0,0.0,0.2,0.480942165781289,8.449517665844516,0.0140934895688125,8.96087091928209,9.336503863675455,10.41913736394324,0.8,15.9,17.599999999999994,0.4659583333333333
2015-05-07,0,0,0,0.5974441818241016,0.9245205479452054,10.02,0.5900000000000001,2.36,0.0304110876562792,0.480942165781289,8.449517665844516,1.108797435261677,9.60044166550984,10.897976896905748,0.1,2.3,15.999999999999991,0.4566666666666667
2015-05-08,0,0,0,0.9066979538687846,1.948767123287671,14.78,0.4,1.77,0.5974441818241016,0.0304110876562792,0.480942165781289,1.5345532233491723,10.493868540939854,11.72834934989169,0.2,1.1,16.199999999999992,0.4687083333333333
2015-05-09,0,0,0,0.0240817672241688,0.0520547945205479,1.4,0.0,0.2,0.9066979538687846,0.5974441818241016,0.0304110876562792,1.528223902917062,10.503188311767945,11.580203222074628,0.0,0.3,16.199999999999992,0.447875
2015-05-10,1,1,0,19.93270800543886,20.637534246575346,42.42,22.04,19.98,0.0240817672241688,0.9066979538687846,0.5974441818241016,20.863487726531822,30.421802827637997,30.93116208539089,20.0,20.2,36.19999999999999,0.4467916666666667
2015-05-11,0,0,0,1.0293369102941208,1.7186301369863015,21.76,0.2,0.39,19.93270800543886,0.0240817672241688,0.9066979538687846,20.98612668295716,23.0016220720876,31.93579443907764,1.1,21.1,23.599999999999994,0.4715
2015-05-12,0,0,0,1.5755867008910334,1.8906849315068492,7.800000000000001,1.59,2.36,1.0293369102941208,19.93270800543886,0.0240817672241688,22.537631616624022,24.096266607197343,33.489997526366274,0.6,21.7,22.799999999999997,0.46925
2015-05-13,0,0,0,1.5354499619763349,1.7604054054054057,6.95,1.4,0.79,1.5755867008910334,1.0293369102941208,19.93270800543886,4.140373573161496,25.6013054815174,34.93780934519287,0.0,1.7000000000000002,21.999999999999996,0.4773749999999999
2015-05-14,0,0,0,0.0725755770250829,0.1671232876712328,6.800000000000001,0.0,0.2,1.5354499619763349,1.5755867008910334,1.0293369102941208,3.1836122398924585,25.07643687671838,34.67687854222824,0.0,0.6,21.89999999999999,0.465125
2015-05-15,0,0,0,0.0546508717802998,0.1260273972602739,5.2,0.0,0.2,0.0725755770250829,1.5354499619763349,1.5755867008910334,1.662676410781725,24.224389794629893,34.718258335569764,0.0,0.0,21.699999999999992,0.4505833333333333
2015-05-16,0,0,0,0.0649670308127703,0.1616438356164383,8.8,0.0,0.2,0.0546508717802998,0.0725755770250829,1.5354499619763349,0.1921934796181602,24.265275058218496,34.768463369986456,0.0,0.0,21.699999999999992,0.4315
2015-05-17,0,0,0,0.0243892902144801,0.0493150684931506,2.2,0.0,0.2,0.0649670308127703,0.0546508717802998,0.0725755770250829,0.1440071928075574,4.356956342994115,34.77875917063213,0.0,0.0,1.699999999999993,0.4167083333333333
2015-05-18,0,0,0,0.047957633057872,0.1058904109589041,2.36,0.0,1.37,0.0243892902144801,0.0649670308127703,0.0546508717802998,0.1373139540851296,3.3755770657578665,26.37719913784548,0.8,0.8,1.3999999999999928,0.4185833333333333
2015-05-19,0,0,0,0.7600258234833516,0.5468493150684932,8.07,0.0,3.94,0.047957633057872,0.0243892902144801,0.0649670308127703,0.8323727467557108,2.5600161883501844,26.656282795547543,2.9,3.7,3.6999999999999926,0.459
2015-05-20,0,0,0,0.0281234185493635,0.0465753424657534,1.2000000000000002,0.0,0.2,0.7600258234833516,0.047957633057872,0.0243892902144801,0.8361068750905942,1.0526896449232133,26.653995126440627,0.2,3.9,3.899999999999993,0.4619166666666667
2015-05-21,0,0,0,0.010005949150273,0.0194444444444444,0.6000000000000001,0.0,0.2,0.0281234185493635,0.7600258234833516,0.047957633057872,0.7981551911829953,0.9901200170484036,26.0665568937668,0.0,3.1,3.899999999999993,0.4387916666666667
2015-05-22,0,0,0,0.010461004296651,0.0136986301369863,0.4,0.0,0.2,0.010005949150273,0.0281234185493635,0.7600258234833516,0.0485903719962947,0.9459301495647544,25.170319944194663,0.0,0.2,3.899999999999993,0.4187083333333333
2015-05-23,0,0,0,0.0048217700799258,0.0083333333333333,0.4,0.0,0.2,0.010461004296651,0.010005949150273,0.0281234185493635,0.025288723526857,0.8857848888319101,25.15105994705042,0.0,0.0,3.899999999999993,0.3993333333333333
2015-05-24,0,0,0,0.0071442958182591,0.010958904109589,0.4,0.0,0.2,0.0048217700799258,0.010461004296651,0.010005949150273,0.0224270701948431,0.8685398944356891,5.225496237429819,0.0,0.0,3.899999999999993,0.378625
2015-05-25,0,0,0,0.005251794069243,0.0082191780821917,0.2,0.0,0.2,0.0071442958182591,0.0048217700799258,0.010461004296651,0.0172178599674351,0.8258340554470601,4.2014111212049405,0.0,0.0,3.0999999999999925,0.3620416666666666
2015-05-26,0,0,0,0.0139629734725267,0.0277777777777777,0.4,0.0,0.2,0.005251794069243,0.0071442958182591,0.0048217700799258,0.026359063360036,0.0797712054362353,2.639787393786434,0.0,0.0,0.1999999999999929,0.3585833333333333
2015-05-27,0,0,0,0.6720707340570655,0.2949315068493151,3.16,0.0,1.38,0.0139629734725267,0.005251794069243,0.0071442958182591,0.6912855015988424,0.7237185209439373,1.7764081658671649,0.1,0.1,0.0999999999999929,0.3542083333333333
2015-05-28,1,1,0,5.331956044233502,4.635138888888889,10.05,4.955,2.76,0.6720707340570655,0.0139629734725267,0.005251794069243,6.017989751763102,6.045668616027166,7.035788633075584,8.7,8.799999999999999,8.799999999999992,0.3956666666666666
2015-05-29,0,0,0,2.958299970841795,3.160555555555556,10.83,2.27,6.32,5.331956044233502,0.6720707340570655,0.0139629734725267,8.96232674913237,8.99350758257231,9.93943773213708,1.7,10.499999999999998,10.499999999999991,0.4537083333333334
2015-05-30,0,0,0,0.0293945632979724,0.06375,1.0,0.0,0.39,2.958299970841795,5.331956044233502,0.6720707340570655,8.319650578373277,9.018080375790358,9.90386526462228,2.7,13.1,13.199999999999992,0.4345416666666666
2015-05-31,0,0,0,4.906366776382203,5.314027777777778,15.46,4.6000000000000005,1.57,0.0293945632979724,2.958299970841795,5.331956044233502,7.894061310521978,13.9173028563543,14.785842750790003,23.1,27.5,36.3,0.4991666666666667
2015-06-01,0,0,0,1.3275664587012046,1.2558108108108108,3.4000000000000004,1.2000000000000002,0.59,4.906366776382203,0.0293945632979724,2.958299970841795,6.263327798381386,15.239617520986265,16.065451576433336,0.6,26.4,36.89999999999999,0.4908333333333333
2015-06-02,0,0,0,0.2534848120002432,0.3186486486486486,1.6,0.2,0.39,1.3275664587012046,4.906366776382203,0.0293945632979724,6.487418047083658,15.47913935951398,15.558910564950228,0.0,23.700000000000003,36.89999999999999,0.4855
2015-06-03,0,0,0,0.0106751346554463,0.0163513513513513,0.61,0.0,0.61,0.2534848120002432,1.3275664587012046,4.906366776382203,1.5917264053569014,14.81774376011236,15.541462281056312,0.2,0.8,36.99999999999999,0.4713333333333333
2015-06-04,0,0,0,0.0053893351417541,0.0081081081081081,0.2,0.0,0.2,0.0106751346554463,0.2534848120002432,1.3275664587012046,0.2695492817974508,9.491177051020612,15.536845667047793,0.0,0.2,28.3,0.45475
2015-06-05,0,0,0,0.0119286430682349,0.0216216216216216,0.4,0.0,0.2,0.0053893351417541,0.0106751346554463,0.2534848120002432,0.0279931128654425,6.544805723247052,15.538313305819376,0.0,0.2,26.599999999999994,0.4371666666666667
2015-06-06,0,0,0,0.0041636743077822,0.0108108108108108,0.4,0.0,0.2,0.0119286430682349,0.0053893351417541,0.0106751346554463,0.0214816525177784,6.519574834256861,15.537655210047232,0.0,0.0,23.899999999999995,0.4205416666666666
2015-06-07,0,0,0,0.004489827108406,0.0054054054054054,0.2,0.0,0.2,0.0041636743077822,0.0119286430682349,0.0053893351417541,0.0205821444844303,1.6176978849830643,15.53500074133738,0.0,0.0,0.7999999999999929,0.404125
2015-06-08,0,0,0,0.0158224692631917,0.0254794520547945,1.66,0.0,1.26,0.004489827108406,0.0041636743077822,0.0119286430682349,0.0244759706793871,0.3059538955450516,15.54557141653133,0.0,0.0,0.1999999999999929,0.3896666666666666
2015-06-09,0,0,0,0.1073231981976823,0.3934246575342465,27.9,0.0,27.9,0.0158224692631917,0.004489827108406,0.0041636743077822,0.1276354945692873,0.1597922817424907,15.638931641256486,0.0,0.0,0.1999999999999929,0.3760833333333333
2015-06-10,0,0,0,0.0012078753225305,0.0027397260273972,0.2,0.0,0.2,0.1073231981976823,0.0158224692631917,0.004489827108406,0.1243535427834118,0.150325022409575,14.968068782521948,0.0,0.0,0.0,0.3622916666666667
2015-06-11,0,0,0,0.0,0.0,0.0,0.0,0.0,0.0012078753225305,0.1073231981976823,0.0158224692631917,0.10853107352022,0.1449356872678208,9.636112738288446,0.0,0.0,0.0,0.3466249999999999
2015-06-12,0,0,0,0.197540097562622,0.3421917808219178,2.5900000000000003,0.0,0.39,0.0,0.0012078753225305,0.1073231981976823,0.1987479728851597,0.3305471417622079,6.8753528650092735,0.0,0.0,0.0,0.3499166666666666
2015-06-13,0,0,0,0.0090965142305091,0.0164383561643835,0.6000000000000001,0.0,0.2,0.197540097562622,0.0,0.0012078753225305,0.2066366117931383,0.3354799816849348,6.855054815941811,0.0,0.0,0.0,0.350375
2015-06-14,0,0,0,0.0123445771776055,0.025,0.6000000000000001,0.0,0.2,0.0090965142305091,0.197540097562622,0.0,0.2189811889707438,0.3433347317541343,1.961032616737213,0.0,0.0,0.0,0.328625
2015-06-15,0,0,0,8.948029377118214,7.64513888888889,11.63,8.004999999999999,1.97,0.0123445771776055,0.0090965142305091,0.197540097562622,8.969470468526335,9.275541639609155,9.581495535154222,14.3,14.3,14.299999999999994,0.433
2015-06-16,0,0,0,0.1510438258286769,0.2638888888888889,4.800000000000001,0.0,0.2,8.948029377118214,0.0123445771776055,0.0090965142305091,9.111417780124505,9.319262267240152,9.479054548982656,0.0,14.3,14.299999999999994,0.4625833333333333
2015-06-17,0,0,0,0.0148521276252987,0.0305555555555555,0.8,0.0,0.2,0.1510438258286769,8.948029377118214,0.0123445771776055,9.113925330572195,9.33290651954292,9.483231541952508,0.0,14.3,14.299999999999994,0.4387083333333333
2015-06-18,0,0,0,0.973932247298213,1.5981944444444445,8.32,0.98,5.36,0.0148521276252987,0.1510438258286769,8.948029377118214,1.1398282007521958,10.306838766841132,10.451774454108968,9.6,9.6,23.89999999999999,0.4350416666666666
2015-06-19,0,0,0,2.270666410736881,2.0597222222222222,9.2,1.795,0.79,0.973932247298213,0.0148521276252987,0.1510438258286769,3.2594507856604,12.379965080015392,12.710512221777613,3.9,13.5,27.799999999999997,0.50125
2015-06-20,0,0,0,0.0418499173385971,0.1027777777777777,1.2000000000000002,0.0,0.2,2.270666410736881,0.973932247298213,0.0148521276252987,3.286448575373698,12.41271848312348,12.748198464808429,0.0,13.5,27.799999999999997,0.481
2015-06-21,0,0,0,0.0062497538454706,0.0109722222222222,0.5900000000000001,0.0,0.39,0.0418499173385971,2.270666410736881,0.973932247298213,2.318766081920956,12.406623659791345,12.749958391545492,0.0,3.9,27.799999999999997,0.4587083333333333
2015-06-22,0,0,0,0.0576142779798771,0.1898630136986301,12.27,0.0,4.39,0.0062497538454706,0.0418499173385971,2.270666410736881,0.1057139491639521,3.516208560653008,12.791750200262175,0.0,0.0,13.499999999999991,0.4415
2015-06-23,0,0,0,0.0777436908031501,0.0947945205479452,2.95,0.0,1.97,0.0576142779798771,0.0062497538454706,0.0418499173385971,0.141607722628505,3.4429084256274805,12.762170692867643,0.0,0.0,13.499999999999991,0.4295
2015-06-24,0,0,0,5.277785371547539,5.429154929577465,15.21,5.0,2.56,0.0777436908031501,0.0576142779798771,0.0062497538454706,5.413143340330573,8.70584166954972,18.03874818909265,1.1,1.1,14.599999999999993,0.45875
2015-06-25,0,0,0,0.1353211616810105,0.2816901408450704,3.0,0.2,0.2,5.277785371547539,0.0777436908031501,0.0576142779798771,5.490850224031706,7.867230583932518,18.174069350773664,0.0,1.1,4.999999999999993,0.4650416666666666
2015-06-26,0,0,0,0.0080506846889183,0.0140845070422535,0.4,0.0,0.2,0.1353211616810105,5.277785371547539,0.0777436908031501,5.421157217917475,5.604614857884556,17.98457993789996,0.0,1.1,1.099999999999993,0.4516666666666666
2015-06-27,0,0,0,0.0181912540195765,0.0308450704225352,1.59,0.0,0.59,0.0080506846889183,0.1353211616810105,5.277785371547539,0.1615631003895125,5.580956194565536,17.99367467768903,0.0,0.0,1.099999999999993,0.4349166666666667
2015-06-28,0,0,0,0.2684863906613752,0.4249999999999999,29.15,0.0,4.72,0.0181912540195765,0.0080506846889183,0.1353211616810105,0.2947283293698772,5.843192831381439,18.2498164911728,0.0,0.0,1.099999999999993,0.4177916666666666
2015-06-29,0,0,0,0.1241476830788478,0.1812857142857142,11.5,0.0,3.19,0.2684863906613752,0.0181912540195765,0.0080506846889183,0.4108253277598067,5.90972623648041,9.425934797133433,0.0,0.0,1.099999999999993,0.4032083333333333
2015-06-30,0,0,0,0.3666078214164089,0.5188571428571429,36.32,0.0,5.96,0.1241476830788478,0.2684863906613752,0.0181912540195765,0.7592418951566391,6.1985903670936695,9.641498792721166,0.0,0.0,1.099999999999993,0.3865833333333333
2015-07-01,0,0,0,0.9394807648868804,0.9792857142857142,5.33,0.8,1.96,0.3666078214164089,0.1241476830788478,0.2684863906613752,1.430236269382144,1.8602857604330103,10.566127429982746,11.1,11.1,11.099999999999993,0.44925
2015-07-02,0,0,0,0.1450072787638329,0.1507142857142857,1.18,0.0,0.59,0.9394807648868804,0.3666078214164089,0.1241476830788478,1.4510958650671293,1.869971877515833,9.737202461448367,2.2,13.3,13.299999999999994,0.4576666666666666
2015-07-03,1,29,9,36.57292068995741,36.72676056338028,59.66,40.72,12.61,0.1450072787638329,0.9394807648868804,0.3666078214164089,37.65740873360813,38.43484188278432,44.039456740668896,14.5,27.8,27.799999999999997,0.4848333333333333
2015-07-04,0,0,0,6.975152536764512,6.64718309859155,37.66,5.7700000000000005,1.18,36.57292068995741,0.1450072787638329,0.9394807648868804,43.69308050548576,45.39180316552925,50.972759360094805,11.6,28.300000000000004,39.39999999999999,0.4873333333333333
2015-07-05,0,0,0,0.4531275390424282,0.7125352112676057,14.2,0.2,0.39,6.975152536764512,36.57292068995741,0.1450072787638329,44.00120076576435,45.57644431391031,51.41963714529176,0.2,26.3,39.6,0.4927916666666667
2015-07-06,0,0,0,0.1885168330991621,0.3605633802816901,11.6,0.0,0.2,0.4531275390424282,6.975152536764512,36.57292068995741,7.616796908906109,45.64081346393062,51.55053970041104,0.0,11.8,39.6,0.4734583333333333
2015-07-07,1,1,0,6.582732901206247,6.658714285714286,20.55,4.58,7.51,0.1885168330991621,0.4531275390424282,6.975152536764512,7.224377273347844,51.85693854372046,58.05552891081415,9.0,9.2,48.6,0.4956666666666667
2015-07-08,1,3,0,1.7697189518359295,2.9568571428571437,13.2,0.8,5.9,6.582732901206247,0.1885168330991621,0.4531275390424282,8.540968686141346,52.68717673066951,54.547462491102536,9.5,18.5,46.99999999999999,0.4690416666666666
2015-07-09,0,0,0,0.1212062208205966,0.2115714285714285,6.800000000000001,0.0,0.59,1.7697189518359295,6.582732901206247,0.1885168330991621,8.47365807386278,52.66337567272628,54.53334755024212,0.2,18.7,44.99999999999999,0.4509166666666667
2015-07-10,0,0,0,0.0616621140869729,0.0927536231884058,5.0,0.0,0.2,0.1212062208205966,1.7697189518359295,6.582732901206247,1.9525872867435063,16.15211709685584,54.58695897964017,0.0,9.7,30.499999999999996,0.440625
2015-07-11,0,0,0,2.7478381723394283,2.673857142857143,5.71,2.765,1.57,0.0616621140869729,0.1212062208205966,1.7697189518359295,2.930706507247005,11.924802732430758,57.31660589796002,0.7,0.8999999999999999,19.59999999999999,0.4325833333333333
2015-07-12,0,0,0,0.1033086177253748,0.1914084507042253,2.8000000000000003,0.0,0.39,2.7478381723394283,0.0616621140869729,0.1212062208205966,2.9128089041517837,11.574983811113704,57.151428125024026,0.0,0.7,19.39999999999999,0.4204583333333333
2015-07-13,0,0,0,0.0209199810962748,0.0309859154929577,1.2000000000000002,0.0,0.2,0.1033086177253748,2.7478381723394283,0.0616621140869729,2.872066771161085,11.407386959110818,57.04820042304145,0.0,0.7,19.39999999999999,0.4037083333333333
2015-07-14,0,0,0,0.0032892783886346,0.0057142857142857,0.2,0.0,0.2,0.0209199810962748,0.1033086177253748,2.7478381723394283,0.1275178772102914,4.827943336293204,56.68488188001368,0.0,0.0,10.399999999999991,0.3855416666666666
2015-07-15,0,0,0,0.0019245798844653,0.0028985507246376,0.2,0.0,0.2,0.0032892783886346,0.0209199810962748,0.1033086177253748,0.0261338393693818,3.060148964341741,55.74732569501126,0.0,0.0,0.8999999999999928,0.3732916666666666
2015-07-16,0,0,0,0.0,0.0,0.0,0.0,0.0,0.0019245798844653,0.0032892783886346,0.0209199810962748,0.005213858273107,2.938942743521144,55.60231841624744,0.0,0.0,0.6999999999999929,0.3652916666666666
2015-07-17,0,0,0,0.0,0.0,0.0,0.0,0.0,0.0,0.0019245798844653,0.0032892783886346,0.0019245798844724,2.877280629434171,19.029397726290025,0.0,0.0,0.6999999999999929,0.3562083333333333
2015-07-18,0,0,0,0.0052973881772431,0.0057142857142857,0.2,0.0,0.2,0.0,0.0,0.0019245798844653,0.0052973881772502,0.1347398452719856,12.059542577702755,0.0,0.0,0.0,0.344125
2015-07-19,0,0,0,0.0018419409552798,0.0028571428571428,0.2,0.0,0.2,0.0052973881772431,0.0,0.0,0.00713932913253,0.0332731685018906,11.608256979615607,0.0,0.0,0.0,0.3315833333333333
2015-07-20,0,0,0,0.0018419409552798,0.0028571428571428,0.2,0.0,0.2,0.0018419409552798,0.0052973881772431,0.0,0.0089812700878098,0.0141951283608955,11.421582087471728,0.0,0.0,0.0,0.3154583333333333
2015-07-21,0,0,0,0.0135884330954751,0.0314285714285714,0.8,0.0,0.2,0.0018419409552798,0.0018419409552798,0.0052973881772431,0.0172723150060418,0.024494283067736,4.852437619360955,1.3,1.3,1.299999999999993,0.3281666666666666
2015-07-22,0,0,0,0.0305662069891218,0.0571428571428571,1.2000000000000002,0.0,0.2,0.0135884330954751,0.0018419409552798,0.0018419409552798,0.0459965810398838,0.0531359101723926,3.1132848745141475,0.3,1.6,1.599999999999993,0.375375
2015-07-23,0,0,0,0.010555150901252,0.0177142857142857,1.04,0.0,0.84,0.0305662069891218,0.0135884330954751,0.0018419409552798,0.0547097909858561,0.0636910610736446,3.0026338045948027,2.2,3.8,3.799999999999993,0.4171249999999999
2015-07-24,1,2,0,9.707021575758263,7.590869565217391,18.71,7.47,9.99,0.010555150901252,0.0305662069891218,0.0135884330954751,9.748142933648644,9.770712636831908,12.647993266266091,8.1,10.6,11.899999999999991,0.426
2015-07-25,1,3,1,12.003422045618764,13.942028985507246,32.81,11.8,5.51,9.707021575758263,0.010555150901252,0.0305662069891218,21.72099877227829,21.76883729427343,21.90357713954543,13.0,23.3,24.89999999999999,0.4934166666666666
2015-07-26,0,0,0,0.2022795111434333,0.4541428571428572,11.6,0.0,0.39,12.003422045618764,9.707021575758263,0.010555150901252,21.912723132520465,21.969274864461585,22.00254803296349,0.0,21.1,24.89999999999999,0.4683333333333333
2015-07-27,0,0,0,0.0427030595316231,0.08,1.8,0.0,0.2,0.2022795111434333,12.003422045618764,9.707021575758263,12.248404616293827,22.010135983037927,22.02433111139884,0.0,13.0,24.89999999999999,0.4470833333333333
2015-07-28,0,0,0,0.0588016360493541,0.0942857142857142,2.6,0.0,0.2,0.0427030595316231,0.2022795111434333,12.003422045618764,0.3037842067244178,22.055349185991805,22.07984346905956,0.0,0.0,23.599999999999994,0.430625
2015-07-29,0,0,0,0.1460635969238625,0.2271428571428571,8.07,0.0,2.76,0.0588016360493541,0.0427030595316231,0.2022795111434333,0.2475682925048469,22.170846575926543,22.22398248609895,0.0,0.0,23.29999999999999,0.4152083333333333
2015-07-30,0,0,0,0.1401343385751943,0.1942857142857143,11.6,0.0,0.2,0.1460635969238625,0.0588016360493541,0.0427030595316231,0.3449995715484181,22.300425763600487,22.364116824674145,0.0,0.0,21.099999999999994,0.4019166666666667
2015-07-31,0,0,0,0.0512616984038231,0.081159420289855,3.4000000000000004,0.0,0.2,0.1401343385751943,0.1460635969238625,0.0588016360493541,0.3374596339028871,12.644665886246049,22.41537852307797,0.0,0.0,12.999999999999991,0.3879583333333333
2015-08-01,0,0,0,0.0142611415638241,0.0318840579710145,1.2000000000000002,0.0,0.2,0.0512616984038231,0.1401343385751943,0.1460635969238625,0.2056571785428487,0.6555049821911078,22.42434227646455,0.0,0.0,0.0,0.3726666666666666
2015-08-02,0,0,0,0.0012370860306444,0.0028571428571428,0.2,0.0,0.2,0.0142611415638241,0.0512616984038231,0.1401343385751943,0.0667599259982988,0.4544625570783188,22.42373742153992,0.0,0.0,0.0,0.3559166666666666
2015-08-03,0,0,0,0.0,0.0,0.0,0.0,0.0,0.0012370860306444,0.0142611415638241,0.0512616984038231,0.0154982275944756,0.4117594975466956,22.42189548058464,0.0,0.0,0.0,0.3376666666666666
2015-08-04,0,0,0,0.0,0.0,0.0,0.0,0.0,0.0,0.0012370860306444,0.0142611415638241,0.0012370860306515,0.3529578614973415,22.408307047489163,0.0,0.0,0.0,0.3217083333333333
2015-08-05,0,0,0,0.0,0.0,0.0,0.0,0.0,0.0,0.0,0.0012370860306444,0.0,0.206894264573479,22.37774084050004,0.0,0.0,0.0,0.3082499999999999
2015-08-06,0,0,0,0.0,0.0,0.0,0.0,0.0,0.0,0.0,0.0,0.0,0.0667599259982846,22.367185689598788,0.0,0.0,0.0,0.2943333333333333
2015-08-07,0,0,0,0.0,0.0,0.0,0.0,0.0,0.0,0.0,0.0,0.0,0.0154982275944615,12.660164113840525,0.0,0.0,0.0,0.2784166666666667
2015-08-08,0,0,0,0.0,0.0,0.0,0.0,0.0,0.0,0.0,0.0,0.0,0.0012370860306373,0.6567420682217593,0.0,0.0,0.0,0.2625
2015-08-09,0,0,0,0.0,0.0,0.0,0.0,0.0,0.0,0.0,0.0,0.0,0.0,0.4544625570783259,0.0,0.0,0.0,0.2489166666666666
2015-08-10,0,0,0,0.0,0.0,0.0,0.0,0.0,0.0,0.0,0.0,0.0,0.0,0.4117594975467027,0.0,0.0,0.0,0.2354583333333333
2015-08-11,0,0,0,0.0,0.0,0.0,0.0,0.0,0.0,0.0,0.0,0.0,0.0,0.3529578614973486,0.0,0.0,0.0,0.22125
2015-08-12,0,0,0,0.0,0.0,0.0,0.0,0.0,0.0,0.0,0.0,0.0,0.0,0.2068942645734861,0.0,0.0,0.0,0.2076666666666666
2015-08-13,0,0,0,0.0054513718076872,0.0118840579710144,0.42,0.0,0.42,0.0,0.0,0.0,0.0054513718076943,0.0054513718076801,0.072211297805979,0.0,0.0,0.0,0.1932916666666666
2015-08-14,0,0,0,0.0026376731278788,0.0060869565217391,0.42,0.0,0.42,0.0054513718076872,0.0,0.0,0.0080890449355731,0.0080890449355589,0.0235872725300347,0.0,0.0,0.0,0.17925
2015-08-15,0,0,0,0.0,0.0,0.0,0.0,0.0,0.0026376731278788,0.0054513718076872,0.0,0.0080890449355731,0.0080890449355589,0.0093261309662105,0.0,0.0,0.0,0.166
2015-08-16,0,0,0,0.0,0.0,0.0,0.0,0.0,0.0,0.0026376731278788,0.0054513718076872,0.0026376731278859,0.0080890449355589,0.0080890449355661,0.0,0.0,0.0,0.153875
2015-08-17,0,0,0,0.0007944393696845,0.0028985507246376,0.2,0.0,0.2,0.0,0.0,0.0026376731278788,0.0007944393696915,0.0088834843052435,0.0088834843052506,0.0,0.0,0.0,0.1437083333333333
2015-08-18,0,0,0,0.0,0.0,0.0,0.0,0.0,0.0007944393696845,0.0,0.0,0.0007944393696915,0.0088834843052435,0.0088834843052506,0.0,0.0,0.0,0.1358333333333333
2015-08-19,0,0,0,0.0041659118481519,0.0084285714285714,0.39,0.0,0.39,0.0,0.0007944393696845,0.0,0.0049603512178435,0.0130493961533954,0.0130493961534025,0.7,0.7,0.6999999999999929,0.1310416666666666
2015-08-20,0,0,0,0.2542898611175583,0.5426388888888889,4.15,0.2,0.59,0.0041659118481519,0.0,0.0007944393696845,0.2584557729657173,0.2618878854632664,0.2673392572709608,0.0,0.7,0.6999999999999929,0.139
2015-08-21,0,0,0,0.3149975399638376,0.5115068493150685,2.2,0.4,0.59,0.2542898611175583,0.0041659118481519,0.0,0.5734533129295549,0.5742477522992253,0.5823367972347985,0.0,0.7,0.6999999999999929,0.1625
2015-08-22,0,0,0,0.0133967942636939,0.0214864864864864,1.39,0.0,0.39,0.3149975399638376,0.2542898611175583,0.0041659118481519,0.5826841953450969,0.5876445465629192,0.5957335914984924,0.0,0.0,0.6999999999999929,0.1543333333333333
2015-08-23,0,0,0,0.003532384116297,0.0081081081081081,0.2,0.0,0.2,0.0133967942636939,0.3149975399638376,0.2542898611175583,0.3319267183438356,0.5911769306792162,0.5992659756147894,0.0,0.0,0.6999999999999929,0.1410833333333333
2015-08-24,0,0,0,0.3980756525775565,0.4227631578947369,1.99,0.4,0.98,0.003532384116297,0.0133967942636939,0.3149975399638376,0.4150048309575545,0.9884581438870884,0.997341628192346,6.1,6.1,6.799999999999993,0.1505833333333333
2015-08-25,0,0,0,3.0845942746130444,2.9345454545454546,5.75,3.01,0.79,0.3980756525775565,0.003532384116297,0.0133967942636939,3.486202311306905,4.073052418500133,4.08193590280539,15.3,21.4,22.099999999999994,0.3506666666666667
2015-08-26,0,0,0,0.106968663150202,0.1493670886075949,2.8000000000000003,0.0,0.2,3.0845942746130444,0.3980756525775565,0.003532384116297,3.5896385903408103,4.175855169802182,4.188904565955592,0.0,21.4,21.399999999999995,0.4087083333333333
2015-08-27,1,8,4,19.545853719773863,17.209090909090907,26.16,18.89,5.31,0.106968663150202,3.0845942746130444,0.3980756525775565,22.73741665753712,23.46741902845849,23.72930691392177,8.5,23.8,29.899999999999995,0.4265
2015-08-28,0,0,0,0.4114755984519561,0.8067088607594938,14.2,0.0,0.39,19.545853719773863,0.106968663150202,3.0845942746130444,20.06429798137604,23.56389708694661,24.13814483924585,0.0,8.5,29.899999999999995,0.4296666666666666
2015-08-29,0,0,0,0.158260021364348,0.2683544303797469,5.4,0.0,0.2,0.4114755984519561,19.545853719773863,0.106968663150202,20.115589339590176,23.70876031404726,24.296404860610195,0.0,8.5,29.899999999999995,0.3954166666666667
2015-08-30,0,0,0,0.027974251539554,0.060759493670886,1.6,0.0,0.2,0.158260021364348,0.4114755984519561,19.545853719773863,0.5977098713558653,23.73320218147052,24.32437911214975,0.0,0.0,29.899999999999995,0.3585
2015-08-31,0,0,0,0.013004810968185,0.0282051282051282,1.2000000000000002,0.0,0.2,0.027974251539554,0.158260021364348,0.4114755984519561,0.1992390838720942,23.348131339861148,24.33658948374825,0.0,0.0,23.799999999999997,0.3220416666666666
2015-09-01,0,0,0,0.0917562042176058,0.1719540229885057,1.19,0.0,0.59,0.013004810968185,0.027974251539554,0.158260021364348,0.132735266725352,20.35529326946571,24.42834568796586,0.0,0.0,8.499999999999993,0.2915416666666666
2015-09-02,0,0,0,0.0928082457009835,0.1655681818181818,1.2000000000000002,0.0,0.39,0.0917562042176058,0.013004810968185,0.027974251539554,0.1975692608867815,20.341132852016493,24.51698802181869,0.0,0.0,8.499999999999993,0.3012083333333333
2015-09-03,0,0,0,0.0060285223282946,0.0113636363636363,0.4,0.0,0.2,0.0928082457009835,0.0917562042176058,0.013004810968185,0.1905929722468911,0.8013076545709202,24.268726683029424,0.6,0.6,0.5999999999999929,0.3055833333333333
2015-09-04,0,0,0,3.0707967933454,4.097586206896552,14.15,3.54,3.54,0.0060285223282946,0.0928082457009835,0.0917562042176058,3.169633561374685,3.460628849464364,27.02452593641099,2.8,3.4,3.399999999999993,0.3304583333333333
2015-09-05,0,0,0,0.1323150170458298,0.2757471264367816,4.800000000000001,0.0,0.39,3.0707967933454,0.0060285223282946,0.0928082457009835,3.209140332719532,3.434683845145845,27.143444159193123,0.1,3.5,3.499999999999993,0.3742083333333333
2015-09-06,0,0,0,1.0614709937042572,1.3755681818181815,9.47,0.79,2.95,0.1323150170458298,3.0707967933454,0.0060285223282946,4.264582804095494,4.468180587310549,28.201382768781084,3.8,6.699999999999999,7.299999999999993,0.4191666666666667
2015-09-07,1,3,0,11.308010160484647,10.593522727272727,24.9,10.385000000000002,6.3,1.0614709937042572,0.1323150170458298,3.0707967933454,12.501796171234744,15.763185936827012,39.111317276688176,13.5,17.4,20.799999999999997,0.4725416666666666
2015-09-08,1,64,16,65.47464943736325,60.08306818181818,101.42,69.69,13.16,11.308010160484647,1.0614709937042572,0.1323150170458298,77.84413059155217,81.14607916997267,101.50137243943838,42.3,59.6,63.1,0.486625
2015-09-09,1,5,2,3.846267061436002,5.976704545454546,69.38,0.505,1.37,65.47464943736325,11.308010160484647,1.0614709937042572,80.6289266592839,84.8995379857077,105.2406708377242,22.1,77.9,85.19999999999999,0.4755416666666667
2015-09-10,1,4,1,6.379913318586682,5.701954022988506,21.200000000000003,6.0,2.36,3.846267061436002,65.47464943736325,11.308010160484647,75.70082981738595,91.27342278196608,92.074730436537,4.4,68.8,89.0,0.4754166666666666
2015-09-11,1,30,5,42.54154017453181,38.51712643678161,66.03,44.83,8.94,6.379913318586682,3.846267061436002,65.47464943736325,52.76772055455451,130.74416616315247,134.20479501261684,67.7,94.2,153.89999999999998,0.4748333333333334
2015-09-12,0,0,0,2.0910765358397887,3.596206896551724,24.89,0.6000000000000001,1.57,42.54154017453181,6.379913318586682,3.846267061436002,51.012530028958295,132.70292768194642,136.13761152709228,4.0,76.1,157.8,0.486875
2015-09-13,0,0,0,0.7862205607249051,1.5008045977011495,20.99,0.2,0.39,2.0910765358397887,42.54154017453181,6.379913318586682,45.41883727109652,132.4276772489671,136.89585783627763,0.6,72.3,154.6,0.4869166666666666
2015-09-14,0,0,0,0.5631823159854648,1.2035227272727274,34.690000000000005,0.0,0.39,0.7862205607249051,2.0910765358397887,42.54154017453181,3.4404794125501725,121.6828494044679,137.44603534129493,0.0,4.6,141.1,0.4720833333333333
2015-09-15,0,0,0,0.2774120538461326,0.5621590909090909,20.69,0.0,0.39,0.5631823159854648,0.7862205607249051,2.0910765358397887,1.6268149305565167,56.48561202095078,137.63169119092348,0.1,0.7,98.9,0.4469583333333333
2015-09-16,0,0,0,0.1281584055623022,0.1704545454545454,6.4,0.0,0.2,0.2774120538461326,0.5631823159854648,0.7862205607249051,0.9687527753939138,52.76750336507708,137.66704135078476,0.0,0.1,76.80000000000001,0.4165
2015-09-17,0,0,0,0.2028098519256508,0.2501149425287357,15.2,0.0,0.39,0.1281584055623022,0.2774120538461326,0.5631823159854648,0.6083803113341,46.59039989841605,137.86382268038213,0.0,0.1,72.4,0.38075
2015-09-18,0,0,0,0.1049266907242041,0.1374712643678161,7.4,0.0,0.79,0.2028098519256508,0.1281584055623022,0.2774120538461326,0.4358949482121715,4.153786414608448,134.89795257776092,0.0,0.0,4.7,0.3497916666666666
2015-09-19,0,0,0,0.0124295867972489,0.0160919540229885,0.6000000000000001,0.0,0.2,0.1049266907242041,0.2028098519256508,0.1281584055623022,0.3201661294471182,2.075139465565909,134.77806714751236,0.0,0.0,0.7,0.32425
2015-09-20,0,0,0,0.0108798580373718,0.0114942528735632,0.4,0.0,0.2,0.0124295867972489,0.1049266907242041,0.2028098519256508,0.1282361355588392,1.2997987628783754,133.72747601184548,0.0,0.0,0.1,0.3019166666666666
2015-09-21,0,0,0,0.0109657024355319,0.013953488372093,0.4,0.0,0.2,0.0108798580373718,0.0124295867972489,0.1049266907242041,0.0342751472701669,0.7475821493284426,122.43043155379635,0.0,0.0,0.1,0.2811666666666667
2015-09-22,0,0,0,0.0080332957066055,0.0114942528735632,0.4,0.0,0.2,0.0109657024355319,0.0108798580373718,0.0124295867972489,0.0298788561795235,0.4782033911889156,56.9638154121397,0.0,0.0,0.0,0.2594583333333333
2015-09-23,0,0,0,0.0048110375224417,0.0045977011494252,0.2,0.0,0.2,0.0080332957066055,0.0109657024355319,0.0108798580373718,0.0238100356645934,0.3548560231490551,53.12235938822614,0.0,0.0,0.0,0.2371666666666666
2015-09-24,0,0,0,0.0029933555963426,0.0045977011494252,0.2,0.0,0.2,0.0048110375224417,0.0080332957066055,0.0109657024355319,0.0158376888254042,0.1550395268197469,46.7454394252358,0.0,0.0,0.0,0.2127916666666666
2015-09-25,1,5,0,9.976890736113356,9.299655172413791,28.93,7.7,17.07,0.0029933555963426,0.0048110375224417,0.0080332957066055,9.984695129232154,10.0270035722089,14.180789986817349,1.6,1.6,1.6,0.197125
2015-09-26,1,7,1,13.4808800294202,13.61057471264368,34.59,13.44,6.49,9.976890736113356,0.0029933555963426,0.0048110375224417,23.460764121129912,23.49545401483185,25.57059348039776,19.4,21.0,21.0,0.3657916666666667
2015-09-27,1,3,1,6.657257468216844,5.272674418604651,19.1,2.87,14.07,13.4808800294202,9.976890736113356,0.0029933555963426,30.11502823375041,30.14183162501132,31.441630387889692,6.8,27.8,27.8,0.4463333333333333
2015-09-28,1,13,4,15.712753097196208,15.202906976744186,32.67,16.28,11.02,6.657257468216844,13.4808800294202,9.976890736113356,35.85089059483327,45.843619019772,46.59120116910045,19.6,45.8,47.400000000000006,0.4797916666666666
2015-09-29,0,0,0,0.4508122361788347,0.7204651162790698,13.4,0.0,0.39,15.712753097196208,6.657257468216844,13.4808800294202,22.8208228015919,46.28639796024423,46.76460135143314,2.3,28.700000000000003,49.7,0.4833333333333333
2015-09-30,1,2,0,3.4004596665522056,5.8168235294117645,39.65,2.4000000000000004,11.59,0.4508122361788347,15.712753097196208,6.657257468216844,19.56402499992726,49.682046589274,50.03690261242304,16.7,38.6,66.4,0.469125
2015-10-01,0,0,0,0.4308814728931046,0.8891860465116279,15.39,0.2,0.59,3.4004596665522056,0.4508122361788347,15.712753097196208,4.282153375624159,50.10993470657076,50.2649742333905,2.2,21.2,68.60000000000001,0.449625
2015-10-02,0,0,0,0.2060398632138775,0.2864705882352941,14.95,0.0,1.37,0.4308814728931046,3.4004596665522056,0.4508122361788347,4.037381002659202,40.33908383367128,50.36608740588018,0.6,19.5,67.60000000000001,0.4478333333333333
2015-10-03,1,8,1,16.688148962539685,12.72809523809524,28.88,13.76,14.55,0.2060398632138775,0.4308814728931046,3.4004596665522056,17.325070298646683,43.54635276679076,67.04180678162261,6.3,9.1,54.5,0.4765416666666666
2015-10-04,0,0,0,0.2946332351779256,0.5573809523809524,5.4,0.1,0.42,16.688148962539685,0.2060398632138775,0.4308814728931046,17.188822060931503,37.18372853375184,67.32556015876317,0.7,7.6,48.400000000000006,0.487875
2015-10-05,0,0,0,0.0738610252739992,0.1364705882352941,1.8,0.0,0.2,0.2946332351779256,16.688148962539685,0.2060398632138775,17.056643222991624,21.544836461829632,67.38845548160164,0.0,7.0,28.8,0.473875
2015-10-06,0,0,0,0.0499819384878229,0.0819277108433735,1.6,0.0,0.2,0.0738610252739992,0.2946332351779256,16.688148962539685,0.418476198939762,21.14400616413862,67.43040412438285,0.0,0.7,26.5,0.4479166666666667
2015-10-07,0,0,0,0.035410181071611,0.0511627906976744,1.2000000000000002,0.0,0.2,0.0499819384878229,0.0738610252739992,0.2946332351779256,0.1592531448334474,17.778956678658027,67.46100326793201,0.0,0.0,9.8,0.4152916666666666
2015-10-08,0,0,0,0.036122653180184,0.041860465116279,1.2000000000000002,0.0,0.2,0.035410181071611,0.0499819384878229,0.0738610252739992,0.1215147727396322,17.384197858945107,67.49413256551586,0.0,0.0,7.6,0.382625
2015-10-09,0,0,0,0.0314019844988918,0.0395348837209302,1.4,0.0,0.2,0.036122653180184,0.035410181071611,0.0499819384878229,0.1029348187507011,17.20955998023012,57.5486438139014,0.0,0.0,7.0,0.3530416666666667
2015-10-10,0,0,0,0.3751015584918807,0.4842352941176471,4.0,0.2,1.18,0.0314019844988918,0.036122653180184,0.035410181071611,0.4426261961709707,0.8965125761823154,44.44286534297307,1.9,1.9,2.6,0.3582499999999999
2015-10-11,0,0,0,0.0069834532304687,0.0117647058823529,0.4,0.0,0.2,0.3751015584918807,0.0314019844988918,0.036122653180184,0.4134869962212555,0.6088627942348587,37.7925913279867,0.0,1.9,1.9,0.352875
2015-10-12,0,0,0,0.0530673958284082,0.0957471264367816,3.37,0.0,0.59,0.0069834532304687,0.3751015584918807,0.0314019844988918,0.435152407550772,0.5880691647892676,22.1329056266189,0.2,2.1,2.1,0.336625
2015-10-13,1,1,0,4.318212460805376,3.873563218390805,13.37,3.6,3.35,0.0530673958284082,0.0069834532304687,0.3751015584918807,4.378263309864267,4.856299687106821,26.000305851245443,6.1,6.3,8.2,0.347
2015-10-14,0,0,0,0.0394006062995245,0.0705882352941176,1.6,0.0,0.2,4.318212460805376,0.0530673958284082,0.0069834532304687,4.410680462933323,4.860290112334734,22.63924679099276,0.0,6.3,8.2,0.3268749999999999
2015-10-15,0,0,0,0.0009458635953177,0.0023255813953488,0.2,0.0,0.2,0.0394006062995245,4.318212460805376,0.0530673958284082,4.358558930700233,4.825113322749868,22.20931118169497,0.0,6.1,8.2,0.2887083333333333
2015-10-16,0,0,0,0.0069107581585516,0.0161627906976744,0.8,0.0,0.39,0.0009458635953177,0.0394006062995245,4.318212460805376,0.0472572280534081,4.800622096409527,22.010182076639648,0.0,0.0,8.2,0.2567083333333333
2015-10-17,0,0,0,0.0154760575578443,0.0376470588235294,1.2000000000000002,0.0,0.2,0.0069107581585516,0.0009458635953177,0.0394006062995245,0.0233326793117279,4.440996595475491,5.337509171657807,0.0,0.0,6.299999999999999,0.2427083333333333
2015-10-18,0,0,0,0.0355189676171014,0.0837209302325581,1.4,0.0,0.2,0.0154760575578443,0.0069107581585516,0.0009458635953177,0.0579057833335116,4.469532109862124,5.078394904096983,0.0,0.0,6.299999999999999,0.252125
2015-10-19,0,0,0,0.0006576831284633,0.0023255813953488,0.2,0.0,0.2,0.0355189676171014,0.0154760575578443,0.0069107581585516,0.0516527083034233,4.417122397162179,5.005191561951446,0.0,0.0,6.1,0.243375
2015-10-20,0,0,0,0.0013017736332805,0.0047058823529411,0.2,0.0,0.2,0.0006576831284633,0.0355189676171014,0.0154760575578443,0.0374784243788595,0.1002117099900836,4.956511397096905,0.0,0.0,0.0,0.2180833333333333
2015-10-21,1,1,0,0.0906406521307256,0.2253488372093023,3.94,0.0,2.76,0.0013017736332805,0.0006576831284633,0.0355189676171014,0.0926001088924837,0.1514517558212847,5.011741868156019,4.1,4.1,4.1,0.2070833333333333
2015-10-22,1,19,7,33.26424201367169,27.56802325581395,50.0,31.12,14.49,0.0906406521307256,0.0013017736332805,0.0006576831284633,33.35618443943571,33.414747905897656,38.23986122864753,11.9,16.0,16.0,0.3258749999999999
2015-10-23,0,0,0,1.58451646135336,2.254,22.84,0.4,0.59,33.26424201367169,0.0906406521307256,0.0013017736332805,34.93939912715579,34.99235360909246,39.792975705502,0.5,16.5,16.5,0.3755833333333333
2015-10-24,0,0,0,0.2912050882630024,0.5348837209302325,7.800000000000001,0.0,0.2,1.58451646135336,33.26424201367169,0.0906406521307256,35.13996356328807,35.268082639797626,39.70907923527312,0.1,12.5,16.6,0.3615
2015-10-25,0,0,0,0.1072171190720658,0.2046511627906977,4.2,0.0,0.2,0.2912050882630024,1.58451646135336,33.26424201367169,1.9829386686884425,35.339780791252586,39.80931290111471,0.0,0.6,16.6,0.3506249999999999
2015-10-26,1,13,1,24.266621439922663,20.24117647058824,41.53,22.82,12.86,0.1072171190720658,0.2912050882630024,1.58451646135336,24.665043647257747,59.60574454804679,64.02286694520897,8.2,8.299999999999999,24.8,0.3666666666666667
2015-10-27,0,0,0,2.8771914491557884,2.5623529411764707,17.6,1.58,3.54,24.266621439922663,0.1072171190720658,0.2912050882630024,27.251030008150533,62.4816342235693,62.581845933559386,9.9,18.1,34.7,0.4766666666666666
2015-10-28,0,0,0,0.3524601951816339,0.3245882352941176,4.2,0.0,0.39,2.8771914491557884,24.266621439922663,0.1072171190720658,27.4962730842601,62.743453766620206,62.89490552244149,0.8,18.9,31.4,0.456625
2015-10-29,0,0,0,0.7516117007993263,0.7569411764705882,5.2,0.4,0.59,0.3524601951816339,2.8771914491557884,24.266621439922663,3.98126334513676,30.23082345374785,63.6455713596455,0.9,11.6,20.4,0.4514583333333333
2015-10-30,0,0,0,0.0524798392110947,0.08,1.8,0.0,0.2,0.7516117007993263,0.3524601951816339,2.8771914491557884,1.1565517351920656,28.69878683160558,63.69114044069805,0.0,1.7000000000000002,19.9,0.4144583333333334
2015-10-31,0,0,0,0.015773286939847,0.0404761904761904,1.0,0.0,0.2,0.0524798392110947,0.7516117007993263,0.3524601951816339,0.8198648269502786,28.423355030282423,63.69143767008005,0.8,1.7000000000000002,20.6,0.371625
2015-11-01,1,14,0,29.4160467172576,26.571529411764704,48.21,32.67,5.71,0.015773286939847,0.0524798392110947,0.7516117007993263,29.484299843408557,57.73218462846796,93.07196541972056,25.5,26.3,46.1,0.4490833333333333
2015-11-02,1,20,1,33.91371375344601,29.68279069767442,57.53,33.665,12.28,29.4160467172576,0.015773286939847,0.0524798392110947,63.345533757643466,67.3792769419913,126.9850214900381,32.3,58.6,70.19999999999999,0.46825
2015-11-03,1,2,1,4.661569523245195,5.421882352941177,33.730000000000004,3.0,3.15,33.91371375344601,29.4160467172576,0.015773286939847,67.99132999394882,69.16365501608071,131.64528923965003,6.4,64.2,66.69999999999999,0.4983333333333333
2015-11-04,1,16,6,23.708184980417663,21.168023255813956,76.42,22.54,10.4,4.661569523245195,33.91371375344601,29.4160467172576,62.283468257108886,92.51937980131676,155.26283356793695,16.5,55.2,82.39999999999999,0.4752916666666666
2015-11-05,1,3,1,5.457581654112346,6.03139534883721,28.39,3.175,6.4,23.708184980417663,4.661569523245195,33.91371375344601,33.82733615777522,97.22534975462976,127.4561732083776,1.5,24.4,82.99999999999999,0.4880833333333333
2015-11-06,1,1,0,1.4694882551909163,1.593837209302326,12.4,0.4,0.79,5.457581654112346,23.708184980417663,4.661569523245195,30.635254889720944,98.64235817060958,127.34114500221516,4.9,22.9,87.89999999999999,0.501375
2015-11-07,0,0,0,0.8175064704619311,0.9436470588235296,12.8,0.4,0.42,1.4694882551909163,5.457581654112346,23.708184980417663,7.744576379765207,99.44409135413169,127.8674463844141,0.8,7.2,87.89999999999999,0.5002916666666667
2015-11-08,0,0,0,0.5732060575206605,0.7927058823529411,16.59,0.2,0.59,0.8175064704619311,1.4694882551909163,5.457581654112346,2.8602007831735223,70.60125069439472,128.33343532286267,5.4,11.1,67.79999999999998,0.4974166666666667
2015-11-09,1,7,2,9.782285924908669,11.246744186046511,28.04,10.43,15.37,0.5732060575206605,0.8175064704619311,1.4694882551909163,11.172998452891273,46.469822865857374,113.84909980784867,16.6,22.800000000000004,52.1,0.4785416666666666
2015-11-10,0,0,0,0.3935819014768297,0.6323529411764706,8.0,0.0,0.4,9.782285924908669,0.5732060575206605,0.8175064704619311,10.749073883906172,42.20183524408901,111.36549026016974,0.1,22.100000000000005,45.8,0.463875
2015-11-11,1,2,1,2.333788099796155,1.8923529411764703,40.23,0.2,16.48,0.3935819014768297,9.782285924908669,0.5732060575206605,12.509655926181663,20.827438363467497,113.34681816478424,2.3,19.000000000000004,31.599999999999994,0.449
2015-11-12,0,0,0,0.1332927217341367,0.2223255813953488,4.5200000000000005,0.0,0.39,2.333788099796155,0.3935819014768297,9.782285924908669,2.860662723007136,15.50314943108929,112.72849918571906,0.5,2.9000000000000035,30.599999999999994,0.447375
2015-11-13,1,3,1,6.337431720550972,5.401395348837209,34.68,3.155,9.13,0.1332927217341367,2.333788099796155,0.3935819014768297,8.804512542081278,20.371092896449344,119.01345106705894,0.6,3.4000000000000035,26.3,0.4156249999999999
2015-11-14,1,1,0,7.291021916925517,7.801647058823529,29.450000000000003,7.08,9.86,6.337431720550972,0.1332927217341367,2.333788099796155,13.76174635921064,26.844608342912927,126.2886996970446,0.0,1.1000000000000036,25.5,0.396125
2015-11-15,0,0,0,6.077406745675763,6.385647058823529,34.88,4.930000000000001,8.93,7.291021916925517,6.337431720550972,0.1332927217341367,19.705860383152267,32.34880903106803,102.95005972546278,6.7,7.300000000000004,26.799999999999997,0.389875
2015-11-16,0,0,0,0.1387719019648289,0.2611764705882353,7.2,0.0,0.2,6.077406745675763,7.291021916925517,6.337431720550972,13.507200564566125,22.7052950081242,69.17511787398158,0.0,6.700000000000004,10.199999999999992,0.3951666666666666
2015-11-17,1,19,5,10.935134107003668,8.50294117647059,33.74,5.71,13.21,0.1387719019648289,6.077406745675763,7.291021916925517,17.151312754644273,33.24684721365103,75.44868245774006,4.8,11.500000000000004,14.899999999999991,0.394875
2015-11-18,1,4,0,7.248871298464676,8.600352941176471,32.28,5.91,6.89,10.935134107003668,0.1387719019648289,6.077406745675763,18.32277730743319,38.16193041231955,58.98936877578706,2.0,6.800000000000003,14.599999999999993,0.41
2015-11-19,0,0,0,0.3905289607714054,0.4670588235294118,7.760000000000001,0.0,2.56,7.248871298464676,10.935134107003668,0.1387719019648289,18.574534366239764,38.419166651356825,53.92231608244612,5.4,12.200000000000005,19.499999999999996,0.4133333333333333
2015-11-20,1,1,0,8.589238548425985,7.50202380952381,16.22,8.254999999999999,8.54,0.3905289607714054,7.248871298464676,10.935134107003668,16.228638807662083,40.67097347923183,61.0420663756812,14.7,22.1,33.599999999999994,0.461375
2015-11-21,0,0,0,9.375907418775531,9.536309523809525,39.56,8.370000000000001,4.92,8.589238548425985,0.3905289607714054,7.248871298464676,18.355674927972935,42.75585898108185,69.60046732399479,2.8,22.9,36.39999999999999,0.4868333333333333
2015-11-22,0,0,0,1.0392361643718468,1.1607142857142858,13.11,0.2,3.74,9.375907418775531,8.589238548425985,0.3905289607714054,19.00438213157338,37.717688399777934,70.06649743084598,0.4,17.9,30.09999999999999,0.4596666666666666
2015-11-23,1,3,0,7.650879991747745,6.795180722891566,32.48,6.17,5.33,1.0392361643718468,9.375907418775531,8.589238548425985,18.06602357489514,45.22979648956085,67.93509149768506,15.1,18.3,45.19999999999999,0.4640416666666667
2015-11-24,0,0,0,0.5977522749165606,0.7902409638554218,14.2,0.2,0.39,7.650879991747745,1.0392361643718468,9.375907418775531,9.287868431036168,34.89241465747374,68.13926187112479,26.7,42.2,67.1,0.4650416666666666
2015-11-25,0,0,0,0.2148594475632277,0.296144578313253,4.4,0.0,0.39,0.5977522749165606,7.650879991747745,1.0392361643718468,8.46349171422755,27.858402806572293,66.02033321889186,3.3,45.1,68.39999999999999,0.4665833333333333
2015-11-26,0,0,0,0.1332044972587443,0.2243373493975903,2.6,0.0,0.42,0.2148594475632277,0.5977522749165606,7.650879991747745,0.9458162197385488,27.601078343059637,66.02024499441647,1.5,31.5,64.49999999999999,0.4680416666666667
2015-11-27,0,0,0,0.0359149077592769,0.0560975609756097,0.8,0.0,0.2,0.1332044972587443,0.2148594475632277,0.5977522749165606,0.383978852581265,19.047754702392925,59.718728181624776,0.0,4.800000000000003,49.79999999999999,0.4346666666666667
2015-11-28,0,0,0,5.363140343416854,5.810731707317073,46.85,2.075,17.69,0.0359149077592769,0.1332044972587443,0.2148594475632277,5.532259748434891,15.034987627034248,57.79084660811611,7.3,8.800000000000004,54.3,0.4480416666666666
2015-11-29,1,23,10,35.162829345889854,25.85951219512195,106.29,26.425,19.59,5.363140343416854,0.0359149077592769,0.1332044972587443,40.561884597066,49.15858080855226,86.8762692083302,17.9,25.200000000000003,71.79999999999998,0.479125
2015-11-30,0,0,0,5.063961880896235,4.613658536585366,72.68,2.4750000000000005,3.74,35.162829345889854,5.363140343416854,0.0359149077592769,45.58993157020296,46.571662697700745,91.8014591872616,0.2,25.4,56.9,0.470375
2015-12-01,0,0,0,0.9676501232080073,0.903452380952381,21.19,0.0,0.39,5.063961880896235,35.162829345889854,5.363140343416854,41.19444134999411,46.94156054599218,81.83397520346595,0.0,18.1,30.199999999999992,0.463875
2015-12-02,0,0,0,0.2784259887703848,0.2571428571428572,4.2,0.0,0.2,0.9676501232080073,5.063961880896235,35.162829345889854,6.3100379928746415,47.00512708719935,74.86352989377166,3.0,3.200000000000004,29.89999999999999,0.4530416666666667
2015-12-03,0,0,0,0.2622424879410585,0.2736904761904762,3.6,0.0,0.39,0.2784259887703848,0.9676501232080073,5.063961880896235,1.5083185999194648,47.13416507788166,74.73524342094132,3.8,6.800000000000003,32.19999999999999,0.4679999999999999
2015-12-04,0,0,0,1.0333165553649846,0.6835714285714286,8.66,0.2,5.12,0.2622424879410585,0.2784259887703848,0.9676501232080073,1.573985032076442,48.13156672548737,67.17932142788031,12.6,19.4,44.79999999999999,0.4659583333333333
2015-12-05,1,3,2,3.299579165315464,4.764047619047619,56.47,1.575,16.45,1.0333165553649846,0.2622424879410585,0.2784259887703848,4.595138208621521,46.06800554738598,61.10299317442024,17.5,33.900000000000006,54.99999999999999,0.4644583333333333
2015-12-06,1,8,0,7.114908397093046,9.634,48.38,8.120000000000001,25.33,3.299579165315464,1.0333165553649846,0.2622424879410585,11.447804117773508,18.020084598589165,67.17866540714144,31.0,61.1,68.1,0.4790833333333333
2015-12-07,1,4,2,7.71804294252275,9.693214285714284,35.58,3.89,21.67,7.114908397093046,3.299579165315464,1.0333165553649846,18.132530504931275,20.67416566021568,67.24582835791645,4.9,53.4,72.8,0.4985833333333333
2015-12-08,0,0,0,0.436758896404157,0.7518072289156628,17.6,0.0,0.2,7.71804294252275,7.114908397093046,3.299579165315464,15.269710236019968,20.143274433411836,67.08483497940405,0.6,36.50000000000001,73.39999999999999,0.4716249999999999
2015-12-09,0,0,0,0.1759180261176443,0.2602409638554217,4.2,0.0,0.2,0.436758896404157,7.71804294252275,7.114908397093046,8.330719865044566,20.04076647075909,67.04589355795846,4.1,9.600000000000003,74.49999999999999,0.4686666666666666
2015-12-10,0,0,0,0.8485527577597495,0.3698780487804878,4.34,0.0,3.94,0.1759180261176443,0.436758896404157,7.71804294252275,1.461229680281565,20.62707674057778,67.76124181845947,4.7,9.400000000000002,75.39999999999999,0.474
2015-12-11,0,0,0,0.03390192972226,0.0602409638554217,2.2,0.0,0.2,0.8485527577597495,0.1759180261176443,0.436758896404157,1.058372713599668,19.627662114935056,67.75922884042245,2.0,10.800000000000004,64.8,0.4789583333333333
2015-12-12,1,3,2,7.844686209587926,10.164698795180724,53.2,4.92,22.73,0.03390192972226,0.8485527577597495,0.1759180261176443,8.72714089706995,24.17276915920752,70.24077470659351,19.8,26.500000000000007,67.1,0.468625
2015-12-13,0,0,0,1.423592686009843,2.3390476190476197,22.01,0.4,7.71,7.844686209587926,0.03390192972226,0.8485527577597495,9.302180825320043,18.48145344812432,36.50153804671351,8.1,29.90000000000001,44.2,0.4711666666666667
2015-12-14,1,4,0,0.2902999623970632,0.4366666666666666,5.55,0.0,4.96,1.423592686009843,7.844686209587926,0.03390192972226,9.558578857994846,11.053710467998629,31.727876128214337,1.4,29.300000000000004,40.7,0.4453333333333333
2015-12-15,0,0,0,6.511331517782736,7.382857142857143,36.32,4.345000000000001,15.03,0.2902999623970632,1.423592686009843,7.844686209587926,8.225224166189657,17.128283089377206,37.27155752278907,3.7,13.200000000000005,43.8,0.4315416666666666
2015-12-16,0,0,0,2.9069906737107325,3.5562962962962965,29.26,2.19,3.55,6.511331517782736,0.2902999623970632,1.423592686009843,9.708622153890548,19.859355736970297,39.90012220772941,9.8,14.900000000000004,49.49999999999999,0.4956666666666667
2015-12-17,0,0,0,1.889516688294225,1.725301204819277,35.0,0.2,21.03,2.9069906737107325,6.511331517782736,0.2902999623970632,11.307838879787708,20.90031966750477,41.52739640808258,3.3,16.800000000000004,48.1,0.4841249999999999
2015-12-18,0,0,0,0.1692383170544315,0.166144578313253,3.6,0.0,0.39,1.889516688294225,2.9069906737107325,6.511331517782736,4.965745679059404,21.035656054836945,40.663318169772026,0.1,13.200000000000005,46.2,0.4585416666666666
2015-12-19,1,9,3,9.630599859759876,9.4025,67.54,8.1,39.02,0.1692383170544315,1.889516688294225,2.9069906737107325,11.689354865108546,22.82156970500889,46.99433886421644,9.8,13.200000000000005,36.2,0.4671666666666667
2015-12-20,1,13,6,13.787381358574136,11.166626506024096,110.0,6.4,90.0,9.630599859759876,0.1692383170544315,1.889516688294225,23.587219535388456,35.18535837757318,53.66681182569753,6.4,16.300000000000004,34.49999999999999,0.4657916666666666
2015-12-21,1,31,8,24.897046802381663,13.461604938271606,72.71,6.800000000000001,14.7,13.787381358574136,9.630599859759876,0.1692383170544315,48.31502802071569,59.79210521755779,70.84581568555645,8.4,24.600000000000005,41.49999999999999,0.485625
2015-12-22,1,16,6,6.564834763663069,8.130370370370372,49.45,4.93,19.55,24.897046802381663,13.787381358574136,9.630599859759876,45.24926292461888,59.84560846343812,76.97389155281536,8.0,22.800000000000004,45.79999999999999,0.4768333333333333
2015-12-23,0,0,0,2.8730472413014,4.138271604938272,94.77,0.2,16.23,6.564834763663069,24.897046802381663,13.787381358574136,34.33492880734615,59.81166503102879,79.67102076799911,0.6,17.000000000000007,36.6,0.46925
2015-12-24,1,5,2,7.794037871578856,11.004177215189872,91.12,5.17,15.78,2.8730472413014,6.564834763663069,24.897046802381663,17.23191987654334,65.71618621431342,86.61650588181823,1.2,9.800000000000004,34.5,0.4532083333333334
2015-12-25,1,7,2,4.992931011835179,7.438860759493671,59.870000000000005,1.37,19.34,7.794037871578856,2.8730472413014,6.564834763663069,15.660016124715453,70.53987890909417,91.57553496393112,11.6,13.400000000000002,46.0,0.4725833333333333
2015-12-26,1,26,19,11.985250921694982,10.563164556962024,94.63,4.6000000000000005,24.02,4.992931011835179,7.794037871578856,2.8730472413014,24.77221980510903,72.89452997102927,95.7160996760382,2.9,15.700000000000005,39.1,0.4684583333333333
2015-12-27,1,4,0,2.9267411702392088,4.857974683544304,61.88,0.5900000000000001,6.52,11.985250921694982,4.992931011835179,7.794037871578856,19.90492310376938,62.033889782694345,97.21924816026755,7.8,22.300000000000004,40.49999999999999,0.47325
2015-12-28,0,0,0,8.320379339452781,6.499240506329115,26.12,5.93,11.85,2.9267411702392088,11.985250921694982,4.992931011835179,23.232371431386987,45.45722231976546,105.24932753732328,10.2,20.9,42.3,0.493875
2015-12-29,1,5,1,6.78055021648354,5.398481012658228,19.8,4.6000000000000005,1.97,8.320379339452781,2.9267411702392088,11.985250921694982,18.027670726175543,45.67293777258593,105.51854623602408,15.7,33.7,49.99999999999999,0.493375
2015-12-30,1,2,0,1.5728700778635225,2.317820512820513,57.0,0.6000000000000001,2.95,6.78055021648354,8.320379339452781,2.9267411702392088,16.67379963379986,44.37276060914806,104.18442564017688,23.8,49.7,73.19999999999999,0.4924583333333334
2015-12-31,0,0,0,0.3237361276784608,0.4487179487179487,5.4,0.0,0.2,1.5728700778635225,6.78055021648354,8.320379339452781,8.677156422025538,36.90245886524766,102.6186450795611,1.1,40.6,73.1,0.4566666666666666
2016-01-01,1,28,12,24.517462336899055,13.690875,68.28999999999999,5.15,24.89,0.3237361276784608,1.5728700778635225,6.78055021648354,26.414068542441058,56.42699019031154,126.96686909940571,8.8,33.7,70.3,0.4463333333333333
2016-01-02,1,13,6,12.410775921023896,12.3,59.05,8.870000000000001,41.4,24.517462336899055,0.3237361276784608,1.5728700778635225,37.25197438560143,56.85251518964045,129.74704516066976,26.0,35.900000000000006,93.4,0.4659999999999999
2016-01-03,1,1,0,2.328331224481164,3.3693589743589745,23.64,1.1,0.79,12.410775921023896,24.517462336899055,0.3237361276784608,39.25656948240413,56.25410524388241,118.28799502657678,4.4,39.2,90.0,0.4502083333333333
2016-01-04,0,0,0,0.7522726381078915,1.166962025316456,18.6,0.0,0.39,2.328331224481164,12.410775921023896,24.517462336899055,15.491379783612969,48.68599854253752,94.143220862303,0.0,30.40000000000001,79.8,0.4347083333333333
2016-01-05,0,0,0,0.4439210005497014,0.6329113924050633,7.800000000000001,0.0,0.2,0.7522726381078915,2.328331224481164,12.410775921023896,3.5245248631387742,42.34936932660368,88.02230709918963,0.0,4.400000000000004,64.1,0.3970833333333333
2016-01-06,0,0,0,0.2649988139629607,0.3923076923076923,7.4,0.0,0.2,0.4439210005497014,0.7522726381078915,2.328331224481164,1.4611924526205713,41.04149806270312,85.4142586718512,0.0,0.0,40.29999999999999,0.3600416666666666
2016-01-07,0,0,0,0.1436061835942711,0.2,3.6,0.0,0.2,0.2649988139629607,0.4439210005497014,0.7522726381078915,0.8525259981069511,40.86136811861893,77.76382698386661,0.3,0.3000000000000035,39.5,0.3355833333333333
2016-01-08,0,0,0,0.1117354058594294,0.1512820512820513,2.6,0.0,0.2,0.1436061835942711,0.2649988139629607,0.4439210005497014,0.5203404034166792,16.4556411875793,72.88263137789087,0.9,1.2000000000000035,31.599999999999994,0.3225833333333333
2016-01-09,1,19,11,16.552678969558976,18.883896103896102,107.2,12.0,28.25,0.1117354058594294,0.1436061835942711,0.2649988139629607,16.808020559012693,20.59754423611438,77.45005942575486,30.1,31.300000000000004,35.7,0.3802083333333333
2016-01-10,1,10,2,14.576801973701103,15.47397435897436,59.84,14.405,7.11,16.552678969558976,0.1117354058594294,0.1436061835942711,31.24121634911953,32.84601498533432,89.10012022921676,14.2,45.2,45.5,0.4771666666666667
2016-01-11,1,2,0,10.90536106935606,10.933506493506494,39.36,11.6,2.36,14.576801973701103,16.552678969558976,0.1117354058594294,42.03484201261616,42.99910341658249,91.68510195912005,30.8,75.10000000000001,76.3,0.483
2016-01-12,1,2,0,6.752131816480567,5.814805194805195,20.9,5.4,3.55,10.90536106935606,14.576801973701103,16.552678969558976,32.23429485953775,49.30731423251336,91.65668355911708,35.4,80.4,111.7,0.4702083333333333
2016-01-13,0,0,0,0.8159785504467487,1.1790789473684211,14.2,0.2,0.59,6.752131816480567,10.90536106935606,14.576801973701103,18.4734714362834,49.858293968997145,90.89979203170029,14.6,80.8,126.3,0.5050833333333333
2016-01-14,0,0,0,8.153730006873158,6.90842105263158,21.51,6.36,3.94,0.8159785504467487,6.752131816480567,10.90536106935606,15.721840373800491,57.868417792276034,98.729785910895,4.4,54.4,130.4,0.5054166666666667
2016-01-15,0,0,0,12.111491224906278,10.094155844155845,52.24,9.4,3.55,8.153730006873158,0.8159785504467487,6.752131816480567,21.0811997822262,69.86817361132287,86.3238147989022,43.7,62.7,173.2,0.4829166666666666
2016-01-16,0,0,0,0.8394626692786616,1.4893589743589744,23.77,0.0,0.39,12.111491224906278,8.153730006873158,0.8159785504467487,21.10468390105812,54.15495731104256,74.75250154715697,0.0,48.1,143.1,0.480875
2016-01-17,0,0,0,0.6278736525750425,1.0632911392405062,15.6,0.0,0.2,0.8394626692786616,12.111491224906278,8.153730006873158,13.57882754676,40.2060289899165,73.05204397525085,0.0,43.7,128.89999999999998,0.4425
2016-01-18,0,0,0,0.449696856987342,0.7102564102564103,11.0,0.0,0.61,0.6278736525750425,0.8394626692786616,12.111491224906278,1.917033178841064,29.75036477754778,72.7494681941303,0.0,0.0,98.1,0.4152083333333333
2016-01-19,0,0,0,0.5842158861350183,0.4271794871794871,5.0,0.0,0.98,0.449696856987342,0.6278736525750425,0.8394626692786616,1.6617863956974204,23.58244884720224,72.88976307971562,1.0,1.0,63.7,0.417875
2016-01-20,0,0,0,0.1693103300018647,0.2531645569620253,3.0,0.0,0.2,0.5842158861350183,0.449696856987342,0.6278736525750425,1.2032230731242428,22.93578062675735,72.79407459575452,0.0,1.0,49.1,0.4156666666666666
2016-01-21,0,0,0,0.3621720072478093,0.5787179487179487,4.0,0.2,0.39,0.1693103300018647,0.5842158861350183,0.449696856987342,1.11569822338471,15.144222627132002,73.01264041940806,0.0,1.0,44.7,0.4054583333333333
2016-01-22,0,0,0,0.1075941797415801,0.1746835443037974,3.4000000000000004,0.0,0.2,0.3621720072478093,0.1693103300018647,0.5842158861350183,0.639076516991272,3.1403255819673044,73.0084991932902,0.2,0.2,1.1999999999999929,0.3844583333333333
2016-01-23,0,0,0,0.1833333294235277,0.3567088607594936,8.18,0.0,0.39,0.1075941797415801,0.3621720072478093,0.1693103300018647,0.653099516412935,2.4841962421121706,56.63915355315476,0.9,1.1,2.099999999999993,0.3683333333333333
2016-01-24,0,0,0,5.477087885677023,6.1051898734177215,77.96,3.98,15.34,0.1833333294235277,0.1075941797415801,0.3621720072478093,5.768015394842149,7.333410475214151,47.53943946513069,5.5,6.6,7.599999999999992,0.3664166666666666
2016-01-25,1,6,5,6.006088731524318,5.8105128205128205,73.37,0.81,13.21,5.477087885677023,0.1833333294235277,0.1075941797415801,11.666509946624886,12.889802349751127,42.64016712729894,1.1,7.5,8.699999999999992,0.3779999999999999
2016-01-26,0,0,0,3.435437269721621,3.598831168831169,57.16,0.4,24.4,6.006088731524318,5.477087885677023,0.1833333294235277,14.91861388692298,15.74102373333773,39.32347258053999,1.1,7.699999999999999,8.799999999999994,0.3524166666666666
2016-01-27,1,51,28,28.49255246804969,23.522894736842105,85.7,20.07,25.52,3.435437269721621,6.006088731524318,5.477087885677023,37.934078469295656,44.06426587138556,67.00004649814295,12.2,14.4,20.999999999999996,0.4035833333333333
2016-01-28,0,0,0,3.930410777659544,4.8500000000000005,36.52,0.4,1.77,28.49255246804969,3.435437269721621,6.006088731524318,35.85840051543088,47.6325046417973,62.77672726892933,0.0,13.3,20.999999999999996,0.4409583333333333
2016-01-29,0,0,0,0.995269477356821,1.6613333333333336,23.72,0.2,4.54,3.930410777659544,28.49255246804969,3.435437269721621,33.41823272306608,48.520179939412536,51.66050552137987,3.9,16.099999999999998,24.699999999999992,0.4306666666666667
2016-01-30,0,0,0,2.199782568641385,1.4825,5.800000000000001,1.185,1.38,0.995269477356821,3.930410777659544,28.49255246804969,7.125462823657768,50.53662917863039,53.02082542074259,0.9,4.8,24.699999999999992,0.4410833333333333
2016-01-31,0,0,0,0.5803870250849081,0.6609333333333335,20.97,0.0,0.39,2.199782568641385,0.995269477356821,3.930410777659544,3.775439071083132,45.63992831803828,52.97333879325246,0.0,4.8,19.2,0.3816666666666666
2016-02-01,0,0,0,0.100827323123231,0.1333333333333333,1.8,0.0,0.2,0.5803870250849081,2.199782568641385,0.995269477356821,2.8809969168495413,39.734666909637184,52.62446925938834,0.0,0.9,18.099999999999994,0.3240416666666666
2016-02-02,1,3,0,1.7993751056551903,1.9543243243243245,25.13,0.0,11.8,0.100827323123231,0.5803870250849081,2.199782568641385,2.4805894538633475,38.09860474557076,53.83962847890852,0.2,0.2,17.199999999999992,0.2894583333333333
2016-02-03,0,0,0,0.2800497929105738,0.3351351351351351,10.8,0.0,0.2,1.7993751056551903,0.100827323123231,0.5803870250849081,2.180252221689013,9.886102070431638,53.95036794181723,0.3,0.5,5.299999999999993,0.2669999999999999
2016-02-04,0,0,0,0.0768312628223656,0.1173333333333333,3.2,0.0,0.2,0.2800497929105738,1.7993751056551903,0.100827323123231,2.156256161388148,6.03252255559446,53.66502719739179,3.3,3.8,8.599999999999993,0.2530416666666666
2016-02-05,0,0,0,5.382659717815555,5.687466666666666,41.52,3.54,18.53,0.0768312628223656,0.2800497929105738,1.7993751056551903,5.739540773548512,10.419912796053191,58.94009273546576,4.8,8.399999999999999,9.499999999999991,0.283875
2016-02-06,1,7,3,6.608080690458968,7.555135135135136,67.11,2.4800000000000004,10.57,5.382659717815555,0.0768312628223656,0.2800497929105738,12.067571671096909,14.828210917870775,65.3648400965012,7.4,15.5,15.999999999999991,0.3348333333333333
2016-02-07,0,0,0,1.5928415314133737,2.638648648648649,62.77,0.0,1.57,6.608080690458968,5.382659717815555,0.0768312628223656,13.583581939687914,15.840665424199244,61.48059374223755,2.3,14.5,18.29999999999999,0.3775416666666666
2016-02-08,1,33,21,17.270735227354002,9.08554054054054,66.7,4.32,22.09,1.5928415314133737,6.608080690458968,5.382659717815555,25.47165744922636,33.01057332843001,72.74524023806724,2.3,12.0,20.59999999999999,0.4170416666666667
2016-02-09,0,0,0,0.6988575131689754,0.9189333333333334,10.4,0.0,0.39,17.270735227354002,1.5928415314133737,6.608080690458968,19.562434271936368,31.9100557359438,70.0086604815146,0.3,4.9,20.699999999999992,0.4007916666666666
2016-02-10,1,8,4,3.852591567571213,3.220266666666667,21.06,0.0,9.96,0.6988575131689754,17.270735227354002,1.5928415314133737,21.822184308094208,35.482597510604435,45.3686995810361,3.2,5.8,23.59999999999999,0.3783333333333333
2016-02-11,0,0,0,2.440312421927032,3.6156,23.8,1.58,6.2,3.852591567571213,0.6988575131689754,17.270735227354002,6.991761502667238,37.8460786697091,43.87860122530359,16.1,19.6,36.39999999999999,0.46875
2016-02-12,0,0,0,0.2943358872777568,0.5406578947368421,8.200000000000001,0.0,0.59,2.440312421927032,3.852591567571213,0.6988575131689754,6.58723987677602,32.757754839171305,43.17766763522452,0.2,19.5,31.799999999999997,0.4472083333333334
2016-02-13,0,0,0,0.087347146102474,0.2526315789473684,12.0,0.0,0.2,0.2943358872777568,2.440312421927032,3.852591567571213,2.821995455307281,26.237021294814813,41.06523221268562,0.0,16.3,24.39999999999999,0.4036666666666667
2016-02-14,0,0,0,0.0468652391404832,0.1466666666666666,7.800000000000001,0.0,0.2,0.087347146102474,0.2943358872777568,2.440312421927032,0.4285482725207318,24.691045002541923,40.53171042674119,0.0,0.2,22.099999999999994,0.368875
2016-02-15,1,45,27,30.645002792895344,28.174324324324324,92.61,26.36,24.24,0.0468652391404832,0.087347146102474,0.2943358872777568,30.77921517813832,38.065312568083264,71.07588589651331,15.4,15.4,35.2,0.3913333333333333
2016-02-16,0,0,0,4.679977451702056,5.329864864864865,32.09,1.9,1.57,30.645002792895344,0.0468652391404832,0.087347146102474,35.3718454837379,42.04643250661635,73.95648824256018,14.2,29.6,49.09999999999999,0.5010416666666667
2016-02-17,1,14,10,6.045731216705489,9.776621621621622,50.92,3.535,23.8,4.679977451702056,30.645002792895344,0.0468652391404832,41.3707114613029,44.23957215575062,79.72216966635509,11.4,41.0,57.3,0.48125
2016-02-18,1,4,3,6.188218784144452,6.2745205479452055,31.34,2.56,13.01,6.045731216705489,4.679977451702056,30.645002792895344,16.913927452552016,47.98747851796804,85.83355718767717,16.6,42.2,57.8,0.45675
2016-02-19,1,33,30,8.38080664516703,12.4543661971831,61.27,3.6,25.52,6.188218784144452,6.045731216705489,4.679977451702056,20.61475664601699,56.07394927585732,88.83170411502866,2.7,30.7,60.29999999999999,0.4657083333333333
2016-02-20,1,4,0,7.234317911221132,9.690704225352112,65.12,3.16,24.03,8.38080664516703,6.188218784144452,6.045731216705489,21.80334334053263,63.220920040975976,89.4579413357908,5.4,24.700000000000003,65.69999999999999,0.4890833333333333
2016-02-21,1,22,14,27.623481554877493,19.411369863013697,109.07,10.84,18.31,7.234317911221132,8.38080664516703,6.188218784144452,43.23860611126568,90.79753635671298,115.48858135925494,12.3,20.4,78.0,0.4935
2016-02-22,1,2,0,7.278400348082025,9.395733333333332,59.79,3.8,59.79,27.623481554877493,7.234317911221132,8.38080664516703,42.13619981418066,67.43093391189966,105.49624647998296,14.5,32.2,77.1,0.4834166666666666
2016-02-23,0,0,0,1.9890663377190627,2.7447222222222223,27.360000000000003,0.8,19.0,7.278400348082025,27.623481554877493,7.234317911221132,36.89094824067861,64.74002279791667,106.78645530453304,12.2,39.0,75.1,0.4777916666666666
2016-02-24,1,32,27,13.949682015361187,16.950985915492957,98.84,8.32,23.16,1.9890663377190627,7.278400348082025,27.623481554877493,23.21714870116229,72.64397359657237,116.88354575232302,1.3,28.0,64.99999999999999,0.4769583333333333
2016-02-25,0,0,0,1.283280165870549,1.572394366197183,12.2,0.4,0.79,13.949682015361187,1.9890663377190627,7.278400348082025,17.222028518950818,67.73903497829846,115.72651349626652,0.0,13.5,48.4,0.4729166666666666
2016-02-26,1,4,0,6.107484296043933,5.339305555555556,30.28,3.575,6.75,1.283280165870549,13.949682015361187,1.9890663377190627,21.340446477275687,65.46571262917537,121.5396619050327,0.8,2.1,46.49999999999999,0.4465416666666666
2016-02-27,0,0,0,1.1900358185119444,1.4743055555555555,16.400000000000002,0.2,0.39,6.107484296043933,1.283280165870549,13.949682015361187,8.580800280426445,59.421430536466175,122.64235057744216,0.1,0.9,41.2,0.426625
2016-02-28,1,5,0,12.49042767648604,9.886111111111113,32.2,9.045,12.41,1.1900358185119444,6.107484296043933,1.283280165870549,19.787947791041937,44.288376658074725,135.08591301478774,13.7,14.6,42.6,0.42975
2016-02-29,1,6,1,12.922136024785514,12.778732394366196,35.910000000000004,12.01,8.93,12.49042767648604,1.1900358185119444,6.107484296043933,26.60259951978352,49.93211233477822,117.3630462466779,10.0,23.8,38.1,0.4985833333333333
2016-03-01,1,15,5,21.43516458648764,18.22597222222222,56.46,17.23,3.74,12.922136024785514,12.49042767648604,1.1900358185119444,46.84772828775921,69.37821058354679,134.11823338146348,19.3,43.0,45.19999999999999,0.483875
2016-03-02,1,14,7,9.406321625560553,9.423802816901407,46.53,6.2,10.58,21.43516458648764,12.922136024785514,12.49042767648604,43.763622236833726,64.83485019374616,137.47882379031856,22.4,51.7,66.3,0.4866666666666666
2016-03-03,1,9,7,9.318327903212298,8.552,30.86,6.885,10.37,9.406321625560553,21.43516458648764,12.922136024785514,40.15981411526051,72.8698979310879,140.6089329093864,5.9,47.6,72.19999999999999,0.4735416666666667
2016-03-04,1,5,2,15.978812759035078,12.158285714285714,64.17,7.53,11.18,9.318327903212298,9.406321625560553,21.43516458648764,34.70346228780795,82.74122639407905,148.20693902325445,5.2,33.5,76.6,0.4704166666666666
2016-03-05,1,1,1,1.632411316592849,2.325217391304348,23.18,0.0,8.14,15.978812759035078,9.318327903212298,9.406321625560553,26.929551978840248,83.18360189215996,142.60503242862617,4.5,15.600000000000003,80.99999999999999,0.4654166666666666
2016-03-06,0,0,0,7.690871523150003,4.720845070422535,26.54,1.6,10.78,1.632411316592849,15.978812759035078,9.318327903212298,25.302095598777957,78.38404573882391,122.67242239689868,11.1,20.800000000000004,78.39999999999998,0.46925
2016-03-07,1,5,1,4.349494210860259,4.488732394366197,29.9,1.8,12.95,7.690871523150003,1.632411316592849,15.978812759035078,13.672777050603132,69.81140392489866,119.74351625967692,4.9,20.500000000000004,73.29999999999998,0.4800833333333333
2016-03-08,0,0,0,0.6530180393583322,1.0075362318840582,22.85,0.0,0.98,4.349494210860259,7.690871523150003,1.632411316592849,12.693383773368616,49.02925737776936,118.40746796131616,0.7,16.700000000000003,54.69999999999999,0.45
2016-03-09,1,12,9,2.366409605822709,3.0068571428571427,33.83,0.395,7.73,0.6530180393583322,4.349494210860259,7.690871523150003,7.368921856041322,41.98934535803152,106.82419555177768,1.0,6.600000000000002,33.3,0.4320833333333333
2016-03-10,1,38,18,20.19418004603135,17.348714285714287,61.94,20.165,6.5,2.366409605822709,0.6530180393583322,4.349494210860259,23.21360769121241,52.86519750085056,125.73509543193848,1.5,3.200000000000002,28.89999999999999,0.4204583333333333
2016-03-11,1,91,51,44.30590400032544,38.57428571428572,85.76,49.86,14.48,20.19418004603135,2.366409605822709,0.6530180393583322,66.86649365217951,81.19228874214093,163.93351513622002,3.3,5.800000000000002,26.999999999999996,0.4326666666666667
2016-03-12,0,0,0,3.490376968252743,3.804084507042254,32.46,0.2,2.36,44.30590400032544,20.19418004603135,2.366409605822709,67.99046101460955,83.05025439380081,166.2338562859608,0.0,4.800000000000002,22.499999999999996,0.447
2016-03-13,1,1,0,1.6555773954968844,2.2472857142857143,34.31,0.0,0.39,3.490376968252743,44.30590400032544,20.19418004603135,49.45185836407508,77.01496026614771,155.39900600497165,0.1,3.4000000000000017,11.499999999999991,0.4267083333333333
2016-03-14,0,0,0,1.400654435114674,1.6462857142857144,25.94,0.2,0.42,1.6555773954968844,3.490376968252743,44.30590400032544,6.546608798864315,74.06612049040213,143.87752441530083,0.5,0.6000000000000018,7.0999999999999925,0.4170416666666667
2016-03-15,1,1,0,1.013609265239295,1.1684507042253522,15.37,0.0,0.6,1.400654435114674,1.6555773954968844,3.490376968252743,4.069841095850867,74.42671171628308,123.45596909405246,1.0,1.600000000000002,7.399999999999993,0.4027916666666666
2016-03-16,0,0,0,1.3550273419362031,1.3870422535211269,11.8,0.8,0.39,1.013609265239295,1.400654435114674,1.6555773954968844,3.7692910422901855,73.41532945239656,115.40467481042812,3.7,5.200000000000002,10.099999999999993,0.4265416666666666
2016-03-17,1,2,0,1.0963529882423009,1.5627941176470588,36.54,0.0,12.19,1.3550273419362031,1.013609265239295,1.400654435114674,3.464989595417813,54.31750239460753,107.18269989545811,2.5,7.200000000000002,11.099999999999993,0.4440833333333333
2016-03-18,0,0,0,0.2993787745871202,0.3652173913043478,11.4,0.0,0.2,1.0963529882423009,1.3550273419362031,1.013609265239295,2.7507591047656383,10.310977168869206,91.50326591101016,0.5,6.700000000000002,8.299999999999994,0.445375
2016-03-19,0,0,0,0.1204666376729358,0.1141428571428571,1.8,0.0,0.39,0.2993787745871202,1.0963529882423009,1.3550273419362031,1.516198400502371,6.941066838289399,89.99132123209026,0.0,3.0000000000000018,8.299999999999994,0.4103333333333334
2016-03-20,0,0,0,0.099913636366196,0.0828571428571428,1.4,0.0,0.2,0.1204666376729358,0.2993787745871202,1.0963529882423009,0.5197590486262664,5.385403079158711,82.40036334530645,0.0,0.5000000000000018,8.199999999999994,0.3725416666666667
2016-03-21,0,0,0,0.092799093809864,0.0869565217391304,1.8,0.0,0.2,0.099913636366196,0.1204666376729358,0.2993787745871202,0.3131793678490102,4.077547737853902,78.14366822825605,0.3,0.3000000000000017,7.999999999999994,0.34125
2016-03-22,1,1,0,0.1842159804773096,0.2014492753623188,2.58,0.0,0.98,0.092799093809864,0.099913636366196,0.1204666376729358,0.3769287106533839,3.2481544530919155,77.67486616937502,3.1,3.4000000000000017,10.099999999999993,0.31875
2016-03-23,0,0,0,5.22923389189208,4.638857142857144,18.65,4.065,5.31,0.1842159804773096,0.092799093809864,0.099913636366196,5.506248966179268,7.122361003047792,80.53769045544439,8.8,12.200000000000005,15.199999999999994,0.3779166666666667
2016-03-24,0,0,0,0.6224086770652145,0.8335714285714286,11.09,0.2,1.57,5.22923389189208,0.1842159804773096,0.092799093809864,6.035858549434618,6.648416691870706,60.96591908647826,6.2,18.1,18.899999999999995,0.4495416666666667
2016-03-25,1,6,4,16.326146761046708,10.358115942028986,39.84,8.84,14.71,0.6224086770652145,5.22923389189208,0.1842159804773096,22.177789330004018,22.675184678330293,32.986161847199526,20.4,35.4,38.8,0.4706666666666666
2016-03-26,0,0,0,2.490784916177736,2.424142857142857,16.970000000000002,0.81,3.35,16.326146761046708,0.6224086770652145,5.22923389189208,19.439340354289676,25.04550295683509,31.98656979512452,2.9,29.5,41.7,0.4952916666666667
2016-03-27,0,0,0,0.636361445948751,0.6254285714285714,9.44,0.0,5.31,2.490784916177736,16.326146761046708,0.6224086770652145,19.453293123173207,25.581950766417645,30.967353845576387,0.4,23.7,42.1,0.4755833333333333
2016-03-28,0,0,0,0.2181255670532995,0.3475362318840579,7.800000000000001,0.0,0.79,0.636361445948751,2.490784916177736,16.326146761046708,3.3452719291798,25.707277239661085,29.78482497751501,4.6,7.899999999999999,46.4,0.47225
2016-03-29,1,3,0,2.823659293229779,1.0520289855072464,14.3,0.0,7.58,0.2181255670532995,0.636361445948751,2.490784916177736,3.6781463062318434,28.34672055241355,31.594875005505497,2.3,7.3,45.6,0.4709583333333333
2016-03-30,0,0,0,0.3065515474037925,0.4139130434782609,6.12,0.0,4.14,2.823659293229779,0.2181255670532995,0.636361445948751,3.348336407686885,23.424038207925264,30.54639921097309,3.4,10.3,40.19999999999999,0.4722916666666667
2016-03-31,0,0,0,2.333939873955558,3.1275714285714287,39.0,0.2,17.68,0.3065515474037925,2.823659293229779,0.2181255670532995,5.464150714589144,25.13556940481561,31.783986096686345,0.3,6.0,34.3,0.4660833333333333
2016-04-01,0,0,0,0.1091937083400811,0.1084285714285714,3.2,0.0,0.39,2.333939873955558,0.3065515474037925,2.823659293229779,2.7496851296994462,8.918616352108982,31.593801030439305,0.6,4.3,14.499999999999991,0.4485833333333333
2016-04-02,1,1,0,0.0323832476002501,0.0347826086956521,1.0,0.0,0.2,0.1091937083400811,2.333939873955558,0.3065515474037925,2.4755168298959043,6.460214683531496,31.50571764036662,0.0,0.8999999999999999,11.59999999999999,0.4306666666666667
2016-04-03,0,0,0,0.1963843672739247,0.3818840579710145,21.61,0.0,1.96,0.0323832476002501,0.1091937083400811,2.333939873955558,0.3379613232142702,6.02023760485667,31.602188371274348,0.2,0.7999999999999998,11.399999999999991,0.4062916666666666
2016-04-04,0,0,0,0.0084107702577843,0.0147058823529411,0.2,0.0,0.2,0.1963843672739247,0.0323832476002501,0.1091937083400811,0.2371783851319733,5.810522808061156,31.517800047722268,0.0,0.2,6.799999999999993,0.3889583333333333
2016-04-05,0,0,0,0.0017955611175564,0.0028571428571428,0.2,0.0,0.2,0.0084107702577843,0.1963843672739247,0.0323832476002501,0.2065906986492797,2.988659075948933,31.335379628362517,0.0,0.2,4.499999999999993,0.3680416666666666
2016-04-06,0,0,0,0.0,0.0,0.0,0.0,0.0,0.0017955611175564,0.0084107702577843,0.1963843672739247,0.0102063313753549,2.6821075285451403,26.106145736470435,0.0,0.0,1.0999999999999928,0.3438333333333334
2016-04-07,0,0,0,0.0,0.0,0.0,0.0,0.0,0.0,0.0017955611175564,0.0084107702577843,0.0017955611175706,0.3481676545895825,25.483737059405215,0.0,0.0,0.7999999999999927,0.3187916666666666
2016-04-08,0,0,0,0.0,0.0,0.0,0.0,0.0,0.0,0.0,0.0017955611175564,0.0,0.2389739462495014,9.157590298358512,0.2,0.2,0.3999999999999929,0.298625
2016-04-09,0,0,0,0.0,0.0,0.0,0.0,0.0,0.0,0.0,0.0,0.0,0.2065906986492512,6.666805382180776,0.0,0.2,0.3999999999999929,0.2825416666666666
2016-04-10,1,2,2,0.2369237138441878,0.2932857142857143,4.91,0.0,2.16,0.0,0.0,0.0,0.236923713844202,0.2471300452195144,6.267367650076213,0.5,0.7,0.6999999999999929,0.2654583333333333
2016-04-11,0,0,0,0.0046228895215045,0.0057142857142857,0.4,0.0,0.2,0.2369237138441878,0.0,0.0,0.2415466033657066,0.2433421644832346,6.053864972544418,0.6,1.1,1.299999999999993,0.258375
2016-04-12,0,0,0,0.0,0.0,0.0,0.0,0.0,0.0046228895215045,0.2369237138441878,0.0,0.2415466033657066,0.2415466033656782,3.23020567931464,0.6,1.7000000000000002,1.8999999999999928,0.25475
2016-04-13,0,0,0,0.0234544196537513,0.0259420289855072,0.79,0.0,0.59,0.0,0.0046228895215045,0.2369237138441878,0.0280773091752701,0.2650010230194295,2.9471085515645985,0.0,1.2000000000000002,1.8999999999999928,0.2477916666666666
2016-04-14,0,0,0,0.0203493297201349,0.0144285714285714,0.8099999999999999,0.0,0.61,0.0234544196537513,0.0,0.0046228895215045,0.0438037493739004,0.2853503527395645,0.6335180073291751,0.0,0.6000000000000001,1.8999999999999928,0.2303333333333333
2016-04-15,0,0,0,0.0037657959593336,0.0058823529411764,0.4,0.0,0.2,0.0203493297201349,0.0234544196537513,0.0,0.0475695453332341,0.2891161486988981,0.5280900949484275,0.0,0.0,1.699999999999993,0.2115833333333333
2016-04-16,0,0,0,0.0092016195585018,0.005735294117647,0.39,0.0,0.39,0.0037657959593336,0.0203493297201349,0.0234544196537513,0.0333167452379846,0.2983177682574,0.5049084669066793,0.0,0.0,1.699999999999993,0.195625
2016-04-17,0,0,0,0.0,0.0,0.0,0.0,0.0,0.0092016195585018,0.0037657959593336,0.0203493297201349,0.0129674155178497,0.0613940544132121,0.3085240996327545,0.0,0.0,1.199999999999993,0.1745
2016-04-18,0,0,0,0.0176385933511346,0.0242028985507246,1.67,0.0,1.67,0.0,0.0092016195585018,0.0037657959593336,0.0268402129096507,0.0744097582428422,0.3177519227261049,0.0,0.0,0.599999999999993,0.1552083333333333
2016-04-19,0,0,0,0.0,0.0,0.0,0.0,0.0,0.0176385933511346,0.0,0.0092016195585018,0.0176385933511488,0.0744097582428422,0.3159563616085485,0.0,0.0,0.0,0.1393333333333333
2016-04-20,0,0,0,0.4199664077440705,0.6614492753623189,11.97,0.0,4.53,0.0,0.0176385933511346,0.0,0.4376050010952194,0.4709217463331614,0.735922769352619,0.0,0.0,0.0,0.1285416666666666
2016-04-21,0,0,0,0.2438732756662609,0.4102985074626866,15.3,0.0,0.59,0.4199664077440705,0.0,0.0176385933511346,0.6638396834103457,0.6944456922792874,0.97979604501888,0.0,0.0,0.0,0.1215
2016-04-22,0,0,0,0.0038753526112804,0.0058823529411764,0.2,0.0,0.2,0.2438732756662609,0.4199664077440705,0.0,0.6677150360216261,0.6945552489312342,0.9836713976301604,0.0,0.0,0.0,0.11725
2016-04-23,0,0,0,0.0015850922940332,0.0028985507246376,0.2,0.0,0.2,0.0038753526112804,0.2438732756662609,0.4199664077440705,0.2493337205715887,0.6869387216667655,0.9852564899241936,0.0,0.0,0.0,0.1175416666666666
2016-04-24,0,0,0,0.0,0.0,0.0,0.0,0.0,0.0015850922940332,0.0038753526112804,0.2438732756662609,0.0054604449053278,0.6869387216667655,0.7483327760800057,0.0,0.0,0.0,0.1115833333333333
2016-04-25,0,0,0,0.0146170423925331,0.0091176470588235,0.62,0.0,0.42,0.0,0.0015850922940332,0.0038753526112804,0.0162021346865805,0.6839171707081639,0.7583269289510343,0.0,0.0,0.0,0.107375
2016-04-26,0,0,0,0.008436462317906,0.0182089552238805,0.42,0.0,0.42,0.0146170423925331,0.0,0.0015850922940332,0.0230535047104534,0.69235363302607,0.7667633912689403,1.3,1.3000000000000005,1.2999999999999932,0.1072083333333333
2016-04-27,0,0,0,1.5898965732478345,1.9727272727272729,12.04,1.6,1.38,0.008436462317906,0.0146170423925331,0.0,1.612950077958288,1.862283798529834,2.333205544863024,21.2,22.5,22.499999999999996,0.3398333333333334
2016-04-28,0,0,0,0.0857805509005122,0.1097014925373134,1.38,0.0,1.18,1.5898965732478345,0.008436462317906,0.0146170423925331,1.684113586466267,1.7041910737640853,2.398636766043401,0.1,22.6,22.599999999999994,0.4462083333333333
2016-04-29,0,0,0,0.0060002181996654,0.0121212121212121,0.2,0.0,0.2,0.0857805509005122,1.5898965732478345,0.008436462317906,1.6816773423480262,1.70631593935247,2.4008711882837326,0.0,21.3,22.599999999999994,0.4109583333333333
2016-04-30,0,0,0,0.0,0.0,0.0,0.0,0.0,0.0060002181996654,0.0857805509005122,1.5898965732478345,0.0917807691001918,1.7047308470584368,2.3916695687252307,0.0,0.1,22.599999999999994,0.3864583333333333
2016-05-01,0,0,0,0.0,0.0,0.0,0.0,0.0,0.0,0.0060002181996654,0.0857805509005122,0.0060002181996796,1.7047308470584368,2.3916695687252307,0.0,0.0,22.599999999999994,0.3596666666666666
2016-05-02,0,0,0,0.0,0.0,0.0,0.0,0.0,0.0,0.0,0.0060002181996654,0.0,1.6901138046659037,2.374030975374096,0.0,0.0,22.599999999999994,0.329875
2016-05-03,0,0,0,0.0203133868017786,0.0530882352941176,3.61,0.0,0.79,0.0,0.0,0.0,0.0203133868017928,1.7019907291497762,2.3943443621758744,0.0,0.0,21.299999999999997,0.3025833333333333
2016-05-04,0,0,0,0.0095460419655348,0.0059701492537313,0.4,0.0,0.2,0.0203133868017786,0.0,0.0,0.0298594287673276,0.1216401978674766,1.983923996397339,0.0,0.0,0.0999999999999929,0.2784583333333333
2016-05-05,0,0,0,0.0047730209827674,0.0029850746268656,0.2,0.0,0.2,0.0095460419655348,0.0203133868017786,0.0,0.0346324497500951,0.0406326679497318,1.7448237417138457,0.0,0.0,0.0,0.2565
2016-05-06,0,0,0,0.0,0.0,0.0,0.0,0.0,0.0047730209827674,0.0095460419655348,0.0203133868017786,0.0143190629483164,0.0346324497500664,1.740948389102565,0.8,0.8,0.7999999999999929,0.236375
2016-05-07,0,0,0,0.0,0.0,0.0,0.0,0.0,0.0,0.0047730209827674,0.0095460419655348,0.0047730209827816,0.0346324497500664,1.7393632968085315,1.4,2.2,2.199999999999993,0.2464583333333333
2016-05-08,0,0,0,0.0,0.0,0.0,0.0,0.0,0.0,0.0,0.0047730209827674,0.0,0.0346324497500664,1.7393632968085315,0.2,2.4,2.399999999999993,0.2581666666666666
2016-05-09,0,0,0,0.0026367333274833,0.0059701492537313,0.2,0.0,0.2,0.0,0.0,0.0,0.0026367333274976,0.0372691830775498,1.727382987743482,1.0,2.6,3.399999999999993,0.2623749999999999
2016-05-10,0,0,0,0.0583565208487158,0.0333333333333333,0.4,0.0,0.2,0.0026367333274833,0.0,0.0,0.0609932541762134,0.075312317124487,1.7773030462742918,5.4,6.6,8.799999999999994,0.3183333333333333
2016-05-11,0,0,0,0.0127475276238469,0.0413432835820895,2.77,0.0,0.39,0.0583565208487158,0.0026367333274833,0.0,0.0737407818000604,0.0785138027827991,0.2001540006503042,1.4,7.799999999999999,10.199999999999994,0.340625
2016-05-12,0,0,0,0.2571801706948322,0.2019696969696969,2.78,0.0,0.98,0.0127475276238469,0.0583565208487158,0.0026367333274833,0.3282842191674092,0.3309209524948639,0.3715536204446242,0.8,7.6,10.999999999999991,0.3508333333333333
2016-05-13,0,0,0,0.1451696118366163,0.2583076923076923,1.99,0.0,0.39,0.2571801706948322,0.0127475276238469,0.0583565208487158,0.4150973101553096,0.4760905643314802,0.510723014081575,0.2,2.399999999999999,10.399999999999991,0.3557916666666667
2016-05-14,0,0,0,0.0183216687681159,0.0184615384615384,0.6000000000000001,0.0,0.4,0.1451696118366163,0.2571801706948322,0.0127475276238469,0.4206714512995786,0.4944122330995962,0.5290446828496911,0.0,0.9999999999999992,8.999999999999995,0.3566249999999999
2016-05-15,0,0,0,0.0060453808244679,0.0121538461538461,0.59,0.0,0.59,0.0183216687681159,0.1451696118366163,0.2571801706948322,0.1695366614292144,0.5004576139240642,0.5350900636741591,0.0,0.1999999999999991,8.799999999999994,0.3352916666666667
2016-05-16,1,1,1,9.47887747459361,7.4362121212121215,77.23,4.890000000000001,18.94,0.0060453808244679,0.0183216687681159,0.1451696118366163,9.503244524186208,9.97669835519019,10.013967538267767,13.9,13.9,21.7,0.351875
2016-05-17,0,0,0,2.9609181055164338,2.687462686567164,13.4,2.18,5.13,9.47887747459361,0.0060453808244679,0.0183216687681159,12.445840960934524,12.87925993985791,12.954572256982424,3.4,17.3,19.7,0.4662916666666667
2016-05-18,1,1,1,16.56992867892552,15.082,68.3,19.89,11.39,2.9609181055164338,9.47887747459361,0.0060453808244679,29.00972425903558,29.436441091159583,29.51495489394241,8.0,25.3,26.299999999999997,0.4677083333333333
2016-05-19,0,0,0,3.49921128172712,3.891538461538462,22.540000000000003,2.4000000000000004,2.17,16.56992867892552,2.9609181055164338,9.47887747459361,23.03005806616909,32.67847220219187,33.00939315468676,0.7,12.1,26.199999999999992,0.4761666666666666
2016-05-20,0,0,0,1.0082506646476062,1.1435384615384618,12.6,0.2,1.02,3.49921128172712,16.56992867892552,2.9609181055164338,21.07739062530026,33.54155325500287,34.01764381933437,0.0,8.7,25.999999999999996,0.455375
2016-05-21,1,2,2,30.65762925014916,26.888461538461534,53.33,36.83,14.52,1.0082506646476062,3.49921128172712,16.56992867892552,35.165091196523896,64.1808608363839,64.67527306948352,5.9,6.6000000000000005,31.899999999999995,0.4692083333333333
2016-05-22,1,3,0,2.577185822941004,2.682923076923077,34.7,0.4,2.76,30.65762925014916,1.0082506646476062,3.49921128172712,34.24306573773778,66.75200127850043,67.25245889242453,1.8,7.7,33.7,0.4574583333333333
2016-05-23,1,4,0,12.792491002456464,12.666769230769232,26.19,15.01,11.59,2.577185822941004,30.65762925014916,1.0082506646476062,46.02730607554664,70.0656148063633,80.04231316155352,9.1,16.8,28.899999999999995,0.4843333333333333
2016-05-24,0,0,0,1.84160442223792,2.059692307692308,18.0,0.6000000000000001,0.39,12.792491002456464,2.577185822941004,30.65762925014916,17.211281247635405,68.94630112308478,81.82556106294271,0.3,11.2,25.799999999999997,0.4811249999999999
2016-05-25,0,0,0,1.1894363180775451,1.6712307692307693,21.8,0.2,12.17,1.84160442223792,12.792491002456464,2.577185822941004,15.823531742771944,53.5658087622368,83.00224985339642,0.0,9.4,17.799999999999994,0.46375
2016-05-26,0,0,0,0.7148044065769691,1.1353846153846154,19.0,0.0,0.2,1.1894363180775451,1.84160442223792,12.792491002456464,3.745845146892448,50.78140188708665,83.45987408927854,0.0,0.2999999999999982,17.099999999999994,0.445625
2016-05-27,0,0,0,0.4462434852055277,0.6481818181818182,12.4,0.0,0.59,0.7148044065769691,1.1894363180775451,1.84160442223792,2.350484209860056,50.21939470764457,83.76094796264745,0.0,0.0,17.099999999999994,0.435
2016-05-28,0,0,0,0.4723216088979309,0.892923076923077,24.44,0.0,5.34,0.4462434852055277,0.7148044065769691,1.1894363180775451,1.6333695006804418,20.034087066393347,84.21494790277728,0.0,0.0,11.199999999999992,0.425
2016-05-29,0,0,0,0.2738463643469141,0.365625,7.800000000000001,0.0,1.4,0.4723216088979309,0.4462434852055277,0.7148044065769691,1.1924114584503869,17.73074760779926,84.48274888629972,1.5,1.4999999999999982,10.899999999999991,0.4188749999999999
2016-05-30,0,0,0,3.3782609483955968,3.3765625,9.46,3.96,3.54,0.2738463643469141,0.4723216088979309,0.4462434852055277,4.124428921640456,8.31651755373839,78.3821323601017,7.1,8.599999999999998,8.899999999999991,0.429
2016-05-31,0,0,0,8.568258043066798,7.9228125,14.4,9.45,2.56,3.3782609483955968,0.2738463643469141,0.4723216088979309,12.220365355809324,15.043171174567268,83.98947229765207,1.1,9.699999999999998,9.699999999999992,0.4726666666666666
2016-06-01,1,4,0,8.762378718337693,7.595538461538461,30.04,4.53,10.78,8.568258043066798,3.3782609483955968,0.2738463643469141,20.708897709800105,22.616113574827416,76.18192233706424,4.2,12.4,13.899999999999991,0.483875
2016-06-02,1,9,3,16.403942117726228,15.814126984126984,44.59,16.720000000000002,8.19,8.762378718337693,8.568258043066798,3.3782609483955968,33.73457887913074,38.305251285976674,89.08665317306335,9.1,14.4,22.999999999999996,0.4912916666666667
2016-06-03,1,6,2,16.100763291310773,14.24859375,36.22,14.815,9.98,16.403942117726228,8.762378718337693,8.568258043066798,41.26708412737471,53.95977109208192,104.17916579972652,6.4,19.7,29.39999999999999,0.494625
2016-06-04,1,7,1,11.521409741391688,10.1634375,24.22,10.235,6.72,16.100763291310773,16.403942117726228,8.762378718337693,44.0261151504287,65.00885922457567,85.04294629096906,5.7,21.2,35.099999999999994,0.4992499999999999
2016-06-05,1,13,2,33.74082240862649,32.7915625,71.89,39.17,7.92,11.521409741391688,16.100763291310773,16.403942117726228,61.36299544132896,98.47583526885526,116.20658287665456,10.9,23.0,44.49999999999999,0.4897083333333333
2016-06-06,1,22,10,27.6985483703622,25.91709677419355,58.85,25.160000000000004,12.4,33.74082240862649,11.521409741391688,16.100763291310773,72.9607805203804,122.79612269082185,131.11264024456028,27.0,43.6,64.39999999999999,0.4842916666666666
2016-06-07,1,11,2,21.55685675508376,21.14215384615385,61.45,26.98,7.1,27.6985483703622,33.74082240862649,11.521409741391688,82.99622753407246,135.7847214028388,150.82789257740612,28.5,66.4,91.8,0.4934166666666666
2016-06-08,0,0,0,3.2780055504772623,3.636769230769231,28.46,0.0,5.9,21.55685675508376,27.6985483703622,33.74082240862649,52.53341067592324,130.30034823497837,152.91646180980584,0.0,55.5,87.6,0.4757499999999999
2016-06-09,0,0,0,1.5015329146923135,1.3968253968253967,13.4,0.0,0.2,3.2780055504772623,21.55685675508376,27.6985483703622,26.33639522025335,115.39793903194447,153.70319031792116,0.0,28.5,78.5,0.45925
2016-06-10,0,0,0,1.2143230917162031,1.11859375,15.0,0.0,0.39,1.5015329146923135,3.2780055504772623,21.55685675508376,5.993861556885793,100.5114988323499,154.47126992443185,0.0,0.0,72.1,0.44675
2016-06-11,0,0,0,1.5201148181262287,1.03125,13.8,0.0,0.6,1.2143230917162031,1.5015329146923135,3.2780055504772623,4.23597082453476,90.51020390908444,155.51906313366015,0.0,0.0,66.39999999999999,0.4352499999999999
2016-06-12,0,0,0,0.9720798420300546,0.7619047619047619,10.4,0.0,0.2,1.5201148181262287,1.2143230917162031,1.5015329146923135,3.706517751872501,57.74146134248801,156.2172966113433,0.0,0.0,55.49999999999999,0.4255416666666666
2016-06-13,0,0,0,0.7883863532254004,0.5680645161290322,6.6000000000000005,0.0,1.02,0.9720798420300546,1.5201148181262287,1.2143230917162031,3.2805810133816977,30.83129932535121,153.62742201617309,0.0,0.0,28.499999999999996,0.415
2016-06-14,0,0,0,0.7816825014190818,0.45625,6.4,0.0,0.2,0.7883863532254004,0.9720798420300546,1.5201148181262287,2.542148696674551,10.05612507168653,145.8408464745254,0.0,0.0,0.0,0.4050416666666667
2016-06-15,0,0,0,1.0612121123543088,1.2196923076923076,50.68,0.0,48.88,0.7816825014190818,0.7883863532254004,0.9720798420300546,2.6312809669988053,7.839331633563576,138.13967986854198,0.0,0.0,0.0,0.396625
2016-06-16,0,0,0,0.618854967574637,0.3686153846153846,6.6000000000000005,0.0,1.57,1.0612121123543088,0.7816825014190818,0.7883863532254004,2.461749581348042,6.956653686445899,122.3545927183904,0.0,0.0,0.0,0.3886666666666666
2016-06-17,0,0,0,0.557030376261851,0.2984615384615385,8.200000000000001,0.0,0.2,0.618854967574637,1.0612121123543088,0.7816825014190818,2.237097456190811,6.299360970991548,106.81085980334149,0.0,0.0,0.0,0.3787916666666666
2016-06-18,0,0,0,0.3541027207620784,0.206,7.2,0.0,0.59,0.557030376261851,0.618854967574637,1.0612121123543088,1.5299880645985806,5.133348873627398,95.64355278271186,0.0,0.0,0.0,0.3707499999999999
2016-06-19,0,0,0,0.2624611631393743,0.181076923076923,6.2,0.0,1.57,0.3541027207620784,0.557030376261851,0.618854967574637,1.173594260163318,4.423730194736717,62.16519153722475,0.0,0.0,0.0,0.36925
2016-06-20,0,0,0,0.0874222988229829,0.0793650793650793,1.2000000000000002,0.0,0.2,0.2624611631393743,0.3541027207620784,0.557030376261851,0.7039861827244499,3.7227661403343,34.55406546568554,0.0,0.0,0.0,0.374125
2016-06-21,0,0,0,0.3095268950022694,0.34609375,7.33,0.0,1.58,0.0874222988229829,0.2624611631393743,0.3541027207620784,0.6594103569646409,3.250610533917488,13.306735605604048,0.0,0.0,0.0,0.4032916666666666
2016-06-22,0,0,0,1.053396567274259,1.01875,3.94,0.4,3.54,0.3095268950022694,0.0874222988229829,0.2624611631393743,1.4503457610995254,3.2427949888374377,11.082126622401043,10.2,10.2,10.199999999999992,0.4235833333333333
2016-06-23,1,1,0,0.7199284019829402,0.8276562500000001,6.17,0.2,6.17,1.053396567274259,0.3095268950022694,0.0874222988229829,2.0828518642594824,3.3438684232457407,10.30052210969167,9.2,19.4,19.39999999999999,0.4842083333333333
2016-06-24,0,0,0,0.0807538716622597,0.0918461538461538,2.17,0.0,0.98,0.7199284019829402,1.053396567274259,0.3095268950022694,1.854078840919473,2.86759191864615,9.166952889637724,0.0,19.4,19.39999999999999,0.4688333333333334
2016-06-25,0,0,0,0.084681224338935,0.0932307692307692,2.27,0.0,2.07,0.0807538716622597,0.7199284019829402,1.053396567274259,0.8853634979841492,2.5981704222230064,7.731519295850433,0.0,9.2,19.39999999999999,0.4530416666666667
2016-06-26,0,0,0,0.0592898499174395,0.0581538461538461,1.18,0.0,1.18,0.084681224338935,0.0807538716622597,0.7199284019829402,0.2247249459186485,2.394999109001071,6.818729303737817,0.0,0.0,19.39999999999999,0.4412083333333333
2016-06-27,0,0,0,0.051796848759475,0.043076923076923,0.6000000000000001,0.0,0.2,0.0592898499174395,0.084681224338935,0.0807538716622597,0.1957679230158638,2.359373658937564,6.082139799271892,0.0,0.0,19.39999999999999,0.4303333333333333
2016-06-28,0,0,0,0.0477437174880034,0.03125,0.8,0.0,0.2,0.051796848759475,0.0592898499174395,0.084681224338935,0.1588304161649322,2.097590481423297,5.3482010153408135,0.0,0.0,19.39999999999999,0.4207083333333333
2016-06-29,1,2,0,0.0674559418911661,0.09734375,4.23,0.0,2.56,0.0477437174880034,0.051796848759475,0.0592898499174395,0.1669965081386588,1.1116498560402048,4.354444844877671,0.0,0.0,9.199999999999992,0.4107916666666666
2016-06-30,0,0,0,0.070719796693355,0.0432307692307692,1.01,0.0,0.59,0.0674559418911661,0.0477437174880034,0.051796848759475,0.1859194560725387,0.4624412507506197,3.806309673996389,0.0,0.0,0.0,0.4037916666666667
2016-07-01,1,5,0,0.3789013852200065,0.1466666666666666,1.2000000000000002,0.0,0.2,0.070719796693355,0.0674559418911661,0.0477437174880034,0.5170771238045418,0.7605887643083665,3.628180682954544,0.0,0.0,0.0,0.3969583333333333
2016-07-02,0,0,0,0.2023786309588631,0.075,0.4,0.0,0.2,0.3789013852200065,0.070719796693355,0.0674559418911661,0.6519998128722388,0.8782861709282945,3.476456593151329,0.0,0.0,0.0,0.387
2016-07-03,0,0,0,0.0763526570382631,0.1777777777777777,1.2,0.0,1.2,0.2023786309588631,0.3789013852200065,0.070719796693355,0.657632673217147,0.8953489780491183,3.290348087050218,0.0,0.0,0.0,0.3751666666666666
2016-07-04,0,0,0,0.137976558163321,0.122,0.62,0.0,0.62,0.0763526570382631,0.2023786309588631,0.3789013852200065,0.4167078461604616,0.9815286874529644,3.340902346390556,0.0,0.0,0.0,0.3627083333333333
2016-07-05,0,0,0,0.3084916907793736,0.620909090909091,6.23,0.0,6.23,0.137976558163321,0.0763526570382631,0.2023786309588631,0.5228209059809721,1.2422766607443343,3.3398671421676607,0.0,0.0,0.0,0.349875
2016-07-06,1,1,0,0.0149826775984915,0.0218461538461538,0.8200000000000001,0.0,0.42,0.3084916907793736,0.137976558163321,0.0763526570382631,0.4614509265412004,1.18980339645166,2.301453252491893,0.1,0.1,0.0999999999999929,0.3339583333333333
2016-07-07,0,0,0,0.0028413585311144,0.0061538461538461,0.2,0.0,0.2,0.0149826775984915,0.3084916907793736,0.137976558163321,0.3263157269089938,1.1219249582894193,1.5843662090400674,0.1,0.2,0.1999999999999929,0.323625
2016-07-08,1,1,0,0.0052777949030123,0.003125,0.2,0.0,0.2,0.0028413585311144,0.0149826775984915,0.3084916907793736,0.0231018310326325,0.7483013679724251,1.50889013228082,0.0,0.2,0.1999999999999929,0.3126666666666666
2016-07-09,0,0,0,0.0,0.0,0.0,0.0,0.0,0.0052777949030123,0.0028413585311144,0.0149826775984915,0.008119153434141,0.545922737013562,1.424208907941885,0.0,0.1,0.1999999999999929,0.3027916666666666
2016-07-10,0,0,0,0.0,0.0,0.0,0.0,0.0,0.0,0.0052777949030123,0.0028413585311144,0.0052777949030265,0.4695700799752988,1.3649190580244457,0.0,0.0,0.1999999999999929,0.2921249999999999
2016-07-11,0,0,0,0.0,0.0,0.0,0.0,0.0,0.0,0.0,0.0052777949030123,0.0,0.3315935218119777,1.3131222092649704,0.0,0.0,0.1999999999999929,0.2784166666666667
2016-07-12,0,0,0,0.0427386922071236,0.0596969696969696,3.94,0.0,1.97,0.0,0.0,0.0,0.0427386922071378,0.0658405232397277,1.3081171839840906,0.0,0.0,0.1999999999999929,0.2633333333333333
2016-07-13,0,0,0,0.0031838768001086,0.006060606060606,0.2,0.0,0.2,0.0427386922071236,0.0,0.0,0.0459225690072465,0.0540417224413449,1.2438451188930333,0.0,0.0,0.0999999999999929,0.2517083333333333
2016-07-14,0,0,0,0.0,0.0,0.0,0.0,0.0,0.0031838768001086,0.0427386922071236,0.0,0.0459225690072465,0.0512003639102304,1.1731253221996782,0.0,0.0,0.0,0.2420416666666666
2016-07-15,0,0,0,0.0,0.0,0.0,0.0,0.0,0.0,0.0031838768001086,0.0427386922071236,0.0031838768001228,0.0459225690072181,0.7942239369796716,0.0,0.0,0.0,0.227
2016-07-16,1,1,1,4.552688141589831,4.318769230769231,9.07,4.71,2.17,0.0,0.0,0.0031838768001086,4.5526881415898455,4.5986107105970495,5.144533447610639,7.5,7.5,7.499999999999993,0.2428749999999999
2016-07-17,0,0,0,1.4242701052675826,1.7632307692307692,12.37,1.4,12.17,4.552688141589831,0.0,0.0,5.9769582468574285,6.022880815864632,6.492450895839959,0.0,7.5,7.499999999999993,0.2984166666666666
2016-07-18,1,1,0,0.0258075735271113,0.043076923076923,0.8,0.0,0.2,1.4242701052675826,4.552688141589831,0.0,6.002765820384539,6.048688389391743,6.380281911203749,0.0,7.5,7.499999999999993,0.282875
2016-07-19,0,0,0,0.0058940401564783,0.0126984126984126,0.8,0.0,0.2,0.0258075735271113,1.4242701052675826,4.552688141589831,1.4559717189511865,6.011843737341098,6.077684260580853,0.0,0.0,7.499999999999993,0.2757083333333334
2016-07-20,1,1,0,0.0087406759746988,0.01875,1.0,0.0,0.2,0.0058940401564783,0.0258075735271113,1.4242701052675826,0.0404422896583028,6.017400536515688,6.071442258957061,0.0,0.0,7.499999999999993,0.2707916666666667
2016-07-21,0,0,0,0.0,0.0,0.0,0.0,0.0,0.0087406759746988,0.0058940401564783,0.0258075735271113,0.0146347161311914,6.017400536515688,6.068600900425946,0.0,0.0,7.499999999999993,0.262375
2016-07-22,0,0,0,0.0,0.0,0.0,0.0,0.0,0.0,0.0087406759746988,0.0058940401564783,0.0087406759747131,6.017400536515688,6.063323105522934,0.0,0.0,7.499999999999993,0.2545
2016-07-23,0,0,0,0.0,0.0,0.0,0.0,0.0,0.0,0.0,0.0087406759746988,0.0,1.464712394925857,6.063323105522934,0.0,0.0,0.0,0.2445416666666666
2016-07-24,1,1,0,0.0,0.0,0.0,0.0,0.0,0.0,0.0,0.0,0.0,0.0404422896582744,6.063323105522934,0.0,0.0,0.0,0.2315416666666666
2016-07-25,0,0,0,0.0,0.0,0.0,0.0,0.0,0.0,0.0,0.0,0.0,0.014634716131163,6.063323105522934,0.0,0.0,0.0,0.2182916666666666
2016-07-26,0,0,0,0.0,0.0,0.0,0.0,0.0,0.0,0.0,0.0,0.0,0.0087406759746846,6.02058441331581,0.0,0.0,0.0,0.2048333333333333
2016-07-27,0,0,0,0.0,0.0,0.0,0.0,0.0,0.0,0.0,0.0,0.0,0.0,6.0174005365157015,0.0,0.0,0.0,0.1888333333333333
2016-07-28,1,1,0,0.0009299375346732,0.003076923076923,0.2,0.0,0.2,0.0,0.0,0.0,0.0009299375346874,0.000929937534659,6.018330474050375,0.0,0.0,0.0,0.1799166666666666
2016-07-29,0,0,0,0.0,0.0,0.0,0.0,0.0,0.0009299375346732,0.0,0.0,0.0009299375346874,0.000929937534659,6.018330474050375,0.0,0.0,0.0,0.1760833333333333
2016-07-30,1,1,0,0.0,0.0,0.0,0.0,0.0,0.0,0.0009299375346732,0.0,0.0009299375346874,0.000929937534659,1.4656423324605437,0.0,0.0,0.0,0.1747083333333333
2016-07-31,0,0,0,0.0,0.0,0.0,0.0,0.0,0.0,0.0,0.0009299375346732,0.0,0.000929937534659,0.041372227192961,0.0,0.0,0.0,0.1658333333333333
2016-08-01,1,1,0,0.001897034809216,0.0063492063492063,0.4,0.0,0.2,0.0,0.0,0.0,0.0018970348092302,0.0028269723438751,0.0174616884750656,0.0,0.0,0.0,0.1556249999999999
2016-08-02,1,2,0,0.0136197152612242,0.0379365079365079,1.59,0.0,0.39,0.001897034809216,0.0,0.0,0.0155167500704545,0.0164466876050993,0.0251873635798116,0.0,0.0,0.0,0.1554583333333333
2016-08-03,1,1,0,0.0105283818583651,0.0222222222222222,0.6000000000000001,0.0,0.2,0.0136197152612242,0.001897034809216,0.0,0.0260451319288197,0.0269750694634645,0.0269750694634779,0.0,0.0,0.0,0.1629583333333333
2016-08-04,1,1,0,0.0034313095622676,0.0064516129032258,0.2,0.0,0.2,0.0105283818583651,0.0136197152612242,0.001897034809216,0.0275794066818712,0.0294764414910589,0.0304063790257455,0.0,0.0,0.0,0.157375
2016-08-05,0,0,0,0.0,0.0,0.0,0.0,0.0,0.0034313095622676,0.0105283818583651,0.0136197152612242,0.013959691420647,0.0294764414910589,0.0304063790257455,0.0,0.0,0.0,0.1481249999999999
2016-08-06,0,0,0,0.0055815235229968,0.01859375,1.19,0.0,0.79,0.0,0.0034313095622676,0.0105283818583651,0.0090128330852786,0.0350579650140557,0.0359879025487423,0.0,0.0,0.0,0.1369166666666666
2016-08-07,0,0,0,0.0,0.0,0.0,0.0,0.0,0.0055815235229968,0.0,0.0034313095622676,0.005581523523011,0.0350579650140557,0.0359879025487423,0.0,0.0,0.0,0.1280833333333333
2016-08-08,0,0,0,0.3878590222349435,0.8287096774193549,50.78,0.0,38.81,0.0,0.0055815235229968,0.0,0.3934405457579546,0.4210199524397832,0.4238469247836859,0.0,0.0,0.0,0.13475
2016-08-09,0,0,0,0.0,0.0,0.0,0.0,0.0,0.3878590222349435,0.0,0.0055815235229968,0.3878590222349578,0.4074002371785589,0.4238469247836859,1.2,1.2,1.1999999999999929,0.1392916666666666
2016-08-10,0,0,0,0.1511704023528292,0.1612903225806451,1.0,0.0,0.2,0.0,0.3878590222349435,0.0,0.539029424587787,0.548042257673023,0.5750173271365151,1.0,2.2,2.199999999999993,0.1665416666666666
2016-08-11,1,1,0,0.0205387930833936,0.0474603174603174,1.39,0.0,0.39,0.1511704023528292,0.0,0.3878590222349435,0.171709195436237,0.5651497411941491,0.5946261826852355,0.0,2.2,2.199999999999993,0.1644166666666666
2016-08-12,0,0,0,0.1608476513573543,0.1682539682539682,1.0,0.2,0.2,0.0205387930833936,0.1511704023528292,0.0,0.3325568467935913,0.7259973925515033,0.7554738340425897,0.0,1.0,2.199999999999993,0.1659583333333333
2016-08-13,0,0,0,0.0,0.0,0.0,0.0,0.0,0.1608476513573543,0.0205387930833936,0.1511704023528292,0.1813864444407621,0.7204158690285064,0.7554738340425897,0.0,0.0,2.199999999999993,0.1555833333333333
2016-08-14,1,1,0,0.1192721102177999,0.18859375,9.91,0.0,2.99,0.0,0.1608476513573543,0.0205387930833936,0.2801197615751685,0.8396879792463064,0.8747459442603898,0.0,0.0,2.199999999999993,0.1422916666666666
2016-08-15,1,1,0,3.264979649586411,3.35453125,39.27,2.8000000000000003,9.64,0.1192721102177999,0.0,0.1608476513573543,3.384251759804225,3.716808606597774,4.137828559037585,1.1,1.1,3.2999999999999927,0.1362916666666666
2016-08-16,0,0,0,0.4178591207919268,0.4906451612903226,2.4000000000000004,0.2,0.42,3.264979649586411,0.1192721102177999,0.0,3.802110880596152,4.134667727389701,4.542067964568287,0.2,1.3,2.2999999999999927,0.1408333333333333
2016-08-17,1,1,0,0.0948588890328809,0.1970967741935484,6.69,0.0,2.56,0.4178591207919268,3.264979649586411,0.1192721102177999,3.777697659411233,4.0783562140697525,4.626398471742804,0.0,1.3,1.299999999999993,0.13375
2016-08-18,0,0,0,8.793214267854747,8.28951612903226,16.44,8.65,6.39,0.0948588890328809,0.4178591207919268,3.264979649586411,9.305932277679569,12.851031688841106,13.416181430035284,0.6,0.8,1.899999999999993,0.1429166666666666
2016-08-19,1,2,0,0.7644760393872763,0.9765079365079364,42.92,0.0,6.49,8.793214267854747,0.0948588890328809,0.4178591207919268,9.652549196274917,13.454660076871027,14.18065746942256,0.0,0.6000000000000001,1.899999999999993,0.1489166666666666
2016-08-20,1,1,0,6.300802727451502,5.722857142857143,12.74,5.800000000000001,4.33,0.7644760393872763,8.793214267854747,0.0948588890328809,15.85849303469354,19.75546280432253,20.475878673351065,17.4,18.0,19.29999999999999,0.2844166666666666
2016-08-21,1,10,3,29.206755064738697,25.015806451612903,51.91,30.21,11.46,6.300802727451502,0.7644760393872763,8.793214267854747,36.27203383157749,48.84294575884343,49.68263373808976,51.6,69.0,70.89999999999999,0.4869583333333333
2016-08-22,0,0,0,3.235344384847858,3.491692307692308,22.45,1.6,8.17,29.206755064738697,6.300802727451502,0.7644760393872763,38.74290217703808,48.81331049410488,52.53011910070268,0.3,69.3,70.1,0.4894583333333333
2016-08-23,0,0,0,0.9513623989695283,1.10625,13.0,0.0,0.2,3.235344384847858,29.206755064738697,6.300802727451502,33.3934618485561,49.34681377228248,53.481481499672206,0.0,51.9,69.89999999999999,0.4669166666666666
2016-08-24,0,0,0,0.5287254775791501,0.4793650793650793,9.0,0.0,0.2,0.9513623989695283,3.235344384847858,29.206755064738697,4.715432261396554,49.78068036082875,53.859036574898525,0.0,0.3,69.89999999999999,0.4402083333333333
2016-08-25,0,0,0,0.3384323456897496,0.2459016393442623,2.4000000000000004,0.0,0.2,0.5287254775791501,0.9513623989695283,3.235344384847858,1.818520222238446,41.32589843866375,54.17693012750489,0.0,0.0,69.29999999999998,0.4187083333333333
2016-08-26,1,1,0,5.242497769447628,12.1840625,743.25,0.0,730.73,0.3384323456897496,0.5287254775791501,0.9513623989695283,6.109655592716545,45.8039201687241,59.25858024559516,0.0,0.0,69.29999999999998,0.3994583333333333
2016-08-27,0,0,0,0.202655406402845,0.14375,3.0,0.0,0.2,5.242497769447628,0.3384323456897496,0.5287254775791501,5.78358552154024,39.70577284767544,59.461235651998,0.0,0.0,51.89999999999999,0.378125
2016-08-28,0,0,0,0.2274444376259357,0.2296875,6.1,0.0,1.57,0.202655406402845,5.242497769447628,0.3384323456897496,5.672597613476426,10.72646222056268,59.56940797940614,0.0,0.0,0.2999999999999929,0.35375
2016-08-29,0,0,0,0.185131361264597,0.1841269841269841,9.0,0.0,0.2,0.2274444376259357,0.202655406402845,5.242497769447628,0.6152312052933955,7.676249196979419,56.48955969108432,0.0,0.0,0.0,0.3300833333333333
2016-08-30,0,0,0,0.1428565491106138,0.0661904761904761,1.97,0.0,1.18,0.185131361264597,0.2274444376259357,0.202655406402845,0.5554323480011643,6.867743347120505,56.21455711940301,0.0,0.0,0.0,0.310375
2016-08-31,1,4,0,7.0143586053921645,6.320806451612904,11.46,7.81,1.77,0.1428565491106138,0.185131361264597,0.2274444376259357,7.342346515767393,13.35337647493352,63.13405683576229,8.2,8.2,8.199999999999992,0.3539166666666666
2016-09-01,0,0,0,0.568803203875245,0.5301587301587302,4.800000000000001,0.0,0.2,7.0143586053921645,0.1428565491106138,0.185131361264597,7.726018358378041,13.583747333119014,54.90964577178279,0.0,8.2,8.199999999999992,0.3935416666666667
2016-09-02,1,1,1,0.2786454928854326,0.1354838709677419,3.0,0.0,0.2,0.568803203875245,7.0143586053921645,0.1428565491106138,7.86180730215286,8.61989505655682,54.42381522528095,0.0,8.2,8.199999999999992,0.372125
2016-09-03,0,0,0,0.0349935369517515,0.0419354838709677,0.6000000000000001,0.0,0.2,0.2786454928854326,0.568803203875245,7.0143586053921645,0.8824422337124469,8.452233187105726,48.1580060347812,1.0,1.0,9.199999999999992,0.3705833333333333
2016-09-04,0,0,0,0.0368006277722891,0.0655737704918032,1.8,0.0,0.2,0.0349935369517515,0.2786454928854326,0.568803203875245,0.3504396576094911,8.26158937725208,18.98805159781479,0.3,1.3,9.499999999999991,0.3713333333333333
2016-09-05,0,0,0,0.0131781941819656,0.0290322580645161,1.6,0.0,0.2,0.0368006277722891,0.0349935369517515,0.2786454928854326,0.0849723589060241,8.089636210169447,15.765885407148897,0.4,1.7,9.899999999999991,0.3535416666666666
2016-09-06,1,2,1,8.113135644181444,6.925396825396826,11.65,8.68,6.11,0.0131781941819656,0.0368006277722891,0.0349935369517515,8.163114466135717,16.059915305240278,22.92765865236081,18.7,19.4,28.59999999999999,0.425375
2016-09-07,0,0,0,0.6954929864058822,0.5612903225806453,5.6000000000000005,0.0,0.2,8.113135644181444,0.0131781941819656,0.0368006277722891,8.821806824769311,9.741049686253996,23.094426161187545,1.3,20.4,21.699999999999992,0.447
2016-09-08,0,0,0,0.0294984191376499,0.0590163934426229,1.4,0.0,0.2,0.6954929864058822,8.113135644181444,0.0131781941819656,8.838127049724994,9.2017449015164,22.78549223463544,0.1,20.1,21.79999999999999,0.4325416666666666
2016-09-09,1,1,1,0.0127891566040177,0.0161290322580645,0.4,0.0,0.2,0.0294984191376499,0.6954929864058822,8.113135644181444,0.7377805621475676,8.935888565234986,17.555783621791836,0.0,1.4,21.79999999999999,0.4079583333333333
2016-09-10,0,0,0,0.0152394010159327,0.0232786885245901,0.62,0.0,0.42,0.0127891566040177,0.0294984191376499,0.6954929864058822,0.0575269767576181,8.916134429299166,17.36836761640492,0.0,0.1,20.79999999999999,0.392625
2016-09-11,1,1,1,0.0039160200751267,0.0066666666666666,0.4,0.0,0.2,0.0152394010159327,0.0127891566040177,0.0294984191376499,0.0319445776950949,8.883249821602003,17.144839198854115,0.0,0.0,20.49999999999999,0.3702499999999999
2016-09-12,0,0,0,0.009897720501872,0.01,0.2,0.0,0.2,0.0039160200751267,0.0152394010159327,0.0127891566040177,0.0290531415929493,8.87996934792191,16.969605558091388,0.0,0.0,20.09999999999999,0.3431249999999999
2016-09-13,0,0,0,0.0107199366221147,0.02,0.8200000000000001,0.0,0.42,0.009897720501872,0.0039160200751267,0.0152394010159327,0.0245336771991312,0.7775536403625819,16.837468945602886,0.0,0.0,1.399999999999993,0.3050833333333333
2016-09-14,0,0,0,0.0049858757899482,0.0032258064516129,0.2,0.0,0.2,0.0107199366221147,0.009897720501872,0.0039160200751267,0.0256035329139527,0.0870465297466479,9.828096216000672,0.0,0.0,0.0999999999999929,0.2765
2016-09-15,0,0,0,0.047972403447717,0.0685483870967741,4.25,0.0,1.68,0.0049858757899482,0.0107199366221147,0.009897720501872,0.0636782158597976,0.1055205140567149,9.307265415573143,0.0,0.0,0.0,0.25975
2016-09-16,0,0,0,0.0,0.0,0.0,0.0,0.0,0.047972403447717,0.0049858757899482,0.0107199366221147,0.0529582792376829,0.0927313574526972,9.028619922687712,0.2,0.2,0.1999999999999929,0.2460416666666667
2016-09-17,0,0,0,0.0635931277229392,0.1067213114754098,6.51,0.0,4.41,0.0,0.047972403447717,0.0049858757899482,0.111565531170674,0.1410850841597037,9.057219513458898,0.1,0.3,0.2999999999999929,0.2394583333333333
2016-09-18,0,0,0,4.809218240096315,4.176393442622951,11.61,3.16,6.1,0.0635931277229392,0.0,0.047972403447717,4.872811367819272,4.946387304180892,13.829637125782924,0.0,0.3,0.2999999999999929,0.2202083333333333
2016-09-19,1,1,0,2.9750117717357645,3.3401666666666667,12.63,1.5950000000000002,0.98,4.809218240096315,0.0635931277229392,0.0,7.847823139555036,7.911501355414784,16.791470703336724,1.8,1.9,2.099999999999993,0.2065
2016-09-20,0,0,0,0.1942732455979353,0.3,2.6,0.0,0.2,2.9750117717357645,4.809218240096315,0.0635931277229392,7.978503257430033,8.095054664390604,8.872608304753214,1.7,3.5,3.7999999999999927,0.2281666666666666
2016-09-21,0,0,0,0.1501868351236289,0.2491803278688524,3.2,0.0,1.05,0.1942732455979353,2.9750117717357645,4.809218240096315,3.3194718524573466,8.240255623724284,8.32730215347096,0.0,3.5,3.7999999999999927,0.2371666666666666
2016-09-22,0,0,0,0.1296544550265112,0.2,3.0,0.0,0.2,0.1501868351236289,0.1942732455979353,2.9750117717357645,0.4741145357480933,8.321937675303081,8.427458189359823,0.0,1.7,3.7999999999999927,0.2275833333333333
2016-09-23,0,0,0,0.012163305199393,0.0266666666666666,0.8,0.0,0.2,0.1296544550265112,0.1501868351236289,0.1942732455979353,0.292004595349551,8.334100980502473,8.426832337955197,0.0,0.0,3.5999999999999925,0.2022083333333333
2016-09-24,0,0,0,0.0054659731031605,0.01,0.4,0.0,0.2,0.012163305199393,0.1296544550265112,0.1501868351236289,0.1472837333290826,8.275973825882692,8.417058910042424,0.0,0.0,3.499999999999993,0.184625
2016-09-25,0,0,0,0.6308478791806145,0.5731147540983607,2.4000000000000004,0.6000000000000001,0.59,0.0054659731031605,0.012163305199393,0.1296544550265112,0.6484771574831858,4.097603464966994,9.043990769147914,3.2,3.2,6.699999999999993,0.2170416666666666
2016-09-26,1,2,0,0.0936455995879217,0.1704918032786885,2.0,0.0,0.2,0.6308478791806145,0.0054659731031605,0.012163305199393,0.7299594518717145,1.2162372928191512,9.127738648233963,0.0,3.2,4.899999999999993,0.2312083333333333
2016-09-27,1,1,0,0.0014988006608234,0.0032258064516129,0.2,0.0,0.2,0.0936455995879217,0.6308478791806145,0.0054659731031605,0.7259922794293775,1.0234628478820391,9.118517512272671,0.0,3.2,3.199999999999993,0.2051666666666667
2016-09-28,1,1,0,0.001427832844359,0.0032258064516129,0.2,0.0,0.2,0.0014988006608234,0.0936455995879217,0.6308478791806145,0.096572233093122,0.8747038456027694,9.114959469327085,0.0,0.0,3.199999999999993,0.1796666666666666
2016-09-29,0,0,0,0.001932766822773,0.0032786885245901,0.2,0.0,0.2,0.001427832844359,0.0014988006608234,0.0936455995879217,0.0048594003279733,0.7469821573990312,9.068919832702138,0.0,0.0,3.199999999999993,0.1587083333333333
2016-09-30,0,0,0,0.0200822411351265,0.0434426229508196,1.85,0.0,0.42,0.001932766822773,0.001427832844359,0.0014988006608234,0.0234428408022763,0.7549010933347647,9.089002073837264,0.0,0.0,3.199999999999993,0.1600833333333333
2016-10-01,0,0,0,0.0032492891713882,0.0064516129032258,0.2,0.0,0.2,0.0200822411351265,0.001932766822773,0.001427832844359,0.0252642971293056,0.7526844094029924,9.028658235285716,0.0,0.0,3.199999999999993,0.1697916666666666
2016-10-02,0,0,0,0.1794496452582043,0.2908064516129032,10.43,0.0,1.77,0.0032492891713882,0.0200822411351265,0.001932766822773,0.2027811755647368,0.3012861754805823,4.398889640447605,0.0,0.0,0.0,0.1791666666666666
2016-10-03,1,2,0,7.468878401270389,6.736065573770492,13.86,8.51,3.55,0.1794496452582043,0.0032492891713882,0.0200822411351265,7.6515773357,7.67651897716305,8.892756269982229,22.8,22.8,22.799999999999997,0.2803333333333333
2016-10-04,1,2,1,3.058702955149186,2.9711475409836066,11.18,2.6,1.38,7.468878401270389,0.1794496452582043,0.0032492891713882,10.707031001677798,10.733723131651413,11.75718597953348,6.1,28.9,28.89999999999999,0.474375
2016-10-05,0,0,0,0.5261267293458257,0.4833870967741936,4.2,0.2,0.59,3.058702955149186,7.468878401270389,0.1794496452582043,11.05370808576542,11.25842202815288,12.133125873755676,0.0,28.9,28.89999999999999,0.4412083333333333
2016-10-06,1,1,0,0.4575472134894476,0.6708064516129033,4.95,0.1,1.58,0.5261267293458257,3.058702955149186,7.468878401270389,4.042376897984477,11.714036474819553,12.461018632218614,8.0,14.1,36.89999999999999,0.4522083333333333
2016-10-07,0,0,0,0.9251253077656412,1.1161290322580646,47.0,0.0,47.0,0.4575472134894476,0.5261267293458257,3.058702955149186,1.908799250600932,12.619079541450068,13.37398063478486,1.1,9.1,37.99999999999999,0.4623333333333333
2016-10-08,0,0,0,0.0868393323674818,0.1285483870967742,5.57,0.0,5.37,0.9251253077656412,0.4575472134894476,0.5261267293458257,1.4695118536225884,12.702669584646165,13.455353994049185,0.0,9.1,37.99999999999999,0.423875
2016-10-09,0,0,0,0.0141524399975042,0.0295081967213114,1.4,0.0,0.2,0.0868393323674818,0.9251253077656412,0.4575472134894476,1.026117080130645,12.53737237938546,12.838658554866074,0.0,1.1,37.99999999999999,0.3845416666666667
2016-10-10,0,0,0,0.0136131398024716,0.0303333333333333,0.8200000000000001,0.0,0.42,0.0141524399975042,0.0868393323674818,0.9251253077656412,0.1146049121674754,5.082107117917544,12.758626095080622,0.0,0.0,15.199999999999992,0.3738333333333333
2016-10-11,0,0,0,1.610597249336999,1.8319672131147544,15.95,0.2,9.85,0.0136131398024716,0.0141524399975042,0.0868393323674818,1.6383628291369927,3.634001412105357,14.3677245437568,1.5,1.5,10.599999999999993,0.36175
2016-10-12,0,0,0,0.2584840772063638,0.3998360655737705,14.83,0.0,0.59,1.610597249336999,0.0136131398024716,0.0141524399975042,1.8826944663458525,3.366358759965895,14.624780788118802,1.0,2.5,11.599999999999993,0.3637916666666667
2016-10-13,1,2,1,12.757252093527326,11.697213114754096,29.74,11.88,6.31,0.2584840772063638,1.610597249336999,0.0136131398024716,14.626333420070706,15.666063640003774,27.38010011482336,16.6,19.1,20.2,0.3835833333333333
2016-10-14,1,1,1,3.7862798560340334,5.178870967741936,60.7,2.875,13.02,12.757252093527326,0.2584840772063638,1.610597249336999,16.802016026767742,18.527218188272165,31.146297729722264,15.6,33.2,34.7,0.47625
2016-10-15,0,0,0,2.055262851115468,2.946393442622951,28.28,0.2,10.38,3.7862798560340334,12.757252093527326,0.2584840772063638,18.59879480067685,20.49564170702015,33.19831129166634,5.3,37.5,39.99999999999999,0.4735416666666667
2016-10-16,0,0,0,0.8067534144840407,1.720655737704918,18.89,0.0,4.72,2.055262851115468,3.7862798560340334,12.757252093527326,6.648296121633561,21.288242681506688,33.82561506089218,0.0,20.9,39.99999999999999,0.4251666666666667
2016-10-17,1,5,1,4.688191265536491,3.2015,25.6,0.6000000000000001,7.1,0.8067534144840407,2.055262851115468,3.7862798560340334,7.550207531136018,25.962820807240707,31.044927925158284,0.1,5.4,40.1,0.3987916666666666
2016-10-18,1,3,1,7.442695779436671,2.3315,30.54,0.0,19.57,4.688191265536491,0.8067534144840407,2.055262851115468,12.93764045945722,31.79491933734038,35.428920749445766,0.2,0.3,38.8,0.3790833333333334
2016-10-19,0,0,0,1.030993449145588,0.6108474576271187,8.6,0.0,0.79,7.442695779436671,4.688191265536491,0.8067534144840407,13.161880494118767,32.5674287092796,35.93378746924553,0.1,0.4,37.89999999999999,0.3531666666666666
2016-10-20,1,12,6,4.513941448949553,4.137166666666667,28.4,2.495,11.11,1.030993449145588,7.442695779436671,4.688191265536491,12.987630677531827,24.32411806470183,39.990181704705634,11.2,11.5,32.49999999999999,0.3691666666666666
2016-10-21,1,4,0,3.537235887262557,3.3069491525423733,16.79,2.5500000000000003,0.98,4.513941448949553,1.030993449145588,7.442695779436671,9.082170785357716,24.075074095930358,42.60229228420255,3.3,14.6,20.19999999999999,0.4454583333333333
2016-10-22,0,0,0,0.3569895943192975,0.3254237288135593,6.0,0.0,0.2,3.537235887262557,4.513941448949553,1.030993449145588,8.408166930531424,22.376800839134184,42.87244254615437,0.0,14.5,14.899999999999991,0.4501666666666666
2016-10-23,0,0,0,0.2508546981580119,0.1661016949152542,2.2,0.0,0.2,0.3569895943192975,3.537235887262557,4.513941448949553,4.145080179739884,21.820902122808157,43.10914480431487,0.0,3.3,14.899999999999991,0.4270416666666667
2016-10-24,0,0,0,0.0917485181407219,0.0947368421052631,1.8,0.0,0.2,0.2508546981580119,0.3569895943192975,3.537235887262557,0.6995928106180491,17.224459375412383,43.187280182653126,18.8,18.8,33.599999999999994,0.4292916666666667
2016-10-25,1,1,1,8.827774656233252,8.346440677966102,17.060000000000002,9.92,1.57,0.0917485181407219,0.2508546981580119,0.3569895943192975,9.170377872532004,18.609538252208967,50.40445758954938,23.5,42.3,56.89999999999999,0.4827083333333333
2016-10-26,1,1,0,0.7728308357124514,0.8857627118644069,5.92,0.2,5.72,8.827774656233252,0.0917485181407219,0.2508546981580119,9.692354010086444,18.35137563877583,50.91880434805546,3.2,45.5,59.99999999999999,0.4912916666666667
2016-10-27,1,8,1,11.49094413118792,9.100172413793103,30.32,7.815,14.28,0.7728308357124514,8.827774656233252,0.0917485181407219,21.09154962313364,25.3283783210142,49.65249638571606,7.9,34.6,56.69999999999999,0.479875
2016-10-28,0,0,0,0.7896407306507038,0.6178947368421053,5.6000000000000005,0.0,0.42,11.49094413118792,0.7728308357124514,8.827774656233252,13.053415697551092,22.58078316440234,46.65585726033273,0.0,11.1,53.39999999999999,0.4618333333333333
2016-10-29,0,0,0,0.3365040079935667,0.2280701754385964,2.8000000000000003,0.0,0.2,0.7896407306507038,11.49094413118792,0.7728308357124514,12.617088869832209,22.56029757807661,44.93709841721083,0.0,7.9,53.39999999999999,0.437375
2016-10-30,0,0,0,0.2101167291790318,0.1508771929824561,2.2,0.0,0.2,0.3365040079935667,0.7896407306507038,11.49094413118792,1.3362614678233202,22.519559609097637,44.34046173190582,0.0,0.0,53.39999999999999,0.4214166666666667
2016-10-31,1,3,0,1.6120487763834026,1.4987931034482758,20.56,0.4,13.86,0.2101167291790318,0.3365040079935667,0.7896407306507038,2.1586695135560188,24.039859867340315,41.26431924275273,1.5,1.5,36.1,0.4010416666666667
2016-11-01,0,0,0,0.1297438653181218,0.1034482758620689,2.0,0.0,0.2,1.6120487763834026,0.2101167291790318,0.3365040079935667,1.951909370880574,15.34182907642518,33.951367328634184,0.3,1.8,12.899999999999991,0.3831666666666666
2016-11-02,0,0,0,0.7141784350152374,1.3119298245614035,7.479999999999999,0.2,4.13,0.1297438653181218,1.6120487763834026,0.2101167291790318,2.4559710767167795,15.283176675727969,33.63455231450383,1.8,3.6,11.499999999999991,0.3625833333333333
2016-11-03,1,18,3,16.571885889590686,11.026666666666666,42.24,8.16,8.94,0.7141784350152374,0.1297438653181218,1.6120487763834026,17.415808189924064,20.36411843413073,45.69249675514496,30.9,33.0,34.49999999999999,0.4501249999999999
2016-11-04,0,0,0,2.167455064835736,1.8347368421052637,8.4,0.8,0.42,16.571885889590686,0.7141784350152374,0.1297438653181218,19.453519389441677,21.741932768315767,44.32271593271814,1.5,34.2,35.99999999999999,0.4975
2016-11-05,0,0,0,0.81848683571662,0.5333333333333333,7.6,0.0,0.2,2.167455064835736,16.571885889590686,0.7141784350152374,19.557827790143055,22.223915596038815,44.784213174115465,0.0,32.4,35.99999999999999,0.4788333333333333
2016-11-06,1,4,0,5.036083578674948,3.740350877192983,28.38,1.79,8.43,0.81848683571662,2.167455064835736,16.571885889590686,8.022025479227317,27.04988244553473,49.5694420546324,5.5,7.0,41.49999999999999,0.4756249999999999
2016-11-07,0,0,0,1.4087361865729435,1.0921052631578947,24.18,0.0,4.92,5.036083578674948,0.81848683571662,2.167455064835736,7.263306600964525,26.84656985572428,50.886429723064616,5.4,10.9,45.39999999999999,0.47625
2016-11-08,0,0,0,0.5928254916157212,0.3058928571428572,4.6000000000000005,0.0,1.77,1.4087361865729435,5.036083578674948,0.81848683571662,7.037645256863626,27.309651482021877,42.65148055844709,0.8,11.7,45.9,0.4675833333333333
2016-11-09,1,18,6,10.559087609896242,10.866785714285712,35.73,8.77,10.98,0.5928254916157212,1.4087361865729435,5.036083578674948,12.56064928808492,37.15456065690288,52.43773733263088,19.0,25.200000000000003,63.1,0.4648333333333334
2016-11-10,1,2,0,8.696906423424464,10.346842105263155,36.8,8.190000000000001,11.08,10.559087609896242,0.5928254916157212,1.4087361865729435,19.84881952493644,29.279581190736657,49.64369962486742,1.7,21.500000000000004,33.89999999999999,0.4488333333333333
2016-11-11,0,0,0,2.1499107784662588,2.244385964912281,11.96,0.98,4.13,8.696906423424464,10.559087609896242,0.5928254916157212,21.40590481178697,29.262036904367186,51.00396967268298,4.8,25.500000000000004,37.19999999999999,0.4462083333333333
2016-11-12,0,0,0,3.491630561915608,4.251578947368421,22.21,2.2,11.79,2.1499107784662588,8.696906423424464,10.559087609896242,14.338447763806345,31.93518063056617,54.159096226605016,25.4,31.9,62.6,0.4822916666666666
2016-11-13,1,1,0,14.30034166501916,12.807678571428571,24.78,16.18,0.79,3.491630561915608,2.1499107784662588,8.696906423424464,19.94188300540104,41.19943871691038,68.24932116244514,18.7,48.900000000000006,75.79999999999998,0.4913749999999999
2016-11-14,1,15,2,8.308230554472509,7.745087719298246,19.57,10.47,1.37,14.30034166501916,3.491630561915608,2.1499107784662588,26.10020278140729,48.09893308480994,74.94550294053425,12.1,56.2,82.49999999999999,0.5089583333333333
2016-11-15,1,1,0,2.1025303081201705,2.0087719298245617,13.6,0.8,2.17,8.308230554472509,14.30034166501916,3.491630561915608,24.711102527611853,49.6086379013144,76.9182893833363,0.9,31.700000000000003,82.59999999999998,0.4944166666666666
2016-11-16,1,6,4,6.547373372745202,7.389649122807017,34.18,4.15,15.68,2.1025303081201705,8.308230554472509,14.30034166501916,16.958134235337894,45.59692366416336,82.75148432106627,6.5,19.500000000000004,70.1,0.4807083333333333
2016-11-17,1,8,0,4.81598667352677,5.541785714285715,24.28,3.285,7.3,6.547373372745202,2.1025303081201705,8.308230554472509,13.465890354392158,41.71600391426566,70.99558510500235,1.5,8.900000000000004,69.89999999999998,0.4848333333333333
2016-11-18,0,0,0,1.1771679164432651,1.1457142857142857,8.200000000000001,0.495,5.71,4.81598667352677,6.547373372745202,2.1025303081201705,12.540527962715252,40.74326105224267,70.00529795660988,5.5,13.500000000000004,70.6,0.50325
2016-11-19,0,0,0,0.6085588927092342,0.7738181818181818,15.2,0.4,0.39,1.1771679164432651,4.81598667352677,6.547373372745202,6.601713482679283,37.86018938303629,69.7953700136025,0.0,7.000000000000004,45.2,0.4782916666666666
2016-11-20,0,0,0,0.2227488692369639,0.2109090909090909,4.4,0.0,0.2,0.6085588927092342,1.1771679164432651,4.81598667352677,2.0084756783894777,23.7825965872541,64.98203530416451,0.0,5.500000000000004,26.499999999999996,0.4435
2016-11-21,0,0,0,0.1030990817796206,0.1555555555555555,2.4000000000000004,0.0,0.2,0.2227488692369639,0.6085588927092342,1.1771679164432651,0.934406843725833,15.577465114561212,63.67639819937119,0.0,0.0,14.399999999999991,0.4118333333333333
2016-11-22,0,0,0,0.0745978466394285,0.1222222222222222,2.0,0.0,0.2,0.1030990817796206,0.2227488692369639,0.6085588927092342,0.4004457976560273,13.54953265308047,63.15817055439489,0.6,0.6000000000000035,14.099999999999993,0.3875833333333333
2016-11-23,0,0,0,2.085449860565916,1.9730909090909088,7.66,1.4,3.15,0.0745978466394285,0.1030990817796206,0.2227488692369639,2.2631467889849795,9.087609140901185,54.68453280506457,20.7,21.300000000000004,28.29999999999999,0.4537083333333333
2016-11-24,0,0,0,0.1130951471050317,0.2109090909090909,2.2,0.0,0.2,2.085449860565916,0.0745978466394285,0.1030990817796206,2.2731428543103904,4.384717614479446,46.10072152874513,1.0,22.300000000000004,27.799999999999997,0.449875
2016-11-25,1,1,0,0.0292552568682006,0.0545454545454545,1.4,0.0,0.2,0.1130951471050317,2.085449860565916,0.0745978466394285,2.227800264539163,3.2368049549043816,43.98006600714708,0.3,22.000000000000004,22.599999999999994,0.42175
2016-11-26,0,0,0,0.0121010550516326,0.0218181818181818,0.4,0.0,0.2,0.0292552568682006,0.1130951471050317,2.085449860565916,0.1544514590248793,2.64034711724678,40.500536500283104,0.5,1.8000000000000036,23.099999999999994,0.3974583333333333
2016-11-27,0,0,0,1.666716150421137,2.9992727272727278,35.36,0.2,10.58,0.0121010550516326,0.0292552568682006,0.1130951471050317,1.7080724623409844,4.084314398430953,27.86691098568508,0.4,1.2000000000000035,23.499999999999996,0.3882083333333333
2016-11-28,1,18,7,15.828736723558263,7.852909090909091,45.15,1.78,16.21,1.666716150421137,0.0121010550516326,0.0292552568682006,17.507553929031047,19.809952040209595,35.38741715477084,8.6,9.500000000000004,32.099999999999994,0.4199166666666666
2016-11-29,1,8,3,23.024204574495144,16.086727272727273,67.98,9.43,19.96,15.828736723558263,1.666716150421137,0.0121010550516326,40.51965744847456,42.75955876806531,56.30909142114581,15.5,24.500000000000004,46.99999999999999,0.480875
2016-11-30,0,0,0,3.6218561588403073,2.286851851851852,24.65,0.8,0.59,23.024204574495144,15.828736723558263,1.666716150421137,42.474797456893725,44.2959650663397,53.38357420724092,0.1,24.200000000000006,26.39999999999999,0.4786666666666666
2016-12-01,0,0,0,0.6576349124805868,0.6518518518518519,6.2,0.0,0.2,3.6218561588403073,23.024204574495144,15.828736723558263,27.30369564581605,44.84050483171525,49.22522244619473,0.1,15.700000000000005,25.499999999999996,0.4789583333333333
2016-12-02,0,0,0,0.6051395745343705,0.5518518518518519,11.8,0.0,0.2,0.6576349124805868,3.6218561588403073,23.024204574495144,4.884630645855279,45.41638914938143,48.65319410428584,0.4,0.6000000000000036,25.59999999999999,0.4602083333333333
2016-12-03,1,1,0,8.92372643929017,7.335370370370371,20.11,6.835000000000001,9.27,0.6051395745343705,0.6576349124805868,3.6218561588403073,10.186500926305143,54.32801453361997,56.96836165086677,12.8,13.300000000000004,37.89999999999999,0.4574166666666666
2016-12-04,0,0,0,4.8398208193175964,3.2689090909090908,13.53,2.4000000000000004,5.51,8.92372643929017,0.6051395745343705,0.6576349124805868,14.368686833142151,57.50111920251643,61.58543360094741,3.3,16.500000000000004,40.79999999999999,0.4746666666666666
2016-12-05,1,2,0,3.0660163383934336,3.1750000000000003,11.58,2.38,3.94,4.8398208193175964,8.92372643929017,0.6051395745343705,16.82956359700122,44.7383988173516,64.54835085756122,0.5,16.6,32.69999999999999,0.4701249999999999
2016-12-06,0,0,0,0.1694457789540534,0.2558490566037736,3.94,0.0,3.35,3.0660163383934336,4.8398208193175964,8.92372643929017,8.075282936665099,21.883640021810503,64.64319878987585,0.0,3.8000000000000034,17.199999999999992,0.4351666666666666
2016-12-07,0,0,0,2.979726605641368,3.517735849056604,14.44,1.4,8.72,0.1694457789540534,3.0660163383934336,4.8398208193175964,6.215188722988871,21.241510468611565,65.5374755349513,0.0,0.5000000000000036,17.099999999999994,0.401125
2016-12-08,0,0,0,0.2246638873992505,0.322037037037037,4.2,0.0,0.41,2.979726605641368,0.1694457789540534,3.0660163383934336,3.373836271994688,20.80853944353023,65.64904427524552,6.3,6.300000000000003,23.29999999999999,0.4188333333333333
2016-12-09,0,0,0,0.3437164851378967,0.4845283018867924,6.0,0.2,1.38,0.2246638873992505,2.979726605641368,0.1694457789540534,3.5481069781785317,20.54711635413376,65.96350550351522,7.3,13.600000000000003,30.199999999999992,0.4645416666666667
2016-12-10,0,0,0,4.8094520121106985,5.695,33.65,3.5650000000000004,11.19,0.3437164851378967,0.2246638873992505,2.979726605641368,5.377832384647862,16.432841926954282,70.76085646057427,5.2,18.800000000000004,22.599999999999994,0.4711666666666667
2016-12-11,0,0,0,10.052691966242865,8.503396226415095,22.63,9.66,11.27,4.8094520121106985,0.3437164851378967,0.2246638873992505,15.205860463491476,21.64571307387955,79.146832276396,3.5,16.000000000000004,22.79999999999999,0.481875
2016-12-12,1,25,0,22.001904329603445,17.450555555555557,44.8,17.89,12.41,10.052691966242865,4.8094520121106985,0.3437164851378967,36.86404830795702,40.581601065089565,85.31999988244118,18.1,26.800000000000004,40.39999999999999,0.4809166666666666
2016-12-13,1,1,0,1.5431339765667054,2.0390740740740743,20.59,0.0,3.94,22.001904329603445,10.052691966242865,4.8094520121106985,33.59773027241303,41.955289262702216,63.83892928451274,1.4,23.000000000000004,41.79999999999999,0.467
2016-12-14,0,0,0,0.73679141243901,0.929245283018868,12.46,0.0,0.39,1.5431339765667054,22.001904329603445,10.052691966242865,24.28182971860917,39.71235406949986,60.953864538111446,3.5,23.000000000000004,45.29999999999999,0.47675
2016-12-15,0,0,0,0.8518174539142298,1.275636363636364,17.2,0.4,17.2,0.73679141243901,1.5431339765667054,22.001904329603445,3.131742842919963,40.33950763601484,61.14804707954509,0.0,4.900000000000004,38.99999999999999,0.4831249999999999
2016-12-16,0,0,0,0.1341369507653249,0.2,4.6000000000000005,0.0,0.2,0.8518174539142298,0.73679141243901,1.5431339765667054,1.7227458171185823,40.12992810164226,60.67704445577604,0.0,3.500000000000004,31.699999999999992,0.4672916666666666
2016-12-17,0,0,0,0.2022521629753957,0.3776363636363636,13.99,0.0,0.59,0.1341369507653249,0.8518174539142298,0.73679141243901,1.1882065676549682,35.52272825250696,51.95557017946128,0.0,0.0,26.499999999999996,0.4430833333333333
2016-12-18,1,7,5,6.049621586013579,3.7609090909090903,46.58,0.2,8.74,0.2022521629753957,0.1341369507653249,0.8518174539142298,6.386010699754317,31.51965787227768,53.16537094615725,2.4,2.4000000000000035,25.399999999999995,0.4282916666666667
2016-12-19,0,0,0,2.4646793701549456,3.022407407407408,21.83,0.6000000000000001,8.32,6.049621586013579,0.2022521629753957,0.1341369507653249,8.716553119143938,11.982432912829177,52.56403397791877,11.4,13.800000000000004,18.699999999999992,0.447125
2016-12-20,1,1,0,2.7813481575993357,2.997037037037037,16.79,0.6000000000000001,12.4,2.4646793701549456,6.049621586013579,0.2022521629753957,11.295649113767876,13.220647093861809,55.17593635656405,7.0,20.800000000000004,24.299999999999997,0.4638333333333333
2016-12-21,1,30,19,14.499807857880414,9.90490909090909,54.32,2.76,15.54,2.7813481575993357,2.4646793701549456,6.049621586013579,19.745835385634717,26.98366353930321,66.69601760880309,6.1,24.500000000000007,26.89999999999999,0.4552916666666666
2016-12-22,0,0,0,2.7006512296067866,3.0696296296296293,30.87,0.2,1.18,14.499807857880414,2.7813481575993357,2.4646793701549456,19.981807245086557,28.832497314995766,69.17200495101063,3.9,17.000000000000004,30.799999999999997,0.4720416666666667
2016-12-23,1,4,1,3.815923971779424,4.329433962264151,25.61,2.95,7.9,2.7006512296067866,14.499807857880414,2.7813481575993357,21.01638305926664,32.514284336009865,72.64421243765216,0.9,10.900000000000004,31.699999999999992,0.4601249999999999
2016-12-24,0,0,0,2.8574598139174463,3.4364150943396226,16.0,2.56,1.18,3.815923971779424,2.7006512296067866,14.499807857880414,9.374035015303676,35.16949198695192,70.6922202394589,2.0,6.800000000000003,33.7,0.4740833333333333
2016-12-25,0,0,0,0.2177844939752618,0.3390740740740741,4.800000000000001,0.0,0.84,2.8574598139174463,3.815923971779424,2.7006512296067866,6.89116827967215,29.3376548949136,60.8573127671913,3.8,6.700000000000003,35.099999999999994,0.4585833333333333
2016-12-26,0,0,0,0.5776603644339531,0.3881818181818181,6.9,0.0,4.14,0.2177844939752618,2.8574598139174463,3.815923971779424,3.652904672326679,27.450635889192608,39.43306880202181,0.0,5.8000000000000025,23.699999999999992,0.4224166666666666
2016-12-27,0,0,0,0.6138867937440051,0.8269811320754716,16.08,0.0,7.92,0.5776603644339531,0.2177844939752618,2.8574598139174463,1.4093316521532375,25.28317452533728,38.50382161919912,0.0,3.8000000000000034,16.699999999999992,0.378625
2016-12-28,1,4,1,2.116351062406488,3.3061538461538458,46.4,0.0,9.75,0.6138867937440051,0.5776603644339531,0.2177844939752618,3.307898220584464,12.89971772986335,39.88338126916659,3.3,3.300000000000004,13.899999999999991,0.357625
2016-12-29,1,25,8,10.94715825416088,7.740576923076923,57.2,4.6850000000000005,16.88,2.116351062406488,0.6138867937440051,0.5776603644339531,13.677396110311392,21.14622475441745,49.97872206941325,0.0,3.300000000000004,9.999999999999991,0.3563333333333333
2016-12-30,0,0,0,2.7883556002356724,2.56923076923077,21.58,0.0,0.59,10.94715825416088,2.116351062406488,0.6138867937440051,15.85186491680306,20.11865638287369,52.63294071888359,0.0,3.300000000000004,9.09999999999999,0.33125
2016-12-31,0,0,0,1.0271327639716907,1.6825490196078432,9.22,0.4,5.51,2.7883556002356724,10.94715825416088,2.116351062406488,14.762646618368262,18.288329332927937,53.45782131987988,4.7,4.700000000000004,11.799999999999994,0.3192916666666667
2017-01-01,0,0,0,3.267583008066302,2.750980392156863,19.34,1.4,14.22,1.0271327639716907,2.7883556002356724,10.94715825416088,7.083071372273682,21.338127847018978,50.67578274193261,2.0,6.700000000000004,9.999999999999991,0.3250833333333333
2017-01-02,1,20,7,7.559976399183448,10.469615384615384,51.76,4.95,14.06,3.267583008066302,1.0271327639716907,2.7883556002356724,11.854692171221458,28.32044388176847,55.77107977096111,5.1,11.800000000000004,15.099999999999993,0.377375
2017-01-03,1,2,1,7.00460687700862,8.415849056603774,45.0,4.93,8.73,7.559976399183448,3.267583008066302,1.0271327639716907,17.83216628425839,34.71116396503309,59.9943384903704,5.0,12.100000000000003,20.099999999999994,0.4720416666666667
2017-01-04,0,0,0,1.1021111119943592,1.3382692307692308,13.6,0.2,0.39,7.00460687700862,7.559976399183448,3.267583008066302,15.666694388186444,33.69692401462096,46.59664174448434,7.3,17.400000000000002,24.09999999999999,0.4431666666666666
2017-01-05,0,0,0,0.4374372636029467,0.81,12.71,0.0,0.39,1.1021111119943592,7.00460687700862,7.559976399183448,8.544155252605943,23.187203024063024,44.3334277784805,3.0,15.300000000000004,27.09999999999999,0.397
2017-01-06,0,0,0,0.767570106313972,0.9659615384615384,6.930000000000001,0.3,2.18,0.4374372636029467,1.1021111119943592,7.00460687700862,2.307118481911296,21.166417530141324,41.28507391301504,2.7,13.000000000000004,29.79999999999999,0.4192083333333333
2017-01-07,1,26,10,10.447537643985736,11.66153846153846,56.97,6.135,12.4,0.767570106313972,0.4374372636029467,1.1021111119943592,11.652545013902673,30.586822410155364,48.875151743083336,8.5,14.200000000000005,33.599999999999994,0.4713333333333333
2017-01-08,1,7,4,11.6856785333873,7.686666666666666,49.82,3.0,20.6,10.447537643985736,0.767570106313972,0.4374372636029467,22.900786283687022,39.00491793547637,60.34304578249537,3.3,14.500000000000004,34.89999999999999,0.4740416666666666
2017-01-09,1,11,4,8.371309101761938,9.325294117647058,54.2,4.1,14.27,11.6856785333873,10.447537643985736,0.767570106313972,30.504525279134988,39.81625063805485,68.13669451982335,8.0,19.800000000000004,37.79999999999999,0.467625
2017-01-10,1,2,0,7.332407610783402,7.881764705882354,58.94,4.800000000000001,8.18,8.371309101761938,11.6856785333873,10.447537643985736,27.38939524593266,40.14405137182963,74.85521533686276,5.2,16.500000000000004,37.99999999999999,0.451875
2017-01-11,1,3,2,5.966587095985185,5.402857142857143,40.3,1.4,8.31,7.332407610783402,8.371309101761938,11.6856785333873,21.67030380853054,45.00852735582046,78.70545137044145,10.8,24.000000000000004,41.49999999999999,0.4556666666666666
2017-01-12,1,1,0,3.7093623700317786,4.733529411764706,24.78,3.2,4.33,5.966587095985185,7.332407610783402,8.371309101761938,17.008357076800383,48.28045246224929,71.46765548631235,39.8,55.8,78.29999999999998,0.4757499999999999
2017-01-13,0,0,0,0.8453502085235517,1.2907843137254904,16.85,0.2,2.16,3.7093623700317786,5.966587095985185,7.332407610783402,10.521299674540533,48.35823256445887,69.52465009460022,4.7,55.3,80.29999999999998,0.4584166666666667
2017-01-14,0,0,0,0.9934654601210948,1.386078431372549,19.65,0.0,4.72,0.8453502085235517,3.7093623700317786,5.966587095985185,5.548178038676443,38.90416038059424,69.49098279074964,0.6,45.1,72.39999999999999,0.4661249999999999
2017-01-15,1,11,7,6.414071487253766,4.621538461538462,39.34,0.495,19.96,0.9934654601210948,0.8453502085235517,3.7093623700317786,8.252887155898431,33.632553334460695,72.6374712699371,6.5,11.8,75.6,0.4492916666666666
2017-01-16,1,29,22,42.425609642909215,25.09019607843137,121.06,13.6,65.67,6.414071487253766,0.9934654601210948,0.8453502085235517,49.833146590284095,67.68685387560798,107.50310451366286,21.0,28.1,88.6,0.4834166666666666
2017-01-17,1,16,7,25.487636813097264,24.804489795918368,70.84,25.53,8.11,42.425609642909215,6.414071487253766,0.9934654601210948,74.32731794326027,85.84208307792184,125.9861344497515,24.5,52.0,107.9,0.48475
2017-01-18,1,26,4,22.335539580787064,19.406,52.66,15.5,7.1,25.487636813097264,42.425609642909215,6.414071487253766,90.24878603679356,102.21103556272372,147.2195629185442,22.0,67.5,119.1,0.4808333333333333
2017-01-19,1,10,0,11.24038209534548,11.136938775510204,44.21,9.27,5.9,22.335539580787064,25.487636813097264,42.425609642909215,59.06355848922983,109.74205528803742,158.02250775028676,24.0,70.5,103.3,0.4907083333333333
2017-01-20,1,28,5,22.80539567297364,14.291041666666668,60.03,11.845,15.12,11.24038209534548,22.335539580787064,25.487636813097264,56.381317349106205,131.7021007524875,180.0603333169464,13.0,59.0,111.6,0.4938333333333333
2017-01-21,1,30,8,22.308091474554477,17.220000000000002,64.97,11.0,16.85,22.80539567297364,11.24038209534548,22.335539580787064,56.353869242873614,153.0167267669209,191.92088714751517,34.1,71.1,145.1,0.4886666666666666
2017-01-22,1,6,1,9.82437261003355,10.194489795918368,36.02,8.6,1.57,22.308091474554477,22.80539567297364,11.24038209534548,54.93785975756168,156.42702788970067,190.0595812241614,18.2,65.3,156.79999999999998,0.4734583333333333
2017-01-23,1,2,0,5.725886510267335,6.446734693877551,37.58,2.56,6.1,9.82437261003355,22.308091474554477,22.80539567297364,37.85835059485538,119.7273047570588,187.4141586326668,10.8,63.1,146.6,0.448125
2017-01-24,1,19,2,7.824918456286224,5.875400000000001,24.94,3.58,9.75,5.725886510267335,9.82437261003355,22.308091474554477,23.37517757658713,102.06458640024776,187.9066694781696,13.6,42.6,135.7,0.4635
2017-01-25,0,0,0,3.6054011515846502,3.586122448979592,29.48,1.2000000000000002,3.35,7.824918456286224,5.725886510267335,9.82437261003355,17.156206118138233,83.33444797104534,185.5454835337691,6.4,30.8,120.1,0.44975
2017-01-26,1,10,3,10.596995134418396,8.284255319148937,28.53,5.800000000000001,7.4,3.6054011515846502,7.824918456286224,5.725886510267335,22.02731474228929,82.69106101011825,192.4331162981557,19.8,39.8,115.9,0.45775
2017-01-27,1,6,0,9.84310560752311,7.522127659574468,64.63,5.0,3.74,10.596995134418396,3.6054011515846502,7.824918456286224,24.04550189352618,69.72877094466773,201.43087169715525,11.8,38.0,114.7,0.4889583333333333
2017-01-28,1,1,0,2.083210948364113,2.126595744680851,21.16,0.2,0.79,9.84310560752311,10.596995134418396,3.6054011515846502,22.52331169030564,49.50389041847736,202.5206171853983,3.2,34.800000000000004,83.79999999999998,0.4747916666666666
2017-01-29,0,0,0,1.2298396154436055,1.261063829787234,9.6,0.2,1.57,2.083210948364113,9.84310560752311,10.596995134418396,13.156156171330853,40.90935742388742,197.3363853135881,1.0,16.0,66.59999999999998,0.4682083333333333
2017-01-30,0,0,0,2.525473474951907,2.0836170212765954,27.31,0.6000000000000001,2.56,1.2298396154436055,2.083210948364113,9.84310560752311,5.838524038759648,37.70894438857199,157.43624914563082,3.7,7.9,59.49999999999999,0.4735833333333333
2017-01-31,1,1,0,2.0443768093841794,2.048510638297872,15.32,1.0,7.35,2.525473474951907,1.2298396154436055,2.083210948364113,5.799689899779713,31.92840274166995,133.99298914191772,4.7,9.4,50.59999999999999,0.4874166666666666
2017-02-01,1,27,13,15.97906221776142,14.161041666666668,74.16,9.7,52.66,2.0443768093841794,2.525473474951907,1.2298396154436055,20.54891250209753,44.30206380784672,127.63651177889209,12.1,20.5,56.29999999999998,0.498875
2017-02-02,0,0,0,5.5839564700199,4.984255319148937,35.02,3.15,5.9,15.97906221776142,2.0443768093841794,2.525473474951907,23.60739549716552,39.28902514344822,121.98008615356648,10.2,27.0,46.69999999999999,0.4776666666666667
2017-02-03,0,0,0,3.99541433201884,3.493404255319149,15.4,2.6,5.17,5.5839564700199,15.97906221776142,2.0443768093841794,25.55843301980018,33.44133386794395,103.1701048126117,2.7,25.0,37.59999999999999,0.4789166666666666
2017-02-04,1,25,8,11.13119249322363,7.769574468085107,40.15,4.0,11.38,3.99541433201884,5.5839564700199,15.97906221776142,20.71056329526239,42.48931541280346,91.99320583128086,10.1,23.0,44.49999999999999,0.4875416666666667
2017-02-05,0,0,0,1.71152116684608,1.5897872340425532,10.0,0.0,0.63,11.13119249322363,3.99541433201884,5.5839564700199,16.838127992088573,42.970996964205945,83.8803543880934,3.0,15.8,46.49999999999999,0.4838333333333333
2017-02-06,1,34,20,15.8581522999639,13.408510638297871,55.31,4.33,17.07,1.71152116684608,11.13119249322363,3.99541433201884,28.70086596003363,56.303675789217934,94.01262017778996,1.0,14.1,43.79999999999998,0.481
2017-02-07,1,1,0,4.17166600615232,3.632127659574468,33.39,1.0,1.77,15.8581522999639,1.71152116684608,11.13119249322363,21.74133947296232,58.43096498598607,90.35936772765604,2.0,6.0,41.09999999999998,0.4764166666666666
2017-02-08,0,0,0,0.6678114696273448,1.0117021276595746,8.6,0.0,0.39,4.17166600615232,15.8581522999639,1.71152116684608,20.697629775743582,43.119714237852,87.42177804569874,0.8,3.8,29.799999999999983,0.4632916666666666
2017-02-09,0,0,0,0.71132853845924,1.193617021276596,27.9,0.0,0.59,0.6678114696273448,4.17166600615232,15.8581522999639,5.550806014238926,38.247086306291344,77.5361114497396,0.0,2.8,19.599999999999987,0.4409166666666667
2017-02-10,1,2,0,0.8169200292201997,0.8429787234042554,11.6,0.0,1.18,0.71132853845924,0.6678114696273448,4.17166600615232,2.1960600373068058,35.0685920034927,68.50992587143668,1.0,1.8,17.899999999999988,0.4154583333333333
2017-02-11,0,0,0,0.2503852458764544,0.4040425531914894,5.0,0.0,0.59,0.8169200292201997,0.71132853845924,0.6678114696273448,1.7786338135559154,24.18778475614552,66.67710016894901,0.1,1.1,7.899999999999986,0.399375
2017-02-12,0,0,0,1.5132663013285523,2.0814583333333334,27.22,0.1,11.12,0.2503852458764544,0.8169200292201997,0.71132853845924,2.5805715764252275,23.989529890627995,66.96052685483397,0.8,1.9,5.699999999999986,0.3755416666666666
2017-02-13,0,0,0,0.1263546701112882,0.2,1.8,0.0,0.2,1.5132663013285523,0.2503852458764544,0.8169200292201997,1.8900062173163164,8.257732260775384,64.56140804999335,0.2,1.1,4.899999999999986,0.3457083333333333
2017-02-14,0,0,0,0.0290729148348438,0.0680851063829787,1.2000000000000002,0.0,0.2,0.1263546701112882,1.5132663013285523,0.2503852458764544,1.6686938862747056,4.115139169457909,62.54610415544401,0.0,1.0,2.8999999999999857,0.3132083333333333
2017-02-15,0,0,0,0.2050940015735968,0.4939583333333333,12.25,0.0,4.73,0.0290729148348438,0.1263546701112882,1.5132663013285523,0.3605215865197502,3.652421701404161,46.77213593925619,0.0,0.2,2.099999999999985,0.283625
2017-02-16,0,0,0,0.2158570935049554,0.361875,6.69,0.0,1.96,0.2050940015735968,0.0290729148348438,0.1263546701112882,0.4500240099134174,3.1569502564498766,41.40403656274124,0.7,0.7,2.7999999999999856,0.2613333333333333
2017-02-17,0,0,0,0.059931976017196,0.0833333333333333,2.6,0.0,0.2,0.2158570935049554,0.2050940015735968,0.0290729148348438,0.4808830710957696,2.399962203246873,37.4685542067396,0.0,0.7,1.7999999999999858,0.2385833333333333
2017-02-18,0,0,0,0.0046947958257303,0.0085106382978723,0.2,0.0,0.2,0.059931976017196,0.2158570935049554,0.2050940015735968,0.2804838653479032,2.154271753196149,26.342056509341703,0.0,0.7,1.6999999999999855,0.2085416666666666
2017-02-19,0,0,0,0.0393783543424019,0.0170212765957446,0.6000000000000001,0.0,0.2,0.0046947958257303,0.059931976017196,0.2158570935049554,0.1040051261853497,0.6803838062099985,24.669913696838023,0.0,0.0,0.8999999999999858,0.179125
2017-02-20,0,0,0,0.0,0.0,0.0,0.0,0.0,0.0393783543424019,0.0046947958257303,0.059931976017196,0.0440731501681536,0.5540291360987103,8.811761396874124,0.2,0.2,0.8999999999999857,0.1605
2017-02-21,0,0,0,0.0020699442365467,0.0042553191489361,0.2,0.0,0.2,0.0,0.0393783543424019,0.0046947958257303,0.04144829857897,0.5270261655004131,4.642165334958351,0.5,0.7,1.3999999999999857,0.1518333333333333
2017-02-22,1,27,11,9.862383086777982,5.789148936170212,45.18,2.99,14.72,0.0020699442365467,0.0,0.0393783543424019,9.86445303101455,10.184315250704795,13.836736952108987,0.0,0.7,1.3999999999999857,0.1449583333333333
2017-02-23,0,0,0,3.5355854281096724,2.965531914893617,28.32,0.2,4.73,9.862383086777982,0.0020699442365467,0.0,13.400038459124222,13.504043585309514,16.66099384175942,4.3,4.8,4.999999999999986,0.1350833333333333
2017-02-24,1,55,35,24.26096740908527,18.235531914893617,67.15,13.18,18.75,3.5355854281096724,9.862383086777982,0.0020699442365467,37.65893592397295,37.70507901837759,40.10504122162449,2.6,6.9,7.599999999999985,0.1694166666666666
2017-02-25,1,1,0,7.403478702404011,8.23936170212766,45.58,4.0,1.77,24.26096740908527,3.5355854281096724,9.862383086777982,35.200031539598974,45.10386292495587,47.25813467815205,5.5,12.4,13.099999999999984,0.2625833333333333
2017-02-26,1,3,2,3.7673856460655872,3.774893617021277,16.53,1.4,5.9,7.403478702404011,24.26096740908527,3.5355854281096724,35.43183175755489,48.83187021667906,49.51225402288908,1.5,9.6,14.599999999999984,0.3465416666666667
2017-02-27,0,0,0,1.3581045232663411,1.7840425531914896,12.6,0.2,2.16,3.7673856460655872,7.403478702404011,24.26096740908527,12.528968871735955,50.1899747399454,50.74400387604413,0.9,7.9,15.299999999999986,0.427375
2017-02-28,1,1,0,3.901271054825242,1.644468085106383,15.55,0.0,11.18,1.3581045232663411,3.7673856460655872,7.403478702404011,9.026761224157188,54.08917585053409,54.616202016034535,6.1,8.5,20.899999999999984,0.4014999999999999
2017-03-01,1,1,0,0.5158802884602166,0.8145652173913043,12.8,0.0,1.38,3.901271054825242,1.3581045232663411,3.7673856460655872,5.775255866551817,44.742673052216325,54.92698830292115,4.7,11.7,25.599999999999987,0.3547499999999999
2017-03-02,1,1,0,3.730821518300682,4.572608695652174,22.35,2.88,19.0,0.5158802884602166,3.901271054825242,1.3581045232663411,8.147972861586158,44.937909142407335,58.44195272771688,12.3,23.1,33.59999999999999,0.3657083333333333
2017-03-03,0,0,0,6.760425539121554,7.009565217391304,22.63,5.75,1.57,3.730821518300682,0.5158802884602166,3.901271054825242,11.00712734588247,27.43736727244362,65.14244629082124,34.7,51.7,65.69999999999999,0.4389166666666667
2017-03-04,0,0,0,1.974228343834916,2.391086956521739,11.2,1.4,2.56,6.760425539121554,3.730821518300682,0.5158802884602166,12.46547540125717,22.008116913874524,67.11197983883044,5.8,52.8,65.99999999999999,0.4527916666666666
2017-03-05,1,3,1,13.706850990618127,10.018695652173914,41.07,6.109999999999999,14.3,1.974228343834916,6.760425539121554,3.730821518300682,22.441504873574612,31.94758225842706,80.77945247510615,4.5,45.0,68.99999999999999,0.471375
2017-03-06,1,9,4,16.156054914958403,13.06744680851064,43.85,9.8,5.9,13.706850990618127,1.974228343834916,6.760425539121554,31.837134249411463,46.74553265011912,96.93550739006456,22.1,32.400000000000006,90.2,0.487625
2017-03-07,1,26,14,15.557331795792706,12.29063829787234,50.19,8.26,17.28,16.156054914958403,13.706850990618127,1.974228343834916,45.42023770136926,58.40159339108659,112.49076924162073,12.7,39.3,96.79999999999998,0.492625
2017-03-08,1,2,0,9.437866982549084,10.487826086956522,59.91,7.02,4.14,15.557331795792706,16.156054914958403,13.706850990618127,41.15125369330021,67.32358008517546,112.0662531373918,8.2,43.0,100.29999999999998,0.4883333333333333
2017-03-09,0,0,0,2.359988912510716,2.510434782608696,22.07,0.0,2.16,9.437866982549084,15.557331795792706,16.156054914958403,27.355187690852524,65.9527474793855,110.89065662179286,2.3,23.2,90.29999999999998,0.4654583333333333
2017-03-10,1,18,11,5.928992619541634,6.557777777777778,46.45,3.0,14.28,2.359988912510716,9.437866982549084,15.557331795792706,17.72684851460145,65.12131455980557,92.55868183224922,0.0,10.5,55.59999999999999,0.4346666666666667
2017-03-11,0,0,0,2.102372695052374,2.3024444444444443,13.01,0.4,3.35,5.928992619541634,2.359988912510716,9.437866982549084,10.391354227104742,65.24945891102303,87.25757582489759,2.2,4.5,51.99999999999999,0.4439166666666667
2017-03-12,0,0,0,1.0150408221089886,1.0606666666666666,10.38,0.0,0.39,2.102372695052374,5.928992619541634,2.359988912510716,9.046406136703014,52.55764874251389,84.50523100094098,0.0,2.2,47.49999999999999,0.4463333333333333
2017-03-13,0,0,0,0.468732237270385,0.727111111111111,8.8,0.0,3.57,1.0150408221089886,2.102372695052374,5.928992619541634,3.586145754431765,36.87032606482588,83.61585871494503,6.8,9.0,32.19999999999998,0.4304583333333333
2017-03-14,0,0,0,3.0242147688898395,3.560208333333333,30.59,1.195,7.91,0.468732237270385,1.0150408221089886,2.102372695052374,4.507987828269231,24.337209037923007,82.73880242900962,2.9,9.7,22.399999999999984,0.4657916666666666
2017-03-15,0,0,0,1.8729628512528176,1.907,10.63,1.2000000000000002,5.12,3.0242147688898395,0.468732237270385,1.0150408221089886,5.36590985741306,16.77230490662674,84.09588499180224,3.2,12.9,17.399999999999984,0.4758333333333333
2017-03-16,0,0,0,0.1377449916293008,0.1659259259259259,2.3600000000000003,0.0,1.97,1.8729628512528176,3.0242147688898395,0.468732237270385,5.034922611771976,14.550060985745326,80.50280846513085,0.0,6.1,15.099999999999984,0.4518333333333333
2017-03-17,1,9,5,10.460915782948511,9.442,46.620000000000005,6.07,13.46,0.1377449916293008,1.8729628512528176,3.0242147688898395,12.471623625830649,19.0819841491522,84.2032987089578,10.4,13.6,25.499999999999982,0.44775
2017-03-18,0,0,0,3.49806017489902,4.121666666666667,34.440000000000005,2.085,3.94,10.460915782948511,0.1377449916293008,1.8729628512528176,14.09672094947685,20.47767162899885,85.7271305400219,6.5,16.9,29.799999999999983,0.4902916666666666
2017-03-19,0,0,0,1.4968324131233706,1.578,8.950000000000001,1.2000000000000002,1.18,3.49806017489902,10.460915782948511,0.1377449916293008,15.45580837097092,20.95946322001323,73.51711196252715,2.5,19.4,32.29999999999998,0.467875
2017-03-20,0,0,0,0.2040996470015001,0.2885714285714286,2.5900000000000003,0.0,0.59,1.4968324131233706,3.49806017489902,10.460915782948511,5.19899223502391,20.694830629744345,57.56515669457025,1.7,10.7,27.19999999999999,0.4782916666666666
2017-03-21,0,0,0,0.0336077035640482,0.0552307692307692,0.8,0.0,0.39,0.2040996470015001,1.4968324131233706,3.49806017489902,1.7345397636889386,17.70422356441855,42.04143260234159,0.6,4.8,24.899999999999984,0.4552916666666666
2017-03-22,0,0,0,0.1393745506736481,0.248695652173913,12.79,0.0,12.59,0.0336077035640482,0.2040996470015001,1.4968324131233706,0.377081901239216,15.970635263839386,32.74294017046616,0.2,2.5,21.899999999999984,0.4369166666666667
2017-03-23,0,0,0,0.026180962035231,0.0424285714285714,1.57,0.0,0.59,0.1393745506736481,0.0336077035640482,0.2040996470015001,0.1991632162729469,15.859071234245317,30.409132219990667,1.1,1.9,22.999999999999982,0.41475
2017-03-24,0,0,0,0.4568402802215252,0.5165217391304348,21.59,0.0,2.16,0.026180962035231,0.1393745506736481,0.0336077035640482,0.6223957929304239,5.854995731518329,24.93697988067056,0.0,1.3000000000000005,12.599999999999984,0.3950416666666667
2017-03-25,0,0,0,0.6110562066144936,0.6241666666666668,8.270000000000001,0.0,4.73,0.4568402802215252,0.026180962035231,0.1393745506736481,1.0940774488712697,2.967991763233803,23.44566339223268,2.0,3.1,8.099999999999985,0.3768333333333333
2017-03-26,0,0,0,0.0089063755578345,0.0111111111111111,0.4,0.0,0.2,0.6110562066144936,0.4568402802215252,0.026180962035231,1.0768028623938728,1.4800657256682668,22.439528945681527,0.0,2.0,5.599999999999985,0.3582083333333333
2017-03-27,0,0,0,0.1421348021010957,0.1301351351351351,3.81,0.0,0.6,0.0089063755578345,0.6110562066144936,0.4568402802215252,0.7620973842734434,1.418100880767862,22.11293151051224,1.1,3.1,4.999999999999986,0.3574583333333332
2017-03-28,0,0,0,0.393604452535691,0.5794871794871795,19.99,0.2,2.41,0.1421348021010957,0.0089063755578345,0.6110562066144936,0.5446456301946409,1.7780976297395048,19.48232119415809,3.1,4.2,7.499999999999986,0.4260416666666666
2017-03-29,0,0,0,0.787795886637149,1.3059756097560975,40.34,0.2,4.53,0.393604452535691,0.1421348021010957,0.0089063755578345,1.323535141273955,2.4265189657030057,18.397154229542416,0.3,4.5,7.599999999999986,0.436625
2017-03-30,0,0,0,0.3547705726581192,0.5571951219512196,41.49,0.0,4.36,0.787795886637149,0.393604452535691,0.1421348021010957,1.5361709118309783,2.7551085763258936,18.61417981057124,1.1,4.5,7.599999999999985,0.4090833333333333
2017-03-31,0,0,0,0.3624442102791866,0.5864197530864198,26.03,0.0,13.96,0.3547705726581192,0.787795886637149,0.393604452535691,1.5050106695744745,2.660712506383556,8.515708237901913,0.4,1.8000000000000005,7.999999999999986,0.391125
2017-04-01,0,0,0,0.5322661792761797,0.728641975308642,28.52,0.2,4.92,0.3624442102791866,0.3547705726581192,0.787795886637149,1.249480962213505,2.5819224790452413,5.549914242279073,1.1,2.6000000000000005,7.099999999999985,0.3791666666666666
2017-04-02,0,0,0,0.8130388642377344,1.160731707317073,24.71,0.6000000000000001,1.77,0.5322661792761797,0.3624442102791866,0.3547705726581192,1.7077492537931205,3.386054967725141,4.866120693393437,1.5,3.0,8.599999999999985,0.3682083333333333
2017-04-03,0,0,0,0.1731626988499769,0.260609756097561,21.17,0.0,3.74,0.8130388642377344,0.5322661792761797,0.3624442102791866,1.5184677423639106,3.4170828644740228,4.835183745241913,0.2,2.8000000000000003,7.699999999999986,0.3459166666666666
2017-04-04,0,0,0,0.0657166058825657,0.101358024691358,7.81,0.0,2.38,0.1731626988499769,0.8130388642377344,0.5322661792761797,1.0519181689702968,3.0891950178208973,4.867292647560431,0.0,1.7000000000000002,4.599999999999985,0.3228333333333333
2017-04-05,0,0,0,0.1871966969764978,0.2872839506172839,22.48,0.0,3.74,0.0657166058825657,0.1731626988499769,0.8130388642377344,0.4260760017090601,2.4885958281602463,4.915114793863281,0.1,0.3000000000000002,4.399999999999986,0.294875
2017-04-06,1,24,23,14.315841273117766,15.759146341463415,38.6,13.385,12.81,0.1871966969764978,0.0657166058825657,0.1731626988499769,14.568754575976849,16.449666528619893,19.204775104945817,8.2,8.299999999999999,11.499999999999986,0.2899166666666666
2017-04-07,1,66,42,73.37783848511555,63.69987804878049,113.1,65.9,26.57,14.315841273117766,0.1871966969764978,0.0657166058825657,87.88087645520983,89.46506080345625,92.12577330983984,12.1,20.4,23.199999999999985,0.4125
2017-04-08,0,0,0,1.3817705037085808,1.6250602409638553,25.98,0.4,1.18,73.37783848511555,14.315841273117766,0.1871966969764978,89.07545026194191,90.31456512788866,92.89648760693392,0.9,21.2,22.999999999999982,0.4493333333333333
2017-04-09,1,1,0,0.5765156606425524,0.6946987951807229,22.09,0.0,4.33,1.3817705037085808,73.37783848511555,14.315841273117766,75.3361246494667,90.07804192429349,93.46409689201865,1.6,14.6,23.099999999999984,0.4342916666666667
2017-04-10,1,5,2,3.5218201971140863,3.1444444444444444,46.26,0.0,15.57,0.5765156606425524,1.3817705037085808,73.37783848511555,5.480106361465234,93.42669942255758,96.84378228703164,1.7,4.2,24.599999999999984,0.4132916666666666
2017-04-11,0,0,0,0.5163140240090932,0.35175,15.48,0.0,2.24,3.5218201971140863,0.5765156606425524,1.3817705037085808,4.614649881765746,93.87729684068412,96.96649185850504,0.0,3.3,24.599999999999984,0.3834166666666667
2017-04-12,0,0,0,2.591064559182686,2.910617283950617,13.03,2.17,5.71,0.5163140240090932,3.5218201971140863,0.5765156606425524,6.629198780305881,96.2811647028903,98.76976053105057,3.4,5.1,27.899999999999984,0.389
2017-04-13,0,0,0,0.7807327693049418,1.0141975308641975,9.07,0.8,2.31,2.591064559182686,0.5163140240090932,3.5218201971140863,3.888111352496736,82.74605619907747,99.1957227276974,1.5,4.9,21.19999999999998,0.417875
2017-04-14,0,0,0,0.0159718285417948,0.0152564102564102,0.6000000000000001,0.0,0.39,0.7807327693049418,2.591064559182686,0.5163140240090932,3.387769157029437,9.38418954250372,98.84925034596,0.0,4.9,9.099999999999984,0.410125
2017-04-15,0,0,0,0.2942598848683052,0.3917721518987342,29.950000000000003,0.0,8.55,0.0159718285417948,0.7807327693049418,2.591064559182686,1.090964482715056,8.296678923663446,98.61124405155212,0.0,1.5000000000000004,8.199999999999985,0.3871666666666666
2017-04-16,0,0,0,0.1343584206242383,0.155875,11.07,0.0,3.15,0.2942598848683052,0.0159718285417948,0.7807327693049418,0.4445901340343525,7.854521683645133,97.93256360793865,0.0,0.0,6.599999999999985,0.354375
2017-04-17,0,0,0,0.6288677888116211,0.681,4.54,0.4,2.17,0.1343584206242383,0.2942598848683052,0.0159718285417948,1.0574860943041788,4.961569275342667,98.38826869790029,1.5,1.5000000000000004,6.399999999999985,0.3453333333333333
2017-04-18,0,0,0,0.5010296830508338,0.4952500000000001,1.8,0.4,0.79,0.6288677888116211,0.1343584206242383,0.2942598848683052,1.2642558924867076,4.946284934384408,98.82358177506856,0.0,1.5000000000000004,6.399999999999985,0.3489583333333333
2017-04-19,0,0,0,0.0353009328245142,0.061875,3.35,0.0,1.57,0.5010296830508338,0.6288677888116211,0.1343584206242383,1.1651984046869834,2.3905213080262357,98.67168601091656,0.0,1.5000000000000004,2.999999999999986,0.3285
2017-04-20,0,0,0,0.023851709885539,0.04,2.8000000000000003,0.0,0.2,0.0353009328245142,0.5010296830508338,0.6288677888116211,0.5601823257609012,1.6336402486068322,84.37969644768434,0.3,0.3000000000000004,1.7999999999999858,0.3061666666666666
2017-04-21,1,10,2,15.245157919974933,15.412025316455695,49.67,12.41,12.19,0.023851709885539,0.0353009328245142,0.5010296830508338,15.304310562685,16.86282634003997,26.24701588254372,17.9,18.2,19.699999999999985,0.3191666666666666
2017-04-22,1,2,0,8.078481323608164,8.48772151898734,25.6,6.72,14.15,15.245157919974933,0.023851709885539,0.0353009328245142,23.34749095346865,24.64704777877983,32.94372670244331,4.8,23.0,24.499999999999982,0.4219583333333334
2017-04-23,1,2,0,1.069388483353466,1.269113924050633,3.45,1.2,1.2,8.078481323608164,15.245157919974933,0.023851709885539,24.393027726936577,25.58207784150905,33.436599525154215,1.3,24.0,25.799999999999983,0.4295416666666666
2017-04-24,0,0,0,0.0480376232948007,0.0859493670886076,3.8,0.0,0.39,1.069388483353466,8.078481323608164,15.245157919974933,9.195907430256446,25.00124767599224,29.962816951334933,0.0,6.1,24.299999999999983,0.4097083333333333
2017-04-25,0,0,0,0.0194597606522597,0.0355696202531645,1.0,0.0,0.42,0.0480376232948007,1.069388483353466,8.078481323608164,1.1368858673005406,24.519677753593665,29.4659626879781,0.1,1.4,24.399999999999984,0.3739999999999999
2017-04-26,1,2,0,12.11097363792913,11.663670886075948,22.06,12.01,10.89,0.0194597606522597,0.0480376232948007,1.069388483353466,12.178471021876204,36.59535045869828,38.98587176672454,11.9,12.0,36.29999999999998,0.3603333333333333
2017-04-27,0,0,0,0.6222535665707131,0.669746835443038,5.32,0.4,0.39,12.11097363792913,0.0194597606522597,0.0480376232948007,12.752686965152115,37.19375231538345,38.82739256399032,8.0,20.0,43.99999999999999,0.4829166666666666
2017-04-28,0,0,0,0.1379822961595783,0.179873417721519,2.0,0.0,0.42,0.6222535665707131,12.11097363792913,0.0194597606522597,12.871209500659434,22.086576691568094,38.9494030316081,1.0,20.9,27.099999999999987,0.4672916666666666
2017-04-29,0,0,0,0.0449138538314267,0.0759493670886076,3.4000000000000004,0.0,0.2,0.1379822961595783,0.6222535665707131,12.11097363792913,0.8051497165617324,14.05300922179136,38.70005700057121,1.2,10.2,23.499999999999982,0.469125
2017-04-30,0,0,0,0.0263039739315182,0.0435897435897435,2.4000000000000004,0.0,0.2,0.0449138538314267,0.1379822961595783,0.6222535665707131,0.2092001239225376,13.009924712369411,38.592002553878494,0.4,2.6,22.599999999999984,0.465375
2017-05-01,0,0,0,0.022045849689076,0.0207792207792207,1.0,0.0,0.2,0.0263039739315182,0.0449138538314267,0.1379822961595783,0.0932636774520353,12.983932938763688,37.985180614755954,0.0,1.6,22.599999999999984,0.443875
2017-05-02,0,0,0,0.0114101996405138,0.0128205128205128,0.6,0.0,0.6,0.022045849689076,0.0263039739315182,0.0449138538314267,0.0597600232611224,12.97588337775194,37.49556113134564,0.1,0.5,22.599999999999987,0.4280833333333333
2017-05-03,0,0,0,0.0192151579443215,0.0262337662337662,0.82,0.0,0.82,0.0114101996405138,0.022045849689076,0.0263039739315182,0.0526712072739257,0.8841248977671338,37.47947535646544,0.0,0.1,10.699999999999983,0.4145
2017-05-04,1,2,0,0.0029797580563672,0.0051948051948051,0.4,0.0,0.2,0.0192151579443215,0.0114101996405138,0.022045849689076,0.0336051156412169,0.2648510892527879,37.45860340463627,0.4,0.5,3.099999999999986,0.4004583333333333
2017-05-05,1,9,1,28.474986161236654,26.536233766233767,49.38,27.6,19.96,0.0029797580563672,0.0192151579443215,0.0114101996405138,28.49718107723736,28.601854954329863,50.68843164589799,16.5,16.9,18.599999999999987,0.452
2017-05-06,1,2,0,3.259860851965888,4.232763157894737,41.56,2.2,10.49,28.474986161236654,0.0029797580563672,0.0192151579443215,31.737826771258923,31.81680195246432,45.86981117425571,1.3,18.2,18.69999999999999,0.4600416666666667
2017-05-07,0,0,0,1.19214157449015,1.1801315789473683,8.870000000000001,0.6000000000000001,2.17,3.259860851965888,28.474986161236654,0.0029797580563672,32.926988587692705,32.98263955302296,45.9925642653924,0.5,18.3,18.799999999999983,0.4583333333333333
2017-05-08,0,0,0,0.1264350814921454,0.1809210526315789,4.75,0.0,2.76,1.19214157449015,3.259860851965888,28.474986161236654,4.578437507948197,33.087028784826025,46.07096172358974,0.1,1.9,18.899999999999984,0.4395833333333334
2017-05-09,1,1,0,0.0714450100030933,0.0973684210526315,3.6,0.0,0.2,0.1264350814921454,1.19214157449015,3.259860851965888,1.390021665985403,33.1470635951886,46.12294697294057,0.0,0.6,18.799999999999983,0.418125
2017-05-10,1,1,0,0.1651887506315479,0.1706578947368421,4.800000000000001,0.0,1.77,0.0714450100030933,0.1264350814921454,1.19214157449015,0.363068842126801,33.29303718787583,34.17716208564299,0.1,0.2,18.899999999999988,0.40575
2017-05-11,0,0,0,0.6473572197377341,0.9694736842105264,6.290000000000001,0.7000000000000001,3.54,0.1651887506315479,0.0714450100030933,0.1264350814921454,0.8839909803723897,33.9374146495572,34.20226573881001,2.4,2.5,20.899999999999984,0.4112916666666666
2017-05-12,0,0,0,0.0081489345739257,0.0078947368421052,0.2,0.0,0.2,0.6473572197377341,0.1651887506315479,0.0714450100030933,0.8206949049432221,5.47057742289447,34.07243237722436,0.0,2.5,4.399999999999986,0.4019999999999999
2017-05-13,0,0,0,0.0089266022628773,0.008,0.2,0.0,0.2,0.0081489345739257,0.6473572197377341,0.1651887506315479,0.6644327565745514,2.21964317319146,34.03644512565582,0.0,2.4,3.099999999999986,0.3814583333333333
2017-05-14,0,0,0,0.02618811371197,0.0401333333333333,1.21,0.0,0.59,0.0089266022628773,0.0081489345739257,0.6473572197377341,0.0432636505487872,1.0536897124132798,34.036329265436265,0.8,0.8,3.3999999999999853,0.3751666666666666
2017-05-15,0,0,0,0.0110056741297564,0.008,0.6000000000000001,0.0,0.2,0.02618811371197,0.0089266022628773,0.0081489345739257,0.046120390104618,0.9382603050508908,34.02528908987694,0.0,0.8,3.2999999999999856,0.3715
2017-05-16,0,0,0,0.0112083244997738,0.0081081081081081,0.4,0.0,0.2,0.0110056741297564,0.02618811371197,0.0089266022628773,0.0484021123415145,0.8780236195475714,34.0250872147362,0.0,0.8,3.2999999999999856,0.3557916666666667
2017-05-17,0,0,0,0.0013348351049768,0.0027027027027027,0.2,0.0,0.2,0.0112083244997738,0.0110056741297564,0.02618811371197,0.0235488337345213,0.7141697040210001,34.007206891896864,0.1,0.1,3.2999999999999856,0.3504583333333333
2017-05-18,0,0,0,2.092430931823287,2.1161333333333334,3.75,2.18,0.98,0.0013348351049768,0.0112083244997738,0.0110056741297564,2.104974091428052,2.159243416106553,36.09665806566378,14.1,14.2,14.999999999999986,0.3621666666666667
2017-05-19,1,42,17,51.58082769321575,46.49986666666666,74.05,50.6,14.91,2.092430931823287,0.0013348351049768,0.0112083244997738,53.67459346014402,53.73192217474838,59.20249959764287,18.5,32.7,33.499999999999986,0.4600416666666667
2017-05-20,1,1,0,2.129331846832303,2.2892,38.16,0.2,0.79,51.58082769321575,2.092430931823287,0.0013348351049768,55.80259047187135,55.8523274193178,58.07197059250929,0.6,33.2,34.09999999999999,0.453
2017-05-21,1,5,1,23.6182009776596,23.124133333333333,38.19,27.15,6.92,2.129331846832303,51.58082769321575,2.092430931823287,77.32836051770767,79.44434028326542,80.49802999567873,22.9,42.0,56.19999999999999,0.4714166666666666
2017-05-22,1,7,3,23.84266211248916,22.082933333333333,52.29,21.66,9.57,23.6182009776596,2.129331846832303,51.58082769321575,49.59019493698108,103.27599672162484,104.21425702667575,7.1,30.6,63.29999999999999,0.4440416666666666
2017-05-23,0,0,0,0.7580244284088631,1.0076712328767123,16.6,0.0,0.39,23.84266211248916,23.6182009776596,2.129331846832303,48.21888751855764,104.02281282553392,104.90083644508152,0.0,30.0,63.29999999999999,0.4355416666666666
2017-05-24,0,0,0,0.5174896051363931,0.5834722222222222,13.81,0.0,6.1,0.7580244284088631,23.84266211248916,23.6182009776596,25.11817614603443,104.53896759556532,105.25313729958636,1.9,9.0,65.09999999999998,0.4275833333333333
2017-05-25,0,0,0,0.4815497168713141,0.4779166666666667,18.83,0.0,0.59,0.5174896051363931,0.7580244284088631,23.84266211248916,1.7570637504165845,102.92808638061337,105.08732979671994,0.0,1.9,50.99999999999999,0.4151249999999999
2017-05-26,0,0,0,0.2399094985235462,0.3051351351351352,8.4,0.0,0.39,0.4815497168713141,0.5174896051363931,0.7580244284088631,1.2389488205312675,51.587168185921165,105.31909036066956,0.0,1.9,32.499999999999986,0.401125
2017-05-27,0,0,0,0.1398570731166256,0.2630136986301369,14.4,0.0,0.2,0.2399094985235462,0.4815497168713141,0.5174896051363931,0.8613162885115002,49.59769341220549,105.45002083152332,0.0,0.0,31.899999999999984,0.3919166666666667
2017-05-28,0,0,0,0.0629616306676257,0.1166666666666666,4.6000000000000005,0.0,0.2,0.1398570731166256,0.2399094985235462,0.4815497168713141,0.4427282023078118,26.042454065213512,105.48679434847898,0.1,0.1,9.099999999999984,0.3892083333333334
2017-05-29,0,0,0,0.034281815943643,0.0520547945205479,2.0,0.0,0.2,0.0629616306676257,0.1398570731166256,0.2399094985235462,0.2371005197279086,2.234073768667997,105.51007049029286,0.0,0.1,1.9999999999999856,0.3819583333333333
2017-05-30,0,0,0,0.1281156222174678,0.2301388888888889,2.58,0.0,0.39,0.034281815943643,0.0629616306676257,0.1398570731166256,0.2253590688287508,1.6041649624766017,105.62697778801056,0.9,1.0,2.8999999999999857,0.3850416666666666
2017-05-31,0,0,0,0.225477579851556,0.3704109589041096,24.24,0.0,7.12,0.1281156222174678,0.034281815943643,0.0629616306676257,0.3878750180126811,1.3121529371917644,105.85112053275714,0.0,0.9,0.9999999999999858,0.3895416666666667
2017-06-01,0,0,0,0.4166559344146642,0.8241333333333334,16.810000000000002,0.0,6.08,0.225477579851556,0.1281156222174678,0.034281815943643,0.7702491364837023,1.2472591547351146,104.17534553534853,0.9,1.8,1.8999999999999857,0.3899166666666667
2017-06-02,0,0,0,0.0086692299671036,0.0157894736842105,1.0,0.0,0.2,0.4166559344146642,0.225477579851556,0.1281156222174678,0.6508027442333381,1.016018886178672,52.60318707209987,0.0,0.9,1.8999999999999857,0.3850833333333334
2017-06-03,0,0,0,0.0097354598575506,0.0133333333333333,0.8,0.0,0.2,0.0086692299671036,0.4166559344146642,0.225477579851556,0.4350606242393326,0.8858972729195969,50.48359068512512,0.0,0.9,1.8999999999999857,0.3699166666666666
2017-06-04,0,0,0,0.0066758908361358,0.0078947368421052,0.4,0.0,0.2,0.0097354598575506,0.0086692299671036,0.4166559344146642,0.0250805806608043,0.829611533088107,26.872065598301653,0.0,0.0,1.7999999999999856,0.3549166666666667
2017-06-05,1,19,0,27.286386094739026,25.74794520547945,43.83,29.55,8.73,0.0066758908361358,0.0097354598575506,0.0086692299671036,27.302797445432724,28.081715811883488,30.31578958055152,10.8,10.8,12.599999999999987,0.3914583333333333
2017-06-06,1,41,3,29.262609731619524,28.054864864864864,55.02,29.81,9.15,27.286386094739026,0.0066758908361358,0.0097354598575506,56.5556717171947,57.21620992128554,58.82037488376218,7.9,18.700000000000003,19.599999999999987,0.4666666666666666
2017-06-07,1,20,1,12.070687342892034,11.8572972972973,35.75,13.01,11.79,29.262609731619524,27.286386094739026,0.0066758908361358,68.61968316925059,69.06141968432603,70.37357262151782,0.0,18.700000000000003,19.599999999999987,0.4367916666666667
2017-06-08,0,0,0,0.3623456049436686,0.4728378378378378,14.6,0.0,1.59,12.070687342892034,29.262609731619524,27.286386094739026,41.69564267945524,69.00710935485503,70.25436850959018,0.0,7.9,18.69999999999999,0.4092916666666666
2017-06-09,0,0,0,0.2133344957734554,0.2804109589041096,2.36,0.0,1.77,0.3623456049436686,12.070687342892034,29.262609731619524,12.646367443609172,69.21177462066139,70.22779350684009,0.4,0.4,19.099999999999987,0.3997083333333333
2017-06-10,0,0,0,0.2457517366826019,0.4865753424657533,31.12,0.0,12.84,0.2133344957734554,0.3623456049436686,12.070687342892034,0.8214318373997402,69.44779089748643,70.33368817040606,0.0,0.4,19.099999999999987,0.3945833333333333
2017-06-11,0,0,0,0.0850624200480064,0.1157534246575342,7.45,0.0,2.04,0.2457517366826019,0.2133344957734554,0.3623456049436686,0.5441486525040781,69.52617742669831,70.35578895978644,0.0,0.4,19.099999999999987,0.3795833333333333
2017-06-12,0,0,0,0.075358707347207,0.1002777777777777,5.62,0.0,1.0,0.0850624200480064,0.2457517366826019,0.2133344957734554,0.4061728640778297,42.31515003930648,70.39686585119,0.1,0.1,8.399999999999986,0.368875
2017-06-13,1,6,0,11.975546853350318,12.048428571428571,23.05,13.165,4.55,0.075358707347207,0.0850624200480064,0.2457517366826019,12.135967980745546,25.02808716103728,82.24429708232284,9.2,9.3,9.699999999999983,0.42075
2017-06-14,0,0,0,1.045313174118649,1.1366197183098592,7.6,0.8,0.42,11.975546853350318,0.075358707347207,0.0850624200480064,13.096218734816189,14.002712992263891,83.06413267658995,0.8,10.1,10.499999999999986,0.4690833333333333
2017-06-15,0,0,0,0.1039681052534323,0.1661971830985915,4.4,0.0,0.59,1.045313174118649,11.975546853350318,0.075358707347207,13.124828132722412,13.744335492573656,82.75144484742871,0.0,10.0,10.499999999999986,0.4454166666666666
2017-06-16,0,0,0,0.1467272627807182,0.2505633802816901,13.59,0.0,0.39,0.1039681052534323,1.045313174118649,11.975546853350318,1.2960085421528138,13.67772825958092,82.88950288024233,0.0,0.8,10.099999999999984,0.4241666666666666
2017-06-17,0,0,0,0.0375670481667692,0.0558333333333333,1.02,0.0,0.42,0.1467272627807182,0.1039681052534323,1.045313174118649,0.2882624162009339,13.469543571065085,82.91733446855154,0.0,0.0,10.099999999999984,0.4033333333333333
2017-06-18,0,0,0,0.0205210303855879,0.025,0.6000000000000001,0.0,0.2,0.0375670481667692,0.1467272627807182,0.1039681052534323,0.2048153413330896,13.405002181402669,82.931179608101,0.0,0.0,10.099999999999984,0.385
2017-06-19,0,0,0,0.0277217618989298,0.0416666666666666,0.6000000000000001,0.0,0.2,0.0205210303855879,0.0375670481667692,0.1467272627807182,0.0858098404513012,13.35736523595439,55.672515275260906,0.6,0.6,10.599999999999984,0.3735
2017-06-20,0,0,0,0.4121799834339038,0.4138571428571428,2.6,0.2,0.59,0.0277217618989298,0.0205210303855879,0.0375670481667692,0.4604227757184358,1.793998366037976,26.822085527075288,1.0,1.6,2.3999999999999857,0.4079166666666666
2017-06-21,0,0,0,0.3054064025156326,0.3380281690140845,2.2,0.4,0.2,0.4121799834339038,0.0277217618989298,0.0205210303855879,0.7453081478484805,1.0540915944349598,15.056804586698886,0.6,2.2,2.199999999999986,0.437625
2017-06-22,0,0,0,0.0242934973610773,0.0333333333333333,0.6000000000000001,0.0,0.2,0.3054064025156326,0.4121799834339038,0.0277217618989298,0.741879883310628,0.9744169865426048,14.718752479116295,0.0,1.6,2.199999999999986,0.4227083333333333
2017-06-23,0,0,0,0.0122331320151317,0.0166666666666666,0.4,0.0,0.2,0.0242934973610773,0.3054064025156326,0.4121799834339038,0.341933031891856,0.8399228557770184,14.517651115357973,0.0,0.6000000000000001,2.199999999999986,0.4014999999999999
2017-06-24,0,0,0,0.0446611750568003,0.1305633802816901,8.47,0.0,3.15,0.0122331320151317,0.0242934973610773,0.3054064025156326,0.0811878044330236,0.8470169826670495,14.31656055373217,0.0,0.0,2.199999999999986,0.3833333333333333
2017-06-25,0,0,0,0.009201721376596,0.0138888888888888,0.4,0.0,0.2,0.0446611750568003,0.0122331320151317,0.0242934973610773,0.0660960284485423,0.8356976736580576,14.24069985506076,0.0,0.0,2.199999999999986,0.3679583333333333
2017-06-26,0,0,0,0.0031436151072967,0.0056338028169014,0.4,0.0,0.2,0.009201721376596,0.0446611750568003,0.0122331320151317,0.0570065115407073,0.8111195268664245,14.16848476282085,0.0,0.0,1.5999999999999857,0.3562499999999999
2017-06-27,0,0,0,0.0045264202051559,0.0084507042253521,0.4,0.0,0.2,0.0031436151072967,0.009201721376596,0.0446611750568003,0.0168717566890629,0.4034659636376765,2.197464329675688,0.0,0.0,0.5999999999999858,0.3425833333333333
2017-06-28,0,0,0,0.006988437883066,0.0084507042253521,0.4,0.0,0.2,0.0045264202051559,0.0031436151072967,0.009201721376596,0.0146584731955329,0.1050479990051099,1.1591395934401054,0.0,0.0,0.0,0.330375
2017-06-29,0,0,0,0.0015718075536483,0.0028169014084507,0.2,0.0,0.2,0.006988437883066,0.0045264202051559,0.0031436151072967,0.0130866656418845,0.0823263091976809,1.056743295740321,0.0,0.0,0.0,0.3190833333333333
2017-06-30,0,0,0,0.0031968640393727,0.0057142857142857,0.4,0.0,0.2,0.0015718075536483,0.006988437883066,0.0045264202051559,0.0117571094761014,0.073290041221922,0.913212896998976,0.0,0.0,0.0,0.3070833333333333
2017-07-01,0,0,0,0.2323361063149002,0.4438571428571428,5.7,0.0,2.56,0.0031968640393727,0.0015718075536483,0.006988437883066,0.2371047779079355,0.2609649724800219,1.1079819551471068,0.8,0.8000000000000002,0.7999999999999858,0.3100833333333333
2017-07-02,0,0,0,0.1506956130487881,0.2840845070422535,1.79,0.2,0.79,0.2323361063149002,0.0031968640393727,0.0015718075536483,0.3862285834030753,0.402458864152214,1.238156537810307,0.3,1.1,1.099999999999986,0.3346666666666666
2017-07-03,0,0,0,0.2680824980317098,0.3931944444444444,2.0,0.2,0.59,0.1506956130487881,0.2323361063149002,0.0031968640393727,0.6511142173954124,0.667397747076627,1.4785172739430872,0.5,1.6,1.599999999999986,0.3440416666666666
2017-07-04,0,0,0,0.0035901093707119,0.0055555555555555,0.2,0.0,0.2,0.2680824980317098,0.1506956130487881,0.2323361063149002,0.4223682204512241,0.6664614362421831,1.0699273998798953,0.0,0.8,1.599999999999986,0.3320416666666667
2017-07-05,0,0,0,0.0267968434103419,0.0388888888888888,2.4,0.0,0.79,0.0035901093707119,0.2680824980317098,0.1506956130487881,0.2984694508127778,0.686269841769459,0.7913178407746044,0.0,0.5,1.599999999999986,0.317625
2017-07-06,0,0,0,0.0054166303294177,0.0056338028169014,0.2,0.0,0.2,0.0267968434103419,0.0035901093707119,0.2680824980317098,0.0358035831104858,0.6901146645452284,0.7724409737429448,0.0,0.0,1.599999999999986,0.3039166666666666
2017-07-07,0,0,0,0.0015582664800962,0.0027777777777777,0.2,0.0,0.2,0.0054166303294177,0.0267968434103419,0.0035901093707119,0.0337717402198701,0.6884760669859519,0.7617661082079094,0.0,0.0,1.599999999999986,0.2905416666666666
2017-07-08,0,0,0,0.0015814230960044,0.0028571428571428,0.2,0.0,0.2,0.0015582664800962,0.0054166303294177,0.0267968434103419,0.0085563199055326,0.457721383767056,0.7186863562471135,0.0,0.0,0.7999999999999858,0.276875
2017-07-09,0,0,0,0.0,0.0,0.0,0.0,0.0,0.0015814230960044,0.0015582664800962,0.0054166303294177,0.0031396895761149,0.3070257707182679,0.7094846348705175,0.0,0.0,0.4999999999999858,0.2642083333333333
2017-07-10,0,0,0,0.0,0.0,0.0,0.0,0.0,0.0,0.0015814230960044,0.0015582664800962,0.0015814230960186,0.0389432726865581,0.7063410197632207,0.1,0.1,0.0999999999999858,0.2525
2017-07-11,0,0,0,0.0,0.0,0.0,0.0,0.0,0.0,0.0,0.0015814230960044,0.0,0.0353531633158461,0.7018145995580648,0.0,0.1,0.0999999999999858,0.241625
2017-07-12,0,0,0,0.0,0.0,0.0,0.0,0.0,0.0,0.0,0.0,0.0,0.0085563199055042,0.6948261616749988,0.0,0.1,0.0999999999999858,0.2302499999999999
2017-07-13,0,0,0,0.0040147630454123,0.0029411764705882,0.2,0.0,0.2,0.0,0.0,0.0,0.0040147630454265,0.0071544526214988,0.6972691171667627,0.0,0.0,0.0999999999999858,0.21975
2017-07-14,0,0,0,0.0,0.0,0.0,0.0,0.0,0.0040147630454123,0.0,0.0,0.0040147630454265,0.0055961861414025,0.69407225312739,0.0,0.0,0.0999999999999858,0.2092916666666666
2017-07-15,0,0,0,0.0015814230960044,0.0028571428571428,0.2,0.0,0.2,0.0,0.0040147630454123,0.0,0.0055961861414309,0.0055961861414025,0.4633175699084941,0.0,0.0,0.0999999999999858,0.1980833333333333
2017-07-16,0,0,0,0.001780950170359,0.0028571428571428,0.2,0.0,0.2,0.0015814230960044,0.0,0.0040147630454123,0.0033623732663777,0.0073771363117616,0.314402907030065,0.0,0.0,0.0999999999999858,0.1855833333333333
2017-07-17,0,0,0,0.0,0.0,0.0,0.0,0.0,0.001780950170359,0.0015814230960044,0.0,0.0033623732663777,0.0073771363117616,0.0463204089983552,0.2,0.2,0.1999999999999858,0.1743749999999999
2017-07-18,0,0,0,0.0812985979851589,0.1246376811594202,1.4,0.0,0.2,0.0,0.001780950170359,0.0015814230960044,0.0830795481555322,0.0886757342969205,0.1240288976128022,3.0,3.2,3.199999999999986,0.2205416666666666
2017-07-19,0,0,0,0.0078657953627655,0.0147058823529411,0.2,0.0,0.2,0.0812985979851589,0.0,0.001780950170359,0.0891643933479387,0.0965415296596861,0.1050978495652258,0.1,3.3000000000000003,3.299999999999986,0.287375
2017-07-20,0,0,0,0.0,0.0,0.0,0.0,0.0,0.0078657953627655,0.0812985979851589,0.0,0.0891643933479387,0.0925267666142738,0.099681219235808,0.2,3.3,3.499999999999986,0.28375
2017-07-21,0,0,0,0.0,0.0,0.0,0.0,0.0,0.0,0.0078657953627655,0.0812985979851589,0.0078657953627797,0.0925267666142738,0.0981229527557118,0.0,0.3,3.499999999999986,0.2695
2017-07-22,0,0,0,0.0,0.0,0.0,0.0,0.0,0.0,0.0,0.0078657953627655,0.0,0.0909453435182693,0.0965415296597073,0.0,0.2,3.499999999999986,0.2525416666666666
2017-07-23,0,0,0,0.0,0.0,0.0,0.0,0.0,0.0,0.0,0.0,0.0,0.0891643933479102,0.0965415296597073,0.0,0.0,3.499999999999986,0.238125
2017-07-24,0,0,0,0.0,0.0,0.0,0.0,0.0,0.0,0.0,0.0,0.0,0.0891643933479102,0.0965415296597073,0.0,0.0,3.2999999999999856,0.2202499999999999
2017-07-25,0,0,0,0.0,0.0,0.0,0.0,0.0,0.0,0.0,0.0,0.0,0.0078657953627513,0.0965415296597073,0.0,0.0,0.2999999999999858,0.2034166666666666
2017-07-26,0,0,0,0.0,0.0,0.0,0.0,0.0,0.0,0.0,0.0,0.0,0.0,0.0965415296597073,0.0,0.0,0.1999999999999858,0.188625
2017-07-27,0,0,0,0.0,0.0,0.0,0.0,0.0,0.0,0.0,0.0,0.0,0.0,0.092526766614295,0.0,0.0,0.0,0.1764166666666666
2017-07-28,0,0,0,0.0,0.0,0.0,0.0,0.0,0.0,0.0,0.0,0.0,0.0,0.092526766614295,0.0,0.0,0.0,0.166125
2017-07-29,0,0,0,0.0,0.0,0.0,0.0,0.0,0.0,0.0,0.0,0.0,0.0,0.0909453435182906,0.0,0.0,0.0,0.1562916666666666
2017-07-30,0,0,0,0.0,0.0,0.0,0.0,0.0,0.0,0.0,0.0,0.0,0.0,0.0891643933479315,0.0,0.0,0.0,0.1480833333333333
2017-07-31,0,0,0,0.0,0.0,0.0,0.0,0.0,0.0,0.0,0.0,0.0,0.0,0.0891643933479315,0.0,0.0,0.0,0.140125
2017-08-01,0,0,0,0.0,0.0,0.0,0.0,0.0,0.0,0.0,0.0,0.0,0.0,0.0078657953627726,0.0,0.0,0.0,0.1322916666666666
2017-08-02,0,0,0,0.0,0.0,0.0,0.0,0.0,0.0,0.0,0.0,0.0,0.0,0.0,0.0,0.0,0.0,0.126
2017-08-03,0,0,0,0.8031807626076666,0.8558571428571429,2.17,0.79,1.18,0.0,0.0,0.0,0.8031807626076808,0.8031807626076524,0.8031807626076737,0.6,0.6,0.5999999999999858,0.1237499999999999
2017-08-04,0,0,0,1.09477865086155,1.586521739130435,7.960000000000001,1.0,1.0,0.8031807626076666,0.0,0.0,1.8979594134692308,1.8979594134692024,1.897959413469224,0.6,1.2,1.1999999999999855,0.1467916666666666
2017-08-05,0,0,0,3.2659698598921274,3.609571428571429,10.1,3.4850000000000003,0.79,1.09477865086155,0.8031807626076666,0.0,5.163929273361358,5.16392927336133,5.163929273361351,1.8,3.0,2.999999999999986,0.2255833333333333
2017-08-06,0,0,0,0.0099924823196541,0.0085714285714285,0.4,0.0,0.2,3.2659698598921274,1.09477865086155,0.8031807626076666,4.370740993073345,5.173921755680984,5.173921755681005,0.0,2.4,2.999999999999986,0.2319166666666666
2017-08-07,0,0,0,0.0028836091643027,0.0028985507246376,0.2,0.0,0.2,0.0099924823196541,3.2659698598921274,1.09477865086155,3.2788459513760984,5.176805364845286,5.176805364845308,0.0,1.8,2.999999999999986,0.2142083333333333
2017-08-08,0,0,0,0.0028982506841355,0.0029411764705882,0.2,0.0,0.2,0.0028836091643027,0.0099924823196541,3.2659698598921274,0.0157743421681066,5.179703615529422,5.179703615529443,0.0,0.0,2.999999999999986,0.1945416666666666
2017-08-09,0,0,0,0.0,0.0,0.0,0.0,0.0,0.0028982506841355,0.0028836091643027,0.0099924823196541,0.0057818598484524,5.179703615529422,5.179703615529443,0.0,0.0,2.999999999999986,0.1734166666666666
2017-08-10,0,0,0,0.004646887079025,0.0115942028985507,0.6000000000000001,0.0,0.2,0.0,0.0028982506841355,0.0028836091643027,0.0075451377631748,4.3811697400007805,5.184350502608468,0.0,0.0,2.3999999999999857,0.16025
2017-08-11,0,0,0,0.0,0.0,0.0,0.0,0.0,0.004646887079025,0.0,0.0028982506841355,0.0046468870790392,3.2863910891392307,5.184350502608468,0.0,0.0,1.7999999999999858,0.1514166666666666
2017-08-12,0,0,0,0.007298706833999,0.0088235294117647,0.6000000000000001,0.0,0.4,0.0,0.004646887079025,0.0,0.0119455939130382,0.0277199360811023,5.191649209442468,0.0,0.0,0.0,0.1409166666666666
2017-08-13,0,0,0,0.0285239109518559,0.0344927536231884,2.38,0.0,0.79,0.007298706833999,0.0,0.004646887079025,0.0358226177858691,0.0462513647133041,5.220173120394324,0.0,0.0,0.0,0.1306666666666666
2017-08-14,0,0,0,0.0528531291166742,0.0639130434782608,4.41,0.0,0.79,0.0285239109518559,0.007298706833999,0.0,0.0886757469025434,0.0962208846656756,5.273026249510997,0.1,0.1,0.0999999999999858,0.124625
2017-08-15,1,2,0,8.24902276640726,8.085217391304347,13.19,8.67,3.94,0.0528531291166742,0.0285239109518559,0.007298706833999,8.330399806475803,8.3423454003888,13.522049015918256,3.4,3.5,3.499999999999986,0.16175
2017-08-16,1,2,0,4.51272358323404,4.605797101449276,9.0,4.5600000000000005,0.79,8.24902276640726,0.0528531291166742,0.0285239109518559,12.814599478757987,12.85506898362284,18.034772599152294,4.2,7.7,7.699999999999986,0.23575
2017-08-17,0,0,0,10.309174660077542,10.265072463768115,16.740000000000002,11.62,2.36,4.51272358323404,8.24902276640726,0.0528531291166742,23.07092100971885,23.159596756621355,27.54076649662217,6.9,14.5,14.599999999999987,0.3006666666666667
2017-08-18,0,0,0,0.859349648417241,1.038529411764706,6.6000000000000005,0.4,0.42,10.309174660077542,4.51272358323404,8.24902276640726,15.681247891728836,24.0189464050386,27.305337494177863,4.0,15.1,18.599999999999987,0.3550833333333333
2017-08-19,0,0,0,4.2831369997045705,4.1776470588235295,8.32,4.59,1.57,0.859349648417241,10.309174660077542,4.51272358323404,15.451661308199366,28.29478469790917,28.322504633990302,4.2,15.1,22.799999999999983,0.3990833333333333
2017-08-20,1,3,0,19.410367901773625,18.14044117647059,39.14,18.68,3.35,4.2831369997045705,0.859349648417241,10.309174660077542,24.552854549895446,47.676628688730936,47.72288005344427,8.6,16.799999999999997,31.399999999999984,0.4320416666666666
2017-08-21,0,0,0,5.766849957663267,5.829852941176471,19.83,5.68,1.18,19.410367901773625,4.2831369997045705,0.859349648417241,29.460354859141475,53.39062551727753,53.48684640194323,3.0,15.8,34.29999999999998,0.4684999999999999
2017-08-22,0,0,0,0.6313734657138442,0.9708823529411766,25.44,0.0,0.59,5.766849957663267,19.410367901773625,4.2831369997045705,25.808591325150747,45.77297621658411,54.11532161697294,0.0,11.6,30.899999999999984,0.4504166666666667
2017-08-23,0,0,0,0.1984700699819004,0.2586764705882353,2.8000000000000003,0.0,0.39,0.6313734657138442,5.766849957663267,19.410367901773625,6.596693493359026,41.45872270333197,54.31379168695484,0.0,3.0,26.69999999999999,0.4178333333333333
2017-08-24,0,0,0,0.0724422677754211,0.0911764705882353,1.4,0.0,0.2,0.1984700699819004,0.6313734657138442,5.766849957663267,0.90228580347118,31.22199031102985,54.38158706765124,0.0,0.0,19.799999999999983,0.3850833333333334
2017-08-25,0,0,0,0.0707913031501012,0.088235294117647,1.2000000000000002,0.0,0.2,0.0724422677754211,0.1984700699819004,0.6313734657138442,0.3417036409074371,30.43343196576271,54.45237837080134,0.0,0.0,15.799999999999985,0.3560833333333333
2017-08-26,0,0,0,0.0582546847229542,0.0735294117647058,1.4,0.0,0.2,0.0707913031501012,0.0724422677754211,0.1984700699819004,0.2014882556484909,26.20854965078109,54.503334348690295,0.0,0.0,11.599999999999984,0.330375
2017-08-27,0,0,0,0.0472908805270046,0.0716417910447761,1.2000000000000002,0.0,0.2,0.0582546847229542,0.0707913031501012,0.0724422677754211,0.1763368684000744,6.845472629534479,54.52210131826545,0.0,0.0,2.999999999999986,0.306625
2017-08-28,0,0,0,0.0303834159404793,0.0441176470588235,1.4,0.0,0.2,0.0472908805270046,0.0582546847229542,0.0707913031501012,0.1359289811904524,1.1090060878116912,54.499631605089256,0.0,0.0,0.0,0.2837083333333333
2017-08-29,0,0,0,0.031132366863139,0.044776119402985,1.6,0.0,0.2,0.0303834159404793,0.0472908805270046,0.0582546847229542,0.1088066633306372,0.508764988960986,46.28174120554513,0.0,0.0,0.0,0.2620416666666667
2017-08-30,0,0,0,0.0118328926000479,0.017910447761194,0.6000000000000001,0.0,0.2,0.031132366863139,0.0303834159404793,0.0472908805270046,0.0733486754036805,0.3221278115791335,41.78085051491114,0.0,0.0,0.0,0.2385
2017-08-31,0,0,0,0.0869104218200459,0.1492537313432835,1.2000000000000002,0.0,0.2,0.0118328926000479,0.031132366863139,0.0303834159404793,0.1298756812832472,0.3365959656237583,31.55858627665365,0.0,0.0,0.0,0.231875
2017-09-01,0,0,0,0.0788880651606336,0.1393939393939394,2.6,0.0,0.2,0.0869104218200459,0.0118328926000479,0.031132366863139,0.1776313795807418,0.3446927276342907,30.77812469339704,0.0,0.0,0.0,0.2356666666666666
2017-09-02,0,0,0,0.0055922750346934,0.006060606060606,0.2,0.0,0.2,0.0788880651606336,0.0869104218200459,0.0118328926000479,0.1713907620153873,0.2920303179460299,26.500579968727163,0.0,0.0,0.0,0.2248333333333333
2017-09-03,0,0,0,0.0029988177526516,0.003030303030303,0.2,0.0,0.2,0.0055922750346934,0.0788880651606336,0.0869104218200459,0.0874791579479929,0.2477382551716768,7.093210884706191,0.0,0.0,0.0,0.2041666666666667
2017-09-04,0,0,0,0.0,0.0,0.0,0.0,0.0,0.0029988177526516,0.0055922750346934,0.0788880651606336,0.0085910927873593,0.2173548392311975,1.3263609270429242,0.0,0.0,0.0,0.1834166666666666
2017-09-05,0,0,0,0.0,0.0,0.0,0.0,0.0,0.0,0.0029988177526516,0.0055922750346934,0.0029988177526658,0.1862224723680585,0.6949874613290801,0.0,0.0,0.0,0.163125
2017-09-06,0,0,0,0.0029988177526516,0.003030303030303,0.2,0.0,0.2,0.0,0.0,0.0029988177526516,0.0029988177526658,0.1773883975206621,0.4995162090998312,0.0,0.0,0.0,0.1469166666666666
2017-09-07,0,0,0,0.0,0.0,0.0,0.0,0.0,0.0029988177526516,0.0,0.0,0.0029988177526658,0.0904779757006162,0.42707394132441,0.0,0.0,0.0,0.135
2017-09-08,0,0,0,0.0024927331350507,0.003030303030303,0.2,0.0,0.2,0.0,0.0029988177526516,0.0,0.0054915508877165,0.0140826436750332,0.3587753713093594,0.0,0.0,0.0,0.1243333333333333
2017-09-09,0,0,0,0.0645617881978132,0.0784848484848484,5.18,0.0,0.98,0.0024927331350507,0.0,0.0029988177526516,0.0670545213328781,0.073052156838153,0.3650824747842184,0.0,0.0,0.0,0.1165416666666666
2017-09-10,0,0,0,0.0024927331350507,0.003030303030303,0.2,0.0,0.2,0.0645617881978132,0.0024927331350507,0.0,0.0695472544679288,0.072546072220552,0.3202843273922645,0.0,0.0,0.0,0.1111249999999999
2017-09-11,0,0,0,0.0049854662701014,0.006060606060606,0.4,0.0,0.2,0.0024927331350507,0.0645617881978132,0.0024927331350507,0.0720399876029795,0.0775315384906534,0.2948863777218865,0.0,0.0,0.0,0.1069583333333333
2017-09-12,0,0,0,0.0223099615587037,0.0271212121212121,1.79,0.0,0.59,0.0049854662701014,0.0024927331350507,0.0645617881978132,0.0297881609638701,0.0998415000493572,0.2860639724174513,0.0,0.0,0.0,0.1039166666666666
2017-09-13,0,0,0,0.0024927331350507,0.003030303030303,0.2,0.0,0.2,0.0223099615587037,0.0049854662701014,0.0024927331350507,0.0297881609638701,0.0993354154317563,0.276723812952454,0.0,0.0,0.0,0.1024583333333333
2017-09-14,0,0,0,0.0196925917669005,0.0239393939393939,1.5799999999999998,0.0,1.38,0.0024927331350507,0.0223099615587037,0.0049854662701014,0.0444952864606692,0.1190280071986568,0.2095059828993086,0.0,0.0,0.0,0.1013333333333333
2017-09-15,0,0,0,0.0421271899823568,0.0512121212121212,3.3800000000000003,0.0,0.59,0.0196925917669005,0.0024927331350507,0.0223099615587037,0.0643125148843223,0.158662464045963,0.1727451077210318,0.0,0.0,0.0,0.1001666666666666
2017-09-16,0,0,0,0.0124636656752535,0.0151515151515151,1.0,0.0,0.2,0.0421271899823568,0.0196925917669005,0.0024927331350507,0.0742834474245251,0.1065643415234033,0.1796164983615918,0.0,0.0,0.0,0.0997916666666666
2017-09-17,0,0,0,0.0378895436527706,0.046060606060606,3.04,0.0,1.26,0.0124636656752535,0.0421271899823568,0.0196925917669005,0.0924803993103953,0.1419611520411233,0.2145072242617109,0.0,0.0,0.0,0.0996666666666666
2017-09-18,0,0,0,0.0300198868928072,0.0388059701492537,1.97,0.0,0.98,0.0378895436527706,0.0124636656752535,0.0421271899823568,0.0803730962208457,0.1669955726638292,0.2445271111545182,0.2,0.2,0.1999999999999858,0.1000416666666666
2017-09-19,0,0,0,0.0242297054374659,0.0295522388059701,1.98,0.0,0.6,0.0300198868928072,0.0378895436527706,0.0124636656752535,0.0921391359830581,0.1689153165425913,0.2687568165919841,0.0,0.2,0.1999999999999858,0.1000416666666666
2017-09-20,0,0,0,0.0173244952886023,0.021060606060606,1.39,0.0,0.79,0.0242297054374659,0.0300198868928072,0.0378895436527706,0.0715740876188898,0.183747078696143,0.2830824941279349,0.0,0.2,0.1999999999999858,0.099625
2017-09-21,0,0,0,0.0048948899873668,0.0059701492537313,0.4,0.0,0.2,0.0173244952886023,0.0242297054374659,0.0300198868928072,0.0464490907134493,0.1689493769166093,0.2879773841153017,0.0,0.0,0.1999999999999858,0.0995416666666666
2017-09-22,0,0,0,0.0048948899873668,0.0059701492537313,0.4,0.0,0.2,0.0048948899873668,0.0173244952886023,0.0242297054374659,0.0271142752633503,0.1317170769216193,0.2903795409676178,0.0,0.0,0.1999999999999858,0.0989166666666666
2017-09-23,0,0,0,0.0024474449936834,0.0029850746268656,0.2,0.0,0.2,0.0048948899873668,0.0048948899873668,0.0173244952886023,0.0122372249684313,0.1217008562400492,0.228265197763488,0.2,0.2,0.3999999999999858,0.098625
2017-09-24,0,0,0,0.0,0.0,0.0,0.0,0.0,0.0024474449936834,0.0048948899873668,0.0048948899873668,0.0073423349810644,0.0838113125872785,0.2257724646284374,0.5,0.7,0.8999999999999858,0.1065833333333333
2017-09-25,0,0,0,0.0024474449936834,0.0029850746268656,0.2,0.0,0.2,0.0,0.0024474449936834,0.0048948899873668,0.004894889987381,0.0562388706881546,0.2232344433520194,0.0,0.7,0.6999999999999857,0.1121249999999999
2017-09-26,0,0,0,0.0200941864352645,0.0246969696969697,1.63,0.0,0.63,0.0024474449936834,0.0,0.0024474449936834,0.0225416314289621,0.0521033516859532,0.2210186682285801,0.0,0.5,0.6999999999999857,0.1090416666666666
2017-09-27,0,0,0,0.0048948899873668,0.0059701492537313,0.4,0.0,0.2,0.0200941864352645,0.0024474449936834,0.0,0.027436521416329,0.0396737463847177,0.2234208250808963,0.1,0.1,0.7999999999999857,0.1087916666666666
2017-09-28,0,0,0,0.3308580548689846,0.2598507462686567,3.01,0.2,0.59,0.0048948899873668,0.0200941864352645,0.0024474449936834,0.3558471312916302,0.3656369112663355,0.5345862881829804,0.7,0.7999999999999999,1.4999999999999858,0.108375
2017-09-29,0,0,0,0.944280931401711,0.8492537313432835,9.55,0.6000000000000001,9.35,0.3308580548689846,0.0048948899873668,0.0200941864352645,1.2800338762580767,1.3050229526806796,1.4367400296023345,8.3,9.1,9.799999999999986,0.1174166666666666
2017-09-30,1,2,2,29.231274889817843,26.876615384615384,48.08,27.35,9.78,0.944280931401711,0.3308580548689846,0.0048948899873668,30.506413876088555,30.53385039750484,30.655551253744925,22.0,31.0,31.599999999999987,0.4354583333333333
2017-10-01,0,0,0,6.673104069742722,6.768615384615385,27.52,4.33,2.75,29.231274889817843,0.944280931401711,0.3308580548689846,36.848659890962296,37.20695446724756,37.29076577983488,0.3,30.6,31.399999999999988,0.4160416666666666
2017-10-02,0,0,0,14.362334349811327,11.29818181818182,25.16,11.885000000000002,4.72,6.673104069742722,29.231274889817843,0.944280931401711,50.26671330937191,51.566841372065205,51.6230802427534,5.0,27.3,36.399999999999984,0.3773333333333333
2017-10-03,0,0,0,1.7367722589484809,1.829692307692308,13.0,1.39,2.95,14.362334349811327,6.673104069742722,29.231274889817843,22.772210678502542,53.28351944457842,53.33562279626441,2.2,7.4999999999999964,38.59999999999999,0.3814166666666667
2017-10-04,0,0,0,0.2082799432629056,0.2799999999999999,6.2,0.0,0.2,1.7367722589484809,14.362334349811327,6.673104069742722,16.30738655202273,53.48690449785396,53.52657824423871,0.0,7.199999999999997,38.49999999999999,0.3454166666666666
2017-10-05,0,0,0,0.1799377564113751,0.265625,10.0,0.0,0.2,0.2082799432629056,1.7367722589484809,14.362334349811327,2.124989958622776,53.33598419939635,53.70162111066273,0.1,2.2999999999999967,37.899999999999984,0.2991666666666667
2017-10-06,0,0,0,2.6830418866093213,2.609846153846154,52.13,0.0,12.01,0.1799377564113751,0.2082799432629056,1.7367722589484809,3.0712595862836167,55.07474515460396,56.37976810728468,1.5,1.5999999999999963,31.099999999999987,0.2560833333333333
2017-10-07,0,0,0,8.408722934124182,9.24246153846154,32.910000000000004,8.51,5.9,2.6830418866093213,0.1799377564113751,0.2082799432629056,11.271702577144891,34.2521931989103,64.78604359641517,9.4,10.999999999999996,18.499999999999982,0.2519583333333333
2017-10-08,0,0,0,3.31439161897263,4.0200000000000005,21.81,0.6000000000000001,13.63,8.408722934124182,2.6830418866093213,0.1799377564113751,14.406156439706148,30.89348074814021,68.1004352153878,4.7,15.599999999999998,22.899999999999984,0.2737083333333333
2017-10-09,0,0,0,0.3497792526029191,0.3943076923076923,5.4,0.0,0.59,3.31439161897263,8.408722934124182,2.6830418866093213,12.072893805699747,16.880925650931797,68.44776702299704,2.7,16.799999999999997,20.599999999999987,0.2785833333333333
2017-10-10,1,3,2,3.957572969304288,4.380769230769231,26.78,1.0,13.63,0.3497792526029191,3.31439161897263,8.408722934124182,7.621743840879853,19.101726361287607,72.38524580586606,2.4,9.799999999999995,20.799999999999983,0.2544583333333333
2017-10-11,1,4,2,6.044921815344158,5.178333333333333,32.980000000000004,1.6,14.48,3.957572969304288,0.3497792526029191,3.31439161897263,10.35227403725138,24.93836823336886,78.42527273122285,0.3,5.399999999999997,21.099999999999987,0.2250833333333333
2017-10-12,0,0,0,1.2423751889386592,1.0441538461538462,12.0,0.0,4.17,6.044921815344158,3.957572969304288,0.3497792526029191,11.24486997358712,26.00080566589614,79.33678986529253,1.6,4.299999999999996,22.599999999999984,0.1989583333333333
2017-10-13,0,0,0,4.079188715876552,2.894307692307692,15.06,1.57,9.55,1.2423751889386592,6.044921815344158,3.957572969304288,11.366485720159384,27.396952495163376,82.47169764976738,0.2,2.0999999999999965,21.299999999999983,0.1665416666666666
2017-10-14,0,0,0,0.7262814448039975,0.8574603174603175,9.7,0.4,2.56,4.079188715876552,1.2423751889386592,6.044921815344158,6.047845349619225,19.71451100584319,53.966704204753526,1.9,3.6999999999999966,13.799999999999986,0.1662916666666666
2017-10-15,0,0,0,0.3974815560723999,0.4788888888888889,4.38,0.2,1.59,0.7262814448039975,4.079188715876552,1.2423751889386592,5.202951716752965,16.797600942942957,47.6910816910832,0.2,2.2999999999999963,9.299999999999986,0.2218333333333333
2017-10-16,0,0,0,0.0222911080882371,0.03125,0.4,0.0,0.2,0.3974815560723999,0.7262814448039975,4.079188715876552,1.1460541089646503,16.47011279842828,33.35103844936011,0.0,2.099999999999996,6.599999999999985,0.2262499999999999
2017-10-17,0,0,0,0.3355997548808672,0.4809374999999999,29.78,0.0,18.81,0.0222911080882371,0.3974815560723999,0.7262814448039975,0.7553724190415202,12.848139584004857,31.949865945292498,0.0,0.1999999999999964,4.199999999999985,0.205375
2017-10-18,0,0,0,0.0964734444648178,0.1627692307692307,9.98,0.0,5.81,0.3355997548808672,0.0222911080882371,0.3974815560723999,0.4543643074339381,6.899691213125517,31.83805944649441,0.0,0.0,3.899999999999986,0.1722083333333333
2017-10-19,0,0,0,0.0156349549044295,0.0343076923076923,1.04,0.0,0.84,0.0964734444648178,0.3355997548808672,0.0222911080882371,0.4477081542501305,5.672950979091287,31.673756644987467,0.0,0.0,2.2999999999999856,0.1386666666666666
2017-10-20,0,0,0,0.0816221424191247,0.125625,2.64,0.0,1.46,0.0156349549044295,0.0964734444648178,0.3355997548808672,0.193730541788388,1.6753844056338596,29.07233690079727,2.7,2.6999999999999966,4.7999999999999865,0.1345416666666666
2017-10-21,0,0,0,0.6033266458858816,0.6504615384615384,3.77,0.4,1.97,0.0816221424191247,0.0156349549044295,0.0964734444648178,0.7005837432094518,1.5524296067157437,21.26694061255897,1.1,3.7999999999999967,3.999999999999986,0.2101666666666666
2017-10-22,0,0,0,3.259732135304971,3.4086153846153846,11.9,3.6,4.33,0.6033266458858816,0.0816221424191247,0.0156349549044295,3.944680923609993,4.414680185948315,21.21228112889131,12.6,16.399999999999995,16.399999999999984,0.248
2017-10-23,0,0,0,0.5133234805317457,0.6630158730158731,2.4000000000000004,0.4,0.79,3.259732135304971,0.6033266458858816,0.0816221424191247,4.376382261722615,4.905712558391823,21.375825356820137,1.6,15.299999999999995,17.999999999999986,0.3042916666666667
2017-10-24,0,0,0,0.0645900549025909,0.10546875,3.55,0.0,1.18,0.5133234805317457,3.259732135304971,0.6033266458858816,3.8376456707393234,4.634702858413547,17.48284244241844,0.4,14.599999999999996,18.399999999999988,0.296375
2017-10-25,0,0,0,0.7320911999457607,1.36,21.56,0.0,8.54,0.0645900549025909,0.5133234805317457,3.259732135304971,1.310004735380114,5.27032061389449,12.17001182702004,0.5,2.4999999999999964,18.899999999999988,0.276875
2017-10-26,1,8,5,27.997118730075016,26.46076923076923,55.26,32.370000000000005,13.65,0.7320911999457607,0.0645900549025909,0.5133234805317457,28.793799984923385,33.25180438906508,38.9247553681564,1.4,2.2999999999999963,20.299999999999983,0.3969166666666666
2017-10-27,0,0,0,4.215758264103013,4.524461538461539,19.71,3.75,6.19,27.997118730075016,0.7320911999457607,0.0645900549025909,32.94496819412381,37.38594051074896,39.06132491638286,7.3,9.199999999999996,24.899999999999984,0.4288333333333333
2017-10-28,0,0,0,0.6640011508974648,0.8153846153846154,11.59,0.4,1.22,4.215758264103013,27.997118730075016,0.7320911999457607,32.87687814507552,37.44661501576054,38.999044622476326,0.4,9.099999999999996,24.199999999999985,0.39125
2017-10-29,0,0,0,0.1232632579060597,0.26078125,4.92,0.0,0.98,0.6640011508974648,4.215758264103013,27.997118730075016,5.003022672906556,34.31014613836163,38.72482632430999,3.4,11.099999999999996,14.999999999999986,0.3852916666666666
2017-10-30,0,0,0,0.720762225527919,0.9444444444444444,4.9,0.6000000000000001,2.17,0.1232632579060597,0.6640011508974648,4.215758264103013,1.5080266343314612,34.517584883357806,39.42329744174967,5.1,8.899999999999997,18.499999999999982,0.446375
2017-10-31,0,0,0,4.64281092871292,3.8255384615384616,17.14,2.17,6.7,0.720762225527919,0.1232632579060597,0.6640011508974648,5.486836412146916,39.09580575716814,43.73050861558172,2.4,10.899999999999997,20.499999999999982,0.4464583333333333
2017-11-01,0,0,0,0.6624292585294778,0.9929850746268656,7.51,0.6000000000000001,0.79,4.64281092871292,0.720762225527919,0.1232632579060597,6.0260024127703335,39.02614381575185,44.29646442964639,0.3,7.799999999999997,20.299999999999983,0.4136249999999999
2017-11-02,0,0,0,0.0671001124646734,0.10875,2.97,0.0,0.59,0.6624292585294778,4.64281092871292,0.720762225527919,5.372340299707089,11.096125198141513,44.34792958720662,0.0,2.699999999999997,18.899999999999984,0.3582916666666667
2017-11-03,0,0,0,0.0723256604667845,0.09046875,1.79,0.0,0.39,0.0671001124646734,0.6624292585294778,4.64281092871292,0.8018550314609534,6.952692594505285,44.33863310525428,0.0,0.2999999999999973,11.599999999999984,0.30575
2017-11-04,1,11,8,21.4623563212734,15.737619047619049,46.190000000000005,13.77,14.48,0.0723256604667845,0.0671001124646734,0.6624292585294778,21.60178209420487,27.751047764881218,65.19766278064179,4.3,4.299999999999997,15.499999999999986,0.271625
2017-11-05,0,0,0,6.330459172351263,7.131428571428572,34.87,2.17,2.16,21.4623563212734,0.0723256604667845,0.0671001124646734,27.86514115409146,33.95824367932642,68.26838981768809,2.7,6.999999999999997,14.799999999999986,0.3436666666666666
2017-11-06,0,0,0,0.556817863665282,0.471875,8.4,0.2,0.42,6.330459172351263,21.4623563212734,0.0723256604667845,28.34963335728996,33.79429931746378,68.31188420082162,0.6,7.599999999999997,10.299999999999985,0.381375
2017-11-07,0,0,0,0.1373845136093783,0.1795238095238095,6.31,0.0,1.57,0.556817863665282,6.330459172351263,21.4623563212734,7.024661549625941,29.288872902360243,68.38467865952842,0.0,3.2999999999999976,7.899999999999986,0.3711666666666666
2017-11-08,0,0,0,0.0376597467954858,0.0584615384615384,1.0,0.0,0.2,0.1373845136093783,0.556817863665282,6.330459172351263,0.7318621240701638,28.66410339062625,67.69024720637813,0.0,0.5999999999999973,7.599999999999985,0.3512916666666666
2017-11-09,1,2,0,5.0718323123035125,5.1998412698412695,29.3,2.16,14.57,0.0376597467954858,0.1373845136093783,0.556817863665282,5.246876572708395,33.668835590465086,44.76496078860663,18.5,18.5,26.099999999999987,0.3987083333333333
2017-11-10,1,1,1,1.350909056865666,2.21203125,16.35,0.4,9.67,5.0718323123035125,0.0376597467954858,0.1373845136093783,6.460401115964682,34.94741898686397,41.90011158136929,9.2,27.7,35.29999999999998,0.449625
2017-11-11,0,0,0,11.864201491720683,10.8840625,32.44,12.36,8.72,1.350909056865666,5.0718323123035125,0.0376597467954858,18.28694286088988,25.349264157311257,53.10031192219251,6.1,33.8,37.09999999999999,0.4694583333333333
2017-11-12,0,0,0,0.2683947654385761,0.3385714285714286,5.91,0.0,2.36,11.864201491720683,1.350909056865666,5.0718323123035125,13.48350531402494,19.287199750398567,53.24544342972503,0.0,15.299999999999995,34.39999999999999,0.4137916666666667
2017-11-13,0,0,0,0.0425911483141752,0.0684375,1.78,0.0,0.4,0.2683947654385761,11.864201491720683,1.350909056865666,12.175187405473451,18.772973035047464,52.56727235251128,0.0,6.099999999999996,33.79999999999999,0.352
2017-11-14,0,0,0,0.1186086310256927,0.1806153846153846,9.34,0.0,1.19,0.0425911483141752,0.2683947654385761,11.864201491720683,0.4295945447784601,18.75419715246377,48.04307005482406,0.0,0.0,33.79999999999999,0.30275
2017-11-15,0,0,0,0.162792780616403,0.28109375,8.9,0.0,4.33,0.1186086310256927,0.0425911483141752,0.2683947654385761,0.323992559956287,18.87933018628469,47.54343357691098,0.0,0.0,33.79999999999999,0.2609583333333333
2017-11-16,1,5,5,3.3942361245143218,4.7549206349206345,46.470000000000006,0.2,17.69,0.162792780616403,0.1186086310256927,0.0425911483141752,3.6756375361564335,17.201733998495502,50.87056958896063,0.8,0.7999999999999965,16.099999999999984,0.2292916666666666
2017-11-17,1,6,5,20.450676668019327,14.7940625,52.43,13.21,13.91,3.3942361245143218,0.162792780616403,0.1186086310256927,24.00770557315007,36.301501609649165,71.24892059651316,2.4,3.1999999999999966,9.299999999999986,0.250625
2017-11-18,1,13,10,22.69647349997676,17.845238095238095,52.58,18.9,18.31,20.450676668019327,3.3942361245143218,0.162792780616403,46.54138629251042,47.13377361790524,72.48303777521653,14.2,17.399999999999995,17.399999999999984,0.393125
2017-11-19,0,0,0,15.17927690628043,14.255538461538462,55.23,9.85,10.2,22.69647349997676,20.450676668019327,3.3942361245143218,58.32642707427654,62.0446557587471,81.3318555091457,10.1,26.7,27.499999999999982,0.454375
2017-11-20,0,0,0,2.890793491935803,2.39828125,24.96,1.2000000000000002,3.35,15.17927690628043,22.69647349997676,20.450676668019327,40.76654389819301,64.89285810236872,83.66583113741622,2.5,26.8,29.999999999999982,0.461625
2017-11-21,1,7,2,15.374525956479776,8.333538461538463,39.19,1.8,18.13,2.890793491935803,15.17927690628043,22.69647349997676,33.444596354696024,80.1487754278228,98.90297258028662,4.2,16.799999999999997,34.19999999999999,0.4715833333333333
2017-11-22,0,0,0,9.75066210521224,10.86328125,35.8,7.455,9.34,15.374525956479776,2.890793491935803,15.17927690628043,28.01598155362784,89.73664475241864,108.61597493870336,2.1,8.799999999999997,36.29999999999998,0.4901666666666666
2017-11-23,0,0,0,0.7581957476181915,1.0618181818181818,33.51,0.2,8.11,9.75066210521224,15.374525956479776,2.890793491935803,25.883383809310224,87.10060437552251,104.30233837401803,0.6,6.899999999999997,36.09999999999999,0.4785
2017-11-24,0,0,0,1.1730014777101374,1.6863636363636365,56.86,0.0,56.86,0.7581957476181915,9.75066210521224,15.374525956479776,11.681859330540588,67.82292918521333,104.12443079486252,0.2,2.8999999999999964,33.899999999999984,0.4419166666666667
2017-11-25,0,0,0,0.1310795065743034,0.23453125,4.390000000000001,0.0,0.59,1.1730014777101374,0.7581957476181915,9.75066210521224,2.0622767319026503,45.25753519181087,92.39130880971616,0.1,0.8999999999999965,19.799999999999983,0.407125
2017-11-26,0,0,0,4.857341410260524,4.33390625,19.71,3.35,5.8,0.1310795065743034,1.1730014777101374,0.7581957476181915,6.161422394544983,34.93559969579096,96.98025545453808,10.5,10.799999999999995,20.19999999999999,0.4243333333333334
2017-11-27,1,15,2,26.266776467049013,22.41907692307692,62.73,25.01,11.39,4.857341410260524,0.1310795065743034,1.1730014777101374,31.25519738388386,58.31158267090417,123.20444077327292,12.9,23.5,30.599999999999987,0.4848333333333333
2017-11-28,0,0,0,0.9349070639550918,1.3074603174603174,22.93,0.2,1.68,26.266776467049013,4.857341410260524,0.1310795065743034,32.05902494126465,43.87196377837949,124.02073920620232,0.4,23.8,26.79999999999999,0.4857499999999999
2017-11-29,0,0,0,0.2375332252827051,0.3493846153846154,6.42,0.0,1.89,0.9349070639550918,26.266776467049013,4.857341410260524,27.439216756286832,34.35883489844996,124.09547965086864,0.1,13.399999999999997,24.79999999999999,0.45025
2017-11-30,0,0,0,0.0938008861738879,0.1815151515151515,4.2,0.0,0.79,0.2375332252827051,0.9349070639550918,26.266776467049013,1.2662411754117062,33.69444003700565,120.79504441252818,0.3,0.7999999999999965,24.49999999999999,0.4165833333333333
2017-12-01,0,0,0,0.1864022259334398,0.3022388059701492,3.4000000000000004,0.0,1.18,0.0938008861738879,0.2375332252827051,0.9349070639550918,0.5177363373900543,32.70784078522895,100.53076997044232,14.0,14.399999999999997,38.29999999999999,0.43825
2017-12-02,0,0,0,0.1615783127184236,0.2401470588235294,2.2,0.0,0.59,0.1864022259334398,0.0938008861738879,0.2375332252827051,0.4417814248257727,32.73833959137307,77.99587478318396,0.9,15.199999999999998,39.09999999999999,0.4756249999999999
2017-12-03,0,0,0,0.0808131643118228,0.1331818181818181,4.59,0.0,0.84,0.1615783127184236,0.1864022259334398,0.0938008861738879,0.4287937029637075,27.96181134542437,62.89741104121536,0.7,15.599999999999996,29.299999999999983,0.456375
2017-12-04,0,0,0,0.087141800733521,0.1569696969696969,4.0,0.0,3.61,0.0808131643118228,0.1615783127184236,0.1864022259334398,0.3295332777637887,1.782176679108878,60.09375935001308,0.1,1.6999999999999964,16.49999999999999,0.4304583333333333
2017-12-05,0,0,0,0.1696845408836805,0.2512307692307692,15.13,0.0,2.16,0.087141800733521,0.0808131643118228,0.1615783127184236,0.3376395059290457,1.0169541560374666,44.88891793441699,0.8,1.5999999999999963,16.89999999999999,0.4000416666666666
2017-12-06,0,0,0,0.1912426413560395,0.2993846153846154,12.61,0.0,1.77,0.1696845408836805,0.087141800733521,0.0808131643118228,0.4480689829732623,0.9706635721108012,35.329498470560786,1.1,1.999999999999997,17.899999999999988,0.375625
2017-12-07,0,0,0,3.262612317097801,3.420923076923077,35.04,0.8,10.98,0.1912426413560395,0.1696845408836805,0.087141800733521,3.6235394993375434,4.139475003034715,37.8339150400404,9.8,11.699999999999998,27.399999999999988,0.4029166666666666
2017-12-08,1,4,2,11.695065854367,9.841212121212122,32.36,7.625,16.04,3.262612317097801,0.1912426413560395,0.1696845408836805,15.148920812820862,15.648138631468274,48.35597941669726,9.0,19.9,22.399999999999988,0.4858333333333333
2017-12-09,0,0,0,1.089960287331932,1.2067692307692308,16.17,0.0,0.59,11.695065854367,3.262612317097801,0.1912426413560395,16.047638458796754,16.576520606081782,49.31486019745488,2.2,21.0,23.69999999999999,0.45975
2017-12-10,1,1,1,3.817796256978079,2.513384615384616,21.07,0.6000000000000001,11.59,1.089960287331932,11.695065854367,3.262612317097801,16.60282239867703,20.31350369874804,48.27531504417244,0.6,11.799999999999995,23.599999999999987,0.42275
2017-12-11,0,0,0,1.952580164959055,2.1272727272727274,29.34,0.395,3.94,3.817796256978079,1.089960287331932,11.695065854367,6.860336709269087,22.17894206297357,23.961118742082483,6.0,8.799999999999997,29.49999999999999,0.40675
2017-12-12,0,0,0,0.5754504839657819,0.8901562500000001,6.2,0.2,0.79,1.952580164959055,3.817796256978079,1.089960287331932,6.345826905902937,22.584708006055678,23.601662162093174,0.9,7.4999999999999964,29.599999999999987,0.4412083333333333
2017-12-13,0,0,0,0.1369306615501574,0.144375,4.4,0.0,0.63,0.5754504839657819,1.952580164959055,3.817796256978079,2.664961310475016,22.530396026249797,23.501059598360623,0.0,6.899999999999997,28.499999999999982,0.4242083333333333
2017-12-14,0,0,0,0.0916992482336133,0.0934375,3.2,0.0,0.59,0.1369306615501574,0.5754504839657819,1.952580164959055,0.804080393749574,19.359482957385605,23.49895796042035,0.0,0.8999999999999965,18.69999999999999,0.3838333333333333
2017-12-15,0,0,0,0.3428302722138429,0.63828125,25.61,0.0,13.24,0.0916992482336133,0.1369306615501574,0.5754504839657819,0.571460181997635,8.007247375232447,23.655386006700752,0.0,0.0,9.699999999999989,0.3404583333333333
2017-12-16,0,0,0,3.199290285686025,2.149375,20.85,0.0,6.7,0.3428302722138429,0.0916992482336133,0.1369306615501574,3.633819806133503,10.11657737358654,26.69309797966835,0.0,0.0,7.499999999999988,0.311
2017-12-17,1,2,0,0.2285482339632218,0.2155384615384615,8.4,0.0,0.59,3.199290285686025,0.3428302722138429,0.0916992482336133,3.770668791863111,6.527329350571684,26.840833049319755,3.4,3.3999999999999964,10.299999999999986,0.2815416666666666
2017-12-18,0,0,0,13.124272623960575,9.86109375,40.72,5.425000000000001,10.38,0.2285482339632218,3.199290285686025,0.3428302722138429,16.552111143609846,17.699021809573207,39.87796387254681,4.2,7.599999999999996,8.499999999999988,0.2969583333333334
2017-12-19,0,0,0,0.5448287932450866,0.65890625,13.59,0.0,0.98,13.124272623960575,0.2285482339632218,3.199290285686025,13.897649651168908,17.66840011885251,40.253108124908216,2.3,9.899999999999997,9.899999999999988,0.3552083333333333
2017-12-20,1,10,4,9.743629095881229,9.354603174603175,38.13,7.84,10.17,0.5448287932450866,13.124272623960575,0.2285482339632218,23.412730513086917,27.275098553183582,49.8054945794334,4.1,10.599999999999996,13.999999999999986,0.3819166666666667
2017-12-21,0,0,0,18.92071561717084,17.053968253968254,53.92,16.0,16.43,9.743629095881229,0.5448287932450866,13.124272623960575,29.20917350629717,46.1041149221208,65.46359787950644,10.0,16.4,23.999999999999982,0.4647916666666666
2017-12-22,0,0,0,2.624438505557418,3.0696875,17.2,1.8,6.49,18.92071561717084,9.743629095881229,0.5448287932450866,31.2887832186095,48.385723155464376,56.392970530696864,6.2,20.3,30.199999999999985,0.4727916666666666
2017-12-23,0,0,0,0.4342775847929687,0.6731746031746032,7.48,0.0,2.36,2.624438505557418,18.92071561717084,9.743629095881229,21.979431707521243,45.62071045457132,55.737287828157896,0.0,16.2,30.199999999999985,0.4473333333333333
2017-12-24,0,0,0,0.230198999256053,0.5336507936507937,5.3100000000000005,0.0,3.54,0.4342775847929687,2.624438505557418,18.92071561717084,3.2889150896064576,45.62236121986415,52.14969057043587,0.1,6.299999999999998,26.899999999999988,0.4293333333333333
2017-12-25,1,8,4,16.25804758066186,13.2796875,47.32,10.445,20.38,0.230198999256053,0.4342775847929687,2.624438505557418,16.9225241647109,48.75613617656544,66.45515798613869,7.8,7.899999999999998,30.499999999999982,0.4415416666666666
2017-12-26,1,2,1,10.098169923348292,8.981230769230768,38.88,4.94,11.18,16.25804758066186,0.230198999256053,0.4342775847929687,26.58641650326622,58.30947730666864,75.97787742552119,9.7,17.599999999999998,37.899999999999984,0.4860833333333333
2017-12-27,0,0,0,0.9332538028575216,1.163709677419355,8.74,0.2,2.95,10.098169923348292,16.25804758066186,0.230198999256053,27.28947130686769,49.49910201364494,76.77420056682854,9.3,26.8,43.09999999999999,0.4760833333333333
2017-12-28,0,0,0,3.180712405656016,2.079516129032258,12.23,1.3000000000000005,2.17,0.9332538028575216,10.098169923348292,16.25804758066186,14.212136131861849,33.75909880213011,79.86321372425095,10.6,29.6,43.69999999999999,0.4814583333333333
2017-12-29,0,0,0,3.669053171549822,3.7656451612903226,15.21,3.7,3.0,3.180712405656016,0.9332538028575216,10.098169923348292,7.783019380063377,34.80371346812252,83.18943662358693,13.6,33.5,51.09999999999998,0.4814583333333333
2017-12-30,0,0,0,12.785492771526323,10.659180327868851,21.65,12.0,7.1,3.669053171549822,3.180712405656016,0.9332538028575216,19.63525834873218,47.15492865485587,92.77563910942725,22.4,46.6,73.49999999999997,0.4705416666666666
2017-12-31,1,2,2,15.256075320535023,13.88016129032258,36.67,13.52,11.79,12.785492771526323,3.669053171549822,3.180712405656016,31.710621263611188,62.18080497613485,107.80316619599904,13.4,49.4,86.79999999999998,0.4827083333333333
2018-01-01,0,0,0,1.2936161182873815,1.841147540983607,18.99,0.0,0.59,15.256075320535023,12.785492771526323,3.669053171549822,29.335184210348743,47.21637351376037,95.97250969032584,1.6,37.4,80.6,0.4715
2018-01-02,1,3,0,2.8369004875267354,1.933492063492064,10.2,0.99,5.39,1.2936161182873815,15.256075320535023,12.785492771526323,19.38659192634916,39.955104077938806,98.26458138460748,1.1,16.1,71.99999999999999,0.4507916666666667
2018-01-03,1,4,1,14.23195518971097,9.566984126984128,26.12,9.0,9.57,2.8369004875267354,1.2936161182873815,15.256075320535023,18.362471795525103,53.25380546479226,102.75290747843724,3.4,6.1,66.09999999999998,0.4687083333333333
2018-01-04,0,0,0,0.8597342158335237,1.12734375,12.6,0.2,0.39,14.23195518971097,2.8369004875267354,1.2936161182873815,17.928589893071244,50.93282727496976,84.69192607709992,0.0,4.5,55.49999999999999,0.4544166666666667
2018-01-05,0,0,0,0.1430127630842226,0.2243076923076923,4.2,0.0,0.98,0.8597342158335237,14.23195518971097,2.8369004875267354,15.234702168628733,47.40678686650416,82.21050033462672,3.0,6.4,44.899999999999984,0.4235
2018-01-06,0,0,0,1.2158359724568346,1.1217741935483871,22.84,0.4,5.51,0.1430127630842226,0.8597342158335237,14.23195518971097,2.218582951374597,35.83713006743468,82.9920587222906,9.4,12.4,31.899999999999984,0.4357083333333333
2018-01-07,1,6,1,15.357770212949374,12.885645161290322,31.69,11.17,2.36,1.2158359724568346,0.1430127630842226,0.8597342158335237,16.716618948490446,35.93882495984902,98.11962993598392,12.0,24.4,30.499999999999982,0.4972083333333333
2018-01-08,1,4,0,12.203605500258234,10.82741935483871,24.97,12.25,3.74,15.357770212949374,1.2158359724568346,0.1430127630842226,28.77721168566446,46.84881434181988,94.06518785558028,25.5,46.9,54.399999999999984,0.4797916666666666
2018-01-09,1,1,0,3.31578992394507,3.808870967741936,13.8,2.9850000000000003,2.16,12.203605500258234,15.357770212949374,1.2158359724568346,30.877165637152697,47.32770377823821,87.28280785617706,11.7,49.2,64.99999999999999,0.4670416666666666
2018-01-10,1,3,3,7.573565255243562,5.536666666666667,50.2,1.6,21.05,3.31578992394507,12.203605500258234,15.357770212949374,23.09296067944688,40.6693138437708,93.9231193085631,0.6,37.8,62.19999999999998,0.4525416666666667
2018-01-11,1,8,6,10.578792025167235,5.9275,34.96,2.875,11.79,7.573565255243562,3.31578992394507,12.203605500258234,21.468147204355883,50.388371653104514,101.32119892807432,5.3,17.599999999999998,67.49999999999999,0.4617083333333333
2018-01-12,0,0,0,0.4275365192870879,0.7516129032258064,12.8,0.0,0.2,10.578792025167235,7.573565255243562,3.31578992394507,18.579893799697903,50.67289540930739,98.0796822758116,1.3,7.199999999999999,65.79999999999998,0.4785416666666666
2018-01-13,0,0,0,0.7481518731038516,0.8311290322580646,5.2,0.6000000000000001,0.79,0.4275365192870879,10.578792025167235,7.573565255243562,11.754480417558192,50.2052113099544,86.04234137738912,2.3,8.899999999999999,58.69999999999998,0.4544583333333333
2018-01-14,1,1,1,2.53899811662488,2.72046875,18.98,1.095,10.6,0.7481518731038516,0.4275365192870879,10.578792025167235,3.714686509015835,37.3864392136299,73.32526417347897,11.2,14.799999999999995,57.899999999999984,0.4438333333333333
2018-01-15,0,0,0,0.2720822430270317,0.5584375,12.59,0.0,1.18,2.53899811662488,0.7481518731038516,0.4275365192870879,3.559232232755779,25.4549159563987,72.30373029821862,7.2,20.7,39.59999999999999,0.44475
2018-01-16,1,7,4,13.337963766557408,5.2109375,42.5,0.7000000000000001,23.39,0.2720822430270317,2.53899811662488,0.7481518731038516,16.149044126209336,35.47708979901104,82.80479357724928,12.3,30.7,40.19999999999999,0.4747916666666666
2018-01-17,1,1,0,4.937859597941381,4.02952380952381,24.22,2.37,13.01,13.337963766557408,0.2720822430270317,2.53899811662488,18.54790560752584,32.84138414170886,73.51069798547971,6.0,25.5,45.59999999999998,0.465125
2018-01-18,0,0,0,0.3641013738358479,0.5825396825396826,4.2,0.2,1.18,4.937859597941381,13.337963766557408,0.2720822430270317,18.639924738334653,22.62669349037747,73.01506514348203,7.5,25.8,47.79999999999998,0.4531666666666666
2018-01-19,1,5,0,4.2402483084431735,5.055238095238096,28.26,2.36,8.78,0.3641013738358479,4.937859597941381,13.337963766557408,9.54220928022042,26.43940527953356,77.11230068884097,8.6,22.099999999999994,55.09999999999998,0.4582083333333333
2018-01-20,1,7,7,7.117724805356008,6.80640625,66.68,1.285,28.46,4.2402483084431735,0.3641013738358479,4.937859597941381,11.722074487635044,32.808978211785714,83.01418952174015,13.2,29.3,65.99999999999999,0.4865833333333333
2018-01-21,1,11,4,10.306303431883656,6.361746031746032,46.97,2.17,12.6,7.117724805356008,4.2402483084431735,0.3641013738358479,21.664276545682856,40.57628352704449,77.96272274067444,4.3,26.099999999999994,59.09999999999998,0.4557083333333333
2018-01-22,0,0,0,4.109463601909324,5.055161290322581,44.54,1.78,15.42,10.306303431883656,7.117724805356008,4.2402483084431735,21.533491839149008,44.41366488592679,69.86858084232553,3.9,21.399999999999995,55.79999999999998,0.4364166666666667
2018-01-23,1,15,4,12.62783563350471,10.460983606557376,51.55,6.4,14.7,4.109463601909324,10.306303431883656,7.117724805356008,27.043602667297705,43.703536752874086,79.18062655188517,1.6,9.799999999999995,45.09999999999999,0.4186666666666667
2018-01-24,1,1,0,1.220710939738063,1.578360655737705,15.44,0.4,6.04,12.62783563350471,4.109463601909324,10.306303431883656,17.958010175152115,39.986388094670765,72.82777223637967,23.4,28.899999999999995,62.49999999999998,0.4260416666666666
2018-01-25,0,0,0,0.6253458274626638,1.367258064516129,44.97,0.0,31.68,1.220710939738063,12.62783563350471,4.109463601909324,14.473892400705454,40.24763254829758,62.87432603867509,3.5,28.5,58.49999999999999,0.4644583333333333
2018-01-26,0,0,0,1.2870548027373747,2.214426229508197,13.82,0.8,2.75,0.6253458274626638,1.220710939738063,12.62783563350471,3.13311156993812,37.29443904259178,63.73384432212538,1.6,28.5,51.49999999999999,0.4837083333333333
2018-01-27,0,0,0,1.1533740956761014,1.417741935483871,13.6,0.3,0.79,1.2870548027373747,0.6253458274626638,1.220710939738063,3.0657747258761576,31.330088332911878,64.13906654469763,0.3,5.399999999999997,38.59999999999998,0.4779166666666666
2018-01-28,1,2,2,0.9201278401973578,1.6865573770491804,22.44,0.0,11.59,1.1533740956761014,1.2870548027373747,0.6253458274626638,3.3605567386108515,21.943912741225574,62.520196268270105,7.0,8.899999999999997,41.29999999999998,0.4765833333333333
2018-01-29,1,18,1,10.756345458516488,9.608196721311476,40.56,6.37,10.98,0.9201278401973578,1.1533740956761014,1.2870548027373747,12.829847394389963,28.59079459783274,73.00445948375956,14.5,21.8,51.899999999999984,0.4890416666666666
2018-01-30,1,9,0,21.808542209533236,18.474918032786885,45.04,24.01,7.3,10.756345458516488,0.9201278401973578,1.1533740956761014,33.485015508247095,37.77150117386127,81.47503792673538,8.5,30.0,58.79999999999998,0.4769583333333333
2018-01-31,0,0,0,3.020014480401653,2.5545901639344266,23.540000000000003,0.2,0.79,21.808542209533236,10.756345458516488,0.9201278401973578,35.58490214845139,39.57080471452486,79.55719280919566,0.8,23.8,36.19999999999999,0.4624999999999999
2018-02-01,0,0,0,0.8262121325825681,0.8762903225806452,10.4,0.2,0.59,3.020014480401653,21.808542209533236,10.756345458516488,25.654768822517475,39.77167101964476,80.01930356794237,0.4,9.699999999999996,33.09999999999999,0.4397916666666666
2018-02-02,0,0,0,0.2721466648013414,0.4688524590163934,8.200000000000001,0.0,0.2,0.8262121325825681,3.020014480401653,21.808542209533236,4.11837327778558,38.75676288170873,76.05120192430054,0.4,1.5999999999999963,31.899999999999984,0.4152499999999999
2018-02-03,0,0,0,0.2294153069946654,0.3539344262295082,4.4,0.0,0.59,0.2721466648013414,0.8262121325825681,3.020014480401653,1.327774104378593,37.83280409302729,69.1628924259392,1.2,1.9999999999999964,32.79999999999999,0.402125
2018-02-04,0,0,0,0.2058348802126021,0.2486885245901639,5.180000000000001,0.0,0.59,0.2294153069946654,0.2721466648013414,0.8262121325825681,0.7073968520086268,37.11851113304254,59.06242387426815,0.5,2.0999999999999965,26.299999999999983,0.3867916666666666
2018-02-05,0,0,0,0.3421175056948142,0.4188524590163934,4.800000000000001,0.0,1.58,0.2058348802126021,0.2294153069946654,0.2721466648013414,0.7773676929020996,26.704283180220862,55.295077778053646,0.7,2.3999999999999964,12.499999999999986,0.3878333333333333
2018-02-06,0,0,0,0.7523532596514763,0.989344262295082,15.06,0.4,1.37,0.3421175056948142,0.2058348802126021,0.2294153069946654,1.3003056455589106,5.648094230339106,43.41959540420041,2.3,3.4999999999999964,6.299999999999986,0.4296666666666666
2018-02-07,0,0,0,0.2331618747027401,0.3478688524590164,16.82,0.0,0.59,0.7523532596514763,0.3421175056948142,0.2058348802126021,1.3276326400490484,2.861241624640193,42.43204633916509,0.1,3.0999999999999965,5.599999999999985,0.4385
2018-02-08,0,0,0,0.0957088001616184,0.0975409836065573,1.57,0.0,1.18,0.2331618747027401,0.7523532596514763,0.3421175056948142,1.0812239345158523,2.130738292219244,41.90240931186404,0.0,2.399999999999997,5.199999999999985,0.391
2018-02-09,0,0,0,0.0173878468906458,0.0327868852459016,1.0,0.0,0.2,0.0957088001616184,0.2331618747027401,0.7523532596514763,0.3462585217550221,1.8759794743085485,40.63274235601731,0.0,0.0999999999999969,4.799999999999985,0.3514166666666666
2018-02-10,1,2,2,4.207553462230837,5.036229508196722,34.17,2.38,10.58,0.0173878468906458,0.0957088001616184,0.2331618747027401,4.320650109283118,5.854117629544719,43.686921722572045,4.0,3.999999999999997,7.599999999999985,0.34075
2018-02-11,0,0,0,0.8013842433557897,1.330655737704918,13.75,0.0,4.72,4.207553462230837,0.0173878468906458,0.0957088001616184,5.026325552477289,6.449666992687908,43.56817812573048,0.6,4.599999999999997,7.699999999999985,0.3429166666666667
2018-02-12,0,0,0,0.983386895913463,0.3819672131147541,3.54,0.0,3.54,0.8013842433557897,4.207553462230837,0.0173878468906458,5.992324601500107,7.090936382906556,33.79521956312745,4.2,8.799999999999997,11.199999999999983,0.3422916666666666
2018-02-13,0,0,0,2.060802623613607,1.4319672131147545,4.4,1.39,1.57,0.983386895913463,0.8013842433557897,4.207553462230837,3.8455737628828777,8.399385746868688,14.047479977207828,3.2,7.999999999999997,12.099999999999984,0.4137916666666667
2018-02-14,0,0,0,1.5013930583380488,1.8903333333333332,16.77,0.7000000000000001,0.98,2.060802623613607,0.983386895913463,0.8013842433557897,4.545582577865137,9.667616930503996,12.528858555144224,7.0,14.4,18.999999999999982,0.4865416666666666
2018-02-15,0,0,0,0.9156679424574896,1.032,3.8,0.8,1.18,1.5013930583380488,2.060802623613607,0.983386895913463,4.477863624409164,10.487576072799868,12.618314365019144,2.5,12.7,21.499999999999982,0.4828333333333333
2018-02-16,0,0,0,0.2189889830906141,0.26,1.6,0.2,0.2,0.9156679424574896,1.5013930583380488,2.060802623613607,2.63604998388617,10.689177208999835,12.56515668330842,0.9,10.399999999999997,22.399999999999984,0.4679999999999999
2018-02-17,0,0,0,0.0102181800200303,0.02,0.6000000000000001,0.0,0.2,0.2189889830906141,0.9156679424574896,1.5013930583380488,1.144875105568152,6.4918419267890295,12.345959556333783,1.7,5.099999999999998,20.099999999999984,0.4511666666666666
2018-02-18,0,0,0,0.4367112895093345,0.7265,21.32,0.1,8.53,0.0102181800200303,0.2189889830906141,0.9156679424574896,0.6659184526199968,6.127168972942575,12.576835965630517,5.0,7.599999999999998,24.499999999999982,0.4621249999999999
2018-02-19,0,0,0,0.6214068040060751,0.5105000000000001,9.26,0.0,3.35,0.4367112895093345,0.0102181800200303,0.2189889830906141,1.0683362735354576,5.765188881035186,12.856125263941776,1.9,8.599999999999998,22.199999999999985,0.4824166666666666
2018-02-20,0,0,0,2.9345201105300185,2.0133898305084745,7.32,1.58,5.9,0.6214068040060751,0.4367112895093345,0.0102181800200303,3.992638204045446,6.638906367951598,15.03829211482032,1.1,7.999999999999998,20.099999999999987,0.4757083333333333
2018-02-21,1,1,0,0.964173232758586,0.7778333333333334,7.69,0.1,4.72,2.9345201105300185,0.6214068040060751,0.4367112895093345,4.520100147294698,6.101686542372136,15.769303472876166,1.5,4.499999999999998,14.599999999999984,0.4779166666666667
2018-02-22,1,2,0,5.47043863478703,4.102333333333333,17.23,2.575,9.16,0.964173232758586,2.9345201105300185,0.6214068040060751,9.369131978075652,10.656457234701676,21.144033307501577,1.3,3.899999999999999,13.399999999999986,0.4476666666666666
2018-02-23,0,0,0,1.0629121479769377,0.8876666666666667,11.52,0.2,1.18,5.47043863478703,0.964173232758586,2.9345201105300185,7.497524015522572,11.500380399587998,22.18955760858787,4.6,7.399999999999999,17.099999999999984,0.4751666666666667
2018-02-24,0,0,0,0.0590963682924887,0.0233333333333333,0.8,0.0,0.2,1.0629121479769377,5.47043863478703,0.964173232758586,6.592447151056474,11.549258587860455,18.04110051464952,1.2,7.099999999999999,16.599999999999984,0.443875
2018-02-25,0,0,0,0.0066255565169731,0.0233333333333333,1.4,0.0,0.59,0.0590963682924887,1.0629121479769377,5.47043863478703,1.1286340727864173,11.119172854868095,17.246341827810706,0.6,6.399999999999999,12.199999999999983,0.4252916666666666
2018-02-26,1,29,7,32.26854168655844,25.18133333333333,78.26,22.73,26.36,0.0066255565169731,0.0590963682924887,1.0629121479769377,32.33426361136792,42.76630773742046,48.53149661845568,15.9,17.7,26.199999999999985,0.4515
2018-02-27,0,0,0,5.5141613740103175,6.163,63.15,0.2,0.98,32.26854168655844,0.0066255565169731,0.0590963682924887,37.78932861708576,45.34594900090076,51.9848553688524,2.3,18.8,27.399999999999988,0.4770833333333333
2018-02-28,0,0,0,1.3341021693647823,1.1721311475409837,11.4,0.0,3.35,5.5141613740103175,32.26854168655844,0.0066255565169731,39.11680522993356,45.71587793750695,51.81756447987912,0.1,18.3,25.999999999999982,0.42425
2018-03-01,1,2,1,1.8842950943734813,2.534,16.53,0.2,10.16,1.3341021693647823,5.5141613740103175,32.26854168655844,8.732558637748603,42.12973439709341,52.78619163179512,3.6,5.999999999999998,28.299999999999983,0.4372083333333333
2018-03-02,0,0,0,7.20877374389982,8.098666666666666,27.19,6.5,20.46,1.8842950943734813,1.3341021693647823,5.5141613740103175,10.427171007638105,48.27559599301629,59.77597639260433,1.8,5.499999999999998,25.499999999999982,0.463
2018-03-03,0,0,0,6.163974439965264,5.593999999999999,18.92,4.075,9.08,7.20877374389982,1.8842950943734813,1.3341021693647823,15.257043278238584,54.38047406468907,65.92973265254956,1.6,6.999999999999999,25.899999999999984,0.4715833333333333
2018-03-04,0,0,0,3.4395533540319474,5.00728813559322,36.36,3.54,18.74,6.163974439965264,7.20877374389982,1.8842950943734813,16.812301537897053,57.81340186220404,68.93257471707217,8.1,11.499999999999998,33.399999999999984,0.4732916666666666
2018-03-05,0,0,0,4.51681913377921,4.225084745762712,20.19,3.2,9.56,3.4395533540319474,6.163974439965264,7.20877374389982,14.120346927776442,30.061679309424807,72.82798704684531,3.1,12.799999999999995,20.599999999999987,0.465375
2018-03-06,1,1,1,4.183612939248405,4.766779661016949,27.64,2.8000000000000003,12.41,4.51681913377921,3.4395533540319474,6.163974439965264,12.139985427059584,28.73113087466289,74.0770798755637,1.5,12.699999999999998,19.799999999999983,0.4740416666666666
2018-03-07,1,1,0,5.677185572546583,3.2579661016949157,23.02,1.4,6.91,4.183612939248405,4.51681913377921,3.4395533540319474,14.37761764557422,33.074214277844696,78.79009221535169,12.8,17.4,32.499999999999986,0.4674166666666666
2018-03-08,0,0,0,2.0514983576661687,2.183220338983051,23.18,1.19,1.97,5.677185572546583,4.183612939248405,4.51681913377921,11.912296869461178,33.24141754113738,75.37115193823082,1.3,15.6,30.199999999999985,0.4579166666666667
2018-03-09,0,0,0,0.7226929526217339,0.606896551724138,10.0,0.0,0.2,2.0514983576661687,5.677185572546583,4.183612939248405,8.451376882834507,26.755336749859296,75.03093274287563,0.8,14.9,29.199999999999985,0.4534583333333333
2018-03-10,1,1,0,3.675667341883484,2.352241379310345,60.32,0.2,19.96,0.7226929526217339,2.0514983576661687,5.677185572546583,6.449858652171407,24.26702965177752,78.64750371646663,17.6,19.7,45.19999999999999,0.46575
2018-03-11,0,0,0,0.2437342822690536,0.1827586206896551,2.8000000000000003,0.0,0.2,3.675667341883484,0.7226929526217339,2.0514983576661687,4.6420945767742925,21.071210580014625,78.8846124422187,0.0,18.4,37.09999999999999,0.4667083333333333
2018-03-12,1,17,7,10.675163328735174,4.604237288135593,33.61,2.16,15.67,0.2437342822690536,3.675667341883484,0.7226929526217339,14.594564952887731,27.229554774970588,57.29123408439543,0.0,17.599999999999998,33.999999999999986,0.4345
2018-03-13,1,11,0,9.107463813244353,6.9491525423728815,18.92,7.4,12.82,10.675163328735174,0.2437342822690536,3.675667341883484,20.0263614242486,32.15340564896653,60.88453652362947,1.8,1.7999999999999965,34.29999999999998,0.4290833333333333
2018-03-14,1,16,6,5.727097727303516,5.823,32.29,3.465,13.48,9.107463813244353,10.675163328735174,0.2437342822690536,25.509724869283065,32.203317803723465,65.2775320815682,14.0,15.799999999999995,35.499999999999986,0.4124166666666666
2018-03-15,1,3,0,17.399668149882327,16.104576271186442,38.940000000000005,17.900000000000002,12.4,5.727097727303516,9.107463813244353,10.675163328735174,32.23422969043022,47.551487595939626,80.79290513707704,3.8,19.6,37.99999999999999,0.3950416666666667
2018-03-16,0,0,0,2.198399975529989,1.7123333333333337,17.14,0.0,0.39,17.399668149882327,5.727097727303516,9.107463813244353,25.32516585271585,49.02719461884788,75.78253136870721,0.8,18.6,37.99999999999999,0.4389583333333333
2018-03-17,0,0,0,0.891584606890257,0.640677966101695,6.4,0.0,0.2,2.198399975529989,17.399668149882327,5.727097727303516,20.48965273230259,46.24311188385465,70.5101415356322,1.5,6.099999999999996,21.899999999999988,0.4574166666666666
2018-03-18,0,0,0,0.1828913457471888,0.2338983050847457,3.4000000000000004,0.0,0.2,0.891584606890257,2.198399975529989,17.399668149882327,3.272875928167456,46.1822689473328,67.25347952734745,0.0,2.2999999999999963,21.899999999999988,0.4247916666666667
2018-03-19,1,5,1,6.429119075892599,3.8194827586206896,21.7,1.57,12.4,0.1828913457471888,0.891584606890257,2.198399975529989,7.503595028530066,41.93622469449021,69.16577946946084,0.1,1.5999999999999963,21.999999999999982,0.3965416666666666
2018-03-20,1,49,27,23.24400264535429,19.365172413793104,123.28,13.67,25.53,6.429119075892599,0.1828913457471888,0.891584606890257,29.856013066994095,56.07276352660016,88.22616917556672,4.5,4.599999999999996,24.699999999999985,0.4503749999999999
2018-03-21,0,0,0,7.887294778924427,7.863793103448276,48.73,4.375,1.77,23.24400264535429,6.429119075892599,0.1828913457471888,37.560416500171335,58.23296057822107,90.43627838194456,2.4,6.9999999999999964,13.099999999999984,0.46775
2018-03-22,0,0,0,6.450152177718325,6.396034482758621,18.39,5.460000000000001,7.92,7.887294778924427,23.24400264535429,6.429119075892599,37.581449601997065,47.28344460605706,94.83493220199672,1.6,8.499999999999996,10.899999999999988,0.4678333333333333
2018-03-23,0,0,0,2.017444929673142,1.6044827586206898,14.44,0.0,4.73,6.450152177718325,7.887294778924427,23.24400264535429,16.354891886315915,47.10248956020021,96.12968417904813,0.6,4.599999999999996,10.699999999999989,0.4729166666666666
2018-03-24,0,0,0,0.8401373248075582,1.1139655172413794,19.05,0.0,9.98,2.017444929673142,6.450152177718325,7.887294778924427,9.307734432199045,47.05104227811752,93.2941541619722,1.7,3.899999999999997,10.899999999999986,0.4694166666666666
2018-03-25,0,0,0,0.4810769300198564,0.5,5.2,0.0,0.2,0.8401373248075582,2.017444929673142,6.450152177718325,3.3386591845005777,47.34922786239018,93.531496809723,0.0,2.2999999999999963,10.899999999999986,0.4398333333333333
2018-03-26,1,8,2,7.662820099813608,6.609999999999999,54.31,3.55,17.14,0.4810769300198564,0.8401373248075582,2.017444929673142,8.984034354641043,48.5829288863112,90.51915358080144,1.7,3.399999999999996,12.499999999999986,0.4501249999999999
2018-03-27,1,17,5,11.93412904523884,10.012631578947367,54.08,6.69,13.42,7.662820099813608,0.4810769300198564,0.8401373248075582,20.078026075072323,37.27305528619574,93.34581881279593,6.7,8.399999999999997,14.699999999999983,0.4761666666666666
2018-03-28,1,23,19,29.889245375630104,15.660350877192982,85.3,11.43,20.17,11.93412904523884,7.662820099813608,0.4810769300198564,49.486194520682574,59.27500588290142,117.50796646112252,11.8,20.2,24.099999999999987,0.4615
2018-03-29,0,0,0,5.368576646987266,5.110701754385965,40.27,2.0,9.75,29.889245375630104,11.93412904523884,7.662820099813608,47.19195106785623,58.19343035217036,105.47687495822746,2.3,20.8,24.799999999999983,0.4831249999999999
2018-03-30,1,23,9,14.92592610044621,11.54157894736842,61.43,3.8,23.16,5.368576646987266,29.889245375630104,11.93412904523884,50.1837481230636,71.10191152294342,118.20440108314368,2.7,16.799999999999997,26.899999999999984,0.4809583333333333
2018-03-31,1,13,10,8.220716018023639,9.827719298245617,38.95,5.51,17.07,14.92592610044621,5.368576646987266,29.889245375630104,28.51521876545713,78.48249021615952,125.53353249427704,6.6,11.599999999999996,31.799999999999983,0.46375
2018-04-01,1,1,0,4.126523602797609,5.059649122807017,31.06,1.38,1.57,8.220716018023639,14.92592610044621,5.368576646987266,27.27316572126748,82.12793688893726,129.47716475132748,6.4,15.699999999999998,38.19999999999999,0.45125
2018-04-02,0,0,0,3.031643066602697,3.0335087719298244,22.27,1.98,4.94,4.126523602797609,8.220716018023639,14.92592610044621,15.378882687423964,77.49675985572635,126.07968874203758,1.3,14.299999999999995,37.79999999999998,0.4669583333333333
2018-04-03,1,1,1,3.3271809888874357,5.358245614035088,80.23,3.1500000000000004,15.85,3.031643066602697,4.126523602797609,8.220716018023639,10.48534765828776,68.88981179937495,106.16286708557072,4.6,12.299999999999995,35.69999999999998,0.4750833333333333
2018-04-04,1,1,0,3.296528509774027,4.046491228070176,30.14,2.75,7.3,3.3271809888874357,3.031643066602697,4.126523602797609,9.655352565264176,42.29709493351887,101.57210081642032,0.6,6.499999999999996,24.499999999999982,0.4527083333333333
2018-04-05,0,0,0,0.5368740983894574,0.6483928571428572,6.34,0.0,5.95,3.296528509774027,3.3271809888874357,3.031643066602697,7.1605835970509375,37.46539238492106,95.65882273709146,0.5,5.699999999999996,22.69999999999998,0.44925
2018-04-06,0,0,0,0.474134301845896,0.3142857142857143,4.0,0.0,0.2,0.5368740983894574,3.296528509774027,3.3271809888874357,4.307536910009398,23.013600586320745,94.11551210926422,2.8,3.899999999999997,22.799999999999983,0.4385833333333333
2018-04-07,0,0,0,0.3354005416451993,0.5767272727272728,19.52,0.0,7.11,0.474134301845896,0.5368740983894574,3.296528509774027,1.3464089418805705,15.128285109942308,93.61077532610186,0.6,3.899999999999997,16.799999999999983,0.4217083333333333
2018-04-08,0,0,0,0.2310651662727103,0.1821428571428571,5.6000000000000005,0.0,0.2,0.3354005416451993,0.474134301845896,0.5368740983894574,1.0406000097638235,11.23282667341741,93.3607635623547,0.2,3.599999999999996,10.599999999999984,0.400125
2018-04-09,0,0,0,0.2896950955949339,0.2072727272727272,5.6000000000000005,0.0,0.2,0.2310651662727103,0.3354005416451993,0.474134301845896,0.8561608035128614,8.490878702409645,85.98763855813603,0.8,1.5999999999999963,10.099999999999984,0.3831666666666666
2018-04-10,0,0,0,0.2169808545748902,0.1646428571428571,6.0,0.0,1.02,0.2896950955949339,0.2310651662727103,0.3354005416451993,0.7377411164425524,5.3806785680971,74.27049036747209,0.1,1.0999999999999963,5.599999999999984,0.3687083333333333
2018-04-11,0,0,0,0.0095776325624576,0.0181818181818181,0.8,0.0,0.2,0.2169808545748902,0.2896950955949339,0.2310651662727103,0.5162535827322997,2.093727690885531,44.39082262440444,0.0,0.8999999999999966,4.999999999999984,0.348
2018-04-12,0,0,0,0.0,0.0,0.0,0.0,0.0,0.0095776325624576,0.2169808545748902,0.2896950955949339,0.2265584871373656,1.5568535924960731,39.02224597741717,0.1,0.1999999999999965,4.5999999999999845,0.327125
2018-04-13,0,0,0,0.0,0.0,0.0,0.0,0.0,0.0,0.0095776325624576,0.2169808545748902,0.0095776325624754,1.0827192906501772,24.09631987697096,0.0,0.0999999999999965,1.799999999999984,0.3090833333333333
2018-04-14,0,0,0,0.0044938636308075,0.0072727272727272,0.2,0.0,0.2,0.0,0.0,0.0095776325624576,0.0044938636308253,0.7518126126357856,15.880097722578128,1.5,1.5999999999999963,2.699999999999984,0.3175416666666666
2018-04-15,1,4,1,11.76623450800941,12.884363636363636,46.86,7.800000000000001,4.73,0.0044938636308075,0.0,0.0,11.770728371640237,12.286981954372484,23.519808627789928,1.1,2.5999999999999965,3.599999999999984,0.3863333333333333
2018-04-16,1,1,0,5.628485787075263,5.486481481481481,20.6,4.33,1.18,11.76623450800941,0.0044938636308075,0.0,17.3992141587155,17.625772645852813,26.116651348262494,0.7,3.2999999999999963,3.499999999999984,0.4409583333333333
2018-04-17,0,0,0,0.4648613617301051,0.5481481481481482,3.8,0.0,0.79,5.628485787075263,11.76623450800941,0.0044938636308075,17.859581656814797,17.87365315300803,23.254331721105167,0.4,2.1999999999999966,3.799999999999984,0.4316666666666666
2018-04-18,0,0,0,0.3092033988461893,0.2150943396226415,3.4000000000000004,0.0,0.2,0.4648613617301051,5.628485787075263,11.76623450800941,6.402550547651575,18.17327891929176,20.26700661017733,0.0,1.0999999999999963,3.799999999999984,0.4057083333333333
2018-04-19,0,0,0,0.1004517756959186,0.0981132075471698,2.2,0.0,0.2,0.3092033988461893,0.4648613617301051,5.628485787075263,0.8745165362722309,18.27373069498768,19.830584287483788,0.0,0.3999999999999964,3.699999999999984,0.372
2018-04-20,0,0,0,0.021169143256774,0.0518518518518518,2.2,0.0,0.2,0.1004517756959186,0.3092033988461893,0.4648613617301051,0.4308243177988998,18.29489983824445,19.377619128894665,0.0,0.0,3.699999999999984,0.343375
2018-04-21,0,0,0,0.0120593569956869,0.0333333333333333,1.8,0.0,0.2,0.021169143256774,0.1004517756959186,0.3092033988461893,0.1336802759483974,18.30246533160933,19.054277944245158,0.0,0.0,2.199999999999984,0.3189583333333333
2018-04-22,0,0,0,0.0094257898715217,0.0264150943396226,1.4,0.0,0.2,0.0120593569956869,0.021169143256774,0.1004517756959186,0.0426542901240005,6.5456566134714445,18.832638567843965,0.3,0.2999999999999964,1.399999999999984,0.30375
2018-04-23,0,0,0,0.0453534793138087,0.0524528301886792,1.5799999999999998,0.0,1.38,0.0094257898715217,0.0120593569956869,0.021169143256774,0.0668386261810352,0.9625243057099904,18.58829695156284,0.2,0.4999999999999964,0.899999999999984,0.3015416666666666
2018-04-24,0,0,0,0.0125870181825449,0.0377777777777777,2.04,0.0,1.84,0.0453534793138087,0.0094257898715217,0.0120593569956869,0.0673662873678931,0.5102499621624302,18.383903115170494,0.6,1.0999999999999963,1.099999999999984,0.3031666666666666
2018-04-25,0,0,0,0.0041734718015387,0.0075471698113207,0.4,0.0,0.2,0.0125870181825449,0.0453534793138087,0.0094257898715217,0.0621139692979101,0.2052200351177796,18.378498954409576,0.3,1.0999999999999963,1.399999999999984,0.29575
2018-04-26,0,0,0,0.0024160849031578,0.0037735849056603,0.2,0.0,0.2,0.0041734718015387,0.0125870181825449,0.0453534793138087,0.0191765748872593,0.1071843443250188,18.380915039312733,0.0,0.8999999999999964,1.399999999999984,0.2884166666666666
2018-04-27,0,0,0,0.0391925693732771,0.0633962264150943,3.16,0.0,0.39,0.0024160849031578,0.0041734718015387,0.0125870181825449,0.0457821260779915,0.1252077704415219,18.42010760868601,0.1,0.3999999999999964,1.499999999999984,0.2835
2018-04-28,0,0,0,0.0753513945214671,0.2432075471698113,11.5,0.0,2.95,0.0391925693732771,0.0024160849031578,0.0041734718015387,0.1169600487979198,0.188499807967302,18.49096513957667,1.0,1.0999999999999963,2.499999999999984,0.273625
2018-04-29,0,0,0,0.0058505977096986,0.0113207547169811,0.4,0.0,0.2,0.0753513945214671,0.0391925693732771,0.0024160849031578,0.1203945616044606,0.1849246158054789,6.730581229276959,0.1,1.1999999999999966,2.2999999999999843,0.2583333333333333
2018-04-30,0,0,0,0.0135663255858362,0.0298113207547169,0.79,0.0,0.79,0.0058505977096986,0.0753513945214671,0.0391925693732771,0.0947683178170197,0.1531374620775064,1.1156617677875325,0.0,1.0999999999999963,2.099999999999984,0.2366666666666666
2018-05-01,0,0,0,0.0044586554805584,0.0111320754716981,0.5900000000000001,0.0,0.39,0.0135663255858362,0.0058505977096986,0.0753513945214671,0.0238755787761111,0.14500909937552,0.6552590615379857,0.4,0.4999999999999965,1.899999999999984,0.2250833333333333
2018-05-02,0,0,0,0.0122187374390972,0.0192452830188679,0.6000000000000001,0.0,0.42,0.0044586554805584,0.0135663255858362,0.0058505977096986,0.0302437185055097,0.1530543650130785,0.3582744001308937,0.7,1.0999999999999963,2.299999999999984,0.2255
2018-05-03,0,0,0,0.0024160849031578,0.0037735849056603,0.2,0.0,0.2,0.0122187374390972,0.0044586554805584,0.0135663255858362,0.0190934778228313,0.1530543650130785,0.2602387093381329,0.2,1.2999999999999965,2.499999999999984,0.2156666666666666
2018-05-04,0,0,0,0.0016763394096047,0.0037735849056603,0.2,0.0,0.2,0.0024160849031578,0.0122187374390972,0.0044586554805584,0.0163111617518776,0.1155381350494061,0.2407459054909635,0.0,0.8999999999999966,2.399999999999984,0.1970833333333333
2018-05-05,0,0,0,0.0,0.0,0.0,0.0,0.0,0.0016763394096047,0.0024160849031578,0.0122187374390972,0.0040924243127803,0.040186740527939,0.2286865484952766,0.0,0.1999999999999965,1.399999999999984,0.1800416666666666
2018-05-06,0,0,0,0.0,0.0,0.0,0.0,0.0,0.0,0.0016763394096047,0.0024160849031578,0.0016763394096224,0.0343361428182403,0.2192607586237548,1.6,1.5999999999999963,2.899999999999984,0.1685833333333333
2018-05-07,0,0,0,0.2787369199055031,0.6173076923076923,6.930000000000001,0.0,1.37,0.0,0.0,0.0016763394096047,0.2787369199055209,0.2995067371379073,0.4526441992154493,1.8,3.399999999999997,4.699999999999984,0.1714166666666666
2018-05-08,0,0,0,0.0103409722011192,0.0307692307692307,1.0,0.0,0.2,0.2787369199055031,0.0,0.0,0.2890778921066401,0.305389053858468,0.4503981532340236,0.6,3.999999999999997,4.899999999999984,0.18175
2018-05-09,0,0,0,0.002451042504394,0.0038461538461538,0.2,0.0,0.2,0.0103409722011192,0.2787369199055031,0.0,0.2915289346110341,0.2956213589237648,0.4486757239368788,0.0,2.3999999999999964,4.199999999999984,0.1822916666666666
2018-05-10,0,0,0,0.002451042504394,0.0038461538461538,0.2,0.0,0.2,0.002451042504394,0.0103409722011192,0.2787369199055031,0.0152430572099249,0.2956563165250009,0.4487106815381149,0.0,0.5999999999999964,3.999999999999984,0.1683333333333333
2018-05-11,0,0,0,0.004902085008788,0.0076923076923076,0.4,0.0,0.2,0.002451042504394,0.002451042504394,0.0103409722011192,0.0098041700175937,0.2988820621241842,0.4144201971736258,0.0,0.0,3.999999999999984,0.1549583333333333
2018-05-12,0,0,0,0.0,0.0,0.0,0.0,0.0,0.004902085008788,0.002451042504394,0.002451042504394,0.0073531275131997,0.2988820621241842,0.3390688026521588,0.8,0.7999999999999965,4.799999999999984,0.1491666666666666
2018-05-13,0,0,0,0.0745266404442894,0.1076923076923077,1.4,0.0,0.2,0.0,0.004902085008788,0.002451042504394,0.0794287254530952,0.3734087025684737,0.4077448453867495,0.1,0.8999999999999965,3.2999999999999843,0.1642916666666666
2018-05-14,0,0,0,0.0017005938571784,0.0038461538461538,0.2,0.0,0.2,0.0745266404442894,0.0,0.004902085008788,0.0762272343014857,0.096372376520149,0.3958791136580918,0.0,0.8999999999999965,1.499999999999984,0.1647083333333333
2018-05-15,0,0,0,0.0547431536809258,0.1219230769230769,2.36,0.0,0.98,0.0017005938571784,0.0745266404442894,0.0,0.1309703879824116,0.1407745579999557,0.4461636118584592,0.6,0.6999999999999964,1.499999999999984,0.1604583333333333
2018-05-16,0,0,0,0.1492847424869396,0.213076923076923,6.11,0.0,2.56,0.0547431536809258,0.0017005938571784,0.0745266404442894,0.2057284900250617,0.2876082579825013,0.5832296169063016,2.3,2.8999999999999964,3.799999999999984,0.1726666666666666
2018-05-17,0,0,0,0.0630389337885406,0.1980769230769231,7.9,0.0,2.16,0.1492847424869396,0.0547431536809258,0.0017005938571784,0.2670668299564239,0.348196149266648,0.6438524657916844,0.5,3.3999999999999964,4.299999999999984,0.2035
2018-05-18,0,0,0,0.5810847713959407,0.3734615384615385,4.74,0.0,4.15,0.0630389337885406,0.1492847424869396,0.0547431536809258,0.7934084476714388,0.9243788356538007,1.2232608977780204,1.8,4.599999999999996,6.099999999999984,0.1992916666666666
2018-05-19,1,2,0,8.905276140482366,8.605384615384615,18.14,8.375,12.0,0.5810847713959407,0.0630389337885406,0.1492847424869396,9.549399845666866,9.829654976136167,10.128537038260388,14.1,16.399999999999995,19.399999999999984,0.2565833333333333
2018-05-20,0,0,0,0.8794796300406371,0.8761538461538462,6.2,0.0,0.39,8.905276140482366,0.5810847713959407,0.0630389337885406,10.365840541918962,10.634607965732512,11.008016668301025,0.0,15.899999999999997,19.299999999999983,0.29575
2018-05-21,0,0,0,0.3120954361155738,0.2984615384615384,5.12,0.0,2.56,0.8794796300406371,8.905276140482366,0.5810847713959407,10.096851206638595,10.94500280799091,11.041375184511097,0.0,14.099999999999996,19.299999999999983,0.272125
2018-05-22,0,0,0,0.1960447870771222,0.2073076923076923,2.76,0.0,1.63,0.3120954361155738,0.8794796300406371,8.905276140482366,1.3876198532333508,11.086304441387108,11.227078999387098,0.0,0.0,18.69999999999998,0.2515833333333333
2018-05-23,0,0,0,0.0595287443143869,0.0769230769230769,1.0,0.0,0.2,0.1960447870771222,0.3120954361155738,0.8794796300406371,0.5676689675071006,10.996548443214554,11.284156701197093,0.0,0.0,16.399999999999984,0.2335416666666666
2018-05-24,0,0,0,0.0210764201514263,0.0192307692307692,0.6000000000000001,0.0,0.2,0.0595287443143869,0.1960447870771222,0.3120954361155738,0.2766499515429532,10.95458592957744,11.30278207884412,0.0,0.0,15.899999999999984,0.2181666666666666
2018-05-25,0,0,0,0.005032217473541,0.0153846153846153,0.8,0.0,0.2,0.0210764201514263,0.0595287443143869,0.1960447870771222,0.0856373819393719,10.37853337565504,11.302912211308875,0.2,0.1999999999999964,14.29999999999998,0.2172083333333333
2018-05-26,0,0,0,0.0025161087367705,0.0076923076923076,0.4,0.0,0.2,0.005032217473541,0.0210764201514263,0.0595287443143869,0.0286247463617555,1.4757733439094436,11.305428320045646,1.1,1.2999999999999965,1.2999999999999825,0.2251666666666666
2018-05-27,0,0,0,0.0037741631051557,0.0115384615384615,0.6000000000000001,0.0,0.2,0.0025161087367705,0.005032217473541,0.0210764201514263,0.011322489315485,0.6000678769739622,11.234675842706512,0.0,1.2999999999999965,1.2999999999999825,0.2235
2018-05-28,0,0,0,0.00497668717292,0.0153846153846153,0.6000000000000001,0.0,0.2,0.0037741631051557,0.0025161087367705,0.005032217473541,0.011266959014864,0.2929491280313084,11.237951936022254,0.0,1.0999999999999963,1.2999999999999825,0.205875
2018-05-29,0,0,0,0.0043058858924307,0.0151923076923076,0.59,0.0,0.59,0.00497668717292,0.0037741631051557,0.0025161087367705,0.0130567361705242,0.101210226846617,11.187514668233758,0.0,0.0,1.2999999999999825,0.1898333333333333
2018-05-30,0,0,0,0.0041326529139599,0.0153846153846153,0.8,0.0,0.2,0.0043058858924307,0.00497668717292,0.0037741631051557,0.0134152259793284,0.04581413544619,11.04236257866078,0.0,0.0,1.2999999999999825,0.175125
2018-05-31,1,2,0,0.0010331632284899,0.0038461538461538,0.2,0.0,0.2,0.0041326529139599,0.0043058858924307,0.00497668717292,0.0094717020348984,0.0257708785232537,10.980356808100728,0.0,0.0,1.2999999999999825,0.1615833333333333
2018-06-01,0,0,0,0.0010331632284899,0.0038461538461538,0.2,0.0,0.2,0.0010331632284899,0.0041326529139599,0.0043058858924307,0.0061989793709576,0.0217718242782026,10.400305199933277,0.0,0.0,1.0999999999999823,0.1492083333333333
2018-06-02,0,0,0,0.0,0.0,0.0,0.0,0.0,0.0010331632284899,0.0010331632284899,0.0041326529139599,0.0020663264569977,0.0192557155414321,1.4950290594509112,0.0,0.0,0.0,0.1381666666666666
2018-06-03,0,0,0,0.9726328346224408,0.801923076923077,2.77,0.7000000000000001,0.79,0.0,0.0010331632284899,0.0010331632284899,0.9736659978509488,0.9881143870587172,1.588182264032715,1.7,1.6999999999999964,1.6999999999999822,0.2146249999999999
2018-06-04,0,0,0,0.1251974607418946,0.2036538461538461,1.0,0.2,0.39,0.9726328346224408,0.0,0.0010331632284899,1.0978302953643533,1.108335160627692,1.4012842886590362,0.4,2.0999999999999965,2.0999999999999823,0.2603333333333333
2018-06-05,0,0,0,0.0786811579991674,0.1292156862745098,0.99,0.0,0.59,0.1251974607418946,0.9726328346224408,0.0,1.1765114533635208,1.1827104327344289,1.2839206595810813,0.6,2.6999999999999966,2.6999999999999824,0.2887083333333333
2018-06-06,0,0,0,0.1289927005597058,0.1329411764705882,1.58,0.0,0.79,0.0786811579991674,0.1251974607418946,0.9726328346224408,0.3328713193007857,1.3075704803801744,1.3533846158264002,2.6,3.599999999999996,5.299999999999982,0.346875
2018-06-07,0,0,0,2.6335921031474525,2.35921568627451,7.53,2.05,1.57,0.1289927005597058,0.0786811579991674,0.1251974607418946,2.841265961706344,3.940129420299137,3.965900298822427,27.8,31.0,33.09999999999998,0.4398333333333333
2018-06-08,0,0,0,1.0105686532902336,0.9794117647058824,3.4000000000000004,0.8,0.59,2.6335921031474525,0.1289927005597058,0.0786811579991674,3.77315345699741,4.94966491036088,4.97143673463912,1.7,32.099999999999994,34.79999999999998,0.4535833333333333
2018-06-09,0,0,0,0.2126625996948648,0.1153846153846153,1.6,0.0,0.2,1.0105686532902336,2.6335921031474525,0.1289927005597058,3.8568233561325687,5.1623275100557455,5.181583225597214,0.0,29.5,34.79999999999998,0.4172916666666666
2018-06-10,0,0,0,0.0448335072029498,0.0269230769230769,0.6000000000000001,0.0,0.2,0.2126625996948648,1.0105686532902336,2.6335921031474525,1.268064760188066,4.234528182636254,5.222642569695007,0.0,1.6999999999999964,33.09999999999998,0.394875
2018-06-11,0,0,0,0.0038335128457156,0.0117647058823529,0.4,0.0,0.2,0.0448335072029498,0.2126625996948648,1.0105686532902336,0.261329619743548,4.113164234740076,5.221499395367804,0.0,0.0,32.69999999999998,0.3734583333333333
2018-06-12,0,0,0,0.012800874206923,0.0316,1.18,0.0,0.98,0.0038335128457156,0.0448335072029498,0.2126625996948648,0.0614678942556062,4.047283950947831,5.229994383682295,0.5,0.4999999999999964,32.59999999999998,0.3475
2018-06-13,1,1,0,6.242618315642058,6.980392156862745,24.6,5.32,7.5,0.012800874206923,0.0038335128457156,0.0448335072029498,6.259252702694714,10.160909566030185,11.468480046410392,14.7,15.199999999999996,44.69999999999998,0.3592083333333333
2018-06-14,1,1,0,1.3369021097371054,1.2346,9.2,0.5950000000000001,1.6,6.242618315642058,0.012800874206923,0.0038335128457156,7.592321299586104,8.864219572619835,12.804348992919008,6.9,22.099999999999994,23.799999999999983,0.4773749999999999
2018-06-15,0,0,0,1.157565891106037,3.924,179.0,0.2,9.32,1.3369021097371054,6.242618315642058,0.012800874206923,8.737086316485218,9.011216810435638,13.960881720796555,1.1,22.7,23.19999999999998,0.4562083333333333
2018-06-16,0,0,0,1.0010049336409468,3.4936000000000003,163.28,0.0,12.4,1.157565891106037,1.3369021097371054,6.242618315642058,3.495472934484107,9.79955914438172,14.961886654437505,0.6,8.599999999999996,23.799999999999983,0.4625000000000001
2018-06-17,0,0,0,0.0665176973609313,0.124,1.8,0.0,0.2,1.0010049336409468,1.157565891106037,1.3369021097371054,2.225088522107933,9.821243334539702,14.055771517175993,0.1,1.7999999999999965,23.89999999999998,0.454125
2018-06-18,0,0,0,0.0438461885772334,0.088,1.8,0.0,0.2,0.0665176973609313,1.0010049336409468,1.157565891106037,1.1113688195791294,9.86125601027122,13.974420245011332,0.1,0.7999999999999965,23.999999999999982,0.4414583333333333
2018-06-19,0,0,0,0.0503663770023598,0.1196,2.0,0.0,0.59,0.0438461885772334,0.0665176973609313,1.0010049336409468,0.1607302629405423,9.898821513066656,13.946105464014524,0.0,0.1999999999999964,23.499999999999982,0.4307916666666667
2018-06-20,0,0,0,0.0976015923216502,0.3408,14.04,0.0,5.32,0.0503663770023598,0.0438461885772334,0.0665176973609313,0.1918141579012612,3.753804789746249,13.914714355776468,0.0,0.0999999999999964,8.799999999999983,0.4105833333333333
2018-06-21,0,0,0,0.4754403753408947,1.7906000000000004,87.93,0.0,12.41,0.0976015923216502,0.0503663770023598,0.0438461885772334,0.6234083446649226,2.892343055350038,11.75656262796991,0.0,0.0,1.8999999999999824,0.3889166666666666
2018-06-22,0,0,0,0.1911876527425821,0.7246000000000002,35.830000000000005,0.0,9.57,0.4754403753408947,0.0976015923216502,0.0503663770023598,0.7642296204051449,1.9259648169865835,10.93718162742226,0.0,0.0,0.7999999999999823,0.3700833333333333
2018-06-23,0,0,0,0.2492461335345957,0.938,46.1,0.0,6.62,0.1911876527425821,0.4754403753408947,0.0976015923216502,0.9158741616180904,1.1742060168802322,10.973765161261989,0.0,0.0,0.1999999999999822,0.35425
2018-06-24,0,0,0,0.0091478051025305,0.032,1.0,0.0,0.6,0.2492461335345957,0.1911876527425821,0.4754403753408947,0.449581591379726,1.1168361246218317,10.938079459161573,0.0,0.0,0.0999999999999822,0.3397083333333333
2018-06-25,0,0,0,0.0012819789165479,0.004,0.2,0.0,0.2,0.0091478051025305,0.2492461335345957,0.1911876527425821,0.2596759175536918,1.074271914961146,10.935527925232403,0.0,0.0,0.0,0.3252916666666667
2018-06-26,0,0,0,0.0,0.0,0.0,0.0,0.0,0.0012819789165479,0.0091478051025305,0.2492461335345957,0.0104297840190961,1.0239055379587862,10.92272705102548,0.0,0.0,0.0,0.3093333333333333
2018-06-27,0,0,0,0.0334793897656928,0.1271999999999999,6.359999999999999,0.0,2.76,0.0,0.0012819789165479,0.0091478051025305,0.0347613686822585,0.9597833354028288,4.713588125149115,0.0,0.0,0.0,0.2992083333333333
2018-06-28,0,0,0,0.0010593012987342,0.0040816326530612,0.2,0.0,0.2,0.0334793897656928,0.0,0.0012819789165479,0.0345386910644448,0.4854022613606683,3.377745316710744,0.0,0.0,0.0,0.2897083333333333
2018-06-29,0,0,0,0.0,0.0,0.0,0.0,0.0,0.0010593012987342,0.0334793897656928,0.0,0.0345386910644448,0.2942146086180862,2.220179425604707,0.0,0.0,0.0,0.2780833333333333
2018-06-30,0,0,0,0.0,0.0,0.0,0.0,0.0,0.0,0.0010593012987342,0.0334793897656928,0.0010593012987519,0.0449684750834905,1.2191744919637602,0.0,0.0,0.0,0.2645
2018-07-01,0,0,0,0.0,0.0,0.0,0.0,0.0,0.0,0.0,0.0010593012987342,0.0,0.03582066998096,1.1526567946028288,0.0,0.0,0.0,0.2526666666666666
2018-07-02,0,0,0,0.0010810197051218,0.0041666666666666,0.2,0.0,0.2,0.0,0.0,0.0,0.0010810197051395,0.0356197107695339,1.1098916257307172,0.0,0.0,0.0,0.2407916666666666
2018-07-03,0,0,0,0.0058882569602254,0.016875,0.61,0.0,0.61,0.0010810197051218,0.0,0.0,0.006969276665365,0.0415079677297593,1.065413505688583,0.4,0.3999999999999964,0.3999999999999822,0.2332916666666666
2018-07-04,0,0,0,0.001684037385502,0.0041666666666666,0.2,0.0,0.2,0.0058882569602254,0.0010810197051218,0.0,0.008653314050867,0.0097126153495685,0.9694959507524348,0.0,0.3999999999999964,0.3999999999999822,0.243375
2018-07-05,0,0,0,0.0777793677835183,0.2997916666666667,14.39,0.0,5.12,0.001684037385502,0.0058882569602254,0.0010810197051218,0.0853516621292635,0.0864326818343525,0.5718349431950582,0.0,0.3999999999999964,0.3999999999999822,0.2382916666666666
2018-07-06,0,0,0,0.0,0.0,0.0,0.0,0.0,0.0777793677835183,0.001684037385502,0.0058882569602254,0.079463405169038,0.0864326818343525,0.3806472904524761,0.0,0.0,0.3999999999999822,0.225
2018-07-07,0,0,0,0.0,0.0,0.0,0.0,0.0,0.0,0.0777793677835183,0.001684037385502,0.077779367783536,0.0864326818343525,0.1314011569178804,0.0,0.0,0.3999999999999822,0.212
2018-07-08,0,0,0,0.0,0.0,0.0,0.0,0.0,0.0,0.0,0.0777793677835183,0.0,0.0864326818343525,0.1222533518153499,0.0,0.0,0.3999999999999822,0.1965
2018-07-09,0,0,0,0.0134038375992631,0.0163265306122449,0.2,0.0,0.2,0.0,0.0,0.0,0.0134038375992808,0.0987554997284938,0.134375210498065,2.0,1.9999999999999964,2.399999999999982,0.1988333333333333
2018-07-10,0,0,0,0.0219834782101604,0.0497916666666666,0.79,0.0,0.39,0.0134038375992631,0.0,0.0,0.0353873158094412,0.1148507209784288,0.1563586887082254,1.0,2.9999999999999964,2.9999999999999822,0.2712916666666666
2018-07-11,0,0,0,0.064013584797493,0.0458333333333333,0.2,0.0,0.2,0.0219834782101604,0.0134038375992631,0.0,0.0994009006069342,0.1771802683904197,0.1868928837400255,0.9,3.899999999999997,3.899999999999982,0.2830833333333333
2018-07-12,0,0,0,0.0,0.0,0.0,0.0,0.0,0.064013584797493,0.0219834782101604,0.0134038375992631,0.0859970630076711,0.0994009006069014,0.1858335824412913,0.0,1.8999999999999964,3.899999999999982,0.2794583333333333
2018-07-13,0,0,0,0.0,0.0,0.0,0.0,0.0,0.0,0.064013584797493,0.0219834782101604,0.0640135847975107,0.0994009006069014,0.1858335824412913,0.0,0.8999999999999965,3.899999999999982,0.263875
2018-07-14,0,0,0,0.0,0.0,0.0,0.0,0.0,0.0,0.0,0.064013584797493,0.0,0.0994009006069014,0.1858335824412913,0.0,0.0,3.899999999999982,0.2480833333333333
2018-07-15,0,0,0,0.0,0.0,0.0,0.0,0.0,0.0,0.0,0.0,0.0,0.0994009006069014,0.1858335824412913,0.0,0.0,3.899999999999982,0.229625
2018-07-16,0,0,0,0.0,0.0,0.0,0.0,0.0,0.0,0.0,0.0,0.0,0.0859970630076383,0.1847525627361694,0.0,0.0,1.899999999999982,0.211375
2018-07-17,0,0,0,0.0,0.0,0.0,0.0,0.0,0.0,0.0,0.0,0.0,0.0640135847974779,0.178864305775944,0.0,0.0,0.8999999999999823,0.194875
2018-07-18,0,0,0,0.0,0.0,0.0,0.0,0.0,0.0,0.0,0.0,0.0,0.0,0.1771802683904419,0.0,0.0,0.0,0.18075
2018-07-19,0,0,0,0.0016317881099488,0.0043478260869565,0.2,0.0,0.2,0.0,0.0,0.0,0.0016317881099665,0.0016317881099337,0.1010326887168724,0.0,0.0,0.0,0.1670416666666666
2018-07-20,0,0,0,0.0,0.0,0.0,0.0,0.0,0.0016317881099488,0.0,0.0,0.0016317881099665,0.0016317881099337,0.1010326887168724,0.0,0.0,0.0,0.1540833333333333
2018-07-21,0,0,0,0.0,0.0,0.0,0.0,0.0,0.0,0.0016317881099488,0.0,0.0016317881099665,0.0016317881099337,0.1010326887168724,0.1,0.0999999999999964,0.0999999999999822,0.144625
2018-07-22,0,0,0,0.0431652934725647,0.1022222222222222,0.6000000000000001,0.0,0.2,0.0,0.0,0.0016317881099488,0.0431652934725824,0.0447970815824984,0.1441979821894372,0.1,0.1999999999999964,0.1999999999999822,0.1591666666666666
2018-07-23,0,0,0,0.001099542838629,0.0043478260869565,0.2,0.0,0.2,0.0431652934725647,0.0,0.0,0.0442648363112115,0.0458966244211275,0.1318936874288031,0.0,0.1999999999999964,0.1999999999999822,0.1574583333333333
2018-07-24,0,0,0,0.0,0.0,0.0,0.0,0.0,0.001099542838629,0.0431652934725647,0.0,0.0442648363112115,0.0458966244211275,0.1099102092186427,0.0,0.0999999999999964,0.1999999999999822,0.1524166666666666
2018-07-25,0,0,0,0.0,0.0,0.0,0.0,0.0,0.0,0.001099542838629,0.0431652934725647,0.0010995428386467,0.0458966244211275,0.0458966244211497,0.1,0.0999999999999964,0.2999999999999823,0.1584583333333333
2018-07-26,0,0,0,0.0,0.0,0.0,0.0,0.0,0.0,0.0,0.001099542838629,0.0,0.0442648363111787,0.0458966244211497,0.0,0.0999999999999964,0.2999999999999823,0.1539583333333333
2018-07-27,0,0,0,0.0,0.0,0.0,0.0,0.0,0.0,0.0,0.0,0.0,0.0442648363111787,0.0458966244211497,0.0,0.0999999999999964,0.2999999999999823,0.1429166666666666
2018-07-28,0,0,0,0.0,0.0,0.0,0.0,0.0,0.0,0.0,0.0,0.0,0.0442648363111787,0.0458966244211497,0.0,0.0,0.1999999999999822,0.132375
2018-07-29,0,0,0,0.0,0.0,0.0,0.0,0.0,0.0,0.0,0.0,0.0,0.0010995428386139,0.0458966244211497,0.0,0.0,0.0999999999999822,0.1237499999999999
2018-07-30,1,1,0,0.0070839633382374,0.0186046511627906,0.8,0.0,0.2,0.0,0.0,0.0,0.0070839633382551,0.0070839633382223,0.0529805877593871,6.7,6.699999999999997,6.799999999999982,0.1280833333333333
2018-07-31,1,19,2,14.95276813063182,12.654418604651164,25.83,12.14,11.46,0.0070839633382374,0.0,0.0,14.959852093970076,14.959852093970044,15.005748718391208,8.3,14.999999999999996,15.099999999999984,0.2684166666666667
2018-08-01,0,0,0,3.8069905301286098,2.882444444444445,10.8,2.79,2.16,14.95276813063182,0.0070839633382374,0.0,18.76684262409869,18.76684262409865,18.81273924851982,5.4,20.4,20.399999999999984,0.32475
2018-08-02,0,0,0,2.8157232269250807,2.725,21.19,1.775,21.19,3.8069905301286098,14.95276813063182,0.0070839633382374,21.575481887685527,21.58256585102373,21.626830687334948,3.7,17.4,24.099999999999984,0.410375
2018-08-03,1,1,0,9.83031201826241,8.085909090909091,21.26,6.76,2.56,2.8157232269250807,3.8069905301286098,14.95276813063182,16.453025775316117,31.41287786928614,31.45714270559736,25.5,34.599999999999994,49.59999999999998,0.46575
2018-08-04,0,0,0,3.5599909124694413,2.9993478260869564,18.67,1.1,18.67,9.83031201826241,2.8157232269250807,3.8069905301286098,16.20602615765695,34.97286878175559,35.0171336180668,0.1,29.3,49.69999999999998,0.4734583333333333
2018-08-05,0,0,0,1.0917624108900654,1.3095454545454546,13.2,0.2,2.77,3.5599909124694413,9.83031201826241,2.8157232269250807,14.482065341621936,36.06463119264565,36.0657307354843,0.9,26.5,50.59999999999998,0.4736666666666667
2018-08-06,1,2,0,7.472796057020676,5.98,13.52,4.1000000000000005,3.18,1.0917624108900654,3.5599909124694413,9.83031201826241,12.1245493803802,43.53034328632809,43.53742724966635,9.7,10.699999999999996,53.59999999999998,0.4754583333333333
2018-08-07,0,0,0,1.2452463258492068,1.3078048780487803,10.62,0.4,0.59,7.472796057020676,1.0917624108900654,3.5599909124694413,9.809804793759966,29.822821481545475,44.78267357551555,0.0,10.599999999999996,45.29999999999998,0.4697916666666666
2018-08-08,0,0,0,1.1533561264867616,2.4333333333333336,51.7,0.0,11.62,1.2452463258492068,7.472796057020676,1.0917624108900654,9.87139850935666,27.169187077903626,45.93602970200232,0.9,10.599999999999996,40.79999999999998,0.4533333333333333
2018-08-09,0,0,0,1.5579483028509746,1.6430232558139537,9.75,1.4,1.97,1.1533561264867616,1.2452463258492068,7.472796057020676,3.956550755186961,25.91141215382952,47.49397800485329,4.9,5.799999999999997,41.99999999999999,0.443
2018-08-10,0,0,0,0.2580905823121442,0.3488372093023256,3.0,0.0,0.2,1.5579483028509746,1.1533561264867616,1.2452463258492068,2.969395011649898,16.33919071787926,47.75206858716543,0.0,5.799999999999997,16.499999999999982,0.4229583333333333
2018-08-11,0,0,0,0.243252637027337,0.3981395348837209,6.72,0.0,3.36,0.2580905823121442,1.5579483028509746,1.1533561264867616,2.059291522190473,13.022452442437151,47.99532122419277,0.0,4.899999999999997,16.39999999999998,0.400875
2018-08-12,1,1,0,0.2721872158769994,0.2809523809523809,4.2,0.0,0.2,0.243252637027337,0.2580905823121442,1.5579483028509746,0.7735304352164984,12.202877247424084,48.26750844006977,0.0,0.0,15.499999999999982,0.3878333333333333
2018-08-13,0,0,0,0.0909116222988118,0.1571428571428571,1.2000000000000002,0.0,0.2,0.2721872158769994,0.243252637027337,0.2580905823121442,0.606351475203166,4.8209928127022215,48.35133609903034,0.0,0.0,5.799999999999983,0.3774166666666667
2018-08-14,0,0,0,0.0504392797658157,0.1047619047619047,1.0,0.0,0.2,0.0909116222988118,0.2721872158769994,0.243252637027337,0.4135381179416447,3.62618576661883,33.44900724816434,0.0,0.0,5.799999999999983,0.3630416666666666
2018-08-15,0,0,0,0.050165284733054,0.0780487804878048,0.6000000000000001,0.0,0.2,0.0504392797658157,0.0909116222988118,0.2721872158769994,0.1915161867976993,2.522994924865123,29.692182002768785,0.0,0.0,4.899999999999983,0.3483333333333333
2018-08-16,0,0,0,0.494895713127312,0.628048780487805,4.5600000000000005,0.2,0.39,0.050165284733054,0.0504392797658157,0.0909116222988118,0.5955002776261995,1.4599423351414602,27.37135448897101,0.3,0.2999999999999964,0.2999999999999822,0.3424583333333333
2018-08-17,1,1,0,0.2175996187995122,0.2731707317073171,1.4,0.2,0.2,0.494895713127312,0.050165284733054,0.0504392797658157,0.762660616659896,1.4194513716288282,17.75864208950812,0.8,1.0999999999999963,1.0999999999999823,0.3564166666666666
2018-08-18,0,0,0,0.0703476718069805,0.1365853658536585,1.2000000000000002,0.0,0.2,0.2175996187995122,0.494895713127312,0.050165284733054,0.7828430037338227,1.2465464064084717,14.26899884884566,0.0,1.0999999999999963,1.0999999999999823,0.3570833333333333
2018-08-19,0,0,0,0.0268487186824987,0.035,0.4,0.0,0.2,0.0703476718069805,0.2175996187995122,0.494895713127312,0.3147960092890093,1.001207909213971,13.20408515663809,0.0,0.7999999999999965,1.0999999999999823,0.3374583333333333
2018-08-20,0,0,0,0.0205663126702946,0.038780487804878,0.59,0.0,0.59,0.0268487186824987,0.0703476718069805,0.2175996187995122,0.1177627031597916,0.9308625995854538,5.751855412287711,0.0,0.0,1.0999999999999823,0.3143333333333333
2018-08-21,0,0,0,0.0091657556630233,0.0146341463414634,0.2,0.0,0.2,0.0205663126702946,0.0268487186824987,0.0703476718069805,0.0565807870158345,0.8895890754826614,4.515774842101527,0.0,0.0,1.0999999999999823,0.2946249999999999
2018-08-22,0,0,0,0.4550699975583097,0.3066666666666667,12.8,0.0,12.8,0.0091657556630233,0.0205663126702946,0.0268487186824987,0.4848020658916454,1.294493788307917,3.8174887131730753,0.2,0.1999999999999964,1.2999999999999825,0.28975
2018-08-23,0,0,0,0.0527055377618481,0.0858823529411764,1.7799999999999998,0.0,0.98,0.4550699975583097,0.0091657556630233,0.0205663126702946,0.516941290983199,0.8523036129424532,2.312245948083949,0.0,0.1999999999999964,0.9999999999999822,0.277625
2018-08-24,0,0,0,0.188473886444911,0.3190322580645161,13.93,0.0,9.15,0.0527055377618481,0.4550699975583097,0.0091657556630233,0.6962494217650866,0.8231778805878519,2.2426292522167155,0.0,0.1999999999999964,0.1999999999999822,0.258125
2018-08-25,0,0,0,6.681852792396281,6.833968253968254,12.59,7.88,2.56,0.188473886444911,0.0527055377618481,0.4550699975583097,6.923032216603058,7.434683001177152,8.68122940758566,4.2,4.199999999999997,4.399999999999983,0.272
2018-08-26,0,0,0,0.6373581369107281,0.7665000000000001,8.290000000000001,0.5900000000000001,2.96,6.681852792396281,0.188473886444911,0.0527055377618481,7.507684815751938,8.045192419405382,9.04640032861939,2.9,7.099999999999996,7.299999999999983,0.3570416666666667
2018-08-27,0,0,0,0.1070693991958533,0.1013432835820895,0.8,0.0,0.39,0.6373581369107281,6.681852792396281,0.188473886444911,7.42628032850288,8.13169550593094,9.06255810551643,0.1,7.199999999999997,7.399999999999983,0.3756666666666666
2018-08-28,0,0,0,0.0438544943262461,0.0666666666666666,2.2,0.0,0.2,0.1070693991958533,0.6373581369107281,6.681852792396281,0.7882820304328453,8.166384244594163,9.05597332007686,0.0,2.9999999999999964,7.399999999999983,0.3557916666666667
2018-08-29,0,0,0,0.0105726353844322,0.017391304347826,0.2,0.0,0.2,0.0438544943262461,0.1070693991958533,0.6373581369107281,0.1614965289065494,7.721886882420286,9.01638067072824,0.0,0.0999999999999964,7.199999999999982,0.32375
2018-08-30,0,0,0,0.0110962006722948,0.0144927536231884,0.2,0.0,0.2,0.0105726353844322,0.0438544943262461,0.1070693991958533,0.0655233303829909,7.680277545330732,8.53258115827322,0.0,0.0,7.199999999999982,0.291875
2018-08-31,0,0,0,0.0089929822022983,0.008695652173913,0.4,0.0,0.2,0.0110962006722948,0.0105726353844322,0.0438544943262461,0.0306618182590432,7.50079664108812,8.323974521676009,0.0,0.0,7.199999999999982,0.259625
2018-09-01,0,0,0,0.0048144021147536,0.005735294117647,0.39,0.0,0.39,0.0089929822022983,0.0110962006722948,0.0105726353844322,0.0249035849893646,0.8237582508065924,8.25844125198378,0.0,0.0,2.9999999999999822,0.2304583333333333
2018-09-02,0,0,0,0.0248213928019897,0.0405882352941176,2.36,0.0,1.18,0.0048144021147536,0.0089929822022983,0.0110962006722948,0.0386287771190596,0.2112215066978541,8.256413926103273,0.0,0.0,0.0999999999999822,0.2062083333333333
2018-09-03,1,1,0,0.9375014823213452,1.0422058823529412,5.32,0.6000000000000001,4.33,0.0248213928019897,0.0048144021147536,0.0089929822022983,0.9671372772381064,1.041653589823346,9.173349095754322,2.4,2.3999999999999964,2.399999999999982,0.21375
2018-09-04,1,6,0,9.2453629904031,7.2001470588235295,24.01,4.95,4.13,0.9375014823213452,0.0248213928019897,0.0048144021147536,10.207685865526454,10.2431620859002,18.4095463304944,7.9,10.299999999999995,10.299999999999985,0.2756666666666666
2018-09-05,1,2,0,1.8794152329735463,1.4558823529411764,10.8,0.6000000000000001,0.59,9.2453629904031,0.9375014823213452,0.0248213928019897,12.062279705698009,12.112004683489314,19.833891565909635,1.6,11.899999999999997,11.899999999999984,0.3468333333333333
2018-09-06,1,1,0,0.389886904435141,0.3469117647058823,6.2,0.0,0.39,1.8794152329735463,9.2453629904031,0.9375014823213452,11.514665127811805,12.49079538725216,20.17107293258293,0.0,9.499999999999996,11.899999999999984,0.3300833333333333
2018-09-07,0,0,0,0.1936037024245012,0.0746268656716417,2.2,0.0,0.2,0.389886904435141,1.8794152329735463,9.2453629904031,2.462905839833206,12.675406107474364,20.17620274856252,0.0,1.5999999999999963,11.899999999999984,0.298
2018-09-08,1,2,0,0.0214067765656475,0.026865671641791,0.8,0.0,0.2,0.1936037024245012,0.389886904435141,1.8794152329735463,0.6048973834253075,12.691998481925255,13.515756732731884,0.0,0.0,11.899999999999984,0.2664166666666667
2018-09-09,1,2,0,0.0110717382581451,0.014776119402985,0.5900000000000001,0.0,0.39,0.0214067765656475,0.1936037024245012,0.389886904435141,0.2260822172483116,12.678248827381411,12.8894703340793,0.0,0.0,11.899999999999984,0.2393333333333333
2018-09-10,0,0,0,0.0114582034197233,0.0117910447761194,0.5900000000000001,0.0,0.39,0.0110717382581451,0.0214067765656475,0.1936037024245012,0.0439367182435337,11.75220554847979,12.793859138303173,0.0,0.0,9.499999999999982,0.2162916666666666
2018-09-11,0,0,0,0.0079583132820739,0.008955223880597,0.2,0.0,0.2,0.0114582034197233,0.0110717382581451,0.0214067765656475,0.0304882549599601,2.5148008713587644,12.757962957258998,0.1,0.0999999999999964,1.6999999999999824,0.1979166666666666
2018-09-12,0,0,0,0.0085417089872083,0.017910447761194,0.6000000000000001,0.0,0.2,0.0079583132820739,0.0114582034197233,0.0110717382581451,0.0279582256890234,0.6439273473724263,12.755932030861777,0.0,0.0999999999999964,0.0999999999999822,0.1883333333333333
2018-09-13,0,0,0,0.0050184464945611,0.006060606060606,0.4,0.0,0.2,0.0085417089872083,0.0079583132820739,0.0114582034197233,0.0215184687638612,0.2590588894318464,12.749854276684042,0.4,0.4999999999999964,0.4999999999999822,0.1752916666666666
2018-09-14,1,13,0,18.133185307455104,18.512727272727272,36.6,20.475,7.33,0.0050184464945611,0.0085417089872083,0.0079583132820739,18.14674546293689,18.19864049446245,30.874046601936847,14.3,14.699999999999998,14.799999999999985,0.200125
2018-09-15,0,0,0,3.234681588136802,2.7574242424242428,32.24,0.4,1.58,18.133185307455104,0.0050184464945611,0.0085417089872083,21.372885342086484,21.4119153060336,34.103913787958895,3.0,17.699999999999996,17.799999999999983,0.29975
2018-09-16,0,0,0,1.0181298046215246,0.5296969696969697,10.58,0.0,0.39,3.234681588136802,18.133185307455104,0.0050184464945611,22.385996700213447,22.418973372396984,35.09722219977843,0.0,17.299999999999997,17.799999999999983,0.322
2018-09-17,0,0,0,3.221346595940854,2.839090909090909,9.67,1.8,1.18,1.0181298046215246,3.234681588136802,18.133185307455104,7.474157988699199,25.628861764918117,37.38106731339794,6.4,9.399999999999997,24.19999999999998,0.3482916666666666
2018-09-18,0,0,0,0.905115638731878,0.9246969696969698,42.84,0.0,6.91,3.221346595940854,1.0181298046215246,3.234681588136802,5.144592039294275,26.52601909036792,29.040819961726715,0.5,6.899999999999997,24.59999999999998,0.3755833333333333
2018-09-19,0,0,0,0.1231184300782301,0.2218181818181818,8.67,0.0,4.92,0.905115638731878,3.221346595940854,1.0181298046215246,4.24958066475098,26.64059581145894,27.2845231588314,1.2,8.099999999999996,25.799999999999983,0.3490833333333333
2018-09-20,1,9,2,6.139808292481239,6.135303030303031,28.59,2.5700000000000003,19.34,0.1231184300782301,0.905115638731878,3.221346595940854,7.168042361291365,32.77538565744562,33.034444546877495,6.8,8.499999999999996,32.19999999999998,0.3427083333333333
2018-09-21,1,1,0,5.280515951514491,3.621363636363637,11.4,3.16,1.58,6.139808292481239,0.1231184300782301,0.905115638731878,11.543442674073978,19.922716301505005,38.12135679596749,3.3,11.299999999999995,21.19999999999998,0.4372083333333333
2018-09-22,0,0,0,0.0760040479613608,0.1119696969696969,2.6,0.0,0.39,5.280515951514491,6.139808292481239,0.1231184300782301,11.496328291957107,16.764038761329562,38.17595406736321,0.0,10.099999999999998,18.19999999999998,0.38525
2018-09-23,0,0,0,0.0276917251230984,0.0363636363636363,0.6000000000000001,0.0,0.2,0.0760040479613608,5.280515951514491,6.139808292481239,5.384211724598969,15.773600681831136,38.19257405422816,0.0,3.2999999999999963,18.19999999999998,0.3369166666666667
2018-09-24,0,0,0,0.0201766415381914,0.0303030303030303,0.4,0.0,0.2,0.0276917251230984,0.0760040479613608,5.280515951514491,0.1238724146226693,12.572430727428474,38.201292492346624,0.0,0.0,11.799999999999985,0.2926249999999999
2018-09-25,0,0,0,0.0165117830577281,0.0272727272727272,0.4,0.0,0.2,0.0201766415381914,0.0276917251230984,0.0760040479613608,0.0643801497190367,11.683826871754324,38.20984596212227,0.0,0.0,11.299999999999985,0.2543333333333333
2018-09-26,0,0,0,0.0129523832352437,0.0212121212121212,0.4,0.0,0.2,0.0165117830577281,0.0201766415381914,0.0276917251230984,0.049640807831182,11.57366082491134,38.21425663637032,1.6,1.5999999999999963,11.699999999999983,0.2355
2018-09-27,1,4,2,6.598826340439398,6.4775757575757575,24.36,4.035,14.63,0.0129523832352437,0.0165117830577281,0.0201766415381914,6.628290506732389,12.032678872869496,44.80806453031515,9.0,10.599999999999996,13.899999999999984,0.3037083333333333
2018-09-28,0,0,0,1.080104141411884,0.9340909090909092,8.72,0.2,0.59,6.598826340439398,0.0129523832352437,0.0165117830577281,7.691882865086544,7.83226706276689,27.75498336427193,1.3,11.899999999999997,11.899999999999984,0.4145416666666666
2018-09-29,0,0,0,0.1405956149899529,0.2690909090909091,3.18,0.0,0.59,1.080104141411884,6.598826340439398,0.0129523832352437,7.819526096841254,7.896858629795483,24.660897391125083,0.8,11.099999999999996,12.699999999999983,0.401375
2018-09-30,1,15,6,16.319408263667718,18.43378787878788,90.81,13.29,20.42,0.1405956149899529,1.080104141411884,6.598826340439398,17.540108020069574,24.1885751683401,39.96217585017128,28.9,30.999999999999996,41.59999999999998,0.411375
2018-10-01,1,7,1,10.207711886456453,5.6396969696969705,27.85,1.785,15.13,16.319408263667718,0.1405956149899529,1.080104141411884,26.667715765114146,34.37611041325836,46.94854114068687,5.8,35.49999999999999,47.39999999999998,0.4389583333333333
2018-10-02,0,0,0,2.949583647828096,1.481969696969697,16.36,0.0,3.02,10.207711886456453,16.319408263667718,0.1405956149899529,29.47670379795229,37.30918227802873,48.99300914978309,0.1,34.8,47.49999999999998,0.399375
2018-10-03,0,0,0,0.829206934029232,1.078153846153846,8.29,0.4,6.12,2.949583647828096,10.207711886456453,16.319408263667718,13.9865024683138,38.12543682882272,49.69909765373409,3.3,9.199999999999992,49.19999999999998,0.3637916666666667
2018-10-04,0,0,0,0.197508966474058,0.3172727272727273,2.6,0.2,0.59,0.829206934029232,2.949583647828096,10.207711886456453,3.976299548331408,31.724119454857377,43.756798327726905,0.7,4.0999999999999925,40.89999999999998,0.3770833333333332
2018-10-05,0,0,0,0.1420428377487106,0.203030303030303,2.8000000000000003,0.0,0.2,0.197508966474058,0.829206934029232,2.949583647828096,1.168758738252022,30.786058151194204,38.61832521396113,0.9,4.899999999999992,40.49999999999998,0.4285416666666666
2018-10-06,0,0,0,0.6761972777958272,1.0595384615384615,5.33,0.2,1.97,0.1420428377487106,0.197508966474058,0.829206934029232,1.0157490820186172,31.32165981400008,39.2185184437956,6.5,8.099999999999993,46.19999999999997,0.468875
2018-10-07,0,0,0,1.2432112512587292,1.559090909090909,10.85,1.0,3.94,0.6761972777958272,0.1420428377487106,0.197508966474058,2.061451366803288,16.24546280159109,40.434037969931225,9.7,17.09999999999999,26.999999999999982,0.4912083333333333
2018-10-08,0,0,0,2.8185975376297066,2.8046969696969697,10.9,3.0,1.38,1.2432112512587292,0.6761972777958272,0.1420428377487106,4.738006066684284,8.856348452764346,43.23245886602274,16.1,32.3,37.29999999999998,0.4885416666666666
2018-10-09,1,3,0,10.562512073897578,9.577846153846156,18.71,11.93,6.49,2.8185975376297066,1.2432112512587292,0.6761972777958272,14.624320862786035,16.469276878833828,53.7784591568626,14.1,39.89999999999999,51.29999999999998,0.4935416666666667
2018-10-10,1,1,0,0.9260891739615068,1.2110606060606062,12.97,0.4,4.13,10.562512073897578,2.8185975376297066,1.2432112512587292,14.307198785488811,16.5661591187661,54.69159594758886,1.3,31.499999999999996,49.29999999999998,0.4766666666666666
2018-10-11,0,0,0,1.1106854426584043,1.322878787878788,14.87,0.8,0.59,0.9260891739615068,10.562512073897578,2.8185975376297066,12.59928669051751,17.47933559495045,49.20345504980786,5.4,20.799999999999997,53.99999999999998,0.4893749999999999
2018-10-12,0,0,0,0.1484926266084437,0.2177611940298507,2.8000000000000003,0.0,0.79,1.1106854426584043,0.9260891739615068,10.562512073897578,2.185267243228376,17.48578538381018,48.27184353500442,0.5,7.199999999999993,53.59999999999998,0.4804583333333332
2018-10-13,0,0,0,5.261543046298024,6.321940298507463,21.06,5.54,11.12,0.1484926266084437,1.1106854426584043,0.9260891739615068,6.520721115564893,22.071131152312372,53.39279096631249,0.9,6.799999999999994,47.99999999999999,0.4712916666666666
2018-10-14,0,0,0,2.58185269197594,2.1408955223880595,16.29,0.99,0.79,5.261543046298024,0.1484926266084437,1.1106854426584043,7.991888364882428,23.40977259302959,39.65523539462072,2.3,3.6999999999999926,40.59999999999998,0.4797083333333333
2018-10-15,1,6,0,12.342749846059498,10.16776119402985,27.52,11.4,6.58,2.58185269197594,5.261543046298024,0.1484926266084437,20.18614558433348,32.93392490145938,41.79027335422376,5.3,8.499999999999993,29.799999999999983,0.4895833333333333
2018-10-16,1,1,0,1.9821557430853889,1.3676119402985076,11.0,0.8,2.16,12.342749846059498,2.58185269197594,5.261543046298024,16.906758281120847,24.353568570647187,40.82284544948105,2.7,10.299999999999992,18.39999999999998,0.47325
2018-10-17,1,20,14,6.33044706205243,8.58686567164179,93.63,1.58,23.38,1.9821557430853889,12.342749846059498,2.58185269197594,20.655352651197337,29.757926458738115,46.32408557750425,4.5,12.499999999999991,21.59999999999998,0.4757083333333333
2018-10-18,1,4,0,9.011501085629986,8.532089552238805,28.38,7.15,11.79,6.33044706205243,1.9821557430853889,12.342749846059498,17.324103890767823,37.6587421017097,55.13807769666018,1.2,8.399999999999991,17.39999999999998,0.4741666666666667
2018-10-19,0,0,0,2.257819530272966,2.482727272727273,19.1,1.5950000000000002,3.35,9.011501085629986,6.33044706205243,1.9821557430853889,17.599767677955402,39.768069005374215,57.25385438918444,2.1,7.799999999999992,18.999999999999982,0.4937916666666666
2018-10-20,0,0,0,1.091242271934818,1.892089552238806,17.53,0.2,1.77,2.257819530272966,9.011501085629986,6.33044706205243,12.360562887837787,35.59776823101102,57.66889938332343,0.4,3.699999999999992,18.49999999999998,0.4766666666666666
2018-10-21,0,0,0,0.0965112174405781,0.1074626865671641,2.6,0.0,0.2,1.091242271934818,2.257819530272966,9.011501085629986,3.4455730196483816,33.11242675647565,56.52219934950528,0.0,2.499999999999992,16.19999999999998,0.4524583333333333
2018-10-22,0,0,0,0.1200466130873102,0.1074626865671641,4.4,0.0,0.2,0.0965112174405781,1.091242271934818,2.257819530272966,1.307800102462726,20.889723523503463,53.82364842496288,0.0,0.3999999999999916,10.899999999999984,0.4285416666666666
2018-10-23,0,0,0,0.0475326210271443,0.0944776119402985,2.36,0.0,2.36,0.1200466130873102,0.0965112174405781,1.091242271934818,0.2640904515550523,18.955100401445225,43.30866897209245,0.6,0.5999999999999915,8.799999999999981,0.407
2018-10-24,1,7,0,10.472549990231846,9.192424242424243,20.14,10.26,2.16,0.0475326210271443,0.1200466130873102,0.0965112174405781,10.64012922434632,23.097203329624637,52.85512978836278,15.7,16.29999999999999,19.999999999999982,0.4592083333333334
2018-10-25,1,5,0,5.620502084640556,4.878030303030303,12.6,5.29,1.18,10.472549990231846,0.0475326210271443,0.1200466130873102,16.140584695899562,19.7062043286352,57.364946430344936,9.5,25.79999999999999,28.299999999999983,0.491875
2018-10-26,0,0,0,1.2977455683629222,1.3580597014925375,8.87,0.8,2.76,5.620502084640556,10.472549990231846,0.0475326210271443,17.39079764323534,18.74613036672516,58.51419937209942,5.1,30.29999999999999,31.299999999999983,0.4900416666666666
2018-10-27,0,0,0,4.783674116357976,6.002835820895522,20.47,5.53,5.71,1.2977455683629222,5.620502084640556,10.472549990231846,11.701921769361473,22.43856221114832,58.03633044215937,6.9,21.499999999999996,37.79999999999998,0.44625
2018-10-28,0,0,0,2.330101479044889,1.8129850746268656,8.84,1.0,1.18,4.783674116357976,1.2977455683629222,5.620502084640556,8.411521163765807,24.672152472752632,57.78457922922832,0.6,12.59999999999999,38.399999999999984,0.4410833333333333
2018-10-29,0,0,0,0.2099297390220815,0.2883582089552239,8.54,0.0,2.95,2.330101479044889,4.783674116357976,1.2977455683629222,7.323705334424966,24.7620355986874,45.6517591221909,0.1,7.599999999999992,38.49999999999999,0.4359166666666667
2018-10-30,0,0,0,0.0544752245803892,0.0626865671641791,0.8,0.0,0.2,0.2099297390220815,2.330101479044889,4.783674116357976,2.59450644264738,24.76897820224065,43.724078603685896,0.0,0.6999999999999911,37.899999999999984,0.4183333333333333
2018-10-31,0,0,0,3.1639678037688768,3.1665151515151515,12.6,2.265,6.7,0.0544752245803892,0.2099297390220815,2.330101479044889,3.4283727673713678,17.460396015777675,40.55759934540235,0.0,0.0999999999999911,22.19999999999998,0.397375
2018-11-01,0,0,0,1.1279025581993942,1.0322727272727272,31.94,0.2,6.21,3.1639678037688768,0.0544752245803892,0.2099297390220815,4.34634558654868,12.967796489336516,32.67400081797175,0.9,0.8999999999999911,13.599999999999982,0.3935
2018-11-02,0,0,0,0.0612164807941456,0.0790909090909091,1.2000000000000002,0.0,0.42,1.1279025581993942,3.1639678037688768,0.0544752245803892,4.353086842762437,11.73126740176774,30.47739776849293,0.6,1.4999999999999911,9.099999999999982,0.3946666666666667
2018-11-03,0,0,0,1.7293395534019165,1.6034328358208956,11.27,1.0,6.15,0.0612164807941456,1.1279025581993942,3.1639678037688768,2.918458592395476,8.676932838811679,31.115495049960032,11.8,13.299999999999992,13.999999999999982,0.40325
2018-11-04,1,1,0,0.2909911751579333,0.1696969696969697,1.6,0.0,0.2,1.7293395534019165,0.0612164807941456,1.1279025581993942,2.081547209354015,6.637822534924723,31.30997500767739,2.5,14.899999999999991,15.899999999999984,0.4647916666666666
2018-11-05,1,2,0,0.2026437193727001,0.1786363636363636,1.4,0.0,0.4,0.2909911751579333,1.7293395534019165,0.0612164807941456,2.222974447932569,6.630536515275342,31.39257211396278,0.5,14.799999999999992,16.299999999999983,0.4590833333333333
2018-11-06,1,2,0,0.0259796728470293,0.026865671641791,0.6000000000000001,0.0,0.2,0.2026437193727001,0.2909911751579333,1.7293395534019165,0.5196145673776824,6.602040963541982,31.371019165782663,2.3,5.299999999999991,18.599999999999984,0.4454583333333333
2018-11-07,0,0,0,0.7615791642671146,1.4186567164179105,13.44,0.0,3.74,0.0259796728470293,0.2026437193727001,0.2909911751579333,0.9902025564868636,4.199652324040219,21.66004833981793,5.6,8.399999999999991,24.19999999999998,0.4800416666666666
2018-11-08,0,0,0,2.4003738216086736,2.7550000000000003,11.16,1.4,1.97,0.7615791642671146,0.0259796728470293,0.2026437193727001,3.187932658722837,5.472123587449499,18.43992007678605,3.9,11.79999999999999,27.19999999999998,0.4969166666666667
2018-11-09,0,0,0,0.4307007760926803,0.6326865671641791,5.98,0.2,1.18,2.4003738216086736,0.7615791642671146,0.0259796728470293,3.592653761968488,5.8416078827480336,17.57287528451581,5.3,14.79999999999999,31.899999999999984,0.4802083333333333
2018-11-10,0,0,0,3.080502064451872,5.132089552238806,73.84,1.59,13.42,0.4307007760926803,2.4003738216086736,0.7615791642671146,5.911576662153245,7.192770393797989,15.869703232609703,3.2,12.399999999999991,23.299999999999983,0.4805
2018-11-11,1,3,1,0.7526776251940313,1.4170149253731343,20.14,0.0,14.7,3.080502064451872,0.4307007760926803,2.4003738216086736,4.263880465738603,7.654456843834087,14.292279378758844,3.3,11.799999999999992,24.09999999999998,0.4767916666666666
2018-11-12,0,0,0,0.0665088343790344,0.1209090909090909,2.8000000000000003,0.0,0.39,0.7526776251940313,3.080502064451872,0.4307007760926803,3.899688524024957,7.518321958840421,14.1488584741158,2.1,8.59999999999999,25.69999999999998,0.4644166666666667
2018-11-13,0,0,0,0.1779991742219155,0.1842424242424242,5.2,0.0,0.59,0.0665088343790344,0.7526776251940313,3.080502064451872,0.9971856337950008,7.670341460215307,14.272382423757325,0.3,5.699999999999991,23.69999999999998,0.4448749999999999
2018-11-14,1,1,0,0.162513613903036,0.2245454545454545,10.64,0.0,3.35,0.1779991742219155,0.0665088343790344,0.7526776251940313,0.4070216225040055,7.071275909851229,11.270928233891484,0.0,2.399999999999991,18.099999999999984,0.410875
2018-11-15,1,1,0,3.622654683688407,3.003484848484849,31.94,0.4,8.93,0.162513613903036,0.1779991742219155,0.0665088343790344,3.9631674718133776,8.29355677193096,13.765680359380497,4.4,4.699999999999991,18.599999999999984,0.4255833333333333
2018-11-16,0,0,0,0.3324675209722683,0.326,10.0,0.0,0.39,3.622654683688407,0.162513613903036,0.1779991742219155,4.1176358185637305,8.19532351681055,14.036931399558618,0.0,4.399999999999992,13.299999999999985,0.4402916666666667
2018-11-17,0,0,0,0.1254892133104116,0.1633846153846153,7.0,0.0,0.82,0.3324675209722683,3.622654683688407,0.162513613903036,4.080611417971106,5.240310665669089,12.433081059467114,0.2,4.599999999999992,10.299999999999985,0.4154166666666667
2018-11-18,1,1,0,2.113233581617277,3.1833846153846155,19.78,1.77,8.74,0.1254892133104116,0.3324675209722683,3.622654683688407,2.5711903158999765,6.600866622092335,14.25532346592646,14.3,14.499999999999991,21.299999999999983,0.3968333333333333
2018-11-19,1,10,0,28.358814382443803,26.19265625,48.13,31.22,6.1,2.113233581617277,0.1254892133104116,0.3324675209722683,30.59753717737151,34.8931721701571,42.41149412899756,20.2,34.69999999999999,39.39999999999998,0.4815
2018-11-20,1,1,0,2.897547370530765,1.59359375,15.4,0.2,0.39,28.358814382443803,2.113233581617277,0.1254892133104116,33.369595334591864,37.61272036646595,45.2830618266813,0.9,35.39999999999999,39.99999999999999,0.4756249999999999
2018-11-21,0,0,0,0.5889699427282091,0.7690625000000001,10.8,0.0,0.42,2.897547370530765,28.358814382443803,2.113233581617277,31.8453316957028,38.039176695291125,45.11045260514239,0.1,21.199999999999992,40.09999999999999,0.4689166666666666
2018-11-22,1,1,1,2.871477777378721,3.58015625,40.3,1.29,9.54,0.5889699427282091,2.897547370530765,28.358814382443803,6.357995090637713,37.287999788981445,45.58155656091244,4.5,5.499999999999993,40.19999999999999,0.453
2018-11-23,1,3,1,6.433252653775,8.205625,63.79,2.8000000000000003,21.45,2.871477777378721,0.5889699427282091,2.897547370530765,9.893700373881948,43.38878492178417,51.584108438594754,2.7,7.299999999999993,42.899999999999984,0.4700416666666667
2018-11-24,1,1,0,11.037885846536422,11.44609375,25.4,12.98,3.74,6.433252653775,2.871477777378721,0.5889699427282091,20.34261627769016,54.30118155501018,59.54149222067931,18.0,25.199999999999992,60.69999999999998,0.4516666666666666
2018-11-25,1,3,0,5.502157349040388,5.414375,24.02,2.59,6.31,11.037885846536422,6.433252653775,2.871477777378721,22.97329584935183,57.6901053224333,64.29097194452567,23.6,44.3,69.99999999999997,0.4644999999999999
2018-11-26,0,0,0,0.3542582294765436,0.54953125,7.0,0.0,0.39,5.502157349040388,11.037885846536422,6.433252653775,16.89430142505337,29.68554916946604,64.57872133962317,5.0,46.6,54.79999999999998,0.4945833333333333
2018-11-27,0,0,0,0.1520098551345329,0.2539682539682539,4.2,0.0,0.2,0.3542582294765436,5.502157349040388,11.037885846536422,6.008425433651483,26.940011654069803,64.5527320205358,0.1,28.7,53.99999999999999,0.4649166666666666
2018-11-28,0,0,0,0.0969843088519331,0.1617460317460317,2.6,0.0,0.39,0.1520098551345329,0.3542582294765436,5.502157349040388,0.6032523934630274,26.448026020193527,64.48720271548468,0.6,5.699999999999993,54.49999999999999,0.44875
2018-11-29,1,4,2,6.330766809078789,7.291904761904763,37.97,3.95,13.86,0.0969843088519331,0.1520098551345329,0.3542582294765436,6.579760973065273,29.9073150518936,67.19531484087507,0.2,0.8999999999999928,50.19999999999998,0.4408333333333333
2018-11-30,1,20,10,10.718941002879948,13.266774193548386,60.93,8.89,17.69,6.330766809078789,0.0969843088519331,0.1520098551345329,17.146692120810687,34.19300340099855,77.58178832278274,12.0,12.799999999999994,59.49999999999998,0.4368333333333333
2018-12-01,1,39,22,39.02095300409945,41.11983870967742,99.44,45.45,13.64,10.718941002879948,6.330766809078789,0.0969843088519331,56.0706608160582,62.17607055856156,116.4772521135718,26.1,38.3,67.6,0.475125
2018-12-02,1,2,0,7.39977421712388,3.873548387096775,67.01,0.5950000000000001,2.95,39.02095300409945,10.718941002879948,6.330766809078789,57.13966822410329,64.07368742664505,121.7637927490784,2.6,40.7,46.59999999999998,0.4858333333333333
2018-12-03,0,0,0,3.655290908139016,1.7591935483870969,9.4,1.2000000000000002,2.52,7.39977421712388,39.02095300409945,10.718941002879948,50.07601812936237,67.37472010530753,97.06026927477362,1.3,29.999999999999996,42.89999999999998,0.4781666666666666
2018-12-04,1,1,0,1.7278989638077191,0.6290322580645161,6.6000000000000005,0.0,0.2,3.655290908139016,7.39977421712388,39.02095300409945,12.78296408907063,68.95060921398071,95.89062086805056,0.2,4.099999999999993,42.99999999999999,0.444375
2018-12-05,0,0,0,1.1986040896048549,0.788888888888889,4.800000000000001,0.2,4.15,1.7278989638077191,3.655290908139016,7.39977421712388,6.581793961551604,70.05222899473364,96.5002550149272,2.2,3.699999999999993,44.59999999999998,0.4088333333333333
2018-12-06,0,0,0,0.1664675412371126,0.2507936507936508,3.0,0.0,0.2,1.1986040896048549,1.7278989638077191,3.655290908139016,3.0929705946497004,63.88792972689196,93.7952447787856,0.1,2.4999999999999933,44.49999999999998,0.379
2018-12-07,0,0,0,0.1424526404657844,0.2222222222222222,2.4000000000000004,0.0,0.2,0.1664675412371126,1.1986040896048549,1.7278989638077191,1.507524271307766,53.311441364477794,87.50444476547638,0.7,2.999999999999993,33.19999999999998,0.3700833333333333
2018-12-08,0,0,0,0.7261521453719807,0.7796774193548388,4.19,0.495,0.59,0.1424526404657844,0.1664675412371126,1.1986040896048549,1.035072327074892,15.016640505750331,77.19271106431194,1.9,2.6999999999999926,8.999999999999979,0.3990833333333334
2018-12-09,0,0,0,0.1016193302237532,0.1580645161290322,2.2,0.0,0.2,0.7261521453719807,0.1424526404657844,0.1664675412371126,0.9702241160615326,7.718485618850207,71.7921730454953,0.0,2.5999999999999925,6.399999999999979,0.3739999999999999
2018-12-10,0,0,0,0.1289361312898639,0.1580645161290322,2.6,0.0,0.2,0.1016193302237532,0.7261521453719807,0.1424526404657844,0.956707606885612,4.192130842001054,71.56685094730862,0.0,1.8999999999999928,5.099999999999978,0.3323333333333333
2018-12-11,0,0,0,0.0596918760832193,0.1014754098360655,1.8,0.0,0.39,0.1289361312898639,0.1016193302237532,0.7261521453719807,0.2902473375968507,2.5239237542765545,71.47453296825731,0.1,0.0999999999999929,4.999999999999978,0.296875
2018-12-12,0,0,0,1.7342378637433509,2.526935483870968,24.57,0.2,7.33,0.0596918760832193,0.1289361312898639,0.1016193302237532,1.9228658711164484,3.059557528415051,73.11178652314872,0.0,0.0999999999999929,2.7999999999999785,0.2622916666666666
2018-12-13,1,18,8,7.918446378047832,7.776612903225807,37.03,4.16,12.2,1.7342378637433509,0.0596918760832193,0.1289361312898639,9.712376117874417,10.81153636522577,74.69946609211777,0.1,0.1999999999999929,2.7999999999999785,0.2351666666666666
2018-12-14,0,0,0,4.020423879750662,1.8611290322580647,13.2,0.0,9.23,7.918446378047832,1.7342378637433509,0.0596918760832193,13.673108121541858,14.689507604510649,68.00094896898848,0.0,0.0999999999999929,2.0999999999999788,0.2129583333333333
2018-12-15,0,0,0,2.187567985823748,3.225,39.19,0.4,13.01,4.020423879750662,7.918446378047832,1.7342378637433509,14.126438243622257,16.150923444962416,31.16756395071279,0.4,0.4999999999999929,0.5999999999999788,0.1852916666666666
2018-12-16,1,1,0,1.678006986731419,1.8749180327868853,13.16,0.4,5.98,2.187567985823748,4.020423879750662,7.918446378047832,7.885998852305843,17.72731110147008,25.44579672032033,2.6,2.999999999999993,3.199999999999979,0.1790833333333333
2018-12-17,0,0,0,1.3640981957173186,1.62,16.35,0.0,9.14,1.678006986731419,2.187567985823748,4.020423879750662,5.2296731682725,18.96247316589753,23.154604007898637,4.4,7.399999999999993,7.599999999999979,0.1902916666666666
2018-12-18,1,4,1,7.877318980732541,9.581147540983608,60.42,3.37,12.8,1.3640981957173186,1.678006986731419,2.187567985823748,10.919424163181294,26.780100270546857,29.304024024823452,6.3,13.299999999999994,13.79999999999998,0.2212916666666666
2018-12-19,1,11,2,5.739106984059011,5.385483870967742,87.72,2.7750000000000004,19.34,7.877318980732541,1.3640981957173186,1.678006986731419,14.980524160508883,30.78496939086252,33.84452691927761,1.2,11.899999999999991,14.99999999999998,0.2224583333333333
2018-12-20,1,4,1,1.7201659645307257,0.982741935483871,16.549999999999997,0.0,6.3,5.739106984059011,7.877318980732541,1.3640981957173186,15.336591929322294,24.58668897734541,35.39822534257122,0.8,8.299999999999994,15.69999999999998,0.221125
2018-12-21,0,0,0,0.373163661229907,0.3260655737704918,3.5500000000000003,0.0,3.35,1.7201659645307257,5.739106984059011,7.877318980732541,7.832436609819658,20.939428758824658,35.62893636333535,0.5,2.499999999999993,16.19999999999998,0.1971666666666666
2018-12-22,0,0,0,1.8012338120242737,3.0191935483870966,18.69,1.19,7.94,0.373163661229907,1.7201659645307257,5.739106984059011,3.894563437784921,20.553094585025185,36.70401802998764,7.6,8.899999999999993,23.399999999999977,0.209125
2018-12-23,1,7,2,8.269357376476199,10.019193548387095,39.54,8.0,9.14,1.8012338120242737,0.373163661229907,1.7201659645307257,10.443754849730396,27.14444497476996,44.87175607624009,13.1,21.19999999999999,33.89999999999998,0.3252916666666666
2018-12-24,1,3,0,6.95857021674526,6.798709677419356,29.28,4.8950000000000005,5.31,8.269357376476199,1.8012338120242737,0.373163661229907,17.02916140524575,32.73891699579791,51.70139016169548,10.8,31.499999999999996,40.29999999999998,0.4343333333333333
2018-12-25,1,1,0,1.2419520184443054,1.0538709677419356,17.2,0.2,1.58,6.95857021674526,8.269357376476199,1.8012338120242737,16.46987961166578,26.103550033509663,52.883650304056566,4.3,28.199999999999992,38.29999999999998,0.4656666666666667
2018-12-26,1,1,0,0.7277774487733887,0.5451612903225808,12.6,0.0,0.2,1.2419520184443054,6.95857021674526,8.269357376476199,8.92829968396297,21.092220498224044,51.87718988908661,0.5,15.59999999999999,37.59999999999998,0.4400416666666666
2018-12-27,0,0,0,0.3911646629336083,0.332258064516129,6.800000000000001,0.0,0.2,0.7277774487733887,1.2419520184443054,6.95857021674526,2.360894130151318,19.763219196626927,44.34990817397238,1.8,6.599999999999991,38.59999999999998,0.4007916666666666
2018-12-28,1,3,0,4.980259169826603,5.563709677419355,26.49,1.4,15.44,0.3911646629336083,0.7277774487733887,1.2419520184443054,6.099201281533616,24.37031470522362,45.30974346404832,2.7,4.999999999999991,40.79999999999998,0.3992083333333333
2018-12-29,0,0,0,0.8377343726805762,0.6324590163934427,6.2,0.0,1.58,4.980259169826603,0.3911646629336083,0.7277774487733887,6.209158205440803,23.406815265879924,43.95990985090515,1.2,5.699999999999991,34.39999999999998,0.4182916666666667
2018-12-30,0,0,0,0.191493056900352,0.1737704918032787,3.8,0.0,0.2,0.8377343726805762,4.980259169826603,0.3911646629336083,6.009486599407547,15.32895094630408,42.47339592107408,0.0,3.899999999999992,21.29999999999998,0.3745
2018-12-31,0,0,0,0.0679087834119674,0.110655737704918,3.55,0.0,1.18,0.191493056900352,0.8377343726805762,4.980259169826603,1.0971362129929116,8.438289512970787,41.17720650876873,0.0,1.199999999999991,10.49999999999998,0.322625
2019-01-01,1,12,7,7.922333094484809,10.439344262295082,79.67,0.8,22.1,0.0679087834119674,0.191493056900352,0.8377343726805762,8.181734934797145,15.118670589011291,41.222220622521,2.7,2.6999999999999917,8.899999999999979,0.2949583333333333
2019-01-02,1,1,0,3.720984004543467,2.52016393442623,26.33,0.2,5.71,7.922333094484809,0.0679087834119674,0.191493056900352,11.71122588244026,18.111877144781367,39.204097643005454,6.9,9.59999999999999,15.29999999999998,0.2963333333333333
2019-01-03,1,4,1,5.420568987753976,4.566885245901639,31.08,1.39,6.7,3.720984004543467,7.922333094484809,0.0679087834119674,17.06388608678227,23.141281469601736,42.90450066622871,11.4,20.999999999999996,24.899999999999977,0.2980416666666666
2019-01-04,1,19,2,12.357366635276996,11.74951612903226,56.53,7.790000000000001,17.7,5.420568987753976,3.720984004543467,7.922333094484809,21.498919627574452,30.51838893505213,54.88870364027579,30.6,48.89999999999999,52.79999999999998,0.388125
2019-01-05,0,0,0,12.773850621191103,15.959032258064516,58.25,15.16,8.73,12.357366635276996,5.420568987753976,3.720984004543467,30.551786244222093,42.45450518356266,65.86132044944263,15.9,57.9,67.49999999999997,0.484875
2019-01-06,1,1,1,15.571986535216125,15.762419354838707,152.6,10.465,102.8,12.773850621191103,12.357366635276996,5.420568987753976,40.703203791684246,57.83499866187843,73.16394960818255,3.8,50.3,71.29999999999998,0.468375
2019-01-07,0,0,0,4.962045998954666,3.061967213114754,20.01,0.2,1.58,15.571986535216125,12.773850621191103,12.357366635276996,33.307883155361914,62.72913587742113,71.16742539039195,0.0,19.699999999999992,71.29999999999998,0.4345833333333333
2019-01-08,1,9,7,8.814703726397063,8.504262295081967,64.76,2.0,20.18,4.962045998954666,15.571986535216125,12.773850621191103,29.34873626056787,63.621506509333386,78.74017709834472,3.5,7.299999999999993,72.09999999999998,0.422125
2019-01-09,0,0,0,4.2002996492324405,1.983728813559322,28.22,0.0,0.98,8.814703726397063,4.962045998954666,15.571986535216125,17.977049374584187,64.10082215402235,82.21269929880377,0.1,3.599999999999993,65.29999999999998,0.4305416666666666
2019-01-10,1,7,4,3.450417171488881,1.776333333333333,11.6,0.0,2.95,4.2002996492324405,8.814703726397063,4.962045998954666,16.465420547118402,62.13067033775727,85.27195180735903,0.2,3.7999999999999927,54.09999999999998,0.3916249999999999
2019-01-11,1,5,1,7.9317225817531325,8.461967213114756,44.55,3.1900000000000004,12.4,3.450417171488881,4.2002996492324405,8.814703726397063,15.58243940247447,57.7050262842334,88.22341521928557,1.8,2.099999999999993,25.299999999999976,0.3682083333333333
2019-01-12,0,0,0,1.5574466960275335,1.1076666666666668,15.85,0.0,4.72,7.9317225817531325,3.450417171488881,4.2002996492324405,12.939586449269562,46.48862235906983,88.94312754263254,1.2,3.199999999999993,10.599999999999977,0.3544166666666666
2019-01-13,1,1,0,2.840063546408071,4.387,42.58,0.595,12.6,1.5574466960275335,7.9317225817531325,3.450417171488881,12.329232824188754,33.75669937026177,91.59169803214024,6.3,9.299999999999994,13.099999999999977,0.380875
2019-01-14,1,6,5,3.217087827510556,5.441525423728813,50.65,0.6000000000000001,18.51,2.840063546408071,1.5574466960275335,7.9317225817531325,7.614598069946176,32.01174119881767,94.74087707623885,7.3,14.799999999999992,20.399999999999974,0.455
2019-01-15,0,0,0,0.837478244762546,1.9926666666666668,51.62,0.0,28.46,3.217087827510556,2.840063546408071,1.5574466960275335,6.894629618681188,24.034515717183147,87.65602222651657,3.1,16.699999999999992,19.99999999999997,0.4767916666666666
2019-01-16,1,1,0,4.039812491854286,4.037333333333334,19.85,1.39,11.58,0.837478244762546,3.217087827510556,2.840063546408071,8.094378564127403,23.87402855980499,87.9748507138274,1.4,11.799999999999992,21.29999999999997,0.4719583333333333
2019-01-17,1,22,10,6.980805057783968,7.162333333333334,57.74,1.295,13.24,4.039812491854286,0.837478244762546,3.217087827510556,11.858095794400816,27.40441644610008,89.53508678385738,0.5,4.999999999999993,21.599999999999973,0.4615833333333333
2019-01-18,1,2,0,5.090169619472051,4.350655737704918,41.06,1.0,8.72,6.980805057783968,4.039812491854286,0.837478244762546,16.11078716911032,24.562863483819,82.26788976805244,4.7,6.5999999999999925,24.49999999999997,0.45025
2019-01-19,1,4,2,3.248625835233962,2.610666666666667,19.87,0.4,10.17,5.090169619472051,6.980805057783968,4.039812491854286,15.319600512489997,26.254042623025427,72.74266498209529,9.1,14.299999999999994,32.39999999999998,0.4392916666666667
2019-01-20,1,2,0,4.002125400566159,4.001333333333333,29.12,2.28,8.15,3.248625835233962,5.090169619472051,6.980805057783968,12.340920855272188,27.416104477183517,61.17280384744533,12.1,25.89999999999999,38.19999999999997,0.4864583333333332
2019-01-21,0,0,0,0.8843545116196765,1.5024590163934428,9.46,0.0,6.79,4.002125400566159,3.248625835233962,5.090169619472051,8.135105747419814,25.083371161292632,57.09511236011034,5.4,26.599999999999994,36.299999999999976,0.4680416666666667
2019-01-22,1,13,1,5.637133504758139,3.261967213114754,21.2,0.4,10.78,0.8843545116196765,4.002125400566159,3.248625835233962,10.52361341694399,29.88302642128823,53.91754213847142,3.2,20.699999999999992,36.39999999999998,0.4727916666666666
2019-01-23,1,2,1,5.0172285463400055,3.600983606557377,52.99,0.0,13.43,5.637133504758139,0.8843545116196765,4.002125400566159,11.538716562717836,30.860442475773947,54.73447103557898,2.8,11.399999999999997,37.799999999999976,0.4727083333333333
2019-01-24,1,22,10,8.205103710098308,7.685,51.9,2.09,16.02,5.0172285463400055,5.637133504758139,0.8843545116196765,18.859465761196468,32.08474112808828,59.48915757418841,11.0,16.999999999999993,48.299999999999976,0.4710833333333333
2019-01-25,1,12,3,17.280275635215403,20.66426229508197,69.84,18.09,17.72,8.205103710098308,5.0172285463400055,5.637133504758139,30.50260789165373,44.27484714383164,68.83771062765068,10.8,24.599999999999994,54.39999999999998,0.4829583333333333
2019-01-26,1,14,6,8.421987013299198,8.03016393442623,35.21,3.94,14.1,17.280275635215403,8.205103710098308,5.0172285463400055,33.907366358612926,49.44820832189688,75.70225094492234,3.2,25.0,48.49999999999998,0.4494583333333333
2019-01-27,0,0,0,4.351793531688567,2.7765573770491803,40.65,0.2,2.52,8.421987013299198,17.280275635215403,8.205103710098308,30.054056180203183,49.79787645301928,77.21398093020284,0.8,14.799999999999995,37.19999999999998,0.4686666666666666
2019-01-28,0,0,0,2.095618362547719,1.0531666666666668,14.48,0.0,0.98,4.351793531688567,8.421987013299198,17.280275635215403,14.869398907535498,51.00914030394733,76.09251146524001,0.0,3.9999999999999942,31.799999999999976,0.4299583333333334
2019-01-29,1,2,0,4.367365618365854,3.2864406779661017,35.73,0.79,14.92,2.095618362547719,4.351793531688567,8.421987013299198,10.814777512602154,49.739372417555046,79.62239883884331,0.0,0.7999999999999947,28.599999999999977,0.3974166666666667
2019-01-30,1,25,15,11.5241822674773,5.1305,64.78999999999999,0.0,32.1,4.367365618365854,2.095618362547719,4.351793531688567,17.987166248390885,56.24632613869234,87.10676861446632,0.0,0.0,25.799999999999976,0.371875
2019-01-31,0,0,0,1.7068936254864524,0.935689655172414,18.4,0.0,0.39,11.5241822674773,4.367365618365854,2.095618362547719,17.59844151132962,49.74811605408048,81.83285718216881,0.0,0.0,14.799999999999976,0.3375416666666666
2019-02-01,0,0,0,0.140349847250591,0.1344827586206896,4.2,0.0,0.2,1.7068936254864524,11.5241822674773,4.367365618365854,13.371425740214356,32.60819026611567,76.88303740994735,0.0,0.0,3.999999999999975,0.3001666666666667
2019-02-02,0,0,0,0.3497827007989345,0.7687931034482758,20.9,0.0,7.71,0.140349847250591,1.7068936254864524,11.5241822674773,2.1970261735359937,24.5359859536154,73.98419427551232,0.0,0.0,0.7999999999999752,0.2650833333333333
2019-02-03,0,0,0,1.8837294115276535,1.2035593220338985,60.65,0.0,13.41,0.3497827007989345,0.140349847250591,1.7068936254864524,2.3738619595771957,22.067921833454488,71.8657982864738,6.2,6.199999999999995,6.199999999999975,0.2433333333333333
2019-02-04,1,38,10,38.02603588040305,38.89704918032787,110.61,35.45,20.38,1.8837294115276535,0.3497827007989345,0.140349847250591,40.25954799272965,57.99833935130982,109.0074796552572,43.6,49.8,49.799999999999976,0.3394999999999999
2019-02-05,0,0,0,4.271443497904025,2.3463333333333334,19.42,0.0,0.39,38.02603588040305,1.8837294115276535,0.3497827007989345,44.18120878983475,57.90241723084799,107.64178964840308,3.2,53.0,52.99999999999998,0.4262083333333333
2019-02-06,1,37,2,24.24814035660404,29.765245901639343,68.3,36.95,7.91,4.271443497904025,38.02603588040305,1.8837294115276535,66.54561973491113,70.62637531997473,126.87270145866712,33.9,80.69999999999999,86.89999999999998,0.4723333333333333
2019-02-07,1,2,2,7.480523247453592,4.8039344262295085,28.700000000000003,0.4,0.79,24.24814035660404,4.271443497904025,38.02603588040305,36.000107101961675,76.40000494194186,126.1481209960224,0.6,37.7,87.49999999999997,0.45
2019-02-08,0,0,0,3.3909827632532226,1.146666666666667,10.0,0.0,0.2,7.480523247453592,24.24814035660404,4.271443497904025,35.11964636731088,79.65063785794449,112.25882812406022,0.0,34.49999999999999,87.49999999999997,0.4204583333333333
2019-02-09,0,0,0,1.4200247950848797,0.7561666666666668,9.0,0.0,1.38,3.3909827632532226,7.480523247453592,24.24814035660404,12.291530805791716,80.72087995223045,105.25686590584588,0.0,0.5999999999999929,87.49999999999997,0.3883333333333333
2019-02-10,0,0,0,0.7170526376389618,0.5047457627118644,7.4,0.0,0.39,1.4200247950848797,3.3909827632532226,7.480523247453592,5.528060195977085,79.55420317834175,101.6221250117963,0.2,0.1999999999999929,81.49999999999997,0.352625
2019-02-11,0,0,0,0.3507975603410036,0.3721666666666667,6.91,0.0,0.42,0.7170526376389618,1.4200247950848797,3.3909827632532226,2.4878749930648665,41.8789648582797,99.87730420958955,0.3,0.4999999999999929,38.19999999999997,0.3190833333333333
2019-02-12,0,0,0,7.214847267464825,10.293728813559325,52.61,5.12,12.19,0.3507975603410036,0.7170526376389618,1.4200247950848797,8.282697465444812,44.8223686278405,102.72478585868856,6.8,7.299999999999993,41.79999999999997,0.3712916666666666
2019-02-13,1,3,0,6.554156816656899,7.120000000000001,41.3,4.73,1.38,7.214847267464825,0.3507975603410036,0.7170526376389618,14.11980164446275,27.128385087893363,97.75476040786816,2.9,9.999999999999991,10.79999999999997,0.47675
2019-02-14,0,0,0,0.5459118721652076,0.44,4.800000000000001,0.0,0.59,6.554156816656899,7.214847267464825,0.3507975603410036,14.314915956286953,20.19377371260498,96.5937786545469,0.5,10.199999999999992,10.69999999999997,0.4578333333333333
2019-02-15,1,18,12,10.78413024979675,13.78065573770492,53.1,8.48,15.57,0.5459118721652076,6.554156816656899,7.214847267464825,17.884198938618876,27.586921199148502,107.23755905709304,31.0,34.39999999999999,41.69999999999997,0.4660833333333333
2019-02-16,1,33,14,28.21343859770955,33.70540983606558,125.91,28.130000000000003,20.38,10.78413024979675,0.5459118721652076,6.554156816656899,39.54348071967153,54.380335001773176,135.1012149540037,59.4,90.9,101.09999999999997,0.4693333333333333
2019-02-17,0,0,0,9.51600176153831,8.139672131147542,59.85,2.2,2.16,28.21343859770955,10.78413024979675,0.5459118721652076,48.51357060904464,63.17928412567253,142.73348730401432,4.0,94.4,104.89999999999996,0.492375
2019-02-18,0,0,0,6.325549792495388,2.8778333333333337,34.1,0.1,4.53,9.51600176153831,28.21343859770955,10.78413024979675,44.05499015174327,69.15403635782691,111.03300121610668,1.8,65.19999999999999,106.39999999999996,0.4675416666666667
2019-02-19,0,0,0,4.848054326286717,1.5317241379310345,22.46,0.0,0.39,6.325549792495388,9.51600176153831,28.21343859770955,20.689605880320435,66.7872434166488,111.60961204448935,1.8,7.599999999999992,101.39999999999996,0.434125
2019-02-20,1,23,17,8.54973124210497,9.179833333333333,49.57,2.865,25.4,4.848054326286717,6.325549792495388,9.51600176153831,19.7233353608871,68.78281784209688,95.91120292999028,11.4,14.999999999999991,109.89999999999996,0.4335833333333334
2019-02-21,1,44,13,15.830713325664842,19.841666666666665,89.16,14.09,18.72,8.54973124210497,4.848054326286717,6.325549792495388,29.22849889405655,84.0676192955965,104.26139300820154,13.1,26.29999999999999,122.49999999999996,0.4810416666666666
2019-02-22,1,11,3,9.446874802583936,9.380169491525423,42.01,6.27,5.64,15.830713325664842,8.54973124210497,4.848054326286717,33.82731937035377,82.7303638483837,110.31728504753224,6.6,31.09999999999999,98.09999999999997,0.4782916666666666
2019-02-23,0,0,0,5.371343054558011,4.013448275862069,32.5,1.795,11.34,9.446874802583936,15.830713325664842,8.54973124210497,30.648931182806813,59.88826830523215,114.2686033070054,0.5,20.199999999999992,39.19999999999997,0.4570833333333333
2019-02-24,1,1,0,4.196779769048828,2.9349152542372883,39.81,0.6000000000000001,9.98,5.371343054558011,9.446874802583936,15.830713325664842,19.0149976261908,54.56904631274267,117.74833043841524,0.3,7.399999999999992,35.49999999999997,0.423125
2019-02-25,1,4,1,3.792975276189853,3.672413793103448,18.31,1.77,10.98,4.196779769048828,5.371343054558011,9.446874802583936,13.361098099796711,52.036471796437134,121.19050815426412,4.0,4.799999999999993,37.69999999999997,0.3926666666666666
2019-02-26,1,41,6,17.83647705377392,24.433898305084742,74.99,20.24,14.31,3.792975276189853,4.196779769048828,5.371343054558011,25.82623209901262,65.02489452392433,131.8121379405732,6.6,10.899999999999991,42.49999999999997,0.4094583333333333
2019-02-27,1,1,1,5.7504183202711285,4.487118644067797,21.790000000000003,2.36,4.14,17.83647705377392,3.792975276189853,4.196779769048828,27.37987065023492,62.2255816020905,131.00839944418743,12.8,23.39999999999999,43.89999999999997,0.4810833333333333
2019-02-28,1,7,0,11.554660071628533,14.575932203389833,40.34,14.6,10.78,5.7504183202711285,17.83647705377392,3.792975276189853,35.1415554456736,57.94952834805419,142.01714764365073,20.2,39.6,50.99999999999997,0.49425
2019-03-01,0,0,0,7.385815642471412,7.7405,26.59,6.9,6.5,11.554660071628533,5.7504183202711285,17.83647705377392,24.69089403437109,55.88846918794167,138.6188330363254,11.0,43.99999999999999,55.39999999999998,0.46275
2019-03-02,1,38,17,10.275408695212311,11.171833333333332,71.23,6.2,16.43,7.385815642471412,11.554660071628533,5.7504183202711285,29.21588440931228,60.79253482859596,120.68080313382818,7.1,38.29999999999999,61.99999999999997,0.4528333333333333
2019-03-03,1,9,5,11.1079450737331,12.356666666666666,69.89,7.635,21.02,10.275408695212311,7.385815642471412,11.554660071628533,28.769169411416847,67.70370013328024,122.27274644602296,14.5,32.599999999999994,76.19999999999997,0.4772916666666666
2019-03-04,1,2,0,7.212983748479498,5.888474576271187,80.01,1.0,18.52,11.1079450737331,10.275408695212311,7.385815642471412,28.59633751742493,71.12370860556989,123.16018040200709,16.1,37.7,88.29999999999997,0.4714166666666666
2019-03-05,1,12,6,9.095603402715122,7.672372881355932,51.07,2.4000000000000004,19.82,7.212983748479498,11.1079450737331,10.275408695212311,27.416532224927742,62.38283495451108,127.40772947843548,3.2,33.8,84.89999999999998,0.4564166666666667
2019-03-06,1,23,15,11.951506066216664,10.704237288135594,50.04,6.74,13.01,9.095603402715122,7.212983748479498,11.1079450737331,28.26009321741131,68.58392270045663,130.80950430254717,4.3,23.599999999999994,76.39999999999996,0.4662916666666666
2019-03-07,1,12,1,10.997072352597216,6.758813559322035,47.56,3.8,22.94,11.951506066216664,9.095603402715122,7.212983748479498,32.04418182152902,68.02633498142531,125.97586332947957,4.9,12.399999999999991,61.09999999999997,0.4644583333333333
2019-03-08,0,0,0,8.38512213543325,2.5123728813559327,31.65,0.0,4.53,10.997072352597216,11.951506066216664,9.095603402715122,31.33370055424715,69.02564147438714,124.91411066232888,0.0,9.199999999999992,50.099999999999966,0.442375
2019-03-09,1,23,1,5.894375028323114,5.03677966101695,67.12,1.58,19.53,8.38512213543325,10.997072352597216,11.951506066216664,25.2765695163536,64.64460780749795,125.43714263609397,2.8,7.699999999999993,45.799999999999976,0.4198333333333333
2019-03-10,1,25,8,11.92858739974621,7.768103448275863,66.19,3.0650000000000004,10.79,5.894375028323114,8.38512213543325,10.997072352597216,26.208084563502595,65.46525013351105,133.16895026679134,10.4,13.199999999999992,41.69999999999997,0.453875
2019-03-11,1,58,31,34.08524285593904,34.38896551724138,127.75,28.84,14.47,11.92858739974621,5.894375028323114,8.38512213543325,51.90820528400838,92.3375092409706,163.4612178465405,9.2,22.39999999999999,34.79999999999997,0.4948333333333333
2019-03-12,1,9,3,8.856717918369315,9.425333333333333,138.9,1.4,61.68,34.08524285593904,11.92858739974621,5.894375028323114,54.87054817405458,92.09862375662478,154.4814587111359,3.1,22.699999999999992,34.699999999999974,0.4882083333333333
2019-03-13,0,0,0,2.0433640960519783,2.297457627118644,17.78,0.2,2.17,8.856717918369315,34.08524285593904,11.92858739974621,44.98532487036035,82.19048178646008,150.77440448691678,4.8,17.099999999999994,35.199999999999974,0.4769166666666666
2019-03-14,1,4,0,3.2235350897428887,4.009122807017544,21.24,1.6,12.8,2.0433640960519783,8.856717918369315,34.08524285593904,14.123617104164204,74.41694452360576,142.44327950503111,3.9,11.799999999999995,34.199999999999974,0.4769583333333333
2019-03-15,0,0,0,5.143968145923286,5.105789473684211,44.19,3.18,9.58,3.2235350897428887,2.0433640960519783,8.856717918369315,10.410867331718174,71.1757905340958,140.20143200848298,4.3,12.999999999999996,38.49999999999997,0.47725
2019-03-16,0,0,0,2.2364255397208965,3.3366666666666664,36.59,0.8,6.1,5.143968145923286,3.2235350897428887,2.0433640960519783,10.603928775387091,67.51784104549358,132.1624488529916,5.8,13.999999999999991,41.49999999999997,0.4554166666666666
2019-03-17,1,12,8,9.153705500458768,10.779122807017544,52.21,3.95,22.53,2.2364255397208965,5.143968145923286,3.2235350897428887,16.53409918610297,64.74295914620615,130.20820927971727,14.1,24.2,45.19999999999997,0.4564999999999999
2019-03-18,0,0,0,1.7713923187989955,2.55375,39.45,0.2,0.79,9.153705500458768,2.2364255397208965,5.143968145923286,13.161523358978682,32.429108609066105,124.76661785003677,2.5,22.4,38.49999999999997,0.4783333333333333
2019-03-19,1,8,0,7.041436721362301,7.313684210526316,19.29,6.5,11.58,1.7713923187989955,9.153705500458768,2.2364255397208965,17.966534540620085,30.61382741205909,122.71245116868393,8.6,25.2,43.99999999999997,0.4675833333333333
2019-03-20,1,3,0,6.5025379967438965,4.111929824561403,24.53,2.4000000000000004,6.33,7.041436721362301,1.7713923187989955,9.153705500458768,15.315367036905217,35.07300131275101,117.26348309921116,1.4,12.499999999999996,40.599999999999966,0.4727083333333333
2019-03-21,1,4,2,6.337787637615009,6.693728813559322,29.57,6.16,1.96,6.5025379967438965,7.041436721362301,1.7713923187989955,19.88176235572123,38.18725386062313,112.60419838422897,10.4,20.399999999999995,47.09999999999997,0.5015833333333334
2019-03-22,0,0,0,0.8450353921062812,0.9491379310344829,12.18,0.2,2.1,6.337787637615009,6.5025379967438965,7.041436721362301,13.685361026465207,33.88832110680613,105.06411164090198,0.8,12.599999999999996,43.59999999999997,0.493125
2019-03-23,0,0,0,0.6975960017294024,0.7343859649122807,15.86,0.0,0.79,0.8450353921062812,6.337787637615009,6.5025379967438965,7.880419031450714,32.34949156881463,99.86733261430828,0.4,11.599999999999994,38.19999999999997,0.4689583333333333
2019-03-24,0,0,0,0.5825138580643492,0.773859649122807,26.71,0.0,0.79,0.6975960017294024,0.8450353921062812,6.337787637615009,2.125145251900054,23.77829992642021,88.52125907262642,0.6,1.7999999999999947,24.69999999999997,0.4528333333333333
2019-03-25,0,0,0,0.3033657159072278,0.3378947368421053,7.87,0.0,0.79,0.5825138580643492,0.6975960017294024,0.8450353921062812,1.5834755757010006,22.310273323528445,54.73938193259461,0.0,0.9999999999999948,22.19999999999997,0.433625
2019-03-26,0,0,0,0.1162459075244381,0.0821428571428571,1.8,0.0,0.2,0.3033657159072278,0.5825138580643492,0.6975960017294024,1.0021254814960363,15.385082509690582,45.998909921749735,0.7,1.2999999999999945,14.299999999999972,0.4096249999999999
2019-03-27,0,0,0,0.1387437866077724,0.2092982456140351,3.3500000000000005,0.0,2.16,0.1162459075244381,0.3033657159072278,0.5825138580643492,0.5583554100394597,9.02128829955446,44.09428961230552,1.4,2.0999999999999943,14.299999999999972,0.3989166666666666
2019-03-28,1,1,0,1.3829517427260012,2.213157894736842,15.74,0.2,6.94,0.1387437866077724,0.1162459075244381,0.3033657159072278,1.637941436858233,4.066452404665451,42.25370626528864,13.9,15.999999999999996,17.799999999999972,0.44825
2019-03-29,0,0,0,0.1375317926853501,0.1889285714285714,3.0,0.0,0.39,1.3829517427260012,0.1387437866077724,0.1162459075244381,1.659227322019145,3.35894880524452,37.2472699120507,0.7,15.999999999999996,17.69999999999997,0.4749583333333333
2019-03-30,0,0,0,0.0822497814993024,0.1308620689655172,3.02,0.0,1.38,0.1375317926853501,1.3829517427260012,0.1387437866077724,1.602733316910675,2.74360258501442,35.093094153829114,0.2,14.799999999999995,17.49999999999997,0.4539583333333333
2019-03-31,0,0,0,0.0340758295412145,0.0428571428571428,1.2000000000000002,0.0,0.2,0.0822497814993024,0.1375317926853501,1.3829517427260012,0.2538574037258882,2.1951645564912856,25.97346448291156,0.0,0.8999999999999946,16.89999999999997,0.426625
2019-04-01,0,0,0,0.0128398291696238,0.0280701754385964,1.2000000000000002,0.0,0.2,0.0340758295412145,0.0822497814993024,0.1375317926853501,0.1291654402101619,1.9046386697536817,24.214911993282183,0.2,0.3999999999999947,17.099999999999973,0.4026666666666667
2019-04-02,0,0,0,0.1761168453800882,0.2971428571428571,15.24,0.0,4.72,0.0128398291696238,0.0340758295412145,0.0822497814993024,0.2230325040909478,1.964509607609332,17.34959211729997,0.0,0.1999999999999946,16.399999999999974,0.382125
2019-04-03,0,0,0,0.5674666233556406,1.1828070175438596,36.03,0.0,6.5,0.1761168453800882,0.0128398291696238,0.0340758295412145,0.7564232979053738,2.3932324443572,11.414520743911716,0.0,0.1999999999999946,14.999999999999972,0.3579166666666666
2019-04-04,0,0,0,1.6850886579054023,0.9962068965517242,56.59,0.0,14.27,0.5674666233556406,0.1761168453800882,0.0128398291696238,2.4286721266411524,2.695369359536601,6.761821764202109,0.0,0.0,1.0999999999999717,0.3322916666666666
2019-04-05,0,0,0,0.3236274515375573,0.3803448275862069,7.08,0.0,3.74,1.6850886579054023,0.5674666233556406,0.1761168453800882,2.576182732798621,2.881465018388808,6.240413823633385,0.3,0.2999999999999946,0.6999999999999715,0.30775
2019-04-06,1,19,7,13.656076455974755,13.690877192982455,50.96,9.45,16.44,0.3236274515375573,1.6850886579054023,0.5674666233556406,15.664792565417736,16.45529169286426,19.198894277878736,17.4,17.699999999999992,17.89999999999997,0.3572916666666666
2019-04-07,1,6,1,6.521757207696799,5.827192982456141,29.98,2.8000000000000003,8.32,13.656076455974755,0.3236274515375573,1.6850886579054023,20.50146111520913,22.942973071019843,25.13813762751119,11.7,29.39999999999999,29.59999999999997,0.4718333333333333
2019-04-08,1,12,0,20.944245881821487,27.652631578947368,70.2,28.08,12.81,6.521757207696799,13.656076455974755,0.3236274515375573,41.122079545493065,43.87437912367171,45.779017793425446,17.8,46.89999999999999,47.19999999999997,0.4865416666666666
2019-04-09,1,11,1,13.257211409410584,13.822758620689656,56.92,10.77,4.33,20.944245881821487,6.521757207696799,13.656076455974755,40.72321449892889,56.95547368770221,58.9199832953116,9.0,38.49999999999999,56.19999999999997,0.4856666666666667
2019-04-10,1,2,1,7.470450560822285,5.811551724137931,27.290000000000003,4.17,2.36,13.257211409410584,20.944245881821487,6.521757207696799,41.671907852054375,63.85845762516885,66.2516900695261,1.2,27.999999999999996,57.39999999999997,0.4920416666666666
2019-04-11,1,1,0,4.1857240879429805,1.9863157894736845,22.6,0.0,0.42,7.470450560822285,13.257211409410584,20.944245881821487,24.913386058175867,66.35909305520643,69.05446241474309,0.4,10.599999999999993,57.79999999999997,0.469875
2019-04-12,0,0,0,2.331254788589926,1.0834545454545454,14.8,0.0,0.39,4.1857240879429805,7.470450560822285,13.257211409410584,13.98742943735521,68.3667203922588,71.24818541064766,0.5,2.099999999999993,57.99999999999997,0.4524999999999999
2019-04-13,0,0,0,2.77964717944862,1.3548214285714286,33.160000000000004,0.0,10.49,2.331254788589926,4.1857240879429805,7.470450560822285,9.296626055981545,57.49029111573266,73.94558280859698,0.1,0.9999999999999928,40.69999999999997,0.435875
2019-04-14,1,5,0,8.084249106783549,7.978245614035088,20.66,9.99,2.16,2.77964717944862,2.331254788589926,4.1857240879429805,13.195151074822114,59.05278301481941,81.99575608583932,13.4,13.999999999999991,42.39999999999997,0.4655
2019-04-15,0,0,0,2.6175405972654064,0.936842105263158,9.0,0.0,0.4,8.084249106783549,2.77964717944862,2.331254788589926,13.481436883497594,40.72607773026333,84.6004568539351,1.2,14.699999999999992,25.79999999999997,0.4597916666666666
2019-04-16,1,2,0,1.2288785261983677,1.907368421052632,9.95,0.99,9.55,2.6175405972654064,8.084249106783549,2.77964717944862,11.93066823024734,28.697744847051112,85.65321853475338,12.8,27.39999999999999,29.599999999999973,0.4658333333333333
2019-04-17,0,0,0,0.6120521346848697,0.7983928571428571,7.2,0.2,0.4,1.2288785261983677,2.6175405972654064,8.084249106783549,4.458471258148661,21.8393464209137,85.69780404608261,0.1,14.099999999999993,28.49999999999997,0.4572083333333334
2019-04-18,0,0,0,0.2185630697600474,0.3285714285714286,5.800000000000001,0.0,0.2,0.6120521346848697,1.2288785261983677,2.6175405972654064,2.0594937306433025,17.872185402730764,84.23127845793725,0.0,12.899999999999991,28.09999999999997,0.4371666666666667
2019-04-19,0,0,0,0.2704546219115261,0.4,11.8,0.0,0.2,0.2185630697600474,0.6120521346848697,1.2288785261983677,1.1010698263564611,15.811385236052365,84.17810562831122,0.0,0.0999999999999929,27.59999999999997,0.4160416666666666
2019-04-20,0,0,0,0.0883408561000665,0.0857142857142857,1.6,0.0,0.2,0.2704546219115261,0.2185630697600474,0.6120521346848697,0.5773585477716578,13.120078912703809,70.61037002843653,0.0,0.0,27.49999999999997,0.3956249999999999
2019-04-21,0,0,0,0.0879820355283354,0.1353571428571428,5.98,0.0,0.39,0.0883408561000665,0.2704546219115261,0.2185630697600474,0.4467775135399459,5.123811841448596,64.17659485626807,0.1,0.0999999999999929,14.19999999999997,0.3774583333333333
2019-04-22,1,1,0,0.2263283904060593,0.3860714285714285,11.1,0.0,1.18,0.0879820355283354,0.0883408561000665,0.2704546219115261,0.4026512820344791,2.732599634589249,43.45867736485264,1.0,1.099999999999993,13.999999999999972,0.3637916666666667
2019-04-23,1,1,0,0.1827904916285579,0.1535087719298245,1.19,0.0,0.6,0.2263283904060593,0.0879820355283354,0.0883408561000665,0.4971009175629705,1.6865116000194396,30.38425644707061,2.8,3.899999999999993,3.999999999999972,0.3757083333333333
2019-04-24,0,0,0,0.0634177442883449,0.0535714285714285,0.4,0.0,0.2,0.1827904916285579,0.2263283904060593,0.0879820355283354,0.47253662632298,1.1378772096229148,22.97722363053667,0.8,4.5999999999999925,4.699999999999972,0.3965833333333333
2019-04-25,1,1,0,1.1947395761302269,2.0925,58.15,0.0,30.48,0.0634177442883449,0.1827904916285579,0.2263283904060593,1.4409478120471475,2.1140537159930943,19.98623911872392,1.2,4.799999999999993,5.899999999999972,0.3905416666666667
2019-04-26,1,13,0,4.910830275515925,3.269122807017544,28.78,0.4,15.17,1.1947395761302269,0.0634177442883449,0.1827904916285579,6.168987595934516,6.754429369597494,22.56581460564992,0.3,2.2999999999999927,6.199999999999972,0.4196249999999999
2019-04-27,0,0,0,3.801501295832319,0.6947368421052632,17.0,0.0,0.2,4.910830275515925,1.1947395761302269,0.0634177442883449,9.90707114747849,10.467589809329748,23.587668722033616,0.0,1.499999999999993,6.199999999999972,0.4435
2019-04-28,1,5,0,12.038039012554878,14.102142857142857,50.08,11.115,18.25,3.801501295832319,4.910830275515925,1.1947395761302269,20.75037058390314,22.417646786356286,27.541458627804943,14.0,14.299999999999994,20.099999999999973,0.42425
2019-04-29,1,1,0,4.696013607327223,3.959285714285714,27.97,0.2,1.96,12.038039012554878,3.801501295832319,4.910830275515925,20.53555391571444,26.88733200327745,29.61993163786676,0.8,14.799999999999994,19.899999999999974,0.4754583333333333
2019-04-30,0,0,0,2.221861071370337,0.7000000000000001,15.8,0.0,0.2,4.696013607327223,12.038039012554878,3.801501295832319,18.95591369125245,28.926402583019232,30.61291418303873,0.0,14.799999999999994,17.099999999999973,0.4531666666666667
2019-05-01,0,0,0,0.1421240842247376,0.175,5.800000000000001,0.0,0.2,2.221861071370337,4.696013607327223,12.038039012554878,7.059998762922315,29.00510892295562,30.1429861325786,0.0,0.7999999999999929,16.299999999999972,0.4302083333333333
2019-05-02,0,0,0,0.0682943480451414,0.0533928571428571,1.6,0.0,0.39,0.1421240842247376,2.221861071370337,4.696013607327223,2.432279503640234,27.87866369487054,29.99271741086369,0.0,0.0,15.099999999999971,0.4111666666666667
2019-05-03,0,0,0,0.0588095662951526,0.0396428571428571,0.6000000000000001,0.0,0.42,0.0682943480451414,0.1421240842247376,2.221861071370337,0.2692279985650495,23.026642985649765,29.78107235524732,0.0,0.0,14.799999999999974,0.3959166666666667
2019-05-04,0,0,0,0.056023022209005,0.0319642857142857,0.6000000000000001,0.0,0.59,0.0588095662951526,0.0682943480451414,0.1421240842247376,0.1831269365493168,19.28116471202645,29.748754521356258,0.0,0.0,14.799999999999974,0.3818333333333333
2019-05-05,1,4,1,2.797070166567812,2.200877192982456,50.27,0.0,19.55,0.056023022209005,0.0588095662951526,0.0682943480451414,2.911902755071988,10.040195866039388,32.45784265239573,0.2,0.1999999999999929,0.9999999999999734,0.367625
2019-05-06,0,0,0,0.3899154211321182,0.2701754385964912,5.4,0.0,0.2,2.797070166567812,0.056023022209005,0.0588095662951526,3.243008609908953,5.734097679844281,32.62142968312179,3.0,3.199999999999993,3.199999999999973,0.3529583333333333
2019-05-07,0,0,0,1.3543752516009273,2.2149122807017543,12.23,0.8,3.74,0.3899154211321182,2.797070166567812,0.056023022209005,4.541360839300875,4.866611860074872,33.79301444309416,3.8,6.999999999999993,6.999999999999973,0.3759166666666667
2019-05-08,0,0,0,0.2494734003482097,0.3366666666666666,2.8000000000000003,0.2,0.39,1.3543752516009273,0.3899154211321182,2.797070166567812,1.993764073081273,4.973961176198344,33.97907009915402,0.7,7.499999999999993,7.699999999999973,0.4327083333333333
2019-05-09,0,0,0,0.0530773439422236,0.0559649122807017,1.8,0.0,0.39,0.2494734003482097,1.3543752516009273,0.3899154211321182,1.6569259958913785,4.958744172095425,32.837407866966025,0.2,4.699999999999993,7.899999999999974,0.4221666666666666
2019-05-10,0,0,0,0.0429699020132293,0.0385964912280701,1.6,0.0,0.2,0.0530773439422236,0.2494734003482097,1.3543752516009273,0.3455206463036804,4.942904507813503,27.969547493463327,0.2,1.099999999999993,8.099999999999973,0.4055833333333333
2019-05-11,0,0,0,2.705763325755365,2.146140350877193,17.38,0.0,7.71,0.0429699020132293,0.0530773439422236,0.2494734003482097,2.801810571710836,7.592644811359863,26.87380952338637,1.0,1.3999999999999928,9.099999999999971,0.3865416666666667
2019-05-12,0,0,0,2.044383862275573,1.9787719298245607,32.94,0.2,21.24,2.705763325755365,0.0429699020132293,0.0530773439422236,4.793117090044184,6.839958507067623,16.880154373107068,3.0,4.199999999999993,11.899999999999974,0.3889583333333333
2019-05-13,0,0,0,0.0866609313645197,0.1298245614035088,3.0,0.0,0.2,2.044383862275573,2.705763325755365,0.0429699020132293,4.836808119395474,6.536704017300025,12.270801697144364,0.0,3.999999999999993,8.899999999999974,0.40425
2019-05-14,0,0,0,3.9664877920308,3.023859649122808,11.09,2.56,6.16,0.0866609313645197,2.044383862275573,2.705763325755365,6.09753258567091,9.148816557729898,14.015428417804827,7.4,10.399999999999991,12.499999999999972,0.42975
2019-05-15,0,0,0,3.224787887672529,1.9685964912280705,12.0,1.4,1.37,3.9664877920308,0.0866609313645197,2.044383862275573,7.277936611067867,12.124131045054217,17.09809222125262,1.8,9.199999999999994,13.599999999999977,0.463125
2019-05-16,0,0,0,6.626296125643236,8.584912280701754,62.39,5.52,2.76,3.224787887672529,3.9664877920308,0.0866609313645197,13.817571805346583,18.69734982675523,23.656093998850714,6.0,15.199999999999992,19.399999999999974,0.4872499999999999
2019-05-17,0,0,0,1.9374702360239089,1.7871929824561403,15.1,1.0,0.59,6.626296125643236,3.224787887672529,3.9664877920308,11.788554249339692,20.591850160765908,25.53475466857947,9.7,17.499999999999993,28.899999999999974,0.4947083333333333
2019-05-18,0,0,0,7.248936955527926,7.763454545454546,18.48,10.09,1.77,1.9374702360239089,6.626296125643236,3.224787887672529,15.812703317195089,25.13502379053847,32.72766860189839,12.0,27.69999999999999,39.89999999999998,0.5047083333333333
2019-05-19,1,5,5,5.346882658954187,6.432631578947369,55.32,0.5900000000000001,12.81,7.248936955527926,1.9374702360239089,6.626296125643236,14.53328985050604,28.437522587217085,35.27748109428477,3.5,25.19999999999999,40.39999999999998,0.491875
2019-05-20,0,0,0,1.0313437054699603,1.5394642857142855,21.62,0.0,0.79,5.346882658954187,7.248936955527926,1.9374702360239089,13.627163319952093,29.382205361322526,35.918909378622615,0.0,15.499999999999991,40.39999999999998,0.4797916666666666
2019-05-21,0,0,0,0.2015679536208669,0.275,7.2,0.0,0.2,1.0313437054699603,5.346882658954187,7.248936955527926,6.579794318045032,25.617285522912592,34.766102080642554,0.0,3.499999999999991,32.99999999999997,0.455625
2019-05-22,0,0,0,0.1581196320296279,0.225,7.0,0.0,0.2,0.2015679536208669,1.0313437054699603,5.346882658954187,1.391031291120473,22.550617267269693,34.67474831232396,0.0,0.0,31.19999999999997,0.436125
2019-05-23,0,0,0,0.1273029297446666,0.1676785714285714,2.2,0.0,0.39,0.1581196320296279,0.2015679536208669,1.0313437054699603,0.4869905153951792,16.05162407137112,34.74897389812641,0.0,0.0,25.19999999999997,0.4207499999999999
2019-05-24,0,0,0,0.832994163795333,0.7839285714285715,3.0,0.5,0.79,0.1273029297446666,0.1581196320296279,0.2015679536208669,1.118416725569645,14.947147999142544,35.53899815990851,4.4,4.399999999999992,19.899999999999977,0.4184583333333333
2019-05-25,0,0,0,0.0756679016538872,0.0912280701754386,1.2000000000000002,0.0,0.2,0.832994163795333,0.1273029297446666,0.1581196320296279,1.0359649951939045,7.773878945268506,32.90890273580703,0.0,4.399999999999992,7.899999999999975,0.4131249999999999
2019-05-26,0,0,0,0.0462475031994517,0.0631578947368421,0.8,0.0,0.2,0.0756679016538872,0.832994163795333,0.1273029297446666,0.9549095686486896,2.473243789513771,30.91076637673092,0.0,4.399999999999992,4.399999999999976,0.4017916666666667
2019-05-27,0,0,0,0.0499361501610789,0.0491228070175438,0.6000000000000001,0.0,0.2,0.0462475031994517,0.0756679016538872,0.832994163795333,0.1718515550144356,1.4918362342048892,30.874041595527476,0.0,0.0,4.399999999999976,0.3875
2019-05-28,0,0,0,0.4138903258463867,0.2526315789473684,13.0,0.0,3.94,0.0499361501610789,0.0462475031994517,0.0756679016538872,0.5100739792069351,1.704158606430409,27.32144412934306,0.0,0.0,4.399999999999976,0.3700416666666666
2019-05-29,0,0,0,10.74950601615306,10.360714285714286,21.68,13.47,4.92,0.4138903258463867,0.0499361501610789,0.0462475031994517,11.213332492160545,12.29554499055384,34.84616225782359,1.9,1.899999999999991,6.299999999999976,0.3724166666666667
2019-05-30,0,0,0,0.8348138496589035,1.4098214285714286,19.07,0.0,15.34,10.74950601615306,0.4138903258463867,0.0499361501610789,11.998210191658368,13.003055910468078,29.054679981839257,0.4,2.299999999999991,6.699999999999975,0.3692916666666666
2019-05-31,0,0,0,0.8820717798513081,1.4669642857142855,16.04,0.0,5.29,0.8348138496589035,10.74950601615306,0.4138903258463867,12.46639164566329,13.052133526524054,27.99928152566666,0.6,2.899999999999991,2.899999999999975,0.3526666666666667
2019-06-01,1,1,0,7.131278792066766,8.413035714285714,42.74,6.404999999999999,8.78,0.8820717798513081,0.8348138496589035,10.74950601615306,8.848164421576996,20.10774441693693,27.8816233622055,7.1,8.09999999999999,9.999999999999975,0.3753333333333333
2019-06-02,1,7,0,9.010292371807832,9.680909090909092,25.66,11.4,11.6,7.131278792066766,0.8820717798513081,0.8348138496589035,17.023642943725925,29.07178928554531,31.545033075059145,3.6,11.29999999999999,13.599999999999977,0.4515833333333333
2019-06-03,1,23,0,9.1186889609481,8.967321428571429,20.9,9.7,4.14,9.010292371807832,7.131278792066766,0.8820717798513081,25.260260124822715,38.14054209633233,39.632378330537286,11.3,21.999999999999996,24.899999999999977,0.4777916666666666
2019-06-04,0,0,0,3.6637823925261896,1.9260344827586209,10.2,1.1949999999999998,1.6,9.1186889609481,9.010292371807832,7.131278792066766,21.79276372528214,41.39043416301214,43.094592769442606,1.3,16.199999999999992,26.19999999999997,0.4625416666666667
2019-06-05,0,0,0,2.370255415933871,1.611896551724138,5.800000000000001,1.0,0.98,3.6637823925261896,9.1186889609481,9.010292371807832,15.15272676940818,33.011183562792944,45.30672855334685,0.7,13.299999999999992,24.99999999999998,0.454875
2019-06-06,0,0,0,0.280367732776884,0.296551724137931,3.4000000000000004,0.0,0.2,2.370255415933871,3.6637823925261896,9.1186889609481,6.314405541236963,32.45673744591093,45.459793356379066,0.0,1.9999999999999911,24.599999999999973,0.447625
2019-06-07,0,0,0,0.1949358610058063,0.2278947368421052,4.79,0.0,0.39,0.280367732776884,2.370255415933871,3.6637823925261896,2.8455590097165797,31.769601527065426,44.821735053589535,0.0,0.6999999999999911,23.99999999999998,0.4324166666666666
2019-06-08,0,0,0,0.3304292536631045,0.4375438596491228,6.6000000000000005,0.0,0.59,0.1949358610058063,0.280367732776884,2.370255415933871,0.8057328474458125,24.968751988661765,45.07649640559875,0.0,0.0,16.899999999999977,0.4192083333333333
2019-06-09,0,0,0,0.1431746274885857,0.1682456140350877,2.4000000000000004,0.0,0.39,0.3304292536631045,0.1949358610058063,0.280367732776884,0.6685397421575143,16.101634244342517,45.1734235298879,0.0,0.0,13.299999999999976,0.4073333333333333
2019-06-10,0,0,0,0.0990689307365979,0.1107142857142857,1.6,0.0,0.2,0.1431746274885857,0.3304292536631045,0.1949358610058063,0.572672811888306,7.082014214131014,45.22255631046341,0.0,0.0,1.9999999999999751,0.3956666666666666
2019-06-11,0,0,0,0.1010907707379912,0.1050877192982456,1.8,0.0,0.39,0.0990689307365979,0.1431746274885857,0.3304292536631045,0.3433343289631927,3.519322592342816,44.90975675535501,0.0,0.0,0.6999999999999751,0.3842916666666667
2019-06-12,0,0,0,0.1065907515062074,0.126140350877193,3.0,0.0,0.39,0.1010907707379912,0.0990689307365979,0.1431746274885857,0.3067504529808143,1.2556579279151523,34.26684149070817,0.0,0.0,0.0,0.3725833333333333
2019-06-13,0,0,0,0.099177353268943,0.1159649122807017,1.8,0.0,0.41,0.1065907515062074,0.1010907707379912,0.0990689307365979,0.3068588755131595,1.0744675484072117,33.5312049943182,0.0,0.0,0.0,0.360625
2019-06-14,0,0,0,0.0702344933908319,0.0842105263157894,1.2000000000000002,0.0,0.2,0.099177353268943,0.1065907515062074,0.1010907707379912,0.2760025981660002,0.9497661807922372,32.71936770785773,0.0,0.0,0.0,0.347875
2019-06-15,0,0,0,0.0888960395298777,0.1275862068965517,3.0,0.0,0.2,0.0702344933908319,0.099177353268943,0.1065907515062074,0.2583078861896706,0.7082329666590103,25.67698495532084,0.0,0.0,0.0,0.3354583333333333
2019-06-16,0,0,0,0.0429796097362562,0.0711864406779661,2.0,0.0,0.2,0.0888960395298777,0.0702344933908319,0.099177353268943,0.2021101426569837,0.6080379489066807,16.70967219324926,0.0,0.0,0.0,0.3245833333333333
2019-06-17,0,0,0,0.0274145014179845,0.047457627118644,0.8,0.0,0.2,0.0429796097362562,0.0888960395298777,0.0702344933908319,0.1592901506841363,0.5363835195880674,7.618397733719146,0.0,0.0,0.0,0.314375
2019-06-18,0,0,0,0.0334066786367622,0.055,1.0,0.0,0.39,0.0274145014179845,0.0429796097362562,0.0888960395298777,0.1038007897910207,0.4686994274868383,3.9880220198297183,0.0,0.0,0.0,0.3046666666666666
2019-06-19,0,0,0,0.0229999406386856,0.0392857142857142,1.0,0.0,0.2,0.0334066786367622,0.0274145014179845,0.0429796097362562,0.0838211206934501,0.3851086166193166,1.640766544534533,0.0,0.0,0.0,0.2934583333333333
2019-06-20,0,0,0,0.030901953615649,0.0610169491525423,1.81,0.0,0.98,0.0229999406386856,0.0334066786367622,0.0274145014179845,0.0873085728911146,0.3168332169660225,1.391300765373298,0.7,0.6999999999999911,0.6999999999999751,0.2899166666666666
2019-06-21,0,0,0,0.1331158765176807,0.3463793103448276,19.09,0.0,2.4,0.030901953615649,0.0229999406386856,0.0334066786367622,0.1870177707720332,0.3797146000928713,1.3294807808851723,0.4,1.0999999999999912,1.0999999999999752,0.298875
2019-06-22,0,0,0,0.1795183853114147,0.474655172413793,27.13,0.0,3.55,0.1331158765176807,0.030901953615649,0.0229999406386856,0.3435362154447622,0.4703369458744082,1.1785699125334823,0.0,1.0999999999999912,1.0999999999999752,0.2897083333333333
2019-06-23,0,0,0,0.4391907443524843,1.1616363636363636,62.7,0.0,4.4,0.1795183853114147,0.1331158765176807,0.030901953615649,0.7518250061815976,0.8665480804906364,1.474586029397381,0.0,0.3999999999999911,1.0999999999999752,0.2761666666666666
2019-06-24,0,0,0,0.1086976097655658,0.1532203389830508,8.44,0.0,6.08,0.4391907443524843,0.1795183853114147,0.1331158765176807,0.7274067394294828,0.9478311888382176,1.484214708426349,0.0,0.0,1.0999999999999752,0.260875
2019-06-25,0,0,0,0.0046315272142377,0.0065573770491803,0.2,0.0,0.2,0.1086976097655658,0.4391907443524843,0.1795183853114147,0.5525198813323058,0.9190560374156932,1.3877554649025956,0.0,0.0,1.0999999999999752,0.2455833333333333
2019-06-26,0,0,0,0.0133390303351541,0.0265,0.99,0.0,0.4,0.0046315272142377,0.1086976097655658,0.4391907443524843,0.1266681673149755,0.9093951271121616,1.2945037437315423,0.2,0.1999999999999911,1.2999999999999752,0.230125
2019-06-27,0,0,0,0.2919652700933529,0.1011475409836065,0.98,0.0,0.59,0.0133390303351541,0.0046315272142377,0.1086976097655658,0.3099358276427625,1.1704584435898655,1.487291660555952,0.9,1.0999999999999912,1.4999999999999751,0.2262916666666666
2019-06-28,0,0,0,0.0083339107166532,0.0103333333333333,0.62,0.0,0.42,0.2919652700933529,0.0133390303351541,0.0046315272142377,0.313638211145178,1.045676477788838,1.425391077881773,0.1,1.199999999999991,1.1999999999999753,0.2199583333333333
2019-06-29,0,0,0,0.0027298041555777,0.0033898305084745,0.2,0.0,0.2,0.0083339107166532,0.2919652700933529,0.0133390303351541,0.3030289849656017,0.8688878966330013,1.339224842507473,0.0,0.9999999999999912,1.1999999999999753,0.2075833333333333
2019-06-30,0,0,0,0.0053649290526136,0.0067796610169491,0.4,0.0,0.2,0.0027298041555777,0.0083339107166532,0.2919652700933529,0.0164286439248624,0.4350620813331304,1.3016101618238307,0.0,0.099999999999991,1.1999999999999753,0.1939583333333333
2019-07-01,0,0,0,0.0053306980265624,0.0066666666666666,0.4,0.0,0.2,0.0053649290526136,0.0027298041555777,0.0083339107166532,0.0134254312347716,0.331695169594127,1.2795263584324086,0.0,0.0,1.1999999999999753,0.1818333333333333
2019-07-02,0,0,0,0.0052688658184032,0.0066101694915254,0.39,0.0,0.39,0.0053306980265624,0.0053649290526136,0.0027298041555777,0.0159644928975971,0.3323325081982925,1.2513885456140497,0.0,0.0,1.1999999999999753,0.173875
2019-07-03,0,0,0,0.0027195732525777,0.0034482758620689,0.2,0.0,0.2,0.0052688658184032,0.0053306980265624,0.0053649290526136,0.0133191370975612,0.3217130511157161,1.2311081782279416,0.1,0.099999999999991,1.099999999999975,0.1640416666666666
2019-07-04,1,36,1,33.72083779638597,37.2940350877193,81.26,36.69,5.71,0.0027195732525777,0.0052688658184032,0.0053306980265624,33.72882623545697,33.75058557740834,34.921044020998266,67.3,67.39999999999999,67.49999999999997,0.400625
2019-07-05,1,22,1,30.414151861320384,33.87931034482759,78.56,43.575,4.33,33.72083779638597,0.0027195732525777,0.0052688658184032,64.13770923095896,64.15640352801208,65.20208000580098,27.4,94.79999999999998,94.79999999999998,0.462875
2019-07-06,0,0,0,5.957745024515506,3.9625,36.760000000000005,0.0,0.39,30.414151861320384,33.72083779638597,0.0027195732525777,70.09273468222189,70.111418748372,70.98030664500507,0.0,94.7,94.79999999999998,0.4584583333333333
2019-07-07,0,0,0,4.6741226504489,2.696166666666667,20.6,0.0,0.39,5.957745024515506,30.414151861320384,33.72083779638597,41.04601953628481,74.78017646976828,75.21523855110148,0.0,27.4,94.79999999999998,0.446375
2019-07-08,0,0,0,3.491376553016143,1.915254237288136,20.98,0.0,0.98,4.6741226504489,5.957745024515506,30.414151861320384,14.123244227980573,78.26622232475786,78.59791749435205,0.0,0.0,94.79999999999998,0.4353333333333333
2019-07-09,0,0,0,2.394651311527405,1.149122807017544,12.36,0.0,0.59,3.491376553016143,4.6741226504489,5.957745024515506,10.560150514992468,80.65560477046687,80.98793727866523,0.0,0.0,94.79999999999998,0.423625
2019-07-10,0,0,0,1.601196632210974,0.6637500000000001,7.590000000000001,0.0,0.39,2.394651311527405,3.491376553016143,4.6741226504489,7.487224496754543,82.25408182942526,82.57579488054104,0.0,0.0,94.69999999999996,0.412
2019-07-11,0,0,0,1.2950085885805334,0.5449090909090909,8.77,0.0,0.39,1.601196632210974,2.394651311527405,3.491376553016143,5.290856532318934,49.82825262161983,83.57883819902821,0.0,0.0,27.39999999999997,0.3999583333333333
2019-07-12,0,0,0,1.0218756185476765,0.59,11.47,0.0,0.59,1.2950085885805334,1.601196632210974,2.394651311527405,3.918080839339205,20.43597637884712,84.59237990685925,0.0,0.0,0.0,0.3881666666666667
2019-07-13,0,0,0,0.8709706091025754,0.8147272727272727,31.81,0.0,0.98,1.0218756185476765,1.2950085885805334,1.601196632210974,3.1878548162308062,15.349201963434185,85.46062071180624,0.0,0.0,0.0,0.375375
2019-07-14,0,0,0,0.4263562031672733,0.2,2.6,0.0,0.2,0.8709706091025754,1.0218756185476765,1.2950085885805334,2.3192024308175463,11.10143551615256,85.8816119859209,0.0,0.0,0.0,0.3611666666666666
2019-07-15,0,0,0,0.2902536324161789,0.1525454545454545,2.0,0.0,0.39,0.4263562031672733,0.8709706091025754,1.0218756185476765,1.5875804446860489,7.900312595552595,86.16653492031051,0.5,0.5,0.4999999999999716,0.3505416666666667
2019-07-16,0,0,0,3.700972871421525,4.999069767441861,8.290000000000001,5.71,1.18,0.2902536324161789,0.4263562031672733,0.8709706091025754,4.417582707004999,9.206634155446716,89.86223892591364,8.0,8.5,8.499999999999972,0.4155
2019-07-17,0,0,0,0.7020682822575689,0.5142857142857143,1.6,0.2,0.2,3.700972871421525,0.2902536324161789,0.4263562031672733,4.693294786095295,8.30750580549331,90.56158763491864,0.1,8.6,8.599999999999971,0.4167499999999999
2019-07-18,0,0,0,0.6041993812161015,0.5111111111111112,1.4,0.2,0.2,0.7020682822575689,3.700972871421525,0.2902536324161789,5.007240534895217,7.616696598128878,57.44494921974876,0.0,8.1,8.599999999999971,0.4034166666666667
2019-07-19,0,0,0,0.4867522749217283,0.4857142857142857,1.4,0.2,0.2,0.6041993812161015,0.7020682822575689,3.700972871421525,1.79301993839542,7.08157325450293,27.517549633350104,0.0,0.1,8.599999999999971,0.3850416666666666
2019-07-20,0,0,0,0.4320029453194979,0.36,1.2000000000000002,0.2,0.2,0.4867522749217283,0.6041993812161015,0.7020682822575689,1.5229546014573492,6.642605590719852,21.991807554154093,0.0,0.0,8.599999999999971,0.3684583333333333
2019-07-21,0,0,0,0.5625708814351402,0.56,1.4,0.4,0.2,0.4320029453194979,0.4867522749217283,0.6041993812161015,1.481326101676388,6.778820268987721,17.880255785140335,0.0,0.0,8.599999999999971,0.352125
2019-07-22,0,0,0,0.4009105968815557,0.465,1.2000000000000002,0.3,0.59,0.5625708814351402,0.4320029453194979,0.4867522749217283,1.3954844236362152,6.889477233453096,14.789789829005748,0.0,0.0,8.099999999999971,0.33475
2019-07-23,0,0,0,0.580089112862889,0.6500000000000001,1.2000000000000002,0.6000000000000001,0.4,0.4009105968815557,0.5625708814351402,0.4320029453194979,1.5435705911796065,3.76859347489446,12.975227630341232,0.0,0.0,0.0999999999999715,0.3176666666666667
2019-07-24,0,0,0,0.4182624619866925,0.5475000000000001,1.2000000000000002,0.395,0.39,0.580089112862889,0.4009105968815557,0.5625708814351402,1.3992621717311586,3.484787654623584,11.792293460116952,0.0,0.0,0.0,0.3021666666666666
2019-07-25,0,0,0,0.231268110440047,0.358,1.0,0.2,0.39,0.4182624619866925,0.580089112862889,0.4009105968815557,1.22961968528965,3.1118563838475297,10.728552981976463,0.0,0.0,0.0,0.2885833333333333
2019-07-26,0,0,0,0.1131241178945488,0.0631481481481481,1.21,0.0,0.6,0.231268110440047,0.4182624619866925,0.580089112862889,0.7626546903213097,2.73822822682035,9.819801481323337,0.0,0.0,0.0,0.2757916666666666
2019-07-27,0,0,0,0.0531399632043349,0.0222222222222222,0.8,0.0,0.2,0.1131241178945488,0.231268110440047,0.4182624619866925,0.3975321915389521,2.359365244705187,9.001970835425096,0.0,0.0,0.0,0.2628333333333333
2019-07-28,0,0,0,0.3668930244964079,0.4666666666666666,1.0,0.4,0.2,0.0531399632043349,0.1131241178945488,0.231268110440047,0.533157105595313,2.163687387766455,8.94250765675423,0.3,0.3,0.2999999999999715,0.2582916666666666
2019-07-29,0,0,0,0.0261485377861451,0.0662962962962963,2.58,0.0,1.97,0.3668930244964079,0.0531399632043349,0.1131241178945488,0.4461815254869093,1.788925328671044,8.678402562124198,0.0,0.3,0.2999999999999715,0.2551666666666667
2019-07-30,0,0,0,0.4886061156108073,0.7787272727272727,7.77,0.2,5.79,0.0261485377861451,0.3668930244964079,0.0531399632043349,0.8816476778933817,1.6974423314189624,5.46603580631348,1.6,1.9,1.899999999999972,0.24225
2019-07-31,0,0,0,0.1638020858818984,0.2327777777777777,2.6,0.0,0.79,0.4886061156108073,0.0261485377861451,0.3668930244964079,0.6785567392788723,1.4429819553141685,4.927769609937809,0.0,1.6,1.899999999999972,0.2303333333333333
2019-08-01,0,0,0,0.0164461602969489,0.0346153846153846,1.0,0.0,0.2,0.1638020858818984,0.4886061156108073,0.0261485377861451,0.6688543617896759,1.2281600051710702,4.340016389018657,0.0,1.6,1.899999999999972,0.2145
2019-08-02,0,0,0,0.1969502299541712,0.3620754716981132,3.97,0.0,0.98,0.0164461602969489,0.1638020858818984,0.4886061156108073,0.37719847613304,1.3119861172306928,4.050214344051099,1.2,1.2,3.099999999999972,0.2014166666666666
2019-08-03,0,0,0,1.2474116135548123,1.8807692307692307,21.28,1.1,4.13,0.1969502299541712,0.0164461602969489,0.1638020858818984,1.460808003805954,2.50625776758117,4.865623012286413,2.3,3.5,5.399999999999972,0.2584583333333333
2019-08-04,0,0,0,0.1780447026853988,0.2038775510204081,0.99,0.2,0.59,1.2474116135548123,0.1969502299541712,0.0164461602969489,1.6224065461944035,2.3174094457701613,4.4810968335366725,3.9,7.4,8.999999999999972,0.2760416666666667
2019-08-05,0,0,0,0.2641577199170223,0.2553703703703704,2.0,0.2,0.39,0.1780447026853988,1.2474116135548123,0.1969502299541712,1.6896140361572547,2.5554186279010382,4.344343956572139,0.2,6.4,9.19999999999997,0.3024166666666666
2019-08-06,0,0,0,0.0092845270806656,0.0113461538461538,0.59,0.0,0.59,0.2641577199170223,0.1780447026853988,1.2474116135548123,0.4514869496831081,2.0760970393708966,3.773539370789916,0.0,4.1,7.599999999999971,0.291
2019-08-07,0,0,0,0.0286674332117393,0.0351785714285714,1.97,0.0,1.77,0.0092845270806656,0.2641577199170223,0.1780447026853988,0.3021096802094485,1.9409623867007373,3.383944342014962,0.0,0.2,7.599999999999971,0.271625
2019-08-08,0,0,0,0.002971720157927,0.0036363636363636,0.2,0.0,0.2,0.0286674332117393,0.0092845270806656,0.2641577199170223,0.0409236804503533,1.927487946561716,3.1556479517328424,0.1,0.1,7.699999999999971,0.2504166666666667
2019-08-09,0,0,0,0.0591658098325294,0.1387037037037037,6.51,0.0,1.6,0.002971720157927,0.0286674332117393,0.0092845270806656,0.090804963202217,1.7897035264400738,3.101689643670823,0.0,0.1,6.499999999999972,0.2289583333333333
2019-08-10,0,0,0,0.0045115401354748,0.0074074074074074,0.2,0.0,0.2,0.0591658098325294,0.002971720157927,0.0286674332117393,0.0666490701259526,0.5468034530207364,3.053061220601963,0.0,0.1,4.199999999999971,0.20725
2019-08-11,0,0,0,0.0105633619423588,0.0154716981132075,0.62,0.0,0.42,0.0045115401354748,0.0591658098325294,0.002971720157927,0.0742407119103843,0.3793221122776964,2.696731558047914,0.0,0.0,0.2999999999999716,0.1931666666666666
2019-08-12,0,0,0,0.0031012412750378,0.0038461538461538,0.2,0.0,0.2,0.0105633619423588,0.0045115401354748,0.0591658098325294,0.0181761433528928,0.1182656336357119,2.6736842615368066,0.0,0.0,0.0999999999999715,0.1814583333333333
2019-08-13,0,0,0,0.0370453059019465,0.0505882352941176,1.58,0.0,0.39,0.0031012412750378,0.0105633619423588,0.0045115401354748,0.0507099091193645,0.1460264124569928,2.2221234518279456,0.5,0.5,0.5999999999999716,0.1747083333333333
2019-08-14,0,0,0,0.1124404997586214,0.2043478260869565,2.4000000000000004,0.0,0.2,0.0370453059019465,0.0031012412750378,0.0105633619423588,0.1525870469356271,0.2297994790038749,2.170761865704669,0.0,0.5,0.5999999999999716,0.2085416666666666
2019-08-15,0,0,0,0.0422844847779315,0.0749056603773584,1.17,0.0,0.39,0.1124404997586214,0.0370453059019465,0.0031012412750378,0.1917702904385207,0.2691122436238794,2.196600190185652,0.0,0.5,0.4999999999999716,0.209375
2019-08-16,0,0,0,0.0029742002869407,0.0037037037037037,0.2,0.0,0.2,0.0422844847779315,0.1124404997586214,0.0370453059019465,0.1576991848235149,0.2129206340782907,2.002624160518421,0.0,0.0,0.4999999999999716,0.1932083333333333
2019-08-17,0,0,0,0.0031012412750378,0.0038461538461538,0.2,0.0,0.2,0.0029742002869407,0.0422844847779315,0.1124404997586214,0.0483599263399313,0.2115103352178537,0.7583137882386465,0.0,0.0,0.4999999999999716,0.1754166666666666
2019-08-18,0,0,0,0.0030522622398124,0.0037735849056603,0.2,0.0,0.2,0.0031012412750378,0.0029742002869407,0.0422844847779315,0.0091277038018122,0.2039992355153072,0.5833213477930601,0.0,0.0,0.4999999999999716,0.158125
2019-08-19,0,0,0,1.29525925670262,2.0325,8.05,1.31,1.57,0.0030522622398124,0.0031012412750378,0.0029742002869407,1.3014127602174916,1.496157250942889,1.6144228845786577,3.5,3.5,3.999999999999972,0.1869166666666666
2019-08-20,0,0,0,0.332816107739038,0.4923404255319149,5.52,0.2,0.79,1.29525925670262,0.0030522622398124,0.0031012412750378,1.6311276266814918,1.7919280527799808,1.9379544652370304,3.3,6.8,6.799999999999971,0.4280833333333333
2019-08-21,0,0,0,0.1507630761554958,0.220754716981132,5.5200000000000005,0.0,1.18,0.332816107739038,1.29525925670262,0.0030522622398124,1.778838440597175,1.8302506291768552,2.060050108180787,0.4,7.2,7.199999999999972,0.4465833333333333
2019-08-22,0,0,0,0.0607821306517345,0.1344230769230769,3.8,0.0,0.39,0.1507630761554958,0.332816107739038,1.29525925670262,0.5443613145462897,1.8487482750506583,2.1178605186745942,1.1,4.8,8.299999999999972,0.433125
2019-08-23,0,0,0,0.0841621062822434,0.1442592592592592,0.8,0.0,0.39,0.0607821306517345,0.1507630761554958,0.332816107739038,0.2957073130894951,1.9299361810459608,2.1428568151243086,1.2,2.7,9.499999999999972,0.4298333333333333
2019-08-24,0,0,0,0.4526820151511734,0.4075,2.2,0.2,0.39,0.0841621062822434,0.0607821306517345,0.1507630761554958,0.5976262520851727,2.3795169549220967,2.591027290140007,0.7,3.0,10.19999999999997,0.4244583333333333
2019-08-25,0,0,0,0.0129102139003074,0.0307692307692307,0.8,0.0,0.2,0.4526820151511734,0.0841621062822434,0.0607821306517345,0.5497543353337456,2.389374906582592,2.5933741420979555,0.0,1.9,10.19999999999997,0.4120416666666666
2019-08-26,0,0,0,0.0031595083087008,0.0038461538461538,0.2,0.0,0.2,0.0129102139003074,0.4526820151511734,0.0841621062822434,0.4687517373602031,1.0972751581886724,2.5934324091316183,0.0,0.7,6.699999999999971,0.3804583333333333
2019-08-27,0,0,0,0.0195530324987757,0.0237254901960784,1.21,0.0,0.42,0.0031595083087008,0.0129102139003074,0.4526820151511734,0.0356227547078053,0.7840120829484102,2.575940135728448,0.1,0.1,3.499999999999972,0.3479583333333333
2019-08-28,0,0,0,0.0036758404937499,0.0042553191489361,0.2,0.0,0.2,0.0195530324987757,0.0031595083087008,0.0129102139003074,0.0263883813012478,0.6369248472866642,2.4671754764635763,0.0,0.1,3.099999999999972,0.32125
2019-08-29,0,0,0,0.2,0.2,0.2,0.2,0.2,0.0036758404937499,0.0195530324987757,0.0031595083087008,0.2232288729925469,0.7761427166349298,2.6248909916856444,0.0,0.1,1.999999999999972,0.2962916666666667
2019-08-30,0,0,0,0.0031470749030893,0.0038461538461538,0.2,0.0,0.2,0.2,0.0036758404937499,0.0195530324987757,0.2068229153968606,0.6951276852557757,2.6250638663017933,0.0,0.0,0.7999999999999715,0.2685416666666667
2019-08-31,0,0,0,0.1664214454429538,0.100566037735849,4.93,0.0,0.59,0.0031470749030893,0.2,0.0036758404937499,0.3695685203460645,0.408867115547556,2.7883840704697094,0.0,0.0,0.0999999999999715,0.2405
2019-09-01,1,4,0,13.792574005569636,16.5,39.97,18.855,7.52,0.1664214454429538,0.0031470749030893,0.2,13.962142525915702,14.188530907216888,16.577905813799536,15.6,15.6,15.69999999999997,0.2820416666666667
2019-09-02,1,5,0,10.073429596989785,14.688,35.98,15.965,9.26,13.792574005569636,0.1664214454429538,0.0031470749030893,24.032425048002395,24.25880099589797,25.3560761540867,6.2,21.8,21.89999999999997,0.4554166666666666
2019-09-03,1,1,0,4.730584938627631,5.785283018867925,18.48,3.4000000000000004,6.49,10.073429596989785,13.792574005569636,0.1664214454429538,28.596588541187074,28.969832902026823,29.75384498497529,3.4,25.2,25.19999999999997,0.4584999999999999
2019-09-04,0,0,0,2.088549979063577,2.474166666666666,18.6,0.6000000000000001,1.97,4.730584938627631,10.073429596989785,13.792574005569636,16.892564514681013,31.054707040596654,31.69163188788337,0.2,9.8,25.39999999999997,0.445625
2019-09-05,1,1,0,1.5897487252916809,1.475625,5.800000000000001,1.2000000000000002,1.97,2.088549979063577,4.730584938627631,10.073429596989785,8.40888364298291,32.444455765888335,33.22059848252332,3.1,6.7,28.49999999999997,0.4574166666666666
2019-09-06,0,0,0,2.877545594853371,3.701,10.06,3.2,3.55,1.5897487252916809,2.088549979063577,4.730584938627631,6.555844299208649,35.31885428583862,36.013981971094445,6.6,9.9,35.099999999999966,0.4601249999999999
2019-09-07,0,0,0,2.083921062428267,2.3703703703703702,26.94,1.095,1.77,2.877545594853371,1.5897487252916809,2.088549979063577,6.551215382573339,37.23635390282393,37.64522101837154,0.2,9.9,35.29999999999997,0.426625
2019-09-08,0,0,0,0.7827104169625577,0.5277358490566039,7.37,0.0,3.83,2.083921062428267,2.877545594853371,1.5897487252916809,5.7441770742442175,24.22649031421685,38.41502122143379,0.0,6.8,19.69999999999997,0.3912916666666666
2019-09-09,0,0,0,0.8036736450742761,0.660754716981132,26.22,0.0,14.91,0.7827104169625577,2.083921062428267,2.877545594853371,3.670305124465122,14.95673436230134,39.21553535819937,0.0,0.2,13.499999999999972,0.3585
2019-09-10,0,0,0,0.3992449682480645,0.1647058823529411,3.6,0.0,0.2,0.8036736450742761,0.7827104169625577,2.083921062428267,1.98562903028492,10.625394391921771,39.59522729394865,0.0,0.0,10.099999999999971,0.3245833333333333
2019-09-11,0,0,0,0.4198296279800907,0.2658823529411764,3.2,0.0,1.6,0.3992449682480645,0.8036736450742761,0.7827104169625577,1.6227482413024528,8.956674040838287,40.011381081435,0.0,0.0,9.89999999999997,0.296125
2019-09-12,0,0,0,0.3427378387966887,0.165576923076923,2.63,0.0,1.03,0.4198296279800907,0.3992449682480645,0.8036736450742761,1.1618124350248653,7.7096631543432945,40.15411892023168,0.0,0.0,6.799999999999971,0.2678333333333333
2019-09-13,0,0,0,0.1959468945509296,0.0978431372549019,1.2000000000000002,0.0,0.79,0.3427378387966887,0.4198296279800907,0.3992449682480645,0.9585143613277304,5.028064454040853,40.34691873987953,0.3,0.3,0.4999999999999716,0.2555
2019-09-14,0,0,0,0.347654266279661,0.2851923076923077,9.83,0.0,5.31,0.1959468945509296,0.3427378387966887,0.4198296279800907,0.8863389996273007,3.291797657892247,40.52815156071623,0.0,0.3,0.2999999999999715,0.2480833333333333
2019-09-15,0,0,0,0.1103642328956976,0.0452830188679245,0.6000000000000001,0.0,0.2,0.347654266279661,0.1959468945509296,0.3427378387966887,0.6539653937263096,2.619451473825387,26.845941788042293,0.0,0.3,0.2999999999999715,0.2283333333333333
2019-09-16,0,0,0,0.0319200449211328,0.0419230769230769,1.5799999999999998,0.0,1.18,0.1103642328956976,0.347654266279661,0.1959468945509296,0.4899385440965128,1.847697873672244,16.80443223597364,0.0,0.0,0.2999999999999715,0.2035416666666666
2019-09-17,0,0,0,0.0362978433012697,0.0447169811320754,2.17,0.0,0.59,0.0319200449211328,0.1103642328956976,0.347654266279661,0.1785821211181215,1.484750748725449,12.110145140647278,0.0,0.0,0.2999999999999715,0.178625
2019-09-18,0,0,0,0.0096776194678666,0.0118,0.5900000000000001,0.0,0.39,0.0362978433012697,0.0319200449211328,0.1103642328956976,0.0778955076902905,1.0745987402132249,10.031272781051568,0.0,0.0,0.2999999999999715,0.1560833333333333
2019-09-19,0,0,0,0.4853061709484397,0.5676470588235295,5.1000000000000005,0.0,1.18,0.0096776194678666,0.0362978433012697,0.0319200449211328,0.5312816337175975,1.217167072364976,8.926830226708327,0.4,0.4,0.6999999999999715,0.1475833333333333
2019-09-20,0,0,0,0.3609421800408209,0.5057692307692307,3.56,0.4,0.59,0.4853061709484397,0.0096776194678666,0.0362978433012697,0.8559259704571487,1.3821623578548672,6.410226811895778,1.5,1.9,1.8999999999999715,0.1480416666666666
2019-09-21,0,0,0,2.357336553002065,2.875,7.53,2.565,4.13,0.3609421800408209,0.4853061709484397,0.0096776194678666,3.2035849039913478,3.3918446445772714,6.683642302469576,0.3,2.2,2.1999999999999718,0.1969166666666666
2019-09-22,0,0,0,0.1813224950327327,0.2704166666666667,3.0,0.0,0.39,2.357336553002065,0.3609421800408209,0.4853061709484397,2.89960122807564,3.4628029067143062,6.08225438053975,2.7,4.5,4.899999999999972,0.2439583333333333
2019-09-23,0,0,0,0.1872618378098323,0.2151923076923077,1.4,0.2,0.39,0.1813224950327327,2.357336553002065,0.3609421800408209,2.7259208858446518,3.6181446996030058,5.465842573275307,0.6,3.6,5.499999999999972,0.2910833333333333
2019-09-24,0,0,0,7.990725123872173,10.862692307692308,513.9100000000001,0.2,512.33,0.1872618378098323,0.1813224950327327,2.357336553002065,8.35930945671476,11.572571980173908,13.057322728899416,2.3,5.6,7.799999999999971,0.2782916666666666
2019-09-25,0,0,0,0.6119127459075469,0.8858333333333334,4.6000000000000005,0.5950000000000001,0.79,7.990725123872173,0.1872618378098323,0.1813224950327327,8.789899707589573,12.174807106613589,13.249405846826871,4.9,7.8,12.69999999999997,0.2906666666666667
2019-09-26,0,0,0,1.532801891413721,1.3534782608695652,5.36,1.0,0.59,0.6119127459075469,7.990725123872173,0.1872618378098323,10.135439761193462,13.22230282707887,14.439469899443903,1.3,8.5,13.599999999999971,0.3033333333333333
2019-09-27,0,0,0,0.107504842662323,0.1717307692307692,3.34,0.0,2.56,1.532801891413721,0.6119127459075469,7.990725123872173,2.2522194799836117,12.968865489700374,14.351027847555295,0.6,6.8,12.69999999999997,0.3001666666666666
2019-09-28,0,0,0,0.0834763111870657,0.1205882352941176,3.16,0.0,0.79,0.107504842662323,1.532801891413721,0.6119127459075469,1.7237830452631302,10.695005247885373,14.086849892462702,0.7,2.599999999999999,13.099999999999971,0.308
2019-09-29,0,0,0,0.8890768748333033,1.206,58.09,0.0,54.55,0.0834763111870657,0.107504842662323,1.532801891413721,1.0800580286827126,11.402759627685944,14.865562534400308,0.0,1.299999999999999,10.399999999999972,0.2860833333333333
2019-09-30,0,0,0,0.0386530237455209,0.0541176470588235,2.16,0.0,2.16,0.8890768748333033,0.0834763111870657,0.107504842662323,1.0112062097659105,11.254150813621631,14.872295513224696,0.0,0.6999999999999991,9.799999999999972,0.2483333333333333
2019-10-01,0,0,0,0.0064854694044151,0.0076923076923076,0.2,0.0,0.2,0.0386530237455209,0.8890768748333033,0.0834763111870657,0.93421536798326,3.2699111591538745,14.84248313932784,0.0,0.0,7.499999999999972,0.2102083333333333
2019-10-02,0,0,0,0.0032898286113007,0.0039215686274509,0.2,0.0,0.2,0.0064854694044151,0.0386530237455209,0.8890768748333033,0.0484283217612572,2.661288241857629,14.836095348471272,0.0,0.0,2.599999999999972,0.1762916666666666
2019-10-03,0,0,0,0.0032549868087696,0.0039215686274509,0.2,0.0,0.2,0.0032898286113007,0.0064854694044151,0.0386530237455209,0.0130302848245059,1.1317413372526774,14.354044164331604,0.0,0.0,1.2999999999999714,0.1511666666666666
2019-10-04,0,0,0,0.0050479624438817,0.008,0.2,0.0,0.2,0.0032549868087696,0.0032898286113007,0.0064854694044151,0.0115927778639725,1.029284457034236,13.998149946734666,0.0,0.0,0.6999999999999715,0.1334583333333333
2019-10-05,0,0,0,0.0034093909121156,0.0040816326530612,0.2,0.0,0.2,0.0050479624438817,0.0032549868087696,0.0032898286113007,0.0117123401647875,0.949217536759286,11.644222784644716,0.0,0.0,0.0,0.1187916666666666
2019-10-06,0,0,0,0.0240948764039554,0.04,0.6000000000000001,0.0,0.2,0.0034093909121156,0.0050479624438817,0.0032549868087696,0.0325522297599732,0.0842355383299379,11.48699516601594,0.0,0.0,0.0,0.118625
2019-10-07,0,0,0,4.1340867964926025,4.89326530612245,18.85,4.16,3.15,0.0240948764039554,0.0034093909121156,0.0050479624438817,4.161591063808694,4.17966931107702,15.433820124698707,5.9,5.9,5.899999999999972,0.1725833333333333
2019-10-08,0,0,0,3.592773472939725,4.821666666666666,16.96,3.175,3.54,4.1340867964926025,0.0240948764039554,0.0034093909121156,7.750955145836303,7.765957314612329,11.03586847376626,14.6,20.5,20.49999999999997,0.2508333333333333
2019-10-09,0,0,0,2.7483819732235726,3.482790697674419,12.32,2.38,1.37,3.592773472939725,4.1340867964926025,0.0240948764039554,10.47524224265592,10.5110494592246,13.172337701082286,13.2,33.7,33.699999999999974,0.40775
2019-10-10,0,0,0,0.8752592721022863,0.595625,20.23,0.0,20.23,2.7483819732235726,3.592773472939725,4.1340867964926025,7.216414718265604,11.38305374451812,12.51479508177085,0.0,27.8,33.699999999999974,0.3811666666666666
2019-10-11,0,0,0,0.018069836611242,0.0313725490196078,0.8,0.0,0.2,0.8752592721022863,2.7483819732235726,3.592773472939725,3.6417110819371215,11.396075618685478,12.425360075719771,0.0,13.199999999999998,33.699999999999974,0.3330833333333333
2019-10-12,0,0,0,0.0148635067286727,0.023076923076923,0.8,0.0,0.2,0.018069836611242,0.8752592721022863,2.7483819732235726,0.9081926154422216,11.407529734502036,12.356747271261376,0.1,0.0999999999999982,33.79999999999997,0.2886666666666667
2019-10-13,0,0,0,0.0035522551140961,0.0043478260869565,0.2,0.0,0.2,0.0148635067286727,0.018069836611242,0.8752592721022863,0.0364855984540313,11.386987113212175,11.47122265154217,0.0,0.0999999999999982,33.79999999999997,0.2425
2019-10-14,0,0,0,0.2946893634511531,0.3,0.4,0.3,0.2,0.0035522551140961,0.0148635067286727,0.018069836611242,0.3131051252939424,7.547589680170726,11.727258991247805,0.2,0.2999999999999982,28.099999999999973,0.2009166666666666
2019-10-15,0,0,0,0.1409199287047285,0.230392156862745,2.98,0.0,0.59,0.2946893634511531,0.0035522551140961,0.0148635067286727,0.4391615472699982,4.09573613593573,11.861693450548117,0.5,0.6999999999999983,13.999999999999972,0.18475
2019-10-16,0,0,0,0.289434085436788,0.3342,3.35,0.0,0.98,0.1409199287047285,0.2946893634511531,0.0035522551140961,0.7250433775926901,1.6367882481489455,12.147837707373604,0.1,0.7999999999999983,0.8999999999999716,0.1889999999999999
2019-10-17,1,2,2,0.0538410989555539,0.073076923076923,0.6000000000000001,0.0,0.2,0.289434085436788,0.1409199287047285,0.2946893634511531,0.4841951130970909,0.8153700750022133,12.198423819520388,0.0,0.5999999999999983,0.8999999999999716,0.1753749999999999
2019-10-18,0,0,0,3.375476909615649,6.685769230769231,61.59,1.775,18.53,0.0538410989555539,0.289434085436788,0.1409199287047285,3.718752094008011,4.17277714800662,15.568852766692151,0.1,0.1999999999999983,0.9999999999999716,0.1640416666666666
2019-10-19,0,0,0,0.9503396911776252,1.4054716981132074,31.62,0.0,2.36,3.375476909615649,0.0538410989555539,0.289434085436788,4.379657699748849,5.108253332455573,16.515783066957663,1.1,1.1999999999999984,1.999999999999972,0.1738333333333333
2019-10-20,0,0,0,0.1946494963657901,0.2527450980392157,5.3,0.0,0.59,0.9503396911776252,3.375476909615649,0.0538410989555539,4.520466097159085,5.299350573707267,16.686337686919497,0.2,1.3999999999999984,2.199999999999972,0.191625
2019-10-21,0,0,0,0.5906933400018274,0.4584313725490196,11.24,0.2,1.57,0.1946494963657901,0.9503396911776252,3.375476909615649,1.7356825275452632,5.595354550257941,13.142944230428723,1.7,2.9999999999999982,3.699999999999972,0.1889166666666666
2019-10-22,0,0,0,0.9116615431851568,1.211,57.19,0.0,21.63,0.5906933400018274,0.1946494963657901,0.9503396911776252,1.6970043795527947,6.366096164738369,10.461832300674155,0.6,2.4999999999999982,3.7999999999999714,0.2072083333333333
2019-10-23,0,0,0,0.0194310779694621,0.0352941176470588,0.4,0.0,0.2,0.9116615431851568,0.5906933400018274,0.1946494963657901,1.5217859611564668,6.096093157271043,7.732881405420045,0.0,2.299999999999998,3.6999999999999713,0.1967916666666666
2019-10-24,0,0,0,0.0354690738020481,0.054313725490196,1.5799999999999998,0.0,0.79,0.0194310779694621,0.9116615431851568,0.5906933400018274,0.9665616949566876,6.077721132117538,6.893091207119808,0.9,1.4999999999999982,4.599999999999971,0.190875
2019-10-25,0,0,0,0.1907523177996552,0.2566666666666666,12.5,0.0,6.32,0.0354690738020481,0.0194310779694621,0.9116615431851568,0.2456524695711859,2.892996540301544,7.065773688308221,1.0,1.899999999999998,5.499999999999972,0.1784166666666666
2019-10-26,0,0,0,0.0096084358549709,0.012,0.4,0.0,0.2,0.1907523177996552,0.0354690738020481,0.0194310779694621,0.2358298274566947,1.9522652849788893,7.060518617434519,0.5,2.399999999999998,4.899999999999971,0.157375
2019-10-27,0,0,0,0.014442414791823,0.0190384615384615,0.79,0.0,0.79,0.0096084358549709,0.1907523177996552,0.0354690738020481,0.2148031684464697,1.7720582034049226,7.071408777112246,0.2,1.6999999999999984,4.899999999999971,0.1402916666666666
2019-10-28,1,5,0,10.499869508118742,9.006792452830188,34.76,6.0,4.92,0.014442414791823,0.0096084358549709,0.1907523177996552,10.523920358765556,11.681234371521835,17.276588921779833,5.6,6.299999999999998,8.79999999999997,0.1282916666666666
2019-10-29,0,0,0,0.2533136252494953,0.31,13.63,0.0,2.8,10.499869508118742,0.014442414791823,0.0096084358549709,10.76762554816008,11.022886453586176,17.3889826183246,3.0,8.799999999999997,11.19999999999997,0.142625
2019-10-30,0,0,0,0.0938132996074313,0.156078431372549,1.58,0.0,0.59,0.2533136252494953,10.499869508118742,0.014442414791823,10.846996432975688,11.097268675224145,17.193361832495246,0.1,8.7,11.29999999999997,0.1448333333333333
2019-10-31,0,0,0,0.0707302982800689,0.0850980392156862,4.14,0.0,0.79,0.0938132996074313,0.2533136252494953,10.499869508118742,0.417857223137015,11.132529899702163,17.210251031819762,0.0,3.0999999999999983,10.39999999999997,0.1288333333333333
2019-11-01,0,0,0,0.0373405324639546,0.0526415094339622,2.17,0.0,0.59,0.0707302982800689,0.0938132996074313,0.2533136252494953,0.2018841303514744,10.979118114366466,13.872114654668067,0.1,0.1999999999999982,9.49999999999997,0.1207499999999999
2019-11-02,0,0,0,0.0093617452411931,0.0117647058823529,0.4,0.0,0.2,0.0373405324639546,0.0707302982800689,0.0938132996074313,0.1174325759852362,10.978871423752688,12.931136708731634,0.2,0.2999999999999982,9.19999999999997,0.1193333333333333
2019-11-03,0,0,0,0.0032947553811863,0.0040816326530612,0.2,0.0,0.2,0.0093617452411931,0.0373405324639546,0.0707302982800689,0.0499970330863537,10.96772376434205,12.73978196774703,0.1,0.3999999999999982,9.099999999999971,0.1088333333333333
2019-11-04,0,0,0,0.0,0.0,0.0,0.0,0.0,0.0032947553811863,0.0093617452411931,0.0373405324639546,0.012656500622399,0.4678542562233084,12.149088627745202,0.1,0.3999999999999982,3.599999999999971,0.10525
2019-11-05,1,36,8,3.75,3.75,3.75,3.75,0.79,0.0,0.0032947553811863,0.0093617452411931,3.753294755381206,3.964540630973813,14.987427084560046,5.9,6.099999999999999,6.499999999999972,0.1462083333333333
2019-11-06,1,7,0,7.859999999999999,7.859999999999999,7.859999999999999,7.859999999999999,0.79,3.75,0.0,0.0032947553811863,11.61000000000002,11.73072733136638,22.82799600659058,2.8,8.799999999999999,9.19999999999997,0.3194166666666667
2019-11-07,0,0,0,0.2,0.2,0.2,0.2,0.2,7.859999999999999,3.75,0.0,11.810000000000018,11.859997033086312,22.992526932788536,8.2,16.9,17.39999999999997,0.3177916666666666
2019-11-08,0,0,0,3.899592741200527,3.146666666666667,8.64,0.8,1.57,0.2,7.859999999999999,3.75,11.959592741200543,15.722249241822883,26.701367356189404,6.8,17.799999999999997,24.09999999999997,0.3311666666666666
2019-11-09,1,1,0,0.3947837601229348,0.37,1.79,0.2,0.39,3.899592741200527,0.2,7.859999999999999,4.494376501323481,16.107671256704627,27.086542680457374,3.7,18.7,27.59999999999997,0.4025
2019-11-10,1,1,0,0.599345163400171,0.5286666666666667,3.5500000000000003,0.2,0.59,0.3947837601229348,3.899592741200527,0.2,4.893721664723652,16.703721664723613,27.67144542906572,3.7,14.2,31.199999999999967,0.435625
2019-11-11,0,0,0,0.3274863657777357,0.52125,2.38,0.2,0.39,0.599345163400171,0.3947837601229348,3.899592741200527,1.3216152893008613,17.03120803050135,17.499062286724715,1.3,8.7,32.39999999999997,0.4332916666666666
2019-11-12,1,2,0,0.124553213476445,0.1718,1.19,0.0,0.39,0.3274863657777357,0.599345163400171,0.3947837601229348,1.0513847426543712,13.405761243977793,17.37030187495166,0.5,5.499999999999998,26.99999999999997,0.406375
2019-11-13,0,0,0,1.2138971855992875,1.3912244897959185,25.15,0.0,15.78,0.124553213476445,0.3274863657777357,0.599345163400171,1.6659367648534875,6.75965842957708,18.49038576094352,3.5,5.299999999999998,27.69999999999997,0.3804166666666667
2019-11-14,1,7,0,7.365753941891235,8.199166666666667,30.45,7.615,7.58,1.2138971855992875,0.124553213476445,0.3274863657777357,8.704204340966987,13.925412371468315,25.785409404554684,25.0,29.0,44.49999999999997,0.46625
2019-11-15,1,7,0,11.67136868641778,13.900212765957448,60.28,8.27,5.12,7.365753941891235,1.2138971855992875,0.124553213476445,20.25101981390832,21.69718831668557,37.419437558508506,16.5,45.0,54.19999999999997,0.4792083333333333
2019-11-16,0,0,0,2.072222208852107,1.9736734693877556,36.02,0.0,1.57,11.67136868641778,7.365753941891235,1.2138971855992875,21.109344837161142,23.37462676541474,39.48229802211942,0.1,41.6,50.59999999999997,0.427875
2019-11-17,0,0,0,0.305577511674072,0.3095744680851064,4.6000000000000005,0.0,2.36,2.072222208852107,11.67136868641778,7.365753941891235,14.049168406943975,23.08085911368864,39.78458077841231,0.0,16.6,46.89999999999997,0.37875
2019-11-18,0,0,0,0.1430955328810413,0.1651063829787234,3.36,0.0,0.98,0.305577511674072,2.072222208852107,11.67136868641778,2.52089525340724,22.896468280791947,39.92767631129336,0.2,0.3,45.79999999999997,0.3495833333333333
2019-11-19,0,0,0,0.1138122087741276,0.1151111111111111,1.98,0.0,0.39,0.1430955328810413,0.305577511674072,2.072222208852107,0.5624852533292605,22.88572727608963,36.29148852006748,0.7,0.9,45.99999999999997,0.3406666666666667
2019-11-20,0,0,0,0.0486433658410559,0.0595744680851063,0.8,0.0,0.2,0.1138122087741276,0.1430955328810413,0.305577511674072,0.3055511074962443,21.7204734563314,28.48013188590853,0.3,1.2,42.79999999999997,0.3300416666666667
2019-11-21,1,1,0,1.4967896965356573,1.9019148936170212,22.03,0.0,14.53,0.0486433658410559,0.1138122087741276,0.1430955328810413,1.6592452711508603,15.85150921097582,29.77692158244419,0.1,1.1,17.89999999999997,0.3089166666666667
2019-11-22,1,4,0,1.3333038644094422,2.4317021276595745,21.05,0.2,9.97,1.4967896965356573,0.0486433658410559,0.1138122087741276,2.878736926786175,5.513444388967484,27.210632705653108,0.4,0.8000000000000002,1.7999999999999716,0.2884166666666666
2019-11-23,0,0,0,1.1998303001072474,2.084583333333333,14.7,0.8,9.75,1.3333038644094422,1.4967896965356573,0.0486433658410559,4.029923861052366,4.6410524802226245,28.01567924563741,10.9,11.4,12.599999999999971,0.3622499999999999
2019-11-24,0,0,0,1.0497182884102083,1.3358695652173913,9.93,0.8,2.56,1.1998303001072474,1.3333038644094422,1.4967896965356573,3.582852452926917,5.38519325695876,28.466052370647454,0.7,12.0,13.29999999999997,0.4433333333333333
2019-11-25,0,0,0,0.2534388027073055,0.3193617021276596,9.25,0.0,4.93,1.0497182884102083,1.1998303001072474,1.3333038644094422,2.5029873912247806,5.495536526785024,28.392004807577024,0.0,11.6,13.099999999999971,0.4039583333333333
2019-11-26,0,0,0,0.2358101354048177,0.2826086956521739,12.2,0.0,1.77,0.2534388027073055,1.0497182884102083,1.1998303001072474,1.538967226522351,5.617534453415715,28.5032617295054,0.4,1.1,12.79999999999997,0.3564166666666666
2019-11-27,1,22,3,12.630441879178091,14.686904761904762,37.53,15.45,13.04,0.2358101354048177,0.2534388027073055,1.0497182884102083,13.119690817290236,18.199332966752756,39.91980642308421,2.9,3.3,15.399999999999972,0.357625
2019-11-28,1,8,0,7.349098061670702,6.893695652173913,24.4,5.45,3.55,12.630441879178091,0.2358101354048177,0.2534388027073055,20.215350076253632,24.0516413318878,39.90315054286367,15.2,18.5,30.49999999999997,0.4551666666666666
2019-11-29,0,0,0,2.2898199005896624,1.1042553191489362,8.0,0.2,1.57,7.349098061670702,12.630441879178091,0.2358101354048177,22.26935984143848,25.00815736806802,30.52160175703555,0.0,18.1,30.099999999999973,0.4217083333333333
2019-11-30,1,1,0,2.3870291434498254,3.5842553191489364,21.79,0.0,13.69,2.2898199005896624,7.349098061670702,12.630441879178091,12.025947105710207,26.1953562114106,30.83640869163327,0.6,15.8,19.79999999999997,0.3974999999999999
2019-12-01,0,0,0,1.2043137494554232,2.5153191489361704,23.55,0.2,5.51,2.3870291434498254,2.2898199005896624,7.349098061670702,5.881162793494931,26.349951672455813,31.735144929414624,1.5,2.1,20.59999999999997,0.4189583333333333
2019-12-02,0,0,0,0.735200758475122,0.8547916666666667,9.2,0.2,0.79,1.2043137494554232,2.3870291434498254,2.2898199005896624,4.326543651380391,26.831713628223625,32.327250155008706,0.5,2.6,21.09999999999997,0.4495416666666667
2019-12-03,0,0,0,0.2741530197701932,0.4184782608695652,10.27,0.0,1.79,0.735200758475122,1.2043137494554232,2.3870291434498254,2.213667527700758,26.870056512589,32.48759096600477,0.0,2.0,20.69999999999997,0.420125
2019-12-04,1,1,0,2.3930592019511376,2.417659574468085,12.02,1.19,9.59,0.2741530197701932,0.735200758475122,1.2043137494554232,3.4024129801964724,16.632673835362045,34.83200680211485,3.8,4.3,21.59999999999997,0.40875
2019-12-05,1,5,1,6.285885963805866,6.541250000000001,25.55,5.725,7.71,2.3930592019511376,0.2741530197701932,0.735200758475122,8.953098185527216,15.56946173749721,39.62110306938506,6.2,10.0,12.599999999999971,0.4379166666666667
2019-12-06,0,0,0,3.4897133132448785,3.2161702127659573,38.53,2.19,34.77,6.285885963805866,2.3930592019511376,0.2741530197701932,12.168658479001902,16.769355150152425,41.7775125182205,1.9,11.9,14.499999999999972,0.458125
2019-12-07,0,0,0,0.364540932568603,0.2608695652173913,4.2,0.0,4.2,3.4897133132448785,6.285885963805866,2.3930592019511376,10.140140209619366,14.746866939271204,40.94222315068185,0.1,8.200000000000001,13.999999999999972,0.4250416666666667
2019-12-08,0,0,0,0.4815871499272748,0.3446666666666667,11.51,0.0,11.51,0.364540932568603,3.4897133132448785,6.285885963805866,4.335841395740776,14.024140339743056,40.37409201219892,0.0,2.0,12.499999999999972,0.3863749999999999
2019-12-09,1,14,3,6.963658435839674,6.714761904761905,29.87,4.92,13.63,0.4815871499272748,0.364540932568603,3.4897133132448785,7.809786518335571,20.25259801710761,47.08431164533128,10.1,10.2,22.099999999999973,0.3803333333333333
2019-12-10,1,35,12,18.7832950195958,24.465227272727272,72.53999999999999,16.03,10.78,6.963658435839674,0.4815871499272748,0.364540932568603,26.22854060536277,38.76174001693322,65.63179652952226,12.7,22.8,34.79999999999997,0.4441666666666666
2019-12-11,1,14,1,8.160565141281907,8.479090909090909,46.01,5.955,13.84,18.7832950195958,6.963658435839674,0.4815871499272748,33.9075185967174,44.52924595626398,61.16191979162608,4.6,27.4,35.599999999999966,0.4877916666666666
2019-12-12,0,0,0,4.435470500880783,4.528913043478261,37.3,3.795,3.6,8.160565141281907,18.7832950195958,6.963658435839674,31.37933066175851,42.67883049333889,58.24829223083616,9.6,26.9,38.99999999999997,0.4786666666666666
2019-12-13,1,1,0,3.905091173185246,3.888260869565218,34.3,0.795,14.06,4.435470500880783,8.160565141281907,18.7832950195958,16.501126815347956,43.094208353279264,59.86356350343175,1.6,15.8,38.69999999999997,0.463375
2019-12-14,1,9,6,5.039984114293254,5.170222222222222,43.06,2.8000000000000003,8.12,3.905091173185246,4.435470500880783,8.160565141281907,13.380545788359305,47.76965153500392,62.51651847427518,4.6,15.8,43.19999999999997,0.4743333333333333
2019-12-15,0,0,0,1.977741641147737,0.8909302325581396,11.77,0.2,1.2,5.039984114293254,3.905091173185246,4.435470500880783,10.92281692862626,49.26580602622438,63.289946365967495,3.2,9.4,46.39999999999997,0.4597083333333333
2019-12-16,0,0,0,1.8357887361986167,0.7011627906976745,12.36,0.0,0.39,1.977741641147737,5.039984114293254,3.905091173185246,8.853514491639631,44.13793632658332,64.39053434369099,0.8,8.6,37.099999999999966,0.414125
2019-12-17,1,19,5,8.218137487482752,10.88232558139535,139.1,6.88,139.1,1.8357887361986167,1.977741641147737,5.039984114293254,12.031667864829128,33.572778794470274,72.33451881140354,7.3,11.3,31.69999999999997,0.4133333333333333
2019-12-18,1,3,0,3.8772317019914926,4.507560975609756,21.53,4.36,21.33,8.218137487482752,1.8357887361986167,1.977741641147737,13.931157925672885,29.28944535517986,73.8186913114439,8.3,16.400000000000002,35.39999999999997,0.49675
2019-12-19,0,0,0,1.890809689504608,1.3895652173913045,23.92,0.2,23.92,3.8772317019914926,8.218137487482752,1.8357887361986167,13.986178878978873,26.74478454380369,69.42361503714264,2.2,17.8,27.999999999999968,0.484
2019-12-20,0,0,0,0.9933985091780886,0.6447826086956523,5.800000000000001,0.0,0.39,1.890809689504608,3.8772317019914926,8.218137487482752,6.76143990067421,23.83309187979653,66.92730023307585,3.5,14.0,29.89999999999997,0.4699166666666667
2019-12-21,0,0,0,0.8285715161701389,0.4033333333333334,3.4000000000000004,0.0,2.36,0.9933985091780886,1.890809689504608,3.8772317019914926,3.7127797148528567,19.62167928167341,67.3913308166774,2.0,7.7,27.29999999999997,0.4510833333333333
2019-12-22,0,0,0,0.6940072141113518,0.3421276595744681,3.1500000000000004,0.0,2.16,0.8285715161701389,0.9933985091780886,1.890809689504608,2.5159772394596005,18.33794485463703,67.60375088086147,4.3,9.8,28.39999999999997,0.4616666666666666
2019-12-23,1,26,10,7.83591187689721,11.413863636363637,53.37,5.825,11.59,0.6940072141113518,0.8285715161701389,0.9933985091780886,9.358490607178725,24.33806799533562,68.47600432191899,7.0,13.3,34.599999999999966,0.4783333333333333
2019-12-24,0,0,0,1.7985478977886802,1.5174999999999998,15.79,0.2,0.59,7.83591187689721,0.6940072141113518,0.8285715161701389,10.328466988797263,17.91847840564155,51.49125720011188,0.5,11.8,27.79999999999997,0.4772083333333333
2019-12-25,0,0,0,1.359349735864697,0.700232558139535,15.510000000000002,0.0,0.39,1.7985478977886802,7.83591187689721,0.6940072141113518,10.993809510550609,15.400596439514754,44.69004179469467,0.0,7.5,19.49999999999997,0.4495416666666667
2019-12-26,0,0,0,1.0640452957024376,0.5671111111111112,11.13,0.0,0.59,1.359349735864697,1.7985478977886802,7.83591187689721,4.221942929355836,14.573832045712583,41.31861658951632,0.1,0.6,17.399999999999974,0.4125833333333333
2019-12-27,0,0,0,0.6039002503866474,0.2952272727272728,3.8,0.0,0.59,1.0640452957024376,1.359349735864697,1.7985478977886802,3.0272952819538035,14.184333786921142,38.01742566671773,0.5,0.6,14.399999999999972,0.3947083333333334
2019-12-28,0,0,0,0.2992064164499683,0.2222222222222222,2.6,0.0,0.2,0.6039002503866474,1.0640452957024376,1.359349735864697,1.9671519625390743,13.65496868720097,33.27664796887444,0.5,1.1,12.89999999999997,0.387875
2019-12-29,0,0,0,0.0282791433307906,0.0727272727272727,1.8,0.0,0.2,0.2992064164499683,0.6039002503866474,1.0640452957024376,0.9313858101674276,12.989240616420409,31.327185471057497,0.0,1.0,8.599999999999971,0.3759166666666667
2019-12-30,0,0,0,0.005284409253426,0.0136363636363636,0.6000000000000001,0.0,0.2,0.0282791433307906,0.2992064164499683,0.6039002503866474,0.3327699690342064,5.158613148776626,29.4966811441123,0.1,0.6,1.6999999999999715,0.35925
2019-12-31,1,3,0,0.4440475043985824,0.3902325581395349,6.11,0.0,4.53,0.005284409253426,0.0282791433307906,0.2992064164499683,0.4776110569828204,3.804112755386528,21.72259116102813,0.1,0.2,1.2999999999999716,0.3370833333333333
2020-01-01,1,12,1,9.393190650483556,5.466666666666667,51.11,0.995,12.2,0.4440475043985824,0.005284409253426,0.0282791433307906,9.842522564135589,11.837953670005389,27.2385501095202,5.4,5.6000000000000005,6.699999999999972,0.3042083333333333
2020-01-02,1,17,9,13.680640177507923,13.927555555555555,46.4,10.74,8.72,9.393190650483556,0.4440475043985824,0.005284409253426,23.517878332390087,24.45454855181088,39.02838059752352,36.5,42.0,43.09999999999997,0.3760833333333333
2020-01-03,0,0,0,9.2804281058319,9.57953488372093,50.48,5.96,36.71,13.680640177507923,9.393190650483556,0.4440475043985824,32.3542589338234,33.13107640725613,47.315410194177325,8.8,50.7,51.39999999999998,0.4815416666666667
2020-01-04,1,22,0,4.871026839931474,4.999090909090909,25.53,2.7,9.55,9.2804281058319,13.680640177507923,9.393190650483556,27.832095123271323,37.70289683073764,51.35786551793866,8.5,53.8,59.39999999999998,0.4779166666666667
2020-01-05,1,2,1,2.8962518394073524,3.3458139534883724,22.79,1.79,4.92,4.871026839931474,9.2804281058319,13.680640177507923,17.04770678517075,40.57086952681419,53.56011014323467,8.7,26.0,68.09999999999997,0.4765833333333333
2020-01-06,1,3,0,5.098587245700106,6.441333333333334,22.1,3.6,12.2,2.8962518394073524,4.871026839931474,9.2804281058319,12.865865925038952,45.66417236326088,50.82278551203756,0.8,18.0,68.79999999999998,0.4487916666666667
2020-01-07,1,30,14,4.350358401474473,3.92609756097561,27.38,0.8,18.74,5.098587245700106,2.8962518394073524,4.871026839931474,12.345197486581952,49.570483260336765,53.37459601572336,5.8,15.3,74.49999999999997,0.426125
2020-01-08,1,55,10,16.496515535737007,23.947142857142858,77.36,10.995,22.52,4.350358401474473,5.098587245700106,2.8962518394073524,25.945461182911608,56.673808145590215,68.51176181559566,22.8,29.4,91.89999999999998,0.4590416666666666
2020-01-09,1,39,16,10.55432950669483,13.92558139534884,62.82,9.26,13.84,16.496515535737007,4.350358401474473,5.098587245700106,31.401203443906333,53.54749747477712,78.00204602658805,10.2,38.8,65.59999999999997,0.460125
2020-01-10,0,0,0,2.250586381249564,2.148333333333333,18.32,0.0,1.18,10.55432950669483,16.496515535737007,4.350358401474473,29.30143142368142,46.51765575019478,79.64873215745098,11.4,44.400000000000006,68.19999999999997,0.4508749999999999
2020-01-11,0,0,0,3.636679687226767,3.608333333333333,28.53,0.2,16.42,2.250586381249564,10.55432950669483,16.496515535737007,16.44159557517118,45.28330859749007,82.98620542822776,31.8,53.4,91.49999999999996,0.4579583333333333
2020-01-12,1,11,0,6.503903633042906,8.505476190476191,57.46,1.995,9.55,3.636679687226767,2.250586381249564,10.55432950669483,12.391169701519258,48.89096039112563,89.4618299179399,11.0,54.2,93.79999999999995,0.4580416666666667
2020-01-13,0,0,0,3.527950193976664,2.878409090909091,55.38,0.6950000000000001,55.18,6.503903633042906,3.636679687226767,2.250586381249564,13.66853351424636,47.32032333940219,92.98449570266312,1.4,44.2,94.39999999999998,0.45825
2020-01-14,0,0,0,0.8490560288196134,0.4260869565217391,4.800000000000001,0.0,0.2,3.527950193976664,6.503903633042906,3.636679687226767,10.880909855839205,43.81902096674733,93.38950422708416,1.2,13.6,89.79999999999997,0.5029166666666667
2020-01-15,0,0,0,0.7879075611556793,0.2711111111111111,5.0,0.0,0.2,0.8490560288196134,3.527950193976664,6.503903633042906,5.164913783951978,28.110412992166,84.78422113775628,1.3,3.9,68.29999999999998,0.4861666666666666
2020-01-16,1,60,18,5.4708210991215855,5.386363636363637,52.19,1.185,51.4,0.7879075611556793,0.8490560288196134,3.527950193976664,7.107784689096899,23.02690458459276,76.57440205936993,12.0,14.5,70.09999999999998,0.4828333333333333
2020-01-17,1,5,0,8.655418086611107,11.241538461538465,36.21,7.46,9.77,5.4708210991215855,0.7879075611556793,0.8490560288196134,14.914146746888392,29.4317362899543,75.94939204014914,42.1,55.400000000000006,100.79999999999995,0.5011666666666666
2020-01-18,0,0,0,1.2093005117790148,0.9166666666666666,5.6000000000000005,0.4,0.39,8.655418086611107,5.4708210991215855,0.7879075611556793,15.335539697511727,27.00435711450655,72.28766571199668,0.6,54.7,69.59999999999997,0.485875
2020-01-19,0,0,0,0.8119740340997614,0.3945238095238095,4.0,0.0,0.39,1.2093005117790148,8.655418086611107,5.4708210991215855,10.676692632489903,21.312427515563403,70.2033879066891,1.2,43.9,59.79999999999997,0.4760833333333333
2020-01-20,0,0,0,0.8502597318049714,0.4647619047619048,5.720000000000001,0.0,0.39,0.8119740340997614,1.2093005117790148,8.655418086611107,2.871534277683767,18.63473705339171,65.95506039279395,1.0,2.7999999999999927,59.39999999999997,0.4664999999999999
2020-01-21,0,0,0,0.5239336125074837,0.2406818181818182,3.0,0.0,0.39,0.8502597318049714,0.8119740340997614,1.2093005117790148,2.186167378412236,18.30961463707958,62.12863560382697,0.1,2.2999999999999927,58.29999999999997,0.4397916666666666
2020-01-22,0,0,0,0.4752902105268099,0.3118,2.4000000000000004,0.2,0.39,0.5239336125074837,0.8502597318049714,0.8119740340997614,1.8494835548392845,17.996997286450714,46.10741027861677,4.2,5.299999999999994,61.19999999999997,0.419
2020-01-23,0,0,0,1.5695996998730724,1.4820833333333334,5.13,1.4,1.96,0.4752902105268099,0.5239336125074837,0.8502597318049714,2.568823522907385,14.0957758872022,37.122680471795015,24.2,28.499999999999996,73.39999999999998,0.4500833333333333
2020-01-24,0,0,0,3.197372964697461,3.562280701754386,13.98,3.0,2.76,1.5695996998730724,0.4752902105268099,0.5239336125074837,5.242262875097363,8.637730765288554,38.06946705524291,5.0,33.39999999999999,36.29999999999997,0.4834583333333333
2020-01-25,0,0,0,0.7067960577959672,0.7336842105263158,3.16,0.6000000000000001,1.18,3.197372964697461,1.5695996998730724,0.4752902105268099,5.47376872236652,8.135226311305505,35.13958342581211,0.4,29.59999999999999,36.099999999999966,0.4584999999999999
2020-01-26,0,0,0,0.2076349985127485,0.093103448275862,1.6,0.0,0.2,0.7067960577959672,3.197372964697461,1.5695996998730724,4.111804021006196,7.530887275718493,28.843314791281955,0.0,5.399999999999993,34.89999999999997,0.4119166666666666
2020-01-27,0,0,0,0.1366691830681794,0.0664912280701754,1.8,0.0,0.39,0.2076349985127485,0.7067960577959672,3.197372964697461,1.0511002393769149,6.817296726981701,25.45203378037347,0.0,0.3999999999999929,33.89999999999997,0.3693333333333333
2020-01-28,1,1,0,4.220388421686267,5.149473684210526,34.86,2.96,11.18,0.1366691830681794,0.2076349985127485,0.7067960577959672,4.564692603267215,10.513751536160484,28.82336617324012,0.5,0.4999999999999929,34.29999999999997,0.3443333333333333
2020-01-29,1,2,2,0.791592108805552,1.2112280701754388,36.42,0.2,6.3,4.220388421686267,0.1366691830681794,0.2076349985127485,5.148649713560018,10.830053434439227,28.82705072089,9.8,10.299999999999994,39.89999999999997,0.333125
2020-01-30,1,3,0,4.417881814112997,5.912105263157895,17.62,4.52,10.4,0.791592108805552,4.220388421686267,0.1366691830681794,9.429862344604835,13.67833554867915,27.77411143588141,5.0,15.299999999999994,20.69999999999997,0.3559166666666666
2020-01-31,0,0,0,0.1697282815957654,0.1214285714285714,0.8,0.0,0.41,4.417881814112997,0.791592108805552,4.220388421686267,5.379202204514334,10.650690865577454,19.288421630866065,1.4,16.199999999999992,17.099999999999973,0.408125
2020-02-01,1,24,7,23.900954727794208,24.74142857142857,79.5,20.555,17.28,0.1697282815957654,4.417881814112997,0.791592108805552,28.48856482350299,33.8448495355757,41.980075846881256,26.0,32.39999999999999,42.69999999999997,0.4630416666666666
2020-02-02,1,14,2,13.222952086459385,14.184821428571428,41.28,15.085,16.66,23.900954727794208,0.1697282815957654,4.417881814112997,37.29363509584938,46.86016662352233,54.39105389924088,23.4,50.79999999999999,66.09999999999997,0.4902083333333333
2020-02-03,1,13,1,20.32053146149385,21.468474576271188,61.120000000000005,21.48,14.06,13.222952086459385,23.900954727794208,0.1697282815957654,57.444438275747466,67.044028901948,73.86132562892976,13.7,63.1,79.79999999999997,0.4655416666666667
2020-02-04,0,0,0,2.07334499111685,2.835084745762712,18.9,1.78,2.16,20.32053146149385,13.222952086459385,23.900954727794208,35.616828539070106,64.89698547137858,75.41073700753913,2.1,39.19999999999999,81.39999999999998,0.4847083333333333
2020-02-05,1,1,1,2.0879445132780217,2.33234375,21.82,0.6000000000000001,8.93,2.07334499111685,20.32053146149385,13.222952086459385,24.481820965888744,66.19333787585106,77.02339131029034,19.8,35.599999999999994,91.39999999999998,0.47675
2020-02-06,1,13,3,8.426553780113052,7.317000000000001,94.91,2.085,15.56,2.0879445132780217,2.07334499111685,20.32053146149385,12.587843284507944,70.20200984185111,83.88034539053032,17.9,39.8,104.29999999999998,0.462
2020-02-07,1,1,0,2.9015655423272286,4.014225352112676,23.79,2.3600000000000003,16.21,8.426553780113052,2.0879445132780217,2.07334499111685,13.416063835718322,72.93384710258258,83.58453796816008,1.6,39.29999999999999,104.49999999999996,0.4576666666666666
2020-02-08,1,5,0,4.725145027836533,7.0095833333333335,34.69,1.0,22.11,2.9015655423272286,8.426553780113052,2.0879445132780217,16.053264350276834,53.7580374026249,87.60288693820064,0.5,19.999999999999996,78.99999999999997,0.4540416666666667
2020-02-09,1,1,0,4.728106692382869,4.827777777777778,32.65,3.36,13.26,4.725145027836533,2.9015655423272286,8.426553780113052,12.35481726254665,45.26319200854838,92.12335863207078,7.3,9.399999999999991,62.89999999999997,0.4332083333333333
2020-02-10,1,129,83,79.30965266280353,82.02333333333334,415.11,84.745,413.52,4.728106692382869,4.725145027836533,2.9015655423272286,88.76290438302296,104.25231320985806,171.29634211180613,45.6,53.39999999999999,94.79999999999998,0.4817083333333333
2020-02-11,1,11,3,5.884657172569446,6.502162162162162,34.84,3.76,1.96,79.30965266280353,4.728106692382869,4.725145027836533,89.92241652775587,108.06362539131064,172.9606108626893,4.5,57.4,97.19999999999996,0.5005833333333333
2020-02-12,0,0,0,1.058853664911266,1.6078666666666668,17.8,0.6000000000000001,0.59,5.884657172569446,79.30965266280353,4.728106692382869,86.25316350028427,107.0345345429439,173.22787241879502,1.2,51.3,78.59999999999997,0.4942083333333333
2020-02-13,0,0,0,1.3201964443440368,1.2154666666666667,13.4,0.4,3.35,1.058853664911266,5.884657172569446,79.30965266280353,8.263707281824777,99.92817720717488,170.13018704902603,1.9,7.6,62.59999999999997,0.4785
2020-02-14,0,0,0,6.611549299131512,8.473506493506495,599.48,0.2,597.51,1.3201964443440368,1.058853664911266,5.884657172569446,8.990599408386842,103.63816096397916,176.5720080665618,0.2,3.3,61.19999999999997,0.45725
2020-02-15,0,0,0,0.347248381711526,0.4026315789473684,8.200000000000001,0.0,0.2,6.611549299131512,1.3201964443440368,1.058853664911266,8.278994125187104,99.26026431785417,153.01830172047912,0.3,2.3999999999999995,60.99999999999997,0.424625
2020-02-16,1,5,0,4.693235615682764,2.372368421052632,28.35,0.0,9.8,0.347248381711526,6.611549299131512,1.3201964443440368,11.652033296525827,99.22539324115404,144.4885852497025,5.7,6.2,59.39999999999997,0.4279583333333334
2020-02-17,1,14,8,4.974890834813514,4.673157894736843,45.38,0.4,19.96,4.693235615682764,0.347248381711526,6.611549299131512,10.015374832207833,24.89063141316404,129.14294462302215,2.2,8.2,15.999999999999972,0.4628333333333334
2020-02-18,1,10,6,8.84273261295245,8.954078947368421,54.34,2.065,16.44,4.974890834813514,4.693235615682764,0.347248381711526,18.51085906344876,27.84870685354704,135.91233224485777,0.6,8.5,12.099999999999971,0.445125
2020-02-19,1,21,9,8.553438708323512,9.250285714285717,55.34,4.34,18.19,8.84273261295245,4.974890834813514,4.693235615682764,22.371062156089504,35.343291896959286,142.37782643990326,1.9,4.7,12.799999999999972,0.4039583333333333
2020-02-20,1,12,4,5.25247371237817,5.167,44.13,1.48,14.05,8.553438708323512,8.84273261295245,4.974890834813514,22.64864503365416,39.27556916499342,139.20374637216838,2.4,4.9,13.299999999999972,0.3981666666666667
2020-02-21,0,0,0,4.052393753455552,4.697428571428572,26.61,3.265,7.1,5.25247371237817,8.553438708323512,8.84273261295245,17.858306174157264,36.71641361931746,140.3545745832967,7.0,11.3,20.099999999999973,0.4721249999999999
2020-02-22,0,0,0,0.7299815676806386,0.8905714285714286,5.6000000000000005,0.5,0.63,4.052393753455552,5.25247371237817,8.553438708323512,10.034849033514387,37.099146805286566,136.3594111231408,2.6,12.0,22.39999999999997,0.4792083333333333
2020-02-23,0,0,0,0.5078263227428362,0.4851428571428571,5.6000000000000005,0.2,0.39,0.7299815676806386,4.052393753455552,5.25247371237817,5.290201643879055,32.91373751234664,132.13913075350075,0.4,10.0,17.099999999999973,0.48
2020-02-24,1,27,13,15.65559642988148,13.698714285714283,40.39,10.625,15.58,0.5078263227428362,0.7299815676806386,4.052393753455552,16.89340432030498,43.59444310741461,68.48507452057872,5.6,8.6,20.49999999999997,0.4733333333333333
2020-02-25,1,10,3,11.41794465874864,11.039,77.17,8.48,21.88,15.65559642988148,0.5078263227428362,0.7299815676806386,27.581367411372984,46.1696551532108,74.01836200675791,8.3,14.3,28.19999999999997,0.473125
2020-02-26,1,37,14,11.191305729838811,13.979857142857144,35.68,14.12,6.5,11.41794465874864,15.65559642988148,0.5078263227428362,38.26484681846896,48.8075221747261,84.15081407168546,14.8,28.700000000000003,41.09999999999997,0.4819166666666666
2020-02-27,1,5,0,22.71745666939095,25.995942028985507,55.66,27.39,12.6,11.191305729838811,11.41794465874864,15.65559642988148,45.32670705797843,66.27250513173888,105.54807429673237,3.2,26.3,41.89999999999998,0.4598333333333333
2020-02-28,1,1,0,2.028352560114618,2.394142857142857,13.8,1.5950000000000002,2.75,22.71745666939095,11.191305729838811,11.41794465874864,35.937114959344406,64.24846393839795,100.96487755771548,3.2,21.2,38.09999999999997,0.4722916666666666
2020-02-29,0,0,0,1.8863880878213757,2.1834285714285717,10.8,2.1950000000000003,1.77,2.028352560114618,22.71745666939095,11.191305729838811,26.63219731732697,65.40487045853868,102.50401726382532,12.9,19.3,48.39999999999998,0.494375
2020-03-01,0,0,0,0.8763215946766753,1.125571428571429,5.800000000000001,0.6000000000000001,1.37,1.8863880878213757,2.028352560114618,22.71745666939095,4.791062242612697,65.77336573047252,98.68710324281923,1.7,17.8,49.69999999999997,0.4949583333333333
2020-03-02,1,9,1,9.004260377224893,10.125714285714286,61.88,7.43,11.18,0.8763215946766753,1.8863880878213757,2.028352560114618,11.766970059722972,59.12202967781593,102.71647278523062,21.9,36.5,65.99999999999997,0.4803333333333333
2020-03-03,0,0,0,9.57526093284309,10.102428571428572,22.16,10.35,4.13,9.004260377224893,0.8763215946766753,1.8863880878213757,19.455842904744685,57.27934595191039,103.44900110512124,10.2,33.8,67.89999999999998,0.4813333333333333
2020-03-04,0,0,0,0.5505209695696069,0.8210000000000001,23.47,0.2,0.39,9.57526093284309,9.004260377224893,0.8763215946766753,19.130042279637617,46.63856119164117,95.44608336636736,1.2,33.3,54.29999999999997,0.4675833333333333
2020-03-05,0,0,0,0.2892018577701078,0.3791428571428571,14.94,0.0,1.18,0.5505209695696069,9.57526093284309,9.004260377224893,10.414983760182832,24.210306380020334,90.4828115117593,0.6,12.0,51.69999999999997,0.4403333333333333
2020-03-06,0,0,0,0.193456377357413,0.1538571428571428,2.17,0.0,0.39,0.2892018577701078,0.5505209695696069,9.57526093284309,1.0331792046971562,22.375410197263133,86.62387413566115,0.8,2.6,49.29999999999997,0.4165
2020-03-07,0,0,0,0.1533752213949461,0.0885714285714285,2.0,0.0,0.2,0.193456377357413,0.2892018577701078,0.5505209695696069,0.6360334565224954,20.642397330836705,86.04726778937547,1.3,2.7,37.69999999999997,0.3941666666666666
2020-03-08,1,8,2,7.423420576312893,8.512571428571428,45.72,3.55,15.37,0.1533752213949461,0.193456377357413,0.2892018577701078,7.7702521750652815,27.18949631247293,92.96286204294552,1.8,3.9,37.79999999999997,0.3814583333333333
2020-03-09,0,0,0,0.657823653168381,0.706857142857143,16.32,0.0,0.39,7.423420576312893,0.1533752213949461,0.193456377357413,8.234619450876249,18.84305958841641,77.96508926623241,1.5,4.6,17.39999999999997,0.3839583333333333
2020-03-10,0,0,0,0.2612591649852424,0.307,11.0,0.0,2.95,0.657823653168381,7.423420576312893,0.1533752213949461,8.342503394466545,9.52905782055856,66.80840377246902,0.4,3.7,7.599999999999971,0.3729166666666666
2020-03-11,0,0,0,0.1307263214366506,0.0942857142857142,3.4000000000000004,0.0,0.2,0.2612591649852424,0.657823653168381,7.423420576312893,1.0498091395903024,9.109263172425605,55.74782436406686,0.6,2.5,6.999999999999972,0.3488333333333333
2020-03-12,0,0,0,0.1040704106852492,0.0684285714285714,1.2000000000000002,0.0,0.39,0.1307263214366506,0.2612591649852424,0.657823653168381,0.4960558971071707,8.924131725340747,33.13443810536116,0.0,0.9999999999999998,6.399999999999972,0.3209166666666667
2020-03-13,0,0,0,0.1332732251202023,0.1125714285714285,4.89,0.0,1.89,0.1040704106852492,0.1307263214366506,0.2612591649852424,0.3680699572421305,8.863948573103537,31.239358770366746,0.0,0.5999999999999998,5.599999999999972,0.2969166666666666
2020-03-14,0,0,0,0.0628026146496749,0.0512857142857142,2.19,0.0,0.4,0.1332732251202023,0.1040704106852492,0.1307263214366506,0.3001462504551548,8.773375966358264,29.41577329719504,0.0,0.0,4.299999999999972,0.2775833333333333
2020-03-15,1,10,7,3.137566984197215,2.533857142857143,29.13,0.0,13.42,0.0628026146496749,0.1332732251202023,0.1040704106852492,3.3336428239671205,4.487522374242587,31.67701868671558,0.4,0.3999999999999998,2.8999999999999715,0.2611666666666667
2020-03-16,1,20,18,6.736433219542726,7.811857142857144,75.01,1.87,22.3,3.137566984197215,0.0628026146496749,0.1332732251202023,9.936802818389644,10.56613194061693,29.40919152903341,9.7,10.1,11.099999999999971,0.2534166666666667
2020-03-17,0,0,0,8.237382456717961,9.371739130434785,47.2,8.08,8.54,6.736433219542726,3.137566984197215,0.0628026146496749,18.11138266045793,18.542255232349653,28.071313052908284,9.3,19.4,19.99999999999997,0.3556666666666666
2020-03-18,0,0,0,0.3875030968238445,0.6494029850746269,13.2,0.0,0.39,8.237382456717961,6.736433219542726,3.137566984197215,15.36131877308456,18.799032007736844,27.90829518016252,0.1,19.1,19.49999999999997,0.4137083333333333
2020-03-19,0,0,0,1.5329205685852112,1.7970149253731345,18.97,1.0,7.03,0.3875030968238445,8.237382456717961,6.736433219542726,10.157806122127043,20.227882165636807,29.152013890977628,0.7,10.1,20.19999999999997,0.4146666666666667
2020-03-20,0,0,0,1.1182460896981403,1.9840298507462688,17.55,0.6000000000000001,6.91,1.5329205685852112,0.3875030968238445,8.237382456717961,3.0386697551072244,21.212855030214744,30.076803603318357,8.0,8.8,28.19999999999997,0.4655833333333333
2020-03-21,0,0,0,0.8891332881381677,1.0507462686567166,2.58,1.0,0.79,1.1182460896981403,1.5329205685852112,0.3875030968238445,3.5402999464215474,22.03918570370324,30.812561670061577,1.3,10.0,29.49999999999997,0.4814166666666666
2020-03-22,0,0,0,1.0355869460687983,0.1431343283582089,6.2,0.0,0.39,0.8891332881381677,1.1182460896981403,1.5329205685852112,3.0429663239051346,19.93720566557482,24.42472803981748,0.0,9.3,29.099999999999973,0.4468333333333333
2020-03-23,0,0,0,0.4271246722274032,0.1116666666666666,2.4000000000000004,0.0,0.59,1.0355869460687983,0.8891332881381677,1.1182460896981403,2.3518449064343976,13.6278971182595,24.194029058876502,0.0,1.3,19.399999999999974,0.4178333333333333
2020-03-24,0,0,0,0.2887535303735989,0.6995384615384616,45.07,0.0,4.92,0.4271246722274032,1.0355869460687983,0.8891332881381677,1.751465148669829,5.679268191915136,24.221523424264856,0.3,0.3,10.399999999999972,0.3957083333333333
2020-03-25,0,0,0,0.0023662721716226,0.003076923076923,0.2,0.0,0.2,0.2887535303735989,0.4271246722274032,1.0355869460687983,0.7182444747726531,5.294131367262914,24.09316337499983,0.2,0.5,10.499999999999972,0.3736666666666666
2020-03-26,0,0,0,0.0094623005587477,0.0154545454545454,0.42,0.0,0.42,0.0023662721716226,0.2887535303735989,0.4271246722274032,0.3005821031039977,3.7706730992364506,23.99855526487333,0.0,0.5,9.79999999999997,0.3506666666666667
2020-03-27,0,0,0,0.0023514201798116,0.003030303030303,0.2,0.0,0.2,0.0094623005587477,0.0023662721716226,0.2887535303735989,0.0141799929102104,2.6547784297181214,23.867633459932936,0.0,0.2,1.7999999999999716,0.3291666666666666
2020-03-28,0,0,0,0.007798677612512,0.0121212121212121,0.6000000000000001,0.0,0.2,0.0023514201798116,0.0094623005587477,0.0023662721716226,0.0196123983510998,1.773443819192466,23.812629522895776,0.4,0.4,0.8999999999999716,0.3183333333333333
2020-03-29,1,4,4,17.161672316638867,11.76257575757576,42.5,10.34,23.19,0.007798677612512,0.0023514201798116,0.0094623005587477,17.17182241443122,17.899529189762536,37.83673485533743,11.8,12.2,12.699999999999973,0.3674583333333334
2020-03-30,0,0,0,1.6164492489620377,2.2721212121212124,21.52,0.2,0.98,17.161672316638867,0.007798677612512,0.0023514201798116,18.785920243213447,19.08885376649717,32.71675088475674,0.8,13.000000000000002,13.499999999999972,0.4644166666666667
2020-03-31,0,0,0,0.4825179792191688,0.4786363636363637,12.6,0.0,0.39,1.6164492489620377,17.161672316638867,0.007798677612512,19.2606395448201,19.28261821534274,24.961886407257943,1.1,13.7,14.299999999999972,0.4367083333333333
2020-04-01,0,0,0,0.0129477232522806,0.0242424242424242,1.4,0.0,0.2,0.4825179792191688,1.6164492489620377,17.161672316638867,2.111914951433516,19.2931996664234,24.587331033686382,0.0,1.9,14.099999999999971,0.3980416666666666
2020-04-02,0,0,0,0.181599373383584,0.1413636363636363,2.78,0.0,1.77,0.0129477232522806,0.4825179792191688,1.6164492489620377,0.677065075855062,19.465336739248237,23.236009838484755,0.4,1.5,14.499999999999972,0.3609166666666667
2020-04-03,0,0,0,1.9110126137481025,1.698805970149254,6.89,1.59,4.72,0.181599373383584,0.0129477232522806,0.4825179792191688,2.105559710383996,21.373997932816525,24.02877636253472,6.0,6.4,20.49999999999997,0.336375
2020-04-04,0,0,0,0.0068926929251554,0.0121212121212121,0.6000000000000001,0.0,0.2,1.9110126137481025,0.181599373383584,0.0129477232522806,2.0995046800568704,21.37309194812917,23.146535767321705,0.0,6.4,20.099999999999973,0.3203333333333333
2020-04-05,0,0,0,0.0129477232522806,0.0242424242424242,1.4,0.0,0.2,0.0068926929251554,1.9110126137481025,0.181599373383584,1.930853029925567,4.224367354742582,22.12389654450519,0.0,6.0,8.299999999999972,0.2946666666666667
2020-04-06,0,0,0,0.0053789353433742,0.009090909090909,0.4,0.0,0.2,0.0129477232522806,0.0068926929251554,1.9110126137481025,0.0252193515208387,2.613297041123918,21.70215080762116,0.0,0.0,7.499999999999972,0.2683333333333333
2020-04-07,0,0,0,1.989908423120626,1.5713432835820895,4.95,1.4,3.75,0.0053789353433742,0.0129477232522806,0.0068926929251554,2.0082350817163093,4.120687485025376,23.403305700368183,2.1,2.1,8.499999999999972,0.2787916666666666
2020-04-08,0,0,0,0.416581382975053,0.5722727272727273,4.0,0.2,0.39,1.989908423120626,0.0053789353433742,0.0129477232522806,2.411868741439082,4.524321144748147,23.81752081117161,0.7,2.8,9.19999999999997,0.3370416666666667
2020-04-09,0,0,0,0.0113203335484689,0.0181818181818181,0.4,0.0,0.2,0.416581382975053,1.989908423120626,0.0053789353433742,2.4178101396441765,4.354042104913033,23.81937884416134,0.0,2.8,8.79999999999997,0.3354999999999999
2020-04-10,0,0,0,0.0281528247877204,0.0366153846153846,2.38,0.0,0.79,0.0113203335484689,0.416581382975053,1.989908423120626,0.4560545413112708,2.4711823159526505,23.84518024876925,0.0,0.7,2.7999999999999714,0.3028333333333333
2020-04-11,0,0,0,0.0023657835956067,0.003076923076923,0.2,0.0,0.2,0.0281528247877204,0.0113203335484689,0.416581382975053,0.0418389419318245,2.4666554066231017,23.83974735475234,0.0,0.0,2.7999999999999714,0.2809166666666666
2020-04-12,0,0,0,0.0023760016774586,0.003125,0.2,0.0,0.2,0.0023657835956067,0.0281528247877204,0.0113203335484689,0.0328946100608142,2.4560836850482795,6.680451039790932,0.0,0.0,2.7999999999999714,0.2639583333333333
2020-04-13,0,0,0,0.0037644681660155,0.00625,0.2,0.0,0.2,0.0023760016774586,0.0023657835956067,0.0281528247877204,0.0085062534391093,2.454469217870921,5.06776625899491,0.0,0.0,2.7999999999999714,0.2413333333333333
2020-04-14,0,0,0,0.0201723991295367,0.0398461538461538,0.8,0.0,0.59,0.0037644681660155,0.0023760016774586,0.0023657835956067,0.0263128689730393,0.4847331938798316,4.605420678905278,1.1,1.1,1.7999999999999716,0.2341666666666666
2020-04-15,0,0,0,0.0,0.0,0.0,0.0,0.0,0.0201723991295367,0.0037644681660155,0.0023760016774586,0.0239368672955807,0.0681518109047786,4.5924729556529975,0.0,1.1,1.0999999999999717,0.232375
2020-04-16,0,0,0,0.0023657835956067,0.003076923076923,0.2,0.0,0.2,0.0,0.0201723991295367,0.0037644681660155,0.0225381827251719,0.0591972609519164,4.41323936586502,0.0,1.1,1.0999999999999717,0.2105416666666666
2020-04-17,0,0,0,0.002390014578272,0.003125,0.2,0.0,0.2,0.0023657835956067,0.0,0.0201723991295367,0.0047557981739072,0.033434450742468,2.50461676669519,0.0,0.0,1.0999999999999717,0.1937916666666666
2020-04-18,0,0,0,0.0103544601425379,0.0157142857142857,0.79,0.0,0.39,0.002390014578272,0.0023657835956067,0.0,0.0151102583164451,0.0414231272893992,2.508078533912572,0.0,0.0,1.0999999999999717,0.1872916666666666
2020-04-19,0,0,0,0.0058587546612625,0.015625,0.6000000000000001,0.0,0.2,0.0103544601425379,0.002390014578272,0.0023657835956067,0.0186032293821009,0.0449058802732031,2.5009895653215537,0.2,0.2,1.2999999999999716,0.1964166666666666
2020-04-20,0,0,0,0.0023601370975056,0.003125,0.2,0.0,0.2,0.0058587546612625,0.0103544601425379,0.002390014578272,0.0185733519013345,0.0435015492046932,2.497970767075685,0.0,0.2,1.2999999999999716,0.1895833333333333
2020-04-21,0,0,0,0.0047202741950113,0.00625,0.4,0.0,0.2,0.0023601370975056,0.0058587546612625,0.0103544601425379,0.0129391659538079,0.0280494242701678,0.5127826181500705,0.0,0.2,0.1999999999999716,0.1763749999999999
2020-04-22,0,0,0,0.0142788294399092,0.01890625,1.21,0.0,0.42,0.0047202741950113,0.0023601370975056,0.0058587546612625,0.0213592407324546,0.042328253710077,0.1104800646149267,0.0,0.0,0.1999999999999716,0.1608333333333333
2020-04-23,0,0,0,0.0023601370975056,0.003125,0.2,0.0,0.2,0.0142788294399092,0.0047202741950113,0.0023601370975056,0.0213592407324546,0.0423226072119759,0.1015198681639634,0.1,0.1,0.2999999999999716,0.150375
2020-04-24,0,0,0,0.1139897333724581,0.3124615384615385,19.51,0.0,19.51,0.0023601370975056,0.0142788294399092,0.0047202741950113,0.1306286999099015,0.1539223260061621,0.1873567767487012,0.0,0.1,0.2999999999999716,0.1427916666666666
2020-04-25,0,0,0,0.0200955680381163,0.0275384615384615,1.59,0.0,0.98,0.1139897333724581,0.0023601370975056,0.0142788294399092,0.1364454385081086,0.1636634339017404,0.2050865611912107,0.0,0.1,0.2999999999999716,0.1320416666666666
2020-04-26,0,0,0,0.0069250766003927,0.009076923076923,0.5900000000000001,0.0,0.39,0.0200955680381163,0.1139897333724581,0.0023601370975056,0.1410103780109956,0.1647297558408706,0.2096356361141449,0.0,0.0,0.0999999999999715,0.1227499999999999
2020-04-27,0,0,0,0.0069250766003927,0.009076923076923,0.5900000000000001,0.0,0.39,0.0069250766003927,0.0200955680381163,0.1139897333724581,0.0339457212389302,0.1692946953437577,0.212796244548522,0.0,0.0,0.0999999999999715,0.116875
2020-04-28,0,0,0,0.0232400875741993,0.0304615384615384,1.98,0.0,0.79,0.0069250766003927,0.0069250766003927,0.0200955680381163,0.0370902407750131,0.1878145087229457,0.2158639329931846,0.0,0.0,0.0999999999999715,0.1133333333333333
2020-04-29,0,0,0,0.0117374179667673,0.0153846153846153,1.0,0.0,0.2,0.0232400875741993,0.0069250766003927,0.0069250766003927,0.0419025821413877,0.1852730972498038,0.2276013509599519,0.0,0.0,0.0999999999999715,0.1095416666666666
2020-04-30,0,0,0,0.0948383371714799,0.1243076923076923,8.08,0.0,1.18,0.0117374179667673,0.0232400875741993,0.0069250766003927,0.129815842712475,0.2777512973237781,0.3200739045358251,0.0,0.0,0.0,0.1065833333333333
2020-05-01,0,0,0,0.0523079538666101,0.0853846153846153,2.95,0.0,1.18,0.0948383371714799,0.0117374179667673,0.0232400875741993,0.1588837090048858,0.21606951781793,0.3699918438241632,0.9,0.9,0.8999999999999716,0.1085833333333333
2020-05-02,0,0,0,0.7783679482971526,1.1315384615384616,12.44,0.0,4.92,0.0523079538666101,0.0948383371714799,0.0117374179667673,0.9255142393352712,0.9743418980769664,1.138005331978778,3.2,4.1000000000000005,4.099999999999972,0.132375
2020-05-03,0,0,0,0.2006235137852476,0.27140625,5.6000000000000005,0.0,0.39,0.7783679482971526,0.0523079538666101,0.0948383371714799,1.0312994159490387,1.1680403352618212,1.3327700911027631,0.0,4.1,4.099999999999971,0.1597916666666666
2020-05-04,0,0,0,0.0062924437609333,0.0125,0.4,0.0,0.2,0.2006235137852476,0.7783679482971526,0.0523079538666101,0.985283905843362,1.1674077024223617,1.3367023977661907,0.0,3.2,4.099999999999971,0.149
2020-05-05,0,0,0,0.0062061905393238,0.0092307692307692,0.4,0.0,0.2,0.0062924437609333,0.2006235137852476,0.7783679482971526,0.2131221480855331,1.150373805387486,1.338188314110503,0.0,0.0,4.099999999999971,0.135875
2020-05-06,0,0,0,2.726895884240613,2.7053846153846157,6.51,2.76,3.77,0.0062061905393238,0.0062924437609333,0.2006235137852476,2.739394518540899,3.865532271661333,4.050805368911208,13.9,13.9,17.99999999999997,0.1510833333333333
2020-05-07,1,1,0,4.437277239965703,4.098769230769231,8.49,4.140000000000001,2.56,2.726895884240613,0.0062061905393238,0.0062924437609333,7.170379314745668,8.207971174455555,8.485722471779404,3.6,17.5,21.599999999999973,0.3642083333333333
2020-05-08,0,0,0,0.6874253785397596,0.5063076923076923,6.19,0.2,0.79,4.437277239965703,2.726895884240613,0.0062061905393238,7.851598502746105,8.843088599128704,9.059158116946705,0.0,17.5,20.69999999999997,0.3707499999999999
2020-05-09,0,0,0,0.0087847645038104,0.0092307692307692,0.2,0.0,0.2,0.6874253785397596,4.437277239965703,2.726895884240613,5.133487383009301,8.073505415335362,9.0478473134124,0.0,3.6,17.49999999999997,0.3417916666666666
2020-05-10,0,0,0,0.0084252784481463,0.0092307692307692,0.2,0.0,0.2,0.0087847645038104,0.6874253785397596,4.437277239965703,0.7046354214917457,7.881307179998261,9.049347515260154,0.0,0.0,17.49999999999997,0.3115416666666666
2020-05-11,0,0,0,0.0102959878564273,0.0123076923076923,0.2,0.0,0.2,0.0084252784481463,0.0087847645038104,0.6874253785397596,0.0275060308084134,7.885310724093754,9.052718426516188,0.0,0.0,17.49999999999997,0.2825416666666666
2020-05-12,0,0,0,0.0023474835933534,0.003076923076923,0.2,0.0,0.2,0.0102959878564273,0.0084252784481463,0.0087847645038104,0.0210687498979565,7.881452017147784,9.031825822535342,0.0,0.0,17.49999999999997,0.255
2020-05-13,0,0,0,0.0106213447210682,0.0153846153846153,0.6000000000000001,0.0,0.2,0.0023474835933534,0.0102959878564273,0.0084252784481463,0.0232648161708783,5.165177477628239,9.030709749289644,0.0,0.0,3.599999999999972,0.2320833333333333
2020-05-14,0,0,0,0.5792297472798957,1.072923076923077,6.11,0.2,1.77,0.0106213447210682,0.0023474835933534,0.0102959878564273,0.5921985755943467,1.307129984942431,9.51510115939806,6.5,6.5,6.499999999999972,0.28925
2020-05-15,0,0,0,0.2941412409694404,0.5201587301587302,3.4000000000000004,0.2,0.39,0.5792297472798957,0.0106213447210682,0.0023474835933534,0.8839923329704338,0.9138458473721118,9.756934446500887,1.0,7.5,7.499999999999972,0.3897083333333333
2020-05-16,0,0,0,0.0259298609417474,0.037076923076923,1.61,0.0,0.42,0.2941412409694404,0.5792297472798957,0.0106213447210682,0.899300849191113,0.930990943810049,9.004496359145485,0.0,7.5,7.499999999999972,0.3765833333333333
2020-05-17,0,0,0,0.0144141312387863,0.0246153846153846,0.4,0.0,0.2,0.0259298609417474,0.2941412409694404,0.5792297472798957,0.3344852331500035,0.9369797966006888,8.818286976599023,0.0,1.0,7.499999999999972,0.347375
2020-05-18,0,0,0,0.020620445896006,0.0369230769230769,0.4,0.0,0.2,0.0144141312387863,0.0259298609417474,0.2941412409694404,0.0609644380765691,0.9473042546402676,8.832614978734096,0.0,0.0,7.499999999999972,0.3182916666666667
2020-05-19,0,0,0,0.0043249503777689,0.0063492063492063,0.2,0.0,0.2,0.020620445896006,0.0144141312387863,0.0259298609417474,0.0393595275125906,0.949281721424683,8.83073373857254,0.0,0.0,7.499999999999972,0.293875
2020-05-20,0,0,0,0.0028196685475004,0.0031746031746031,0.2,0.0,0.2,0.0043249503777689,0.020620445896006,0.0144141312387863,0.0277650648213047,0.9414800452511152,6.106657522879427,0.0,0.0,7.499999999999972,0.2715
2020-05-21,0,0,0,0.0028196685475004,0.0031746031746031,0.2,0.0,0.2,0.0028196685475004,0.0043249503777689,0.020620445896006,0.009964287472799,0.3650699665187198,1.6721999514612256,0.0,0.0,0.9999999999999716,0.249125
2020-05-22,0,0,0,0.0038488599065098,0.0063492063492063,0.4,0.0,0.2,0.0028196685475004,0.0028196685475004,0.0043249503777689,0.00948819700154,0.0747775854557892,0.9886234328279758,0.0,0.0,0.0,0.2261666666666666
2020-05-23,0,0,0,1.0351776328304192,0.8891935483870969,4.59,0.6000000000000001,1.18,0.0038488599065098,0.0028196685475004,0.0028196685475004,1.0418461612844587,1.084025357344461,2.0150163011545845,2.1,2.1,2.099999999999972,0.21175
2020-05-24,0,0,0,0.0051309716085492,0.0064516129032258,0.2,0.0,0.2,1.0351776328304192,0.0038488599065098,0.0028196685475004,1.0441574643455076,1.074742197714224,2.011721994314988,0.0,2.1,2.099999999999972,0.2008333333333333
2020-05-25,0,0,0,0.0116563755294182,0.0158730158730158,0.2,0.0,0.2,0.0051309716085492,1.0351776328304192,0.0038488599065098,1.051964979968416,1.065778127347636,2.0130823819879784,0.0,2.1,2.099999999999972,0.1857916666666666
2020-05-26,0,0,0,0.0028196685475004,0.0031746031746031,0.2,0.0,0.2,0.0116563755294182,0.0051309716085492,1.0351776328304192,0.0196070156854972,1.0642728455173676,2.0135545669421253,0.0,0.0,2.099999999999972,0.1692916666666666
2020-05-27,0,0,0,0.0028554576958344,0.0032258064516129,0.2,0.0,0.2,0.0028196685475004,0.0116563755294182,0.0051309716085492,0.0173315017727824,1.0643086346657016,2.005788679916892,0.0,0.0,2.099999999999972,0.1562083333333333
2020-05-28,0,0,0,0.0084236002027115,0.009516129032258,0.5900000000000001,0.0,0.39,0.0028554576958344,0.0028196685475004,0.0116563755294182,0.0140987264460756,1.0699125663209128,1.4349825328397072,0.0,0.0,2.099999999999972,0.1457083333333333
2020-05-29,0,0,0,0.0716913299400092,0.0827419354838709,4.93,0.0,1.97,0.0084236002027115,0.0028554576958344,0.0028196685475004,0.0829703878385844,1.1377550363544122,1.212532621810276,0.0,0.0,2.099999999999972,0.1365833333333333
2020-05-30,0,0,0,0.0160675292770341,0.0193548387096774,0.8,0.0,0.2,0.0716913299400092,0.0084236002027115,0.0028554576958344,0.0961824594197842,0.118644932801027,1.2026702901455626,0.0,0.0,0.0,0.12775
2020-05-31,0,0,0,0.0058536882764605,0.0066129032258064,0.41,0.0,0.41,0.0160675292770341,0.0716913299400092,0.0084236002027115,0.0936125474935332,0.1193676494689383,1.194109847183237,0.0,0.0,0.0,0.1199583333333333
2020-06-01,0,0,0,0.0028554576958344,0.0032258064516129,0.2,0.0,0.2,0.0058536882764605,0.0160675292770341,0.0716913299400092,0.0247766752493584,0.1105667316353544,1.1763448589830652,0.0,0.0,0.0,0.1145416666666666
2020-06-02,0,0,0,0.7030688293821892,0.7559016393442622,1.82,0.6000000000000001,0.59,0.0028554576958344,0.0058536882764605,0.0160675292770341,0.7117779753545135,0.8108158924700433,1.8750887379874852,4.0,4.0,3.999999999999972,0.128875
2020-06-03,0,0,0,0.8494508739709162,0.9603225806451614,5.71,0.79,1.77,0.7030688293821892,0.0028554576958344,0.0058536882764605,1.555375161048969,1.6574113087451252,2.721719943410901,7.2,11.2,11.19999999999997,0.2991666666666667
2020-06-04,0,0,0,0.1707597786464152,0.2620634920634921,6.91,0.2,6.91,0.8494508739709162,0.7030688293821892,0.0028554576958344,1.7232794819995498,1.8197474871888288,2.889660053509816,0.8,12.0,11.999999999999972,0.3361666666666667
2020-06-05,0,0,0,1.13791987265436,1.1465625000000002,2.79,1.2000000000000002,1.18,0.1707597786464152,0.8494508739709162,0.7030688293821892,2.1581305252717207,2.88597602990318,4.023731066257666,5.4,13.4,17.39999999999997,0.3492916666666666
2020-06-06,1,5,3,0.0679249509706237,0.0887301587301587,0.8,0.0,0.39,1.13791987265436,0.1707597786464152,0.8494508739709162,1.3766046022714282,2.937833451596769,3.0564783843978707,0.4,6.6000000000000005,17.799999999999972,0.3362916666666666
2020-06-07,1,3,1,17.19512082128446,18.3790625,54.82,15.86,20.62,0.0679249509706237,1.13791987265436,0.1707597786464152,18.400965644909476,20.12710058460477,20.24646823407378,2.6,8.4,20.39999999999997,0.4377916666666666
2020-06-08,0,0,0,0.536027194154837,0.8347619047619048,12.4,0.0,0.98,17.19512082128446,0.0679249509706237,1.13791987265436,17.79907296640995,20.66027232106377,20.7708390526992,0.5,3.5,20.89999999999997,0.40275
2020-06-09,0,0,0,0.7180324956178806,1.13453125,22.950000000000003,0.1,3.94,0.536027194154837,17.19512082128446,0.0679249509706237,18.449180511057207,20.675235987299462,21.48605187976958,0.6,3.7,17.49999999999997,0.3771666666666666
2020-06-10,0,0,0,0.1290935807583706,0.1871428571428571,2.4000000000000004,0.0,0.59,0.7180324956178806,0.536027194154837,17.19512082128446,1.3831532705311202,19.95487869408692,21.61229000283212,0.6,1.7,10.899999999999972,0.3546249999999999
2020-06-11,0,0,0,0.0540563401504742,0.053125,2.6,0.0,0.2,0.1290935807583706,0.7180324956178806,0.536027194154837,0.9011824165267576,19.838175255590976,21.65792274277988,0.0,1.2,10.099999999999971,0.3272916666666667
2020-06-12,0,0,0,0.039897332130483,0.0379365079365079,1.4,0.0,0.39,0.0540563401504742,0.1290935807583706,0.7180324956178806,0.2230472530393599,18.7401527150671,21.626128744970355,0.0,0.6,4.699999999999972,0.3
2020-06-13,0,0,0,0.0138928167774586,0.0095238095238095,0.4,0.0,0.2,0.039897332130483,0.0540563401504742,0.1290935807583706,0.1078464890584479,18.686120580873933,21.623954032470778,0.0,0.0,4.299999999999971,0.2766666666666666
2020-06-14,0,0,0,0.5350463034571105,0.6634920634920636,2.4000000000000004,0.42,0.42,0.0138928167774586,0.039897332130483,0.0540563401504742,0.5888364523650842,2.026046063046586,22.153146647651425,1.5,1.5,3.199999999999972,0.2822083333333333
2020-06-15,0,0,0,0.1081105959994309,0.1492063492063492,0.6000000000000001,0.0,0.2,0.5350463034571105,0.0138928167774586,0.039897332130483,0.6570497162340321,1.5981294648911804,22.258401785955023,0.0,1.5,2.699999999999972,0.2937083333333333
2020-06-16,0,0,0,0.0099826399824074,0.0125,0.4,0.0,0.2,0.1081105959994309,0.5350463034571105,0.0138928167774586,0.653139539438981,0.8900796092557071,21.56531559655524,0.0,1.5,2.0999999999999712,0.2841666666666667
2020-06-17,0,0,0,0.0076065840484502,0.0095238095238095,0.2,0.0,0.2,0.0099826399824074,0.1081105959994309,0.5350463034571105,0.1256998200303208,0.7685926125457867,20.72347130663277,0.0,0.0,1.4999999999999716,0.2662083333333333
2020-06-18,0,0,0,0.0078031528348454,0.0093650793650793,0.39,0.0,0.39,0.0076065840484502,0.0099826399824074,0.1081105959994309,0.0253923768657352,0.7223394252301578,20.560514680821207,0.0,0.0,1.4999999999999716,0.2468749999999999
2020-06-19,0,0,0,0.0027592906450939,0.003125,0.2,0.0,0.2,0.0078031528348454,0.0076065840484502,0.0099826399824074,0.0181690275284217,0.6852013837447687,19.42535409881194,0.0,0.0,1.4999999999999716,0.2269166666666666
2020-06-20,0,0,0,0.0072829910704823,0.0092307692307692,0.2,0.0,0.2,0.0027592906450939,0.0078031528348454,0.0076065840484502,0.0178454345504538,0.6785915580377925,19.3647121389118,0.0,0.0,1.4999999999999716,0.20875
2020-06-21,0,0,0,0.0053037372696843,0.006,0.39,0.0,0.39,0.0072829910704823,0.0027592906450939,0.0078031528348454,0.0153460189852927,0.1488489918503664,2.174895054897024,0.0,0.0,0.0,0.1922083333333333
2020-06-22,0,0,0,0.00751631883911,0.009090909090909,0.4,0.0,0.2,0.0053037372696843,0.0072829910704823,0.0027592906450939,0.0201030471793088,0.0482547146900455,1.646384179581297,0.0,0.0,0.0,0.1774166666666666
2020-06-23,0,0,0,0.0053572079157107,0.006,0.39,0.0,0.39,0.00751631883911,0.0053037372696843,0.0072829910704823,0.0181772640245372,0.0436292826233487,0.9337088918791268,0.0,0.0,0.0,0.1641666666666666
2020-06-24,0,0,0,0.0053037372696843,0.006,0.39,0.0,0.39,0.0053572079157107,0.00751631883911,0.0053037372696843,0.0181772640245372,0.0413264358445828,0.8099190483904406,0.0,0.0,0.0,0.15225
2020-06-25,0,0,0,0.0101065499985285,0.0181818181818181,0.6000000000000001,0.0,0.2,0.0053037372696843,0.0053572079157107,0.00751631883911,0.0207674951839557,0.0436298330082659,0.7659692582384948,0.0,0.0,0.0,0.1415833333333333
2020-06-26,1,4,1,4.568435501419944,4.68968253968254,9.58,5.13,3.94,0.0101065499985285,0.0053037372696843,0.0053572079157107,4.583845788688189,4.609306043783116,5.294507427527956,11.7,11.7,11.69999999999997,0.22375
2020-06-27,1,31,17,77.830895614392,63.79765625,117.58,77.185,16.75,4.568435501419944,0.0101065499985285,0.0053037372696843,82.40943766581051,82.43291866710464,83.1115102251425,26.0,37.7,37.69999999999997,0.4489583333333333
2020-06-28,1,1,1,6.048875570737607,4.236716417910448,47.27,0.4,22.24,77.830895614392,4.568435501419944,0.0101065499985285,88.4482066865496,88.47649050057257,88.625339492423,0.9,38.6,38.59999999999997,0.44475
2020-06-29,1,1,1,1.103494118902933,1.7858208955223882,21.46,0.2,0.79,6.048875570737607,77.830895614392,4.568435501419944,84.98326530403259,89.57246830063639,89.62072301532649,0.0,26.9,38.59999999999997,0.4380416666666666
2020-06-30,0,0,0,0.8738745633235707,1.3514925373134328,32.9,0.0,0.84,1.103494118902933,6.048875570737607,77.830895614392,8.026244252964153,90.44098565604423,90.48461493866763,0.0,0.9,38.59999999999997,0.4134583333333333
2020-07-01,1,2,1,0.5637178750587747,0.896268656716418,20.34,0.2,1.97,0.8738745633235707,1.103494118902933,6.048875570737607,2.541086557285321,90.99939979383336,91.040726229678,0.1,0.1,38.69999999999997,0.380125
2020-07-02,0,0,0,0.0274760247006295,0.0393939393939394,0.8,0.0,0.2,0.5637178750587747,0.8738745633235707,1.103494118902933,1.4650684630830175,91.01676926853544,91.06039910154377,0.0,0.1,38.69999999999997,0.3642083333333333
2020-07-03,1,1,1,0.0331094848181173,0.0398461538461538,1.7899999999999998,0.0,1.39,0.0274760247006295,0.5637178750587747,0.8738745633235707,0.6243033845775642,86.48144325193361,91.0907492957168,0.0,0.1,26.99999999999997,0.3545
2020-07-04,1,1,1,0.0217164373946335,0.0301515151515151,0.6000000000000001,0.0,0.39,0.0331094848181173,0.0274760247006295,0.5637178750587747,0.0823019469134231,8.672264074936237,91.10518274204094,0.0,0.0,0.9999999999999716,0.343625
2020-07-05,1,1,1,0.0328881659425718,0.0369230769230769,1.4,0.0,0.2,0.0217164373946335,0.0331094848181173,0.0274760247006295,0.0877140881553653,2.656276670141202,91.13276717071382,0.0,0.0,0.0999999999999715,0.3286666666666666
2020-07-06,0,0,0,0.1762658844551804,0.2133846153846154,12.67,0.0,0.39,0.0328881659425718,0.0217164373946335,0.0331094848181173,0.2308704877924284,1.7290484356934497,91.3015167363299,0.0,0.0,0.0999999999999715,0.3149583333333333
2020-07-07,0,0,0,0.0084968377028608,0.0126984126984126,0.2,0.0,0.2,0.1762658844551804,0.0328881659425718,0.0217164373946335,0.2176508881006557,0.8636707100727399,91.30465636611704,0.0,0.0,0.0999999999999715,0.3021666666666666
2020-07-08,1,1,0,0.0470731208887465,0.0743076923076923,3.05,0.0,1.26,0.0084968377028608,0.1762658844551804,0.0328881659425718,0.2318358430468305,0.3470259559027118,91.34642574973611,0.0,0.0,0.0,0.28075
2020-07-09,0,0,0,0.2147588798196538,0.1786363636363636,1.19,0.0,0.39,0.0470731208887465,0.0084968377028608,0.1762658844551804,0.270328838411304,0.534308811021736,91.55107807955724,0.3,0.3,0.2999999999999715,0.2634166666666667
2020-07-10,0,0,0,0.0727617468631639,0.021060606060606,0.39,0.0,0.39,0.2147588798196538,0.0470731208887465,0.0084968377028608,0.3345937475716071,0.5739610730667828,87.05540432500047,0.0,0.3,0.2999999999999715,0.252875
2020-07-11,0,0,0,0.0072842047784225,0.0092307692307692,0.4,0.0,0.2,0.0727617468631639,0.2147588798196538,0.0470731208887465,0.294804831461283,0.5595288404505717,9.23179291538688,0.0,0.3,0.2999999999999715,0.2398749999999999
2020-07-12,0,0,0,0.0027397574483129,0.003076923076923,0.2,0.0,0.2,0.0072842047784225,0.0727617468631639,0.2147588798196538,0.0827857090899421,0.5293804319563128,3.1856571020975863,0.0,0.0,0.2999999999999715,0.2235416666666666
2020-07-13,0,0,0,0.0054795148966258,0.0061538461538461,0.4,0.0,0.2,0.0027397574483129,0.0072842047784225,0.0727617468631639,0.015503477123404,0.3585940623977582,2.0876424980912787,0.0,0.0,0.2999999999999715,0.20825
2020-07-14,0,0,0,0.0264492059430397,0.0577419354838709,1.38,0.0,0.59,0.0054795148966258,0.0027397574483129,0.0072842047784225,0.0346684782880212,0.3765464306379371,1.240217140710748,2.1,2.1,2.3999999999999715,0.2158333333333333
2020-07-15,0,0,0,0.0085529197395034,0.0158730158730158,0.2,0.0,0.2,0.0264492059430397,0.0054795148966258,0.0027397574483129,0.0404816405792117,0.3380262294886939,0.6850521853914768,0.0,2.1,2.3999999999999715,0.2298333333333333
2020-07-16,0,0,0,0.0023252061048924,0.003076923076923,0.2,0.0,0.2,0.0085529197395034,0.0264492059430397,0.0054795148966258,0.0373273317874783,0.1255925557739325,0.6599013667957396,0.0,2.1,2.099999999999972,0.228625
2020-07-17,0,0,0,0.0054063838643044,0.009076923076923,0.39,0.0,0.39,0.0023252061048924,0.0085529197395034,0.0264492059430397,0.016284509708743,0.058237192775073,0.6321982658419268,0.0,0.0,2.099999999999972,0.2190416666666666
2020-07-18,0,0,0,0.0088979553444843,0.01234375,0.39,0.0,0.39,0.0054063838643044,0.0023252061048924,0.0085529197395034,0.0166295453137239,0.0598509433411348,0.6193797837917776,0.0,0.0,2.099999999999972,0.204875
2020-07-19,0,0,0,0.0023014193721874,0.003030303030303,0.2,0.0,0.2,0.0088979553444843,0.0054063838643044,0.0023252061048924,0.0166057585810188,0.0594126052650093,0.5887930372213932,0.0,0.0,2.099999999999972,0.1915416666666667
2020-07-20,0,0,0,0.0066092284471532,0.009090909090909,0.4,0.0,0.2,0.0023014193721874,0.0088979553444843,0.0054063838643044,0.0178086031638677,0.0605423188155367,0.419136381213366,0.0,0.0,2.099999999999972,0.178
2020-07-21,0,0,0,0.0027970056685845,0.0031746031746031,0.2,0.0,0.2,0.0066092284471532,0.0023014193721874,0.0088979553444843,0.0117076534879678,0.0368901185410815,0.4134365491790896,0.0,0.0,0.0,0.164625
2020-07-22,0,0,0,0.0045341519045403,0.006,0.39,0.0,0.39,0.0027970056685845,0.0066092284471532,0.0023014193721874,0.0139403860203207,0.0328713507061183,0.3708975801948833,0.0,0.0,0.0,0.153
2020-07-23,0,0,0,0.0064368395800529,0.009090909090909,0.4,0.0,0.2,0.0045341519045403,0.0027970056685845,0.0066092284471532,0.0137679971532204,0.0369829841812788,0.1625755399552824,0.0,0.0,0.0,0.14275
2020-07-24,0,0,0,0.0023416799335352,0.003125,0.2,0.0,0.2,0.0064368395800529,0.0045341519045403,0.0027970056685845,0.0133126714181712,0.0339182802505096,0.0921554730256537,0.0,0.0,0.0,0.1339166666666666
2020-07-25,0,0,0,0.0027970056685845,0.0031746031746031,0.2,0.0,0.2,0.0023416799335352,0.0064368395800529,0.0045341519045403,0.0115755251822154,0.0278173305746097,0.0876682739158157,0.0,0.0,0.0,0.1260416666666666
2020-07-26,0,0,0,0.0027970056685845,0.0031746031746031,0.2,0.0,0.2,0.0027970056685845,0.0023416799335352,0.0064368395800529,0.0079356912707469,0.0283129168710068,0.0877255221360872,0.5,0.5,0.4999999999999716,0.1394999999999999
2020-07-27,0,0,0,0.0027970056685845,0.0031746031746031,0.2,0.0,0.2,0.0027970056685845,0.0027970056685845,0.0023416799335352,0.0083910170057535,0.0245006940924381,0.0850430129080459,0.0,0.5,0.4999999999999716,0.1445
2020-07-28,0,0,0,0.0026873750027063,0.003030303030303,0.2,0.0,0.2,0.0027970056685845,0.0027970056685845,0.0027970056685845,0.008281386339918,0.0243910634265599,0.0612811819677125,0.0,0.5,0.4999999999999716,0.13325
2020-07-29,0,0,0,0.1124798029240419,0.1166666666666666,1.0,0.0,0.59,0.0026873750027063,0.0027970056685845,0.0027970056685845,0.1179641835953754,0.1323367144460615,0.1652080651522509,0.8,0.8,1.2999999999999716,0.1454583333333333
2020-07-30,0,0,0,7.588992038320489,7.077619047619048,13.05,7.180000000000001,2.56,0.1124798029240419,0.0026873750027063,0.0027970056685845,7.70415921624728,7.714891913186498,7.751874897367847,3.8,4.6,5.099999999999971,0.24275
2020-07-31,0,0,0,0.1018350152504733,0.1392424242424242,5.0,0.0,0.39,7.588992038320489,0.1124798029240419,0.0026873750027063,7.803306856495047,7.814385248503435,7.848303528754016,0.0,4.6,5.099999999999971,0.2622083333333333
2020-08-01,0,0,0,0.0109865865702958,0.0177611940298507,0.6000000000000001,0.0,0.39,0.1018350152504733,7.588992038320489,0.1124798029240419,7.701813640141301,7.822574829405148,7.850392159979828,0.0,3.8,5.099999999999971,0.2527916666666667
2020-08-02,0,0,0,0.0111550446004072,0.0181818181818181,0.8,0.0,0.2,0.0109865865702958,0.1018350152504733,7.588992038320489,0.1239766464212191,7.83093286833697,7.859245785208048,0.0,0.0,4.599999999999971,0.2364583333333333
2020-08-03,0,0,0,0.0211884517726175,0.0276923076923076,1.4,0.0,0.41,0.0111550446004072,0.0109865865702958,0.1018350152504733,0.0433300829433634,7.849324314441003,7.873825008533512,0.0,0.0,4.599999999999971,0.2160833333333333
2020-08-04,0,0,0,0.0344223180740882,0.0313846153846153,0.84,0.0,0.84,0.0211884517726175,0.0111550446004072,0.0109865865702958,0.0667658144471557,7.881059257512384,7.905450320939016,0.0,0.0,4.599999999999971,0.1965416666666666
2020-08-05,0,0,0,0.0036944392611977,0.0061538461538461,0.2,0.0,0.2,0.0344223180740882,0.0211884517726175,0.0111550446004072,0.0593052091079462,7.772273893849541,7.904610608295673,0.0,0.0,3.7999999999999714,0.1787916666666666
2020-08-06,0,0,0,0.0711402247397601,0.0824615384615384,5.16,0.0,2.76,0.0036944392611977,0.0344223180740882,0.0211884517726175,0.1092569820750887,0.2544220802688118,7.969313993455381,0.0,0.0,0.0,0.1629166666666666
2020-08-07,0,0,0,0.0397352357270953,0.0487692307692307,2.37,0.0,1.18,0.0711402247397601,0.0036944392611977,0.0344223180740882,0.1145698997280958,0.1923223007454338,8.00670754924894,0.0,0.0,0.0,0.1488333333333333
2020-08-08,0,0,0,0.0079431658091269,0.0092307692307692,0.2,0.0,0.2,0.0397352357270953,0.0711402247397601,0.0036944392611977,0.118818626276025,0.1892788799842648,8.011853709389483,0.1,0.1,0.0999999999999715,0.1372083333333333
2020-08-09,0,0,0,0.0039757421341083,0.00625,0.2,0.0,0.2,0.0079431658091269,0.0397352357270953,0.0711402247397601,0.0516541436703732,0.1820995775179659,8.013032445855007,0.0,0.1,0.0999999999999715,0.1305833333333333
2020-08-10,0,0,0,0.0054188093159939,0.0061538461538461,0.4,0.0,0.2,0.0039757421341083,0.0079431658091269,0.0397352357270953,0.0173377172592719,0.1663299350613422,8.015654249502417,0.0,0.1,0.0999999999999715,0.1249583333333333
2020-08-11,0,0,0,0.0055005356129972,0.00625,0.4,0.0,0.2,0.0054188093159939,0.0039757421341083,0.0079431658091269,0.0148950870631421,0.1374081526002512,8.018467410112708,0.0,0.0,0.0999999999999715,0.1169583333333333
2020-08-12,0,0,0,0.0055005356129972,0.00625,0.4,0.0,0.2,0.0055005356129972,0.0054188093159939,0.0039757421341083,0.016419880542031,0.1392142489520507,7.911488142801662,0.0,0.0,0.0999999999999715,0.1125833333333333
2020-08-13,0,0,0,0.2198620339419204,0.3179365079365079,3.54,0.0,1.57,0.0055005356129972,0.0055005356129972,0.0054188093159939,0.2308631051679574,0.287936058154211,0.5423581384230939,0.0,0.0,0.0999999999999715,0.1114166666666666
2020-08-14,0,0,0,0.0577148701106353,0.0709677419354838,2.2,0.0,0.2,0.2198620339419204,0.0055005356129972,0.0055005356129972,0.2830774396655956,0.3059156925377511,0.4982379932832559,0.0,0.0,0.0999999999999715,0.1081666666666666
2020-08-15,0,0,0,0.5849200429144574,0.9203076923076924,4.54,0.4,2.95,0.0577148701106353,0.2198620339419204,0.0055005356129972,0.8624969469670558,0.8828925696430815,1.0721714496274175,0.4,0.4,0.3999999999999716,0.1071666666666666
2020-08-16,1,3,1,9.006742284065465,10.884285714285715,28.57,10.08,7.12,0.5849200429144574,0.0577148701106353,0.2198620339419204,9.6493771970906,9.88565911157444,10.067758689092477,6.0,6.4,6.399999999999972,0.1348333333333333
2020-08-17,1,2,1,5.476926997757781,5.9403125,12.81,6.460000000000001,3.15,9.006742284065465,0.5849200429144574,0.0577148701106353,15.068589324737747,15.357167300016226,15.523497235077638,13.0,19.4,19.39999999999997,0.32325
2020-08-18,1,1,0,8.339723476079488,7.191774193548387,16.41,7.41,1.38,5.476926997757781,9.006742284065465,0.5849200429144574,22.823392757902777,23.69139024048272,23.82879839308304,21.1,40.1,40.49999999999997,0.4672083333333333
2020-08-19,1,1,0,4.646237808103611,5.097424242424243,13.79,5.105,12.01,8.339723476079488,5.476926997757781,9.006742284065465,18.462888281940923,28.332127512973333,28.47134176192545,7.5,41.6,47.99999999999997,0.4348333333333333
2020-08-20,0,0,0,2.66704962648672,3.02,11.2,2.6,0.98,4.646237808103611,8.339723476079488,5.476926997757781,15.65301091066986,30.77931510551813,31.06725116367241,9.8,38.400000000000006,57.79999999999997,0.4312916666666666
2020-08-21,1,5,0,11.197526040424156,9.726,22.45,10.39,1.18,2.66704962648672,4.646237808103611,8.339723476079488,18.51081347501453,41.91912627583165,42.22504196836947,17.4,34.7,75.19999999999997,0.5065833333333333
2020-08-22,1,3,2,2.552615689398571,2.435522388059701,13.4,1.6,0.59,11.197526040424156,2.66704962648672,4.646237808103611,16.417191356309488,43.88682192231576,44.76971449195891,2.4,29.6,77.19999999999996,0.4985416666666666
2020-08-23,1,1,0,1.5328547556894558,1.1363636363636365,21.0,0.2,0.2,2.552615689398571,11.197526040424156,2.66704962648672,15.282996485512223,36.41293439393975,46.29859350551426,0.0,19.8,71.19999999999996,0.4756666666666667
2020-08-24,0,0,0,0.8838158288241124,0.8484848484848486,11.4,0.0,0.2,1.5328547556894558,2.552615689398571,11.197526040424156,4.969286273912182,31.81982322500609,47.176990525022376,0.0,2.4,58.19999999999997,0.450125
2020-08-25,0,0,0,0.2991631220078702,0.3848484848484849,3.4000000000000004,0.0,0.2,0.8838158288241124,1.5328547556894558,2.552615689398571,2.7158337065214813,23.779262870934467,47.470653111417256,0.0,0.0,37.09999999999997,0.4297916666666666
2020-08-26,0,0,0,0.1823674186748594,0.2861538461538462,4.4,0.0,0.2,0.2991631220078702,0.8838158288241124,1.5328547556894558,1.3653463695068848,19.315392481505715,47.64751999447912,0.0,0.0,29.59999999999997,0.4095833333333333
2020-08-27,0,0,0,0.2964355702754158,0.5192424242424242,14.27,0.0,14.27,0.1823674186748594,0.2991631220078702,0.8838158288241124,0.7779661109581882,16.944778425294412,47.72409353081261,0.0,0.0,19.79999999999997,0.3877916666666667
2020-08-28,0,0,0,0.2230819117033953,0.3575757575757576,6.2,0.0,0.2,0.2964355702754158,0.1823674186748594,0.2991631220078702,0.7018849006537133,5.970334296573652,47.88946057240537,0.0,0.0,2.3999999999999715,0.3660833333333333
2020-08-29,0,0,0,0.2234844708256078,0.290625,9.2,0.0,0.2,0.2230819117033953,0.2964355702754158,0.1823674186748594,0.7430019528044617,3.641203078000689,47.528025000316525,0.0,0.0,0.0,0.341375
2020-08-30,0,0,0,0.0935613352171067,0.121875,2.8000000000000003,0.0,0.2,0.2234844708256078,0.2230819117033953,0.2964355702754158,0.5401277177461526,2.2019096575283394,38.61484405146816,0.0,0.0,0.0,0.3152916666666667
2020-08-31,0,0,0,0.0453565771596039,0.05,1.4,0.0,0.2,0.0935613352171067,0.2234844708256078,0.2230819117033953,0.3624023832023613,1.3634504058638313,33.18327363086999,0.3,0.3,0.2999999999999715,0.3061666666666666
2020-09-01,0,0,0,0.0636077422182017,0.075,2.2,0.0,0.2,0.0453565771596039,0.0935613352171067,0.2234844708256078,0.2025256545949552,1.1278950260741627,24.907157897008695,0.6,0.8999999999999999,0.8999999999999715,0.3262083333333334
2020-09-02,0,0,0,0.0096303981651332,0.0095238095238095,0.2,0.0,0.2,0.0636077422182017,0.0453565771596039,0.0935613352171067,0.1185947175429817,0.9551580055644364,20.27055048707022,0.0,0.9,0.8999999999999716,0.324875
2020-09-03,0,0,0,0.0153297841498546,0.015625,0.2,0.0,0.2,0.0096303981651332,0.0636077422182017,0.0453565771596039,0.0885679245332324,0.6740522194388752,17.618830644733357,0.0,0.6000000000000001,0.8999999999999716,0.2966249999999999
2020-09-04,0,0,0,0.0079933949827365,0.0119696969696969,0.5900000000000001,0.0,0.39,0.0153297841498546,0.0096303981651332,0.0636077422182017,0.0329535772977672,0.4589637027182165,6.429297999291939,0.0,0.0,0.8999999999999716,0.2667083333333334
2020-09-05,0,0,0,0.0028166279205621,0.003125,0.2,0.0,0.2,0.0079933949827365,0.0153297841498546,0.0096303981651332,0.0261398070531961,0.2382958598131708,3.8794989378139295,0.0,0.0,0.8999999999999716,0.2455
2020-09-06,0,0,0,0.0,0.0,0.0,0.0,0.0,0.0028166279205621,0.0079933949827365,0.0153297841498546,0.0108100229033414,0.144734524596064,2.3466441821244746,0.0,0.0,0.8999999999999716,0.22075
2020-09-07,0,0,0,0.0163218780676334,0.0177611940298507,1.19,0.0,0.59,0.0,0.0028166279205621,0.0079933949827365,0.0191385059882383,0.1156998255040935,1.4791502313679958,0.0,0.0,0.5999999999999717,0.197125
2020-09-08,0,0,0,0.0924823267629211,0.1017647058823529,6.720000000000001,0.0,2.56,0.0163218780676334,0.0,0.0028166279205621,0.1088042048305972,0.1445744100488128,1.2724694361230466,0.0,0.0,0.0,0.1790416666666666
2020-09-09,0,0,0,0.4999817161433078,0.8676056338028169,59.58,0.0,59.58,0.0924823267629211,0.0163218780676334,0.0,0.608785920973905,0.6349257280269873,1.5900837335914948,0.0,0.0,0.0,0.1625416666666666
2020-09-10,0,0,0,0.0,0.0,0.0,0.0,0.0,0.4999817161433078,0.0924823267629211,0.0163218780676334,0.5924640429062715,0.6195959438771327,1.293648163316079,0.0,0.0,0.0,0.1456666666666666
2020-09-11,0,0,0,0.0015964469771318,0.0028169014084507,0.2,0.0,0.2,0.0,0.4999817161433078,0.0924823267629211,0.5015781631204823,0.6131989958715278,1.0721626985898154,0.0,0.0,0.0,0.1314166666666666
2020-09-12,0,0,0,0.0022432887469282,0.0027777777777777,0.2,0.0,0.2,0.0015964469771318,0.0,0.4999817161433078,0.0038397357241027,0.6126256566978939,0.8509215165111359,0.0,0.0,0.0,0.12025
2020-09-13,0,0,0,0.0,0.0,0.0,0.0,0.0,0.0022432887469282,0.0015964469771318,0.0,0.0038397357241027,0.6126256566978939,0.7573601812940292,0.0,0.0,0.0,0.1116666666666666
2020-09-14,0,0,0,0.0016838865843792,0.0027777777777777,0.2,0.0,0.2,0.0,0.0022432887469282,0.0015964469771318,0.0039271753313502,0.5979876652146399,0.7136874907188043,0.3,0.3,0.2999999999999715,0.1076666666666666
2020-09-15,0,0,0,0.5150964217553683,0.5748571428571428,3.2,0.4,0.42,0.0016838865843792,0.0,0.0022432887469282,0.5167803083397903,1.0206017602070871,1.1651761702559709,0.7,1.0,0.9999999999999716,0.1440833333333333
2020-09-16,0,0,0,0.0152925248366142,0.0194366197183098,0.98,0.0,0.98,0.5150964217553683,0.0016838865843792,0.0,0.5320728331764045,0.5359125689003935,1.1708382969274518,0.0,1.0,0.9999999999999716,0.1415833333333333
2020-09-17,0,0,0,0.0,0.0,0.0,0.0,0.0,0.0152925248366142,0.5150964217553683,0.0016838865843792,0.5303889465920253,0.5359125689003935,1.1555085127775973,0.0,0.7,0.9999999999999716,0.1259166666666666
2020-09-18,0,0,0,0.0070430695682932,0.0085714285714285,0.4,0.0,0.2,0.0,0.0152925248366142,0.5150964217553683,0.0223355944049501,0.5413591914915549,1.154558187363154,0.0,0.0,0.9999999999999716,0.1169166666666666
2020-09-19,0,0,0,0.0074916260156478,0.0140845070422535,0.4,0.0,0.2,0.0070430695682932,0.0,0.0152925248366142,0.0145346955839838,0.5466075287602745,1.1592331854582396,0.1,0.1,1.0999999999999717,0.1127916666666666
2020-09-20,0,0,0,0.0920738399259672,0.1441176470588235,1.2000000000000002,0.0,0.2,0.0074916260156478,0.0070430695682932,0.0,0.1066085355099511,0.6386813686862418,1.251307025384207,1.8,1.9,2.899999999999972,0.1582916666666666
2020-09-21,0,0,0,1.5166422421461654,1.5545070422535212,3.37,1.6,1.18,0.0920738399259672,0.0074916260156478,0.0070430695682932,1.6162077080878232,2.153639724248028,2.7516273894627385,7.0,8.9,9.599999999999971,0.2455416666666666
2020-09-22,1,1,0,8.703374894489777,8.805352112676058,16.580000000000002,9.67,13.9,1.5166422421461654,0.0920738399259672,0.0074916260156478,10.312090976561953,10.341918196982435,11.362519957189594,20.0,28.8,28.899999999999974,0.4560416666666667
2020-09-23,0,0,0,0.6992522507080586,0.6723943661971832,5.800000000000001,0.0,0.98,8.703374894489777,1.5166422421461654,0.0920738399259672,10.919269387344045,11.025877922853882,11.561790491754344,3.4,30.4,32.299999999999976,0.4714166666666666
2020-09-24,0,0,0,0.1113782296800268,0.104225352112676,2.2,0.0,0.2,0.6992522507080586,8.703374894489777,1.5166422421461654,9.514005374877904,11.137256152533908,11.67316872143437,0.0,23.4,32.299999999999976,0.42275
2020-09-25,0,0,0,0.017070436756834,0.0115942028985507,0.4,0.0,0.2,0.1113782296800268,0.6992522507080586,8.703374894489777,0.8277009171449621,11.14728351972245,11.688642711214074,0.0,3.4,32.299999999999976,0.3793333333333333
2020-09-26,0,0,0,0.2846929579551222,0.0333802816901408,1.77,0.0,1.77,0.017070436756834,0.1113782296800268,0.6992522507080586,0.4131416243920257,11.424484851661925,11.971092380422268,0.0,0.0,32.199999999999974,0.338
2020-09-27,0,0,0,0.0023023560911692,0.0028169014084507,0.2,0.0,0.2,0.2846929579551222,0.017070436756834,0.1113782296800268,0.3040657508031681,11.334713367827126,11.973394736513438,0.0,0.0,30.39999999999997,0.2947083333333333
2020-09-28,0,0,0,0.8207101625795957,1.1682857142857144,7.720000000000001,0.6000000000000001,3.74,0.0023023560911692,0.2846929579551222,0.017070436756834,1.1077054766259298,10.638781288260557,12.792421012508653,0.0,0.0,23.39999999999997,0.259125
2020-09-29,0,0,0,0.164051695151435,0.1386111111111111,2.2,0.0,0.79,0.8207101625795957,0.0023023560911692,0.2846929579551222,0.9870642138222429,2.0994580889222134,12.44137628590472,0.0,0.0,3.3999999999999715,0.25125
2020-09-30,0,0,0,0.3723268533524618,0.6039726027397261,5.12,0.0,5.12,0.164051695151435,0.8207101625795957,0.0023023560911692,1.3570887110835357,1.7725326915666164,12.798410614420568,0.0,0.0,0.0,0.2382083333333333
2020-10-01,0,0,0,0.0431186903243209,0.0520547945205479,1.2000000000000002,0.0,0.2,0.3723268533524618,0.164051695151435,0.8207101625795957,0.5794972388282607,1.7042731522109107,12.841529304744888,0.0,0.0,0.0,0.2090416666666666
2020-10-02,0,0,0,0.5375014333976849,0.8498591549295775,5.32,0.0,3.35,0.0431186903243209,0.3723268533524618,0.164051695151435,0.9529469770745104,2.2247041488517616,13.37198766857428,0.1,0.1,0.0999999999999715,0.173
2020-10-03,0,0,0,0.0267422249095405,0.0619718309859155,1.4,0.0,0.2,0.5375014333976849,0.0431186903243209,0.3723268533524618,0.6073623486315892,1.96675341580618,13.391238267468172,0.1,0.2,0.1999999999999716,0.1546666666666666
2020-10-04,0,0,0,0.2306056665034266,0.3395714285714286,2.6,0.0,0.59,0.0267422249095405,0.5375014333976849,0.0431186903243209,0.7948493248106949,2.195056726218437,13.529770094045633,7.9,8.1,8.099999999999971,0.2018333333333333
2020-10-05,0,0,0,0.004672932838729,0.0027777777777777,0.2,0.0,0.2,0.2306056665034266,0.0267422249095405,0.5375014333976849,0.2620208242517391,1.3790194964775708,12.017800784738196,0.0,8.0,8.099999999999973,0.1953333333333333
2020-10-06,0,0,0,0.0,0.0,0.0,0.0,0.0,0.004672932838729,0.2306056665034266,0.0267422249095405,0.2352785993421986,1.2149678013261356,3.31442589024842,0.0,7.9,8.099999999999973,0.1659583333333333
2020-10-07,0,0,0,0.0017067057247125,0.0028169014084507,0.2,0.0,0.2,0.0,0.004672932838729,0.2306056665034266,0.0063796385634844,0.8443476536983864,2.616880345265074,0.1,0.1,8.199999999999973,0.144875
2020-10-08,0,0,0,3.7603079330731455,4.656111111111112,13.99,4.945,3.35,0.0017067057247125,0.0,0.004672932838729,3.762014638797901,4.561536896447211,6.265810048658192,0.5,0.6,8.699999999999973,0.1509583333333333
2020-10-09,1,15,4,16.645844907981562,16.855915492957745,40.59,16.990000000000002,11.89,3.7603079330731455,0.0017067057247125,0.0,20.407859546779463,20.669880371031088,22.89458451988292,18.3,18.9,26.899999999999974,0.3323333333333333
2020-10-10,0,0,0,3.960383608569463,4.101944444444445,26.51,2.955,3.35,16.645844907981562,3.7603079330731455,0.0017067057247125,24.366536449624213,24.60352175469101,26.570275170497258,0.0,18.8,26.79999999999997,0.43025
2020-10-11,0,0,0,0.7682483605463787,0.8423943661971831,17.14,0.0,1.68,3.960383608569463,16.645844907981562,3.7603079330731455,21.374476877097447,25.141164448733964,27.33622117495247,0.0,18.3,18.899999999999974,0.372625
2020-10-12,0,0,0,0.2623245621861347,0.2514285714285714,3.8,0.0,0.2,0.7682483605463787,3.960383608569463,16.645844907981562,4.990956531302019,25.398816078081367,26.77783557455901,0.0,0.0,18.899999999999974,0.3234999999999999
2020-10-13,0,0,0,0.1465600360283321,0.1473529411764706,1.8,0.0,0.42,0.2623245621861347,0.7682483605463787,3.960383608569463,1.177132958760888,25.5453761141097,26.760343915435904,0.0,0.0,18.899999999999974,0.2791666666666667
2020-10-14,0,0,0,0.0820529059270701,0.0714285714285714,0.8,0.0,0.2,0.1465600360283321,0.2623245621861347,0.7682483605463787,0.4909375041415795,25.625722314312057,26.470069968010517,0.9,0.9,19.69999999999997,0.2460833333333333
2020-10-15,0,0,0,2.989791162648395,3.0147887323943663,9.4,2.38,2.95,0.0820529059270701,0.1465600360283321,0.2623245621861347,3.21840410460384,24.85520554388731,29.416742440334588,7.5,8.4,26.69999999999997,0.2694166666666667
2020-10-16,0,0,0,1.248297093957942,1.363235294117647,9.739999999999998,0.995,9.54,2.989791162648395,0.0820529059270701,0.1465600360283321,4.320141162533449,9.457657729863689,30.12753810089485,2.4,10.8,10.799999999999972,0.335625
2020-10-17,0,0,0,0.1082879600125303,0.1571428571428571,1.4,0.0,0.2,1.248297093957942,2.989791162648395,0.0820529059270701,4.34637621661891,5.605562081306754,30.209083835997838,0.2,10.1,10.999999999999972,0.3431666666666667
2020-10-18,0,0,0,0.0699165939438298,0.05,1.0,0.0,0.2,0.1082879600125303,1.248297093957942,2.989791162648395,1.4265016479143449,4.907230314704206,30.048394763438235,0.0,2.6,10.999999999999972,0.3187083333333333
2020-10-19,1,10,3,7.6060502506952865,6.363661971830986,37.05,2.15,15.77,0.0699165939438298,0.1082879600125303,1.248297093957942,7.784254804651689,12.250956003213355,37.64977208129479,4.3,4.5,15.299999999999972,0.3180833333333333
2020-10-20,1,33,17,10.419309021950248,7.504305555555557,54.97,2.46,54.97,7.6060502506952865,0.0699165939438298,0.1082879600125303,18.095275866589407,22.523704989135275,48.06908110324504,9.6,13.9,24.89999999999997,0.4012083333333333
2020-10-21,0,0,0,1.511231536881175,1.2949295774647889,23.25,0.2,0.98,10.419309021950248,7.6060502506952865,0.0699165939438298,19.536590809526757,23.952883620089377,49.57860593440151,1.3,15.2,25.29999999999997,0.4458333333333333
2020-10-22,0,0,0,0.4373137528918124,0.6079166666666667,6.2,0.0,0.79,1.511231536881175,10.419309021950248,7.6060502506952865,12.367854311723278,21.4004062103328,46.25561175422017,0.1,11.000000000000002,17.899999999999967,0.40725
2020-10-23,0,0,0,0.1168137036755221,0.1718309859154929,4.800000000000001,0.0,0.2,0.4373137528918124,1.511231536881175,10.419309021950248,2.065358993448552,20.268922820050378,29.72658054991413,0.3,1.7000000000000002,15.799999999999969,0.3568333333333333
2020-10-24,1,1,0,2.231231052996996,1.365,13.6,0.2,8.74,0.1168137036755221,0.4373137528918124,1.511231536881175,2.785358509564373,22.39186591303484,27.997427994341663,0.9,1.3,16.49999999999997,0.3755416666666666
2020-10-25,1,22,5,16.36796772546205,8.886027397260275,54.31,4.92,15.56,2.231231052996996,0.1168137036755221,0.4373137528918124,18.71601248213461,38.68991704455306,43.597147359257335,11.3,12.5,27.79999999999997,0.46975
2020-10-26,0,0,0,1.2761941947879996,1.272638888888889,17.0,0.0,11.58,16.36796772546205,2.231231052996996,0.1168137036755221,19.87539297324709,32.36006098864578,44.6110169918592,0.0,12.2,23.49999999999997,0.4395
2020-10-27,0,0,0,0.1297178547237014,0.1485714285714285,2.4000000000000004,0.0,0.2,1.2761941947879996,16.36796772546205,2.231231052996996,17.773879774973796,22.07046982141923,44.59417481055457,0.3,11.6,14.199999999999973,0.3940416666666667
2020-10-28,0,0,0,0.0936397545274896,0.1166666666666666,3.6,0.0,0.2,0.1297178547237014,1.2761941947879996,16.36796772546205,1.4995518040392333,20.65287803906554,44.60576165915499,0.0,0.3,12.899999999999972,0.3409999999999999
2020-10-29,0,0,0,2.544757961642567,2.4859722222222222,7.69,1.995,2.16,0.0936397545274896,0.1297178547237014,1.2761941947879996,2.768115570893801,22.760322247816298,44.160728458149165,2.1,2.4,14.899999999999972,0.29
2020-10-30,1,9,2,20.6697402835056,19.12779411764706,52.36,22.515,3.94,2.544757961642567,0.0936397545274896,0.1297178547237014,23.308137999675697,43.313248827646376,63.58217164769681,37.1,39.2,51.69999999999997,0.4027916666666666
2020-10-31,0,0,0,3.459769405693454,4.277246376811594,35.28,2.0,1.77,20.6697402835056,2.544757961642567,0.0936397545274896,26.67426765084166,44.54178718034283,66.93365309337774,2.0,41.2,52.799999999999976,0.48825
2020-11-01,0,0,0,0.6017992004704779,0.953943661971831,6.380000000000001,0.4,0.82,3.459769405693454,20.6697402835056,2.544757961642567,24.73130888966957,28.775618655351256,67.46553569990438,1.3,40.4,42.79999999999997,0.4823333333333333
2020-11-02,0,0,0,1.1285825617345149,1.3977777777777778,49.5,0.2,49.3,0.6017992004704779,3.459769405693454,20.6697402835056,5.190151167898489,28.62800702229777,60.988068010943614,0.3,3.6,43.09999999999997,0.4549166666666666
2020-11-03,0,0,0,0.4282301302067489,0.47625,12.2,0.0,1.18,1.1285825617345149,0.6017992004704779,3.459769405693454,2.158611892411784,28.926519297780818,50.99698911920012,0.6,2.2,43.39999999999998,0.422625
2020-11-04,0,0,0,0.1174867042496098,0.2111111111111111,4.6000000000000005,0.0,0.2,0.4282301302067489,1.1285825617345149,0.6017992004704779,1.674299396190916,28.95036624750294,49.60324428656855,1.8,2.7,45.19999999999997,0.3974583333333333
2020-11-05,0,0,0,3.631793461232215,4.485833333333334,17.51,4.885,3.55,0.1174867042496098,0.4282301302067489,1.1285825617345149,4.1775102956886165,30.037401747092588,52.79772399490896,3.3,5.7,46.39999999999997,0.443875
2020-11-06,0,0,0,0.1233107592005932,0.1971830985915492,3.6,0.0,0.2,3.631793461232215,0.1174867042496098,0.4282301302067489,3.8725909246824606,9.490972222787583,52.80422105043402,0.0,5.1,9.299999999999972,0.427625
2020-11-07,0,0,0,0.0488325841472687,0.0845070422535211,3.4000000000000004,0.0,0.2,0.1233107592005932,3.631793461232215,0.1174867042496098,3.80393680458012,6.080035401241401,50.6218225815843,0.0,3.3,7.299999999999971,0.382875
2020-11-08,0,0,0,0.0250642193107418,0.0394366197183098,1.0,0.0,0.2,0.0488325841472687,0.1233107592005932,3.631793461232215,0.1972075626586465,5.503300420081664,34.27891907543299,0.0,0.0,5.999999999999972,0.3385
2020-11-09,0,0,0,0.0266388142952048,0.06375,1.59,0.0,0.39,0.0250642193107418,0.0488325841472687,0.1233107592005932,0.1005356177532581,4.401356672642354,33.029363694940194,0.3,0.3,5.999999999999972,0.3033333333333333
2020-11-10,0,0,0,5.686787309850175,6.841666666666667,23.0,7.02,4.53,0.0266388142952048,0.0250642193107418,0.0488325841472687,5.738490343456164,9.65991385228578,38.58643315006667,9.8,10.1,15.19999999999997,0.3866666666666666
2020-11-11,1,18,9,11.932725609369928,10.171549295774648,44.54,7.890000000000001,13.21,5.686787309850175,0.0266388142952048,0.0250642193107418,17.64615173351535,21.4751527574061,50.4255190049091,10.8,20.9,24.19999999999997,0.46625
2020-11-12,1,3,0,3.310216858481226,4.188472222222222,21.41,2.47,11.12,11.932725609369928,5.686787309850175,0.0266388142952048,20.92972977770137,21.153576154655106,51.19097790174776,3.8,24.4,24.69999999999997,0.4879583333333333
2020-11-13,1,1,1,2.5788912328319187,2.4916666666666667,22.49,1.2000000000000002,11.39,3.310216858481226,11.932725609369928,5.686787309850175,17.821833700683115,23.609156628286435,33.10012885107408,3.4,18.0,28.099999999999973,0.4751666666666667
2020-11-14,0,0,0,0.6540137022144785,0.8573239436619718,20.35,0.2,20.35,2.5788912328319187,3.310216858481226,11.932725609369928,6.543121793527666,24.21433774635364,30.29437314759511,2.2,9.4,30.29999999999997,0.4774583333333333
2020-11-15,0,0,0,0.1553015167673391,0.2578260869565217,4.6000000000000005,0.0,0.59,0.6540137022144785,2.5788912328319187,3.310216858481226,3.388206451813779,24.34457504381024,29.84787546389197,1.3,6.9,31.59999999999997,0.4486666666666667
2020-11-16,0,0,0,1.2405825298292368,1.5772222222222223,12.93,0.2,9.58,0.1553015167673391,0.6540137022144785,2.5788912328319187,2.049897748811097,25.55851875934427,29.95987543198669,1.0,4.5,32.299999999999976,0.4368333333333333
2020-11-17,1,14,0,13.359464184129838,13.464444444444446,35.26,12.79,26.22,1.2405825298292368,0.1553015167673391,0.6540137022144785,14.755348230726456,33.23119563362393,42.89110948590978,15.5,17.8,37.99999999999997,0.4448333333333333
2020-11-18,1,8,0,12.37501533630098,13.017260273972605,34.0,15.0,33.78,13.359464184129838,1.2405825298292368,0.1553015167673391,26.9750620502601,33.67348536055499,55.14863811796116,13.9,30.4,41.09999999999997,0.4820416666666667
2020-11-19,0,0,0,7.139238750621914,9.076164383561643,39.23,9.27,18.05,12.37501533630098,13.359464184129838,1.2405825298292368,32.87371827105277,37.50250725269568,58.65608340735085,26.8,56.2,64.09999999999997,0.463125
2020-11-20,0,0,0,0.7586940580877359,0.9183561643835616,12.2,0.0,5.24,7.139238750621914,12.37501533630098,13.359464184129838,20.272948145010677,35.68231007795149,59.29146670623799,0.9,41.6,61.599999999999966,0.4392083333333333
2020-11-21,0,0,0,0.3903207436533397,0.6347945205479453,10.94,0.0,0.39,0.7586940580877359,7.139238750621914,12.37501533630098,8.288253552363033,35.418617119390355,59.63295486574406,0.5,28.200000000000003,59.89999999999997,0.42575
2020-11-22,0,0,0,0.1689135197915038,0.2611111111111111,7.0,0.0,0.2,0.3903207436533397,0.7586940580877359,7.139238750621914,1.317928321532622,35.43222912241452,59.77680416622482,0.2,1.6,58.79999999999997,0.3976666666666666
2020-11-23,0,0,0,0.1506209037219804,0.247887323943662,6.0,0.0,0.2,0.1689135197915038,0.3903207436533397,0.7586940580877359,0.7098551671668667,34.342267496307265,59.9007862556516,0.0,0.7,57.79999999999997,0.3707499999999999
2020-11-24,0,0,0,0.1973676385709439,0.2925352112676056,11.8,0.0,0.39,0.1506209037219804,0.1689135197915038,0.3903207436533397,0.5169020620844709,21.18017095074837,54.41136658437237,0.2,0.4,42.499999999999964,0.3480416666666666
2020-11-25,0,0,0,0.0453085939614426,0.0622535211267605,1.4,0.0,0.42,0.1973676385709439,0.1506209037219804,0.1689135197915038,0.3932971362544096,8.85046420840883,42.523949568963886,0.0,0.2,28.59999999999997,0.32075
2020-11-26,0,0,0,1.76594063289385,2.792054794520548,29.86,0.2,16.86,0.0453085939614426,0.1973676385709439,0.1506209037219804,2.008616865426279,3.4771660906807664,40.97967334337651,0.0,0.2,1.799999999999968,0.2919166666666666
2020-11-27,0,0,0,0.2667576364285262,0.4444444444444444,6.6000000000000005,0.0,0.81,1.76594063289385,0.0453085939614426,0.1973676385709439,2.078006863283861,2.9852296690215567,38.66753974697311,2.5,2.5,3.399999999999968,0.2897083333333333
2020-11-28,0,0,0,0.0225233034938588,0.0356164383561643,1.2000000000000002,0.0,0.2,0.2667576364285262,1.76594063289385,0.0453085939614426,2.055221572816278,2.617432228862076,38.0360493482525,0.0,2.5,2.899999999999968,0.2809999999999999
2020-11-29,0,0,0,2.898288192924499,3.033888888888889,28.28,0.785,17.07,0.0225233034938588,0.2667576364285262,1.76594063289385,3.187569132846927,5.346806901995072,40.779036024409656,1.4,3.9,4.099999999999968,0.2537916666666667
2020-11-30,1,14,5,8.44070440904431,6.871971830985916,27.12,5.33,9.96,2.898288192924499,0.0225233034938588,0.2667576364285262,11.36151590546271,13.6368904073174,47.97915790362473,10.3,11.7,14.399999999999968,0.2852083333333333
2020-12-01,1,7,3,7.055553135397002,6.727083333333334,32.370000000000005,2.385,20.87,8.44070440904431,2.898288192924499,0.0225233034938588,18.394545737365853,20.49507590414346,41.675246854891896,7.6,19.3,21.79999999999997,0.4206666666666667
2020-12-02,0,0,0,1.6985553469540318,2.337945205479452,28.74,0.2,28.74,7.055553135397002,8.44070440904431,2.898288192924499,17.194812891395387,22.148322657136045,30.998786865544943,2.4,20.3,24.199999999999967,0.439875
2020-12-03,0,0,0,0.1039451447926025,0.1777777777777777,3.4000000000000004,0.0,0.2,1.6985553469540318,7.055553135397002,8.44070440904431,8.858053627143681,20.4863271690348,23.96349325971563,5.9,15.9,30.09999999999997,0.419
2020-12-04,0,0,0,0.0450733264521073,0.0618309859154929,1.0,0.0,0.39,0.1039451447926025,1.6985553469540318,7.055553135397002,1.8475738181987864,20.264642859058384,23.249872528080004,2.5,10.8,30.09999999999997,0.4099583333333333
2020-12-05,0,0,0,0.1202385194849399,0.2490909090909091,8.88,0.0,1.18,0.0450733264521073,0.1039451447926025,1.6985553469540318,0.2692569907296944,20.362358075049464,22.979790303911603,9.3,17.700000000000003,39.39999999999997,0.46325
2020-12-06,0,0,0,2.8380373460084085,2.7978571428571426,17.13,1.0,3.94,0.1202385194849399,0.0450733264521073,0.1039451447926025,3.0033491919455004,20.302107228133373,25.64891413012851,7.3,19.1,45.29999999999997,0.497125
2020-12-07,0,0,0,3.0265128112961874,3.306197183098592,23.77,2.6,3.94,2.8380373460084085,0.1202385194849399,0.0450733264521073,5.984788676789581,14.88791563038525,28.52480603770272,16.3,32.900000000000006,51.29999999999997,0.4869583333333333
2020-12-08,1,20,6,10.482338377271848,9.038108108108108,38.92,6.455,26.02,3.0265128112961874,2.8380373460084085,0.1202385194849399,16.34688853457649,18.314700872260097,38.80977677640362,7.1,30.700000000000003,50.799999999999976,0.4751666666666667
2020-12-09,0,0,0,1.0399754033754258,1.0324324324324323,16.2,0.0,1.37,10.482338377271848,3.0265128112961874,2.8380373460084085,14.548826591943506,17.656120928681492,39.8044435858176,0.7,24.1,49.099999999999966,0.4312499999999999
2020-12-10,0,0,0,0.3220000586255341,0.3980821917808219,21.06,0.0,0.79,1.0399754033754258,10.482338377271848,3.0265128112961874,11.844313839272854,17.874175842514422,38.36050301154928,0.6,8.4,43.79999999999997,0.4222083333333333
2020-12-11,1,3,2,4.82346221500034,5.243714285714286,38.37,0.5,10.78,0.3220000586255341,1.0399754033754258,10.482338377271848,6.185437677001347,22.65256473106265,42.9172075901211,1.7,3.0,42.99999999999997,0.4388749999999999
2020-12-12,0,0,0,0.6797102587215728,1.0422535211267605,17.3,0.0,2.36,4.82346221500034,0.3220000586255341,1.0399754033754258,5.825172532347494,23.212036470299285,43.57439454534882,8.8,11.1,42.49999999999997,0.4832916666666667
2020-12-13,0,0,0,1.764120002347461,2.2435211267605637,22.33,0.99,8.93,0.6797102587215728,4.82346221500034,0.3220000586255341,7.26729247606942,22.138119126638337,42.44022635477178,7.9,18.4,43.099999999999966,0.4448333333333333
2020-12-14,0,0,0,3.365644095755416,3.92887323943662,12.99,4.33,12.59,1.764120002347461,0.6797102587215728,4.82346221500034,5.809474356824496,22.477250411097568,37.36516604148289,6.7,23.4,33.49999999999997,0.4412916666666666
2020-12-15,1,12,1,6.4885459932935685,8.524305555555555,37.48,6.795,12.59,3.365644095755416,1.764120002347461,0.6797102587215728,11.618310091396491,18.48345802711929,36.79815889937945,3.9,18.500000000000004,30.29999999999997,0.4725416666666666
2020-12-16,1,5,0,6.8665130897667215,7.896944444444445,26.74,7.225,16.26,6.4885459932935685,3.365644095755416,1.764120002347461,16.720703178815754,24.309995713510585,41.96611664219214,1.9,12.500000000000002,31.499999999999968,0.4595416666666667
2020-12-17,0,0,0,11.064848123938807,13.433287671232875,135.26999999999998,11.43,134.48,6.8665130897667215,6.4885459932935685,3.365644095755416,24.41990720699914,35.052843778823856,52.927019621338346,1.6,7.400000000000002,32.49999999999997,0.476
2020-12-18,1,7,0,6.70794980945727,9.347260273972603,33.86,6.33,20.05,11.064848123938807,6.8665130897667215,6.4885459932935685,24.639311023162843,36.937331373280784,59.58989610434351,3.4,6.900000000000002,34.19999999999997,0.4815
2020-12-19,1,4,1,1.3245938364362446,1.342394366197183,25.65,0.0,7.7,6.70794980945727,11.064848123938807,6.8665130897667215,19.097391769832367,37.58221495099546,60.79425142129481,4.3,9.3,29.69999999999997,0.4726666666666666
2020-12-20,1,8,1,9.860797059117504,10.901780821917807,39.55,10.27,15.35,1.3245938364362446,6.70794980945727,11.064848123938807,17.893340705011063,45.67889200776551,67.81701113440391,2.6,10.3,24.399999999999967,0.470375
2020-12-21,1,4,2,4.867748953444556,4.814166666666667,30.66,2.085,15.56,9.860797059117504,1.3245938364362446,6.70794980945727,16.05313984899835,47.18099686545464,69.65824727655227,4.3,11.2,21.999999999999968,0.4798333333333333
2020-12-22,1,3,1,3.888516786005372,4.393283582089553,19.1,2.77,10.28,4.867748953444556,9.860797059117504,1.3245938364362446,18.61706279856748,44.58096765816645,63.0644256852858,3.3,10.200000000000005,21.399999999999967,0.4944583333333333
2020-12-23,0,0,0,0.1929390043908456,0.257,3.0,0.0,0.39,3.888516786005372,4.867748953444556,9.860797059117504,8.94920474384082,37.90739357279057,62.21738928630122,1.0,8.600000000000001,20.499999999999968,0.479875
2020-12-24,0,0,0,0.5106725679713139,0.7418571428571429,14.56,0.0,6.17,0.1929390043908456,3.888516786005372,4.867748953444556,4.592128358367578,27.353218016823075,62.406061795647005,1.7,6.000000000000002,20.59999999999997,0.4782083333333333
2020-12-25,0,0,0,0.1270537737246244,0.2076388888888889,4.95,0.0,2.56,0.5106725679713139,0.1929390043908456,3.888516786005372,0.8306653460868302,20.77232198109043,57.70965335437129,2.6,5.300000000000002,19.79999999999997,0.4836249999999999
2020-12-26,0,0,0,0.0844375041038957,0.1188888888888888,2.16,0.0,1.37,0.1270537737246244,0.5106725679713139,0.1929390043908456,0.7221638457998804,19.53216564875808,57.11438059975361,3.5,7.800000000000002,18.999999999999964,0.4754166666666666
2020-12-27,1,2,1,7.0000727334242745,9.461666666666666,27.75,8.09,10.5,0.0844375041038957,0.1270537737246244,0.5106725679713139,7.211564011252841,16.67144132306485,62.350333330830416,4.5,10.6,20.89999999999997,0.46925
2020-12-28,1,6,5,5.109395748943876,5.904305555555556,36.05,3.94,18.31,7.0000727334242745,0.0844375041038957,0.1270537737246244,12.193905986472092,16.913088118564172,64.09408498401888,13.2,21.200000000000003,29.79999999999997,0.4497083333333334
2020-12-29,1,40,37,16.711703280232733,25.661250000000003,99.89,20.44,25.55,5.109395748943876,7.0000727334242745,0.0844375041038957,28.82117176260093,29.736274612791533,74.31724227095805,10.2,27.9,36.69999999999997,0.479125
2020-12-30,1,5,4,5.485957330965312,7.840985915492959,92.94,1.98,11.39,16.711703280232733,5.109395748943876,7.0000727334242745,27.307056360141967,35.029292939366,72.93668651215663,2.4,25.8,38.099999999999966,0.471125
2020-12-31,1,2,1,2.540138552750133,3.1542028985507247,15.38,2.58,4.14,5.485957330965312,16.711703280232733,5.109395748943876,24.737799163948225,37.058758924144826,64.41197694096796,4.7,17.3,41.099999999999966,0.4499583333333333
2021-01-01,1,22,8,8.317831257097161,6.77875,47.13,2.955,20.6,2.540138552750133,5.485957330965312,16.711703280232733,16.343927140812653,45.24953640751736,66.02185838860785,10.5,17.6,48.99999999999997,0.487625
2021-01-02,0,0,0,4.800020991369918,2.479027777777778,24.75,1.2000000000000002,5.31,8.317831257097161,2.540138552750133,5.485957330965312,15.657990801217258,49.96511989478338,69.49728554354152,5.0,20.200000000000003,50.49999999999997,0.4922916666666666
2021-01-03,0,0,0,1.8932571529325004,1.133888888888889,16.9,0.4,10.79,4.800020991369918,8.317831257097161,2.540138552750133,15.011109401399626,44.8583043142916,61.52974563735652,3.6,19.1,49.599999999999966,0.49425
2021-01-04,0,0,0,1.0957758323407565,2.2034246575342467,130.92,0.0,130.92,1.8932571529325004,4.800020991369918,8.317831257097161,7.78905397664322,40.84468439768849,57.75777251625272,2.4,11.000000000000002,38.79999999999997,0.4911666666666667
2021-01-05,0,0,0,0.211449622366668,0.3256944444444444,3.93,0.0,2.36,1.0957758323407565,1.8932571529325004,4.800020991369918,3.2004826076399717,24.34443073982242,54.08070535261402,4.7,10.700000000000005,33.29999999999997,0.4701666666666667
2021-01-06,0,0,0,1.353110990871886,2.8795714285714284,37.73,0.4,18.1,0.211449622366668,1.0957758323407565,1.8932571529325004,2.660336445579357,20.211584399728995,55.24087733909506,4.7,11.800000000000002,35.599999999999966,0.4338333333333333
2021-01-07,0,0,0,2.4281761577795176,3.608571428571429,23.8,0.995,12.61,1.353110990871886,0.211449622366668,1.0957758323407565,3.9927367710181176,20.09962200475838,57.15838092890326,5.3,14.700000000000005,36.19999999999997,0.4217916666666666
2021-01-08,0,0,0,2.0385032483868204,3.4067605633802818,31.56,1.0,9.75,2.4281761577795176,1.353110990871886,0.211449622366668,5.81979039703827,13.820293996048038,59.069830403565454,22.5,32.5,48.19999999999997,0.4806666666666666
2021-01-09,1,1,0,2.644864405153458,2.0564285714285715,28.81,0.79,10.98,2.0385032483868204,2.4281761577795176,1.353110990871886,7.111543811319843,11.665137409831578,61.63025730461501,4.5,32.3,47.69999999999997,0.4835
2021-01-10,1,10,10,12.9503192530911,12.270142857142856,60.690000000000005,4.54,18.3,2.644864405153458,2.0385032483868204,2.4281761577795176,17.633686906631425,22.722199509990176,67.58050382428185,9.3,36.3,53.39999999999996,0.473875
2021-01-11,1,2,0,2.6696174656887632,3.261304347826087,27.38,0.6000000000000001,8.52,12.9503192530911,2.644864405153458,2.0385032483868204,18.264801123933367,24.296041143338183,65.14072554102673,2.6,16.400000000000006,53.599999999999966,0.4600833333333333
2021-01-12,1,30,8,8.003766679530829,8.621470588235294,48.82,2.665,32.31,2.6696174656887632,12.9503192530911,2.644864405153458,23.623703398310735,32.08835820050234,56.43278894032483,17.7,29.600000000000005,66.59999999999997,0.479125
2021-01-13,1,1,0,2.689313814249122,2.2764705882352945,35.13,0.2,11.21,8.003766679530829,2.6696174656887632,12.9503192530911,13.36269795946876,33.42456102387958,53.636145423608646,18.6,38.900000000000006,80.49999999999997,0.4742083333333333
2021-01-14,1,13,7,3.840122213537725,3.987941176470589,46.080000000000005,0.5,21.28,2.689313814249122,8.003766679530829,2.6696174656887632,14.533202707317722,34.836507079637784,54.93612908439623,10.0,46.3,85.19999999999997,0.45725
2021-01-15,1,10,2,11.92093336765242,12.694411764705883,51.3,7.7,7.96,3.840122213537725,2.689313814249122,8.003766679530829,18.450369395439317,44.71893719890339,58.53923119495149,13.0,41.60000000000001,75.69999999999997,0.4386666666666667
2021-01-16,0,0,0,1.2939423095282336,1.949710144927536,22.72,0.4,4.92,11.92093336765242,3.840122213537725,2.689313814249122,17.054997890718425,43.36801510327817,55.033152513109805,1.7,24.700000000000003,72.89999999999998,0.47225
2021-01-17,0,0,0,0.1505699223131144,0.2720289855072464,3.37,0.0,2.16,1.2939423095282336,11.92093336765242,3.840122213537725,13.365445599493814,30.56826577250018,53.29046528249042,0.6,15.300000000000004,64.19999999999997,0.4613333333333333
2021-01-18,0,0,0,4.740125325786897,3.224347826086957,19.96,1.76,19.96,0.1505699223131144,1.2939423095282336,11.92093336765242,6.184637557628292,32.63877363259831,56.93481477593656,6.0,8.300000000000004,67.59999999999997,0.425875
2021-01-19,1,14,3,6.481760282575313,9.375070422535211,47.93,3.8,17.37,4.740125325786897,0.1505699223131144,1.2939423095282336,11.37245553067537,31.1167672356428,63.20512543614521,12.9,19.500000000000004,62.79999999999997,0.424
2021-01-20,0,0,0,86.45241293955742,177.90585714285717,12335.56,0.0,12334.77,6.481760282575313,4.740125325786897,0.1505699223131144,97.67429854791968,114.8798663609511,148.30442738483077,2.4,21.3,46.59999999999997,0.4495833333333334
2021-01-21,1,5,1,2.858125954570896,3.323529411764706,35.97,0.0,9.54,86.45241293955742,6.481760282575313,4.740125325786897,95.79229917670368,113.89787010198428,148.7343771816221,2.0,17.300000000000004,38.599999999999966,0.4559166666666667
2021-01-22,1,1,1,1.629956773693725,2.447826086956522,20.08,0.0,6.1,2.858125954570896,86.45241293955742,6.481760282575313,90.94049566782208,103.60689350802556,148.325830706929,1.6,6.000000000000004,27.199999999999967,0.469875
2021-01-23,1,8,1,5.603008635154201,8.121428571428572,43.69,2.9000000000000004,19.34,1.629956773693725,2.858125954570896,86.45241293955742,10.091091363418863,107.91595983365154,151.28397493692975,3.5,7.100000000000003,28.999999999999968,0.4774583333333333
2021-01-24,1,5,5,5.471731452595395,6.199710144927536,35.45,2.0,11.99,5.603008635154201,1.629956773693725,2.858125954570896,12.704696861443365,113.23712136393382,143.80538713643406,4.4,9.500000000000004,32.79999999999997,0.4761249999999999
2021-01-25,1,20,11,4.129545489431805,5.95695652173913,31.73,2.37,23.16,5.471731452595395,5.603008635154201,1.629956773693725,15.204285577181444,112.62654152757874,145.2653151601771,8.8,16.700000000000003,35.599999999999966,0.475125
2021-01-26,1,2,1,6.591967561839317,8.22764705882353,38.38,4.965,38.18,4.129545489431805,5.471731452595395,5.603008635154201,16.19324450386656,112.73674880684273,143.85351604248558,22.5,35.7,45.19999999999997,0.4813333333333333
2021-01-27,0,0,0,0.7498684874279614,0.6477272727272727,13.2,0.0,0.42,6.591967561839317,4.129545489431805,5.471731452595395,11.471381538699124,27.03420435471327,141.91407071566442,0.5,31.800000000000004,43.29999999999997,0.45075
2021-01-28,1,11,5,3.841164393868295,4.655285714285714,60.21,1.1800000000000002,60.21,0.7498684874279614,6.591967561839317,4.129545489431805,11.183000443135615,28.017242794010677,141.915112895995,6.9,29.9,48.19999999999997,0.4102083333333333
2021-01-29,0,0,0,0.4394485650170752,0.4146376811594203,7.800000000000001,0.0,0.41,3.841164393868295,0.7498684874279614,6.591967561839317,5.030481446313374,26.82673458533402,130.43362809335966,0.0,7.4,46.599999999999966,0.3799583333333333
2021-01-30,0,0,0,0.1657274969634296,0.251044776119403,9.6,0.0,0.42,0.4394485650170752,3.841164393868295,0.7498684874279614,4.446340455848842,21.38945344714325,129.30541328079485,0.0,6.9,43.099999999999966,0.3462916666666666
2021-01-31,1,5,5,0.1164922256040192,0.1930882352941176,3.97,0.0,1.57,0.1657274969634296,0.4394485650170752,3.841164393868295,0.7216682875845667,16.034214220151874,129.27133558408576,1.4,1.4,40.099999999999966,0.3154583333333333
2021-02-01,1,13,3,5.028576608790245,7.770895522388059,92.2,0.8,32.08,0.1164922256040192,0.1657274969634296,0.4394485650170752,5.310796331357737,16.933245339510314,129.5597868670891,4.0,5.4,35.29999999999997,0.3108333333333333
2021-02-02,1,25,10,6.671781079541384,7.755970149253731,62.79,1.99,50.35,5.028576608790245,0.1164922256040192,0.1657274969634296,11.816849913935693,17.013058857212382,129.74980766405517,7.3,12.7,20.09999999999997,0.3419166666666666
2021-02-03,0,0,0,2.811599482754977,4.204776119402985,51.17,0.4,22.24,6.671781079541384,5.028576608790245,0.1164922256040192,14.51195717108665,19.0747898525394,46.10899420725273,0.9,12.2,20.499999999999964,0.3944166666666666
2021-02-04,0,0,0,1.2423859097727736,1.220757575757576,28.46,0.0,1.18,2.811599482754977,6.671781079541384,5.028576608790245,10.72576647206918,16.476011368443878,44.493254162454605,1.6,9.8,15.199999999999964,0.3969166666666666
2021-02-05,1,3,0,6.56556685879563,7.968805970149253,30.53,6.29,8.56,1.2423859097727736,2.811599482754977,6.671781079541384,10.619552251323425,22.602129662222428,49.4288642475565,21.9,24.4,37.099999999999966,0.445875
2021-02-06,0,0,0,0.6820268922761742,0.5341791044776121,8.200000000000001,0.0,2.25,6.56556685879563,1.2423859097727736,2.811599482754977,8.48997966084462,23.11842905753517,44.50788250467848,1.4,24.9,38.499999999999964,0.4239166666666666
2021-02-07,0,0,0,0.9790677119971296,1.1802985074626866,30.95,0.2,16.27,0.6820268922761742,6.56556685879563,1.2423859097727736,8.226661463068977,23.98100454392829,40.01521876408022,2.2,25.5,39.29999999999996,0.4139166666666666
2021-02-08,0,0,0,0.2641414008898829,0.316969696969697,6.0,0.0,0.59,0.9790677119971296,0.6820268922761742,6.56556685879563,1.9252360051632291,19.216569336027923,36.149814675538295,0.4,4.0,35.69999999999997,0.397125
2021-02-09,0,0,0,0.4508546259360158,0.1769696969696969,3.4000000000000004,0.0,1.89,0.2641414008898829,0.9790677119971296,0.6820268922761742,1.694063738823071,12.995642882422556,30.008701739634997,1.4,4.0,29.79999999999996,0.3775416666666666
2021-02-10,1,1,1,1.1967511117754144,1.7033823529411765,35.87,0.2,15.45,0.4508546259360158,0.2641414008898829,0.9790677119971296,1.911747138601356,11.380794511442993,30.45558436398245,3.3,5.1,32.19999999999996,0.38375
2021-02-11,1,12,4,7.90367612797875,8.748636363636363,46.0,5.07,22.53,1.1967511117754144,0.4508546259360158,0.2641414008898829,9.551281865690225,18.04208472964897,34.5180960980929,19.7,24.4,50.29999999999996,0.4357916666666666
2021-02-12,1,2,1,2.891800858270335,3.8776119402985074,18.92,1.97,8.58,7.90367612797875,1.1967511117754144,0.4508546259360158,11.992228098024542,14.368318729123672,36.97044839134616,9.7,32.7,38.099999999999966,0.4870416666666666
2021-02-13,1,8,5,10.976332891376131,16.745970149253733,67.35,14.17,46.37,2.891800858270335,7.90367612797875,1.1967511117754144,21.77180987762526,24.66262472822363,47.781053785758864,10.7,40.1,47.39999999999996,0.4772083333333333
2021-02-14,1,1,0,1.3874667150185254,1.392686567164179,17.16,0.2,0.82,10.976332891376131,2.891800858270335,7.90367612797875,15.255600464665036,25.071023731245027,49.05202827517337,0.0,20.4,45.19999999999996,0.4328749999999999
2021-02-15,0,0,0,0.750994895241973,0.7653030303030304,7.2,0.0,3.74,1.3874667150185254,10.976332891376131,2.891800858270335,13.114794501636672,25.55787722559712,44.7744465616251,1.5,12.2,46.29999999999996,0.4582083333333333
2021-02-16,1,6,0,5.596254863331152,8.19530303030303,32.87,5.845000000000001,13.03,0.750994895241973,1.3874667150185254,10.976332891376131,7.734716473591693,30.70327746299225,43.69892034541486,0.6,2.1,45.499999999999964,0.4457916666666666
2021-02-17,1,53,34,10.156365301025332,14.64313432835821,51.94,8.4,17.49,5.596254863331152,0.750994895241973,1.3874667150185254,16.5036150595985,39.662891652242166,51.04368616368522,3.6,5.7,45.79999999999996,0.4395833333333334
2021-02-18,1,1,0,5.145603659538844,6.92820895522388,58.95,1.6,58.95,10.156365301025332,5.596254863331152,0.750994895241973,20.898223823895368,36.90481918380227,54.94690391345129,2.0,6.2,28.09999999999996,0.4785416666666666
2021-02-19,0,0,0,1.854461353428196,1.7492537313432837,31.130000000000003,0.0,6.71,5.145603659538844,10.156365301025332,5.596254863331152,17.156430313992413,35.86747967896012,50.23579840808385,0.2,5.800000000000001,18.59999999999996,0.4675
2021-02-20,0,0,0,0.5107052862821102,0.4484615384615384,9.51,0.0,0.84,1.854461353428196,5.145603659538844,10.156365301025332,7.510770299249192,25.401852073866102,50.06447680208979,0.3,2.5,8.199999999999964,0.452625
2021-02-21,0,0,0,0.4972457860768445,0.2666666666666666,4.4,0.0,1.81,0.5107052862821102,1.854461353428196,5.145603659538844,2.862412425787193,24.511631144924426,49.58265487616951,0.6,1.1,8.799999999999965,0.4549583333333333
2021-02-22,0,0,0,0.3527885289554647,0.3877272727272727,15.19,0.0,5.32,0.4972457860768445,0.5107052862821102,1.854461353428196,1.360739601314462,24.113424778637917,49.67130200423509,0.7,1.6,7.9999999999999645,0.4433333333333333
2021-02-23,0,0,0,0.2999108574074917,0.0847058823529411,2.17,0.0,1.57,0.3527885289554647,0.4972457860768445,0.5107052862821102,1.1499451724398435,18.817080772714256,49.52035823570656,0.0,1.2999999999999998,7.399999999999965,0.410875
2021-02-24,1,18,3,10.13344628918005,11.830909090909092,61.02,6.785,13.22,0.2999108574074917,0.3527885289554647,0.4972457860768445,10.786145675543048,18.79416176086897,58.4570534131112,2.4,3.1,6.199999999999964,0.4062083333333333
2021-02-25,1,12,1,6.656643052434028,9.87765625,52.58,5.365,28.25,10.13344628918005,0.2999108574074917,0.3527885289554647,17.09000019902161,20.30520115376416,57.21002033756648,12.9,15.3,17.099999999999966,0.4777083333333333
2021-02-26,1,10,0,8.387116265907645,10.73741935483871,62.95,5.7700000000000005,15.56,6.656643052434028,10.13344628918005,0.2999108574074917,25.177205607521763,26.837856066243607,62.70533574520378,24.4,39.7,41.29999999999997,0.475125
2021-02-27,1,8,4,7.638099059841913,10.73671875,45.02,5.45,15.28,8.387116265907645,6.656643052434028,10.13344628918005,22.681858378183627,33.965249839803406,59.36710191366957,18.6,55.900000000000006,59.599999999999966,0.4540833333333333
2021-02-28,1,5,3,5.702408572542037,6.499846153846154,24.3,5.2,6.31,7.638099059841913,8.387116265907645,6.656643052434028,21.72762389829164,39.1704126262686,63.68204377119308,13.5,56.5,72.49999999999997,0.4611666666666666
2021-03-01,1,4,1,3.2610007808813912,3.899206349206349,34.54,0.2,9.55,5.702408572542037,7.638099059841913,8.387116265907645,16.601508413265385,42.078624878194525,66.1920496568325,1.1,33.2,72.89999999999996,0.4560833333333333
2021-03-02,1,4,1,1.6100012470288778,2.07296875,22.63,0.0,11.79,3.2610007808813912,5.702408572542037,7.638099059841913,10.573410600452348,43.38871526781592,62.205796040530224,0.6,15.2,73.49999999999997,0.4227083333333333
2021-03-03,1,2,0,3.896295355265012,4.06890625,23.62,0.2,14.06,1.6100012470288778,3.2610007808813912,5.702408572542037,8.767297383175324,37.15156433390088,55.94572609476991,0.3,2.0,71.39999999999996,0.3912916666666666
2021-03-04,0,0,0,1117.7398013538525,1714.2784615384617,111172.18,1.39,111172.18,3.896295355265012,1.6100012470288778,3.2610007808813912,1123.2460979561463,1148.2347226353193,1168.5399237890836,5.1,6.0,63.599999999999966,0.373375
2021-03-05,0,0,0,1.426060905083207,1.25578125,9.19,0.2,8.74,1117.7398013538525,3.896295355265012,1.6100012470288778,1123.062157614201,1141.2736672744948,1168.1115233407386,4.9,10.3,44.099999999999966,0.403125
2021-03-06,1,13,2,22.178279464448455,22.91888888888889,53.34,24.78,19.14,1.426060905083207,1117.7398013538525,3.896295355265012,1141.3441417233844,1155.8138476791014,1189.779097518905,23.3,33.3,48.79999999999997,0.4875
2021-03-07,1,11,2,11.26402030167232,10.705396825396829,43.51,7.93,18.11,22.178279464448455,1.426060905083207,1117.7398013538525,34.868360671204215,1161.3754594082318,1200.5458720345005,15.4,43.6,50.69999999999997,0.4648333333333334
2021-03-08,1,2,2,2.40067982592342,2.957936507936508,39.43,0.4,13.42,11.26402030167232,22.178279464448455,1.426060905083207,35.84297959204443,1160.5151384532735,1202.5937633314684,4.5,43.2,54.099999999999966,0.4669583333333333
2021-03-09,1,1,1,2.6419671136807694,3.8012307692307696,34.74,1.18,9.96,2.40067982592342,11.26402030167232,22.178279464448455,16.306667241276735,1161.5471043199254,1204.9358195877417,0.0,19.9,53.499999999999964,0.4469583333333333
2021-03-10,0,0,0,1.3934522881642848,1.368125,31.45,0.0,28.8,2.6419671136807694,2.40067982592342,11.26402030167232,6.436099227768702,1159.0442612528248,1196.195825586726,0.5,5.0,53.69999999999997,0.4549166666666667
2021-03-11,1,2,1,3.6089813456940334,4.564769230769231,33.81,1.2000000000000002,17.07,1.3934522881642848,2.6419671136807694,2.40067982592342,7.644400747539315,44.91344124466627,1193.148163879986,2.9,3.4,51.499999999999964,0.4320416666666666
2021-03-12,0,0,0,0.8997296800704817,0.8039682539682541,10.97,0.2,1.18,3.6089813456940334,1.3934522881642848,2.6419671136807694,5.902163313929028,44.38711001965354,1185.6607772941488,1.1,4.5,47.69999999999997,0.4195416666666666
2021-03-13,0,0,0,0.231219260525901,0.296875,8.4,0.0,0.2,0.8997296800704817,3.6089813456940334,1.3934522881642848,4.739930286290644,22.440049815730983,1178.2538974948327,0.0,4.0,24.39999999999997,0.4092083333333333
2021-03-14,0,0,0,1.1611431747242542,1.5809375,16.3,0.0,4.53,0.231219260525901,0.8997296800704817,3.6089813456940334,2.292092115320864,12.337172688782918,1173.7126320970149,0.8,1.9,9.799999999999969,0.4032916666666666
2021-03-15,0,0,0,0.2560267454558225,0.31828125,6.17,0.0,0.39,1.1611431747242542,0.231219260525901,0.8997296800704817,1.6483891807062052,10.19251960831532,1170.7076580615892,1.4,2.2,6.699999999999968,0.3939166666666667
2021-03-16,0,0,0,0.068120198983021,0.093125,1.96,0.0,1.57,0.2560267454558225,1.1611431747242542,0.231219260525901,1.4852901191633252,7.618672693617572,1169.1657770135434,0.8,3.0,7.499999999999968,0.3781666666666667
2021-03-17,1,12,4,1.9755473680235789,1.2236507936507937,22.62,0.0,12.2,0.068120198983021,0.2560267454558225,1.1611431747242542,2.2996943124626497,8.200767773476866,1167.245029026302,0.2,2.4000000000000004,7.199999999999968,0.3650833333333333
2021-03-18,1,19,10,8.811982499470572,7.900476190476191,39.71,5.390000000000001,9.57,1.9755473680235789,0.068120198983021,0.2560267454558225,10.855650066477398,13.403768927253404,58.31721017192013,0.7,1.7,4.999999999999968,0.3871666666666666
2021-03-19,1,22,15,6.400410940019471,6.602539682539683,49.93,1.8,17.07,8.811982499470572,1.9755473680235789,0.068120198983021,17.18794080751385,18.904450187202396,63.29156020685639,15.1,16.0,18.999999999999968,0.4472916666666666
2021-03-20,0,0,0,0.6074339092358612,0.6559375000000001,7.800000000000001,0.0,2.76,6.400410940019471,8.811982499470572,1.9755473680235789,15.819827348726132,19.280664835912354,41.72071465164379,0.8,16.6,19.799999999999965,0.4642083333333333
2021-03-21,0,0,0,0.2381424276950201,0.275,12.4,0.0,0.2,0.6074339092358612,6.400410940019471,8.811982499470572,7.245987276950581,18.35766408888312,30.69483677766649,0.0,15.9,18.999999999999964,0.4300833333333334
2021-03-22,1,1,0,0.7552964765021204,0.8983636363636365,40.21,0.0,11.19,0.2381424276950201,0.6074339092358612,6.400410940019471,1.6008728134332308,18.856933819929417,29.049453428245197,0.1,0.9,17.699999999999967,0.3994166666666667
2021-03-23,0,0,0,0.0953262007252214,0.1049180327868852,4.0,0.0,0.2,0.7552964765021204,0.2381424276950201,0.6074339092358612,1.0887651049225913,18.88413982167162,26.502812515289644,0.0,0.1,16.899999999999967,0.3814166666666667
2021-03-24,1,1,1,0.0398401981707857,0.0333333333333333,0.6000000000000001,0.0,0.2,0.0953262007252214,0.7552964765021204,0.2381424276950201,0.8904628753983568,16.948432651818823,25.149200425296144,0.1,0.2,16.79999999999997,0.36925
2021-03-25,0,0,0,0.0075320737167289,0.0115384615384615,0.4,0.0,0.2,0.0398401981707857,0.0953262007252214,0.7552964765021204,0.1426984726129653,8.143982226064981,21.54775115331884,0.3,0.4,16.399999999999967,0.366125
2021-03-26,0,0,0,0.7556703153287219,0.7528125,10.91,0.0,8.94,0.0075320737167289,0.0398401981707857,0.0953262007252214,0.8030425872164657,2.499241601374232,21.40369178857708,0.0,0.3999999999999999,1.2999999999999663,0.3465416666666667
2021-03-27,0,0,0,0.5873666128220171,0.5184375,7.26,0.0,3.15,0.7556703153287219,0.0075320737167289,0.0398401981707857,1.350569001867697,2.479174304960388,21.7598391408732,0.0,0.2999999999999999,0.4999999999999662,0.3178333333333333
2021-03-28,1,5,3,9.76695600480497,11.147301587301587,108.48,3.2,22.33,0.5873666128220171,0.7556703153287219,0.0075320737167289,11.109992932955937,12.007987882070337,30.365651970953916,2.9,2.9,3.399999999999966,0.29025
2021-03-29,1,2,1,0.9934212422248752,1.433968253968254,33.18,0.0,2.95,9.76695600480497,0.5873666128220171,0.7556703153287219,11.34774385985209,12.24611264779309,31.103046467722965,14.6,17.5,17.899999999999967,0.2830416666666667
2021-03-30,1,2,0,4.933740150081665,5.5596875,21.62,4.035,8.6,0.9934212422248752,9.76695600480497,0.5873666128220171,15.69411739711174,17.084526597149534,35.96866641882161,10.9,28.4,28.799999999999965,0.3130833333333333
2021-03-31,0,0,0,1.0501692116867851,1.0476190476190477,12.0,0.2,1.4,4.933740150081665,0.9934212422248752,9.76695600480497,6.977330603993554,18.094855610665533,35.043288262484815,2.6,28.1,31.299999999999965,0.3680416666666666
2021-04-01,0,0,0,0.3902180539844365,0.517258064516129,12.2,0.0,1.18,1.0501692116867851,4.933740150081665,0.9934212422248752,6.374127415753116,18.47754159093324,26.62152381699868,0.0,13.5,30.999999999999968,0.351375
2021-04-02,0,0,0,0.9181713013791676,1.0933846153846154,22.41,0.2,0.79,0.3902180539844365,1.0501692116867851,4.933740150081665,2.3585585670506184,18.64004257698369,21.139284178358377,0.2,2.8000000000000003,31.199999999999967,0.32725
2021-04-03,0,0,0,0.2427730832273183,0.3046969696969697,12.05,0.0,1.18,0.9181713013791676,0.3902180539844365,1.0501692116867851,1.5511624385911515,18.29544904738899,20.77462335234983,0.1,0.3,31.299999999999965,0.3033333333333333
2021-04-04,0,0,0,0.0405085555159037,0.0454545454545454,2.2,0.0,0.2,0.2427730832273183,0.9181713013791676,0.3902180539844365,1.2014529401226188,8.569001598099923,20.57698948017072,0.6,0.9,28.999999999999964,0.2932499999999999
2021-04-05,0,0,0,0.072407047330395,0.1137313432835821,2.2,0.0,1.24,0.0405085555159037,0.2427730832273183,0.9181713013791676,0.3556886860738462,7.647987403205444,19.894100050998997,0.0,0.7,14.399999999999968,0.2944583333333333
2021-04-06,1,7,0,7.532568626507805,10.386470588235294,45.99,9.93,12.4,0.072407047330395,0.0405085555159037,0.2427730832273183,7.645484229354333,10.246815879631583,27.33134247678157,13.1,13.7,16.599999999999966,0.3328333333333333
2021-04-07,0,0,0,1.9974147824749595,2.2901470588235298,15.73,0.2,7.76,7.532568626507805,0.072407047330395,0.0405085555159037,9.602390456313389,11.194061450419758,29.28891706108575,1.8,14.9,15.799999999999969,0.4287916666666667
2021-04-08,0,0,0,0.4495328314881033,0.4970588235294118,10.2,0.0,0.2,1.9974147824749595,7.532568626507805,0.072407047330395,9.979516240471096,11.253376227923424,29.73091781885712,0.0,14.9,15.799999999999969,0.3991666666666666
2021-04-09,0,0,0,0.0849996137775604,0.1,3.2,0.0,0.2,0.4495328314881033,1.9974147824749595,7.532568626507805,2.531947227740853,10.420204540321818,29.06024711730596,0.0,1.8,15.599999999999966,0.3577916666666667
2021-04-10,0,0,0,0.0363643153902228,0.0425373134328358,1.45,0.0,1.05,0.0849996137775604,0.4495328314881033,1.9974147824749595,0.5708967606561157,10.213795772484724,28.50924481987417,0.0,0.0,15.499999999999966,0.32
2021-04-11,0,0,0,0.002231565575407,0.0029850746268656,0.2,0.0,0.2,0.0363643153902228,0.0849996137775604,0.4495328314881033,0.1235954947434194,10.175518782544223,18.7445203806446,0.0,0.0,14.899999999999968,0.284125
2021-04-12,0,0,0,0.0022644773392161,0.003030303030303,0.2,0.0,0.2,0.002231565575407,0.0363643153902228,0.0849996137775604,0.0408603583050751,10.105376212553049,17.753363615758946,0.6,0.6,15.499999999999966,0.2542916666666666
2021-04-13,0,0,0,0.2063184880981654,0.2571212121212121,1.8,0.0,0.39,0.0022644773392161,0.002231565575407,0.0363643153902228,0.2108145310130177,2.779126074143407,13.025941953775448,2.9,3.5,5.299999999999966,0.2665
2021-04-14,0,0,0,0.0618194079798109,0.0996969696969697,1.2000000000000002,0.0,0.39,0.2063184880981654,0.0022644773392161,0.002231565575407,0.2704023734174216,0.8435306996482588,12.037592150068471,0.0,3.5,3.4999999999999662,0.2657083333333334
2021-04-15,0,0,0,0.0,0.0,0.0,0.0,0.0,0.0618194079798109,0.2063184880981654,0.0022644773392161,0.2681378960782055,0.3939978681601555,11.647374096084034,0.3,3.2,3.799999999999966,0.2460416666666667
2021-04-16,0,0,0,0.0022856161498169,0.003030303030303,0.2,0.0,0.2,0.0,0.0618194079798109,0.2063184880981654,0.0641050241298571,0.311283870532412,10.731488410854684,0.0,0.3,3.799999999999966,0.2290416666666666
2021-04-17,1,2,2,1.977191917766248,2.5471212121212123,16.13,0.6950000000000001,5.12,0.0022856161498169,0.0,0.0618194079798109,1.9794775339162944,2.252111472908437,12.465907245393614,2.8,3.1,6.599999999999966,0.2215416666666666
2021-04-18,1,7,0,16.272681497099946,15.523432835820897,54.98,16.86,27.48,1.977191917766248,0.0022856161498169,0.0,18.25215903101624,18.522561404432977,28.698080186977656,18.8,21.6,25.399999999999967,0.26225
2021-04-19,0,0,0,2.854886747838268,2.433582089552239,18.43,1.39,1.37,16.272681497099946,1.977191917766248,0.0022856161498169,21.104760162704693,21.37518367493203,31.48055988748553,1.4,23.0,26.199999999999964,0.288
2021-04-20,0,0,0,2.551615470479748,3.1294117647058823,25.12,2.28,20.77,2.854886747838268,16.272681497099946,1.977191917766248,21.67918371541819,23.720480657313608,26.49960673145747,3.0,23.2,26.299999999999965,0.3274166666666666
2021-04-21,0,0,0,0.8240212514862426,1.0535820895522388,9.0,0.4,1.96,2.551615470479748,2.854886747838268,16.272681497099946,6.2305234698044885,24.482682500820044,25.326213200468757,3.8,8.2,30.09999999999997,0.3739999999999999
2021-04-22,0,0,0,1.1539074417307007,1.2673134328358209,12.6,0.6000000000000001,1.96,0.8240212514862426,2.551615470479748,2.854886747838268,4.529544163696922,25.636589942550746,26.030587810711356,2.4,9.2,32.19999999999997,0.4404583333333333
2021-04-23,0,0,0,0.1054292377465149,0.1065151515151515,1.6,0.0,0.63,1.1539074417307007,0.8240212514862426,2.551615470479748,2.083357930963689,25.73973356414744,26.051017434680304,0.0,6.199999999999999,32.19999999999997,0.4172916666666666
2021-04-24,0,0,0,0.0419554281648245,0.0424242424242424,1.6,0.0,0.2,0.1054292377465149,1.1539074417307007,0.8240212514862426,1.301292107642271,23.804497074546017,26.056608547454907,0.0,2.4,29.39999999999997,0.38
2021-04-25,0,0,0,0.0534744069766241,0.0837878787878787,4.33,0.0,1.37,0.0419554281648245,0.1054292377465149,1.1539074417307007,0.2008590728881945,7.585289984422695,26.107851388856123,0.0,0.0,10.599999999999964,0.3460416666666666
2021-04-26,0,0,0,1.062671861930507,1.0136363636363637,6.699999999999999,0.3,5.12,0.0534744069766241,0.0419554281648245,0.1054292377465149,1.1581016970721865,5.793075098514935,27.168258773447413,2.4,2.4,11.599999999999964,0.334375
2021-04-27,0,0,0,0.1799107934775202,0.2690909090909091,2.99,0.0,0.39,1.062671861930507,0.0534744069766241,0.0419554281648245,1.2960570623848822,3.4213704215127065,27.14185107882677,1.4,3.8,9.999999999999964,0.3671666666666666
2021-04-28,0,0,0,0.0528412125408935,0.0952238805970149,4.58,0.0,1.2,0.1799107934775202,1.062671861930507,0.0534744069766241,1.2954238679491517,2.6501903825673576,27.13287288338785,0.3,4.1,6.4999999999999645,0.3589583333333333
2021-04-29,0,0,0,0.1723316990724304,0.1625757575757576,1.39,0.0,0.79,0.0528412125408935,0.1799107934775202,1.062671861930507,0.4050837050910751,1.668614639909087,27.305204582460284,1.1,2.8,5.199999999999965,0.3506666666666667
2021-04-30,0,0,0,0.1129650299564453,0.1563636363636363,2.37,0.0,0.59,0.1723316990724304,0.0528412125408935,0.1799107934775202,0.3381379415700003,1.6761504321190177,27.415883996266917,0.0,1.4,5.199999999999965,0.3427916666666666
2021-05-01,0,0,0,0.0,0.0,0.0,0.0,0.0,0.1129650299564453,0.1723316990724304,0.0528412125408935,0.2852967290291067,1.6341950039541933,25.438692078500665,0.0,1.1,5.199999999999965,0.3207916666666666
2021-05-02,0,0,0,0.0030719892128561,0.003030303030303,0.2,0.0,0.2,0.0,0.1129650299564453,0.1723316990724304,0.1160370191695324,1.5837925861904254,9.169082570613575,0.0,0.0,5.199999999999965,0.2935833333333333
2021-05-03,0,0,0,0.0012948622317249,0.0029850746268656,0.2,0.0,0.2,0.0030719892128561,0.0,0.1129650299564453,0.004366851444812,0.5224155864916434,6.315490685007033,0.0,0.0,2.7999999999999643,0.2679166666666667
2021-05-04,0,0,0,0.004092674136994,0.006060606060606,0.2,0.0,0.2,0.0012948622317249,0.0030719892128561,0.0,0.0084595255818061,0.3465974671511172,3.767967888664279,0.0,0.0,1.3999999999999646,0.2426666666666666
2021-05-05,0,0,0,0.0,0.0,0.0,0.0,0.0,0.004092674136994,0.0012948622317249,0.0030719892128561,0.0053875363689499,0.2937562546102237,2.943946637178036,0.0,0.0,1.0999999999999646,0.2197916666666667
2021-05-06,0,0,0,0.0,0.0,0.0,0.0,0.0,0.0,0.004092674136994,0.0012948622317249,0.0040926741372249,0.1214245555377932,1.7900391954473354,0.3,0.3,0.2999999999999644,0.2002916666666666
2021-05-07,0,0,0,0.1183413706574873,0.1913846153846154,2.6,0.0,1.05,0.0,0.0,0.004092674136994,0.1183413706577182,0.1268008962388351,1.802951328358308,2.7,3.0,2.9999999999999645,0.2197916666666667
2021-05-08,0,0,0,0.0779188331868895,0.1333333333333333,2.6,0.0,0.2,0.1183413706574873,0.0,0.0,0.1962602038446077,0.2047197294257247,1.8389147333803728,0.5,3.5,3.4999999999999645,0.256875
2021-05-09,0,0,0,0.0012062617171785,0.003030303030303,0.2,0.0,0.2,0.0779188331868895,0.1183413706574873,0.0,0.1974664655617862,0.202854001930047,1.786646588120927,0.0,3.2,3.4999999999999645,0.2556666666666666
2021-05-10,0,0,0,0.0,0.0,0.0,0.0,0.0,0.0012062617171785,0.0779188331868895,0.1183413706574873,0.0791250949042989,0.201559139698322,0.7239747261904202,0.0,0.5,3.4999999999999645,0.2391666666666666
2021-05-11,0,0,0,0.0,0.0,0.0,0.0,0.0,0.0,0.0012062617171785,0.0779188331868895,0.0012062617174094,0.197466465561328,0.5440639327129,0.0,0.0,3.4999999999999645,0.2182499999999999
2021-05-12,0,0,0,9.033903729702333,9.672923076923077,24.19,9.84,2.75,0.0,0.0,0.0012062617171785,9.033903729702564,9.23137019526366,9.52512644987434,10.9,10.9,14.399999999999965,0.2617916666666666
2021-05-13,1,6,3,10.8634687319181,11.8678125,25.23,12.81,1.77,9.033903729702333,0.0,0.0,19.897372461620662,20.09483892718176,20.21626348272001,4.4,15.3,18.499999999999964,0.47
2021-05-14,0,0,0,0.6587704320159647,0.644375,11.64,0.0,4.42,10.8634687319181,9.033903729702333,0.0,20.55614289363663,20.63526798854024,20.762068884779527,0.1,15.4,15.899999999999965,0.4369166666666667
2021-05-15,0,0,0,0.7950741829756971,0.9730769230769232,46.27,0.0,12.12,0.6587704320159647,10.8634687319181,9.033903729702333,12.317313346909993,21.352423338329046,21.557143067755227,2.7,7.200000000000001,18.09999999999997,0.4195
2021-05-16,0,0,0,0.6744884446603642,0.8338461538461539,46.2,0.0,4.33,0.7950741829756971,0.6587704320159647,10.8634687319181,2.128333059652257,22.025705521272236,22.228559523202733,0.0,2.8000000000000003,18.09999999999997,0.410125
2021-05-17,0,0,0,0.7954983581151848,0.8726153846153846,51.72,0.0,4.72,0.6744884446603642,0.7950741829756971,0.6587704320159647,2.265060985751477,22.82120387938742,23.02276301908619,0.0,2.7,18.09999999999997,0.3915833333333333
2021-05-18,0,0,0,0.4107985907340805,0.4812307692307692,29.68,0.0,4.75,0.7954983581151848,0.6744884446603642,0.7950741829756971,1.8807853935098604,23.2320024701215,23.42946893568328,0.6,0.6,18.699999999999964,0.3801666666666667
2021-05-19,0,0,0,0.0374456817967761,0.0433846153846153,1.62,0.0,0.42,0.4107985907340805,0.7954983581151848,0.6744884446603642,1.2437426306462724,14.23554442221594,23.466914617480057,0.0,0.6,7.799999999999965,0.3707916666666666
2021-05-20,0,0,0,0.0494664790120714,0.0587692307692307,2.4200000000000004,0.0,2.22,0.0374456817967761,0.4107985907340805,0.7954983581151848,0.497710751543159,3.4215421693099115,23.51638109649213,0.0,0.6,3.399999999999965,0.3446666666666667
2021-05-21,0,0,0,0.0133278560762605,0.0153846153846153,0.4,0.0,0.2,0.0494664790120714,0.0374456817967761,0.4107985907340805,0.1002400168853391,2.776099593370207,23.4113675819109,0.0,0.0,3.2999999999999647,0.3205833333333333
2021-05-22,0,0,0,5.315111244407104,5.308412698412699,9.24,6.2,1.57,0.0133278560762605,0.0494664790120714,0.0374456817967761,5.377905579495668,7.296136654801614,28.64855999313112,11.5,11.5,12.099999999999964,0.3005
2021-05-23,1,1,0,0.2706070826061956,0.2492307692307692,3.0,0.0,0.2,5.315111244407104,0.0133278560762605,0.0494664790120714,5.599046183089792,6.892255292747446,28.91796081402013,0.0,11.5,12.099999999999964,0.3002916666666667
2021-05-24,0,0,0,0.0199247137303327,0.0215384615384615,0.8,0.0,0.2,0.2706070826061956,5.315111244407104,0.0133278560762605,5.605643040743864,6.1166816483625945,28.937885527750463,0.0,11.5,12.099999999999964,0.3029583333333333
2021-05-25,0,0,0,0.0136309187503237,0.0153846153846153,0.6000000000000001,0.0,0.2,0.0199247137303327,0.2706070826061956,5.315111244407104,0.3041627150870831,5.7195139763788365,28.951516446500783,0.0,0.0,11.499999999999964,0.2824166666666666
2021-05-26,0,0,0,0.0075558501918885,0.0121212121212121,0.6000000000000001,0.0,0.2,0.0136309187503237,0.0199247137303327,0.2706070826061956,0.041111482672776,5.6896241447739495,19.925168566990344,0.0,0.0,11.499999999999964,0.2649583333333333
2021-05-27,0,0,0,0.0,0.0,0.0,0.0,0.0,0.0075558501918885,0.0136309187503237,0.0199247137303327,0.0211867689424432,5.640157665761878,9.061699835072243,0.0,0.0,11.499999999999964,0.2477916666666666
2021-05-28,0,0,0,0.0,0.0,0.0,0.0,0.0,0.0,0.0075558501918885,0.0136309187503237,0.0075558501921195,5.626829809685618,8.40292940305628,0.0,0.0,11.499999999999964,0.230375
2021-05-29,0,0,0,0.9723649360966,0.9443076923076924,4.73,0.4,3.94,0.0,0.0,0.0075558501918885,0.9723649360968312,1.2840835013751135,8.580220156177182,0.4,0.4,0.3999999999999645,0.2110416666666666
2021-05-30,0,0,0,3.4281881637311398,3.091111111111111,10.07,2.56,4.53,0.9723649360966,0.0,0.0,4.40055309982797,4.441664582500057,11.333919875247958,0.8,1.2000000000000002,1.1999999999999649,0.2340833333333333
2021-05-31,0,0,0,2.441088494738093,2.578615384615385,10.0,2.3600000000000003,2.17,3.4281881637311398,0.9723649360966,0.0,6.841641594566063,6.862828363507817,12.979510011870868,1.3,2.5,2.4999999999999645,0.3748333333333333
2021-06-01,0,0,0,0.3831234114702818,0.3101538461538461,4.4,0.0,0.98,2.441088494738093,3.4281881637311398,0.9723649360966,6.252400069939745,7.232320856227776,12.951834832607068,0.0,2.1,2.4999999999999645,0.3930833333333334
2021-06-02,0,0,0,0.3128040502626376,0.3061538461538461,12.3,0.0,2.17,0.3831234114702818,2.441088494738093,3.4281881637311398,3.1370159564712434,7.5375690562985245,13.227193201072929,0.0,1.2999999999999998,2.4999999999999645,0.3674166666666666
2021-06-03,0,0,0,0.1532525599713197,0.2316923076923077,8.11,0.0,4.96,0.3128040502626376,0.3831234114702818,2.441088494738093,0.8491800217044702,7.690821616269844,13.330979282032178,0.0,0.0,2.4999999999999645,0.34175
2021-06-04,0,0,0,0.0062372136411517,0.0061538461538461,0.2,0.0,0.2,0.1532525599713197,0.3128040502626376,0.3831234114702818,0.4722938238753401,7.697058829910996,13.323888639597069,0.0,0.0,2.4999999999999645,0.3204166666666667
2021-06-05,0,0,0,0.0093581455236776,0.0064615384615384,0.42,0.0,0.42,0.0062372136411517,0.1532525599713197,0.3128040502626376,0.1688479191363801,6.734052039338073,8.018135540713642,0.0,0.0,2.099999999999965,0.2977916666666666
2021-06-06,0,0,0,0.0,0.0,0.0,0.0,0.0,0.0093581455236776,0.0062372136411517,0.1532525599713197,0.0155953591650603,3.305863875606934,7.747528458107446,0.1,0.1,1.3999999999999644,0.2773333333333333
2021-06-07,0,0,0,1.9705396169245872,1.9696875,8.58,1.2950000000000002,7.59,0.0,0.0093581455236776,0.0062372136411517,1.979897762448496,2.8353149977934287,9.6981433613017,2.9,3.0,2.9999999999999645,0.2949583333333334
2021-06-08,0,0,0,0.9496758927965624,1.0025000000000002,3.2,0.8,0.59,1.9705396169245872,0.0,0.0093581455236776,2.9202155097213804,3.401867479119709,10.63418833534794,1.3,4.3,4.299999999999964,0.347875
2021-06-09,0,0,0,0.0429488008350302,0.05,0.8,0.0,0.2,0.9496758927965624,1.9705396169245872,0.0,2.9631643105564107,3.1320122296921014,10.669581285991082,0.2,4.4,4.4999999999999645,0.3425416666666667
2021-06-10,0,0,0,0.4907949822282242,0.5303174603174604,1.6,0.4,0.42,0.0429488008350302,0.9496758927965624,1.9705396169245872,1.4834196758600475,3.469554651949006,11.160376268219306,6.6,8.1,11.099999999999964,0.3387916666666666
2021-06-11,0,0,0,1.1900609546048766,1.1774603174603175,2.97,1.2000000000000002,0.8,0.4907949822282242,0.0429488008350302,0.9496758927965624,1.723804737668362,4.653378392912731,12.350437222824182,3.3,10.1,14.399999999999965,0.378625
2021-06-12,0,0,0,0.0171883895208045,0.028125,0.6000000000000001,0.0,0.2,1.1900609546048766,0.4907949822282242,0.0429488008350302,1.6980443263541365,4.6612086369098575,11.395260676248387,0.0,9.9,14.399999999999965,0.3764583333333333
2021-06-13,0,0,0,0.0130602279017094,0.025,0.4,0.0,0.2,0.0171883895208045,1.1900609546048766,0.4907949822282242,1.2203095720276216,4.674268864811567,7.980132740418956,0.0,3.3,14.299999999999963,0.3617916666666667
2021-06-14,0,0,0,0.0071872265851494,0.0095238095238095,0.4,0.0,0.2,0.0130602279017094,0.0171883895208045,1.1900609546048766,0.0374358440078944,2.7109164744721297,5.546231472266013,0.0,0.0,11.399999999999965,0.3415833333333333
2021-06-15,0,0,0,0.0114584074224251,0.0219047619047619,1.38,0.0,0.59,0.0071872265851494,0.0130602279017094,0.0171883895208045,0.0317058619095149,1.7726989890979925,5.174566468218155,0.0,0.0,10.099999999999962,0.32125
2021-06-16,0,0,0,0.080204300946774,0.08671875,4.5600000000000005,0.0,1.58,0.0114584074224251,0.0071872265851494,0.0130602279017094,0.0988499349545796,1.809954489209736,4.941966718902292,0.1,0.1,9.999999999999964,0.3071666666666666
2021-06-17,0,0,0,0.7246350132708809,0.8282539682539682,4.95,0.59,1.18,0.080204300946774,0.0114584074224251,0.0071872265851494,0.816297721640311,2.043794520252393,5.513349172201854,0.3,0.4,3.699999999999964,0.3214166666666667
2021-06-18,0,0,0,0.025315553820734,0.0446031746031746,2.61,0.0,0.6,0.7246350132708809,0.080204300946774,0.0114584074224251,0.8301548680386199,0.8790491194682503,5.532427512381435,0.0,0.3999999999999999,0.3999999999999645,0.3191666666666666
2021-06-19,0,0,0,0.1153771714266771,0.1954838709677419,3.16,0.0,0.79,0.025315553820734,0.7246350132708809,0.080204300946774,0.865327738518523,0.9772379013741228,5.638446538284436,0.7,1.0,1.0999999999999646,0.3629583333333333
2021-06-20,0,0,0,0.3033096965761753,0.3936507936507936,1.2000000000000002,0.4,0.2,0.1153771714266771,0.025315553820734,0.7246350132708809,0.4440024218238174,1.2674873700485887,5.941756234860611,1.3,2.0,2.3999999999999644,0.3814166666666667
2021-06-21,0,0,0,0.3702968976955657,0.4268253968253968,2.61,0.2,1.58,0.3033096965761753,0.1153771714266771,0.025315553820734,0.7889837656986491,1.630597041159005,4.341513515631589,1.5,3.5,3.899999999999965,0.366625
2021-06-22,1,1,0,3.938163157175184,4.006129032258064,16.15,4.55,1.97,0.3702968976955657,0.3033096965761753,0.1153771714266771,4.611769751447156,5.557301790911764,7.330000780010211,5.1,7.899999999999999,8.999999999999964,0.4200416666666666
2021-06-23,0,0,0,0.274117689206607,0.3523809523809524,5.0,0.2,0.2,3.938163157175184,0.3702968976955657,0.3033096965761753,4.5825777440775886,5.751215179171597,7.561169668381788,0.2,6.8,9.099999999999964,0.4135833333333333
2021-06-24,0,0,0,0.046003476754686,0.0571428571428571,1.2000000000000002,0.0,0.2,0.274117689206607,3.938163157175184,0.3702968976955657,4.258284323136709,5.0725836426554025,7.11637816290825,0.0,5.3,8.799999999999963,0.3922916666666667
2021-06-25,0,0,0,0.060568412969196,0.0590625,2.36,0.0,1.18,0.046003476754686,0.274117689206607,3.938163157175184,0.38068957893072,5.107836501803864,5.9868856212725685,0.1,0.3,8.899999999999965,0.3685
2021-06-26,0,0,0,0.2234926911592338,0.1907936507936508,11.42,0.0,5.51,0.060568412969196,0.046003476754686,0.274117689206607,0.3300645808833468,5.215952021536421,6.193189922910999,0.0,0.1,8.199999999999966,0.3479583333333333
2021-06-27,0,0,0,0.0012610169945173,0.0031746031746031,0.2,0.0,0.2,0.2234926911592338,0.060568412969196,0.046003476754686,0.285322121123178,4.913903341954764,6.181390712003807,0.0,0.1,6.899999999999964,0.324375
2021-06-28,0,0,0,0.054809656422781,0.0376190476190476,2.17,0.0,0.59,0.0012610169945173,0.2234926911592338,0.060568412969196,0.2795633645767632,4.598416100681979,6.229013141841438,0.1,0.1,5.499999999999965,0.3059583333333333
2021-06-29,0,0,0,0.1712019645165466,0.180327868852459,0.8,0.2,0.2,0.054809656422781,0.0012610169945173,0.2234926911592338,0.227272637934076,0.8314549080233411,6.38875669893556,1.8,1.9,2.199999999999965,0.3264583333333333
2021-06-30,0,0,0,0.0015143933829951,0.0031746031746031,0.2,0.0,0.2,0.1712019645165466,0.054809656422781,0.0012610169945173,0.2275260143225538,0.5588516121997291,6.3100667913717805,0.0,1.9,1.9999999999999656,0.3265833333333333
2021-07-01,0,0,0,0.0012148279372756,0.003125,0.2,0.0,0.2,0.0015143933829951,0.1712019645165466,0.054809656422781,0.1739311858370484,0.5140629633823188,5.586646606038175,0.0,1.8,1.9999999999999656,0.30975
2021-07-02,0,0,0,0.0,0.0,0.0,0.0,0.0,0.0012148279372756,0.0015143933829951,0.1712019645165466,0.0027292213205017,0.4534945504131228,5.561331052217442,0.0,0.0,1.8999999999999653,0.292875
2021-07-03,0,0,0,0.0061599013272933,0.0125396825396825,0.59,0.0,0.59,0.0,0.0012148279372756,0.0015143933829951,0.0073747292647999,0.2361617605811823,5.452113782118057,0.0,0.0,1.8999999999999653,0.2765416666666666
2021-07-04,0,0,0,0.00265309161667,0.0063492063492063,0.2,0.0,0.2,0.0061599013272933,0.0,0.0012148279372756,0.0088129929441942,0.2375538352033349,5.151457177158552,0.0,0.0,1.8999999999999653,0.2663333333333333
2021-07-05,0,0,0,0.0,0.0,0.0,0.0,0.0,0.00265309161667,0.0061599013272933,0.0,0.0088129929441942,0.1827441787805538,4.781160279462987,0.0,0.0,1.7999999999999656,0.258125
2021-07-06,0,0,0,0.0,0.0,0.0,0.0,0.0,0.0,0.00265309161667,0.0061599013272933,0.0026530916169009,0.0115422142640072,0.8429971222878021,0.1,0.1,0.0999999999999653,0.257
2021-07-07,0,0,0,0.0,0.0,0.0,0.0,0.0,0.0,0.0,0.00265309161667,0.0,0.010027820881012,0.568879433081195,0.0,0.1,0.0999999999999653,0.2545416666666666
2021-07-08,0,0,0,0.0,0.0,0.0,0.0,0.0,0.0,0.0,0.0,0.0,0.0088129929437364,0.5228759563265091,0.1,0.2,0.1999999999999653,0.2398749999999999
2021-07-09,0,0,0,0.0,0.0,0.0,0.0,0.0,0.0,0.0,0.0,0.0,0.0088129929437364,0.462307543357313,0.0,0.1,0.1999999999999653,0.2267916666666667
2021-07-10,0,0,0,0.0160400843986602,0.0164516129032258,0.6000000000000001,0.0,0.42,0.0,0.0,0.0,0.0160400843988912,0.0186931760151033,0.2548549365967396,0.0,0.1,0.1999999999999653,0.212
2021-07-11,0,0,0,0.0,0.0,0.0,0.0,0.0,0.0160400843986602,0.0,0.0,0.0160400843988912,0.0160400843984333,0.2535939196022222,0.0,0.0,0.1999999999999653,0.1968333333333333
2021-07-12,0,0,0,0.0,0.0,0.0,0.0,0.0,0.0,0.0160400843986602,0.0,0.0160400843988912,0.0160400843984333,0.1987842631794411,0.0,0.0,0.1999999999999653,0.1828333333333333
2021-07-13,0,0,0,0.0018095633558702,0.0032258064516129,0.2,0.0,0.2,0.0,0.0,0.0160400843986602,0.0018095633561011,0.0178496477543036,0.0293918620187646,0.0,0.0,0.0999999999999653,0.1700833333333333
2021-07-14,0,0,0,0.0,0.0,0.0,0.0,0.0,0.0018095633558702,0.0,0.0,0.0018095633561011,0.0178496477543036,0.0278774686357695,0.0,0.0,0.0999999999999653,0.1575416666666666
2021-07-15,0,0,0,0.0016777342314421,0.0032258064516129,0.2,0.0,0.2,0.0,0.0018095633558702,0.0,0.0034872975875433,0.0195273819857457,0.028340374929936,0.0,0.0,0.0,0.14625
2021-07-16,0,0,0,0.0,0.0,0.0,0.0,0.0,0.0016777342314421,0.0,0.0018095633558702,0.001677734231673,0.0195273819857457,0.028340374929936,0.0,0.0,0.0,0.1394583333333333
2021-07-17,0,0,0,4.15410484361734,4.587580645161291,12.61,5.145,3.15,0.0,0.0016777342314421,0.0,4.1557825778490125,4.157592141204425,4.176285317219983,0.3,0.3,0.2999999999999653,0.2333333333333333
2021-07-18,0,0,0,0.0532677530638353,0.0709677419354838,1.8,0.0,0.2,4.15410484361734,0.0,0.0016777342314421,4.207372596681406,4.2108598942682605,4.226899978667148,0.3,0.6,0.5999999999999653,0.256
2021-07-19,0,0,0,0.0030835619117726,0.0064516129032258,0.2,0.0,0.2,0.0532677530638353,4.15410484361734,0.0,4.210456158593178,4.213943456180033,4.22998354057892,0.0,0.6,0.5999999999999653,0.236375
2021-07-20,0,0,0,0.0012739985559024,0.0032258064516129,0.2,0.0,0.2,0.0030835619117726,0.0532677530638353,4.15410484361734,0.0576253135317413,4.213407891380066,4.231257539134823,0.0,0.3,0.5999999999999653,0.2176249999999999
2021-07-21,0,0,0,0.0043605257398816,0.0064516129032258,0.2,0.0,0.2,0.0012739985559024,0.0030835619117726,0.0532677530638353,0.0087180862077876,4.217768417119947,4.235618064874704,0.0,0.0,0.5999999999999653,0.2034583333333333
2021-07-22,0,0,0,0.0028039818879212,0.0064516129032258,0.2,0.0,0.2,0.0043605257398816,0.0012739985559024,0.0030835619117726,0.0084385061839362,4.218894664776426,4.238422046762626,0.0,0.0,0.5999999999999653,0.19025
2021-07-23,0,0,0,0.0083047844456387,0.0159677419354838,0.99,0.0,0.39,0.0028039818879212,0.0043605257398816,0.0012739985559024,0.0154692920736725,4.227199449222065,4.246726831208265,0.0,0.0,0.5999999999999653,0.1764583333333333
2021-07-24,0,0,0,0.0166934556028496,0.0320967741935483,1.99,0.0,0.79,0.0083047844456387,0.0028039818879212,0.0043605257398816,0.0278022219366405,0.0897880612075743,4.247380202412455,0.0,0.0,0.2999999999999653,0.1625833333333333
2021-07-25,0,0,0,0.0817056570712337,0.1570967741935484,9.74,0.0,1.57,0.0166934556028496,0.0083047844456387,0.0028039818879212,0.1067038971199529,0.1182259652149727,4.329085859483688,0.0,0.0,0.0,0.1495
2021-07-26,0,0,0,0.0199650373541618,0.0383870967741935,2.38,0.0,0.39,0.0817056570712337,0.0166934556028496,0.0083047844456387,0.118364150028476,0.1351074406573618,4.349050896837849,0.0,0.0,0.0,0.1381666666666666
2021-07-27,0,0,0,0.0284375952229447,0.0546774193548387,3.39,0.0,0.79,0.0199650373541618,0.0817056570712337,0.0166934556028496,0.1301082896485712,0.1622710373244042,4.375678928704924,0.3,0.3,0.2999999999999653,0.12925
2021-07-28,1,11,0,24.177931875555505,23.345333333333333,39.54,28.58,4.92,0.0284375952229447,0.0199650373541618,0.0817056570712337,24.226334508132844,24.335842387140023,28.55361080426043,17.8,18.1,18.09999999999997,0.3096666666666667
2021-07-29,0,0,0,1.8373886051547483,1.664516129032258,16.0,0.2,1.03,24.177931875555505,0.0284375952229447,0.0199650373541618,26.043758075933432,26.17042701040685,30.389321675183737,0.0,18.1,18.09999999999997,0.3268333333333333
2021-07-30,0,0,0,0.4264081966627318,0.5101587301587301,11.4,0.0,0.42,1.8373886051547483,24.177931875555505,0.0284375952229447,26.441728677373217,26.588530422623947,30.815729871846468,0.0,17.8,18.09999999999997,0.3021666666666666
2021-07-31,0,0,0,0.1742026740040539,0.1740322580645161,2.0,0.0,0.39,0.4264081966627318,1.8373886051547483,24.177931875555505,2.437999475821765,26.746039641025156,26.835827702233185,0.0,0.0,18.09999999999997,0.282
2021-08-01,0,0,0,0.178136382270138,0.2122950819672131,4.33,0.0,4.13,0.1742026740040539,0.4264081966627318,1.8373886051547483,0.7787472529371549,26.84247036622405,26.960696331439483,0.0,0.0,18.09999999999997,0.264125
2021-08-02,0,0,0,0.1656460939324905,0.2065,6.800000000000001,0.0,0.39,0.178136382270138,0.1742026740040539,0.4264081966627318,0.5179851502069135,26.98815142280238,27.1232588634602,0.0,0.0,18.09999999999997,0.2474999999999999
2021-08-03,0,0,0,0.2759492830239101,0.2605,7.03,0.0,3.84,0.1656460939324905,0.178136382270138,0.1742026740040539,0.6197317592267696,27.23566311060335,27.39793414792821,1.2,1.2,18.999999999999964,0.2400416666666666
2021-08-04,0,0,0,0.0777161262833071,0.067,1.4,0.0,0.63,0.2759492830239101,0.1656460939324905,0.178136382270138,0.5193115032399387,3.1354473613311526,27.471289748471637,0.0,1.2,1.1999999999999644,0.2515833333333333
2021-08-05,0,0,0,0.0690143001951398,0.0603333333333333,1.62,0.0,1.23,0.0777161262833071,0.2759492830239101,0.1656460939324905,0.422679709502588,1.367073056371544,27.53750006677885,0.0,1.2,1.1999999999999644,0.2379583333333333
2021-08-06,0,0,0,0.0167949382664994,0.0166666666666666,0.4,0.0,0.2,0.0690143001951398,0.0777161262833071,0.2759492830239101,0.1635253647451773,0.9574597979753118,27.54599022059972,0.0,0.0,1.1999999999999644,0.221125
2021-08-07,0,0,0,0.0729234772017699,0.0921311475409836,4.4,0.0,1.18,0.0167949382664994,0.0690143001951398,0.0777161262833071,0.1587327156636401,0.8561806011730279,27.602220242198637,0.0,0.0,1.1999999999999644,0.2063333333333333
2021-08-08,0,0,0,0.0110558823305733,0.0198333333333333,0.99,0.0,0.79,0.0729234772017699,0.0167949382664994,0.0690143001951398,0.1007742977990736,0.689100101233463,27.53157046745797,0.0,0.0,1.1999999999999644,0.1895833333333333
2021-08-09,0,0,0,0.0142224228132955,0.0233333333333333,1.2000000000000002,0.0,0.4,0.0110558823305733,0.0729234772017699,0.0167949382664994,0.0982017823458697,0.537676430114268,27.52582785291711,0.0,0.0,1.1999999999999644,0.1725833333333333
2021-08-10,0,0,0,0.0169522395699686,0.0131666666666666,0.5900000000000001,0.0,0.39,0.0142224228132955,0.0110558823305733,0.0729234772017699,0.0422305447140684,0.2786793866603265,27.51434249726413,0.0,0.0,0.0,0.1542083333333333
2021-08-11,0,0,0,0.0049138767631827,0.01,0.4,0.0,0.2,0.0169522395699686,0.0142224228132955,0.0110558823305733,0.0360885391466778,0.2058771371402021,3.3413244984718093,0.0,0.0,0.0,0.1490416666666666
2021-08-12,0,0,0,0.2885340153849747,0.3065,1.6,0.2,0.39,0.0049138767631827,0.0169522395699686,0.0142224228132955,0.310400131718357,0.425396852330037,1.792469908702036,0.0,0.0,0.0,0.1886666666666666
2021-08-13,0,0,0,0.2958098211600207,0.3288135593220339,2.4000000000000004,0.0,0.2,0.2885340153849747,0.0049138767631827,0.0169522395699686,0.5892577133084091,0.7044117352235583,1.6618715331993248,0.6,0.6,0.5999999999999645,0.2327083333333333
2021-08-14,0,0,0,0.0068483123623726,0.01,0.2,0.0,0.2,0.2958098211600207,0.2885340153849747,0.0049138767631827,0.591192148907599,0.6383365703841609,1.4945171715576433,3.2,3.8,3.7999999999999647,0.2459166666666666
2021-08-15,0,0,0,0.0036148584565628,0.0068852459016393,0.42,0.0,0.42,0.0068483123623726,0.2958098211600207,0.2885340153849747,0.3062729919791871,0.6308955465101505,1.3199956477440682,0.0,3.8,3.7999999999999647,0.2290416666666666
2021-08-16,0,0,0,1.0031064112416497,1.1821311475409837,5.13,0.4,2.36,0.0036148584565628,0.0068483123623726,0.2958098211600207,1.0135695820608162,1.6197795349385045,2.1574559650532272,0.6,3.8,4.399999999999965,0.219125
2021-08-17,0,0,0,0.0489188842415894,0.0619672131147541,1.8,0.0,0.39,1.0031064112416497,0.0036148584565628,0.0068483123623726,1.055640153940033,1.6517461796101256,1.930425566270907,0.0,0.6,4.399999999999965,0.2197083333333333
2021-08-18,0,0,0,0.0529318559710991,0.1008196721311475,6.15,0.0,0.8,0.0489188842415894,1.0031064112416497,0.0036148584565628,1.1049571514545693,1.699764158818042,1.9056412959586988,0.0,0.6,4.399999999999965,0.1949583333333333
2021-08-19,0,0,0,0.0153201144111473,0.0291803278688524,1.78,0.0,0.59,0.0529318559710991,0.0489188842415894,1.0031064112416497,0.1171708546240669,1.4265502578442144,1.8519471101747065,0.0,0.0,4.399999999999965,0.169875
2021-08-20,0,0,0,0.0171275436394288,0.0326229508196721,1.99,0.0,0.6,0.0153201144111473,0.0529318559710991,0.0489188842415894,0.0853795140219062,1.1478679803236227,1.852279715547636,0.0,0.0,3.7999999999999647,0.1485416666666666
2021-08-21,0,0,0,0.0,0.0,0.0,0.0,0.0,0.0171275436394288,0.0153201144111473,0.0529318559710991,0.0324476580508071,1.14101966796125,1.7793562383458656,0.0,0.0,0.5999999999999645,0.1334166666666666
2021-08-22,0,0,0,0.0,0.0,0.0,0.0,0.0,0.0,0.0171275436394288,0.0153201144111473,0.0171275436396597,1.1374048095046871,1.7683003560152923,0.0,0.0,0.5999999999999645,0.122875
2021-08-23,0,0,0,0.0,0.0,0.0,0.0,0.0,0.0,0.0,0.0171275436394288,0.0,0.1342983982630374,1.754077933201997,0.0,0.0,0.0,0.1148333333333333
2021-08-24,0,0,0,0.0017213611697918,0.0032786885245901,0.2,0.0,0.2,0.0,0.0,0.0,0.0017213611700227,0.0871008751912397,1.73884705480182,0.0,0.0,0.0,0.1094166666666666
2021-08-25,0,0,0,0.0047502707955335,0.0032786885245901,0.2,0.0,0.2,0.0017213611697918,0.0,0.0,0.0064716319655563,0.0389192900156742,1.7386834488341707,0.0,0.0,0.0,0.105625
2021-08-26,0,0,0,0.0085955696306799,0.0098360655737704,0.4,0.0,0.2,0.0047502707955335,0.0017213611697918,0.0,0.0150672015962362,0.0321947452352067,1.458745003079876,0.0,0.0,0.0,0.1026666666666666
2021-08-27,0,0,0,0.2505356945176506,0.3258333333333333,1.4,0.0,0.59,0.0085955696306799,0.0047502707955335,0.0017213611697918,0.263881534944095,0.2656028961134286,1.413470876437506,0.9,0.9,0.8999999999999645,0.1195833333333333
2021-08-28,1,2,0,21.24655455365358,21.392068965517243,43.43,25.005,5.51,0.2505356945176506,0.0085955696306799,0.0047502707955335,21.505685817802146,21.51215744976701,22.653177117728717,23.0,23.9,23.899999999999963,0.3805833333333333
2021-08-29,0,0,0,2.777080074643874,3.201,32.61,0.4,0.59,21.24655455365358,0.2505356945176506,0.0085955696306799,24.274170322815337,24.289237524410883,25.426642333916025,0.8,24.7,24.699999999999964,0.4443333333333333
2021-08-30,1,1,0,2.400146608750602,2.7236065573770496,19.74,2.18,2.95,2.777080074643874,21.24655455365358,0.2505356945176506,26.42378123704829,26.68938413316149,26.82368253142498,2.8,26.6,27.499999999999964,0.4302083333333333
2021-08-31,0,0,0,0.8486232721360675,0.5399999999999999,14.99,0.0,0.42,2.400146608750602,2.777080074643874,21.24655455365358,6.025849955530775,27.53628604412776,27.62338691931945,0.0,3.6,27.499999999999964,0.3987916666666666
2021-09-01,0,0,0,0.0840226311371442,0.0983606557377049,1.6,0.0,0.2,0.8486232721360675,2.400146608750602,2.777080074643874,3.3327925120240445,27.61555840446937,27.6544776944855,0.0,2.8,27.499999999999964,0.3615833333333333
2021-09-02,0,0,0,0.0517309778447143,0.0612903225806451,1.0,0.0,0.2,0.0840226311371442,0.8486232721360675,2.400146608750602,0.9843768811181568,27.658693812683406,27.690888557919067,0.0,0.0,27.499999999999964,0.326
2021-09-03,0,0,0,0.0980180577496636,0.0688524590163934,2.2,0.0,0.2,0.0517309778447143,0.0840226311371442,0.8486232721360675,0.2337716667317531,27.50617617591542,27.771779072029304,0.0,0.0,26.59999999999997,0.2905416666666666
2021-09-04,0,0,0,0.018578433164307,0.0258064516129032,0.6000000000000001,0.0,0.2,0.0980180577496636,0.0517309778447143,0.0840226311371442,0.1683274687589159,6.2782000554261455,27.790357505193608,0.0,0.0,3.599999999999964,0.2575
2021-09-05,0,0,0,0.0318633328498402,0.061639344262295,2.56,0.0,1.57,0.018578433164307,0.0980180577496636,0.0517309778447143,0.1484598237640419,3.532983313632112,27.82222083804345,0.0,0.0,2.7999999999999643,0.23375
2021-09-06,0,0,0,0.0141208115620953,0.0266666666666666,0.6000000000000001,0.0,0.2,0.0318633328498402,0.018578433164307,0.0980180577496636,0.0645625775764736,1.146957516443605,27.836341649605544,0.0,0.0,0.0,0.2133333333333333
2021-09-07,0,0,0,0.0141138139390279,0.0262295081967213,0.6000000000000001,0.0,0.2,0.0141208115620953,0.0318633328498402,0.018578433164307,0.0600979583511945,0.3124480582465655,27.84873410237478,0.0,0.0,0.0,0.1997916666666666
2021-09-08,0,0,0,0.0316780540762308,0.06,3.4000000000000004,0.0,0.42,0.0141138139390279,0.0141208115620953,0.0318633328498402,0.059912679577585,0.2601034811856521,27.87566188565548,0.0,0.0,0.0,0.1762083333333333
2021-09-09,0,0,0,2.9487232355669883,3.2317741935483872,15.75,2.575,4.93,0.0316780540762308,0.0141138139390279,0.0141208115620953,2.994515103582478,3.157095738907926,30.815789551591784,0.2,0.2,0.1999999999999644,0.1735833333333333
2021-09-10,1,1,0,3.746414202675428,4.14983870967742,15.42,3.68,1.77,2.9487232355669883,0.0316780540762308,0.0141138139390279,6.726815492318877,6.805491883833691,34.311668059749564,7.8,8.0,7.9999999999999645,0.3535
2021-09-11,0,0,0,0.5631577849191756,0.7891935483870968,19.3,0.2,3.08,3.746414202675428,2.9487232355669883,0.0316780540762308,7.258295223161823,7.350071235588559,13.628271291015158,0.1,8.1,8.099999999999964,0.3551249999999999
2021-09-12,0,0,0,0.1082374747216767,0.1727419354838709,8.91,0.0,1.57,0.5631577849191756,3.746414202675428,2.9487232355669883,4.417809462316511,7.426445377460395,10.95942869109296,0.0,7.899999999999999,8.099999999999964,0.3232083333333334
2021-09-13,0,0,0,0.0344990901873895,0.041774193548387,1.19,0.0,0.39,0.1082374747216767,0.5631577849191756,3.746414202675428,0.7058943498284728,7.446823656085689,8.593781172529749,0.0,0.1,8.099999999999964,0.2824166666666666
2021-09-14,0,0,0,0.0305146359519066,0.0516666666666666,2.1,0.0,2.1,0.0344990901873895,0.1082374747216767,0.5631577849191756,0.1732512008612038,7.463224478098568,7.775672536345588,0.0,0.0,8.099999999999964,0.2374166666666667
2021-09-15,0,0,0,0.7162669678545307,0.6845762711864407,3.17,0.4,1.57,0.0305146359519066,0.0344990901873895,0.1082374747216767,0.7812806939940578,8.147813391876868,8.407916873062975,0.3,0.3,8.399999999999965,0.217125
2021-09-16,1,1,0,3.8851375118442526,3.7030508474576274,13.2,2.96,3.35,0.7162669678545307,0.0305146359519066,0.0344990901873895,4.631919115650921,9.084227668154131,12.241323407062511,0.8,1.1,8.999999999999964,0.2509583333333333
2021-09-17,0,0,0,0.884387147389625,0.8488333333333334,4.6000000000000005,0.2,1.38,3.8851375118442526,0.7162669678545307,0.0305146359519066,5.48579162708864,6.222200612868329,13.027692496702471,0.4,1.5,1.5999999999999646,0.2844583333333333
2021-09-18,0,0,0,0.0359934280294394,0.0387096774193548,0.6000000000000001,0.0,0.2,0.884387147389625,3.8851375118442526,0.7162669678545307,4.805518087263548,5.695036255978593,13.045107491567608,0.2,1.4,1.6999999999999644,0.2606666666666666
2021-09-19,0,0,0,0.0,0.0,0.0,0.0,0.0,0.0359934280294394,0.884387147389625,3.8851375118442526,0.9203805754192952,5.586798781256917,13.013244158717766,0.0,0.6000000000000001,1.6999999999999644,0.2292083333333333
2021-09-20,0,0,0,0.0515495662369251,0.0938983050847457,5.14,0.0,1.18,0.0,0.0359934280294394,0.884387147389625,0.0875429942665955,5.603849257306452,13.050672913392598,0.0,0.2,1.6999999999999644,0.198375
2021-09-21,0,0,0,0.0811268524113078,0.1328333333333333,2.37,0.0,0.98,0.0515495662369251,0.0,0.0359934280294394,0.1326764186484639,5.654461473765854,13.117685951864877,0.8,0.8,2.4999999999999645,0.1763749999999999
2021-09-22,0,0,0,0.7181370397248714,0.9278333333333334,4.2,0.6000000000000001,1.26,0.0811268524113078,0.0515495662369251,0.0,0.8508134583733353,5.656331545636194,13.804144937513517,0.8,1.6,2.9999999999999645,0.2051666666666667
2021-09-23,0,0,0,0.0,0.0,0.0,0.0,0.0,0.7181370397248714,0.0811268524113078,0.0515495662369251,0.7992638921364101,1.7711940337919416,10.855421701946527,0.0,1.6,2.1999999999999647,0.1879166666666666
2021-09-24,0,0,0,0.0616247298785479,0.1173770491803278,7.159999999999999,0.0,2.76,0.0,0.7181370397248714,0.0811268524113078,0.7797617696036503,0.9484316162808644,7.170632229149648,0.0,0.8,1.7999999999999643,0.1640833333333333
2021-09-25,0,0,0,2.126455027573242,2.0057377049180327,10.21,0.6000000000000001,2.95,0.0616247298785479,0.0,0.7181370397248714,2.1880797574520208,3.038893215824667,8.733929471803716,0.5,0.5,2.099999999999965,0.158875
2021-09-26,0,0,0,0.3732054362903344,0.4552459016393442,7.09,0.0,3.74,2.126455027573242,0.0616247298785479,0.0,2.5612851937423557,3.4120986521150014,8.998897433372374,1.2,1.7,3.2999999999999643,0.148375
2021-09-27,0,0,0,0.0137952403514286,0.0198333333333333,0.79,0.0,0.39,0.3732054362903344,2.126455027573242,0.0616247298785479,2.513455704215236,3.3743443262295045,8.978193583536411,0.1,1.8,3.3999999999999644,0.1379166666666666
2021-09-28,0,0,0,0.1130843780780599,0.2171666666666666,13.03,0.0,1.37,0.0137952403514286,0.3732054362903344,2.126455027573242,0.5000850547200539,3.4063018518962567,9.060763325662563,0.0,1.3,2.599999999999964,0.1259166666666666
2021-09-29,0,0,0,0.0644838957270078,0.1105084745762711,5.53,0.0,1.37,0.1130843780780599,0.0137952403514286,0.3732054362903344,0.1913635141567273,2.752648707898393,8.408980253535042,0.2,0.3,1.9999999999999645,0.1165833333333333
2021-09-30,0,0,0,0.2176249779934888,0.2868333333333333,1.4,0.2,0.42,0.0644838957270078,0.1130843780780599,0.0137952403514286,0.3951932517987876,2.970273685891882,4.741467719684279,0.0,0.2,1.9999999999999645,0.1177916666666666
2021-10-01,0,0,0,3.514497728611142,3.4031666666666665,10.02,3.475,4.53,0.2176249779934888,0.0644838957270078,0.1130843780780599,3.79660660233187,6.423146684624476,7.371578300905796,5.2,5.4,7.199999999999965,0.1364999999999999
2021-10-02,0,0,0,0.4076656485976681,0.3569565217391304,2.4000000000000004,0.2,0.42,3.514497728611142,0.2176249779934888,0.0644838957270078,4.13978835520253,4.704357305648902,7.743250521474025,0.7,5.9,7.399999999999965,0.2568333333333333
2021-10-03,1,3,0,6.685243133854006,7.860847457627119,23.61,6.54,7.16,0.4076656485976681,3.514497728611142,0.2176249779934888,10.607406511063049,11.016395003212573,14.42849365532803,8.2,14.1,14.399999999999965,0.356625
2021-10-04,0,0,0,5.304559716706736,5.666666666666667,18.7,3.8,4.92,6.685243133854006,0.4076656485976681,3.514497728611142,12.39746849915864,16.307159479567883,19.68150380579784,30.2,39.1,44.499999999999964,0.4555416666666667
2021-10-05,0,0,0,1.3641408032350202,1.2301960784313726,15.94,0.4,15.94,5.304559716706736,6.685243133854006,0.4076656485976681,13.353943653795993,17.558215904724843,20.964517756621557,2.1,40.5,46.59999999999996,0.4644583333333333
2021-10-06,0,0,0,0.1858066638210981,0.2337837837837837,2.6,0.0,1.05,1.3641408032350202,5.304559716706736,6.685243133854006,6.854507183763085,17.679538672818932,20.43218738071778,0.1,32.4,46.49999999999996,0.4134166666666667
2021-10-07,0,0,0,0.0943958678199918,0.0997368421052631,0.8,0.0,0.39,0.1858066638210981,1.3641408032350202,5.304559716706736,1.6443433348763403,17.556309562645435,20.52658324853777,1.9,4.1,48.39999999999996,0.4002083333333333
2021-10-08,0,0,0,0.0425826476741955,0.0633333333333333,1.0,0.0,0.2,0.0943958678199918,0.1858066638210981,1.3641408032350202,0.3227851793155156,14.084394481708488,20.50754116633342,0.0,2.0,43.19999999999996,0.4134166666666667
2021-10-09,0,0,0,4.21881488211881,4.402166666666667,9.3,5.055,3.54,0.0425826476741955,0.0943958678199918,0.1858066638210981,4.355793397613228,17.89554371522963,22.59990102087899,5.4,7.300000000000001,47.89999999999996,0.400875
2021-10-10,0,0,0,3.559447862185288,3.571,9.56,4.095000000000001,1.18,4.21881488211881,0.0425826476741955,0.0943958678199918,7.820845391978525,14.769748443560912,25.78614344677394,7.8,13.2,47.499999999999964,0.4823333333333333
2021-10-11,1,1,0,4.774206874031541,5.098833333333333,16.18,5.36,5.31,3.559447862185288,4.21881488211881,0.0425826476741955,12.552469618335868,14.239395600885718,30.546555080454056,6.0,19.2,23.29999999999996,0.472875
2021-10-12,1,2,0,3.783065884684504,3.0885,23.44,1.1,8.35,4.774206874031541,3.559447862185288,4.21881488211881,12.116720620901562,16.6583206823352,34.216536587060496,5.4,19.2,26.59999999999996,0.472625
2021-10-13,0,0,0,0.9734783691436244,0.8484999999999999,13.95,0.0,5.31,3.783065884684504,4.774206874031541,3.559447862185288,9.5307511278599,17.44599238765773,35.125531060477115,0.7,12.1,27.19999999999996,0.451875
2021-10-14,1,2,0,4.06018673019896,3.319333333333333,16.939999999999998,1.4900000000000002,6.71,0.9734783691436244,3.783065884684504,4.774206874031541,8.816730984027316,21.41178325003669,38.968092812682585,0.2,6.300000000000001,25.49999999999996,0.4147916666666666
2021-10-15,1,7,0,4.470435094316388,4.169333333333333,12.12,4.135,10.43,4.06018673019896,0.9734783691436244,3.783065884684504,9.504100193659202,25.839635696678886,39.92403017838783,12.3,13.2,37.79999999999996,0.3965
2021-10-16,1,1,0,10.828066098637482,10.026000000000002,26.01,11.23,6.7,4.470435094316388,4.06018673019896,0.9734783691436244,19.35868792315306,32.448886913197555,50.344430628427645,7.7,20.200000000000003,40.09999999999996,0.4595833333333333
2021-10-17,0,0,0,0.5255927386311804,0.6486666666666667,5.6000000000000005,0.2,0.59,10.828066098637482,4.470435094316388,4.06018673019896,15.82409393158528,29.41503178964345,44.18478023320482,1.0,21.000000000000004,33.29999999999996,0.490375
2021-10-18,1,3,1,8.21779425752113,8.098333333333333,25.8,7.890000000000001,7.51,0.5255927386311804,10.828066098637482,4.470435094316388,19.571453094790023,32.85861917313304,47.09801477401921,13.4,22.1,40.69999999999996,0.4835833333333333
2021-10-19,0,0,0,2.6159049001635903,2.9603333333333333,15.79,2.18,2.16,8.21779425752113,0.5255927386311804,10.828066098637482,11.35929189631613,31.691458188612124,48.34977887094779,6.6,21.0,41.89999999999996,0.4877083333333333
2021-10-20,0,0,0,1.1291666941464933,1.2311666666666667,7.4,0.6950000000000001,0.59,2.6159049001635903,8.21779425752113,0.5255927386311804,11.962865851831442,31.847146513614994,49.29313890127318,1.5,21.5,42.69999999999996,0.4781249999999999
2021-10-21,0,0,0,0.4207473671132316,0.4533333333333333,6.2,0.0,0.2,1.1291666941464933,2.6159049001635903,8.21779425752113,4.165818961423544,28.207707150529263,49.61949040056641,0.1,8.199999999999998,42.599999999999966,0.458375
2021-10-22,0,0,0,0.6712142764983358,0.449,12.95,0.0,0.59,0.4207473671132316,1.1291666941464933,2.6159049001635903,2.22112833775829,24.408486332711217,50.24812202939056,0.0,1.5999999999999983,30.29999999999996,0.43425
2021-10-23,0,0,0,0.367361772401694,0.3141666666666667,10.05,0.0,6.7,0.6712142764983358,0.4207473671132316,1.1291666941464933,1.4593234160134905,13.947782006475428,46.396668919673445,0.0,0.0999999999999982,22.59999999999996,0.3975833333333333
2021-10-24,1,4,0,19.383392622938437,18.14183333333333,41.09,24.815,5.71,0.367361772401694,0.6712142764983358,0.4207473671132316,20.42196867183869,32.80558189078268,62.2206136804266,12.0,11.999999999999998,33.59999999999996,0.4458333333333333
2021-10-25,0,0,0,0.9490726199932848,0.78,11.8,0.0,0.2,19.383392622938437,0.367361772401694,0.6712142764983358,20.699827015333643,25.53686025325484,58.395479426388334,0.1,12.099999999999998,20.29999999999996,0.4718333333333333
2021-10-26,0,0,0,0.3815898219251571,0.4061666666666667,9.0,0.0,0.98,0.9490726199932848,19.383392622938437,0.367361772401694,20.714055064857103,23.3025451750164,54.99400336362899,1.4,13.499999999999998,15.09999999999996,0.4562916666666667
2021-10-27,0,0,0,2.618495187833972,2.560166666666667,9.09,2.4000000000000004,0.79,0.3815898219251571,0.9490726199932848,19.383392622938437,3.9491576297526447,24.79187366870388,56.639020182319335,5.1,6.599999999999998,18.69999999999996,0.4689166666666666
2021-10-28,0,0,0,2.2831953840292623,2.6411666666666664,10.28,2.2,2.56,2.618495187833972,0.3815898219251571,0.9490726199932848,5.283280393788623,26.654321685619912,54.86202883614963,8.7,15.199999999999998,27.29999999999996,0.482375
2021-10-29,0,0,0,0.1546419774461927,0.1625423728813559,1.6,0.0,0.59,2.2831953840292623,2.618495187833972,0.3815898219251571,5.056332549309658,26.13774938656777,50.54623571927944,0.9,14.699999999999998,28.19999999999996,0.4825
2021-10-30,0,0,0,0.6453870143146664,0.5740677966101696,26.880000000000003,0.0,13.22,0.1546419774461927,2.2831953840292623,2.618495187833972,3.083224375790352,26.41577462848074,40.36355663495662,1.9,11.499999999999996,30.09999999999996,0.478875
2021-10-31,0,0,0,1.709911640325079,1.6608474576271188,4.58,1.6,0.42,0.6453870143146664,0.1546419774461927,2.2831953840292623,2.509940632086169,8.742293645867386,41.54787553665052,9.5,12.299999999999995,27.59999999999996,0.4822916666666666
2021-11-01,1,5,0,10.120353731267844,9.5525,36.82,8.5,7.92,1.709911640325079,0.6453870143146664,0.1546419774461927,12.47565238590782,17.913574757141944,43.45043501039724,8.3,19.7,35.79999999999996,0.4697083333333333
2021-11-02,0,0,0,0.5896480039920501,0.6166666666666667,7.2,0.2,0.42,10.120353731267844,1.709911640325079,0.6453870143146664,12.419913375585203,18.12163293920884,41.4241781142257,1.3,19.1,35.69999999999996,0.44025
2021-11-03,0,0,0,0.1734463894595285,0.2436666666666666,1.8,0.0,0.42,0.5896480039920501,10.120353731267844,1.709911640325079,10.883448124719653,15.676584140834397,40.468457809538734,1.3,10.9,31.899999999999963,0.4296666666666666
2021-11-04,0,0,0,0.074439659195202,0.0836666666666666,1.2000000000000002,0.0,0.42,0.1734463894595285,0.5896480039920501,10.120353731267844,0.8375340526470115,13.467828416000335,40.122150101620704,0.2,2.7999999999999985,23.399999999999963,0.4009166666666666
2021-11-05,0,0,0,0.0457323649130469,0.0533333333333333,0.8,0.0,0.2,0.074439659195202,0.1734463894595285,0.5896480039920501,0.2936184135680084,13.358918803467189,39.496668190035415,0.0,1.4999999999999982,22.499999999999964,0.3712083333333333
2021-11-06,0,0,0,0.0410618214590161,0.0459016393442623,1.2000000000000002,0.0,0.2,0.0457323649130469,0.074439659195202,0.1734463894595285,0.161233845567496,12.754593610611538,39.17036823909274,0.0,0.1999999999999982,20.59999999999996,0.341875
2021-11-07,0,0,0,0.0168961952553518,0.02,1.2000000000000002,0.0,0.2,0.0410618214590161,0.0457323649130469,0.074439659195202,0.1036903816276458,11.061578165541812,19.803871811409653,0.0,0.0,11.099999999999962,0.310875
2021-11-08,0,0,0,0.0224645312229482,0.032258064516129,1.4,0.0,0.2,0.0168961952553518,0.0410618214590161,0.0457323649130469,0.0804225479375471,0.9636889654969164,18.87726372263932,0.2,0.1999999999999982,2.999999999999961,0.287
2021-11-09,0,0,0,0.0113308623187667,0.02,0.6000000000000001,0.0,0.2,0.0224645312229482,0.0168961952553518,0.0410618214590161,0.0506915887972977,0.385371823823633,18.507004763032928,1.1,1.2999999999999985,2.7999999999999607,0.2869583333333333
2021-11-10,0,0,0,0.0215496350983991,0.0229508196721311,0.8,0.0,0.2,0.0113308623187667,0.0224645312229482,0.0168961952553518,0.0553450286403451,0.2334750694625037,15.910059210297357,0.1,1.3999999999999984,1.599999999999961,0.290875
2021-11-11,0,0,0,3.3784076910396346,3.0413333333333337,15.14,1.9,2.36,0.0215496350983991,0.0113308623187667,0.0224645312229482,3.411288188457032,3.5374431013069363,17.005271517307726,3.1,4.299999999999999,4.499999999999961,0.3330416666666667
2021-11-12,0,0,0,0.287958120760885,0.3504918032786885,5.0,0.2,0.39,3.3784076910396346,0.0215496350983991,0.0113308623187667,3.68791544689915,3.7796688571547743,17.138587660622417,0.4,3.5999999999999983,4.899999999999961,0.394375
2021-11-13,0,0,0,0.0553290928738832,0.0622950819672131,2.4000000000000004,0.0,0.2,0.287958120760885,3.3784076910396346,0.0215496350983991,3.7216949046746337,3.7939361285696416,16.548529739181635,0.0,3.4999999999999982,4.899999999999961,0.3764583333333333
2021-11-14,0,0,0,0.0063940597401267,0.0065573770491803,0.2,0.0,0.2,0.0553290928738832,0.287958120760885,3.3784076910396346,0.3496812733751259,3.783433993054417,14.845012158596685,0.0,0.3999999999999982,4.899999999999961,0.3377916666666666
2021-11-15,0,0,0,0.0,0.0,0.0,0.0,0.0,0.0063940597401267,0.0553290928738832,0.287958120760885,0.0617231526142409,3.760969461831469,4.724658427328839,0.2,0.1999999999999982,4.899999999999961,0.3039583333333333
2021-11-16,0,0,0,0.0049369093517188,0.0065573770491803,0.2,0.0,0.2,0.0,0.0063940597401267,0.0553290928738832,0.0113309690920765,3.75457550886442,4.139947332688508,0.0,0.1999999999999982,3.799999999999961,0.2714583333333333
2021-11-17,0,0,0,0.0044559224494108,0.0068852459016393,0.42,0.0,0.42,0.0049369093517188,0.0,0.0063940597401267,0.0093928318013605,3.737481796215432,3.97095686567839,0.0,0.1999999999999982,3.699999999999961,0.2400416666666666
2021-11-18,1,7,1,11.685508905028447,11.326333333333334,42.81,10.93,9.76,0.0044559224494108,0.0049369093517188,0.0,11.69490173682981,12.044583010204246,15.582026111511638,12.3,12.3,12.89999999999996,0.2519583333333333
2021-11-19,1,7,0,32.38813357207792,31.324067796610173,80.8,33.5,7.5,11.685508905028447,0.0044559224494108,0.0049369093517188,44.07809839955601,44.14475846152128,47.92442731867651,15.9,28.2,28.399999999999963,0.4654166666666666
2021-11-20,0,0,0,3.4498153231165216,3.169016393442623,96.51,0.6000000000000001,96.51,32.38813357207792,11.685508905028447,0.0044559224494108,47.52345780022313,47.53924469176392,51.333180820334015,1.0,29.2,29.399999999999963,0.452125
2021-11-21,0,0,0,0.8361842885966009,0.8945000000000001,19.4,0.0,1.26,3.4498153231165216,32.38813357207792,11.685508905028447,36.67413318379128,48.36903492062039,52.152468913675264,0.1,17.0,29.49999999999996,0.4110416666666667
2021-11-22,0,0,0,0.4972197223120317,0.6487096774193548,17.18,0.0,3.35,0.8361842885966009,3.4498153231165216,32.38813357207792,4.783219334025389,48.866254642932425,52.627224104764345,0.0,1.0999999999999983,29.29999999999996,0.3605833333333333
2021-11-23,0,0,0,0.1696767801246247,0.2578688524590164,5.53,0.0,2.36,0.4972197223120317,0.8361842885966009,3.4498153231165216,1.5030807910334918,49.03099451370533,52.785570022570205,0.0,0.0999999999999982,29.29999999999996,0.3117083333333333
2021-11-24,1,1,0,0.06114503155502,0.0709677419354838,1.4,0.0,0.2,0.1696767801246247,0.4972197223120317,0.8361842885966009,0.7280415339919111,49.08768362281094,52.82516541902682,0.0,0.0,29.29999999999996,0.2699999999999999
2021-11-25,0,0,0,0.0472054815425792,0.0516129032258064,1.2000000000000002,0.0,0.2,0.06114503155502,0.1696767801246247,0.4972197223120317,0.2780272932224585,37.44938019932507,49.49396320952977,0.9,0.8999999999999982,17.899999999999963,0.24025
2021-11-26,0,0,0,2.278563255608322,2.0088524590163934,10.02,1.4,2.95,0.0472054815425792,0.06114503155502,0.1696767801246247,2.3869137687061563,7.339809882855473,51.48456834437721,1.8,2.6999999999999984,3.7999999999999607,0.2535416666666666
2021-11-27,0,0,0,0.065496874373548,0.0719672131147541,1.4,0.0,0.39,2.278563255608322,0.0472054815425792,0.06114503155502,2.3912656115246844,3.9554914341125,51.49473612587687,1.5,4.199999999999998,4.299999999999961,0.2916249999999999
2021-11-28,0,0,0,0.0277432423129526,0.0295081967213114,1.0,0.0,0.2,0.065496874373548,2.278563255608322,0.0472054815425792,2.3718033722950578,3.1470503878288514,51.516085308449696,1.0,4.299999999999998,5.199999999999961,0.2647916666666667
2021-11-29,0,0,0,0.0338926934155276,0.0360655737704918,0.8,0.0,0.2,0.0277432423129526,0.065496874373548,2.278563255608322,0.1271328101022628,2.6837233589323475,51.54997800186523,0.0,2.4999999999999982,5.199999999999961,0.2320833333333333
2021-11-30,1,5,2,10.561889129326255,11.517868852459015,35.88,9.28,13.64,0.0338926934155276,0.0277432423129526,0.065496874373548,10.62352506505497,13.075935708133978,62.10693022183976,9.4,10.4,14.599999999999962,0.2837916666666666
2021-12-01,0,0,0,1.1741325023889695,1.2498387096774193,15.510000000000002,0.2,0.98,10.561889129326255,0.0338926934155276,0.0277432423129526,11.769914325130989,14.188923178967928,63.27660680177932,5.1,14.499999999999998,19.69999999999996,0.4332083333333333
2021-12-02,0,0,0,0.1169707728547015,0.180327868852459,2.6,0.0,0.2,1.1741325023889695,10.561889129326255,0.0338926934155276,11.85299240457016,14.258688470280047,51.70806866960557,1.6,16.099999999999998,20.399999999999963,0.4107916666666666
2021-12-03,0,0,0,0.1991599979573601,0.3113114754098361,7.6,0.0,0.39,0.1169707728547015,1.1741325023889695,10.561889129326255,1.4902632732012655,12.179285212629088,19.51909509548501,1.9,8.599999999999998,20.49999999999996,0.39425
2021-12-04,0,0,0,0.0483329301049565,0.0852459016393442,2.8000000000000003,0.0,0.2,0.1991599979573601,0.1169707728547015,1.1741325023889695,0.3644637009172526,12.162121268360496,16.117612702473444,0.3,3.799999999999998,19.29999999999996,0.3700833333333333
2021-12-05,0,0,0,0.0288700310520361,0.0393442622950819,0.6000000000000001,0.0,0.6,0.0483329301049565,0.1991599979573601,0.1169707728547015,0.2763629591145873,12.16324805709958,15.31029844492888,0.9,3.099999999999998,19.19999999999996,0.3438333333333334
2021-12-06,0,0,0,0.303990341975828,0.4839344262295081,8.48,0.0,3.54,0.0288700310520361,0.0483329301049565,0.1991599979573601,0.3811933031330553,12.43334570565988,15.117069064592677,2.9,4.099999999999998,22.09999999999996,0.3455833333333333
2021-12-07,1,1,1,8.412011201601906,9.262666666666666,34.21,8.629999999999999,2.67,0.303990341975828,0.0288700310520361,0.0483329301049565,8.744871574630006,10.283467777935533,23.35940348606996,10.2,13.999999999999996,22.89999999999996,0.4075833333333333
2021-12-08,0,0,0,0.7673203553595525,0.9912903225806452,9.74,0.4,0.79,8.412011201601906,0.303990341975828,0.0288700310520361,9.483321898937522,9.876655630906114,24.065578809874488,2.4,15.499999999999996,20.19999999999996,0.4431666666666666
2021-12-09,0,0,0,0.1375209434202567,0.1747540983606557,1.85,0.0,1.65,0.7673203553595525,8.412011201601906,0.303990341975828,9.31685250038195,9.897205801471667,24.155894271752167,0.5,13.099999999999998,19.09999999999996,0.4291666666666667
2021-12-10,0,0,0,0.0183828182590427,0.0233333333333333,0.4,0.0,0.2,0.1375209434202567,0.7673203553595525,8.412011201601906,0.9232241170390864,9.716428621773352,21.895713834402887,0.0,2.899999999999998,17.19999999999996,0.38625
2021-12-11,0,0,0,0.0125850635333182,0.0163934426229508,0.2,0.0,0.2,0.0183828182590427,0.1375209434202567,0.7673203553595525,0.1684888252128523,9.680680755201712,21.84280202356266,0.0,0.4999999999999982,16.89999999999996,0.3336666666666666
2021-12-12,1,3,2,4.010180089525318,2.1459016393442623,33.46,0.0,13.95,0.0125850635333182,0.0183828182590427,0.1375209434202567,4.041147971317914,13.661990813674995,25.825238870775024,1.9,1.899999999999998,17.89999999999996,0.2839166666666666
2021-12-13,1,13,6,11.987041438841414,12.642786885245902,43.49,9.07,15.14,4.010180089525318,0.0125850635333182,0.0183828182590427,16.009806591900286,25.34504191054058,37.77838761620091,7.4,9.3,22.39999999999996,0.2580416666666666
2021-12-14,1,10,3,8.009060966703252,9.048688524590164,51.12,5.12,8.32,11.987041438841414,4.010180089525318,0.0125850635333182,24.006282495070216,24.94209167564193,35.22555945357791,11.4,20.7,23.59999999999996,0.343
2021-12-15,1,13,5,16.780313445130368,14.710166666666668,46.65,13.265,8.53,8.009060966703252,11.987041438841414,4.010180089525318,36.776415850675264,40.95508476541274,50.8317403963193,6.8,25.6,27.99999999999996,0.4655416666666667
2021-12-16,1,3,0,3.697758073666637,4.059016393442623,40.1,2.41,2.16,16.780313445130368,8.009060966703252,11.987041438841414,28.48713248550049,44.51532189565912,54.41252769713124,15.6,33.8,43.09999999999996,0.4795833333333333
2021-12-17,1,5,3,12.80131112890771,14.479672131147542,99.71,1.78,16.85,3.697758073666637,16.780313445130368,8.009060966703252,33.27938264770495,57.29825020630779,67.0146788280816,13.6,36.0,56.69999999999996,0.4848333333333333
2021-12-18,0,0,0,0.952079732210818,1.4259016393442625,27.83,0.2,0.39,12.80131112890771,3.697758073666637,16.780313445130368,17.451148934785397,58.23774487498529,67.91842563018744,1.5,30.7,58.19999999999996,0.468625
2021-12-19,0,0,0,1.1854321852631255,1.2820967741935485,7.6,0.6000000000000001,0.79,0.952079732210818,12.80131112890771,3.697758073666637,14.938823046381884,55.4129969707231,69.07498778439853,0.6,15.699999999999996,56.89999999999996,0.4601666666666666
2021-12-20,0,0,0,0.1295410526802718,0.1442622950819672,2.0,0.0,0.2,1.1854321852631255,0.952079732210818,12.80131112890771,2.267052970154446,43.55549658456196,68.90053849510299,0.1,2.1999999999999966,49.59999999999995,0.4318333333333333
2021-12-21,0,0,0,0.0417836272237203,0.0524590163934426,1.4,0.0,0.2,0.1295410526802718,1.1854321852631255,0.952079732210818,1.3567568651673485,35.58821924508242,60.5303109207248,0.0,0.6999999999999964,38.19999999999995,0.3951666666666666
2021-12-22,0,0,0,2.217381795070929,2.084754098360656,11.08,0.99,8.14,0.0417836272237203,0.1295410526802718,1.1854321852631255,2.3887064749751525,21.025287595022984,61.98037236043618,13.6,13.699999999999996,44.99999999999996,0.3702916666666667
2021-12-23,0,0,0,1.8220212724701856,2.551311475409836,12.46,1.38,7.11,2.217381795070929,0.0417836272237203,0.1295410526802718,4.081186694765066,19.14955079382653,63.6648726894861,7.9,21.5,37.29999999999996,0.4443333333333333
2021-12-24,0,0,0,1.8616771149550648,1.8326666666666669,4.5600000000000005,1.995,1.57,1.8220212724701856,2.217381795070929,0.0417836272237203,5.90108018249641,8.209916779873888,65.50816698618213,2.4,23.899999999999995,26.099999999999955,0.4427916666666667
2021-12-25,0,0,0,0.1166428670626904,0.1931666666666666,6.390000000000001,0.0,1.37,1.8616771149550648,1.8220212724701856,2.217381795070929,3.800341254488172,7.37447991472576,65.61222478971149,0.1,10.399999999999997,24.69999999999996,0.4203333333333334
2021-12-26,0,0,0,0.1001112563495372,0.1798333333333333,9.39,0.0,3.48,0.1166428670626904,1.8616771149550648,1.8220212724701856,2.078431238367523,6.289158985812173,61.70215595653572,0.0,2.4999999999999964,24.099999999999955,0.3788333333333333
2021-12-27,1,1,0,1.858060007912245,2.3885,21.45,1.685,5.12,0.1001112563495372,0.1166428670626904,1.8616771149550648,2.074814131324703,8.017677941044145,51.57317452560655,14.8,14.899999999999997,38.79999999999996,0.374125
2021-12-28,1,6,0,7.000712276967697,7.270491803278689,40.220000000000006,2.58,10.57,1.858060007912245,0.1001112563495372,0.1166428670626904,8.95888354122971,14.97660659078812,50.56482583587099,12.5,27.3,51.29999999999996,0.4330833333333333
2021-12-29,0,0,0,0.8063584107214635,1.288,17.25,0.0,0.98,7.000712276967697,1.858060007912245,0.1001112563495372,9.665130695601636,13.565583206438657,34.59087080146209,5.3,32.599999999999994,42.999999999999964,0.4677499999999999
2021-12-30,1,14,5,8.902640629134199,10.400169491525425,66.23,3.76,11.81,0.8063584107214635,7.000712276967697,1.858060007912245,16.70971131682359,20.64620256310267,39.79575335692965,26.4,44.2,61.49999999999996,0.4801249999999999
2021-12-31,1,8,4,16.572425234167095,17.94426229508197,57.06,13.53,16.67,8.902640629134199,0.8063584107214635,7.000712276967697,26.28142427402299,35.356950682314704,43.56686746218904,29.1,60.8,88.19999999999996,0.4775833333333333
2022-01-01,0,0,0,6.248110379664069,7.070833333333334,38.59,5.130000000000001,13.43,16.572425234167095,8.902640629134199,0.8063584107214635,31.723176242965597,41.48841819491607,48.86289810964228,15.8,71.3,103.89999999999996,0.4801666666666666
2022-01-02,1,13,11,3.963217108013052,3.181833333333333,39.29,0.995,8.54,6.248110379664069,16.572425234167095,8.902640629134199,26.783752721844447,45.35152404657959,51.64068303239221,11.3,56.2,115.19999999999996,0.4646666666666666
2022-01-03,1,8,3,6.885391610263847,6.801,36.77,2.38,17.9,3.963217108013052,6.248110379664069,16.572425234167095,17.096719097941197,50.37885564893119,58.39653358997578,19.4,46.5,119.79999999999995,0.4621666666666666
2022-01-04,1,8,3,8.810893214647358,8.096333333333334,35.94,7.295,12.38,6.885391610263847,3.963217108013052,6.248110379664069,19.659501932924485,52.18903658661085,67.16564317739943,18.7,49.39999999999999,125.99999999999994,0.4817499999999999
2022-01-05,0,0,0,3.1998556880713585,3.31542372881356,16.54,1.8,10.18,8.810893214647358,6.885391610263847,3.963217108013052,18.896140512982797,54.58253386396075,68.14811707039985,7.3,45.4,127.99999999999996,0.4975416666666667
2022-01-06,1,4,1,5.743883424723825,6.321833333333333,20.07,6.105,5.9,3.1998556880713585,8.810893214647358,6.885391610263847,17.75463232744277,51.42377665955038,72.0699792226535,12.7,38.7,114.29999999999995,0.4810416666666666
2022-01-07,0,0,0,1.7209617414521143,1.8635593220338984,6.95,1.2000000000000002,1.18,5.743883424723825,3.1998556880713585,8.810893214647358,10.66470085424753,36.5723131668354,71.92926384915053,9.4,29.4,94.59999999999997,0.4984583333333333
2022-01-08,1,3,0,4.645272569538173,5.3175,73.26,1.91,12.6,1.7209617414521143,5.743883424723825,3.1998556880713585,12.110117735714343,34.9694753567095,76.45789355162603,3.2,25.3,81.99999999999996,0.5013333333333333
2022-01-09,1,2,0,7.159046792490495,6.326101694915255,25.96,4.92,15.36,4.645272569538173,1.7209617414521143,5.743883424723825,13.525281103481014,38.16530504118694,83.516829087767,1.8,14.399999999999997,72.49999999999996,0.4975416666666667
2022-01-10,0,0,0,0.8624333201103594,0.9881355932203392,16.8,0.4,1.18,7.159046792490495,4.645272569538173,1.7209617414521143,12.666752682139258,32.14234675103346,82.52120239996509,1.5,6.4999999999999964,54.59999999999995,0.4845
2022-01-11,1,16,7,11.802842577080462,10.218474576271186,59.47,1.77,17.68,0.8624333201103594,7.159046792490495,4.645272569538173,19.824322689681544,35.13429611346656,87.32333270007786,7.5,10.799999999999995,43.39999999999996,0.477125
2022-01-12,1,3,0,4.367061475491489,4.515,33.25,2.085,5.71,11.802842577080462,0.8624333201103594,7.159046792490495,17.03233737268254,36.30150190088669,90.8840357648479,6.0,14.999999999999996,42.09999999999996,0.4771666666666667
2022-01-13,1,2,0,5.680394494657433,4.3758333333333335,18.09,1.795,11.18,4.367061475491489,11.802842577080462,0.8624333201103594,21.850298547229613,36.2380129708203,87.66178963037112,12.4,25.899999999999995,41.79999999999996,0.4675416666666667
2022-01-14,0,0,0,1.146437537085271,1.1740677966101696,14.41,0.2,2.16,5.680394494657433,4.367061475491489,11.802842577080462,11.193893507234424,35.663488766453455,72.23580193328928,5.7,24.099999999999994,38.09999999999996,0.4830833333333333
2022-01-15,0,0,0,0.3518960051563912,0.4806779661016949,7.800000000000001,0.0,0.79,1.146437537085271,5.680394494657433,4.367061475491489,7.178728036899326,31.370112202071677,66.33958755878163,8.0,26.099999999999994,42.89999999999996,0.4747083333333333
2022-01-16,1,29,15,13.45351434608464,10.735666666666669,58.78,5.715,18.52,0.3518960051563912,1.146437537085271,5.680394494657433,14.951847888326531,37.66457975566582,75.82988479685321,7.2,20.899999999999995,48.29999999999996,0.4611666666666666
2022-01-17,1,1,0,1.7812483622835196,1.7725000000000002,38.14,0.2,0.59,13.45351434608464,0.3518960051563912,1.146437537085271,15.586658713524782,38.58339479783898,70.72574154887288,0.2,15.399999999999997,46.99999999999996,0.4449583333333333
2022-01-18,1,12,7,4.078068448443482,3.795333333333333,57.39,0.2,17.89,1.7812483622835196,13.45351434608464,0.3518960051563912,19.312831156811875,30.858620669202,65.992916782669,23.8,31.2,63.29999999999996,0.449375
2022-01-19,1,17,10,10.92480647219612,10.570169491525425,77.67,6.5,24.46,4.078068448443482,1.7812483622835196,13.45351434608464,16.784123282923353,37.41636566590663,73.71786756679376,0.7,24.7,57.99999999999996,0.4801249999999999
2022-01-20,1,22,14,15.395292356065331,8.99864406779661,65.21,1.98,24.26,10.92480647219612,4.078068448443482,1.7812483622835196,30.398167276705166,47.13126352731453,83.36927649813528,0.7,25.2,46.29999999999996,0.4795
2022-01-21,1,1,0,2.04712656714183,1.4788524590163936,18.16,0.0,0.98,15.395292356065331,10.92480647219612,4.078068448443482,28.36722539540352,48.03195255737109,83.695441323825,0.2,1.6,40.79999999999996,0.4539166666666667
2022-01-22,0,0,0,0.2218571328186892,0.257,4.2,0.0,0.42,2.04712656714183,15.395292356065331,10.92480647219612,17.664276056026083,47.901913685033385,79.2720258871055,0.1,1.0,32.89999999999996,0.4113333333333333
2022-01-23,0,0,0,0.1804617819437903,0.2,4.2,0.0,0.2,0.2218571328186892,2.04712656714183,15.395292356065331,2.4494454819045406,34.62886112089254,72.2934408765588,0.0,0.3,25.69999999999996,0.3911666666666666
2022-01-24,0,0,0,0.1600939290719872,0.238,8.879999999999999,0.0,1.58,0.1804617819437903,0.2218571328186892,2.04712656714183,0.5624128438346977,33.00770668768101,71.59110148552043,2.2,2.3000000000000003,27.69999999999996,0.390625
2022-01-25,1,1,0,0.4236703768635804,0.5454098360655738,6.67,0.0,1.97,0.1600939290719872,0.1804617819437903,0.2218571328186892,0.7642260878795889,29.353308616101103,60.21192928530355,4.2,6.4,8.099999999999957,0.412
2022-01-26,1,24,19,6.037932381237464,4.167833333333333,32.94,0.2,18.52,0.4236703768635804,0.1600939290719872,0.1804617819437903,6.621696687173263,24.46643452514245,61.882800191049526,1.2,7.6,8.599999999999957,0.4322083333333333
2022-01-27,1,3,2,5.280168124750756,5.894666666666667,78.05,0.2,15.13,6.037932381237464,0.4236703768635804,0.1600939290719872,11.741770882852032,14.35131029382787,61.48257382114285,0.8,6.2,8.699999999999957,0.4119166666666666
2022-01-28,1,28,12,19.392504565571254,17.576,86.37,14.615,12.49,5.280168124750756,6.037932381237464,0.4236703768635804,30.710605071559712,31.6966882922573,79.72864084962883,10.4,12.4,18.89999999999996,0.428375
2022-01-29,1,10,2,17.372517971834885,17.77084745762712,60.7,14.8,11.18,19.392504565571254,5.280168124750756,6.037932381237464,42.04519066215713,48.84734913127349,96.74926281630732,40.2,51.400000000000006,58.99999999999996,0.48725
2022-01-30,1,13,5,24.379017707259653,26.96183333333333,69.78999999999999,36.775000000000006,5.99,17.372517971834885,19.392504565571254,5.280168124750756,61.14404024466603,73.04590505658936,107.67476617748234,38.0,88.60000000000001,96.99999999999996,0.48025
2022-01-31,1,5,1,8.983862569977747,8.51271186440678,46.5,6.54,3.35,24.379017707259653,17.372517971834885,19.392504565571254,50.73539824907252,81.86967369749512,114.87738038517656,20.0,98.2,114.79999999999995,0.4974166666666667
2022-02-01,1,5,1,9.388333530456665,7.93793103448276,41.370000000000005,2.79,21.25,8.983862569977747,24.379017707259653,17.372517971834885,42.7512138076943,90.8343368510882,120.18764546718975,10.4,68.4,120.99999999999996,0.4839166666666667
2022-02-02,1,12,5,6.100916221387545,6.419827586206897,42.31,2.285,11.99,9.388333530456665,8.983862569977747,24.379017707259653,24.47311232182219,90.89732069123828,115.36375521638116,8.9,39.3,128.69999999999996,0.4727083333333333
2022-02-03,1,3,0,2.662458778025965,2.3893103448275865,32.01,0.2,4.13,6.100916221387545,9.388333530456665,8.983862569977747,18.151708529870405,88.27961134451348,102.6309216383418,12.2,31.5,140.09999999999997,0.4775416666666667
2022-02-04,1,2,2,0.894528066860834,1.0227586206896553,11.2,0.0,2.17,2.662458778025965,6.100916221387545,9.388333530456665,9.657903066274576,69.78163484580307,101.47832313806082,5.0,26.1,134.69999999999993,0.4725
2022-02-05,0,0,0,2.2538163072386017,2.72864406779661,18.69,1.0,7.13,0.894528066860834,2.662458778025965,6.100916221387545,5.810803152125632,54.66293318120679,103.51028231248073,2.1,19.3,96.59999999999997,0.4719166666666667
2022-02-06,0,0,0,0.9767297500934627,1.1858620689655173,12.89,0.2,2.95,2.2538163072386017,0.894528066860834,2.662458778025965,4.125074124193129,31.260645224040594,104.3065502806304,7.8,14.9,66.39999999999995,0.4777916666666666
2022-02-07,1,8,3,7.4861447478936,6.993620689655172,26.34,4.56,5.51,0.9767297500934627,2.2538163072386017,0.894528066860834,10.716690805225896,29.762927401956446,111.632601099452,5.7,15.6,52.09999999999995,0.4861666666666666
2022-02-08,0,0,0,1.0198969925687125,1.0018644067796612,17.76,0.2,1.38,7.4861447478936,0.9767297500934627,2.2538163072386017,9.482771490556006,21.39449086406849,112.22882771515714,1.7,15.2,43.39999999999995,0.48875
2022-02-09,0,0,0,0.4227511760188625,0.4896666666666667,10.6,0.0,1.57,1.0198969925687125,7.4861447478936,0.9767297500934627,8.928792916481406,15.71632581869981,106.61364650993852,0.0,7.4,34.49999999999994,0.466875
2022-02-10,0,0,0,0.296124762271749,0.4062711864406779,7.2,0.0,0.98,0.4227511760188625,1.0198969925687125,7.4861447478936,1.738772930859555,13.349991802945596,101.62960314745952,0.1,1.8,22.399999999999952,0.4340416666666666
2022-02-11,0,0,0,0.4128416344789624,0.5750847457627118,19.4,0.0,0.79,0.296124762271749,0.4227511760188625,1.0198969925687125,1.1317175727698048,12.868305370563723,82.64994021636723,2.3,2.4,19.69999999999995,0.4141666666666666
2022-02-12,0,0,0,0.2219858823753937,0.3337931034482758,10.56,0.0,3.17,0.4128416344789624,0.296124762271749,0.4227511760188625,0.930952279126336,10.836474945700516,65.49940812690774,2.4,4.8,19.99999999999995,0.4110416666666667
2022-02-13,0,0,0,0.0746606160806146,0.101864406779661,2.41,0.0,0.79,0.2219858823753937,0.4128416344789624,0.296124762271749,0.7094881329352016,9.934405811687666,41.1950510357287,0.5,5.2,12.69999999999995,0.408875
2022-02-14,0,0,0,0.478453345729325,0.2313559322033898,4.35,0.0,2.76,0.0746606160806146,0.2219858823753937,0.4128416344789624,0.7750998441855643,2.926714409523393,32.689641811480286,0.5,3.4,7.49999999999995,0.3839583333333333
2022-02-15,0,0,0,0.1627582082110637,0.1544067796610169,3.93,0.0,2.94,0.478453345729325,0.0746606160806146,0.2219858823753937,0.7158721700212344,2.069575625165744,23.46406648923468,5.2,6.2,10.99999999999995,0.4089166666666666
2022-02-16,0,0,0,0.8950197289143812,0.7623728813559323,42.78,0.0,16.05,0.1627582082110637,0.478453345729325,0.0746606160806146,1.5362312828550009,2.5418441780612624,18.25816999676152,0.3,6.0,11.29999999999995,0.4360833333333333
2022-02-17,1,3,1,7.355160123801863,6.243728813559322,34.37,4.13,13.67,0.8950197289143812,0.1627582082110637,0.478453345729325,8.412938060927539,9.600879539591377,22.95087134253741,17.5,23.0,28.69999999999995,0.4406666666666667
2022-02-18,0,0,0,2.942218500570446,2.677627118644068,20.07,0.2,10.98,7.355160123801863,0.8950197289143812,0.1627582082110637,11.19239835328692,12.13025640568286,24.99856177624703,6.6,24.4,32.99999999999995,0.4882083333333333
2022-02-19,0,0,0,0.206935480226896,0.3053333333333333,8.78,0.0,2.95,2.942218500570446,7.355160123801863,0.8950197289143812,10.504314104599436,12.11520600353436,22.95168094923532,2.8,26.9,33.39999999999995,0.4755416666666667
2022-02-20,0,0,0,2.525356980802298,4.103833333333333,24.21,0.2,5.51,0.206935480226896,2.942218500570446,7.355160123801863,5.674510961599872,14.565902368256046,24.50030817994416,2.4,11.8,35.29999999999995,0.4590416666666667
2022-02-21,0,0,0,1.864784197513283,2.1221666666666668,18.68,0.0,8.72,2.525356980802298,0.206935480226896,2.942218500570446,4.597076658542708,15.952233220040004,18.878947629563843,0.1,5.3,34.89999999999995,0.4555416666666667
2022-02-22,1,1,0,2.1096761062146165,2.405593220338983,25.98,0.0,8.31,1.864784197513283,2.525356980802298,0.206935480226896,6.499817284530429,17.899151118043555,19.968726743209743,0.0,2.5,29.699999999999942,0.4399166666666667
2022-02-23,1,6,1,4.785183220818288,4.667966101694915,33.74,0.4,19.14,2.1096761062146165,1.864784197513283,2.525356980802298,8.75964352454642,21.789314609947464,24.33115878800917,10.0,10.1,39.39999999999995,0.4335833333333334
2022-02-24,0,0,0,0.2208875371664382,0.304406779661017,11.57,0.0,0.39,4.785183220818288,2.1096761062146165,1.864784197513283,7.115746864199574,14.65504202331204,24.255921562903858,0.8,10.8,22.69999999999995,0.4329166666666666
2022-02-25,0,0,0,0.0996239386960043,0.1511864406779661,4.74,0.0,1.97,0.2208875371664382,4.785183220818288,2.1096761062146165,5.105694696680962,11.812447461437598,23.9427038671209,0.0,10.8,16.09999999999995,0.388625
2022-02-26,0,0,0,0.0684195540967956,0.1272881355932203,6.71,0.0,0.79,0.0996239386960043,0.2208875371664382,4.785183220818288,0.38893102995947,11.673931535307496,23.789137538842304,0.0,0.8,13.299999999999953,0.3541666666666667
2022-02-27,0,0,0,0.3113171881391319,0.3916949152542373,11.81,0.0,2.76,0.0684195540967956,0.0996239386960043,0.2208875371664382,0.4793606809321638,9.45989174264433,24.02579411090082,0.3,0.3,11.19999999999995,0.3314166666666667
2022-02-28,0,0,0,0.1252948865124783,0.1352542372881356,5.98,0.0,0.59,0.3113171881391319,0.0684195540967956,0.0996239386960043,0.5050316287486378,7.720402431643526,23.67263565168397,0.0,0.3,11.09999999999995,0.3091666666666666
2022-03-01,1,44,33,18.891092927463944,12.466779661016949,107.32,4.55,27.41,0.1252948865124783,0.3113171881391319,0.0684195540967956,19.327705002115785,24.50181925289285,42.40097037093685,15.3,15.6,26.39999999999995,0.30475
2022-03-02,1,3,2,6.9055820611338925,4.9696610169491535,56.32,0.4,4.33,18.891092927463944,0.1252948865124783,0.3113171881391319,25.921969875110545,26.62221809320846,48.41153270315636,0.5,15.8,16.89999999999995,0.3522916666666666
2022-03-03,1,6,3,2.7746951761220013,1.686271186440678,14.41,0.0,7.33,6.9055820611338925,18.891092927463944,0.1252948865124783,28.57137016472007,29.17602573216402,43.8310677554765,0.9,16.7,16.99999999999995,0.3175
2022-03-04,1,19,11,13.255464485726588,10.245333333333331,44.14,5.175000000000001,15.98,2.7746951761220013,6.9055820611338925,18.891092927463944,22.935741722982712,42.33186627919461,54.14431374063264,5.7,7.1000000000000005,22.69999999999995,0.323375
2022-03-05,1,10,10,9.03006385378393,8.501833333333334,57.78,0.4,12.66,13.255464485726588,2.7746951761220013,6.9055820611338925,25.06022351563275,51.29351057888174,62.96744211418968,0.9,7.500000000000001,23.59999999999995,0.374625
2022-03-06,1,1,0,5.151719596210191,4.908,29.31,0.6000000000000001,13.46,9.03006385378393,13.255464485726588,2.7746951761220013,27.43724793572094,56.1339129869528,65.59380472959758,6.2,12.8,29.49999999999995,0.4117916666666667
2022-03-07,1,10,1,6.224255123344872,7.547,52.81,0.79,13.42,5.151719596210191,9.03006385378393,13.255464485726588,20.406038573339224,62.23287322378519,69.95327565542917,1.2,8.3,30.69999999999995,0.4145
2022-03-08,0,0,0,1.509093861452786,2.5020967741935483,57.39,0.0,14.9,6.224255123344872,5.151719596210191,9.03006385378393,12.88506858100808,44.85087415777404,69.35269341066733,0.0,7.4,15.39999999999995,0.415375
2022-03-09,1,2,0,2.2072058502948875,1.7221311475409835,26.82,0.0,7.91,1.509093861452786,6.224255123344872,5.151719596210191,9.940554835092776,40.15249794693503,66.77471604014393,1.1,2.3,15.999999999999952,0.390125
2022-03-10,1,3,3,2.4881766713903697,2.1414754098360653,17.720000000000002,0.2,4.94,2.2072058502948875,1.509093861452786,6.224255123344872,6.2044763831382745,39.86597944220339,69.04200517436786,1.0,2.1,16.09999999999995,0.3723333333333333
2022-03-11,1,1,0,4.321041655992267,4.613870967741936,39.37,3.2750000000000004,7.1,2.4881766713903697,2.2072058502948875,1.509093861452786,9.016424177677754,30.931556612469077,73.26342289166412,2.2,4.300000000000001,12.599999999999952,0.3520416666666666
2022-03-12,1,45,32,33.266953393742384,31.637096774193548,101.28,23.365,21.03,4.321041655992267,2.4881766713903697,2.2072058502948875,40.07617172112525,55.16844615242753,106.46195673130973,22.5,25.7,34.19999999999995,0.4322083333333333
2022-03-13,1,17,13,13.266029873211098,11.18483870967742,46.41,8.754999999999999,24.23,33.266953393742384,4.321041655992267,2.4881766713903697,50.854024922945975,63.28275642942843,119.41666941638168,1.7,26.4,29.69999999999995,0.470625
2022-03-14,1,16,7,12.468185319029647,15.096307692307692,59.0,15.6,17.69,13.266029873211098,33.266953393742384,4.321041655992267,59.00116858598336,69.5266866251132,131.75955984889885,13.0,37.2,41.49999999999995,0.4845
2022-03-15,1,37,21,26.52233628367251,18.036818181818184,112.7,11.34,17.69,12.468185319029647,13.266029873211098,33.266953393742384,52.25655147591348,94.53992904733292,139.39080320510743,18.6,33.3,60.09999999999995,0.4889166666666666
2022-03-16,1,16,10,15.518030156193378,14.704615384615384,52.15,11.82,14.63,26.52233628367251,12.468185319029647,13.266029873211098,54.50855175889576,107.85075335323144,148.0032513001669,14.5,46.1,73.49999999999994,0.4789166666666666
2022-03-17,0,0,0,5.35384933222781,5.559692307692307,39.78,3.54,5.9,15.518030156193378,26.52233628367251,12.468185319029647,47.39421577209392,110.71642601406886,150.5824054562727,1.7,34.800000000000004,74.19999999999995,0.4372499999999999
2022-03-18,0,0,0,3.922396457466157,2.35,16.400000000000002,0.2,8.32,5.35384933222781,15.518030156193378,26.52233628367251,24.794275945887573,110.31778081554276,141.24933742801227,3.0,19.2,74.99999999999994,0.433375
2022-03-19,0,0,0,1.4838793210251884,1.7844615384615383,26.31,0.2,4.92,3.922396457466157,5.35384933222781,15.518030156193378,10.760125110719382,78.53470674282556,133.7031528952535,23.3,28.0,75.79999999999995,0.4562083333333333
2022-03-20,0,0,0,5.92343558104045,5.454923076923077,14.8,6.12,3.74,1.4838793210251884,3.922396457466157,5.35384933222781,11.329711359532023,71.19211245065492,134.4748688800838,8.3,34.6,82.39999999999995,0.4783333333333333
2022-03-21,1,2,2,1.0395006136303038,1.171492537313433,6.93,0.99,2.36,5.92343558104045,1.4838793210251884,3.922396457466157,8.44681551569617,59.76342774525557,129.29011437036922,0.2,31.8,69.59999999999995,0.4490416666666667
2022-03-22,0,0,0,0.1512904809199308,0.239,2.8000000000000003,0.0,2.56,1.0395006136303038,5.92343558104045,1.4838793210251884,7.114226675590912,33.39238194250299,127.93231098983638,0.0,8.5,50.99999999999996,0.433625
2022-03-23,0,0,0,0.1327437571034006,0.2388405797101449,5.909999999999999,0.0,2.76,0.1512904809199308,1.0395006136303038,5.92343558104045,1.3235348516538623,18.007095543413016,125.85784889664488,0.4,0.6000000000000001,36.89999999999996,0.4093333333333333
2022-03-24,0,0,0,0.1789245787164655,0.2594202898550724,14.3,0.0,5.72,0.1327437571034006,0.1512904809199308,1.0395006136303038,0.4629588167400243,12.832170789901667,123.54859680397098,0.0,0.4,35.19999999999995,0.383125
2022-03-25,1,1,0,0.3655727115039746,0.6115942028985507,6.88,0.0,5.37,0.1789245787164655,0.1327437571034006,0.1512904809199308,0.6772410473240682,9.275347043939489,119.59312785948268,0.1,0.5,32.299999999999955,0.3560833333333333
2022-03-26,1,1,0,0.0998291628635856,0.204,3.37,0.0,3.17,0.3655727115039746,0.1789245787164655,0.1327437571034006,0.6443264530842532,7.891296885777884,86.4260036286039,0.7,0.7999999999999999,9.699999999999957,0.3643333333333333
2022-03-27,0,0,0,7.88737162616627,5.198550724637681,44.96,2.37,18.51,0.0998291628635856,0.3655727115039746,0.1789245787164655,8.352773500534058,9.855232930903703,81.04734538155905,18.2,19.0,19.59999999999995,0.4373333333333333
2022-03-28,1,2,0,2.2595397594491566,4.631159420289856,67.09,0.4,14.06,7.88737162616627,0.0998291628635856,0.3655727115039746,10.24674054847924,11.075272076722555,70.83869982197857,3.9,22.8,23.299999999999955,0.5001666666666666
2022-03-29,0,0,0,0.7731463972272616,1.1228985507246378,14.57,0.2,2.16,2.2595397594491566,7.88737162616627,0.0998291628635856,10.920057782842916,11.697127993029886,45.08950993553332,0.7,22.8,23.99999999999996,0.4840833333333333
2022-03-30,0,0,0,0.0508824916464094,0.0704347826086956,2.66,0.0,1.47,0.7731463972272616,2.2595397594491566,7.88737162616627,3.0835686483230558,11.615266727572896,29.62236227098636,0.2,4.8,23.799999999999955,0.4587916666666666
2022-03-31,0,0,0,2.4649106984811366,2.455217391304348,30.74,1.6,3.94,0.0508824916464094,0.7731463972272616,2.2595397594491566,3.2889395873550358,13.901252847337568,26.733423637239685,3.6,4.5,27.399999999999952,0.4801666666666667
2022-04-01,0,0,0,5.903246062161358,5.679411764705883,15.79,6.1450000000000005,1.57,2.4649106984811366,0.0508824916464094,0.7731463972272616,8.419039252289132,19.438926197994952,28.714273241934883,5.0,8.8,32.299999999999955,0.46275
2022-04-02,0,0,0,1.5087536467096727,2.0218840579710147,9.8,1.58,0.98,5.903246062161358,2.4649106984811366,0.0508824916464094,9.876910407352396,20.84785068184104,28.73914756761937,1.9,10.5,33.49999999999996,0.4676249999999999
2022-04-03,0,0,0,0.07313412821267,0.1670588235294118,3.36,0.0,0.79,1.5087536467096727,5.903246062161358,2.4649106984811366,7.485133837083928,13.033613183887438,22.88884611479159,1.3,8.2,16.59999999999996,0.4638333333333333
2022-04-04,1,1,0,0.0107160182739851,0.026865671641791,0.4,0.0,0.2,0.07313412821267,1.5087536467096727,5.903246062161358,1.592603793196555,10.784789442712269,21.86006151943527,1.0,4.2,13.699999999999957,0.442
2022-04-05,0,0,0,1.1639990685988737,1.2346268656716417,13.06,0.2,7.74,0.0107160182739851,0.07313412821267,1.5087536467096727,1.2478492150857563,11.17564211408388,22.872770107114214,4.8,7.1,17.799999999999958,0.4510833333333333
2022-04-06,0,0,0,0.2123945416253881,0.3056716417910447,15.26,0.0,3.57,1.1639990685988737,0.0107160182739851,0.07313412821267,1.3871096284984743,11.337154164062856,22.9524208916362,0.1,5.9,17.69999999999996,0.4395833333333334
2022-04-07,0,0,0,0.0707455342434378,0.1132857142857142,6.14,0.0,2.17,0.2123945416253881,1.1639990685988737,0.0107160182739851,1.4471391444679271,8.94298899982516,22.84424184716317,0.1,5.000000000000001,14.199999999999957,0.4176249999999999
2022-04-08,1,2,2,4.014292914281073,4.611428571428571,25.42,0.395,20.23,0.0707455342434378,0.2123945416253881,1.1639990685988737,4.297432990150127,7.054035851944874,26.492962049940274,12.4,12.6,21.59999999999996,0.4072916666666666
2022-04-09,0,0,0,2.521960130677657,3.623,22.41,0.995,7.31,4.014292914281073,0.0707455342434378,0.2123945416253881,6.606998579202396,8.067242335912859,28.91509301775434,1.2,13.7,20.89999999999996,0.4407916666666667
2022-04-10,0,0,0,0.0384365320029835,0.0647887323943662,2.8000000000000003,0.0,1.0,2.521960130677657,4.014292914281073,0.0707455342434378,6.574689576961942,8.032544739703171,21.066157923591057,0.0,13.6,19.59999999999996,0.4466666666666667
2022-04-11,0,0,0,0.0555184551530866,0.0781159420289855,3.4000000000000004,0.0,0.8,0.0384365320029835,2.521960130677657,4.014292914281073,2.615915117833955,8.077347176582274,18.862136619294983,0.0,1.2000000000000015,18.59999999999996,0.4138333333333333
2022-04-12,0,0,0,0.3014821271561326,0.5326388888888889,20.79,0.0,6.3,0.0555184551530866,0.0384365320029835,2.521960130677657,0.3954371143124301,7.214830235139532,18.39047234922386,9.5,9.500000000000002,23.299999999999955,0.4104166666666666
2022-04-13,0,0,0,1.5552929699964904,1.3340277777777778,7.26,0.8,2.36,0.3014821271561326,0.0555184551530866,0.0384365320029835,1.912293552305937,8.557728663510634,19.89488282757394,1.8,11.300000000000002,24.999999999999957,0.4626666666666666
2022-04-14,0,0,0,0.3683765292595738,0.6771232876712329,4.74,0.2,2.16,1.5552929699964904,0.3014821271561326,0.0555184551530866,2.2251516264124245,8.85535965852677,17.798348658352378,6.0,17.3,30.89999999999996,0.466875
2022-04-15,1,1,0,0.7029084711634175,0.8563513513513514,18.91,0.495,2.16,0.3683765292595738,1.5552929699964904,0.3014821271561326,2.626577970419709,5.543975215409114,12.598011067354436,0.9,8.700000000000001,19.39999999999996,0.47125
2022-04-16,0,0,0,0.9459242601381326,0.9325675675675676,4.16,0.6000000000000001,1.18,0.7029084711634175,0.3683765292595738,1.5552929699964904,2.0172092605613514,3.9679393448695897,12.035181680782896,0.1,7.000000000000002,18.299999999999955,0.4469166666666667
2022-04-17,0,0,0,0.8000479102276277,1.067972972972973,8.27,0.4,2.76,0.9459242601381326,0.7029084711634175,0.3683765292595738,2.448880641529405,4.729550723094234,12.762095462797852,0.8,1.8000000000000018,19.099999999999955,0.4462083333333333
2022-04-18,0,0,0,0.0688733605531359,0.0858108108108108,3.0,0.0,1.37,0.8000479102276277,0.9459242601381326,0.7029084711634175,1.814845530919124,4.742905628494283,12.820252805077002,0.1,1.0000000000000018,19.19999999999996,0.4372499999999999
2022-04-19,0,0,0,0.2347223802407195,0.2169444444444444,4.13,0.0,2.36,0.0688733605531359,0.8000479102276277,0.9459242601381326,1.1036436510217105,4.6761458815788695,11.89097611671885,0.0,0.9000000000000018,9.699999999999957,0.4228333333333333
2022-04-20,0,0,0,0.0050703577824853,0.0054054054054054,0.2,0.0,0.2,0.2347223802407195,0.0688733605531359,0.8000479102276277,0.3086660985765682,3.1259232693648653,11.683651932875946,0.0,0.1000000000000017,7.899999999999958,0.4062083333333333
2022-04-21,0,0,0,0.0030288124410104,0.0056756756756756,0.42,0.0,0.42,0.0050703577824853,0.2347223802407195,0.0688733605531359,0.2428215504644428,2.760575552546302,11.61593521107352,0.0,0.0,1.8999999999999573,0.3863333333333333
2022-04-22,0,0,0,0.0009652727550602,0.0027027027027027,0.2,0.0,0.2,0.0030288124410104,0.0050703577824853,0.2347223802407195,0.0090644429787834,2.0586323541379445,7.602607569547506,0.2,0.2000000000000018,1.199999999999957,0.365375
2022-04-23,0,0,0,0.1004399300662256,0.1713513513513513,2.99,0.0,1.0,0.0009652727550602,0.0030288124410104,0.0050703577824853,0.1044340152625237,1.2131480240660375,5.181087368936075,0.0,0.2000000000000018,1.0999999999999572,0.3396666666666666
2022-04-24,0,0,0,0.0,0.0,0.0,0.0,0.0,0.1004399300662256,0.0009652727550602,0.0030288124410104,0.1014052028215132,0.4131001138384099,5.142650836933091,0.0,0.2000000000000018,0.2999999999999574,0.320375
2022-04-25,0,0,0,0.021708669941733,0.0027027027027027,0.2,0.0,0.2,0.0,0.1004399300662256,0.0009652727550602,0.1221486000081861,0.365935423227007,5.108841051721738,0.0,0.0,0.1999999999999573,0.308625
2022-04-26,0,0,0,0.050680366947166,0.1032,6.34,0.0,4.33,0.021708669941733,0.0,0.1004399300662256,0.0723890368891265,0.1818934099334535,4.858039291512771,0.0,0.0,0.1999999999999573,0.2929583333333333
2022-04-27,0,0,0,0.0816621767980112,0.1982894736842105,10.93,0.0,3.56,0.050680366947166,0.021708669941733,0.0,0.1540512136871378,0.2584852289489794,3.384408498314292,0.0,0.0,0.1999999999999573,0.275125
2022-04-28,0,0,0,0.2001715459659372,0.4601351351351352,31.07,0.0,4.53,0.0816621767980112,0.050680366947166,0.021708669941733,0.332514089711342,0.4556279624739062,3.216203515020656,0.0,0.0,0.1999999999999573,0.2543333333333333
2022-04-29,0,0,0,0.6891671879893766,1.0916,36.720000000000006,0.0,16.3,0.2001715459659372,0.0816621767980112,0.050680366947166,0.9710009107535524,1.1438298777082223,3.2024622318466145,13.6,13.6,13.599999999999955,0.307875
2022-04-30,0,0,0,7.174432156714296,9.468421052631578,51.23,5.23,6.14,0.6891671879893766,0.2001715459659372,0.0816621767980112,8.063770890669836,8.217822104356292,9.430970128422778,1.6,15.2,15.199999999999957,0.472875
2022-05-01,0,0,0,0.2517457000349478,0.2842666666666667,8.13,0.2,0.98,7.174432156714296,0.6891671879893766,0.2001715459659372,8.115345044738847,8.46956780439124,8.882667918230098,0.6,15.8,15.799999999999956,0.4401666666666666
2022-05-02,0,0,0,0.7537463664852957,1.3256756756756756,23.4,0.0,13.02,0.2517457000349478,7.174432156714296,0.6891671879893766,8.179924223234767,9.201605500934804,9.56754092416226,0.3,2.5000000000000018,16.09999999999996,0.41575
2022-05-03,0,0,0,0.0450270998326673,0.0677027027027027,1.2000000000000002,0.0,0.6,0.7537463664852957,0.2517457000349478,7.174432156714296,1.0505191663531384,9.195952233820304,9.377845643754206,0.0,0.9000000000000017,16.09999999999996,0.3945
2022-05-04,0,0,0,4.4818764330116805,4.381184210526317,8.88,4.53,4.53,0.0450270998326673,0.7537463664852957,0.2517457000349478,5.280649899329871,13.596166490033973,13.8546517189834,6.7,7.000000000000002,22.79999999999996,0.4092083333333333
2022-05-05,0,0,0,0.4382560600399227,0.5318421052631579,3.1900000000000004,0.4,1.57,4.4818764330116805,0.0450270998326673,0.7537463664852957,4.965159592884497,13.834251004107958,14.289878966582313,0.9,7.600000000000002,23.69999999999996,0.431875
2022-05-06,0,0,0,0.2263853397063888,0.3674666666666667,2.6,0.2,0.6,0.4382560600399227,4.4818764330116805,0.0450270998326673,5.146517832758219,13.371469155824972,14.515299033533642,0.2,7.800000000000002,10.299999999999958,0.4226666666666667
2022-05-07,0,0,0,0.0023723416924108,0.0081081081081081,0.4,0.0,0.2,0.2263853397063888,0.4382560600399227,4.4818764330116805,0.6670137414389498,6.199409340803086,14.417231445159826,0.2,1.3000000000000018,8.899999999999958,0.3983333333333334
2022-05-08,0,0,0,0.0052830867597053,0.0105263157894736,0.4,0.0,0.2,0.0023723416924108,0.2263853397063888,0.4382560600399227,0.2340407681587324,5.952946727527843,14.422514531919532,0.3,0.7000000000000017,8.599999999999959,0.3811666666666666
2022-05-09,0,0,0,0.0010009040968516,0.0026315789473684,0.2,0.0,0.2,0.0052830867597053,0.0023723416924108,0.2263853397063888,0.0086563325491952,5.200201265139399,14.40180676607465,0.0,0.5000000000000018,8.299999999999958,0.3663333333333333
2022-05-10,0,0,0,0.0496110094182761,0.0438961038961038,3.38,0.0,1.18,0.0010009040968516,0.0052830867597053,0.0023723416924108,0.0558950002750604,5.204785174725009,14.40073740854576,0.0,0.3000000000000017,8.299999999999958,0.3482916666666666
2022-05-11,1,1,0,5.419489107372226,3.615194805194805,11.14,3.36,7.42,0.0496110094182761,0.0010009040968516,0.0052830867597053,5.470101020887581,6.142397849085555,19.73856433911997,1.0,1.0000000000000018,2.599999999999957,0.3498333333333333
2022-05-12,0,0,0,0.0758888464977804,0.1314285714285714,2.35,0.0,0.59,5.419489107372226,0.0496110094182761,0.0010009040968516,5.544988963288509,5.780030635543413,19.61428163965182,2.8,3.8000000000000016,4.499999999999957,0.3874583333333333
2022-05-13,0,0,0,0.0543937293829737,0.0734210526315789,5.38,0.0,0.39,0.0758888464977804,5.419489107372226,0.0496110094182761,5.549771683253208,5.608039025219997,18.979508181045414,0.1,3.9000000000000017,4.399999999999957,0.3840416666666666
2022-05-14,0,0,0,0.0377199825709664,0.0367105263157894,1.99,0.0,0.41,0.0543937293829737,0.0758888464977804,5.419489107372226,0.168002558451948,5.643386666098553,11.842796006902086,0.0,2.9000000000000017,4.199999999999957,0.3628333333333333
2022-05-15,0,0,0,4.522149290345584,4.169350649350649,9.46,4.14,3.74,0.0377199825709664,0.0543937293829737,0.0758888464977804,4.614263002299752,10.160252869684433,16.113199597212724,4.2,4.3000000000000025,8.099999999999957,0.423125
2022-05-16,0,0,0,0.1001048005468029,0.1338157894736842,9.37,0.0,2.6,4.522149290345584,0.0377199825709664,0.0543937293829737,4.659974073463581,10.259356766134385,15.459558031274227,0.3,4.500000000000002,8.399999999999958,0.4460833333333333
2022-05-17,0,0,0,0.1646622189093716,0.229078947368421,15.61,0.0,5.9,0.1001048005468029,4.522149290345584,0.0377199825709664,4.786916309801986,10.37440797562548,15.579193150350934,0.0,4.500000000000002,8.399999999999958,0.4188333333333333
2022-05-18,0,0,0,0.394424701022257,0.6964,15.22,0.0,3.94,0.1646622189093716,0.1001048005468029,4.522149290345584,0.6591917204786589,5.349343569275509,11.491741418361512,0.0,0.3000000000000017,7.399999999999957,0.380875
2022-05-19,0,0,0,0.0,0.0,0.0,0.0,0.0,0.394424701022257,0.1646622189093716,0.1001048005468029,0.559086919931856,5.273454722777728,11.05348535832159,0.6,0.6000000000000018,5.199999999999957,0.3615416666666666
2022-05-20,0,0,0,0.004273084778951,0.0078947368421052,0.2,0.0,0.2,0.0,0.394424701022257,0.1646622189093716,0.3986977858014354,5.223334078173706,10.83137310339415,0.0,0.6000000000000018,5.099999999999957,0.3582916666666667
2022-05-21,0,0,0,0.001002795134297,0.0026315789473684,0.2,0.0,0.2,0.004273084778951,0.0,0.394424701022257,0.0052758799134754,5.186616890737036,10.830003556836036,0.0,0.6000000000000018,5.099999999999957,0.3486666666666667
2022-05-22,0,0,0,0.0089750164519585,0.0235526315789473,1.79,0.0,0.8,0.001002795134297,0.004273084778951,0.0,0.014250896365434,0.6734426168434109,10.83369548652829,0.0,0.0,0.8999999999999573,0.330875
2022-05-23,0,0,0,0.0092261550876847,0.0242666666666666,1.82,0.0,0.63,0.0089750164519585,0.001002795134297,0.004273084778951,0.0192039666741677,0.5825639713842927,10.841920737519125,0.0,0.0,0.5999999999999572,0.3144583333333333
2022-05-24,0,0,0,0.0210514456115735,0.0528,3.76,0.0,1.57,0.0092261550876847,0.0089750164519585,0.001002795134297,0.0392526171514442,0.4389531980864946,10.81336117371242,0.0,0.0,0.5999999999999572,0.299375
2022-05-25,0,0,0,0.0250783999189682,0.0662162162162162,4.9,0.0,1.47,0.0210514456115735,0.0092261550876847,0.0089750164519585,0.0553560006184539,0.0696068969832058,5.4189504662591625,0.0,0.0,0.5999999999999572,0.2839166666666666
2022-05-26,0,0,0,0.0090740756082174,0.0238666666666666,1.79,0.0,0.4,0.0250783999189682,0.0210514456115735,0.0092261550876847,0.0552039211389865,0.0786809725914232,5.3521356953696,0.0,0.0,0.0,0.26825
2022-05-27,0,0,0,0.0068918250311084,0.0181578947368421,1.38,0.0,1.18,0.0090740756082174,0.0250783999189682,0.0210514456115735,0.0410443005585215,0.0812997128435806,5.304633791017734,0.0,0.0,0.0,0.25275
2022-05-28,0,0,0,0.021929909679828,0.0579999999999999,4.35,0.0,2.76,0.0068918250311084,0.0090740756082174,0.0250783999189682,0.0378958103193812,0.1022268273891116,5.288843718126596,0.0,0.0,0.0,0.2370416666666666
2022-05-29,0,0,0,0.017876369190957,0.0398666666666666,2.19,0.0,0.59,0.021929909679828,0.0068918250311084,0.0090740756082174,0.0466981039021209,0.1111281801281101,0.7845707969719686,0.0,0.0,0.0,0.220875
2022-05-30,1,7,3,16.497747459987846,15.915733333333334,29.92,16.71,6.3,0.017876369190957,0.021929909679828,0.0068918250311084,16.537553738858858,16.59964948502827,17.18221345641301,2.6,2.600000000000002,2.599999999999957,0.20675
2022-05-31,0,0,0,10.043957943485989,9.1528,27.74,9.66,9.17,16.497747459987846,0.017876369190957,0.021929909679828,26.55958177266502,26.62255598290269,27.061509180989628,3.6,6.200000000000002,6.1999999999999575,0.3267083333333333
2022-06-01,0,0,0,1.9836471001070952,2.2732,6.550000000000001,2.19,1.38,10.043957943485989,16.497747459987846,0.017876369190957,28.52535250358116,28.581124683090813,28.650731580074464,5.3,11.500000000000002,11.499999999999956,0.4497916666666666
2022-06-02,0,0,0,0.0417095410508193,0.0794520547945205,1.2000000000000002,0.0,0.2,1.9836471001070952,10.043957943485989,16.497747459987846,12.06931458464413,28.61376014853341,28.69244112112528,2.4,11.300000000000002,13.899999999999958,0.4402916666666667
2022-06-03,0,0,0,0.4452379110095143,0.4142666666666666,3.3800000000000003,0.2,0.59,0.0417095410508193,1.9836471001070952,10.043957943485989,2.470594552167656,29.05210623451182,29.13340594735585,2.0,9.7,15.899999999999958,0.4412916666666666
2022-06-04,0,0,0,0.5073737374316629,0.81,3.3800000000000003,0.2,0.59,0.4452379110095143,0.0417095410508193,1.9836471001070952,0.994321189492224,29.53755006226365,29.639776889653213,1.0,5.400000000000002,16.899999999999956,0.4447916666666667
2022-06-05,0,0,0,0.0368604003104576,0.0917567567567567,4.39,0.0,0.98,0.5073737374316629,0.4452379110095143,0.0417095410508193,0.989472048751862,29.55653409338316,29.667662273511716,0.0,3.0000000000000018,16.899999999999956,0.4189166666666666
2022-06-06,0,0,0,0.0067870159057059,0.0164383561643835,0.4,0.0,0.2,0.0368604003104576,0.5073737374316629,0.4452379110095143,0.5510211536480538,13.065573649301015,29.66522313432973,0.0,1.0000000000000018,14.299999999999958,0.3922916666666667
2022-06-07,0,0,0,2.5775768182431134,2.5073972602739727,11.22,2.18,2.76,0.0067870159057059,0.0368604003104576,0.5073737374316629,2.621224234459504,5.599192524058141,32.22174850696128,2.7,2.700000000000002,13.399999999999956,0.3793333333333333
2022-06-08,0,0,0,4.87443226292637,4.415810810810811,9.83,5.12,3.15,2.5775768182431134,0.0067870159057059,0.0368604003104576,7.4587960970754175,8.489977686877417,37.07110236996868,6.9,9.6,14.999999999999956,0.44675
2022-06-09,0,0,0,5.4385969722999485,4.603866666666667,20.08,4.13,7.1,4.87443226292637,2.5775768182431134,0.0067870159057059,12.89060605346966,13.886865118126543,42.50062526666041,0.2,9.800000000000002,12.799999999999956,0.4398333333333333
2022-06-10,1,2,1,9.116676525075434,9.559866666666666,22.81,9.27,10.13,5.4385969722999485,4.87443226292637,2.5775768182431134,19.42970576030198,22.558303732192464,51.61040996670473,10.2,17.3,20.99999999999996,0.4759166666666666
2022-06-11,0,0,0,0.3348640472274692,0.4521917808219178,3.8,0.2,0.98,9.116676525075434,5.4385969722999485,4.87443226292637,14.89013754460308,22.38579404198827,51.92334410425237,1.2,11.6,21.19999999999996,0.4624583333333333
2022-06-12,0,0,0,0.0683645252578973,0.1236986301369863,3.43,0.0,0.63,0.3348640472274692,9.116676525075434,5.4385969722999485,9.519905097561027,22.417298166935712,51.97383226031931,0.0,11.4,21.19999999999996,0.4391666666666666
2022-06-13,0,0,0,0.1335849617865674,0.2127397260273972,6.12,0.0,2.1,0.0683645252578973,0.3348640472274692,9.116676525075434,0.5368135342721614,22.54409611281657,35.60966976211804,0.0,1.2000000000000015,21.19999999999996,0.41575
2022-06-14,0,0,0,0.0415639271648993,0.0581944444444444,1.59,0.0,0.39,0.1335849617865674,0.0683645252578973,0.3348640472274692,0.2435134142095915,20.00808322173836,25.607275745796947,0.0,0.0,18.49999999999996,0.400625
2022-06-15,0,0,0,0.0528502067685756,0.0708333333333333,2.51,0.0,1.47,0.0415639271648993,0.1335849617865674,0.0683645252578973,0.2279990957202697,15.186501165580564,23.676478852458427,0.3,0.3000000000000017,11.899999999999956,0.3882083333333333
2022-06-16,0,0,0,0.054674570048208,0.0838028169014084,2.97,0.0,1.38,0.0528502067685756,0.0415639271648993,0.1335849617865674,0.1490887039819103,9.802578763328825,23.68944388145582,0.0,0.3000000000000017,11.699999999999957,0.3752083333333333
2022-06-17,0,0,0,0.021271126148184,0.0302777777777777,1.38,0.0,0.39,0.054674570048208,0.0528502067685756,0.0415639271648993,0.1287959029651951,0.7071733644015737,23.265477096594484,0.0,0.3000000000000017,1.4999999999999574,0.3584583333333333
2022-06-18,0,0,0,0.4721555876755692,0.6088888888888889,3.93,0.2,2.56,0.021271126148184,0.054674570048208,0.0528502067685756,0.5481012838721888,0.8444649048496737,23.230258946838397,9.2,9.2,9.499999999999956,0.3965
2022-06-19,0,0,0,0.0339546470341493,0.0638888888888889,0.6000000000000001,0.0,0.2,0.4721555876755692,0.021271126148184,0.054674570048208,0.52738136085813,0.8100550266259258,23.227353193562084,0.6,9.8,10.099999999999955,0.4424166666666667
2022-06-20,0,0,0,0.006308462922462,0.0136986301369863,0.4,0.0,0.2,0.0339546470341493,0.4721555876755692,0.021271126148184,0.512418697632408,0.6827785277618204,23.22687464057884,8.3,18.1,18.39999999999996,0.4556666666666666
2022-06-21,0,0,0,0.0030171149683441,0.0054794520547945,0.2,0.0,0.2,0.006308462922462,0.0339546470341493,0.4721555876755692,0.0432802249251828,0.6442317155652652,20.65231493730407,0.0,8.900000000000002,18.39999999999996,0.4430416666666667
2022-06-22,0,0,0,0.0047514060821823,0.0082191780821917,0.2,0.0,0.2,0.0030171149683441,0.006308462922462,0.0339546470341493,0.0140769839732158,0.5961329148788719,15.782634080459882,0.0,8.300000000000002,18.09999999999996,0.413
2022-06-23,0,0,0,0.0010346553877038,0.0027397260273972,0.2,0.0,0.2,0.0047514060821823,0.0030171149683441,0.006308462922462,0.0088031764384576,0.5424930002183675,10.345071763547638,0.0,0.0,18.09999999999996,0.3866666666666667
2022-06-24,0,0,0,0.0026132384633361,0.0054794520547945,0.2,0.0,0.2,0.0010346553877038,0.0047514060821823,0.0030171149683441,0.0083992999334496,0.5238351125335197,1.2310084769355412,0.0,0.0,18.09999999999996,0.367625
2022-06-25,0,0,0,0.006723859027098,0.010958904109589,0.4,0.0,0.2,0.0026132384633361,0.0010346553877038,0.0047514060821823,0.0103717528783653,0.0584033838850484,0.9028682887351698,0.5,0.5000000000000018,9.399999999999958,0.3624583333333333
2022-06-26,0,0,0,0.3262769416352513,0.5691780821917809,5.0,0.4,0.59,0.006723859027098,0.0026132384633361,0.0010346553877038,0.3356140391259128,0.3507256784861504,1.1607807051125238,0.5,1.0000000000000018,9.299999999999958,0.39625
2022-06-27,0,0,0,0.0096295223031819,0.0272602739726027,0.8,0.0,0.39,0.3262769416352513,0.006723859027098,0.0026132384633361,0.3426303229657587,0.3540467378668703,1.0368252656291383,0.0,1.0000000000000018,0.9999999999999574,0.3977083333333333
2022-06-28,0,0,0,0.0010346553877038,0.0027397260273972,0.2,0.0,0.2,0.0096295223031819,0.3262769416352513,0.006723859027098,0.3369411193263644,0.35206427828623,0.9962959938519428,0.0,0.5000000000000018,0.9999999999999574,0.3789583333333333
2022-06-29,0,0,0,0.068599770801155,0.1375,5.92,0.0,2.36,0.0010346553877038,0.0096295223031819,0.3262769416352513,0.0792639484922682,0.4159126430052027,1.0120455578845222,0.0,0.0,0.9999999999999574,0.3565833333333333
2022-06-30,0,0,0,0.0084468052463561,0.01125,0.41,0.0,0.41,0.068599770801155,0.0010346553877038,0.0096295223031819,0.0780812314354424,0.423324792863855,0.9658177930826704,0.0,0.0,0.9999999999999574,0.3372916666666667
2022-07-01,0,0,0,0.0103625548755211,0.0214864864864864,0.79,0.0,0.79,0.0084468052463561,0.068599770801155,0.0010346553877038,0.0874091309232597,0.43107410927604,0.9549092218100076,0.0,0.0,0.9999999999999574,0.3230416666666666
2022-07-02,0,0,0,0.0242323230506333,0.0624657534246575,4.16,0.0,0.98,0.0103625548755211,0.0084468052463561,0.068599770801155,0.043041683172738,0.4485825732995754,0.5069859571850714,0.0,0.0,0.4999999999999573,0.3082916666666667
2022-07-03,0,0,0,0.0010388675864798,0.0027397260273972,0.2,0.0,0.2,0.0242323230506333,0.0103625548755211,0.0084468052463561,0.0356337455128617,0.1233444992508039,0.474070177737402,0.0,0.0,0.0,0.2921249999999999
2022-07-04,0,0,0,0.0,0.0,0.0,0.0,0.0,0.0010388675864798,0.0242323230506333,0.0103625548755211,0.0252711906373405,0.1137149769476219,0.46776171481494,0.0,0.0,0.0,0.2785416666666666
2022-07-05,0,0,0,0.0924268167460141,0.0876712328767123,5.8,0.0,2.94,0.0,0.0010388675864798,0.0242323230506333,0.0934656843327213,0.2051071383059322,0.5571714165926099,0.0,0.0,0.0,0.2639583333333333
2022-07-06,0,0,0,0.0244500710940956,0.0219444444444444,1.58,0.0,0.98,0.0924268167460141,0.0,0.0010388675864798,0.116876887840337,0.1609574385988728,0.5768700816045231,0.0,0.0,0.0,0.2491666666666666
2022-07-07,0,0,0,0.001911204400633,0.0027397260273972,0.2,0.0,0.2,0.0244500710940956,0.0924268167460141,0.0,0.1187880922409701,0.1544218377531497,0.5777466306174525,0.0,0.0,0.0,0.2355416666666666
2022-07-08,0,0,0,0.0030567800099972,0.0027027027027027,0.2,0.0,0.2,0.001911204400633,0.0244500710940956,0.0924268167460141,0.0294180555049532,0.1471160628876258,0.5781901721641136,0.0,0.0,0.0,0.22275
2022-07-09,0,0,0,0.308146300433784,0.2743835616438356,20.03,0.0,7.39,0.0030567800099972,0.001911204400633,0.0244500710940956,0.3131142848446417,0.4310300402707765,0.8796126135707996,0.0,0.0,0.0,0.2119166666666666
2022-07-10,0,0,0,0.2461478186190985,0.2191780821917808,16.0,0.0,3.27,0.308146300433784,0.0030567800099972,0.001911204400633,0.5573508990631073,0.6761389913033953,0.7994834905546468,0.0,0.0,0.0,0.2016249999999999
2022-07-11,0,0,0,0.1813446491225404,0.176986301369863,11.11,0.0,3.99,0.2461478186190985,0.308146300433784,0.0030567800099972,0.7356387681756504,0.8574836404259356,0.9711986173740051,0.0,0.0,0.0,0.18875
2022-07-12,0,0,0,0.2142628237152474,0.3364864864864865,15.12,0.0,3.6,0.1813446491225404,0.2461478186190985,0.308146300433784,0.6417552914571137,0.9793196473951692,1.184426785701549,0.2,0.2000000000000018,0.1999999999999573,0.1728333333333333
2022-07-13,0,0,0,0.3370611923717515,0.3677027027027027,20.02,0.0,2.56,0.2142628237152474,0.1813446491225404,0.2461478186190985,0.7326686652097667,1.2919307686728247,1.4528882072721452,1.0,1.2000000000000015,1.199999999999957,0.1825
2022-07-14,0,0,0,0.1806120934416863,0.2204166666666666,9.26,0.0,3.2,0.3370611923717515,0.2142628237152474,0.1813446491225404,0.7319361095289127,1.470631657713878,1.6250534954674756,0.0,1.2000000000000015,1.199999999999957,0.1912916666666666
2022-07-15,0,0,0,0.1911829325049106,0.1820833333333333,11.69,0.0,3.54,0.1806120934416863,0.3370611923717515,0.2142628237152474,0.7088562183185758,1.6587578102087914,1.8058738730968649,0.0,1.0000000000000018,1.199999999999957,0.177625
2022-07-16,0,0,0,0.2146982400801637,0.1930555555555555,13.5,0.0,4.27,0.1911829325049106,0.1806120934416863,0.3370611923717515,0.586493266026988,1.5653097498551711,1.9963397901263955,0.0,0.0,1.199999999999957,0.1634166666666666
2022-07-17,0,0,0,0.2832412230818003,0.2530555555555555,18.02,0.0,3.15,0.2146982400801637,0.1911829325049106,0.1806120934416863,0.689122395667102,1.602403154317873,2.278542145621716,0.0,0.0,1.199999999999957,0.1519166666666666
2022-07-18,0,0,0,0.24126098284118,0.2299999999999999,14.99,0.0,2.31,0.2832412230818003,0.2146982400801637,0.1911829325049106,0.7392004460033714,1.6623194880365126,2.519803128462896,0.0,0.0,1.199999999999957,0.1546666666666666
2022-07-19,0,0,0,0.3313251231912301,0.3013888888888889,20.9,0.0,9.55,0.24126098284118,0.2832412230818003,0.2146982400801637,0.8558273291144378,1.779381787512495,2.758701434908112,0.0,0.0,0.9999999999999574,0.1522916666666666
2022-07-20,0,0,0,0.0598525455685519,0.0830555555555555,2.78,0.0,0.98,0.3313251231912301,0.24126098284118,0.2832412230818003,0.6324386516011895,1.5021731407092958,2.794103909382568,0.3,0.3000000000000017,0.2999999999999573,0.1499166666666666
2022-07-21,0,0,0,0.1562653739708254,0.1384722222222222,9.97,0.0,5.74,0.0598525455685519,0.3313251231912301,0.24126098284118,0.5474430427308349,1.4778264212384349,2.9484580789527604,0.0,0.3000000000000017,0.2999999999999573,0.145625
2022-07-22,0,0,0,0.3570436528641328,0.3163888888888889,22.78,0.0,2.96,0.1562653739708254,0.0598525455685519,0.3313251231912301,0.5731615724037376,1.643687141597657,3.3024449518068963,0.0,0.3000000000000017,0.2999999999999573,0.1359583333333333
2022-07-23,0,0,0,0.6131495917491165,0.5433333333333333,39.12,0.0,2.56,0.3570436528641328,0.1562653739708254,0.0598525455685519,1.1264586185843022,2.04213849326661,3.607448243122229,0.0,0.0,0.2999999999999573,0.12725
2022-07-24,0,0,0,0.0556411311531023,0.0493055555555555,3.55,0.0,1.38,0.6131495917491165,0.3570436528641328,0.1562653739708254,1.025834375766579,1.814538401337912,3.4169415556562326,0.0,0.0,0.2999999999999573,0.1210416666666666
2022-07-25,0,0,0,0.0836968001007229,0.0741666666666666,5.34,0.0,1.57,0.0556411311531023,0.6131495917491165,0.3570436528641328,0.7524875230031692,1.656974218597455,3.319293706634415,0.0,0.0,0.2999999999999573,0.1167916666666666
2022-07-26,0,0,0,0.1776879565656617,0.1582191780821917,11.55,0.0,1.47,0.0836968001007229,0.0556411311531023,0.6131495917491165,0.3170258878197144,1.5033370519718865,3.282718839484829,0.0,0.0,0.2999999999999573,0.1139583333333333
2022-07-27,0,0,0,0.3429943834668138,0.3017808219178082,22.03,0.0,4.13,0.1776879565656617,0.0836968001007229,0.0556411311531023,0.604379140133426,1.7864788898701485,3.288652030579892,0.0,0.0,0.0,0.1136666666666666
2022-07-28,0,0,0,0.3823843531096552,0.3411111111111111,24.16,0.0,6.99,0.3429943834668138,0.1776879565656617,0.0836968001007229,0.9030666931423582,2.012597869008978,3.4904242902478604,0.0,0.0,0.0,0.111
2022-07-29,0,0,0,7.335885289577804,6.050704225352113,21.15,6.5,4.33,0.3823843531096552,0.3429943834668138,0.1776879565656617,8.0612640261545,8.99143950572265,10.635126647320751,7.0,7.000000000000002,6.999999999999957,0.1387083333333333
2022-07-30,0,0,0,0.5811116663674534,0.5441095890410959,35.92,0.0,23.29,7.335885289577804,0.3823843531096552,0.3429943834668138,8.29938130905514,8.959401580340984,11.001540073608044,0.1,7.100000000000001,7.099999999999957,0.1764166666666666
2022-07-31,0,0,0,0.0560359305101281,0.0531944444444444,3.43,0.0,0.61,0.5811116663674534,7.335885289577804,0.3823843531096552,7.973032886455613,8.95979637969801,10.774334781036371,0.0,7.100000000000001,7.099999999999957,0.1643333333333333
2022-08-01,0,0,0,0.0277494565473277,0.0328767123287671,1.4,0.0,0.4,0.0560359305101281,0.5811116663674534,7.335885289577804,0.6648970534251367,8.903849036144617,10.56082325474252,0.0,0.1000000000000017,7.099999999999957,0.1514583333333333
2022-08-02,0,0,0,0.091592177148987,0.0868493150684931,5.720000000000001,0.0,1.57,0.0277494565473277,0.0560359305101281,0.5811116663674534,0.1753775642066704,8.817753256727942,10.321090308700276,0.0,0.0,7.099999999999957,0.1384999999999999
2022-08-03,0,0,0,0.1438705637829408,0.1306849315068493,9.14,0.0,1.38,0.091592177148987,0.0277494565473277,0.0560359305101281,0.2632121974794831,8.618629437044069,10.405108326914664,0.0,0.0,7.099999999999957,0.128
2022-08-04,0,0,0,0.1433210240429591,0.1320547945205479,9.04,0.0,1.18,0.1438705637829408,0.091592177148987,0.0277494565473277,0.3787837649751144,8.379566107977373,10.3921639769868,0.0,0.0,7.099999999999957,0.1204583333333333
2022-08-05,0,0,0,1.2466751799007068,1.7559722222222225,13.25,0.4,4.93,0.1433210240429591,0.1438705637829408,0.091592177148987,1.5338667677268345,2.290355998300275,11.281795504023371,0.5,0.5000000000000018,0.5999999999999573,0.1202083333333333
2022-08-06,0,0,0,0.3337382875754487,0.3509722222222222,16.07,0.0,4.77,1.2466751799007068,0.1433210240429591,0.1438705637829408,1.723734491519342,2.0429826195082703,11.002384199849706,0.0,0.5000000000000018,0.4999999999999573,0.1365416666666666
2022-08-07,0,0,0,0.7007676901072062,0.3971830985915493,1.97,0.2,1.77,0.3337382875754487,1.2466751799007068,0.1433210240429591,2.281181157583589,2.687714379105348,11.64751075880381,1.6,2.100000000000002,2.099999999999957,0.1392916666666666
2022-08-08,0,0,0,10.611039959091825,9.82,19.52,11.24,1.57,0.7007676901072062,0.3337382875754487,1.2466751799007068,11.645545936774706,13.271004881649844,22.174853917794916,15.6,17.200000000000003,17.699999999999957,0.3040833333333333
2022-08-09,0,0,0,1.3550030801547204,1.4613888888888888,12.46,1.19,2.95,10.611039959091825,0.7007676901072062,0.3337382875754487,12.666810729353978,14.534415784655575,23.35216904138397,6.0,23.200000000000003,23.69999999999996,0.3655833333333333
2022-08-10,0,0,0,9.868994388473332,9.261081081081082,27.53,10.29,4.92,1.3550030801547204,10.611039959091825,0.7007676901072062,21.835037427720103,24.25953960934597,32.87816904639049,6.8,28.4,30.49999999999996,0.4393333333333333
2022-08-11,0,0,0,2.072682300888027,2.00027397260274,8.0,1.8,1.38,9.868994388473332,1.3550030801547204,10.611039959091825,13.296679769516306,26.18890088619104,34.56846699416886,1.9,14.7,32.39999999999996,0.4303333333333333
2022-08-12,0,0,0,2.3022801278343668,2.1704054054054054,72.68,1.1,14.06,2.072682300888027,9.868994388473332,1.3550030801547204,14.243956817195954,27.24450583412469,29.53486183242542,0.0,8.700000000000001,31.89999999999996,0.4199166666666666
2022-08-13,0,0,0,0.0425468023147801,0.0769444444444444,2.96,0.0,0.98,2.3022801278343668,2.072682300888027,9.868994388473332,4.417509231037401,26.95331434886403,28.99629696837275,0.0,1.9000000000000017,31.89999999999996,0.3875833333333333
2022-08-14,0,0,0,0.045881111282948,0.0682857142857142,1.78,0.0,1.78,0.0425468023147801,2.3022801278343668,2.072682300888027,2.3907080414323225,26.298427770039773,28.98614214914557,0.0,0.0,30.299999999999955,0.3538333333333334
2022-08-15,0,0,0,0.0766514694622107,0.0677464788732394,3.81,0.0,0.63,0.045881111282948,0.0425468023147801,2.3022801278343668,0.1650793830601663,15.764039280410156,29.03504416206045,0.0,0.0,14.699999999999957,0.3195833333333333
2022-08-16,0,0,0,0.3450259300275519,0.303,17.97,0.0,1.98,0.0766514694622107,0.045881111282948,0.0425468023147801,0.4675585107729381,14.754062130282987,29.28847791493902,0.0,0.0,8.699999999999957,0.283125
2022-08-17,0,0,0,0.2590345769096341,0.2316901408450704,6.05,0.0,1.77,0.3450259300275519,0.0766514694622107,0.045881111282948,0.6807119763996241,5.144102318719289,29.40364192806571,0.0,0.0,1.8999999999999573,0.2607083333333334
2022-08-18,0,0,0,0.0887967853571444,0.1218309859154929,2.82,0.0,1.2,0.2590345769096341,0.3450259300275519,0.0766514694622107,0.692857292294558,3.160216803188407,29.34911768937989,0.0,0.0,0.0,0.2410833333333333
2022-08-19,0,0,0,2.1233076258296406,2.409295774647888,6.79,2.2,1.18,0.0887967853571444,0.2590345769096341,0.3450259300275519,2.4711389880966466,2.981244301183681,30.22575013530883,4.2,4.200000000000002,4.1999999999999575,0.3714583333333333
2022-08-20,0,0,0,0.0283252138808253,0.0571428571428571,0.8,0.0,0.2,2.1233076258296406,0.0887967853571444,0.2590345769096341,2.2404296250678377,2.967022712749726,29.920337061614205,0.1,4.300000000000002,4.299999999999957,0.3896666666666666
2022-08-21,0,0,0,0.0110106508796513,0.0197183098591549,0.6000000000000001,0.0,0.2,0.0283252138808253,2.1233076258296406,0.0887967853571444,2.1626434905903444,2.932152252346429,29.23058002238665,0.0,4.300000000000002,4.299999999999957,0.3654583333333333
2022-08-22,0,0,0,0.0067344735096488,0.0111111111111111,0.2,0.0,0.2,0.0110106508796513,0.0283252138808253,2.1233076258296406,0.0460703382703528,2.862235256393868,18.62627453680448,0.0,0.1000000000000017,4.299999999999957,0.3444583333333333
2022-08-23,0,0,0,0.0032679749910206,0.0055555555555555,0.2,0.0,0.2,0.0067344735096488,0.0110106508796513,0.0283252138808253,0.0210130993805482,2.520477301357336,17.274539431640772,0.0,0.0,4.299999999999957,0.317
2022-08-24,0,0,0,0.0246201742543498,0.0057142857142857,0.2,0.0,0.2,0.0032679749910206,0.0067344735096488,0.0110106508796513,0.0346226227552467,2.286062898702052,7.430165217421792,0.0,0.0,4.299999999999957,0.2917916666666666
2022-08-25,0,0,0,0.0273606291220338,0.0115942028985507,0.4,0.0,0.2,0.0246201742543498,0.0032679749910206,0.0067344735096488,0.0552487783676317,2.224626742466941,5.3848435456558,0.0,0.0,4.299999999999957,0.2691666666666667
2022-08-26,0,0,0,0.0366186032770154,0.0954285714285714,6.68,0.0,5.24,0.0273606291220338,0.0246201742543498,0.0032679749910206,0.0885994066536265,0.1379377199143161,3.119182021098448,0.0,0.0,0.0999999999999573,0.2514166666666667
2022-08-27,0,0,0,0.0021927307351506,0.0057142857142857,0.4,0.0,0.2,0.0366186032770154,0.0273606291220338,0.0246201742543498,0.0661719631344273,0.1118052367686414,3.0788279495188187,0.0,0.0,0.0,0.2270833333333333
2022-08-28,0,0,0,0.1207171433311988,0.2113043478260869,1.79,0.2,0.59,0.0021927307351506,0.0366186032770154,0.0273606291220338,0.1595284773435923,0.221511729220189,3.1536639815670693,0.6,0.6000000000000018,0.5999999999999573,0.2025416666666666
2022-08-29,0,0,0,1.1268242422288244,1.5608695652173914,6.0,1.0,0.79,0.1207171433311988,0.0021927307351506,0.0366186032770154,1.2497341162954012,1.341601497939365,4.203836754333683,0.5,1.100000000000002,1.0999999999999577,0.2760833333333333
2022-08-30,0,0,0,0.3098329765293696,0.5895652173913043,6.96,0.2,0.79,1.1268242422288244,0.1207171433311988,0.0021927307351506,1.5573743620896203,1.6481664994777132,4.1686438008355005,0.6,1.7000000000000015,1.699999999999957,0.2946249999999999
2022-08-31,0,0,0,0.0224392274196062,0.0285714285714285,1.0,0.0,0.2,0.3098329765293696,1.1268242422288244,0.1207171433311988,1.4590964461780276,1.6459855526429696,3.932048451345473,0.0,1.100000000000002,1.699999999999957,0.2719583333333333
2022-09-01,0,0,0,0.0408157778608853,0.0435714285714285,2.26,0.0,1.26,0.0224392274196062,0.3098329765293696,1.1268242422288244,0.3730879818100885,1.659440701381821,3.8840674438492138,0.0,0.6000000000000018,1.699999999999957,0.2426666666666666
2022-09-02,0,0,0,0.0151044846199167,0.0171428571428571,0.8,0.0,0.2,0.0408157778608853,0.0224392274196062,0.3098329765293696,0.0783594899006356,1.6379265827247225,1.7758643026394898,0.0,0.0,1.699999999999957,0.2121666666666667
2022-09-03,0,0,0,0.2105460729843284,0.3332857142857143,5.15,0.0,1.38,0.0151044846199167,0.0408157778608853,0.0224392274196062,0.2664663354653579,1.8462799249739,1.9580851617429929,4.1,4.100000000000001,5.799999999999957,0.1997916666666666
2022-09-04,0,0,0,8.198070918958956,8.037571428571429,13.98,8.370000000000001,2.95,0.2105460729843284,0.0151044846199167,0.0408157778608853,8.42372147656343,9.923633700601656,10.145145429822298,16.7,20.8,21.89999999999996,0.2894166666666666
2022-09-05,0,0,0,0.0592602662947296,0.1246376811594203,2.4000000000000004,0.0,0.2,8.198070918958956,0.2105460729843284,0.0151044846199167,8.467877258238243,8.856069724667563,10.19767122260738,0.6,21.4,21.99999999999996,0.275625
2022-09-06,0,0,0,0.0377302599212351,0.0820588235294117,1.2000000000000002,0.0,0.59,0.0592602662947296,8.198070918958956,0.2105460729843284,8.295061445175149,8.583967008059428,10.232133507537592,0.7,18.000000000000004,22.099999999999955,0.264125
2022-09-07,1,1,0,6.8034508830426645,5.488,15.98,3.78,6.29,0.0377302599212351,0.0592602662947296,8.198070918958956,6.900441409258857,15.364978663682487,17.01096421632591,19.7,21.0,41.79999999999996,0.32625
2022-09-08,0,0,0,0.3606331192095622,0.464927536231884,14.9,0.0,14.9,6.8034508830426645,0.0377302599212351,0.0592602662947296,7.20181426217369,15.684796005031163,17.344236706413437,0.0,20.4,41.79999999999996,0.31425
2022-09-09,0,0,0,0.0635798895424925,0.1295652173913043,7.12,0.0,2.39,0.3606331192095622,6.8034508830426645,0.0377302599212351,7.227663891794947,15.73327140995374,17.371197992678912,0.0,19.7,41.79999999999996,0.2707083333333333
2022-09-10,0,0,0,0.051677841543771,0.1057971014492753,6.9,0.0,2.95,0.0635798895424925,0.3606331192095622,6.8034508830426645,0.4758908502960532,15.574403178513183,17.420683103487534,0.0,0.0,37.69999999999995,0.236
2022-09-11,0,0,0,2.706660646656152,2.795217391304348,12.89,1.6,9.57,0.051677841543771,0.0635798895424925,0.3606331192095622,2.821918377742642,10.08299290621038,20.00662660681249,0.0,0.0,20.99999999999996,0.2352916666666666
2022-09-12,0,0,0,1.0484794192881697,1.6031428571428574,73.32000000000001,0.5900000000000001,4.53,2.706660646656152,0.051677841543771,0.0635798895424925,3.80681790748832,11.072212059203816,19.92828178387183,0.2,0.2,20.599999999999955,0.2221666666666666
2022-09-13,0,0,0,1.9764324183115771,2.2767142857142857,59.93,1.4,3.74,1.0484794192881697,2.706660646656152,0.051677841543771,5.731572484256126,13.01091421759416,21.59488122565404,2.6,2.8000000000000003,22.49999999999996,0.229125
2022-09-14,1,1,0,5.306303660641604,5.9921428571428565,54.55,6.335,3.77,1.9764324183115771,1.0484794192881697,2.706660646656152,8.331215498241578,11.5137669951931,26.878745658876035,4.9,7.700000000000001,7.699999999999958,0.3272083333333333
2022-09-15,0,0,0,2.041089367945231,2.055507246376812,8.0,2.38,0.59,5.306303660641604,1.9764324183115771,1.0484794192881697,9.32382544689864,13.194223243928768,28.879019248960383,6.0,13.5,13.699999999999958,0.445875
2022-09-16,0,0,0,0.4346979847900194,0.6314492753623189,5.6000000000000005,0.2,0.39,2.041089367945231,5.306303660641604,1.9764324183115771,7.782091013377082,13.565341339176296,29.298612749130488,1.4,12.3,15.09999999999996,0.4420833333333333
2022-09-17,0,0,0,0.6161509847581839,0.8317391304347826,11.09,0.4,4.55,0.4346979847900194,2.041089367945231,5.306303660641604,3.0919383374936618,14.129814482390708,29.70421766090434,0.3,7.700000000000001,15.399999999999958,0.4191249999999999
2022-09-18,1,1,0,0.1209417770619283,0.2399999999999999,11.28,0.0,3.8,0.6161509847581839,0.4346979847900194,2.041089367945231,1.171790746610359,11.544095612796484,21.62708851900732,0.0,1.7000000000000008,15.399999999999958,0.3774166666666667
2022-09-19,0,0,0,0.4241387995106817,0.5191304347826087,17.83,0.0,17.83,0.1209417770619283,0.6161509847581839,0.4346979847900194,1.1612315613310211,10.919754993018996,21.991967052223263,0.0,0.3000000000000009,15.199999999999958,0.3374999999999999
2022-09-20,1,4,1,7.518805855842754,7.792571428571429,63.2,7.375,12.59,0.4241387995106817,0.1209417770619283,0.6161509847581839,8.063886432415591,16.462128430550173,29.473042648144787,4.7,4.700000000000001,17.299999999999958,0.3575416666666666
2022-09-21,0,0,0,1.4802611265157872,2.1347826086956525,113.94,0.4,8.78,7.518805855842754,0.4241387995106817,0.1209417770619283,9.42320578186945,12.636085896424357,24.149852891617908,7.2,11.900000000000002,19.59999999999996,0.3892916666666666
2022-09-22,1,1,0,6.06725300729625,5.766811594202899,66.3,5.74,4.14,1.4802611265157872,7.518805855842754,0.4241387995106817,15.066319989655018,16.662249535775373,29.8564727797046,8.6,20.5,22.19999999999996,0.4499583333333333
2022-09-23,0,0,0,0.5691127662507252,1.0645588235294117,61.28,0.0,6.91,6.06725300729625,1.4802611265157872,7.518805855842754,8.11662690006299,16.79666431723608,30.36200565641283,0.0,15.8,20.79999999999996,0.425
2022-09-24,0,0,0,0.3792510212425287,0.7977611940298508,51.05,0.0,5.31,0.5691127662507252,6.06725300729625,1.4802611265157872,7.015616794789731,16.55976435372043,30.689578836111583,0.0,8.6,20.49999999999996,0.3735833333333333
2022-09-25,0,0,0,0.0038095307906569,0.0088235294117647,0.4,0.0,0.2,0.3792510212425287,0.5691127662507252,6.06725300729625,0.9521733182841382,16.442632107449153,27.98672772024609,0.0,0.0,20.49999999999996,0.3343333333333333
2022-09-26,1,3,1,17.216357260844553,16.23735294117647,30.57,20.7,3.94,0.0038095307906569,0.3792510212425287,0.5691127662507252,17.599417812877967,33.234850568783024,44.15460556180248,10.5,10.5,30.99999999999996,0.37725
2022-09-27,1,28,17,42.0449945374742,24.258676470588235,77.59,21.32,21.19,17.216357260844553,0.0038095307906569,0.3792510212425287,59.265161329109645,67.76103925041447,84.2231676809651,15.0,25.5,41.29999999999996,0.4760416666666667
2022-09-28,1,3,2,24.27595184825145,23.951363636363634,54.18,28.92,3.15,42.0449945374742,17.216357260844553,0.0038095307906569,83.53730364657044,90.55672997215017,103.19281586857494,16.5,42.0,50.59999999999996,0.4949166666666666
2022-09-29,1,3,1,4.228856186046865,5.388030303030304,66.71,2.99,27.48,24.27595184825145,42.0449945374742,17.216357260844553,70.54980257177274,88.71833315090076,105.38058268667658,4.0,35.5,45.99999999999996,0.4920416666666666
2022-09-30,1,3,0,8.673982411855482,7.705151515151515,75.23,7.525,14.61,4.228856186046865,24.27595184825145,42.0449945374742,37.178790446154025,96.82320279650553,113.61986711374205,10.0,30.5,55.99999999999996,0.481
2022-10-01,0,0,0,3.062355660540764,3.0626470588235293,91.26,0.6000000000000001,91.26,8.673982411855482,4.228856186046865,24.27595184825145,15.965194258443338,99.50630743580376,116.06607178952464,2.8,16.8,58.79999999999996,0.48425
2022-10-02,0,0,0,1.111217463274059,2.3475757575757576,125.09,0.0,10.45,3.062355660540764,8.673982411855482,4.228856186046865,12.847555535670532,100.61371536828716,117.05634747573676,0.0,12.8,58.79999999999996,0.4656666666666667
2022-10-03,0,0,0,1.0985938530008084,2.2576470588235296,115.48,0.0,8.6,1.111217463274059,3.062355660540764,8.673982411855482,5.272166976815859,84.4959519604434,117.73080252922688,8.2,11.0,56.49999999999996,0.4584999999999999
2022-10-04,0,0,0,1.0555068331076085,2.1747058823529413,135.88,0.1,9.54,1.0985938530008084,1.111217463274059,3.062355660540764,3.2653181493827037,43.50646425607681,111.26750350649176,0.9,9.1,42.39999999999996,0.458125
2022-10-05,0,0,0,0.1883224210219791,0.385,15.68,0.0,3.54,1.0555068331076085,1.0985938530008084,1.111217463274059,2.342423107130623,19.418834828847334,109.97556480099792,0.1,9.2,25.99999999999996,0.4364166666666667
2022-10-06,0,0,0,0.6601947918644893,1.0213235294117649,7.67,0.2,4.13,0.1883224210219791,1.0555068331076085,1.0985938530008084,1.904024045994304,15.850173434664963,104.56850658556615,9.4,10.400000000000002,31.39999999999996,0.401125
2022-10-07,0,0,0,7.232082349378006,6.770882352941177,19.48,7.225,13.49,0.6601947918644893,0.1883224210219791,1.0555068331076085,8.080599562264702,14.408273372187487,111.23147616869343,5.2,14.700000000000005,26.59999999999996,0.39575
2022-10-08,0,0,0,0.1755887488102058,0.443768115942029,23.540000000000003,0.0,9.55,7.232082349378006,0.6601947918644893,0.1883224210219791,8.067865890052929,11.521506460456928,111.02781389626114,0.0,14.6,23.79999999999996,0.3787916666666666
2022-10-09,1,2,1,14.22269521003604,13.75695652173913,52.63,13.58,19.34,0.1755887488102058,7.232082349378006,0.6601947918644893,21.63036630822448,24.63298420721891,125.24669957550653,5.8,11.000000000000002,29.59999999999996,0.3877916666666667
2022-10-10,1,3,1,2.491270381968928,3.111159420289855,38.41,1.6,4.13,14.22269521003604,0.1755887488102058,7.232082349378006,16.8895543408154,26.02566073618703,110.5216126966309,6.2,12.000000000000002,27.59999999999996,0.4882916666666666
2022-10-11,0,0,0,1.1233896729793678,2.2395652173913043,107.67,0.0,7.32,2.491270381968928,14.22269521003604,0.1755887488102058,17.837355264984563,26.09354357605879,69.60000783213604,4.3,16.3,30.99999999999996,0.48275
2022-10-12,0,0,0,0.9662323325614984,1.392463768115942,26.92,0.0,3.54,1.1233896729793678,2.491270381968928,14.22269521003604,4.580892387510022,26.871453487598306,46.290288316446095,0.6,11.1,31.49999999999996,0.4662083333333333
2022-10-13,0,0,0,0.3235127077602929,0.36,8.15,0.0,1.18,0.9662323325614984,1.1233896729793678,2.491270381968928,2.4131347133013867,26.534771403494112,42.38494483815952,0.0,4.900000000000001,22.09999999999996,0.4528749999999999
2022-10-14,0,0,0,0.1843895123623293,0.2980597014925373,8.58,0.0,0.39,0.3235127077602929,0.9662323325614984,1.1233896729793678,1.474134552684348,19.487078566478434,33.89535193866637,0.4,1.0000000000000018,17.299999999999955,0.4324166666666666
2022-10-15,0,0,0,1.2489302484680214,1.848358208955224,15.41,0.4,2.56,0.1843895123623293,0.3235127077602929,0.9662323325614984,1.756832468590871,20.56042006613625,32.08192652659363,2.1,2.5000000000000018,19.39999999999996,0.4480833333333333
2022-10-16,0,0,0,0.123518767139043,0.2035820895522388,3.38,0.0,2.78,1.2489302484680214,0.1843895123623293,0.3235127077602929,1.556838527969621,6.461243623239254,31.09422783045861,18.0,20.5,31.59999999999996,0.4560416666666667
2022-10-17,0,0,0,1.0231704420209775,0.7245454545454546,39.46,0.0,9.65,0.123518767139043,1.2489302484680214,0.1843895123623293,2.395619457628269,4.993143683291303,31.01880441947878,0.4,20.5,25.79999999999996,0.4329583333333333
2022-10-18,0,0,0,2.633347187650388,2.73939393939394,11.64,2.36,3.74,1.0231704420209775,0.123518767139043,1.2489302484680214,3.7800363968106354,6.503101197962323,32.59664477402156,3.3,21.7,24.79999999999996,0.4585833333333333
2022-10-19,0,0,0,0.894520498045324,0.9884615384615384,7.5,0.8,1.97,2.633347187650388,1.0231704420209775,0.123518767139043,4.551038127716916,6.431389363446149,33.30284285104491,5.7,9.4,29.89999999999996,0.4909166666666666
2022-10-20,0,0,0,0.3642894966634978,0.4266153846153846,9.43,0.0,3.42,0.894520498045324,2.633347187650388,1.0231704420209775,3.892157182359437,6.472166152349353,33.00693755584391,1.0,10.0,30.89999999999996,0.466375
2022-10-21,1,3,0,6.125404215783084,5.290153846153847,14.19,5.51,3.94,0.3642894966634978,0.894520498045324,2.633347187650388,7.384214210492134,12.413180855770108,31.900259422248997,3.2,9.900000000000002,33.69999999999996,0.47675
2022-10-22,0,0,0,0.0303685258257126,0.0571428571428571,1.0,0.0,0.2,6.125404215783084,0.3642894966634978,0.894520498045324,6.520062238272522,11.1946191331278,31.7550391992645,9.0,13.2,40.59999999999996,0.486875
2022-10-23,0,0,0,0.019251542904332,0.028125,1.0,0.0,0.2,0.0303685258257126,6.125404215783084,0.3642894966634978,6.1750242845133565,11.090351908893089,17.55159553213279,0.4,12.6,22.99999999999996,0.4580833333333333
2022-10-24,0,0,0,0.0122104446415883,0.01875,0.6000000000000001,0.0,0.2,0.019251542904332,0.0303685258257126,6.125404215783084,0.0618305133718604,10.0793919115137,15.072535594805451,2.7,12.1,25.29999999999996,0.4352083333333333
2022-10-25,0,0,0,0.0072377600685355,0.0105263157894736,0.2,0.0,0.2,0.0122104446415883,0.019251542904332,0.0303685258257126,0.0386997476146833,7.453282483931847,13.956383681894618,0.0,3.100000000000002,21.99999999999996,0.418375
2022-10-26,0,0,0,0.0019546141172011,0.0035087719298245,0.2,0.0,0.2,0.0072377600685355,0.0122104446415883,0.019251542904332,0.0214028188275524,6.560716600003724,12.99210596345032,0.0,2.700000000000002,16.29999999999996,0.3852916666666666
2022-10-27,0,0,0,1.23714428801729,1.098793103448276,29.03,0.0,6.58,0.0019546141172011,0.0072377600685355,0.0122104446415883,1.246336662203254,7.433571391357517,13.905737543707318,0.0,0.0,15.299999999999958,0.3476666666666666
2022-10-28,0,0,0,0.5414614975864301,0.9565,14.19,0.0,11.8,1.23714428801729,0.0019546141172011,0.0072377600685355,1.7805603997211483,1.8496286731608629,14.26280952893142,29.5,29.5,41.59999999999996,0.3454583333333333
2022-10-29,1,4,2,9.593990346700878,4.334666666666666,30.860000000000003,1.6800000000000002,19.35,0.5414614975864301,1.23714428801729,0.0019546141172011,11.372596132304825,11.413250494036028,22.60786962716428,7.8,37.3,40.39999999999996,0.3532916666666666
2022-10-30,0,0,0,3.266496920670988,3.3505,17.27,2.19,2.97,9.593990346700878,0.5414614975864301,1.23714428801729,13.401948764958522,14.660495871802684,25.75084778069622,5.0,42.3,44.99999999999996,0.3467499999999999
2022-10-31,1,14,3,31.17944910201383,25.69816666666667,58.38,31.695,15.77,3.266496920670988,9.593990346700878,0.5414614975864301,44.03993636938593,45.827734529174926,55.90712644068907,20.4,33.2,62.69999999999996,0.3735833333333333
2022-11-01,0,0,0,1.9890376916509631,2.371212121212121,16.74,1.0,2.75,31.17944910201383,3.266496920670988,9.593990346700878,36.434983714336006,47.80953446075736,55.26281694468965,4.3,29.7,66.99999999999996,0.501
2022-11-02,0,0,0,1.7250355355082123,2.3906060606060606,13.31,1.6,1.37,1.9890376916509631,31.17944910201383,3.266496920670988,34.89352232917323,49.53261538214837,56.09333198215253,5.7,30.4,72.69999999999996,0.511
2022-11-03,0,0,0,3.302755919173943,2.498939393939394,6.88,2.39,1.77,1.7250355355082123,1.9890376916509631,31.17944910201383,7.016829146333346,51.59822701330501,59.03179840466298,2.0,12.0,74.69999999999996,0.5011249999999999
2022-11-04,0,0,0,0.1579557288505183,0.225,2.4000000000000004,0.0,0.2,3.302755919173943,1.7250355355082123,1.9890376916509631,5.185747183532901,51.21472124456911,53.06434991773042,0.0,7.7,45.19999999999996,0.4702916666666667
2022-11-05,0,0,0,0.3398977081191386,0.39234375,2.58,0.0,0.79,0.1579557288505183,3.302755919173943,1.7250355355082123,3.800609356143827,41.96062860598737,53.37387910002384,0.9,2.9,38.29999999999996,0.4528333333333333
2022-11-06,0,0,0,0.0748241304265615,0.071875,2.2,0.0,0.2,0.3398977081191386,0.1579557288505183,3.302755919173943,0.5726775673964459,38.76895581574294,53.42945168754607,0.3,1.2,33.59999999999996,0.4367916666666667
2022-11-07,0,0,0,0.0901049481012837,0.0892307692307692,3.2,0.0,0.2,0.0748241304265615,0.3398977081191386,0.1579557288505183,0.5048267866472113,7.679611661830394,53.507346191005766,1.7,2.9,14.899999999999958,0.4252499999999999
2022-11-08,0,0,0,0.0692615982490372,0.0666666666666666,2.4000000000000004,0.0,0.2,0.0901049481012837,0.0748241304265615,0.3398977081191386,0.2341906767771098,5.759835568428468,53.56937002918627,0.0,2.0,10.59999999999996,0.4076249999999999
2022-11-09,0,0,0,0.0660821366943374,0.07859375,1.8,0.0,0.63,0.0692615982490372,0.0901049481012837,0.0748241304265615,0.2254486830448858,4.100882169614593,53.6334975517634,0.2,1.9,5.099999999999957,0.3837916666666667
2022-11-10,0,0,0,0.0363076982538766,0.054375,1.68,0.0,1.68,0.0660821366943374,0.0692615982490372,0.0901049481012837,0.1716514331974787,0.8344339486945263,52.43266096199999,0.3,0.5,3.3999999999999573,0.3665833333333333
2022-11-11,1,8,5,14.322718516609486,12.570769230769232,45.99,11.21,15.99,0.0363076982538766,0.0660821366943374,0.0692615982490372,14.425108351557927,14.999196736453491,66.21391798102304,8.1,8.6,11.499999999999956,0.3819999999999999
2022-11-12,0,0,0,1.5096302840674114,2.291875,26.22,0.295,1.18,14.322718516609486,0.0363076982538766,0.0660821366943374,15.868656498931,16.168929312401765,58.12955791838958,1.5,9.9,12.099999999999955,0.463875
2022-11-13,0,0,0,0.2715653913230504,0.4290769230769231,6.49,0.0,2.56,1.5096302840674114,14.322718516609486,0.0363076982538766,16.103914192000175,16.365670573298257,55.13462638904164,0.0,9.6,11.799999999999958,0.4314583333333333
2022-11-14,0,0,0,6.501907270908138,4.63323076923077,11.04,5.180000000000001,4.73,0.2715653913230504,1.5096302840674114,14.322718516609486,8.283102946298827,22.77747289610511,30.45708455793595,7.5,9.0,17.59999999999996,0.4249583333333333
2022-11-15,0,0,0,0.3609749712311786,0.6053846153846154,28.75,0.0,5.55,6.501907270908138,0.2715653913230504,1.5096302840674114,7.134447633462595,23.06918626908725,28.82902183751617,1.8,9.3,19.39999999999996,0.3919583333333333
2022-11-16,0,0,0,0.347341979920192,0.59125,35.24,0.0,5.52,0.3609749712311786,6.501907270908138,0.2715653913230504,7.210224222059736,23.350446112313104,27.451328281928145,0.0,9.3,19.19999999999996,0.3614166666666666
2022-11-17,0,0,0,0.1543490922353776,0.2682812499999999,16.77,0.0,6.3,0.347341979920192,0.3609749712311786,6.501907270908138,0.8626660433869756,23.468487506294608,24.30292145498958,0.1,1.9,18.99999999999996,0.326625
2022-11-18,0,0,0,0.3408373719206134,0.774375,47.96,0.0,7.87,0.1543490922353776,0.347341979920192,0.3609749712311786,0.8425284440764104,9.486606361605734,24.48580309805968,0.3,0.4,11.199999999999957,0.2946666666666667
2022-11-19,0,0,0,0.0013620720330067,0.003125,0.2,0.0,0.2,0.3408373719206134,0.1543490922353776,0.347341979920192,0.496548536189225,7.9783381495713295,24.147267461973545,0.2,0.6000000000000001,9.899999999999958,0.2667916666666667
2022-11-20,0,0,0,7.3429361933832915,6.22609375,41.0,1.785,13.01,0.0013620720330067,0.3408373719206134,0.1543490922353776,7.685135637337139,15.049708951631567,31.41537952493028,0.9,1.4,10.799999999999958,0.2611666666666667
2022-11-21,0,0,0,1.0742955178630167,2.0856250000000003,60.63,0.0,9.18,7.3429361933832915,0.0013620720330067,0.3408373719206134,8.418593783279544,9.622097198586449,32.39957009469201,0.6,1.7,3.899999999999957,0.265
2022-11-22,1,2,0,8.064552066749693,8.34921875,37.83,5.46,11.45,1.0742955178630167,7.3429361933832915,0.0013620720330067,16.481783777996228,17.325674294104964,40.394860563192665,3.1,4.6,5.199999999999957,0.25475
2022-11-23,1,17,11,20.83946907875218,15.01578125,68.05,11.75,13.42,8.064552066749693,1.0742955178630167,7.3429361933832915,29.97831666336512,37.81780139293696,61.168247505250505,23.0,26.7,28.19999999999996,0.340875
2022-11-24,1,2,2,8.606695384782533,6.53890625,26.38,3.46,1.97,20.83946907875218,8.064552066749693,1.0742955178630167,37.51071653028463,46.270147685484105,69.73863519177917,6.4,32.5,34.49999999999996,0.4761666666666666
2022-11-25,1,4,2,11.688827081810375,11.3621875,79.85,10.425,4.33,8.606695384782533,20.83946907875218,8.064552066749693,41.13499154534532,57.61813739537387,67.10474375698006,2.2,31.6,36.39999999999996,0.4821249999999999
2022-11-26,0,0,0,0.7229819036222619,1.1709523809523812,25.78,0.0,0.39,11.688827081810375,8.606695384782533,20.83946907875218,21.0185043702154,58.33975722696313,66.3180953765349,4.0,12.6,40.19999999999995,0.4702083333333333
2022-11-27,0,0,0,0.6115536073165366,0.7579687500000001,19.58,0.2,2.56,0.7229819036222619,11.688827081810375,8.606695384782533,13.023362592749402,51.60837464089637,66.65808359252838,4.1,10.3,43.39999999999996,0.4735
2022-11-28,1,13,6,18.44201160052268,14.521111111111113,42.92,13.81,22.31,0.6115536073165366,0.7229819036222619,11.688827081810375,19.776547111461703,68.97609072355604,78.59818792214293,22.6,30.700000000000003,65.39999999999995,0.4684166666666667
2022-11-29,1,9,5,12.72186901529584,11.336349206349206,98.42,8.110000000000001,11.79,18.44201160052268,0.6115536073165366,0.7229819036222619,31.775434223135285,73.63340767210218,90.9590819662076,26.5,53.2,88.79999999999995,0.4684999999999999
2022-11-30,1,7,4,8.123194176619343,6.977619047619048,32.11,2.75,16.42,12.72186901529584,18.44201160052268,0.6115536073165366,39.28707479243809,60.91713276996935,98.73493416290674,2.4,51.5,68.19999999999996,0.4832499999999999
2022-12-01,0,0,0,3.5413856355452817,2.7871428571428574,37.46,1.4,1.37,8.123194176619343,12.72186901529584,18.44201160052268,24.38644882746069,55.8518230207321,102.12197070621664,21.8,50.7,83.59999999999995,0.485875
2022-12-02,1,5,0,3.2378808471788245,3.488730158730159,20.72,0.8,9.57,3.5413856355452817,8.123194176619343,12.72186901529584,14.902460659343676,47.40087678610054,105.01901418147486,17.9,42.1,99.29999999999995,0.4755833333333333
2022-12-03,1,12,9,11.938085765354382,11.1459375,65.23,5.925000000000001,18.94,3.2378808471788245,3.5413856355452817,8.123194176619343,18.717352248078715,58.61598064783266,116.95573787479624,13.1,52.8,108.39999999999996,0.4879166666666666
2022-12-04,0,0,0,3.772520963070168,3.68390625,21.65,2.285,6.32,11.938085765354382,3.2378808471788245,3.5413856355452817,18.9484875756036,61.77694800358629,113.38532264448313,14.7,45.7,118.99999999999996,0.4758333333333333
2022-12-05,1,3,1,10.65803126891996,8.58953125,30.44,7.65,9.77,3.772520963070168,11.938085765354382,3.2378808471788245,26.368637997344734,53.99296767198357,122.96905839554006,15.3,43.1,111.69999999999996,0.4928333333333333
2022-12-06,1,31,16,20.075680183954237,16.245555555555555,60.34,13.42,16.21,10.65803126891996,3.772520963070168,11.938085765354382,34.50623241594459,61.34677884064196,134.98018651274458,25.0,55.0,110.19999999999996,0.471625
2022-12-07,1,8,0,16.362471672493793,14.14234375,51.620000000000005,10.82,10.16,20.075680183954237,10.65803126891996,3.772520963070168,47.09618312536821,69.5860563365164,130.5031891064862,2.9,43.2,110.69999999999996,0.4609583333333333
2022-12-08,1,2,2,2.069428077869712,1.218253968253968,16.6,0.0,2.59,16.362471672493793,20.075680183954237,10.65803126891996,38.50757993431796,68.11409877884084,123.96592179957338,0.1,28.0,88.99999999999996,0.4083333333333334
2022-12-09,0,0,0,1.2321226872271889,0.99484375,18.45,0.0,0.42,2.069428077869712,16.362471672493793,20.075680183954237,19.66402243759092,66.1083406188892,113.5092174049902,0.0,3.0,71.09999999999995,0.36425
2022-12-10,0,0,0,0.743037933919035,0.5742857142857143,9.2,0.0,0.39,1.2321226872271889,2.069428077869712,16.362471672493793,4.04458869901616,54.91329278745386,113.52927343528695,0.0,0.1,57.99999999999996,0.3304166666666666
2022-12-11,1,4,4,1.338350524556773,2.35984375,31.27,0.0,18.51,0.743037933919035,1.2321226872271889,2.069428077869712,3.3135111457032207,52.479122348940464,114.2560703525272,1.6,1.6,44.89999999999996,0.3285833333333333
2022-12-12,0,0,0,6.4697287203483,5.524285714285715,27.24,3.98,12.2,1.338350524556773,0.743037933919035,1.2321226872271889,8.551117178824331,48.29081980036881,102.28378747235284,2.6,4.2,32.19999999999996,0.3632083333333333
2022-12-13,1,23,12,17.5730351809748,13.588688524590165,40.35,11.04,12.8,6.4697287203483,1.338350524556773,0.743037933919035,25.381114425880096,45.788174797389374,107.1349536380318,15.0,19.2,22.19999999999996,0.4464583333333333
2022-12-14,1,2,2,1.761689425827543,1.3853333333333333,18.73,0.395,4.13,17.5730351809748,6.4697287203483,1.338350524556773,25.804453327150867,31.187392550723125,100.77344888723998,0.0,17.599999999999998,19.29999999999996,0.4579166666666667
2022-12-15,0,0,0,0.7662807245054124,0.6311666666666668,7.800000000000001,0.0,7.74,1.761689425827543,17.5730351809748,6.4697287203483,20.101005331307977,29.884245197358823,97.99834397620012,0.6,15.6,19.79999999999996,0.4305
2022-12-16,1,1,0,3.0866076633191923,3.651639344262295,31.12,0.2,5.9,0.7662807245054124,1.761689425827543,17.5730351809748,5.614577813652372,31.738730173450826,97.84707079234047,2.5,3.1,22.29999999999996,0.4481249999999999
2022-12-17,0,0,0,0.3773036251332623,0.4663333333333334,20.58,0.0,0.39,3.0866076633191923,0.7662807245054124,1.761689425827543,4.230192012958091,31.372995864665054,86.28628865211937,1.5,4.6,23.79999999999996,0.4777499999999999
2022-12-18,0,0,0,0.070012800754163,0.0745762711864406,1.6,0.0,0.2,0.3773036251332623,3.0866076633191923,0.7662807245054124,3.533924089206842,30.104658140862444,82.58378048980336,1.2,5.2,23.39999999999996,0.4619583333333333
2022-12-19,0,0,0,1.3994114012777068,1.2037704918032788,6.140000000000001,1.0,1.37,0.070012800754163,0.3773036251332623,3.0866076633191923,1.8467278271653564,25.03434082179185,73.32516062216112,13.5,16.2,34.299999999999955,0.4705416666666666
2022-12-20,0,0,0,2.6861597147705334,3.010806451612904,10.09,1.7000000000000002,2.16,1.3994114012777068,0.070012800754163,0.3773036251332623,4.155583916802628,10.147465355587586,55.935640152977406,28.6,43.3,47.89999999999996,0.4767083333333333
2022-12-21,1,1,0,2.065959254100713,1.7785245901639346,10.28,1.2000000000000002,1.58,2.6861597147705334,1.3994114012777068,0.070012800754163,6.151530370149177,10.451735183860755,41.639127734584335,6.4,48.5,54.29999999999996,0.4819166666666666
2022-12-22,0,0,0,0.6429873650098213,0.787049180327869,5.3100000000000005,0.4,1.37,2.065959254100713,2.6861597147705334,1.3994114012777068,5.395106333881293,10.328441824365166,40.21268702172444,3.2,38.2,56.89999999999996,0.4925
2022-12-23,0,0,0,0.0781436815382017,0.09,2.0,0.0,0.2,0.6429873650098213,2.065959254100713,2.6861597147705334,2.7870903006489605,7.319977842584175,39.058708016035446,1.5,11.1,55.89999999999996,0.4745
2022-12-24,0,0,0,0.2077428643355853,0.369672131147541,11.45,0.0,6.73,0.0781436815382017,0.6429873650098213,2.065959254100713,0.9288739108838326,7.150417081786498,38.523412946452,2.2,6.9,56.59999999999996,0.4609166666666666
2022-12-25,0,0,0,1.1075042264521662,1.8119672131147544,25.32,0.2,11.79,0.2077428643355853,0.0781436815382017,0.6429873650098213,1.3933907723261774,8.1879085074845,38.2925666483474,10.2,13.9,65.59999999999997,0.467125
2022-12-26,0,0,0,0.3299230638504727,0.3854838709677419,8.6,0.0,0.98,1.1075042264521662,0.2077428643355853,0.0781436815382017,1.6451701546384483,7.1184201700572665,32.15276099184957,12.6,25.0,64.69999999999996,0.4827916666666667
2022-12-27,0,0,0,2.0679960568049034,2.395322580645161,21.52,0.4,5.96,0.3299230638504727,1.1075042264521662,0.2077428643355853,3.505423347107767,6.500256512091637,16.64772186767967,11.8,34.6,47.89999999999996,0.4845
2022-12-28,1,7,1,21.22623232838392,14.821612903225809,35.17,18.82,15.53,2.0679960568049034,0.3299230638504727,1.1075042264521662,23.62415144903952,25.66052958637484,36.112264770236045,3.1,27.5,44.59999999999996,0.4856666666666666
2022-12-29,1,1,0,4.806065526000823,3.9804838709677424,21.9,2.87,7.11,21.22623232838392,2.0679960568049034,0.3299230638504727,28.10029391118987,29.82360774736584,40.15204957173146,21.3,36.2,62.69999999999996,0.4669583333333333
2022-12-30,0,0,0,5.284873867103323,4.22,25.55,2.585,2.16,4.806065526000823,21.22623232838392,2.0679960568049034,31.31717172148829,35.03033793293096,42.35031577551559,5.3,29.7,66.49999999999996,0.4634166666666666
2022-12-31,1,4,4,6.813457354317945,7.712459016393442,40.69,3.4000000000000004,15.59,5.284873867103323,4.806065526000823,21.22623232838392,16.904396747422314,41.63605242291332,48.78646950470028,9.2,35.8,73.49999999999996,0.4795
2023-01-01,1,2,1,1.2065258391728602,1.9096774193548387,36.63,0.2,16.43,6.813457354317945,5.284873867103323,4.806065526000823,13.304857060594353,41.73507403563402,49.92298254311897,5.7,20.2,68.99999999999996,0.4663333333333333
2023-01-02,0,0,0,0.6609897417593679,1.500483870967742,35.42,0.0,13.51,1.2065258391728602,6.813457354317945,5.284873867103323,8.680972935250397,42.066140713542914,49.18456088360063,8.1,23.0,64.49999999999996,0.4482083333333333
2023-01-03,1,2,2,2.7302616710757763,3.3475806451612904,20.08,0.895,10.77,0.6609897417593679,1.2065258391728602,6.813457354317945,4.597777252008228,42.728406327813786,49.22866283990587,3.3,17.099999999999998,55.99999999999996,0.4563333333333333
2023-01-04,1,10,2,21.85554326341116,15.682903225806452,54.42,9.99,6.71,2.7302616710757763,0.6609897417593679,1.2065258391728602,25.246794676246523,43.35771726284102,69.01824684921633,17.3,28.7,70.19999999999996,0.4675833333333333
2023-01-05,1,5,4,15.21805243530265,10.361451612903226,35.28,11.06,8.58,21.85554326341116,2.7302616710757763,0.6609897417593679,39.8038573697898,53.76970417214285,83.59331191950913,16.1,36.7,64.99999999999996,0.4707083333333333
2023-01-06,1,1,0,4.319437277549579,2.903870967741936,16.19,1.59,3.55,15.21805243530265,21.85554326341116,2.7302616710757763,41.39303297626361,52.80426758258911,87.83460551552052,1.8,35.2,61.499999999999964,0.468375
2023-01-07,0,0,0,1.7677439275988285,1.3535483870967742,20.8,0.4,0.42,4.319437277549579,15.21805243530265,21.85554326341116,21.30523364045128,47.75855415586999,89.39460657878377,0.9,18.8,53.19999999999996,0.4632083333333334
2023-01-08,0,0,0,0.6998432744858367,1.4337704918032788,51.69,0.2,2.36,1.7677439275988285,4.319437277549579,15.21805243530265,6.787024479634468,47.25187159118296,88.98694562681743,0.3,2.9999999999999964,47.79999999999996,0.4519166666666667
2023-01-09,0,0,0,0.2012002744168428,0.3466666666666667,8.4,0.0,0.2,0.6998432744858367,1.7677439275988285,4.319437277549579,2.668787476501732,46.79208212384045,88.8582228373838,5.0,6.199999999999997,44.69999999999996,0.4570416666666667
2023-01-10,1,12,4,9.886521424371873,5.614754098360656,28.51,2.18,10.98,0.2012002744168428,0.6998432744858367,1.7677439275988285,10.787564973274776,53.948341877136535,96.67674820495078,16.5,21.8,57.89999999999996,0.4705
2023-01-11,1,1,1,3.8525534182979504,2.628214285714286,8.64,2.39,1.97,9.886521424371873,0.2012002744168428,0.6998432744858367,13.940275117086893,35.94535203202333,79.30306929486481,3.7,25.2,44.29999999999996,0.465125
2023-01-12,1,3,1,3.880351731031052,3.761636363636364,14.0,1.59,7.71,3.8525534182979504,9.886521424371873,0.2012002744168428,17.619426573701098,24.607651327751736,78.37735549989503,5.1,25.3,33.299999999999955,0.4808333333333333
2023-01-13,1,6,4,3.7782036106543178,3.5714035087719296,23.46,1.4,9.58,3.880351731031052,3.8525534182979504,9.886521424371873,11.511108759983545,24.066417660856477,76.87068524344603,8.8,17.599999999999998,40.29999999999996,0.4843333333333333
2023-01-14,1,7,3,16.14738713075005,11.679508196721311,31.17,13.82,9.13,3.7782036106543178,3.880351731031052,3.8525534182979504,23.80594247243565,38.44606086400769,86.20461501987813,1.4,15.3,40.79999999999996,0.4629166666666666
2023-01-15,1,6,5,9.335842896949336,7.402580645161291,55.78,0.8,21.23,16.14738713075005,3.7782036106543178,3.880351731031052,29.26143363835393,47.08206048647119,94.33393207765462,1.4,11.599999999999998,41.89999999999996,0.45125
2023-01-16,1,3,2,12.276035375746591,8.03983870967742,50.11,1.485,13.21,9.335842896949336,16.14738713075005,3.7782036106543178,37.75926540344621,59.15689558780095,105.94897771164185,14.0,16.799999999999997,50.89999999999996,0.4757083333333333
2023-01-17,1,1,1,1.671495092101518,1.1787096774193548,20.91,0.0,2.96,12.276035375746591,9.335842896949336,16.14738713075005,23.283373364797672,50.94186925553059,104.8902111326676,5.3,20.7,39.69999999999996,0.4620833333333333
2023-01-18,0,0,0,0.3502454216764693,0.4093548387096774,7.0,0.0,1.18,1.671495092101518,12.276035375746591,9.335842896949336,14.297775889524804,47.43956125890912,83.38491329093289,7.6,26.9,43.59999999999996,0.4654166666666666
2023-01-19,1,1,0,0.311258021116975,0.5170967741935484,13.28,0.0,9.35,0.3502454216764693,1.671495092101518,12.276035375746591,2.3329985348951863,43.87046754899503,68.47811887674722,7.1,20.0,45.59999999999996,0.478
2023-01-20,0,0,0,4.2418897887564215,3.7016393442622952,24.77,2.98,9.14,0.311258021116975,0.3502454216764693,1.671495092101518,4.90339323155009,44.33415372709714,68.40057138795407,19.4,34.099999999999994,56.19999999999995,0.4706666666666666
2023-01-21,0,0,0,0.9666071319018216,0.7695081967213115,7.800000000000001,0.2,1.18,4.2418897887564215,0.311258021116975,0.3502454216764693,5.519754941775442,29.15337372824891,67.59943459225705,1.5,28.0,56.29999999999996,0.4528333333333333
2023-01-22,0,0,0,0.2294700213155903,0.3559016393442623,5.4,0.0,1.97,0.9666071319018216,4.2418897887564215,0.311258021116975,5.437966941974057,20.047000852615163,67.1290613390868,3.2,24.099999999999994,58.09999999999996,0.4465833333333333
2023-01-23,1,1,0,5.541147768479296,3.865322580645161,32.03,0.6000000000000001,8.32,0.2294700213155903,0.9666071319018216,4.2418897887564215,6.737224921696932,13.312113245347865,72.46900883314927,16.1,20.8,60.19999999999996,0.4468333333333333
2023-01-24,1,4,2,2.274486596164784,1.9901639344262296,26.55,0.0,12.98,5.541147768479296,0.2294700213155903,0.9666071319018216,8.045104385959894,13.915104749411132,64.85697400494217,2.4,21.7,57.29999999999996,0.4564999999999999
2023-01-25,0,0,0,0.1411121805956549,0.1719672131147541,4.72,0.0,1.18,2.274486596164784,5.541147768479296,0.2294700213155903,7.956746545239958,13.705971508330316,61.14553276723988,0.2,18.7,49.89999999999996,0.4452916666666666
2023-01-26,0,0,0,1.1808525732622632,1.083770491803279,46.28,0.0,24.34,0.1411121805956549,2.274486596164784,5.541147768479296,3.596451350022926,14.575566060475603,58.44603360947109,0.0,2.5999999999999965,42.79999999999996,0.40675
2023-01-27,0,0,0,0.379609768573721,0.2713333333333333,14.28,0.0,7.7,1.1808525732622632,0.1411121805956549,2.274486596164784,1.701574522431863,10.713286040292903,55.04743976739049,0.6,0.7999999999999965,23.99999999999996,0.3800833333333333
2023-01-28,1,4,2,10.228484730710012,9.741311475409836,50.48,3.17,19.54,0.379609768573721,1.1808525732622632,0.1411121805956549,11.78894707254622,19.97516363910109,49.12853736735045,6.2,6.799999999999997,28.69999999999996,0.415125
2023-01-29,1,21,17,8.21201821902442,11.480333333333334,78.8,1.885,24.25,10.228484730710012,0.379609768573721,1.1808525732622632,18.82011271830838,27.95771183680992,48.00471268942554,6.2,12.999999999999996,31.69999999999996,0.4564583333333333
2023-01-30,0,0,0,3.42018035762779,4.548852459016394,34.79,0.4,19.72,8.21201821902442,10.228484730710012,0.379609768573721,21.860683307362446,25.83674442595842,39.14885767130673,9.6,22.0,25.19999999999996,0.461375
2023-01-31,1,10,6,7.172407116423226,6.605238095238096,54.13,3.4000000000000004,12.6,3.42018035762779,8.21201821902442,10.228484730710012,18.80460569307566,30.73466494621686,44.64976969562844,13.4,29.2,36.19999999999996,0.4686666666666666
2023-02-01,1,9,4,21.003150269827835,18.22738461538461,80.55,13.0,16.21,7.172407116423226,3.42018035762779,8.21201821902442,31.59573774387908,51.59670303544904,65.3026745437798,8.9,31.9,44.89999999999996,0.4965
2023-02-02,1,8,7,5.900086376261731,6.4310769230769225,36.15,2.3600000000000003,12.19,21.003150269827835,7.172407116423226,3.42018035762779,34.07564376251302,56.31593683844851,70.89150289892457,5.4,27.7,50.29999999999996,0.4898333333333333
2023-02-03,0,0,0,2.519148379658652,2.836,35.59,1.0,5.51,5.900086376261731,21.003150269827835,7.172407116423226,29.422385025748444,58.45547544953344,69.16876148982679,0.8,15.099999999999996,50.49999999999996,0.4701666666666667
2023-02-04,0,0,0,5.224253449463778,4.313846153846153,23.22,3.15,10.37,2.519148379658652,5.900086376261731,21.003150269827835,13.643488205384388,53.4512441682872,73.42640780738876,8.0,14.199999999999996,52.29999999999996,0.470625
2023-02-05,0,0,0,2.620945138595687,2.353538461538462,14.84,1.6,7.51,5.224253449463778,2.519148379658652,5.900086376261731,10.364346967718344,47.86017108785847,75.81788292466885,1.9,10.699999999999994,47.99999999999996,0.4797499999999999
2023-02-06,1,8,2,5.79924911574108,4.631538461538462,37.58,2.38,10.57,2.620945138595687,5.224253449463778,2.519148379658652,13.644447703800772,50.23923984597177,76.07598427193064,9.3,19.2,47.69999999999996,0.4654166666666666
2023-02-07,1,74,52,40.10833809880219,28.27046153846154,118.73,17.89,28.04,5.79924911574108,2.620945138595687,5.224253449463778,48.528532353139184,83.17517082835073,113.90983577456804,26.0,37.2,60.29999999999996,0.4592083333333333
2023-02-08,0,0,0,1.5881491611817349,1.142121212121212,22.22,0.2,1.38,40.10833809880219,5.79924911574108,2.620945138595687,47.49573637572523,63.76016971970463,115.35687275515411,3.5,38.8,54.89999999999996,0.467625
2023-02-09,0,0,0,1.739083559586295,1.746969696969697,16.560000000000002,0.0,13.21,1.5881491611817349,40.10833809880219,5.79924911574108,43.43557081957045,59.59916690302919,115.91510374147816,1.9,31.399999999999995,51.39999999999996,0.4224583333333333
2023-02-10,0,0,0,0.8777957925054526,0.8139705882352941,9.84,0.2,1.79,1.739083559586295,1.5881491611817349,40.10833809880219,4.205028513273709,57.95781431587599,116.41328976540989,18.6,24.0,69.19999999999996,0.4561249999999999
2023-02-11,0,0,0,8.054027742671973,6.046911764705882,23.89,6.119999999999999,9.14,0.8777957925054526,1.739083559586295,1.5881491611817349,10.670907094763947,60.7875886090842,114.23883277737184,5.2,25.7,66.39999999999995,0.493375
2023-02-12,1,12,10,18.13594489605889,19.27647058823529,73.75,15.66,16.43,8.054027742671973,0.8777957925054526,1.739083559586295,27.067768431236544,76.3025883665474,124.16275945440631,16.7,40.5,81.19999999999996,0.469875
2023-02-13,1,6,3,7.677950865015503,10.900909090909092,70.55,6.7,14.91,18.13594489605889,8.054027742671973,0.8777957925054526,33.8679235037466,78.18129011582182,128.42052996179405,2.2,24.099999999999994,74.09999999999995,0.4880833333333333
2023-02-14,0,0,0,1.4890829380774502,2.066086956521739,21.86,0.2,9.75,7.677950865015503,18.13594489605889,8.054027742671973,27.30297869915207,39.56203495509708,122.73720578344826,5.0,23.899999999999995,53.09999999999996,0.4811249999999999
2023-02-15,1,5,4,5.018640960771237,6.087857142857143,33.38,3.94,15.48,1.4890829380774502,7.677950865015503,18.13594489605889,14.185674763864418,42.99252675468658,106.75269647439166,2.3,9.499999999999996,51.89999999999996,0.4579166666666667
2023-02-16,1,15,10,3.310999571348581,4.997638888888889,104.15,1.785,11.18,5.018640960771237,1.4890829380774502,7.677950865015503,9.818723470197495,44.56444276644886,104.1636096694785,3.3,10.599999999999996,53.29999999999996,0.4495
2023-02-17,1,4,3,20.15720036394692,14.620821917808218,41.09,12.98,16.64,3.310999571348581,5.018640960771237,1.4890829380774502,28.486840896066965,63.84384733789032,121.80166165376676,0.4,5.9999999999999964,35.09999999999996,0.4235416666666667
2023-02-18,1,29,18,25.92067778517637,19.930972222222223,87.64,14.38,23.15,20.15720036394692,3.310999571348581,5.018640960771237,49.388877720472095,81.71049738039471,142.49808598947936,2.9,6.599999999999996,32.799999999999955,0.4490833333333333
2023-02-19,1,11,3,20.99067388639122,21.171527777777776,45.22,24.43,1.77,25.92067778517637,20.15720036394692,3.310999571348581,67.06855203551473,84.56522637072705,160.8678147372749,43.4,46.7,59.49999999999996,0.4870416666666666
2023-02-20,1,11,10,13.967175662226206,10.449444444444444,40.8,5.125,20.39,20.99067388639122,25.92067778517637,20.15720036394692,60.87852733379402,90.85445116793775,169.03574128376002,18.9,65.19999999999999,76.19999999999995,0.4721666666666667
2023-02-21,1,13,9,20.34466528785439,20.18472222222222,63.74,16.11,17.68,13.967175662226206,20.99067388639122,25.92067778517637,55.30251483647204,109.71003351771468,149.27206847281224,7.3,69.6,78.49999999999994,0.4834166666666666
2023-02-22,1,2,1,4.007561860996495,4.047042253521127,33.21,1.59,9.23,20.34466528785439,13.967175662226206,20.99067388639122,38.31940281107732,108.69895441793996,151.69148117262696,2.9,29.1,79.09999999999995,0.4795416666666667
2023-02-23,1,25,16,12.326589929550456,19.638356164383563,353.72,7.09,353.72,4.007561860996495,20.34466528785439,13.967175662226206,36.678817078401565,117.71454477614182,162.27898754259115,23.7,33.9,99.49999999999994,0.4711666666666667
2023-02-24,1,3,1,1.0605382236782048,1.056857142857143,29.91,0.0,5.51,12.326589929550456,4.007561860996495,20.34466528785439,17.394690014225382,98.61788263587312,162.4617299737639,5.2,31.8,104.29999999999994,0.4699166666666667
2023-02-25,0,0,0,0.7466191806887278,1.0295833333333333,12.4,0.2,4.53,1.0605382236782048,12.326589929550456,4.007561860996495,14.133747333917617,73.44382403138547,155.15432141178064,1.3,30.2,102.69999999999996,0.45675
2023-02-26,0,0,0,0.3567713071362287,0.1330555555555556,5.6000000000000005,0.0,1.18,0.7466191806887278,1.0605382236782048,12.326589929550456,2.163928711503389,52.80992145213049,137.375147822858,0.6,7.1000000000000005,59.89999999999995,0.4524999999999999
2023-02-27,0,0,0,0.6394726255017831,0.2844444444444444,3.61,0.0,1.18,0.3567713071362287,0.7466191806887278,1.0605382236782048,1.742863113326967,39.48221841540606,130.33666958334427,2.4,4.3,43.39999999999995,0.4621666666666666
2023-02-28,1,5,5,13.814825412058545,14.427101449275362,63.91,13.81,14.93,0.6394726255017831,0.3567713071362287,0.7466191806887278,14.811069344696785,32.95237853961021,142.66241205732538,15.9,18.9,51.99999999999995,0.47875
2023-03-01,0,0,0,0.4358061729955412,0.5046376811594203,9.2,0.0,3.94,13.814825412058545,0.6394726255017831,0.3567713071362287,14.890104210556094,29.380622851609257,138.07957726954967,1.1,19.4,50.199999999999946,0.4758333333333333
2023-03-02,0,0,0,0.3262655223730474,0.4455072463768116,9.73,0.0,5.92,0.4358061729955412,13.814825412058545,0.6394726255017831,14.57689710742736,17.38029844443185,135.09484322057412,0.0,17.0,26.49999999999995,0.4765416666666666
2023-03-03,1,3,3,9.365209068277634,7.086571428571428,36.27,4.14,10.17,0.3262655223730474,0.4358061729955412,13.814825412058545,10.12728076364645,25.68496928903128,124.30285192490484,2.8,3.9,24.09999999999995,0.4580416666666667
2023-03-04,0,0,0,0.6910807703956074,0.8073913043478261,7.800000000000001,0.2,4.53,9.365209068277634,0.3262655223730474,0.4358061729955412,10.382555361046515,25.62943087873816,99.07325491012408,10.4,13.2,33.19999999999995,0.4440833333333333
2023-03-05,0,0,0,0.934459052974684,1.4608571428571429,14.91,0.2,9.39,0.6910807703956074,9.365209068277634,0.3262655223730474,10.990748891648153,26.207118624576616,79.01704007670754,6.7,19.9,39.29999999999995,0.4524583333333333
2023-03-06,0,0,0,9.922998333185872,9.251304347826087,64.68,8.48,13.42,0.934459052974684,0.6910807703956074,9.365209068277634,11.54853815655639,35.4906443322607,74.97286274766722,10.8,27.9,47.69999999999995,0.4583333333333333
2023-03-07,0,0,0,1.1279417133031495,1.282794117647059,15.170000000000002,0.2,5.12,9.922998333185872,0.934459052974684,0.6910807703956074,11.985399099463931,22.803760633505306,55.756139173115976,0.9,18.4,32.69999999999995,0.4390833333333333
2023-03-08,1,36,21,13.084838257948997,14.612173913043478,70.58,6.3100000000000005,22.11,1.1279417133031495,9.922998333185872,0.934459052974684,24.135778304438244,35.45279271845876,64.83341557006847,9.3,21.000000000000007,40.89999999999996,0.4045833333333333
2023-03-09,1,16,11,12.417726537243546,9.296470588235294,62.5,3.0650000000000004,25.31,13.084838257948997,1.1279417133031495,9.922998333185872,26.63050650849592,47.544253733329256,64.92455217776157,8.8,19.000000000000007,49.69999999999995,0.4114583333333333
2023-03-10,1,44,30,35.0981163341809,29.71794117647059,83.7,29.57,26.57,12.417726537243546,13.084838257948997,1.1279417133031495,60.60068112937367,73.27716099923252,98.96213028826426,23.9,42.00000000000001,70.79999999999995,0.4674583333333333
2023-03-11,1,8,8,11.586128109926433,11.735820895522387,77.05,5.7,17.07,35.0981163341809,12.417726537243546,13.084838257948997,59.10197098135111,84.17220833876335,109.80163921750196,16.9,49.6,77.29999999999995,0.490125
2023-03-12,1,4,3,15.631631319989213,16.40641791044776,62.46,16.4,25.73,11.586128109926433,35.0981163341809,12.417726537243546,62.31587576409677,98.86938060577788,125.07649923035495,12.1,52.900000000000006,82.69999999999995,0.4810833333333333
2023-03-13,1,63,37,25.06607240655006,17.489264705882352,95.46,10.72,18.92,15.631631319989213,11.586128109926433,35.0981163341809,52.283831836465936,114.01245467914208,149.50309901140324,24.7,53.7,96.59999999999994,0.476875
2023-03-14,1,12,9,8.223150276471287,8.404179104477613,52.18,4.36,20.38,25.06607240655006,15.631631319989213,11.586128109926433,48.92085400301079,121.1076632423102,143.91142387581596,12.7,49.5,108.39999999999992,0.4699166666666667
2023-03-15,0,0,0,1.3475927292422687,1.2364615384615385,27.33,0.0,6.4,8.223150276471287,25.06607240655006,15.631631319989213,34.63681541226384,109.37041771360347,144.8232104320627,1.8,39.2,100.89999999999992,0.4652916666666666
2023-03-16,0,0,0,0.7524838356376392,0.812,19.36,0.0,0.79,1.3475927292422687,8.223150276471287,25.06607240655006,10.323226841351422,97.70517501199755,145.2494287453273,0.3,14.800000000000006,92.39999999999996,0.4439583333333333
2023-03-17,0,0,0,0.351351169330949,0.428125,23.200000000000003,0.0,0.2,0.7524838356376392,1.3475927292422687,8.223150276471287,2.451427734211084,62.95840984714762,136.23557084638065,0.5,2.600000000000007,68.99999999999994,0.4165
2023-03-18,0,0,0,0.1898153661166461,0.2333846153846153,11.0,0.0,1.97,0.351351169330949,0.7524838356376392,1.3475927292422687,1.2936503710854617,51.56209710333784,135.73430544210163,0.0,0.8000000000000071,52.099999999999945,0.3930833333333334
2023-03-19,0,0,0,0.6721267966230556,0.8081818181818181,19.12,0.0,7.1,0.1898153661166461,0.351351169330949,0.7524838356376392,1.213293332070878,36.60259257997168,135.47197318575002,0.4,0.9000000000000071,40.39999999999995,0.3839583333333333
2023-03-20,1,1,1,1.5222590821776691,1.7013432835820896,31.020000000000003,0.0,11.38,0.6721267966230556,0.1898153661166461,0.351351169330949,2.384201244917598,13.058779255599289,127.07123393474184,0.8,1.2000000000000073,16.49999999999995,0.3828333333333333
2023-03-21,0,0,0,0.0610181079664329,0.0725757575757575,2.6,0.0,0.39,1.5222590821776691,0.6721267966230556,0.1898153661166461,2.255403986767385,4.896647087094434,126.0043103294051,0.0,1.2000000000000073,3.79999999999995,0.3770833333333334
2023-03-22,0,0,0,0.0188461393191852,0.0184848484848484,0.42,0.0,0.42,0.0610181079664329,1.5222590821776691,0.6721267966230556,1.6021233294635149,3.5679004971713497,112.9383182107753,0.0,0.8000000000000073,1.9999999999999505,0.3560833333333333
2023-03-23,0,0,0,0.0213308636444367,0.025076923076923,0.63,0.0,0.63,0.0188461393191852,0.0610181079664329,1.5222590821776691,0.1011951109302823,2.8367475251781475,100.54192253717618,0.0,0.0,1.6999999999999502,0.3265416666666667
2023-03-24,0,0,0,0.0629368134917328,0.0866666666666666,5.12,0.0,2.76,0.0213308636444367,0.0188461393191852,0.0610181079664329,0.1031138164555823,2.548333169338932,65.50674301648701,0.5,0.5000000000000072,1.6999999999999502,0.305
2023-03-25,0,0,0,0.0054999480176357,0.0092307692307692,0.2,0.0,0.2,0.0629368134917328,0.0213308636444367,0.0188461393191852,0.0897676251540327,2.364017751239921,53.92611485457821,0.0,0.5000000000000072,1.6999999999999502,0.2917916666666666
2023-03-26,0,0,0,0.0172491406019285,0.0459090909090909,1.38,0.0,1.05,0.0054999480176357,0.0629368134917328,0.0213308636444367,0.0856859021115244,1.7091400952187938,38.311732675190925,1.2,1.7000000000000073,2.4999999999999503,0.270625
2023-03-27,1,1,1,6.985339317249959,5.985671641791045,21.21,4.32,10.58,0.0172491406019285,0.0054999480176357,0.0629368134917328,7.00808840586975,7.172220330291083,20.230999585890824,15.9,17.10000000000001,17.59999999999995,0.3072083333333333
2023-03-28,0,0,0,0.0216981167530055,0.0222222222222222,0.6000000000000001,0.0,0.2,6.985339317249959,0.0172491406019285,0.0054999480176357,7.02428657460512,7.132900339077656,12.029547426172543,0.4,17.500000000000007,17.99999999999995,0.3187083333333333
2023-03-29,1,2,2,4.420592236230133,5.006515151515152,36.36,1.195,16.64,0.0216981167530055,6.985339317249959,0.0172491406019285,11.427629670233324,11.534646435988604,15.102546933160408,9.2,25.500000000000007,27.19999999999995,0.337875
2023-03-30,0,0,0,0.1402869036300687,0.2535384615384615,4.0,0.0,2.75,4.420592236230133,0.0216981167530055,6.985339317249959,4.582577256613435,11.653602475974235,14.490350001152835,0.2,9.800000000000006,27.39999999999995,0.3954583333333333
2023-03-31,1,5,0,10.56309234279014,9.415074626865673,30.82,7.49,16.02,0.1402869036300687,4.420592236230133,0.0216981167530055,15.123971482650571,22.153758005272643,24.70209117461203,10.1,19.500000000000007,36.99999999999995,0.4368333333333333
2023-04-01,0,0,0,0.4045852589340452,0.5704615384615386,8.8,0.0,1.97,10.56309234279014,0.1402869036300687,4.420592236230133,11.10796450535448,22.55284331618905,24.916861067429423,0.3,10.600000000000009,37.29999999999995,0.4333333333333333
2023-04-02,0,0,0,0.1766376901831274,0.3022727272727272,4.4,0.1,0.59,0.4045852589340452,10.56309234279014,0.1402869036300687,11.14431529190754,22.712231865770253,24.4213719609895,0.4,10.800000000000006,36.49999999999994,0.4315833333333334
2023-04-03,0,0,0,0.0465032822660564,0.0804615384615384,2.6,0.0,0.63,0.1766376901831274,0.4045852589340452,10.56309234279014,0.6277262313834564,15.773395830786349,22.945616161077886,0.2,0.9000000000000071,20.799999999999947,0.414375
2023-04-04,0,0,0,0.0319850762704796,0.0454545454545454,1.2000000000000002,0.0,0.2,0.0465032822660564,0.1766376901831274,0.4045852589340452,0.2551260487198908,15.783682790303825,22.916583129381934,0.3,0.9000000000000072,20.69999999999995,0.3874166666666667
2023-04-05,0,0,0,0.2811747600887778,0.6407462686567165,41.53,0.0,41.33,0.0319850762704796,0.0465032822660564,0.1766376901831274,0.3596631186255413,11.644265314162467,23.178911750151524,0.1,0.6000000000000071,11.59999999999995,0.36125
2023-04-06,0,0,0,0.0362154742925269,0.026865671641791,0.6000000000000001,0.0,0.2,0.2811747600887778,0.0319850762704796,0.0465032822660564,0.3493753106520118,11.540193884824928,23.193796360799613,2.3,2.700000000000007,13.69999999999995,0.3409166666666667
2023-04-07,0,0,0,4.884885283850768,5.310298507462687,14.98,4.37,5.12,0.0362154742925269,0.2811747600887778,0.0319850762704796,5.2022755182323,5.861986825885554,28.01574483115865,15.6,18.000000000000007,19.19999999999995,0.4160833333333333
2023-04-08,0,0,0,0.7181483912078639,1.4580882352941178,17.13,0.5,3.74,4.884885283850768,0.0362154742925269,0.2811747600887778,5.639249149351386,6.1755499581593725,28.72839327434888,3.7,21.600000000000005,22.599999999999948,0.4807916666666667
2023-04-09,0,0,0,0.3964056412460391,0.3502985074626866,3.37,0.2,0.98,0.7181483912078639,4.884885283850768,0.0362154742925269,5.999439316304898,6.395317909222284,29.10754977499299,0.8,20.10000000000001,22.99999999999995,0.47275
2023-04-10,0,0,0,0.0317503001833134,0.0413432835820895,1.37,0.0,1.37,0.3964056412460391,0.7181483912078639,4.884885283850768,1.146304332637444,6.380564927139541,22.153960757926345,0.0,4.500000000000007,22.79999999999995,0.440375
2023-04-11,0,0,0,0.01159655605701,0.0271641791044776,0.62,0.0,0.62,0.0317503001833134,0.3964056412460391,0.7181483912078639,0.43975249748659,6.360176406926072,22.14385919723035,0.1,0.9000000000000071,22.59999999999995,0.4079166666666666
2023-04-12,0,0,0,2.317020166284125,1.0037681159420289,15.46,0.0,8.12,0.01159655605701,0.0317503001833134,0.3964056412460391,2.360367022524676,8.396021813121418,20.04028712728434,1.4,1.500000000000007,23.89999999999995,0.39075
2023-04-13,0,0,0,3.673496580482568,3.983380281690141,60.63,1.39,15.35,2.317020166284125,0.01159655605701,0.0317503001833134,6.002113302823931,12.03330291931146,23.57349680413684,2.3,3.800000000000007,23.899999999999952,0.383875
2023-04-14,1,9,4,9.253493083448731,10.099285714285717,23.2,11.22,8.12,3.673496580482568,2.317020166284125,0.01159655605701,15.244009830215653,16.401910718909424,22.263897544795437,9.1,12.800000000000006,17.39999999999995,0.4234583333333333
2023-04-15,0,0,0,2.163823826662,2.78943661971831,10.64,2.18,8.0,9.253493083448731,3.673496580482568,2.317020166284125,15.090813490593527,17.84758615436356,24.02313611252339,4.9,16.300000000000004,18.59999999999995,0.492625
2023-04-16,0,0,0,0.1807026713087576,0.2477464788732394,4.4,0.0,0.39,2.163823826662,9.253493083448731,3.673496580482568,11.598019581419718,17.631883184426275,24.027201093649012,0.1,14.100000000000009,17.89999999999995,0.4659999999999999
2023-04-17,0,0,0,4.644708706011425,3.9562857142857135,15.499999999999998,2.86,8.33,0.1807026713087576,2.163823826662,9.253493083448731,6.989235203982412,22.24484159025439,28.62540651739439,20.7,25.700000000000006,38.59999999999995,0.43625
2023-04-18,1,36,27,26.04836297922735,28.59,63.45,30.835,16.42,4.644708706011425,0.1807026713087576,2.163823826662,30.873774356547763,48.28160801342473,54.64178442035126,22.2,43.0,60.699999999999946,0.4825833333333333
2023-04-19,0,0,0,8.105752397227052,7.953698630136986,36.9,6.7,8.34,26.04836297922735,4.644708706011425,0.1807026713087576,38.798824082466055,54.07034024436766,62.466362057489526,17.5,60.400000000000006,76.79999999999995,0.4530416666666667
2023-04-20,0,0,0,0.2744397056393312,0.3644444444444444,10.44,0.0,1.18,8.105752397227052,26.04836297922735,4.644708706011425,34.42855508209396,50.67128336952442,62.70458628883633,0.0,39.7,74.49999999999994,0.4335
2023-04-21,0,0,0,0.0380477134433024,0.0619718309859155,3.8,0.0,0.2,0.2744397056393312,8.105752397227052,26.04836297922735,8.418239816309917,41.45583799951898,57.85774871842887,0.0,17.500000000000007,65.39999999999995,0.4192499999999999
2023-04-22,0,0,0,0.0444028852843721,0.0685714285714285,3.8,0.0,0.2,0.0380477134433024,0.2744397056393312,8.105752397227052,0.3568903043672367,39.336417058141365,57.184003212505374,0.0,0.0,60.49999999999995,0.4034166666666667
2023-04-23,0,0,0,0.028044963441226,0.0478873239436619,3.2,0.0,0.2,0.0444028852843721,0.0380477134433024,0.2744397056393312,0.1104955621691315,39.18375935027383,56.815642534700565,0.0,0.0,60.39999999999995,0.3914166666666667
2023-04-24,0,0,0,0.0202030662682677,0.0338028169014084,2.2,0.0,0.2,0.028044963441226,0.0444028852843721,0.0380477134433024,0.0926509149940968,34.55925371053067,56.80409530078552,0.4,0.4000000000000071,40.099999999999945,0.3786666666666667
2023-04-25,0,0,0,0.0154700221481727,0.0228571428571428,1.2000000000000002,0.0,0.2,0.0202030662682677,0.028044963441226,0.0444028852843721,0.0637180518578974,8.526360753451494,56.80796876687669,0.0,0.4000000000000071,17.89999999999995,0.3631666666666666
2023-04-26,0,0,0,0.2503221279302291,0.2444444444444444,1.0,0.2,0.4,0.0154700221481727,0.0202030662682677,0.028044963441226,0.2859952163469005,0.6709304841546705,54.74127072852279,4.3,4.700000000000007,4.69999999999995,0.35925
2023-04-27,0,0,0,1.2021379174743796,1.2873611111111112,6.1,0.6900000000000001,3.54,0.2503221279302291,0.0154700221481727,0.0202030662682677,1.4679300675530125,1.598628695989719,52.2699120655146,3.0,7.300000000000007,7.69999999999995,0.3720416666666666
2023-04-28,0,0,0,2.6748856171814044,2.54,11.44,2.6,1.57,1.2021379174743796,0.2503221279302291,0.0154700221481727,4.127345662586244,4.235466599727821,45.69130459924727,1.7,9.000000000000007,9.39999999999995,0.380625
2023-04-29,0,0,0,0.340217400453273,0.4936231884057971,2.18,0.0,0.59,2.6748856171814044,1.2021379174743796,0.2503221279302291,4.217240935109288,4.531281114896722,43.86769817303855,1.7,6.400000000000008,11.09999999999995,0.375875
2023-04-30,0,0,0,0.0,0.0,0.0,0.0,0.0,0.340217400453273,2.6748856171814044,1.2021379174743796,3.0151030176349085,4.503236151455496,43.68699550172979,0.2,3.600000000000007,11.299999999999953,0.3674583333333333
2023-05-01,0,0,0,0.0302990651667654,0.0424285714285714,1.77,0.0,1.38,0.0,0.340217400453273,2.6748856171814044,0.3705164656202694,4.513332150353993,39.07258586088513,0.4,2.300000000000007,11.29999999999995,0.3619166666666666
2023-05-02,0,0,0,1.8261041879996776,1.5833333333333337,20.42,0.0,5.9,0.0302990651667654,0.0,0.340217400453273,1.856403253166674,6.323966316205498,14.850327069657451,0.9,1.500000000000007,12.19999999999995,0.3742916666666667
2023-05-03,0,0,0,0.1126925943263086,0.1590140845070422,9.69,0.0,1.77,1.8261041879996776,0.0302990651667654,0.0,1.9690958474929827,6.186336782601578,6.85726726675671,0.0,1.3000000000000071,7.899999999999951,0.3685
2023-05-04,0,0,0,0.0535633680605463,0.0750704225352112,4.53,0.0,1.18,0.1126925943263086,1.8261041879996776,0.0302990651667654,1.992360150386764,5.0377622331877445,6.636390929177925,0.0,0.900000000000007,4.899999999999951,0.3435833333333333
2023-05-05,0,0,0,0.0193971094417228,0.0225352112676056,1.0,0.0,0.2,0.0535633680605463,0.1126925943263086,1.8261041879996776,0.1856530718288087,2.382273725448063,6.617740325176346,0.0,0.0,3.19999999999995,0.3224583333333333
2023-05-06,0,0,0,0.0161922782056126,0.02,0.8,0.0,0.2,0.0193971094417228,0.0535633680605463,0.1126925943263086,0.0891527557081127,2.058248603200403,6.5895297180975865,0.0,0.0,1.4999999999999505,0.3067083333333333
2023-05-07,0,0,0,0.0153677577848963,0.02,1.0,0.0,0.2,0.0161922782056126,0.0193971094417228,0.0535633680605463,0.0509571454324627,2.073616360985299,6.576852512441256,0.0,0.0,1.2999999999999503,0.289125
2023-05-08,0,0,0,0.0174430576193272,0.02,0.6000000000000001,0.0,0.2,0.0153677577848963,0.0161922782056126,0.0193971094417228,0.0490030936100671,2.060760353437861,6.574092503792316,0.0,0.0,0.8999999999999502,0.272125
2023-05-09,0,0,0,0.0762083704285919,0.1755714285714285,4.14,0.0,1.38,0.0174430576193272,0.0153677577848963,0.0161922782056126,0.1090191858330463,0.3108645358667749,6.634830852072735,0.1,0.1000000000000071,0.0999999999999502,0.25975
2023-05-10,0,0,0,7.610870038282448,5.493333333333334,34.44,3.58,7.91,0.0762083704285919,0.0174430576193272,0.0153677577848963,7.704521466330598,7.809041979822914,13.995378762424954,6.1,6.200000000000006,6.1999999999999496,0.3188333333333333
2023-05-11,0,0,0,0.4031941757865298,0.5585507246376812,19.72,0.0,19.72,7.610870038282448,0.0762083704285919,0.0174430576193272,8.0902725844978,8.158672787548898,13.196435020737104,0.9,7.100000000000007,7.09999999999995,0.3405833333333333
2023-05-12,0,0,0,0.0228551923589642,0.0346376811594203,1.2000000000000002,0.0,0.39,0.4031941757865298,7.610870038282448,0.0762083704285919,8.036919406428172,8.16213087046614,10.544404595914664,0.9,7.900000000000007,7.999999999999949,0.333
2023-05-13,0,0,0,0.1995383078473088,0.1966666666666666,1.39,0.0,0.59,0.0228551923589642,0.4031941757865298,7.610870038282448,0.6255876759930338,8.345476900107835,10.4037255033087,0.1,1.9000000000000072,8.09999999999995,0.3276666666666667
2023-05-14,0,0,0,0.0,0.0,0.0,0.0,0.0,0.1995383078473088,0.0228551923589642,0.4031941757865298,0.222393500206504,8.33010914232294,10.4037255033087,0.0,1.000000000000007,8.09999999999995,0.312625
2023-05-15,0,0,0,0.0106591854236582,0.0144927536231884,0.6000000000000001,0.0,0.2,0.0,0.1995383078473088,0.0228551923589642,0.210197493271198,8.323325270127269,10.384085623565593,0.0,0.1000000000000071,8.09999999999995,0.2902083333333333
2023-05-16,0,0,0,0.0,0.0,0.0,0.0,0.0,0.0106591854236582,0.0,0.1995383078473088,0.0106591854238892,8.247116899698678,8.557981435565916,0.0,0.0,7.99999999999995,0.2697916666666667
2023-05-17,0,0,0,0.0029711716818549,0.0028985507246376,0.2,0.0,0.2,0.0,0.0106591854236582,0.0,0.0136303571057441,0.6392180330980851,8.448260012921462,0.4,0.4000000000000071,2.29999999999995,0.25475
2023-05-18,0,0,0,0.0188875919794675,0.0179411764705882,1.02,0.0,0.42,0.0029711716818549,0.0,0.0106591854236582,0.0218587636615533,0.2549114492910229,8.413584236840382,0.0,0.4000000000000071,1.3999999999999504,0.24125
2023-05-19,0,0,0,0.0,0.0,0.0,0.0,0.0,0.0188875919794675,0.0029711716818549,0.0,0.0218587636615533,0.2320562569320586,8.39418712739866,0.0,0.4000000000000071,0.4999999999999502,0.2268333333333333
2023-05-20,0,0,0,0.0059308279200101,0.0057971014492753,0.4,0.0,0.2,0.0,0.0188875919794675,0.0029711716818549,0.0248184198997085,0.0384487770047599,8.383925677113057,0.0,0.0,0.3999999999999503,0.2129583333333333
2023-05-21,0,0,0,0.0059308279200101,0.0057971014492753,0.4,0.0,0.4,0.0059308279200101,0.0,0.0188875919794675,0.0118616558402511,0.04437960492477,8.37448874724817,0.0,0.0,0.3999999999999503,0.1997083333333333
2023-05-22,0,0,0,0.002965413960005,0.0028985507246376,0.2,0.0,0.2,0.0059308279200101,0.0059308279200101,0.0,0.0148270698002562,0.0366858334611167,8.360011103588848,0.0,0.0,0.3999999999999503,0.1893333333333333
2023-05-23,0,0,0,0.0278730451931838,0.038,2.26,0.0,1.67,0.002965413960005,0.0059308279200101,0.0059308279200101,0.0367692870734299,0.0645588786543006,8.31167577835344,0.0,0.0,0.3999999999999503,0.1798333333333333
2023-05-24,0,0,0,0.0106097124374472,0.0112857142857142,0.5900000000000001,0.0,0.39,0.0278730451931838,0.002965413960005,0.0059308279200101,0.0414481715908671,0.072197419409893,0.71141545250844,0.0,0.0,0.0,0.169
2023-05-25,0,0,0,0.007900268160479,0.008695652173913,0.4,0.0,0.2,0.0106097124374472,0.0278730451931838,0.002965413960005,0.046383025791341,0.0612100955909045,0.3161215448823892,0.0,0.0,0.0,0.1594166666666666
2023-05-26,0,0,0,0.0,0.0,0.0,0.0,0.0,0.007900268160479,0.0106097124374472,0.0278730451931838,0.0185099805981572,0.0612100955909045,0.293266352523425,0.0,0.0,0.0,0.1502083333333333
2023-05-27,0,0,0,0.0019468983068453,0.0028571428571428,0.2,0.0,0.2,0.0,0.007900268160479,0.0106097124374472,0.0098471664675552,0.0572261659777397,0.0956749429829614,0.0,0.0,0.0,0.1413333333333333
2023-05-28,0,0,0,4.577680220746059,3.5054929577464797,14.94,2.97,6.1,0.0019468983068453,0.0,0.007900268160479,4.579627119053135,4.628975558803789,4.6733551637290205,2.2,2.2000000000000077,2.1999999999999504,0.1604583333333333
2023-05-29,0,0,0,0.6442654045920966,0.8552112676056339,4.4,0.6000000000000001,0.79,4.577680220746059,0.0019468983068453,0.0,5.223892523645231,5.27027554943588,5.306961382897459,0.5,2.7000000000000077,2.6999999999999504,0.2507083333333333
2023-05-30,0,0,0,0.1089652785816001,0.1785507246376811,6.33,0.0,0.59,0.6442654045920966,4.577680220746059,0.0019468983068453,5.330910903919986,5.351367782824297,5.415926661479059,1.5,4.200000000000007,4.19999999999995,0.2647083333333334
2023-05-31,1,5,0,24.119082280710437,26.196338028169016,44.66,31.130000000000003,3.15,0.1089652785816001,0.6442654045920966,4.577680220746059,24.87231296388436,29.459840351097284,29.532037770507635,35.1,37.10000000000001,39.29999999999996,0.4427083333333333
2023-06-01,0,0,0,1.0859967217612032,0.9879166666666668,7.2,0.8,0.59,24.119082280710437,0.1089652785816001,0.6442654045920966,25.314044281053462,30.537936804698003,30.599146900289373,1.1,37.70000000000001,40.39999999999996,0.447875
2023-06-02,0,0,0,0.038690863955182,0.0704225352112676,2.8000000000000003,0.0,0.2,1.0859967217612032,24.119082280710437,0.1089652785816001,25.243769866427048,30.576627668653185,30.637837764244555,0.0,36.20000000000001,40.39999999999996,0.4197083333333333
2023-06-03,0,0,0,0.2304324572951691,0.3391549295774648,20.48,0.0,1.38,0.038690863955182,1.0859967217612032,24.119082280710437,1.3551200430117851,30.80511322764151,30.862339393619717,0.0,1.1000000000000072,40.39999999999996,0.3919583333333333
2023-06-04,0,0,0,0.0569427079787943,0.0929577464788732,2.6,0.0,0.2,0.2304324572951691,0.038690863955182,1.0859967217612032,0.3260660292293764,26.284375714874244,30.913351273678497,0.0,0.0,38.19999999999995,0.3666666666666667
2023-06-05,0,0,0,0.0570538923278295,0.0885915492957746,3.49,0.0,1.47,0.0569427079787943,0.2304324572951691,0.038690863955182,0.3444290576020239,25.697164202609976,30.967439752046324,0.0,0.0,37.69999999999995,0.3452083333333333
2023-06-06,0,0,0,0.0225994186906395,0.0342857142857142,1.0,0.0,0.2,0.0570538923278295,0.0569427079787943,0.2304324572951691,0.1365960189974943,25.61079834271901,30.962166125543774,0.0,0.0,36.19999999999995,0.32675
2023-06-07,0,0,0,0.0413829927048171,0.0616901408450704,2.18,0.0,0.59,0.0225994186906395,0.0570538923278295,0.0569427079787943,0.1210363037235171,1.5330990547134005,30.99293940581115,0.0,0.0,1.0999999999999504,0.3081666666666666
2023-06-08,0,0,0,0.045715409224236,0.0594285714285714,2.16,0.0,0.98,0.0413829927048171,0.0225994186906395,0.0570538923278295,0.1096978206199237,0.4928177421764333,31.030754546874903,0.0,0.0,0.0,0.2916249999999999
2023-06-09,0,0,0,0.0814394833188635,0.1242857142857142,7.1,0.0,2.36,0.045715409224236,0.0413829927048171,0.0225994186906395,0.1685378852481477,0.5355663615401148,31.11219403019377,0.0,0.0,0.0,0.275125
2023-06-10,0,0,0,0.0468767705120887,0.0707142857142857,3.5500000000000003,0.0,2.16,0.0814394833188635,0.045715409224236,0.0413829927048171,0.1740316630554193,0.3520106747570344,31.15712390239901,0.0,0.0,0.0,0.25725
2023-06-11,0,0,0,0.0708639460711059,0.1054285714285714,5.17,0.0,0.81,0.0468767705120887,0.0814394833188635,0.045715409224236,0.1991801999022891,0.365931912849346,26.65030762772406,0.0,0.0,0.0,0.239375
2023-06-12,0,0,0,0.1527994151308123,0.2214285714285714,14.29,0.0,5.36,0.0708639460711059,0.0468767705120887,0.0814394833188635,0.2705401317142379,0.4616774356523289,26.15884163826277,0.0,0.0,0.0,0.2275416666666666
2023-06-13,0,0,0,0.189283342228625,0.362,4.54,0.0,0.79,0.1527994151308123,0.0708639460711059,0.0468767705120887,0.4129467034307742,0.6283613591903143,26.2391597019098,1.9,1.900000000000007,1.8999999999999504,0.2603333333333333
2023-06-14,1,2,1,10.729829354795251,9.84357142857143,16.25,11.815,3.15,0.189283342228625,0.1527994151308123,0.0708639460711059,11.07191211215492,11.31680772128075,12.84990677599462,15.0,16.900000000000006,16.89999999999995,0.40925
2023-06-15,1,2,0,7.551455484975879,7.763661971830986,14.0,8.92,0.79,10.729829354795251,0.189283342228625,0.1527994151308123,18.470568181999987,18.822547797032392,19.315365539209296,11.0,27.90000000000001,27.89999999999995,0.4778333333333333
2023-06-16,0,0,0,0.4645000029082305,0.4397142857142857,2.4000000000000004,0.4,0.39,7.551455484975879,10.729829354795251,0.189283342228625,18.745784842679598,19.20560831662176,19.741174678162345,0.0,26.000000000000007,27.89999999999995,0.4426666666666667
2023-06-17,0,0,0,0.1265963778589938,0.1504347826086956,3.4000000000000004,0.0,1.18,0.4645000029082305,7.551455484975879,10.729829354795251,8.142551865743334,19.285327923968666,19.63733859872617,0.1,11.100000000000009,27.99999999999995,0.425875
2023-06-18,0,0,0,0.0740092796029381,0.1258823529411764,4.2,0.0,2.36,0.1265963778589938,0.4645000029082305,7.551455484975879,0.6651056603703934,19.288473257500492,19.654405170350312,0.0,0.1000000000000071,27.99999999999995,0.4117916666666666
2023-06-19,0,0,0,0.0678724076877941,0.1085294117647058,5.98,0.0,0.59,0.0740092796029381,0.1265963778589938,0.4645000029082305,0.268478065149957,19.20354625005748,19.66522368571028,0.0,0.1000000000000071,27.99999999999995,0.40975
2023-06-20,0,0,0,0.0861183323799196,0.1338235294117647,8.5,0.0,2.16,0.0678724076877941,0.0740092796029381,0.1265963778589938,0.2280000196708828,19.10038124020877,19.72874259939956,0.0,0.0,26.09999999999995,0.3979166666666667
2023-06-21,0,0,0,0.0502913823041779,0.0789705882352941,4.7700000000000005,0.0,0.98,0.0861183323799196,0.0678724076877941,0.0740092796029381,0.2042821223721226,8.420843267717698,19.73765098899892,0.0,0.0,11.09999999999995,0.381125
2023-06-22,0,0,0,0.0,0.0,0.0,0.0,0.0,0.0502913823041779,0.0861183323799196,0.0678724076877941,0.1364097146843284,0.8693877827418197,19.69193557977468,0.0,0.0,0.0999999999999502,0.3641666666666667
2023-06-23,0,0,0,0.0019889042911825,0.0029850746268656,0.2,0.0,0.2,0.0,0.0502913823041779,0.0861183323799196,0.0522802865955913,0.4068766841247716,19.612485000747,0.0,0.0,0.0999999999999502,0.3488333333333333
2023-06-24,0,0,0,0.0039953369826384,0.006060606060606,0.4,0.0,0.2,0.0019889042911825,0.0,0.0502913823041779,0.0059842412740519,0.2842756432484163,19.569603567217552,0.0,0.0,0.0,0.3341666666666666
2023-06-25,0,0,0,0.170530903749356,0.26109375,16.71,0.0,6.33,0.0039953369826384,0.0019889042911825,0.0,0.1765151450234079,0.3807972673948341,19.6692705248958,0.0,0.0,0.0,0.3204583333333333
2023-06-26,0,0,0,0.1173862764926527,0.1787692307692307,11.62,0.0,5.2,0.170530903749356,0.0039953369826384,0.0019889042911825,0.2919125172248781,0.4303111361996927,19.63385738625764,0.0,0.0,0.0,0.3082916666666667
2023-06-27,0,0,0,0.0040351237656667,0.006060606060606,0.4,0.0,0.2,0.1173862764926527,0.170530903749356,0.0039953369826384,0.2919523040079064,0.3482279275854399,19.44860916779468,0.0,0.0,0.0,0.2947916666666666
2023-06-28,0,0,0,0.0,0.0,0.0,0.0,0.0,0.0040351237656667,0.1173862764926527,0.170530903749356,0.1214214002585504,0.297936545281262,8.71877981299943,0.0,0.0,0.0,0.279875
2023-06-29,0,0,0,0.1457782431936407,0.374375,5.3500000000000005,0.0,0.59,0.0,0.0040351237656667,0.1173862764926527,0.1498133669595384,0.4437147884749027,1.313102571217191,0.2,0.2000000000000071,0.1999999999999502,0.2774583333333333
2023-06-30,0,0,0,3.2206738167635907,2.04375,5.92,1.8,0.98,0.1457782431936407,0.0,0.0040351237656667,3.3664520599574623,3.662399700947311,4.069276385072551,0.0,0.2000000000000071,0.1999999999999502,0.3049583333333333
2023-07-01,0,0,0,0.0,0.0,0.0,0.0,0.0,3.2206738167635907,0.1457782431936407,0.0,3.3664520599574623,3.6584043639646726,3.9426800072135575,0.8,1.000000000000007,0.9999999999999504,0.3002916666666667
2023-07-02,0,0,0,0.0,0.0,0.0,0.0,0.0,0.0,3.2206738167635907,0.1457782431936407,3.2206738167638216,3.4878734602153165,3.86867072761062,0.0,0.8000000000000071,0.9999999999999504,0.2909166666666666
2023-07-03,0,0,0,0.0510686592968397,0.1034482758620689,0.6000000000000001,0.0,0.2,0.0,0.0,3.2206738167635907,0.0510686592970706,3.421555843019504,3.851866979219665,0.1,0.9000000000000071,1.0999999999999504,0.27975
2023-07-04,0,0,0,0.0022828590001189,0.0036363636363636,0.2,0.0,0.2,0.0510686592968397,0.0,0.0,0.0533515182971895,3.419803578253956,3.768031505839865,0.0,0.1000000000000071,1.0999999999999504,0.2695
2023-07-05,0,0,0,0.0022675325759942,0.0035714285714285,0.2,0.0,0.2,0.0022828590001189,0.0510686592968397,0.0,0.0556190508731838,3.42207111082995,3.720007656111681,0.0,0.1000000000000071,1.0999999999999504,0.255375
2023-07-06,0,0,0,0.0,0.0,0.0,0.0,0.0,0.0022675325759942,0.0022828590001189,0.0510686592968397,0.004550391576344,3.276292867636309,3.720007656111681,0.0,0.0,0.8999999999999503,0.2400833333333333
2023-07-07,0,0,0,0.0733689914152337,0.1133333333333333,7.14,0.0,4.38,0.0,0.0022675325759942,0.0022828590001189,0.0756365239914588,0.128988042287952,3.791387743235732,0.0,0.0,0.8999999999999502,0.2249166666666666
2023-07-08,0,0,0,0.010554443878173,0.0221875,0.8200000000000001,0.0,0.42,0.0733689914152337,0.0,0.0022675325759942,0.0839234352936377,0.1395424861661251,3.7979468501312663,3.0,3.000000000000007,3.09999999999995,0.2111666666666666
2023-07-09,0,0,0,3.546103468597783,4.170606060606061,13.6,4.17,3.35,0.010554443878173,0.0733689914152337,0.0,3.630026903891421,3.685645954763908,7.173519414979694,10.9,13.900000000000007,13.99999999999995,0.3198333333333333
2023-07-10,0,0,0,1.0161408065188722,0.9170588235294116,3.53,0.795,1.37,3.546103468597783,0.010554443878173,0.0733689914152337,4.572798718995059,4.650718101985941,8.072273945005913,0.4,14.300000000000008,14.299999999999953,0.3426666666666667
2023-07-11,0,0,0,0.0154177162525603,0.0205882352941176,0.4,0.0,0.2,1.0161408065188722,3.546103468597783,0.010554443878173,4.577661991369446,4.6638529592383815,8.083656537492807,0.0,11.300000000000008,14.299999999999953,0.3207083333333333
2023-07-12,0,0,0,0.0109328822914384,0.0153846153846153,0.4,0.0,0.2,0.0154177162525603,1.0161408065188722,3.546103468597783,1.0424914050631018,4.672518308953826,8.094589419784246,0.0,0.4000000000000071,14.299999999999953,0.2968333333333333
2023-07-13,0,0,0,0.2867554788038566,0.5740000000000001,11.91,0.0,2.31,0.0109328822914384,0.0154177162525603,1.0161408065188722,0.3131060773480864,4.959273787757683,8.23556665539446,0.0,0.0,14.299999999999953,0.2618333333333333
2023-07-14,0,0,0,0.0111430294745793,0.0125396825396825,0.5900000000000001,0.0,0.39,0.2867554788038566,0.0109328822914384,0.0154177162525603,0.3088313905701054,4.897047825817029,5.026035868105449,0.0,0.0,14.299999999999953,0.2440833333333333
2023-07-15,0,0,0,0.0111996558734014,0.0125396825396825,0.59,0.0,0.59,0.0111430294745793,0.2867554788038566,0.0109328822914384,0.3090981641520684,4.897693037812257,5.03723552397885,0.0,0.0,11.299999999999953,0.2291666666666666
2023-07-16,0,0,0,0.0072242602451347,0.0096774193548387,0.4,0.0,0.2,0.0111996558734014,0.0111430294745793,0.2867554788038566,0.0295669455933464,1.3588138294596086,5.044459784223985,0.0,0.0,0.3999999999999503,0.2150416666666666
2023-07-17,0,0,0,0.1573723289762489,0.2330645161290322,9.079999999999998,0.0,4.55,0.0072242602451347,0.0111996558734014,0.0111430294745793,0.1757962450950161,0.5000453519169855,5.150763453903395,0.0,0.0,0.0,0.2084166666666666
2023-07-18,0,0,0,0.0216766397812022,0.0391803278688524,1.39,0.0,0.79,0.1573723289762489,0.0072242602451347,0.0111996558734014,0.1862732290028168,0.5063042754456274,5.170157234684478,0.7,0.7000000000000071,0.6999999999999502,0.2098333333333333
2023-07-19,0,0,0,0.2050329787874189,0.3357142857142857,2.39,0.0,0.59,0.0216766397812022,0.1573723289762489,0.0072242602451347,0.384081947545101,0.7004043719416079,5.372922680895903,2.7,3.4000000000000075,3.3999999999999506,0.2414583333333333
2023-07-20,0,0,0,0.012482033252399,0.034375,0.6000000000000001,0.0,0.2,0.2050329787874189,0.0216766397812022,0.1573723289762489,0.2391916518212511,0.4261309263901502,5.385404714148303,0.0,3.4000000000000075,3.3999999999999506,0.2539583333333333
2023-07-21,0,0,0,0.0040693015237177,0.00625,0.4,0.0,0.2,0.012482033252399,0.2050329787874189,0.0216766397812022,0.2215843135637666,0.4190571984392887,5.316105024256786,0.0,2.7000000000000077,3.3999999999999506,0.2380416666666666
2023-07-22,0,0,0,0.0040693015237177,0.00625,0.4,0.0,0.2,0.0040693015237177,0.012482033252399,0.2050329787874189,0.0206206363000655,0.4119268440896049,5.30961988190233,0.0,0.0,3.3999999999999506,0.2219166666666666
2023-07-23,0,0,0,0.0020460843341476,0.0031746031746031,0.2,0.0,0.2,0.0040693015237177,0.0040693015237177,0.012482033252399,0.0101846873818141,0.4067486681786179,1.7655624976386957,0.0,0.0,3.3999999999999506,0.205
2023-07-24,0,0,0,0.8904505345537354,1.3888709677419355,86.11,0.0,84.34,0.0020460843341476,0.0040693015237177,0.0040693015237177,0.8965659204118317,1.1398268737561044,1.6398722256735587,0.0,0.0,3.3999999999999506,0.1885833333333333
2023-07-25,0,0,0,0.0118684237642986,0.013015873015873,0.42,0.0,0.42,0.8904505345537354,0.0020460843341476,0.0040693015237177,0.9043650426524126,1.1300186577392006,1.636322933185297,0.0,0.0,2.6999999999999504,0.1729583333333333
2023-07-26,0,0,0,0.0041391212630421,0.0064516129032258,0.4,0.0,0.2,0.0118684237642986,0.8904505345537354,0.0020460843341476,0.9064580795813072,0.929124800214824,1.6295291721569007,0.0,0.0,0.0,0.1597083333333333
2023-07-27,0,0,0,0.0487909788122735,0.076031746031746,4.390000000000001,0.0,2.95,0.0041391212630421,0.0118684237642986,0.8904505345537354,0.0647985238398453,0.9654337457746984,1.391564672165318,0.2,0.2000000000000071,0.1999999999999502,0.1540833333333333
2023-07-28,0,0,0,1.706080138878027,0.8238095238095238,5.91,0.2,3.94,0.0487909788122735,0.0041391212630421,0.0118684237642986,1.7590102389535731,2.6674445831290075,3.086501781568765,1.1,1.3000000000000071,1.2999999999999503,0.16275
2023-07-29,0,0,0,0.2099779061064997,0.1768852459016393,1.59,0.0,0.39,1.706080138878027,0.0487909788122735,0.0041391212630421,1.9648490237970309,2.873353187711789,3.285280031801863,0.3,1.6000000000000072,1.5999999999999504,0.2208333333333333
2023-07-30,0,0,0,0.0083672875331565,0.0193548387096774,0.4,0.0,0.2,0.2099779061064997,1.706080138878027,0.0487909788122735,1.924425332517914,2.879674390910798,3.286423059089885,0.0,1.4000000000000072,1.5999999999999504,0.2384583333333333
2023-07-31,0,0,0,0.0080898800536949,0.0096774193548387,0.2,0.0,0.2,0.0083672875331565,0.2099779061064997,1.706080138878027,0.2264350736935822,1.9973137364107576,3.137140610167331,0.0,0.3000000000000071,1.5999999999999504,0.22575
2023-08-01,0,0,0,0.0051848638806397,0.0064516129032258,0.2,0.0,0.2,0.0080898800536949,0.0083672875331565,0.2099779061064997,0.0216420314677221,1.9906301765270988,3.1206488342667686,0.0,0.0,1.5999999999999504,0.2076249999999999
2023-08-02,0,0,0,0.0851727677950536,0.1261290322580645,7.0,0.0,2.95,0.0051848638806397,0.0080898800536949,0.0083672875331565,0.0984475117296192,2.0716638230591102,3.000788623274404,0.0,0.0,1.5999999999999504,0.1891666666666666
2023-08-03,0,0,0,0.1288596856875887,0.1993548387096774,12.16,0.0,3.5,0.0851727677950536,0.0051848638806397,0.0080898800536949,0.219217317363513,2.151732529934425,3.117166275709593,0.0,0.0,1.3999999999999504,0.170625
2023-08-04,0,0,0,0.1469378224120476,0.2247619047619047,13.76,0.0,1.97,0.1288596856875887,0.0851727677950536,0.0051848638806397,0.3609702758949209,0.5925902134684463,3.260034796597923,0.0,0.0,0.2999999999999502,0.1555416666666666
2023-08-05,0,0,0,0.189609388191459,0.286984126984127,16.48,0.0,4.77,0.1469378224120476,0.1288596856875887,0.0851727677950536,0.4654068962913262,0.5722216955534055,3.4455748832656643,0.0,0.0,0.0,0.143625
2023-08-06,0,0,0,0.2250375269880774,0.3433870967741935,20.89,0.0,3.19,0.189609388191459,0.1469378224120476,0.1288596856875887,0.561584737591815,0.7888919350083264,3.668566325919594,0.0,0.0,0.0,0.1327916666666666
2023-08-07,0,0,0,0.0118606683757345,0.0225396825396825,0.42,0.0,0.42,0.2250375269880774,0.189609388191459,0.1469378224120476,0.4265075835555019,0.7926627233303659,2.789976459741593,0.0,0.0,0.0,0.123125
2023-08-08,0,0,0,0.1742647184492839,0.27421875,5.0,0.0,2.36,0.0118606683757345,0.2250375269880774,0.189609388191459,0.4111629138133268,0.9617425778990104,2.9523727544265785,0.7,0.7000000000000071,0.6999999999999502,0.1440416666666666
2023-08-09,1,3,2,8.243871351800948,5.270895522388059,17.77,4.53,10.18,0.1742647184492839,0.0118606683757345,0.2250375269880774,8.429996738626198,9.120441161904903,11.192104984964484,15.6,16.300000000000008,16.29999999999995,0.1915833333333333
2023-08-10,1,1,0,0.6962171879142621,0.2485294117647058,8.18,0.0,1.38,8.243871351800948,0.1742647184492839,0.0118606683757345,9.114353258164726,9.68779866413158,11.839531194066472,0.1,16.400000000000006,16.39999999999995,0.2374166666666667
2023-08-11,0,0,0,1.3835732007467032,1.319090909090909,6.5,0.985,3.54,0.6962171879142621,8.243871351800948,0.1742647184492839,10.323661740462144,10.924434042466237,11.51702425593515,0.0,15.700000000000006,16.39999999999995,0.21175
2023-08-12,0,0,0,0.864878270366932,1.110149253731343,11.54,0.2,7.99,1.3835732007467032,0.6962171879142621,8.243871351800948,2.944668659028128,11.599702924641706,12.17192462019558,0.7,0.800000000000007,17.099999999999948,0.1950833333333333
2023-08-13,0,0,0,0.1318504322020298,0.2303030303030303,3.0,0.0,0.2,0.864878270366932,1.3835732007467032,0.6962171879142621,2.380301903315896,11.50651582985566,12.295407764864455,0.2,0.900000000000007,17.299999999999947,0.2142916666666666
2023-08-14,0,0,0,0.0107941318427133,0.019047619047619,0.2,0.0,0.2,0.1318504322020298,0.864878270366932,1.3835732007467032,1.007522834411906,11.50544929332264,12.298112016653471,0.0,0.900000000000007,17.299999999999947,0.2264166666666666
2023-08-15,0,0,0,0.0028271456445144,0.0061538461538461,0.2,0.0,0.2,0.0107941318427133,0.1318504322020298,0.864878270366932,0.1454717096894885,11.334011720517868,12.295754298417346,0.0,0.2000000000000071,16.599999999999948,0.2195
2023-08-16,0,0,0,0.0012833517945299,0.003125,0.2,0.0,0.2,0.0028271456445144,0.0107941318427133,0.1318504322020298,0.0149046292819887,3.0914237205114503,12.211864882416824,0.1,0.1000000000000071,1.09999999999995,0.2101666666666666
2023-08-17,0,0,0,0.0,0.0,0.0,0.0,0.0,0.0012833517945299,0.0028271456445144,0.0107941318427133,0.0041104974392753,2.395206532597188,12.083005196729236,0.0,0.1000000000000071,0.9999999999999504,0.1954583333333333
2023-08-18,0,0,0,0.0019895061578601,0.0029850746268656,0.2,0.0,0.2,0.0,0.0012833517945299,0.0028271456445144,0.003272857952621,1.0136228380083452,11.938056880475049,0.0,0.1000000000000071,0.9999999999999504,0.1722083333333333
2023-08-19,0,0,0,0.0019800945893791,0.006060606060606,0.2,0.0,0.2,0.0019895061578601,0.0,0.0012833517945299,0.0039696007474702,0.1507246622307924,11.750427586872968,0.0,0.0,0.2999999999999503,0.152875
2023-08-20,0,0,0,0.0,0.0,0.0,0.0,0.0,0.0019800945893791,0.0019895061578601,0.0,0.0039696007474702,0.0188742300287626,11.525390059884892,0.0,0.0,0.0999999999999502,0.1425
2023-08-21,0,0,0,0.0020225205867946,0.003076923076923,0.2,0.0,0.2,0.0,0.0019800945893791,0.0019895061578601,0.0040026151764046,0.0101026187728438,11.51555191209595,0.0,0.0,0.0999999999999502,0.130875
2023-08-22,0,0,0,0.0020304679738425,0.003076923076923,0.2,0.0,0.2,0.0020225205867946,0.0,0.0019800945893791,0.0040529885608681,0.0093059411021719,11.343317661620508,0.0,0.0,0.0999999999999502,0.1219583333333333
2023-08-23,0,0,0,0.0020091761809009,0.003030303030303,0.2,0.0,0.2,0.0020304679738425,0.0020225205867946,0.0,0.006062164741769,0.0100317654885429,3.101455486000462,0.0,0.0,0.0,0.1121666666666666
2023-08-24,0,0,0,2.8041561189959525,1.9753030303030303,13.51,0.79,7.58,0.0020091761809009,0.0020304679738425,0.0020225205867946,2.808195763150927,2.8141878844844954,5.2093944170821525,0.2,0.2000000000000071,0.1999999999999502,0.109625
2023-08-25,0,0,0,3.4102281400390746,3.611515151515152,7.88,3.745,3.94,2.8041561189959525,0.0020091761809009,0.0020304679738425,6.216393435216158,6.22242651836571,7.236049356374524,4.3,4.500000000000007,4.49999999999995,0.1519583333333333
2023-08-26,0,0,0,7.966149978490502,6.470303030303031,12.54,7.73,2.56,3.4102281400390746,2.8041561189959525,0.0020091761809009,14.18053423752576,14.186596402266831,14.337321064498097,6.6,11.100000000000009,11.09999999999995,0.4106666666666667
2023-08-27,0,0,0,4.7566684441401845,4.7231250000000005,8.88,5.33,1.97,7.966149978490502,3.4102281400390746,2.8041561189959525,16.133046562669993,18.94326484640702,18.962139076436248,5.0,15.900000000000007,16.09999999999995,0.4552083333333334
2023-08-28,1,1,0,0.8872196927820067,0.7298484848484849,2.6,0.4,0.39,4.7566684441401845,7.966149978490502,3.4102281400390746,13.610038115412925,19.828462018602227,19.838564637375544,0.6,12.200000000000006,16.69999999999995,0.4581666666666666
2023-08-29,0,0,0,0.0841895748973406,0.0939393939393939,1.2000000000000002,0.0,0.2,0.8872196927820067,4.7566684441401845,7.966149978490502,5.728077711819764,19.91062112552573,19.919927066628368,1.0,6.600000000000007,17.69999999999995,0.4286666666666667
2023-08-30,0,0,0,0.0259861552259906,0.0271212121212121,0.59,0.0,0.59,0.0841895748973406,0.8872196927820067,4.7566684441401845,0.9973954229055698,19.934598104570814,19.944629870059828,0.0,1.6000000000000072,17.69999999999995,0.3937083333333333
2023-08-31,0,0,0,0.0617624474195055,0.1138461538461538,6.19,0.0,0.42,0.0259861552259906,0.0841895748973406,0.8872196927820067,0.1719381775430686,17.19220443299437,20.00639231747933,0.0,1.000000000000007,17.49999999999995,0.3539166666666666
2023-09-01,0,0,0,0.0296536793779544,0.045,1.77,0.0,0.98,0.0617624474195055,0.0259861552259906,0.0841895748973406,0.1174022820236824,13.81162997233325,20.034056490699427,0.0,0.0,13.19999999999995,0.3182916666666667
2023-09-02,1,4,3,8.35441783069476,9.020298507462687,35.65,6.88,12.0,0.0296536793779544,0.0617624474195055,0.0259861552259906,8.445833957492452,14.199897824537508,28.38649422680481,6.0,6.000000000000007,12.59999999999995,0.2907916666666666
2023-09-03,1,2,1,14.386657472363662,13.24723076923077,35.77,13.56,10.78,8.35441783069476,0.0296536793779544,0.0617624474195055,22.77072898243661,23.829886852760986,42.77315169916847,3.7,9.700000000000006,11.299999999999953,0.291125
2023-09-04,0,0,0,0.5192752741833775,0.3165079365079365,5.99,0.0,1.38,14.386657472363662,8.35441783069476,0.0296536793779544,23.260350577242036,23.46194243416236,43.29040445276505,0.0,9.700000000000006,10.69999999999995,0.259375
2023-09-05,0,0,0,0.4548329328167583,0.3804615384615384,3.77,0.2,1.78,0.5192752741833775,14.386657472363662,8.35441783069476,15.360765679364029,23.832585792081776,43.74320691760797,0.5,4.200000000000007,10.19999999999995,0.2862916666666666
2023-09-06,0,0,0,0.2201454609911781,0.1938461538461538,2.8000000000000003,0.0,0.2,0.4548329328167583,0.5192752741833775,14.386657472363662,1.194253667991545,24.026745097846963,43.96134320241825,1.1,1.6000000000000072,11.299999999999953,0.3614583333333332
2023-09-07,0,0,0,0.103874161877866,0.1066153846153846,5.53,0.0,2.58,0.2201454609911781,0.4548329328167583,0.5192752741833775,0.7788525556860335,24.068856812305324,41.26106124530016,0.0,1.6000000000000072,11.299999999999953,0.356375
2023-09-08,0,0,0,0.0885782763208681,0.13359375,6.75,0.0,1.81,0.103874161877866,0.2201454609911781,0.4548329328167583,0.4125978991901432,24.12778140924824,37.93941138158196,0.0,1.1000000000000072,11.299999999999953,0.3170416666666666
2023-09-09,0,0,0,0.0074134350846725,0.009375,0.2,0.0,0.2,0.0885782763208681,0.103874161877866,0.2201454609911781,0.1998658732836376,15.780777013638149,29.980674838176128,0.4,0.4000000000000071,5.69999999999995,0.2801666666666667
2023-09-10,0,0,0,0.0,0.0,0.0,0.0,0.0,0.0074134350846725,0.0885782763208681,0.103874161877866,0.0959917114057715,1.3941195412744862,25.224006394035943,0.0,0.4000000000000071,1.9999999999999505,0.2559583333333333
2023-09-11,0,0,0,0.0039729245394845,0.0061538461538461,0.4,0.0,0.2,0.0,0.0074134350846725,0.0885782763208681,0.011386359624388,0.8788171916305932,24.34075962579342,0.0,0.4000000000000071,1.9999999999999505,0.2298749999999999
2023-09-12,0,0,0,0.0163038495625973,0.03703125,1.77,0.0,1.77,0.0039729245394845,0.0,0.0074134350846725,0.0202767741023128,0.4402881083764323,24.27287390045868,0.0,0.0,1.4999999999999505,0.1967499999999999
2023-09-13,0,0,0,0.0034927724745678,0.00625,0.2,0.0,0.2,0.0163038495625973,0.0039729245394845,0.0,0.0237695465768807,0.223635419859822,24.250380517707253,0.0,0.0,0.3999999999999503,0.1654166666666666
2023-09-14,0,0,0,12.675404794689658,13.09765625,25.54,16.31,2.95,0.0034927724745678,0.0163038495625973,0.0039729245394845,12.695201416727055,12.795166052671616,36.86402286497741,6.5,6.500000000000007,6.899999999999951,0.26175
2023-09-15,0,0,0,0.940632382963357,0.9296875,10.55,0.0,0.59,12.675404794689658,0.0034927724745678,0.0163038495625973,13.619529950127816,13.647220159314104,37.77500156856281,0.3,6.800000000000007,7.19999999999995,0.421375
2023-09-16,0,0,0,0.3253707483229279,0.1365079365079365,3.8,0.0,0.4,0.940632382963357,12.675404794689658,0.0034927724745678,13.941407925976174,13.96517747255236,29.74595448619098,0.0,6.800000000000007,6.79999999999995,0.3775416666666666
2023-09-17,0,0,0,0.0716472343713233,0.019047619047619,0.6000000000000001,0.0,0.2,0.3253707483229279,0.940632382963357,12.675404794689658,1.3376503656578391,14.036824706923683,15.43094424819864,0.0,0.3000000000000071,6.79999999999995,0.3297083333333333
2023-09-18,0,0,0,0.4508756444088816,0.9943076923076922,14.96,0.0,3.94,0.0716472343713233,0.3253707483229279,0.940632382963357,0.8478936271033638,14.48372742679308,15.362544618424142,0.0,0.0,6.79999999999995,0.2847083333333333
2023-09-19,0,0,0,0.1411881353225737,0.2781538461538462,5.6000000000000005,0.0,1.96,0.4508756444088816,0.0716472343713233,0.3253707483229279,0.6637110141030097,14.608611712553056,15.048899820929956,0.0,0.0,6.79999999999995,0.251375
2023-09-20,0,0,0,0.0118776509275271,0.01859375,1.19,0.0,0.39,0.1411881353225737,0.4508756444088816,0.0716472343713233,0.6039414306592135,14.616996591006014,14.840632010866306,0.0,0.0,6.79999999999995,0.224375
2023-09-21,0,0,0,0.0088000603120218,0.0183076923076923,0.6000000000000001,0.0,0.39,0.0118776509275271,0.1411881353225737,0.4508756444088816,0.1618658465623537,1.9503918566283784,14.745557909300462,0.2,0.2000000000000071,0.4999999999999502,0.1995
2023-09-22,0,0,0,0.2074677675262381,0.3541269841269841,9.84,0.0,2.76,0.0088000603120218,0.0118776509275271,0.1411881353225737,0.2281454787660181,1.2172272411912597,14.864447400505831,0.0,0.2000000000000071,0.1999999999999502,0.172125
2023-09-23,0,0,0,0.0129114077762177,0.019047619047619,0.8,0.0,0.2,0.2074677675262381,0.0088000603120218,0.0118776509275271,0.2291792356147087,0.9047679006445492,14.869945373197377,0.2,0.4000000000000071,0.3999999999999503,0.1452083333333333
2023-09-24,0,0,0,0.0040367600048293,0.0063492063492063,0.4,0.0,0.2,0.0129114077762177,0.2074677675262381,0.0088000603120218,0.2244159353075161,0.8371574262780551,14.873982133202206,0.0,0.2000000000000071,0.3999999999999503,0.1248333333333333
2023-09-25,0,0,0,0.0040367600048293,0.0063492063492063,0.4,0.0,0.2,0.0040367600048293,0.0129114077762177,0.2074677675262381,0.0209849277861072,0.3903185418740028,14.874045968667552,1.0,1.200000000000007,1.3999999999999502,0.114375
2023-09-26,0,0,0,0.0136597226129811,0.02484375,0.99,0.0,0.39,0.0040367600048293,0.0040367600048293,0.0129114077762177,0.0217332426228707,0.2627901291644102,14.871401841717937,2.9,3.900000000000007,4.29999999999995,0.1224166666666666
2023-09-27,1,4,0,12.230850307728636,11.207692307692309,26.84,12.09,13.83,0.0136597226129811,0.0040367600048293,0.0040367600048293,12.248546790346676,12.481762785965518,27.098759376972005,9.0,12.900000000000007,13.299999999999953,0.154375
2023-09-28,0,0,0,3.355310557286153,3.391230769230769,17.14,1.98,6.31,12.230850307728636,0.0136597226129811,0.0040367600048293,15.599820587628,15.82827328293965,17.7786651395685,8.3,20.20000000000001,21.399999999999952,0.3412916666666666
2023-09-29,0,0,0,0.2094738717409974,0.296875,5.2,0.0,0.2,3.355310557286153,12.230850307728636,0.0136597226129811,15.795634736756018,15.830279387154407,17.047506628346138,0.0,17.30000000000001,21.399999999999952,0.3312083333333333
2023-09-30,1,1,0,0.3000980819823202,0.3489230769230769,4.74,0.0,2.16,0.2094738717409974,3.355310557286153,12.230850307728636,3.864882511009701,16.11746606136051,17.02223396200553,9.5,17.800000000000008,30.699999999999957,0.3096666666666667
2023-10-01,1,20,12,39.2286950560801,36.83909090909091,103.19,44.58,17.69,0.3000980819823202,0.2094738717409974,3.355310557286153,39.73826700980365,55.34212435743578,56.1792817837143,49.3,58.8,79.99999999999994,0.43
2023-10-02,1,1,0,2.6250038041935664,2.8550769230769237,43.66,0.5900000000000001,4.53,39.2286950560801,0.3000980819823202,0.2094738717409974,42.15379694225622,57.96309140162452,58.35340994349899,1.2,60.00000000000001,80.19999999999995,0.456875
2023-10-03,0,0,0,0.6757395162951643,0.6576923076923077,17.150000000000002,0.0,0.39,2.6250038041935664,39.2286950560801,0.3000980819823202,42.52943837656906,58.6251711953067,58.887961324471576,0.1,50.6,77.39999999999995,0.430625
2023-10-04,1,2,0,7.138569197143552,6.038615384615384,21.09,5.29,12.2,0.6757395162951643,2.6250038041935664,39.2286950560801,10.439312517632516,53.532890084721615,66.0146528706876,0.4,1.700000000000007,68.79999999999994,0.3945
2023-10-05,1,20,1,18.849773380659787,18.409848484848485,37.79,23.405,11.4,7.138569197143552,0.6757395162951643,2.6250038041935664,26.664082094098735,69.02735290809525,84.85562619103537,3.1,3.600000000000007,63.599999999999945,0.455875
2023-10-06,0,0,0,1.6846147573157733,1.5435483870967743,11.56,0.2,0.79,18.849773380659787,7.138569197143552,0.6757395162951643,27.672957335119342,70.50249379367003,86.3327731808249,0.0,3.500000000000007,63.599999999999945,0.436125
2023-10-07,1,3,0,11.85045932445924,12.386666666666668,36.62,12.065,8.32,1.6846147573157733,18.849773380659787,7.138569197143552,32.38484746243503,82.05285503614694,98.17032109750792,1.9,5.000000000000007,55.99999999999995,0.4292499999999999
2023-10-08,1,18,8,20.618019824408535,22.100615384615384,55.37,23.94,33.9,11.85045932445924,1.6846147573157733,18.849773380659787,34.153093906183784,63.44217980447539,118.78430416191163,30.6,32.50000000000001,37.29999999999996,0.482
2023-10-09,1,11,5,23.235273513121594,18.78015625,55.52,19.03,21.67,20.618019824408535,11.85045932445924,1.6846147573157733,55.7037526619896,84.05244951340342,142.0155409150284,19.3,51.80000000000001,55.39999999999995,0.4764583333333332
2023-10-10,0,0,0,1.4518923715645375,1.1268852459016394,25.03,0.2,0.39,23.235273513121594,20.618019824408535,11.85045932445924,45.3051857090949,84.82860236867279,143.45377356397995,0.4,50.30000000000001,55.69999999999995,0.4575833333333333
2023-10-11,0,0,0,1.3063601950350865,0.6368253968253968,13.92,0.0,0.39,1.4518923715645375,23.235273513121594,20.618019824408535,25.99352607972145,78.99639336656432,132.5292834512864,0.0,19.700000000000006,55.29999999999995,0.421
2023-10-12,1,10,0,12.417991886608196,11.78920634920635,38.73,12.05,21.19,1.3063601950350865,1.4518923715645375,23.235273513121594,15.176244453208051,72.56461187251273,141.59196478060844,13.3,13.700000000000008,65.49999999999996,0.4292083333333333
2023-10-13,0,0,0,2.4894346339975457,3.27328125,19.98,1.195,16.15,12.417991886608196,1.3063601950350865,1.4518923715645375,16.21378671564106,73.3694317491945,143.871925542865,4.9,18.20000000000001,70.39999999999995,0.5016666666666666
2023-10-14,0,0,0,0.4250516914860949,0.5806451612903226,6.800000000000001,0.2,0.4,2.4894346339975457,12.417991886608196,1.3063601950350865,15.332478212092068,61.94402411622136,143.99687915236876,1.1,19.300000000000008,69.59999999999995,0.502125
2023-10-15,0,0,0,0.3092099847642574,0.3893548387096774,6.6000000000000005,0.0,2.56,0.4250516914860949,2.4894346339975457,12.417991886608196,3.22369631024813,41.63521427657708,105.07739408105294,0.0,6.000000000000007,38.99999999999996,0.4769166666666666
2023-10-16,1,2,0,0.6617374405200119,1.0536507936507935,18.92,0.0,7.3,0.3092099847642574,0.4250516914860949,2.4894346339975457,1.395999116770597,19.061678203975497,103.1141277173794,0.0,1.1000000000000072,19.699999999999957,0.4489583333333333
2023-10-17,1,6,1,17.7373528493654,15.833809523809524,46.29,17.52,15.62,0.6617374405200119,0.3092099847642574,0.4250516914860949,18.708300274649904,35.34713868177636,120.17574105044962,7.6,7.600000000000007,26.899999999999952,0.435
2023-10-18,0,0,0,1.3910960017580671,1.9206666666666667,30.25,0.8,0.59,17.7373528493654,0.6617374405200119,0.3092099847642574,19.790186291643717,35.43187448849934,114.42826785506414,1.5,9.100000000000009,28.399999999999952,0.45225
2023-10-19,0,0,0,0.6274205778909704,1.0264406779661015,19.0,0.0,7.57,1.3910960017580671,17.7373528493654,0.6617374405200119,19.755869429014677,23.641303179782117,96.20591505229532,0.9,10.000000000000009,15.99999999999995,0.4619583333333333
2023-10-20,0,0,0,0.3852818467148893,0.4877966101694915,10.6,0.0,0.79,0.6274205778909704,1.3910960017580671,17.7373528493654,2.4037984263641614,21.537150392499456,94.90658214169444,0.4,2.800000000000007,11.49999999999995,0.4584583333333333
2023-10-21,0,0,0,0.3022935811020922,0.3432203389830508,6.05,0.0,3.79,0.3852818467148893,0.6274205778909704,1.3910960017580671,1.3149960057081864,21.41439228211545,83.35841639833728,1.2,2.500000000000007,11.59999999999995,0.4532916666666666
2023-10-22,0,0,0,0.4720938409168399,0.5379661016949152,12.59,0.0,6.34,0.3022935811020922,0.3852818467148893,0.6274205778909704,1.159669268734056,21.57727613826804,63.21249041484558,0.0,1.6000000000000072,11.59999999999995,0.426875
2023-10-23,0,0,0,0.2392522604827696,0.0858620689655172,1.59,0.0,0.59,0.4720938409168399,0.3022935811020922,0.3852818467148893,1.0136396825019365,21.154790958230794,40.21646916220677,0.0,1.200000000000007,11.59999999999995,0.3845833333333333
2023-10-24,0,0,0,0.2444068209276626,0.2510169491525423,9.02,0.0,9.02,0.2392522604827696,0.4720938409168399,0.3022935811020922,0.9557529223275067,3.6618449297930566,39.00898361156989,2.7,2.7000000000000077,6.69999999999995,0.3503333333333333
2023-10-25,0,0,0,0.4867613347237087,0.6117741935483871,3.55,0.2,1.97,0.2444068209276626,0.2392522604827696,0.4720938409168399,0.9704204161343756,2.7575102627586983,38.18938475125851,5.1,7.800000000000007,10.299999999999953,0.4332499999999999
2023-10-26,0,0,0,1.5704311968910205,1.8931746031746035,10.35,0.8,8.38,0.4867613347237087,0.2444068209276626,0.2392522604827696,2.301599352542626,3.700520881758748,27.34182406154133,14.3,22.10000000000001,23.699999999999957,0.4795416666666667
2023-10-27,1,3,3,5.933411670319847,4.779193548387097,24.96,2.1900000000000004,10.98,1.5704311968910205,0.4867613347237087,0.2444068209276626,7.99060420193481,9.248650705363705,30.78580109786363,4.6,24.000000000000007,27.899999999999952,0.4780416666666666
2023-10-28,0,0,0,1.8309470968691235,1.3958064516129034,16.52,1.0,0.81,5.933411670319847,1.5704311968910205,0.4867613347237087,9.334789964080224,10.777304221130738,32.19169650324666,0.4,19.300000000000008,27.09999999999995,0.4534583333333333
2023-10-29,1,4,1,18.015381479285885,16.478196721311477,54.73,12.43,13.83,1.8309470968691235,5.933411670319847,1.5704311968910205,25.77974024647509,28.320591859499785,49.89786799776829,13.7,18.700000000000006,40.79999999999996,0.4604166666666667
2023-10-30,0,0,0,2.3864850716194903,3.0308333333333337,29.74,1.2000000000000002,1.44,18.015381479285885,1.8309470968691235,5.933411670319847,22.232813647774734,30.467824670636503,51.62261562886776,2.2,16.300000000000008,42.99999999999995,0.4601249999999999
2023-10-31,1,12,2,6.992436064671899,7.865901639344262,51.39,5.73,13.01,2.3864850716194903,18.015381479285885,1.8309470968691235,27.39430261557751,37.21585391438074,40.87769884417427,8.2,24.10000000000001,48.49999999999995,0.4709583333333333
2023-11-01,0,0,0,0.8251846642738699,1.286190476190476,19.14,0.6000000000000001,3.54,6.992436064671899,2.3864850716194903,18.015381479285885,10.204105800565491,37.5542772439309,40.31178750669007,8.2,18.60000000000001,51.59999999999995,0.4652083333333334
2023-11-02,0,0,0,0.3295589124504688,0.5375409836065573,20.39,0.0,3.16,0.8251846642738699,6.992436064671899,2.3864850716194903,8.147179641396471,36.31340495949035,40.013925841249566,0.3,16.700000000000006,37.59999999999995,0.4520416666666667
2023-11-03,1,5,3,7.153471173004768,7.002258064516129,22.97,5.9350000000000005,12.91,0.3295589124504688,0.8251846642738699,6.992436064671899,8.308214749729341,37.53346446217528,46.782115167539445,12.4,20.90000000000001,45.39999999999995,0.4476666666666666
2023-11-04,0,0,0,3.227029396842152,7.023333333333333,347.63,0.2,347.43,7.153471173004768,0.3295589124504688,0.8251846642738699,10.710059482297623,38.9295467621483,49.7068509832795,1.0,13.70000000000001,45.99999999999995,0.4500833333333333
2023-11-05,0,0,0,0.1722699401236772,0.1068965517241379,1.4,0.0,0.2,3.227029396842152,7.153471173004768,0.3295589124504688,10.55277050997083,21.08643522298609,49.40702708248634,0.0,13.40000000000001,32.299999999999955,0.4155
2023-11-06,0,0,0,0.1350484176485639,0.07,1.0,0.0,0.2,0.1722699401236772,3.227029396842152,7.153471173004768,3.534347754614628,18.834998569015166,49.302823239652135,0.0,1.0000000000000089,30.09999999999995,0.3855416666666666
2023-11-07,0,0,0,0.1442886366868151,0.0881355932203389,2.0,0.0,1.0,0.1350484176485639,0.1722699401236772,3.227029396842152,0.4516069944592907,11.98685114103008,49.202705055411286,0.0,0.0,21.89999999999996,0.3549166666666667
2023-11-08,0,0,0,0.1616346086877758,0.2964406779661017,9.38,0.0,5.31,0.1442886366868151,0.1350484176485639,0.1722699401236772,0.4409716630233893,11.323301085443989,48.87757832937535,0.0,0.0,13.699999999999957,0.3238333333333333
2023-11-09,0,0,0,0.1349483309491504,0.2972413793103448,4.63,0.0,1.96,0.1616346086877758,0.1442886366868151,0.1350484176485639,0.4408715763239759,11.128690503942668,47.44209546343349,0.6,0.6000000000000089,13.999999999999954,0.2936249999999999
2023-11-10,0,0,0,0.1109083762565145,0.2543333333333333,9.7,0.0,5.13,0.1349483309491504,0.1616346086877758,0.1442886366868151,0.4074913158936752,4.086127707194414,41.61959216937016,10.0,10.600000000000009,11.599999999999952,0.3074166666666666
2023-11-11,0,0,0,0.0663703627350193,0.2043103448275862,11.05,0.0,3.05,0.1109083762565145,0.1349483309491504,0.1616346086877758,0.3122270699409188,0.925468673087282,39.85501543523605,0.0,10.600000000000009,10.599999999999952,0.3077916666666667
2023-11-12,0,0,0,0.103268632653243,0.3151724137931034,17.89,0.0,2.8,0.0663703627350193,0.1109083762565145,0.1349483309491504,0.2805473716450114,0.8564673656168478,21.94290258860341,0.0,10.000000000000009,10.599999999999952,0.2590833333333333
2023-11-13,0,0,0,0.1137446971799592,0.3539655172413793,18.26,0.0,2.83,0.103268632653243,0.0663703627350193,0.1109083762565145,0.2833836925684561,0.8351636451482432,19.67016221416388,0.0,0.0,10.599999999999952,0.2165833333333333
2023-11-14,0,0,0,0.2567459601225693,0.6647457627118644,11.27,0.0,3.74,0.1137446971799592,0.103268632653243,0.0663703627350193,0.473759289956006,0.9476209685839972,12.934472109614546,1.8,1.800000000000009,12.399999999999954,0.1896666666666666
2023-11-15,1,16,10,14.487130478384046,13.73622950819672,37.3,10.06,19.13,0.2567459601225693,0.1137446971799592,0.103268632653243,14.85762113568681,15.273116838280266,26.59641792372472,3.4,5.200000000000009,15.799999999999956,0.1784583333333333
2023-11-16,0,0,0,17.715438097796298,14.031129032258066,44.55,12.8,7.1,14.487130478384046,0.2567459601225693,0.1137446971799592,32.45931453630315,32.85360660512741,43.98229710907055,1.4,6.6000000000000085,16.599999999999955,0.1530833333333333
2023-11-17,0,0,0,0.3540136763868442,0.7357627118644069,10.28,0.0,2.76,17.715438097796298,14.487130478384046,0.2567459601225693,32.55658225256742,33.09671190525774,37.18283961245263,0.2,5.000000000000009,6.799999999999954,0.1357083333333333
2023-11-18,0,0,0,0.5469718816451258,0.5024137931034482,8.290000000000001,0.0,3.74,0.3540136763868442,17.715438097796298,14.487130478384046,18.616423655828505,33.577313424167855,34.5027820972556,7.3,8.90000000000001,14.099999999999952,0.1221666666666666
2023-11-19,1,7,3,24.364193361560385,21.049354838709675,51.61,23.455,8.73,0.5469718816451258,0.3540136763868442,17.715438097796298,25.265178919592596,57.83823815307499,58.6947055186923,8.5,16.000000000000007,22.59999999999995,0.1905416666666667
2023-11-20,0,0,0,1.3347737348947448,1.8173333333333332,14.37,0.2,1.37,24.364193361560385,0.5469718816451258,0.3540136763868442,26.245938978100494,59.059267190789775,59.894430835938486,3.3,19.10000000000001,25.899999999999952,0.2912916666666666
2023-11-21,0,0,0,0.4324313744601618,0.7873770491803279,13.43,0.0,3.35,1.3347737348947448,24.364193361560385,0.5469718816451258,26.13139847091553,59.23495260512737,60.18257357371184,8.8,20.60000000000001,32.89999999999995,0.2962916666666667
2023-11-22,0,0,0,0.6149398600915608,0.7476271186440678,11.4,0.0,2.17,0.4324313744601618,1.3347737348947448,24.364193361560385,2.3821449694467054,45.36276198683488,60.635878825115626,4.8,16.90000000000001,34.299999999999955,0.3051666666666666
2023-11-23,1,10,0,6.819708269794856,7.0568333333333335,20.36,6.0,11.8,0.6149398600915608,0.4324313744601618,1.3347737348947448,7.867079504346817,34.46703215883345,67.32063876396133,21.9,35.50000000000001,54.79999999999996,0.3702916666666667
2023-11-24,0,0,0,1.5336387786058732,1.4388709677419356,10.96,1.0,0.42,6.819708269794856,0.6149398600915608,0.4324313744601618,8.968286908492528,35.646657261052475,68.74336916631069,8.4,35.10000000000001,62.99999999999995,0.4792916666666666
2023-11-25,0,0,0,4.385328012101178,4.142258064516129,10.07,4.255000000000001,1.96,1.5336387786058732,6.819708269794856,0.6149398600915608,12.738675060502146,39.48501339150853,73.06232681567685,1.7,32.00000000000001,57.39999999999996,0.4809166666666666
2023-11-26,0,0,0,0.305634597202458,0.4614754098360656,6.2,0.0,2.95,4.385328012101178,1.5336387786058732,6.819708269794856,6.224601387909746,15.426454627150598,73.26469278022606,2.0,12.100000000000009,50.89999999999996,0.4702083333333333
2023-11-27,1,6,1,8.57783102645071,7.389672131147541,47.760000000000005,5.15,26.17,0.305634597202458,4.385328012101178,1.5336387786058732,13.268793635754584,22.66951191870656,81.72877910949681,14.6,18.300000000000004,62.199999999999946,0.4574583333333333
2023-11-28,1,10,7,6.198536873684931,5.297096774193549,26.61,4.46,17.93,8.57783102645071,0.305634597202458,4.385328012101178,15.082002497338337,28.435617417931333,87.67057002305917,9.2,25.800000000000004,62.59999999999995,0.4593333333333333
2023-11-29,1,12,7,20.4188742254468,19.079016393442625,67.02,18.65,18.51,6.198536873684931,8.57783102645071,0.305634597202458,35.19524212558267,48.23955178328657,93.60231377012192,6.6,30.40000000000001,64.39999999999995,0.4600833333333333
2023-11-30,0,0,0,1.7598111073836322,2.821,22.9,0.3,11.01,20.4188742254468,6.198536873684931,8.57783102645071,28.3772222065156,43.17965462087534,77.64668677970926,0.6,16.400000000000006,43.09999999999995,0.4609166666666666
2023-12-01,0,0,0,0.7590045419452636,1.2688135593220342,24.22,0.0,2.36,1.7598111073836322,20.4188742254468,6.198536873684931,22.93768987477593,42.40502038421474,78.05167764526767,0.2,7.400000000000005,34.89999999999995,0.432375
2023-12-02,0,0,0,0.2166349397075106,0.378,6.9,0.0,2.21,0.7590045419452636,1.7598111073836322,20.4188742254468,2.735450589036648,38.23632731182106,77.72134070333006,0.0,0.8000000000000054,33.19999999999995,0.3970416666666667
2023-12-03,0,0,0,0.1296831241228596,0.2577586206896552,6.55,0.0,3.78,0.2166349397075106,0.7590045419452636,1.7598111073836322,1.1053226057758754,38.06037583874146,53.48683046589253,0.0,0.2000000000000053,31.19999999999995,0.3596666666666666
2023-12-04,0,0,0,0.4564124704596061,0.463728813559322,8.81,0.2,2.76,0.1296831241228596,0.2166349397075106,0.7590045419452636,0.802730534290218,29.93895728275036,52.6084692014574,0.3,0.3000000000000053,16.899999999999952,0.32575
2023-12-05,0,0,0,1.3427605491917578,0.918135593220339,11.2,0.4,2.36,0.4564124704596061,0.1296831241228596,0.2166349397075106,1.928856143774465,25.08318095825719,53.51879837618899,3.1,3.400000000000005,10.799999999999956,0.3183333333333333
2023-12-06,0,0,0,0.1130503271369899,0.2010169491525423,5.319999999999999,0.0,2.36,1.3427605491917578,0.4564124704596061,0.1296831241228596,1.9122233467885956,4.777357059947385,53.01690884323442,1.2,4.600000000000005,5.399999999999954,0.36
2023-12-07,0,0,0,0.7164037819888551,1.0789655172413792,14.38,0.0,7.71,0.1130503271369899,1.3427605491917578,0.4564124704596061,2.1722146583178445,3.733949734552609,46.91360435542842,17.2,21.500000000000004,21.999999999999957,0.3925416666666666
2023-12-08,1,2,0,4.242058516208278,3.431290322580645,15.33,2.95,6.11,0.7164037819888551,0.1130503271369899,1.3427605491917578,5.071512625334365,7.217003708815623,49.62202409303082,7.8,26.200000000000003,29.599999999999955,0.4216666666666667
2023-12-09,0,0,0,0.098214791275166,0.199322033898305,3.56,0.0,0.98,4.242058516208278,0.7164037819888551,0.1130503271369899,5.056677089472541,7.098583560383278,45.334910872204816,1.2,26.200000000000003,30.799999999999955,0.469875
2023-12-10,1,5,3,3.7402238850415417,2.676,17.03,0.495,9.68,0.098214791275166,4.242058516208278,0.7164037819888551,8.080497192525227,10.70912432130196,48.76950016004389,0.7,9.700000000000005,31.499999999999957,0.4415833333333334
2023-12-11,0,0,0,19.849945626979267,18.50918032786885,44.23,17.400000000000002,10.38,3.7402238850415417,0.098214791275166,4.242058516208278,23.688384303296218,30.102657477821623,60.04161476057245,8.5,10.400000000000002,39.69999999999995,0.4515416666666667
2023-12-12,0,0,0,0.457174305365493,0.8626666666666668,14.77,0.0,0.59,19.849945626979267,3.7402238850415417,0.098214791275166,24.04734381738654,29.21707123399535,54.30025219225301,0.4,9.600000000000003,36.99999999999995,0.447625
2023-12-13,0,0,0,0.1390900355415077,0.2766666666666666,8.4,0.0,0.2,0.457174305365493,19.849945626979267,3.7402238850415417,20.446209967886507,29.243110942399877,34.02046800234773,0.0,8.900000000000002,35.799999999999955,0.4127916666666666
2023-12-14,0,0,0,0.0637576139094116,0.1016949152542373,1.2000000000000002,0.0,0.2,0.1390900355415077,0.457174305365493,19.849945626979267,0.6600219548166539,28.590464774320427,32.32441450887351,0.0,0.4000000000000018,18.59999999999995,0.3727916666666666
2023-12-15,0,0,0,0.1700010743289473,0.2736206896551724,8.89,0.0,1.77,0.0637576139094116,0.1390900355415077,0.457174305365493,0.3728487237801082,24.518407332441097,31.73541104125719,0.0,0.0,10.799999999999953,0.3489583333333333
2023-12-16,1,1,1,1.4662538153196811,1.949482758620689,16.15,0.0,10.78,0.1700010743289473,0.0637576139094116,0.1390900355415077,1.7000125035582816,25.886446356485614,32.985029916869365,0.8,0.8000000000000018,10.399999999999952,0.3374583333333333
2023-12-17,1,3,2,2.451550756017159,2.783793103448276,22.47,0.2,19.13,1.4662538153196811,0.1700010743289473,0.0637576139094116,4.087805645666029,24.59777322746123,35.306897548763665,1.2,2.0000000000000018,10.899999999999954,0.3665
2023-12-18,0,0,0,0.1356930423170531,0.2917857142857142,4.75,0.0,1.77,2.451550756017159,1.4662538153196811,0.1700010743289473,4.053497613654135,4.883520642799018,34.986178120621105,0.1,2.100000000000002,2.499999999999954,0.3795
2023-12-19,0,0,0,0.0575436821384705,0.1408928571428571,5.89,0.0,1.63,0.1356930423170531,2.451550756017159,1.4662538153196811,2.644787480472925,4.483890019571996,33.70096125356782,1.1,2.400000000000002,3.199999999999954,0.3310416666666666
2023-12-20,0,0,0,0.0308166724960093,0.0716071428571428,3.21,0.0,0.42,0.0575436821384705,0.1356930423170531,2.451550756017159,0.2240533969517747,4.375616656526498,33.61872759892684,0.0,1.200000000000002,3.199999999999954,0.2892916666666666
2023-12-21,0,0,0,0.1629328868830844,0.4369642857142857,17.73,0.0,3.5,0.0308166724960093,0.0575436821384705,0.1356930423170531,0.2512932415178059,4.474791929500171,33.06525670382107,3.4,4.500000000000002,6.5999999999999535,0.2645833333333333
2023-12-22,0,0,0,4.813138055934566,5.411724137931034,42.3,1.695,11.2,0.1629328868830844,0.0308166724960093,0.0575436821384705,5.006887615313901,9.117928911105787,33.63633624354736,9.0,12.400000000000002,15.599999999999952,0.2741666666666666
2023-12-23,1,24,17,27.53469052709766,20.87683333333333,80.96000000000001,13.745,24.67,4.813138055934566,0.1629328868830844,0.0308166724960093,32.51076146991555,35.18636562288377,61.072811979369845,11.5,23.9,26.299999999999955,0.3391249999999999
2023-12-24,1,4,2,7.548166299154653,4.370689655172414,26.54,0.2,3.94,27.53469052709766,4.813138055934566,0.1629328868830844,39.89599488218712,40.28298116602127,64.88075439348296,0.8,21.300000000000004,25.899999999999952,0.379125
2023-12-25,0,0,0,0.2119307146883001,0.4847272727272727,18.3,0.0,3.95,7.548166299154653,27.53469052709766,4.813138055934566,35.29478754094085,40.35921883839251,45.242739481192,0.0,12.300000000000002,25.79999999999995,0.3325833333333333
2023-12-26,0,0,0,0.2988589298606348,0.3610169491525424,5.42,0.0,1.77,0.2119307146883001,7.548166299154653,27.53469052709766,8.058955943703829,40.60053408611467,45.08442410568714,11.4,12.200000000000005,36.09999999999995,0.3270833333333333
2023-12-27,0,0,0,0.0118730258498692,0.0241379310344827,0.4,0.0,0.2,0.2988589298606348,0.2119307146883001,7.548166299154653,0.5226626703990458,40.58159043946853,44.9572070959955,0.2,11.6,36.29999999999996,0.3351249999999999
2023-12-28,0,0,0,0.0776634446301305,0.2087719298245614,10.9,0.0,1.77,0.0118730258498692,0.2988589298606348,0.2119307146883001,0.3883954003408761,40.49632099721558,44.971112926716216,0.0,11.6,32.89999999999996,0.2873333333333333
2023-12-29,0,0,0,0.0077971364437103,0.0175438596491228,0.4,0.0,0.2,0.0776634446301305,0.0118730258498692,0.2988589298606348,0.0973336069239516,35.69098007772472,44.80890898883098,0.0,0.2000000000000018,23.89999999999996,0.2364166666666667
2023-12-30,0,0,0,3.967561933432167,4.399152542372882,12.61,3.57,2.56,0.0077971364437103,0.0776634446301305,0.0118730258498692,4.0530225145062495,12.12385148405923,47.31021710694347,1.0,1.0000000000000018,13.399999999999954,0.2175
2023-12-31,0,0,0,0.2364443478153708,0.1898360655737705,3.8,0.0,0.59,3.967561933432167,0.0077971364437103,0.0776634446301305,4.21180341769149,4.812129532719949,45.09511069874168,1.1,2.100000000000002,13.699999999999957,0.2186666666666666
2024-01-01,0,0,0,0.0104926791628187,0.0203389830508474,0.4,0.0,0.2,0.2364443478153708,3.967561933432167,0.0077971364437103,4.214498960410598,4.610691497194467,44.96991033558744,0.3,2.4000000000000017,13.999999999999954,0.2083333333333333
2024-01-02,0,0,0,0.0917891765922198,0.2283050847457627,5.71,0.0,4.33,0.0104926791628187,0.2364443478153708,3.967561933432167,0.338726203570651,4.403621743926052,45.00415583004119,2.5,3.9000000000000017,5.0999999999999535,0.19875
2024-01-03,0,0,0,2.8170414267402144,3.3671186440677965,18.68,1.02,6.3,0.0917891765922198,0.0104926791628187,0.2364443478153708,2.9193232824954944,7.208790144816397,47.790380584285394,32.7,35.50000000000001,37.59999999999996,0.2964166666666666
2024-01-04,0,0,0,7.292854400097029,5.458,19.55,4.6000000000000005,3.15,2.8170414267402144,0.0917891765922198,0.0104926791628187,10.201685003429704,14.423981100283296,54.92030209749934,3.4,38.60000000000001,40.99999999999996,0.4312916666666666
2024-01-05,0,0,0,3.4033451839783395,3.07,16.919999999999998,1.79,1.57,7.292854400097029,2.8170414267402144,0.0917891765922198,13.513241010815824,17.819529147817924,53.51050922554311,1.5,37.60000000000001,42.49999999999996,0.4142083333333333
2024-01-06,0,0,0,0.0342325394892822,0.087719298245614,2.0,0.0,0.2,3.4033451839783395,7.292854400097029,2.8170414267402144,10.730432123564892,13.88619975387504,26.01005123793474,0.3,5.200000000000007,41.79999999999996,0.3845
2024-01-07,0,0,0,0.0640772027237263,0.1605357142857142,6.2,0.0,2.56,0.0342325394892822,3.4033451839783395,7.292854400097029,3.5016549261915904,13.713832608783395,18.52596214150381,0.4,2.2000000000000077,41.09999999999996,0.3512916666666666
2024-01-08,1,18,9,13.867783506808909,10.25051724137931,51.45,5.865,25.1,0.0640772027237263,0.0342325394892822,3.4033451839783395,13.96609324902216,27.571123436429488,32.18181493362442,0.2,0.9000000000000071,40.99999999999996,0.3366666666666666
2024-01-09,1,11,5,17.94471410971224,7.0694827586206905,60.66,1.4900000000000002,13.85,13.867783506808909,0.0640772027237263,0.0342325394892822,31.87657481924512,45.4240483695495,49.82767011347603,1.2,1.8000000000000071,39.69999999999996,0.3571249999999999
2024-01-10,1,37,33,13.276723403286343,10.35241379310345,52.74,8.629999999999999,13.48,17.94471410971224,13.867783506808909,0.0640772027237263,45.08922101980774,55.88373034609564,63.0925204909125,17.5,18.90000000000001,24.49999999999996,0.3697083333333333
2024-01-11,1,8,4,24.33446291071608,14.349827586206896,66.82,11.535,24.32,13.276723403286343,17.94471410971224,13.867783506808909,55.55590042371491,72.92533885671469,87.34931995699846,8.0,26.700000000000006,29.09999999999996,0.3415833333333333
2024-01-12,1,19,8,20.848922119077912,17.186379310344826,55.54,11.995,10.7,24.33446291071608,13.276723403286343,17.94471410971224,58.46010843308058,90.37091579181426,108.19044493963266,18.0,43.50000000000001,45.59999999999996,0.408625
2024-01-13,1,5,2,31.018900032614265,34.70206896551724,122.08,30.575000000000003,32.52,20.848922119077912,24.33446291071608,13.276723403286343,76.20228506240849,121.35558328493924,135.24178303881476,22.4,48.400000000000006,67.69999999999996,0.4832499999999999
2024-01-14,0,0,0,4.235481182723601,3.1905172413793106,30.03,0.0,4.77,31.018900032614265,20.848922119077912,24.33446291071608,56.10330333441602,125.52698726493912,139.24081987372298,0.5,40.900000000000006,67.79999999999995,0.469
2024-01-15,0,0,0,1.0383085132842196,1.0741379310344827,15.2,0.0,0.79,4.235481182723601,31.018900032614265,20.848922119077912,36.29268972862233,112.69751227141442,140.26863570784437,0.0,22.90000000000001,67.59999999999997,0.4329166666666666
2024-01-16,0,0,0,0.6113365481654358,0.7127586206896552,14.15,0.0,2.95,1.0383085132842196,4.235481182723601,31.018900032614265,5.885126244173498,95.3641347098676,140.7881830794176,1.2,1.700000000000007,67.59999999999995,0.389125
2024-01-17,1,11,10,3.785811666573078,4.569661016949153,25.13,2.75,7.99,0.6113365481654358,1.0383085132842196,4.235481182723601,5.435456728022975,85.87322297315436,141.75695331925044,1.0,2.2000000000000077,51.09999999999996,0.3651666666666666
2024-01-18,1,2,0,3.733607447750893,2.5740350877192983,9.63,1.2000000000000002,4.14,3.785811666573078,0.6113365481654358,1.0383085132842196,8.130755662489648,65.27236751018917,138.19770636690433,0.4,2.600000000000007,43.49999999999996,0.3828333333333333
2024-01-19,1,23,14,10.780319557325894,12.053448275862069,62.42,5.285,13.85,3.733607447750893,3.785811666573078,0.6113365481654358,18.299738671650108,55.203764948437154,145.5746807402519,17.3,18.700000000000006,42.79999999999996,0.4187916666666667
2024-01-20,1,4,1,11.188908069031374,10.919661016949153,52.57,8.45,9.75,10.780319557325894,3.733607447750893,3.785811666573078,25.702835074108403,35.37377298485426,156.72935626979398,7.7,25.40000000000001,28.09999999999996,0.44125
2024-01-21,0,0,0,16.05191359674397,13.47,40.28,14.56,8.94,11.188908069031374,10.780319557325894,3.733607447750893,38.02114122310148,47.19020539887463,172.71719266381422,9.1,34.10000000000001,36.69999999999996,0.4823333333333333
2024-01-22,0,0,0,3.1233671131239307,3.871034482758621,27.51,1.59,2.36,16.05191359674397,11.188908069031374,10.780319557325894,30.364188778899518,49.27526399871434,161.97277627012926,0.9,17.700000000000006,37.59999999999996,0.4864583333333332
2024-01-23,1,3,1,19.382271274815725,15.458813559322037,31.67,19.31,9.59,3.1233671131239307,16.05191359674397,11.188908069031374,38.55755198468387,68.04619872536463,163.41033343523273,11.1,21.10000000000001,47.49999999999996,0.487625
2024-01-24,1,1,1,1.823445187259059,2.6326315789473687,27.75,0.4,1.05,19.382271274815725,3.1233671131239307,16.05191359674397,24.329083575198958,66.0838322460506,151.95705521920544,10.8,22.800000000000008,57.29999999999996,0.4939166666666666
2024-01-25,1,1,0,1.1307575453200704,1.2177586206896551,12.2,0.6000000000000001,0.98,1.823445187259059,19.382271274815725,3.1233671131239307,22.336474007395097,63.480982343619786,128.75334985380942,11.1,33.00000000000001,67.99999999999996,0.4917499999999999
2024-01-26,1,3,1,1.1963291983324176,1.126842105263158,9.6,0.6000000000000001,0.59,1.1307575453200704,1.823445187259059,19.382271274815725,4.1505319309117885,53.896991984626304,109.10075693306392,2.2,24.10000000000001,52.89999999999996,0.4950833333333333
2024-01-27,1,4,1,5.353418697116488,5.003773584905661,29.38,3.34,14.91,1.1963291983324176,1.1307575453200704,1.823445187259059,7.680505440769218,48.06150261271142,83.43527559756615,2.3,15.600000000000009,47.49999999999996,0.4832083333333333
2024-01-28,1,7,2,6.843378454822608,7.118200000000001,26.9,5.31,11.79,5.353418697116488,1.1963291983324176,1.1307575453200704,13.393126350271755,38.85296747079006,86.04317286966516,5.3,9.800000000000008,43.69999999999996,0.4877083333333333
2024-01-29,1,1,0,0.718438680827358,1.2357142857142858,11.18,0.0,1.38,6.843378454822608,5.353418697116488,1.1963291983324176,12.915235832766696,36.44803903849349,85.72330303720831,0.2,7.800000000000007,42.99999999999996,0.484
2024-01-30,0,0,0,0.3385606996068484,0.6193023255813954,10.84,0.0,0.79,0.718438680827358,6.843378454822608,5.353418697116488,7.900377835257056,17.40432846328461,85.45052718864972,0.3,5.800000000000007,32.19999999999996,0.4610416666666666
2024-01-31,1,13,5,8.498358170880705,7.858421052631579,31.11,4.345000000000001,15.56,0.3385606996068484,0.718438680827358,6.843378454822608,9.555357551315153,24.07924144690626,90.16307369295734,6.9,7.400000000000007,28.29999999999996,0.4610416666666666
2024-02-01,0,0,0,6.341786721816513,4.330740740740741,46.49,1.48,12.6,8.498358170880705,0.3385606996068484,0.718438680827358,15.178705592304308,29.2902706234027,92.77125296702296,3.6,10.800000000000008,20.79999999999996,0.46825
2024-02-02,1,2,1,5.828976413773232,6.563207547169812,28.82,3.8,8.92,6.341786721816513,8.498358170880705,0.3385606996068484,20.669121306470693,33.92291783884352,87.81990982347031,13.7,24.200000000000006,32.299999999999955,0.46625
2024-02-03,0,0,0,0.6053870285860923,0.5918367346938777,6.4,0.0,0.2,5.828976413773232,6.341786721816513,8.498358170880705,12.776150164176078,29.17488617031312,77.236388783025,0.3,17.60000000000001,30.29999999999996,0.4674166666666666
2024-02-04,1,3,2,4.500051334746141,7.130370370370371,42.91,1.0950000000000002,14.08,0.6053870285860923,5.828976413773232,6.341786721816513,10.934414777105706,26.83155905023665,65.68452652102718,5.4,19.40000000000001,30.39999999999996,0.476625
2024-02-05,0,0,0,1.1483288520985817,2.185416666666667,33.45,0.2,2.16,4.500051334746141,0.6053870285860923,5.828976413773232,6.253767215431056,27.261449221507878,63.70948826000184,0.2,5.900000000000008,30.39999999999996,0.4621666666666666
2024-02-06,0,0,0,0.1690686543660246,0.2933333333333333,9.0,0.0,0.2,1.1483288520985817,4.500051334746141,0.6053870285860923,5.817448841210989,27.09195717626705,44.49628563955214,0.3,5.900000000000008,30.39999999999996,0.4338333333333333
2024-02-07,0,0,0,0.1484611759964937,0.2284782608695652,5.12,0.0,5.12,0.1690686543660246,1.1483288520985817,4.500051334746141,1.4658586824613415,18.74206018138284,42.821301628289575,0.0,0.5000000000000071,23.49999999999996,0.41175
2024-02-08,0,0,0,0.059707999192694,0.1202325581395348,1.57,0.0,1.57,0.1484611759964937,0.1690686543660246,1.1483288520985817,0.377237829555454,12.45998145875902,41.7502520821622,0.0,0.3000000000000071,19.89999999999996,0.3935416666666667
2024-02-09,0,0,0,0.0390781234795288,0.0682926829268292,1.0,0.0,0.2,0.059707999192694,0.1484611759964937,0.1690686543660246,0.2472472986689582,6.670083168465318,40.5930010073093,0.0,0.0,6.1999999999999575,0.3755
2024-02-10,0,0,0,0.0330905827824015,0.073170731707317,1.6,0.0,0.2,0.0390781234795288,0.059707999192694,0.1484611759964937,0.131876705454866,6.097786722661628,35.27267289297522,0.0,0.0,5.899999999999958,0.3612916666666666
2024-02-11,0,0,0,0.0232417564200074,0.0428571428571428,0.6000000000000001,0.0,0.2,0.0330905827824015,0.0390781234795288,0.059707999192694,0.0954104626821793,1.620977144335494,28.452536194572623,0.1,0.1000000000000071,0.5999999999999573,0.3390416666666667
2024-02-12,0,0,0,0.584873828357539,1.1604761904761904,11.27,0.0,6.7,0.0232417564200074,0.0330905827824015,0.0390781234795288,0.6412061675601896,1.0575221205944512,28.3189713421028,2.1,2.2000000000000077,2.4999999999999574,0.3039166666666666
2024-02-13,1,11,9,0.2938454337138618,0.7933333333333332,20.47,0.0,12.39,0.584873828357539,0.0232417564200074,0.0330905827824015,0.90196101849165,1.1822988999422883,28.274256076209817,17.1,19.300000000000008,19.29999999999996,0.2815416666666666
2024-02-14,1,14,11,49.302012659847485,43.143207547169816,97.44,51.99,19.34,0.2938454337138618,0.584873828357539,0.0232417564200074,50.180731921919126,50.33585038379328,69.0779105651766,28.7,47.900000000000006,47.99999999999996,0.443125
2024-02-15,0,0,0,8.237362945282321,8.392,44.09,7.68,4.33,49.302012659847485,0.2938454337138618,0.584873828357539,57.83322103884391,58.5135053298829,70.9734867886424,8.5,54.3,56.49999999999996,0.491875
2024-02-16,0,0,0,1.397225407586918,1.758909090909091,29.49,0.0,1.18,8.237362945282321,49.302012659847485,0.2938454337138618,58.93660101271696,59.87165261399029,66.54173578245609,0.3,37.5,56.79999999999996,0.462375
2024-02-17,0,0,0,0.1666093671014038,0.2,6.6000000000000005,0.0,0.2,1.397225407586918,8.237362945282321,49.302012659847485,9.801197719970885,60.0051713983093,66.1029581209714,4.1,12.900000000000006,60.89999999999996,0.4385
2024-02-18,1,31,22,31.066103839590937,20.5575,182.53,8.955,182.53,0.1666093671014038,1.397225407586918,8.237362945282321,32.6299386142795,91.04803348148025,92.6690106258162,6.3,10.700000000000006,67.09999999999995,0.4550416666666666
2024-02-19,1,3,1,5.228043414835228,3.7033333333333336,19.58,0.2,5.12,31.066103839590937,0.1666093671014038,1.397225407586918,36.46075662152781,95.69120306795791,96.74872518855284,2.1,12.500000000000004,67.09999999999997,0.46625
2024-02-20,1,13,4,10.622362217714134,8.852372881355931,38.82,6.800000000000001,12.4,5.228043414835228,31.066103839590937,0.1666093671014038,46.91650947214055,106.0197198519582,107.20201875190097,26.8,35.2,76.79999999999995,0.4659166666666667
2024-02-21,1,14,8,16.338046833407127,14.53084745762712,46.48,13.21,15.79,10.622362217714134,5.228043414835228,31.066103839590937,32.18845246595673,73.05575402551783,123.39160440931158,23.4,52.30000000000001,71.49999999999996,0.4759583333333333
2024-02-22,0,0,0,6.190161567106206,4.101147540983607,27.77,1.98,4.53,16.338046833407127,10.622362217714134,5.228043414835228,33.15057061822771,71.0085526473417,129.5220579772251,2.8,53.00000000000001,65.79999999999995,0.467125
2024-02-23,1,13,5,8.406535679625252,10.697540983606556,60.25,6.28,23.59,6.190161567106206,16.338046833407127,10.622362217714134,30.93474408013883,78.01786291938004,137.88951553337083,5.8,32.00000000000001,71.29999999999995,0.435625
2024-02-24,1,3,0,10.829039832972484,11.828032786885244,70.84,6.11,19.75,8.406535679625252,6.190161567106206,16.338046833407127,25.425737079704188,88.68029338525112,148.68546478356092,6.1,14.700000000000006,73.29999999999995,0.452625
2024-02-25,0,0,0,0.9094940321377036,1.1891525423728817,17.970000000000002,0.0,0.39,10.829039832972484,8.406535679625252,6.190161567106206,20.145069544735687,58.52368357779789,149.5717170592786,3.1,15.000000000000004,70.09999999999995,0.4755416666666667
2024-02-26,0,0,0,0.5878798414544689,0.7727118644067797,10.24,0.0,4.33,0.9094940321377036,10.829039832972484,8.406535679625252,12.3264137065649,53.88352000441713,149.57472307237552,2.3,11.500000000000009,70.29999999999995,0.4793333333333333
2024-02-27,0,0,0,0.1140369405581399,0.1731666666666666,3.0,0.0,0.79,0.5878798414544689,0.9094940321377036,10.829039832972484,1.6114108141505574,43.37519472726114,149.3949145792198,0.0,5.400000000000008,43.49999999999996,0.4585416666666666
2024-02-28,1,3,1,12.404520670511944,9.760833333333332,41.06,4.54,17.48,0.1140369405581399,0.5878798414544689,0.9094940321377036,13.106437452524796,39.44166856436596,112.49742258988428,5.3,7.600000000000007,25.39999999999996,0.4615833333333333
2024-02-29,0,0,0,1.0326018155192802,1.2715254237288134,14.0,0.2,3.35,12.404520670511944,0.1140369405581399,0.5878798414544689,13.551159426589606,34.284108812779024,105.29266146012122,6.3,11.600000000000009,28.89999999999996,0.4709583333333333
2024-03-01,0,0,0,0.6874160489078519,0.8698305084745763,4.76,0.2,2.76,1.0326018155192802,12.404520670511944,0.1140369405581399,14.12453853493932,26.56498918206163,104.58285210144216,8.0,19.60000000000001,31.09999999999996,0.4796666666666667
2024-03-02,0,0,0,0.0717285643958209,0.0982456140350877,3.2,0.0,0.2,0.6874160489078519,1.0326018155192802,12.404520670511944,1.791746428823198,15.807677913484968,104.48797129873655,0.0,14.300000000000006,24.99999999999996,0.46925
2024-03-03,0,0,0,0.0793959526321231,0.1187719298245614,3.58,0.0,0.59,0.0717285643958209,0.6874160489078519,1.0326018155192802,0.8385405659360412,14.977579833979387,73.50126341177776,0.0,8.000000000000007,21.89999999999996,0.4410833333333333
2024-03-04,0,0,0,0.0331497975580709,0.0421052631578947,2.0,0.0,0.2,0.0793959526321231,0.0717285643958209,0.6874160489078519,0.1842743145862602,14.422849790082989,68.3063697945006,0.0,0.0,19.59999999999996,0.4275833333333333
2024-03-05,1,37,26,26.785560326942903,16.2415,95.72,10.670000000000002,23.61,0.0331497975580709,0.0793959526321231,0.0717285643958209,26.898106077133345,41.09437317646776,84.46956790372937,24.3,24.300000000000008,43.89999999999996,0.4539166666666667
2024-03-06,1,7,3,15.104171520184872,7.719322033898305,54.56,4.5600000000000005,4.33,26.785560326942903,0.0331497975580709,0.0793959526321231,41.92288164468609,43.79402402614068,83.23569259050711,17.5,41.80000000000001,56.099999999999966,0.4734166666666666
2024-03-07,0,0,0,3.481038459515491,1.0406666666666669,17.14,0.0,0.39,15.104171520184872,26.785560326942903,0.0331497975580709,45.37077030664351,46.24246067013689,80.5265694829164,2.6,44.400000000000006,52.39999999999996,0.4722916666666666
2024-03-08,1,20,10,14.731403241337585,14.216551724137933,52.63,11.435,12.8,3.481038459515491,15.104171520184872,26.785560326942903,33.3166132210382,60.28644786256662,86.85143704462874,10.4,30.500000000000007,54.79999999999996,0.4770833333333333
2024-03-09,1,1,1,7.114923236826262,6.977586206896553,48.24,4.465,9.34,14.731403241337585,3.481038459515491,15.104171520184872,25.327364937679583,67.32964253499706,83.13732044848251,3.2,16.200000000000006,57.99999999999996,0.4914166666666666
2024-03-10,1,1,0,4.780230857834815,4.722881355932204,32.45,2.97,7.5,7.114923236826262,14.731403241337585,3.481038459515491,26.626557335998907,72.03047744019975,87.00805727417963,3.5,17.10000000000001,61.49999999999996,0.481
2024-03-11,0,0,0,1.1761162008705222,1.026140350877193,15.69,0.4,1.77,4.780230857834815,7.114923236826262,14.731403241337585,13.071270295531844,73.1734438435122,87.59629363359568,0.2,6.900000000000008,61.69999999999996,0.4688333333333334
2024-03-12,0,0,0,0.1935759200621154,0.2344827586206896,4.4,0.0,0.2,1.1761162008705222,4.780230857834815,7.114923236826262,6.149922978767698,46.58145943663143,87.67583261309966,0.0,3.7000000000000073,37.39999999999996,0.449
2024-03-13,0,0,0,0.1465209128734903,0.1824561403508772,3.4000000000000004,0.0,0.2,0.1935759200621154,1.1761162008705222,4.780230857834815,1.516213033806373,31.62380882932004,75.4178328554612,0.0,0.2000000000000071,19.89999999999996,0.4260833333333333
2024-03-14,0,0,0,0.920473993141766,0.3143636363636363,8.69,0.0,4.33,0.1465209128734903,0.1935759200621154,1.1761162008705222,1.260570826077617,29.063244362946318,75.30570503308368,0.0,0.0,17.299999999999955,0.4003333333333334
2024-03-15,0,0,0,0.0475466084895947,0.0910526315789473,1.4,0.0,0.39,0.920473993141766,0.1465209128734903,0.1935759200621154,1.114541514505096,14.379387730098324,74.66583559266543,0.0,0.0,6.899999999999958,0.371125
2024-03-16,0,0,0,0.0603405820741131,0.0967924528301886,3.93,0.0,0.98,0.0475466084895947,0.920473993141766,0.1465209128734903,1.028361183705719,7.324805075346175,74.65444761034372,0.0,0.0,3.6999999999999575,0.34325
2024-03-17,1,8,3,1.2295754841267872,2.558269230769231,54.0,0.0,14.71,0.0603405820741131,0.0475466084895947,0.920473993141766,1.33746267469074,3.774149701638147,75.80462714183838,9.9,9.900000000000007,10.09999999999996,0.3285
2024-03-18,1,3,2,5.653235510224233,6.78764705882353,48.62,2.35,15.99,1.2295754841267872,0.0603405820741131,0.0475466084895947,6.943151576425379,8.251269010991859,81.42471285450455,9.5,19.40000000000001,19.39999999999996,0.4401666666666666
2024-03-19,1,10,2,5.123376824816548,3.4332608695652174,30.12,0.8,15.23,5.653235510224233,1.2295754841267872,0.0603405820741131,12.006187819167812,13.181069915746292,59.7625293523782,1.0,20.40000000000001,20.39999999999996,0.4776666666666667
2024-03-20,0,0,0,1.1108076068366708,0.6795238095238095,5.91,0.2,3.94,5.123376824816548,5.653235510224233,1.2295754841267872,11.887419941877695,14.14535660970947,45.76916543903,0.5,11.000000000000009,20.89999999999996,0.4673333333333333
2024-03-21,1,1,1,0.801480169741144,1.9695238095238092,19.56,0.1,12.2,1.1108076068366708,5.123376824816548,5.653235510224233,7.035664601394608,14.02636278630885,43.08960714925564,10.3,11.800000000000008,31.19999999999996,0.4619166666666667
2024-03-22,0,0,0,9.17210471306691,7.836274509803921,21.35,8.13,5.12,0.801480169741144,1.1108076068366708,5.123376824816548,11.08439248964497,23.15092089088616,37.53030862098497,5.6,16.400000000000006,36.79999999999996,0.5028333333333334
2024-03-23,1,1,0,10.00694661182028,8.244782608695653,25.2,6.75,1.77,9.17210471306691,0.801480169741144,1.1108076068366708,19.98053149462858,33.09752692063233,40.42233199597899,9.1,25.000000000000007,45.89999999999996,0.4834166666666666
2024-03-24,1,7,4,16.545778090021958,12.832291666666668,42.36,12.545000000000002,41.96,10.00694661182028,9.17210471306691,0.801480169741144,35.724829414909394,48.413729526527504,52.18787922816613,11.2,25.90000000000001,47.19999999999996,0.486375
2024-03-25,0,0,0,0.525683685130693,1.1408108108108108,29.21,0.0,0.39,16.545778090021958,10.00694661182028,9.17210471306691,27.07840838697318,43.28617770143397,51.5374467124263,0.3,20.600000000000005,37.99999999999996,0.4684999999999999
2024-03-26,0,0,0,0.0131838948608756,0.0352941176470588,0.6000000000000001,0.0,0.2,0.525683685130693,16.545778090021958,10.00694661182028,17.08464567001377,38.17598477147829,51.35705468722506,0.8,12.300000000000006,37.79999999999996,0.4524583333333333
2024-03-27,0,0,0,0.5225808426304915,0.4860975609756097,1.99,0.4,0.79,0.0131838948608756,0.525683685130693,16.545778090021958,1.061448422622305,37.58775800727211,51.733114616982064,1.1,2.2000000000000077,38.39999999999996,0.4638333333333333
2024-03-28,0,0,0,9.55643926835674,8.166511627906978,31.26,7.32,27.69,0.5225808426304915,0.0131838948608756,0.525683685130693,10.092204005848352,46.34271710588771,60.36907989219704,8.5,10.400000000000007,36.59999999999995,0.4917916666666667
2024-03-29,0,0,0,0.3556239585859729,0.6105405405405406,9.6,0.2,0.39,9.55643926835674,0.5225808426304915,0.0131838948608756,10.43464406957345,37.526236351406766,60.67715724229341,4.6,14.200000000000006,35.59999999999996,0.4755833333333333
2024-03-30,0,0,0,0.024763655927445,0.0378378378378378,0.6000000000000001,0.0,0.2,0.3556239585859729,9.55643926835674,0.5225808426304915,9.936826882870402,27.54405339551393,60.64158031614674,0.3,13.400000000000007,26.799999999999955,0.465
2024-03-31,0,0,0,0.0150105884944267,0.0242424242424242,0.6000000000000001,0.0,0.2,0.024763655927445,0.3556239585859729,9.55643926835674,0.3953982030080899,11.013285893986405,59.42701542051439,0.0,4.900000000000007,15.59999999999996,0.434125
2024-04-01,0,0,0,0.022436885330699,0.0409090909090909,0.6000000000000001,0.0,0.2,0.0150105884944267,0.024763655927445,0.3556239585859729,0.062211129752816,10.510039094186409,53.79621679562086,0.0,0.3000000000000071,15.299999999999958,0.4062083333333333
2024-04-02,0,0,0,0.0851734476943394,0.0958,0.6000000000000001,0.0,0.39,0.022436885330699,0.0150105884944267,0.024763655927445,0.1226209215197103,10.582028647019872,48.75801341849865,0.1,0.1000000000000071,14.59999999999996,0.395625
2024-04-03,0,0,0,0.0454260957195157,0.0519148936170212,1.84,0.0,0.84,0.0851734476943394,0.022436885330699,0.0150105884944267,0.1530364287447993,10.104873900108895,47.69263190738149,0.0,0.1000000000000071,13.499999999999956,0.3800416666666666
2024-04-04,0,0,0,0.0489181264250698,0.0581818181818181,1.2000000000000002,0.0,0.8,0.0454260957195157,0.0851734476943394,0.022436885330699,0.1795176698391702,0.5973527581772273,46.94006986406541,0.0,0.1000000000000071,4.999999999999957,0.3595416666666666
2024-04-05,0,0,0,0.0612269023651596,0.0469090909090909,1.98,0.0,0.79,0.0489181264250698,0.0454260957195157,0.0851734476943394,0.1555711245099904,0.302955701956414,37.82919205336366,0.0,0.0,0.3999999999999574,0.336375
2024-04-06,0,0,0,0.4151397814598603,1.2873584905660378,14.95,0.0,1.57,0.0612269023651596,0.0489181264250698,0.0454260957195157,0.525284810250335,0.6933318274888293,28.237385223003244,1.1,1.1000000000000072,1.1999999999999575,0.3201666666666666
2024-04-07,0,0,0,0.2026377129179084,0.4081481481481481,2.0,0.2,0.79,0.4151397814598603,0.0612269023651596,0.0489181264250698,0.6790043967431736,0.880958951912311,11.894244845899197,1.1,2.2000000000000077,2.2999999999999576,0.3383333333333333
2024-04-08,1,3,1,1.2554603915349885,1.9047368421052635,34.65,0.2,10.17,0.2026377129179084,0.4151397814598603,0.0612269023651596,1.8732378859130023,2.1139824581166,12.624021552303493,3.0,5.200000000000007,5.299999999999958,0.355
2024-04-09,0,0,0,3.006732414345225,2.514576271186441,9.24,2.18,2.56,1.2554603915349885,0.2026377129179084,0.4151397814598603,4.464830518798367,5.0355414247674855,15.617570071787842,3.7,7.800000000000007,8.899999999999958,0.4725833333333333
2024-04-10,0,0,0,0.071428432619246,0.0406779661016949,0.6000000000000001,0.0,0.2,3.006732414345225,1.2554603915349885,0.2026377129179084,4.333621238499704,5.061543761667216,15.166417661776595,0.0,6.700000000000007,8.899999999999958,0.4520833333333333
2024-04-11,0,0,0,0.0693662157484071,0.168125,2.38,0.0,1.18,0.071428432619246,3.006732414345225,1.2554603915349885,3.147527062713124,5.081991850990553,5.679344609168265,4.0,7.700000000000007,12.899999999999958,0.4415
2024-04-12,0,0,0,0.0747289825081517,0.1368115942028985,2.46,0.0,0.84,0.0693662157484071,0.071428432619246,3.006732414345225,0.2155236308760504,5.095493931133546,5.398449633090444,0.1,4.100000000000007,12.999999999999956,0.4287499999999999
2024-04-13,0,0,0,0.072447242903797,0.1121538461538461,4.13,0.0,1.96,0.0747289825081517,0.0693662157484071,0.071428432619246,0.2165424411606015,4.752801392577482,5.446133220066796,0.1,4.200000000000007,11.999999999999956,0.4060416666666666
2024-04-14,0,0,0,0.0046553177748927,0.0153846153846153,0.4,0.0,0.2,0.072447242903797,0.0747289825081517,0.0693662157484071,0.1518315431870871,4.554818997434467,5.435777949347261,4.4,4.600000000000008,15.299999999999958,0.403
2024-04-15,0,0,0,2.3146359952466318,4.668939393939395,33.14,0.6950000000000001,17.7,0.0046553177748927,0.072447242903797,0.0747289825081517,2.3917385559255666,5.61399460114611,7.727977059263194,5.8,10.300000000000008,18.09999999999996,0.4442083333333333
2024-04-16,0,0,0,0.6164921595291252,0.6441428571428572,13.13,0.0,2.95,2.3146359952466318,0.0046553177748927,0.072447242903797,2.9357834725508947,3.2237543463300096,8.25929577109798,0.1,10.300000000000008,14.499999999999956,0.4516666666666666
2024-04-17,1,2,1,8.53432438790642,8.897464788732394,38.28,9.24,10.37,0.6164921595291252,2.3146359952466318,0.0046553177748927,11.46545254268242,11.686650301617185,16.748194063284885,28.2,34.10000000000001,42.69999999999996,0.4460833333333333
2024-04-18,0,0,0,2.0353523129121243,2.4160563380281688,8.870000000000001,1.8,6.51,8.53432438790642,0.6164921595291252,2.3146359952466318,11.186168860347914,13.6526363987809,18.734628249771937,2.0,30.300000000000004,40.69999999999996,0.4893333333333333
2024-04-19,0,0,0,0.1136615778372767,0.136231884057971,7.2,0.0,0.2,2.0353523129121243,8.53432438790642,0.6164921595291252,10.683338278656066,13.691568994110025,18.78706292524405,0.0,30.200000000000006,40.59999999999995,0.4533333333333333
2024-04-20,0,0,0,0.0,0.0,0.0,0.0,0.0,0.1136615778372767,2.0353523129121243,8.53432438790642,2.149013890749646,13.619121751206228,18.371923143784198,0.0,2.000000000000007,40.49999999999996,0.4229166666666666
2024-04-21,0,0,0,0.0031656950511252,0.0057971014492753,0.4,0.0,0.2,0.0,0.1136615778372767,2.0353523129121243,0.1168272728886472,13.61763212848246,18.17245112591741,0.0,0.0,36.09999999999995,0.3998333333333333
2024-04-22,0,0,0,0.0,0.0,0.0,0.0,0.0,0.0031656950511252,0.0,0.1136615778372767,0.0031656950513704,11.30299613323583,16.916990734382424,0.0,0.0,30.29999999999996,0.377375
2024-04-23,0,0,0,0.00968853611487,0.0145588235294117,0.99,0.0,0.39,0.0,0.0031656950511252,0.0,0.0128542311662404,10.696192509821577,13.91994685615207,0.0,0.0,30.19999999999996,0.3546666666666667
2024-04-24,0,0,0,0.0154625121833278,0.023235294117647,1.58,0.0,0.79,0.00968853611487,0.0,0.0031656950511252,0.025151048298443,2.1773306340984826,13.863980935716151,0.0,0.0,1.9999999999999571,0.3330416666666667
2024-04-25,0,0,0,0.0651001598997778,0.1117391304347826,5.32,0.0,1.46,0.0154625121833278,0.00968853611487,0.0,0.0902512081982208,0.2070784810861362,13.85971487986752,0.4,0.4000000000000071,0.3999999999999574,0.3215833333333333
2024-04-26,0,0,0,0.121833197328486,0.2023188405797102,11.36,0.0,2.66,0.0651001598997778,0.0154625121833278,0.00968853611487,0.2023958694118369,0.2152501005773454,13.906819094687854,0.1,0.5000000000000071,0.4999999999999573,0.3187083333333333
2024-04-27,0,0,0,0.0077730459689604,0.0115942028985507,0.8,0.0,0.2,0.121833197328486,0.0651001598997778,0.0154625121833278,0.1947064031974695,0.2230231465463059,13.842144897753018,0.0,0.5000000000000071,0.4999999999999573,0.3033333333333333
2024-04-28,0,0,0,0.0079673721181844,0.0118840579710144,0.8200000000000001,0.0,0.42,0.0077730459689604,0.121833197328486,0.0651001598997778,0.1375736154158762,0.2278248236133651,13.84545695209631,0.0,0.1000000000000071,0.4999999999999573,0.2786666666666667
2024-04-29,0,0,0,0.2926682618862712,0.1191428571428571,3.2,0.0,1.23,0.0079673721181844,0.0077730459689604,0.121833197328486,0.3084086799736614,0.5204930854996365,11.823489218735949,0.1,0.1000000000000071,0.5999999999999575,0.2610833333333333
2024-04-30,0,0,0,0.0235895432727613,0.0366197183098591,2.19,0.0,0.79,0.2926682618862712,0.0079673721181844,0.0077730459689604,0.3242251772774623,0.5343940926575278,11.230586602479583,0.0,0.1000000000000071,0.5999999999999575,0.2437916666666666
2024-05-01,0,0,0,0.01915186456107,0.028169014084507,2.0,0.0,0.41,0.0235895432727613,0.2926682618862712,0.0079673721181844,0.3354096697203478,0.53808344503527,2.715414079134236,0.0,0.1000000000000071,0.5999999999999575,0.222875
2024-05-02,0,0,0,0.0469527359243419,0.0876712328767123,2.8,0.0,0.98,0.01915186456107,0.0235895432727613,0.2926682618862712,0.0896941437584185,0.519936021059834,0.7270145021464534,0.0,0.0,0.1999999999999573,0.201625
2024-05-03,0,0,0,0.0413145190914449,0.0730136986301369,2.97,0.0,1.18,0.0469527359243419,0.01915186456107,0.0235895432727613,0.1074191195771021,0.4394173428227929,0.6546674434006214,0.0,0.0,0.0999999999999573,0.18275
2024-05-04,0,0,0,0.012663667032145,0.0191780821917808,1.0,0.0,0.2,0.0413145190914449,0.0469527359243419,0.01915186456107,0.100930922048177,0.4443079638859775,0.6673311104327665,0.0,0.0,0.0999999999999573,0.1673333333333333
2024-05-05,0,0,0,0.0414525518832575,0.0606849315068493,4.23,0.0,0.98,0.012663667032145,0.0413145190914449,0.0469527359243419,0.0954307380070926,0.4777931436510505,0.7056179672648987,0.0,0.0,0.0999999999999573,0.1530833333333333
2024-05-06,0,0,0,0.0315081641409031,0.0463013698630137,3.18,0.0,1.0,0.0414525518832575,0.012663667032145,0.0413145190914449,0.0856243830565508,0.2166330459056824,0.7371261314058019,0.0,0.0,0.0,0.1412083333333333
2024-05-07,0,0,0,0.0214513839504238,0.0328767123287671,1.41,0.0,0.59,0.0315081641409031,0.0414525518832575,0.012663667032145,0.0944120999748297,0.2144948865833449,0.7488889792413558,0.0,0.0,0.0,0.1312083333333333
2024-05-08,0,0,0,0.0263807721460693,0.0377027027027027,2.59,0.0,0.98,0.0214513839504238,0.0315081641409031,0.0414525518832575,0.0793403202376415,0.2217237941683442,0.7598072392040973,0.0,0.0,0.0,0.12325
2024-05-09,0,0,0,0.009772385016486,0.0191891891891891,1.02,0.0,0.63,0.0263807721460693,0.0214513839504238,0.0315081641409031,0.0576045411132244,0.1845434432604883,0.7044794643208055,0.1,0.1000000000000071,0.0999999999999573,0.1186666666666666
2024-05-10,0,0,0,0.066054715756725,0.1559459459459459,1.78,0.0,0.79,0.009772385016486,0.0263807721460693,0.0214513839504238,0.1022078729195256,0.2092836399257684,0.6487009827490444,0.2,0.3000000000000071,0.2999999999999574,0.129
2024-05-11,0,0,0,0.0164456051736941,0.0322972972972973,2.39,0.0,1.02,0.066054715756725,0.009772385016486,0.0263807721460693,0.0922727059471504,0.2130655780673176,0.6573735419537781,0.0,0.3000000000000071,0.2999999999999574,0.1235833333333333
2024-05-12,0,0,0,0.0388598989920564,0.0781081081081081,5.36,0.0,1.77,0.0164456051736941,0.066054715756725,0.009772385016486,0.1213602199227208,0.2104729251761165,0.6882660688276501,0.0,0.2000000000000071,0.2999999999999574,0.11625
2024-05-13,0,0,0,0.0853502081727996,0.1509459459459459,5.78,0.0,2.6,0.0388598989920564,0.0164456051736941,0.066054715756725,0.1406557123387954,0.264314969208013,0.4809480151141785,0.0,0.0,0.2999999999999574,0.1111249999999999
2024-05-14,0,0,0,1.4254503291662977,1.550266666666667,10.23,1.39,2.17,0.0853502081727996,0.0388598989920564,0.0164456051736941,1.549660436331399,1.6683139144238868,1.8828088010077149,2.7,2.7000000000000077,2.9999999999999574,0.13425
2024-05-15,0,0,0,0.1397241156127814,0.2894666666666667,16.71,0.0,3.15,1.4254503291662977,0.0853502081727996,0.0388598989920564,1.650524652952124,1.781657257890599,2.003381052059426,1.7,4.400000000000008,4.6999999999999575,0.1810416666666666
2024-05-16,0,0,0,0.0430561819309416,0.0852,5.99,0.0,1.18,0.1397241156127814,1.4254503291662977,0.0853502081727996,1.6082306267102662,1.8149410548050544,1.999484498066026,0.0,4.400000000000008,4.599999999999958,0.1855
2024-05-17,0,0,0,0.0074986418305379,0.0108108108108108,0.8,0.0,0.2,0.0430561819309416,0.1397241156127814,1.4254503291662977,0.1902789393745064,1.7563849808788674,1.965668620805119,0.0,1.700000000000007,4.399999999999958,0.1670416666666666
2024-05-18,0,0,0,0.0401039825931721,0.0594594594594594,4.199999999999999,0.0,1.18,0.0074986418305379,0.0430561819309416,0.1397241156127814,0.090658806354897,1.7800433582983453,1.993108936366146,0.0,0.0,4.399999999999958,0.1515416666666666
2024-05-19,0,0,0,0.0053950914134306,0.0162162162162162,0.4,0.0,0.2,0.0401039825931721,0.0074986418305379,0.0430561819309416,0.052997715837386,1.7465785507197196,1.9570514758963196,0.2,0.2000000000000071,4.599999999999958,0.1516249999999999
2024-05-20,0,0,0,0.886398706549947,1.3410810810810811,11.16,0.4,7.79,0.0053950914134306,0.0401039825931721,0.0074986418305379,0.9318977805567952,2.547627049096867,2.811942018305363,1.6,1.8000000000000071,6.1999999999999575,0.15825
2024-05-21,0,0,0,0.0557935681150284,0.0980821917808219,2.56,0.0,1.18,0.886398706549947,0.0053950914134306,0.0401039825931721,0.9475873660786516,1.1779702880455976,2.846284202469968,0.0,1.8000000000000071,3.4999999999999574,0.165875
2024-05-22,0,0,0,0.0062767443024267,0.0082191780821917,0.6000000000000001,0.0,0.2,0.0557935681150284,0.886398706549947,0.0053950914134306,0.9484690189676476,1.0445229167352428,2.8261801746263253,0.0,1.6000000000000072,1.7999999999999574,0.15725
2024-05-23,0,0,0,0.0078190180814074,0.010958904109589,0.6000000000000001,0.0,0.2,0.0062767443024267,0.0557935681150284,0.886398706549947,0.0698893304991079,1.0092857528857089,2.8242268076912467,0.0,0.0,1.7999999999999574,0.143375
2024-05-24,0,0,0,1.4877416879325915,1.982972972972973,6.3,1.5950000000000002,5.12,0.0078190180814074,0.0062767443024267,0.0557935681150284,1.5018374503166712,2.489528798987762,4.245913779867113,0.4,0.4000000000000071,2.199999999999957,0.136875
2024-05-25,0,0,0,0.0242003225555666,0.0520547945205479,0.8,0.0,0.2,1.4877416879325915,0.0078190180814074,0.0062767443024267,1.519761028569811,2.4736251389501565,4.253668497248985,1.1,1.500000000000007,3.2999999999999576,0.1654166666666666
2024-05-26,0,0,0,12.973442372873157,12.179315068493151,19.69,12.62,4.33,0.0242003225555666,1.4877416879325915,0.0078190180814074,14.48538438336156,15.441672420409883,17.188250971130085,11.6,13.100000000000009,14.699999999999957,0.3810416666666666
2024-05-27,1,16,9,33.5100391298956,29.432054794520543,54.7,27.79,5.51,12.973442372873157,0.0242003225555666,1.4877416879325915,46.50768182532457,48.065312843755535,50.61293989285289,18.6,31.300000000000008,31.69999999999996,0.4733749999999999
2024-05-28,0,0,0,0.6208002408991158,0.8128767123287671,18.31,0.0,0.63,33.5100391298956,12.973442372873157,0.0242003225555666,47.10428174366812,48.63031951653962,49.80828980458571,0.2,30.40000000000001,31.89999999999996,0.447125
2024-05-29,0,0,0,0.147187029971186,0.3916438356164384,22.790000000000003,0.0,0.39,0.6208002408991158,33.5100391298956,12.973442372873157,34.278026400766144,48.77122980220838,49.81575271894411,0.0,18.800000000000008,31.89999999999996,0.4170833333333333
2024-05-30,0,0,0,0.0220890405998301,0.0547945205479452,1.8,0.0,0.2,0.147187029971186,0.6208002408991158,33.5100391298956,0.7900763114703735,48.785499824726806,49.794785577613,0.0,0.2000000000000071,31.89999999999996,0.394375
2024-05-31,0,0,0,0.0091778469975384,0.0193150684931506,0.81,0.0,0.41,0.0220890405998301,0.147187029971186,0.6208002408991158,0.1784539175687961,47.30693598379175,49.79646478278,0.0,0.0,31.49999999999996,0.3785
2024-06-01,0,0,0,0.0143847063792404,0.0273972602739726,1.0,0.0,0.2,0.0091778469975384,0.0220890405998301,0.147187029971186,0.0456515939768505,47.29712036761542,49.77074550656607,0.0,0.0,30.39999999999996,0.3619166666666666
2024-06-02,0,0,0,0.0557334198581701,0.0872602739726027,4.37,0.0,0.59,0.0143847063792404,0.0091778469975384,0.0220890405998301,0.0792959732351906,34.37941141460044,49.82108383501081,0.0,0.0,18.79999999999996,0.3442083333333333
2024-06-03,0,0,0,0.0281845417411012,0.0441095890410958,1.02,0.0,0.42,0.0557334198581701,0.0143847063792404,0.0091778469975384,0.0983026679787534,0.8975568264459406,48.96286967020197,0.1,0.1000000000000071,0.2999999999999609,0.3284166666666667
2024-06-04,0,0,0,0.094340490776031,0.2079729729729729,2.0,0.0,0.39,0.0281845417411012,0.0557334198581701,0.0143847063792404,0.178258452375544,0.3710970763228558,49.00141659286297,0.5,0.6000000000000071,0.599999999999961,0.3407499999999999
2024-06-05,0,0,0,0.0231193522351027,0.0422535211267605,0.8,0.0,0.2,0.094340490776031,0.0281845417411012,0.0557334198581701,0.1456443847524766,0.2470293985867725,49.01825920079565,0.6,1.200000000000007,1.199999999999961,0.347875
2024-06-06,0,0,0,0.0771731317620099,0.1422535211267606,7.9,0.0,3.37,0.0231193522351027,0.094340490776031,0.0281845417411012,0.1946329747733853,0.3021134897489524,49.08761331447625,0.0,1.100000000000007,1.199999999999961,0.3353333333333333
2024-06-07,0,0,0,0.0265904352563396,0.0533802816901408,2.39,0.0,0.59,0.0771731317620099,0.0231193522351027,0.094340490776031,0.1268829192536939,0.3195260780077536,47.62646206179999,0.0,0.6000000000000071,1.199999999999961,0.3183333333333333
2024-06-08,0,0,0,0.0743580912456533,0.1366197183098591,8.9,0.0,1.18,0.0265904352563396,0.0771731317620099,0.0231193522351027,0.1781216582642445,0.3794994628741664,47.67661983049008,0.0,0.0,1.199999999999961,0.3017083333333333
2024-06-09,0,0,0,0.119713883754926,0.2268055555555555,15.53,0.0,4.73,0.0743580912456533,0.0265904352563396,0.0771731317620099,0.2206624102571605,0.4434799267709223,34.82289134137186,0.0,0.0,1.199999999999961,0.2849166666666666
2024-06-10,0,0,0,0.067328283000556,0.13,5.53,0.0,1.77,0.119713883754926,0.0743580912456533,0.0265904352563396,0.2614002580013769,0.4826236680303772,1.380180494476808,0.0,0.0,1.099999999999961,0.2669166666666667
2024-06-11,0,0,0,0.2125796638521987,0.202112676056338,11.94,0.0,11.94,0.067328283000556,0.119713883754926,0.0743580912456533,0.3996218306079224,0.6008628411065449,0.971959917429891,0.0,0.0,0.599999999999961,0.2522083333333333
2024-06-12,0,0,0,0.0210072085568467,0.0202898550724637,1.4,0.0,0.2,0.2125796638521987,0.067328283000556,0.119713883754926,0.3009151554098431,0.5987506974282889,0.8457800960155518,0.0,0.0,0.0,0.239125
2024-06-13,0,0,0,0.0297056513208244,0.0287142857142857,2.01,0.0,0.62,0.0210072085568467,0.2125796638521987,0.067328283000556,0.2632925237301115,0.5512832169871034,0.8533967067365461,0.0,0.0,0.0,0.2249583333333333
2024-06-14,0,0,0,0.0216884957502186,0.0228571428571428,1.4,0.0,0.2,0.0297056513208244,0.0210072085568467,0.2125796638521987,0.0724013556281314,0.5463812774809824,0.8659073554892264,0.0,0.0,0.0,0.2086249999999999
2024-06-15,0,0,0,0.0088673586032311,0.0085714285714285,0.6000000000000001,0.0,0.2,0.0216884957502186,0.0297056513208244,0.0210072085568467,0.0602615056745158,0.4808905448385603,0.8603900077132172,0.0,0.0,0.0,0.1945
2024-06-16,0,0,0,0.0118231448043082,0.0114285714285714,0.8,0.0,0.2,0.0088673586032311,0.0216884957502186,0.0297056513208244,0.0423789991579996,0.3729998058879425,0.8164797326593551,0.0,0.0,0.0,0.182
2024-06-17,0,0,0,0.017422211729652,0.0197183098591549,1.0,0.0,0.2,0.0118231448043082,0.0088673586032311,0.0216884957502186,0.0381127151374329,0.3230937346170384,0.8057174026479059,0.0,0.0,0.0,0.1699166666666667
2024-06-18,0,0,0,0.3788360528168888,0.1374647887323943,6.92,0.0,5.27,0.017422211729652,0.0118231448043082,0.0088673586032311,0.4080814093510906,0.4893501235817284,1.0902129646887635,0.0,0.0,0.0,0.158
2024-06-19,0,0,0,0.0061645592639953,0.0059154929577464,0.42,0.0,0.42,0.3788360528168888,0.017422211729652,0.0118231448043082,0.4024228238107777,0.4745074742888771,1.0732581717176564,0.0,0.0,0.0,0.1482083333333333
2024-06-20,0,0,0,0.0456984614487982,0.0453521126760563,3.02,0.0,0.42,0.0061645592639953,0.3788360528168888,0.017422211729652,0.430699073529924,0.4905002844168509,1.0417835014044443,0.0,0.0,0.0,0.14025
2024-06-21,0,0,0,0.0071779518907427,0.0143661971830985,1.02,0.0,0.42,0.0456984614487982,0.0061645592639953,0.3788360528168888,0.059040972603778,0.475989740557375,1.0223710180388477,0.0,0.0,0.0,0.133375
2024-06-22,0,0,0,0.0938713808895473,0.1818309859154929,12.31,0.0,2.17,0.0071779518907427,0.0456984614487982,0.0061645592639953,0.1467477942293299,0.5609937628436912,1.0418843076827418,0.0,0.0,0.0,0.1274583333333333
2024-06-23,0,0,0,0.0192944687954734,0.0198571428571428,1.19,0.0,0.59,0.0938713808895473,0.0071779518907427,0.0456984614487982,0.1203438015760051,0.5684650868348564,0.9414648927232891,0.0,0.0,0.0,0.1217916666666666
2024-06-24,0,0,0,0.0208078365282338,0.0284285714285714,1.79,0.0,1.0,0.0192944687954734,0.0938713808895473,0.0071779518907427,0.1339736862134962,0.5718507116334384,0.894944446250967,0.0,0.0,0.0,0.116875
2024-06-25,0,0,0,0.3406518362292397,0.5302857142857142,25.24,0.0,7.13,0.0208078365282338,0.0192944687954734,0.0938713808895473,0.3807541415531886,0.5336664950457892,1.023016618628008,0.4,0.4000000000000071,0.399999999999961,0.1282916666666666
2024-06-26,0,0,0,0.06186941950372,0.1134285714285714,3.56,0.0,1.77,0.3406518362292397,0.0208078365282338,0.0192944687954734,0.4233290922614351,0.5893713552855139,1.0638788295748811,0.0,0.4000000000000071,0.399999999999961,0.1395416666666666
2024-06-27,0,0,0,0.1256562098538489,0.1767605633802816,11.52,0.0,3.37,0.06186941950372,0.3406518362292397,0.0208078365282338,0.5281774655870503,0.6693291036905644,1.1598293881079056,1.0,1.400000000000007,1.399999999999961,0.1364166666666666
2024-06-28,0,0,0,0.1070023936931169,0.1952112676056338,10.5,0.0,2.76,0.1256562098538489,0.06186941950372,0.3406518362292397,0.2945280230509274,0.7691535454929387,1.245143286050804,0.0,1.000000000000007,1.399999999999961,0.134125
2024-06-29,0,0,0,0.1143619447804892,0.1618309859154929,9.29,0.0,3.15,0.1070023936931169,0.1256562098538489,0.06186941950372,0.3470205483276967,0.7896441093838806,1.350637872228062,2.4,3.400000000000007,3.7999999999999607,0.1320416666666666
2024-06-30,0,0,0,0.3301668779508989,0.61,38.9,0.0,3.79,0.1143619447804892,0.1070023936931169,0.1256562098538489,0.5515312164247467,1.100516518539306,1.668981605374653,1.0,3.400000000000007,4.799999999999962,0.1572916666666666
2024-07-01,0,0,0,0.3515914243624007,0.7004225352112676,48.53,0.0,5.93,0.3301668779508989,0.1143619447804892,0.1070023936931169,0.7961202470940305,1.431300106373473,2.0031508180074016,0.2,3.600000000000007,4.999999999999961,0.15975
2024-07-02,0,0,0,0.0321418061211375,0.0666666666666666,4.2,0.0,2.62,0.3515914243624007,0.3301668779508989,0.1143619447804892,0.7139001084346788,1.1227900762653706,1.6564565713116504,0.0,1.200000000000007,4.599999999999961,0.153
2024-07-03,0,0,0,0.1666086502012774,0.2846478873239436,11.22,0.0,4.13,0.0321418061211375,0.3515914243624007,0.3301668779508989,0.5503418806850573,1.227529306962928,1.8169006622489323,0.0,0.2000000000000071,4.599999999999961,0.1430416666666666
2024-07-04,0,0,0,0.0990973518214555,0.1697222222222222,6.8,0.0,1.98,0.1666086502012774,0.0321418061211375,0.3515914243624007,0.2978478081441121,1.2009704489305346,1.870299552621589,0.0,0.0,3.599999999999961,0.133125
2024-07-05,0,0,0,0.2022365037341632,0.3366197183098592,12.73,0.0,4.04,0.0990973518214555,0.1666086502012774,0.0321418061211375,0.4679425057571377,1.2962045589715812,2.0653581044650102,0.0,0.0,3.599999999999961,0.1255833333333333
2024-07-06,0,0,0,0.1565187805667876,0.2738571428571428,11.09,0.0,4.76,0.2022365037341632,0.0990973518214555,0.1666086502012774,0.4578526361226479,1.3383613947578794,2.12800550414225,0.2,0.2000000000000071,1.3999999999999613,0.1261666666666666
2024-07-07,0,0,0,0.0367175018120094,0.0454929577464788,1.39,0.0,1.05,0.1565187805667876,0.2022365037341632,0.0990973518214555,0.3954727861132019,1.04491201861899,2.1454285371587862,0.0,0.2000000000000071,0.3999999999999614,0.1285
2024-07-08,0,0,0,1.9829094982736264,2.175555555555556,5.92,1.98,1.97,0.0367175018120094,0.1565187805667876,0.2022365037341632,2.176145780652665,2.676230092530216,4.107530198904179,2.1,2.300000000000008,2.2999999999999616,0.139625
2024-07-09,1,4,0,36.06892816013407,33.73028169014084,51.18,38.06,4.33,1.9829094982736264,0.0367175018120094,0.1565187805667876,38.08855516021995,38.71301644654315,39.83580652280901,24.3,26.40000000000001,26.59999999999996,0.3192916666666667
2024-07-10,1,7,5,14.7323080448174,14.343013698630136,24.45,15.78,3.55,36.06892816013407,1.9829094982736264,0.0367175018120094,52.78414570322534,53.27871584115928,54.50624514812269,5.4,31.80000000000001,31.999999999999964,0.45575
2024-07-11,0,0,0,0.1555134217380599,0.358904109589041,16.8,0.0,0.2,14.7323080448174,36.06892816013407,1.9829094982736264,50.95674962668977,53.33513191107588,54.5361023600069,0.0,29.70000000000001,31.999999999999964,0.4132916666666666
2024-07-12,0,0,0,0.0373007739696351,0.0986301369863013,4.4,0.0,0.2,0.1555134217380599,14.7323080448174,36.06892816013407,14.925122240525337,53.17019618131135,54.46640074028341,0.7,6.100000000000008,32.69999999999996,0.4002083333333333
2024-07-13,0,0,0,0.0086744944771552,0.0191780821917808,0.8,0.0,0.2,0.0373007739696351,0.1555134217380599,14.7323080448174,0.2014886901850919,53.02235189522171,54.36071328998008,0.1,0.800000000000007,32.59999999999996,0.4117916666666666
2024-07-14,0,0,0,0.006336005827576,0.0138888888888888,0.6000000000000001,0.0,0.2,0.0086744944771552,0.0373007739696351,0.1555134217380599,0.052311274274608,52.99197039923728,54.03688241785676,0.0,0.800000000000007,32.59999999999996,0.3933333333333333
2024-07-15,0,0,0,0.0109723870706495,0.0246575342465753,1.4,0.0,0.2,0.006336005827576,0.0086744944771552,0.0373007739696351,0.0259828873756224,51.02003328803431,53.69626338056501,0.1,0.2000000000000071,30.59999999999996,0.373625
2024-07-16,0,0,0,0.0071389297942897,0.0164383561643835,1.0,0.0,0.2,0.0109723870706495,0.006336005827576,0.0086744944771552,0.0244473226927568,14.958244057694523,53.67126050423816,0.0,0.1000000000000071,6.299999999999962,0.3592916666666666
2024-07-17,0,0,0,0.005249628992705,0.0111111111111111,0.4,0.0,0.2,0.0071389297942897,0.0109723870706495,0.006336005827576,0.0233609458578858,0.2311856418698291,53.50990148302959,0.2,0.3000000000000071,1.099999999999961,0.3405
2024-07-18,0,0,0,0.0073166045287005,0.0138888888888888,0.4,0.0,0.2,0.005249628992705,0.0071389297942897,0.0109723870706495,0.0197051633159369,0.0829888246604697,53.41812073573683,0.0,0.2000000000000071,1.099999999999961,0.3203333333333333
2024-07-19,0,0,0,0.0040914791945607,0.0083333333333333,0.2,0.0,0.2,0.0073166045287005,0.005249628992705,0.0071389297942897,0.0166577127162079,0.0497795298853953,53.21997571119723,0.0,0.2000000000000071,0.3999999999999609,0.2990833333333333
2024-07-20,0,0,0,0.0121402387155747,0.0301369863013698,0.4,0.0,0.2,0.0040914791945607,0.0073166045287005,0.005249628992705,0.0235483224390776,0.0532452741238148,53.07559716934602,0.0,0.0,0.2999999999999609,0.2791666666666667
2024-07-21,0,0,0,0.0129541883850215,0.025,1.2000000000000002,0.0,0.2,0.0121402387155747,0.0040914791945607,0.0073166045287005,0.0291859062953986,0.0598634566812603,53.05183385591904,0.0,0.0,0.2999999999999609,0.2610833333333333
2024-07-22,0,0,0,0.0325684646964947,0.0631944444444444,3.35,0.0,2.95,0.0129541883850215,0.0121402387155747,0.0040914791945607,0.0576628917973326,0.0814595343071055,51.1014928223419,0.0,0.0,0.1999999999999609,0.2427916666666666
2024-07-23,0,0,0,0.0219280369521075,0.0498611111111111,2.3600000000000003,0.0,1.03,0.0325684646964947,0.0129541883850215,0.0121402387155747,0.0674506900338654,0.0962486414649233,15.054492699159937,0.0,0.0,0.1999999999999609,0.224625
2024-07-24,0,0,0,0.0041515274188627,0.0082191780821917,0.6000000000000001,0.0,0.2,0.0219280369521075,0.0325684646964947,0.0129541883850215,0.0586480290677066,0.0951505398910811,0.3263361817614005,0.0,0.0,0.0,0.2070416666666666
2024-07-25,0,0,0,0.004082335295215,0.0080821917808219,0.5900000000000001,0.0,0.39,0.0041515274188627,0.0219280369521075,0.0325684646964947,0.0301618996664269,0.0919162706575956,0.1749050953185556,0.0,0.0,0.0,0.1902916666666666
2024-07-26,0,0,0,0.0024809267105561,0.0054794520547945,0.2,0.0,0.2,0.004082335295215,0.0041515274188627,0.0219280369521075,0.0107147894248756,0.090305718173591,0.1400852480594766,0.0,0.0,0.0,0.1750833333333333
2024-07-27,0,0,0,0.0041168197462215,0.0055555555555555,0.2,0.0,0.2,0.0024809267105561,0.004082335295215,0.0041515274188627,0.0106800817522344,0.0822822992042378,0.1355275733285429,0.0,0.0,0.0,0.16325
2024-07-28,0,0,0,0.0180304341051649,0.0326027397260274,1.79,0.0,0.59,0.0041168197462215,0.0024809267105561,0.004082335295215,0.0246281805621842,0.0873585449243812,0.1472220016061318,0.0,0.0,0.0,0.151375
2024-07-29,0,0,0,0.0647079319746552,0.1125,4.98,0.0,2.52,0.0180304341051649,0.0041168197462215,0.0024809267105561,0.0868551858262833,0.1194980122025417,0.2009575465101375,0.5,0.5000000000000071,0.4999999999999609,0.1412916666666666
2024-07-30,0,0,0,3.072618756330319,3.724788732394367,8.5,3.4000000000000004,1.77,0.0647079319746552,0.0180304341051649,0.0041168197462215,3.155357122410381,3.1701887315807533,3.266437373046167,3.1,3.600000000000007,3.599999999999961,0.203875
2024-07-31,0,0,0,0.0277622624737708,0.05,0.6000000000000001,0.0,0.2,3.072618756330319,0.0647079319746552,0.0180304341051649,3.1650889507789866,3.193799466635661,3.288950006527233,0.0,3.600000000000007,3.599999999999961,0.23925
2024-08-01,0,0,0,0.017509028682704,0.0252112676056338,1.2,0.0,0.6,0.0277622624737708,3.072618756330319,0.0647079319746552,3.117890047487036,3.20722616002315,3.2991424306812367,0.0,3.100000000000007,3.599999999999961,0.22075
2024-08-02,0,0,0,0.126753276212528,0.1682857142857143,11.38,0.0,3.05,0.017509028682704,0.0277622624737708,3.072618756330319,0.1720245673692444,3.331498509525122,3.421804227699204,0.0,0.0,3.599999999999961,0.2011666666666667
2024-08-03,0,0,0,0.0462288910370846,0.0614285714285714,4.1000000000000005,0.0,1.05,0.126753276212528,0.017509028682704,0.0277622624737708,0.1904911959325582,3.3736105808159853,3.4558928800207136,0.0,0.0,3.599999999999961,0.18175
2024-08-04,0,0,0,0.003188974824205,0.0057971014492753,0.4,0.0,0.2,0.0462288910370846,0.126753276212528,0.017509028682704,0.1761711420740592,3.3587691215350253,3.446127666459897,0.0,0.0,3.599999999999961,0.1629583333333333
2024-08-05,0,0,0,0.0252679653755101,0.0167605633802816,0.59,0.0,0.59,0.003188974824205,0.0462288910370846,0.126753276212528,0.0746858312370413,3.3193291549358803,3.4388271671389123,0.0,0.0,3.099999999999961,0.1477083333333333
2024-08-06,0,0,0,0.0292516935510484,0.0390140845070422,2.57,0.0,2.17,0.0252679653755101,0.003188974824205,0.0462288910370846,0.0577086337510051,0.2759620921566095,3.446150823737853,0.0,0.0,0.0,0.1351666666666666
2024-08-07,0,0,0,0.0015585151162703,0.0028169014084507,0.2,0.0,0.2,0.0292516935510484,0.0252679653755101,0.003188974824205,0.0560781740430704,0.249758344799109,3.443557811435261,0.0,0.0,0.0,0.1246666666666666
2024-08-08,0,0,0,0.0148597037523938,0.0201408450704225,0.63,0.0,0.63,0.0015585151162703,0.0292516935510484,0.0252679653755101,0.0456699124199542,0.2471090198687988,3.4543351798924395,0.0,0.0,0.0,0.1165833333333333
2024-08-09,0,0,0,5.00366184144744,6.065211267605633,16.37,5.16,2.16,0.0148597037523938,0.0015585151162703,0.0292516935510484,5.020080060316346,5.124017585103711,8.455516094629324,12.1,12.100000000000009,12.09999999999996,0.1543333333333333
2024-08-10,0,0,0,33.65030551471418,31.52123287671233,47.2,35.22,3.74,5.00366184144744,0.0148597037523938,0.0015585151162703,38.66882705991425,38.7280942087808,42.10170478959728,33.0,45.10000000000001,45.09999999999996,0.46125
2024-08-11,0,0,0,0.1125336955554229,0.2294117647058823,6.2,0.0,0.2,33.65030551471418,5.00366184144744,0.0148597037523938,38.76650105171728,38.83743892951202,42.196208051047535,0.0,45.10000000000001,45.09999999999996,0.4265
2024-08-12,0,0,0,0.0607683876788055,0.1371641791044776,4.6000000000000005,0.0,0.39,0.1125336955554229,33.65030551471418,5.00366184144744,33.823607597948644,38.87293935181531,42.19226850675168,0.0,33.00000000000001,45.09999999999996,0.3891666666666666
2024-08-13,0,0,0,0.0188341674903963,0.05,3.2,0.0,0.2,0.0607683876788055,0.1125336955554229,33.65030551471418,0.1921362507248664,38.86252182575466,39.13848391791176,0.1,0.1000000000000071,45.19999999999996,0.3643749999999999
2024-08-14,0,0,0,0.0205153147566341,0.053125,3.0,0.0,0.2,0.0188341674903963,0.0607683876788055,0.1125336955554229,0.1001178699260776,38.88147862539503,39.13123697019463,0.0,0.1000000000000071,45.19999999999996,0.346375
2024-08-15,0,0,0,0.023959402480197,0.0636363636363636,3.6,0.0,0.2,0.0205153147566341,0.0188341674903963,0.0607683876788055,0.0633088847274691,38.89057832412283,39.13768734399212,0.0,0.1000000000000071,45.19999999999996,0.3242916666666667
2024-08-16,0,0,0,0.0050357962666807,0.008955223880597,0.2,0.0,0.2,0.023959402480197,0.0205153147566341,0.0188341674903963,0.0495105135037534,33.89195227894207,39.01596986404627,0.0,0.0,33.09999999999996,0.300375
2024-08-17,0,0,0,0.0126323110443771,0.0177611940298507,0.99,0.0,0.39,0.0050357962666807,0.023959402480197,0.0205153147566341,0.0416275097914964,0.2542790752722723,38.982373284053565,0.0,0.0,0.0999999999999573,0.2759166666666666
2024-08-18,0,0,0,0.0194236707327425,0.026865671641791,1.6,0.0,0.79,0.0126323110443771,0.0050357962666807,0.023959402480197,0.037091778044042,0.1611690504495919,38.9986079799621,0.0,0.0,0.0999999999999573,0.2515833333333333
2024-08-19,0,0,0,0.0052409908587971,0.009090909090909,0.2,0.0,0.2,0.0194236707327425,0.0126323110443771,0.0050357962666807,0.0372969726361584,0.1056416536295836,38.978581005445385,0.0,0.0,0.0999999999999573,0.22775
2024-08-20,0,0,0,0.4340447977828133,0.5842424242424242,38.36,0.0,9.02,0.0052409908587971,0.0194236707327425,0.0126323110443771,0.4587094593745947,0.5208522839220006,39.38337410967716,0.0,0.0,0.0,0.2070833333333333
2024-08-21,0,0,0,0.1103360128911547,0.144225352112676,10.24,0.0,3.94,0.4340447977828133,0.0052409908587971,0.0194236707327425,0.5496218015330069,0.6106729820565212,39.49215160745204,0.0,0.0,0.0,0.1890416666666666
2024-08-22,0,0,0,0.0289782420475144,0.0390140845070422,2.17,0.0,0.59,0.1103360128911547,0.4340447977828133,0.0052409908587971,0.5733590527217242,0.6156918216238386,39.50627014574716,0.0,0.0,0.0,0.170125
2024-08-23,0,0,0,0.0618032865186911,0.0866197183098591,5.33,0.0,2.56,0.0289782420475144,0.1103360128911547,0.4340447977828133,0.2011175414576019,0.6724593118758491,34.56441159081841,0.0,0.0,0.0,0.1515416666666666
2024-08-24,0,0,0,7.235162596045624,6.64554054054054,12.18,7.380000000000001,4.92,0.0618032865186911,0.0289782420475144,0.1103360128911547,7.325944124612072,7.894989596877096,8.149268672149859,6.3,6.300000000000007,6.299999999999957,0.1917083333333333
2024-08-25,0,0,0,2.3251876935958813,2.567857142857143,8.8,2.38,0.98,7.235162596045624,0.0618032865186911,0.0289782420475144,9.622153576160438,10.200753619740237,10.361922670190316,6.7,13.000000000000009,12.999999999999956,0.362625
2024-08-26,0,0,0,0.1132100378984925,0.142972972972973,2.78,0.0,0.79,2.3251876935958813,7.235162596045624,0.0618032865186911,9.67356032754024,10.30872266677993,10.414364320410003,0.0,13.000000000000009,12.999999999999956,0.3997916666666667
2024-08-27,0,0,0,0.4118697600678577,0.5895945945945946,41.04,0.0,21.98,0.1132100378984925,2.3251876935958813,7.235162596045624,2.850267491562473,10.286547629064977,10.807399912987464,0.0,6.700000000000007,12.999999999999956,0.3609166666666667
2024-08-28,0,0,0,0.1047539955161183,0.1487837837837838,8.78,0.0,4.06,0.4118697600678577,0.1132100378984925,2.3251876935958813,0.6298337934827103,10.280965611689938,10.891638593746949,0.0,0.0,12.999999999999956,0.3277916666666666
2024-08-29,0,0,0,0.0495398397117631,0.0694594594594594,3.94,0.0,1.18,0.1047539955161183,0.4118697600678577,0.1132100378984925,0.5661635952959809,10.301527209354187,10.917219030978517,0.0,0.0,12.999999999999956,0.2970833333333333
2024-08-30,0,0,0,0.0910423365593214,0.1232432432432432,7.5,0.0,2.18,0.0495398397117631,0.1047539955161183,0.4118697600678577,0.2453361717874445,10.330766259394816,11.003225571271155,0.0,0.0,12.999999999999956,0.2666666666666666
2024-08-31,0,0,0,0.1606420553504988,0.2187837837837837,14.39,0.0,1.97,0.0910423365593214,0.0495398397117631,0.1047539955161183,0.301224231621825,3.256245718699692,11.151235315577278,0.0,0.0,6.6999999999999575,0.2377916666666666
2024-09-01,0,0,0,0.3703416343667129,0.4978378378378378,32.45,0.0,4.06,0.1606420553504988,0.0910423365593214,0.0495398397117631,0.6220260262767747,1.3013996594705235,11.50215327921125,0.0,0.0,0.0,0.2089166666666666
2024-09-02,0,0,0,0.0657960863281752,0.0883783783783783,5.75,0.0,1.97,0.3703416343667129,0.1606420553504988,0.0910423365593214,0.5967797760456286,1.253985707900206,11.562708374680629,0.0,0.0,0.0,0.1799583333333333
2024-09-03,0,0,0,0.2402145971505499,0.3363513513513513,23.69,0.0,3.54,0.0657960863281752,0.3703416343667129,0.1606420553504988,0.6763523178456796,1.0823305449828984,11.368878174048364,0.0,0.0,0.0,0.15875
2024-09-04,0,0,0,0.2295158775031929,0.287027027027027,15.08,0.0,2.83,0.2402145971505499,0.0657960863281752,0.3703416343667129,0.5355265609821597,1.207092426969973,11.488058038660402,0.0,0.0,0.0,0.1402916666666666
2024-09-05,0,0,0,0.135094912950757,0.2091780821917808,12.05,0.0,2.76,0.2295158775031929,0.2402145971505499,0.0657960863281752,0.6048253876047415,1.2926475002089668,11.594174709563644,0.3,0.3000000000000071,0.2999999999999573,0.129
2024-09-06,0,0,0,0.050347224024767,0.0875342465753424,3.79,0.0,1.0,0.135094912950757,0.2295158775031929,0.2402145971505499,0.4149580144789586,1.2519523876744123,11.58271864706972,0.1,0.4000000000000071,0.3999999999999574,0.1497916666666666
2024-09-07,0,0,0,0.2260600024261306,0.3189189189189189,22.8,0.0,5.54,0.050347224024767,0.135094912950757,0.2295158775031929,0.4115021394018963,1.3173703347500445,4.573616053450226,0.0,0.4000000000000071,0.3999999999999574,0.1404583333333333
2024-09-08,0,0,0,1.1149834145444608,1.5733783783783784,113.44,0.0,7.16,0.2260600024261306,0.050347224024767,0.135094912950757,1.3913906409956,2.062012114927792,3.3634117743988057,0.0,0.1000000000000071,0.3999999999999574,0.1248333333333333
2024-09-09,0,0,0,0.4117695517402228,0.5790540540540541,41.06,0.0,5.35,1.1149834145444608,0.2260600024261306,0.050347224024767,1.752812968711056,2.40798558033984,3.661971288240536,0.0,0.0,0.3999999999999574,0.1137916666666666
2024-09-10,0,0,0,0.0830951702701287,0.1124657534246575,6.2,0.0,0.79,0.4117695517402228,1.1149834145444608,0.2260600024261306,1.609848136555054,2.2508661534594188,3.333196698442807,0.0,0.0,0.3999999999999574,0.10725
2024-09-11,0,0,0,0.2365401957862768,0.3161643835616438,19.41,0.0,8.18,0.0830951702701287,0.4117695517402228,1.1149834145444608,0.73140491779687,2.2578904717425026,3.4649828987129654,0.0,0.0,0.3999999999999574,0.1035833333333333
2024-09-12,0,0,0,0.1970659743168722,0.260958904109589,15.59,0.0,7.54,0.2365401957862768,0.0830951702701287,0.4117695517402228,0.5167013403735194,2.3198615331086176,3.6125090333180743,0.0,0.0,0.0999999999999573,0.1010833333333333
2024-09-13,0,0,0,0.3146426795589352,0.3865753424657534,18.56,0.0,2.77,0.1970659743168722,0.2365401957862768,0.0830951702701287,0.7482488496623259,2.584156988642785,3.836109376317689,0.0,0.0,0.0,0.09975
2024-09-14,0,0,0,0.0976904796580274,0.1083333333333333,4.8100000000000005,0.0,1.18,0.3146426795589352,0.1970659743168722,0.2365401957862768,0.6093991335340764,2.4557874658746828,3.773157800625217,0.0,0.0,0.0,0.0989583333333333
2024-09-15,0,0,0,0.1923358026155499,0.2120833333333333,9.68,0.0,1.18,0.0976904796580274,0.3146426795589352,0.1970659743168722,0.6046689618327542,1.5331398539457717,3.595151968874054,0.8,0.8000000000000071,0.7999999999999574,0.129625
2024-09-16,1,4,2,8.629867052994035,9.497887323943662,29.41,9.84,2.95,0.1923358026155499,0.0976904796580274,0.3146426795589352,8.919893335267854,9.751237355199583,12.159222935539914,8.5,9.300000000000008,9.299999999999958,0.365375
2024-09-17,0,0,0,1.2421095440138787,1.2432394366197184,4.4,1.0,1.38,8.629867052994035,0.1923358026155499,0.0976904796580274,10.064312399623706,10.910251728943331,13.161117882403245,1.2,10.500000000000009,10.499999999999956,0.4140833333333333
2024-09-18,0,0,0,0.3875043374213519,0.8058904109589041,31.26,0.0,31.26,1.2421095440138787,8.629867052994035,0.1923358026155499,10.259480934429508,11.06121587057841,13.319106342321405,0.0,9.700000000000006,10.499999999999956,0.3855833333333333
2024-09-19,0,0,0,0.8959853917383195,1.1443835616438356,55.01,0.2,6.76,0.3875043374213519,1.2421095440138787,8.629867052994035,2.525599273173792,11.760135287999857,14.079996821108963,0.6,1.800000000000007,11.09999999999996,0.3569583333333333
2024-09-20,0,0,0,1.4866785141467924,2.64027397260274,33.11,0.79,10.17,0.8959853917383195,0.3875043374213519,1.2421095440138787,2.7701682433067054,12.932171122587713,15.51632811123099,0.1,0.7000000000000071,11.199999999999958,0.3259166666666667
2024-09-21,0,0,0,1.153137234349865,1.72,36.44,0.6000000000000001,4.75,1.4866785141467924,0.8959853917383195,0.3875043374213519,3.5358011402352183,13.98761787727955,16.443405343154723,0.8,1.500000000000007,11.999999999999956,0.3155416666666666
2024-09-22,0,0,0,0.3416832023261927,0.4921917808219178,34.93,0.0,5.59,1.153137234349865,1.4866785141467924,0.8959853917383195,2.981498950823092,14.136965276990194,15.670105130936456,0.0,0.9000000000000071,11.199999999999957,0.2981666666666666
2024-09-23,0,0,0,0.1818248662042593,0.2683561643835616,17.2,0.0,7.95,0.3416832023261927,1.153137234349865,1.4866785141467924,1.6766453028805586,5.688923090200418,15.440160445400492,0.0,0.8000000000000071,2.699999999999957,0.26025
2024-09-24,0,0,0,0.0249094682425633,0.0463013698630137,2.78,0.0,0.79,0.1818248662042593,0.3416832023261927,1.153137234349865,0.548417536773257,4.471723014429103,15.381974743372924,0.0,0.0,1.4999999999999574,0.2217083333333333
2024-09-25,0,0,0,0.0246470744579923,0.0493055555555555,3.55,0.0,0.98,0.0249094682425633,0.1818248662042593,0.3416832023261927,0.2313814089050566,4.108865751465743,15.170081622044645,0.0,0.0,1.4999999999999574,0.1862083333333333
2024-09-26,0,0,0,0.028132893744384,0.0245833333333333,1.57,0.0,0.98,0.0246470744579923,0.0249094682425633,0.1818248662042593,0.0776894364451813,3.241013253471808,15.001148541472151,0.0,0.0,0.8999999999999574,0.15325
2024-09-27,0,0,0,1.1580252651582486,1.098611111111111,11.88,0.89,3.97,0.028132893744384,0.0246470744579923,0.0249094682425633,1.2108052333608663,2.912360004483264,15.844531127071468,1.8,1.8000000000000071,2.599999999999957,0.170125
2024-09-28,0,0,0,0.1502426253376027,0.2144444444444444,15.04,0.0,5.74,1.1580252651582486,0.028132893744384,0.0246470744579923,1.336400784240477,1.9094653954710012,15.897083272751042,0.0,1.8000000000000071,1.7999999999999574,0.2013333333333333
2024-09-29,0,0,0,0.0449901267888976,0.0602777777777777,3.35,0.0,3.15,0.1502426253376027,1.1580252651582486,0.028132893744384,1.3532580172849906,1.6127723199337065,15.74973759692439,0.0,1.8000000000000071,1.7999999999999574,0.1760416666666666
2024-09-30,0,0,0,0.025428291294601,0.0283333333333333,1.44,0.0,0.82,0.0449901267888976,0.1502426253376027,1.1580252651582486,0.220661043421343,1.456375745024048,7.145298835224956,0.1,0.1000000000000071,1.8999999999999573,0.1493333333333333
2024-10-01,0,0,0,0.0248472928258344,0.0252777777777777,1.62,0.0,1.02,0.025428291294601,0.0449901267888976,0.1502426253376027,0.0952657109095747,1.4563135696073193,5.928036584036912,0.0,0.1000000000000071,1.8999999999999573,0.1275
2024-10-02,0,0,0,0.1581661619902822,0.1440845070422535,4.85,0.0,0.98,0.0248472928258344,0.025428291294601,0.0449901267888976,0.2084417461109592,1.5898326571396089,5.698698408605843,0.0,0.1000000000000071,1.8999999999999573,0.1130833333333333
2024-10-03,0,0,0,3.729764237339431,3.57,7.71,3.56,2.36,0.1581661619902822,0.0248472928258344,0.025428291294601,3.912777692155789,5.291464000734656,8.532477254206954,7.2,7.200000000000007,9.099999999999955,0.1515
2024-10-04,0,0,0,0.6127089323307285,0.6270833333333334,2.95,0.4,2.95,3.729764237339431,0.1581661619902822,0.0248472928258344,4.500639331660683,4.746147667907136,7.65850767239089,4.5,11.700000000000006,11.799999999999958,0.40725
2024-10-05,0,0,0,0.0449133814365087,0.0944444444444444,1.4,0.0,0.2,0.6127089323307285,3.729764237339431,0.1581661619902822,4.38738655110691,4.640818424006042,6.550283819477534,0.2,11.900000000000007,11.999999999999956,0.4173333333333333
2024-10-06,0,0,0,0.0122867748877191,0.0141666666666666,0.62,0.0,0.42,0.0449133814365087,0.6127089323307285,3.729764237339431,0.6699090886551979,4.608115072104863,6.22088739203906,0.0,4.700000000000007,11.999999999999956,0.3633333333333333
2024-10-07,0,0,0,0.0281883087161992,0.0285915492957746,1.83,0.0,0.63,0.0122867748877191,0.0449133814365087,0.6127089323307285,0.0853884650406686,4.610875089526462,6.067250834551,0.0,0.2000000000000071,11.899999999999958,0.313125
2024-10-08,0,0,0,0.0246755479917891,0.0252112676056338,1.59,0.0,0.39,0.0281883087161992,0.0122867748877191,0.0449133814365087,0.0651506315959491,4.610703344692417,6.0670169143002255,0.0,0.0,11.899999999999958,0.26725
2024-10-09,0,0,0,0.0603774544024892,0.1211267605633803,2.2,0.0,0.2,0.0246755479917891,0.0281883087161992,0.0122867748877191,0.1132413111107193,4.512914637104624,6.102747294244723,0.4,0.4000000000000071,12.299999999999958,0.2388749999999999
2024-10-10,0,0,0,1.1660301665571275,1.2856944444444445,12.09,0.8,4.13,0.0603774544024892,0.0246755479917891,0.0281883087161992,1.2510831689516475,1.94918056632232,7.240644567057466,10.7,11.100000000000009,15.799999999999956,0.3109583333333333
2024-10-11,1,7,3,20.829442274660583,16.98,33.85,17.61,14.48,1.1660301665571275,0.0603774544024892,0.0246755479917891,22.05584989562044,22.165913908652172,26.9120615765598,7.4,18.500000000000007,18.69999999999996,0.4319166666666666
2024-10-12,1,2,1,2.366153006109798,2.4515277777777778,15.13,0.4,1.57,20.829442274660583,1.1660301665571275,0.0603774544024892,24.36162544732775,24.487153533325465,29.127971957332,2.4,20.500000000000007,20.89999999999996,0.4215833333333333
2024-10-13,0,0,0,0.1926154350464117,0.3973611111111111,2.4000000000000004,0.2,0.42,2.366153006109798,20.829442274660583,1.1660301665571275,23.388210715817035,24.66748219348416,29.27559726558951,0.2,10.000000000000009,21.09999999999996,0.3825416666666667
2024-10-14,0,0,0,0.0547448849910431,0.1055555555555555,2.0,0.0,0.2,0.1926154350464117,2.366153006109798,20.829442274660583,2.6135133261474945,24.694038769759,29.30491385928595,0.2,2.800000000000007,21.29999999999996,0.3567083333333333
2024-10-15,0,0,0,0.0714898913584957,0.0944444444444444,5.2,0.0,0.2,0.0547448849910431,0.1926154350464117,2.366153006109798,0.3188502113961922,24.74085311312571,29.351556457818614,0.0,0.4000000000000071,21.29999999999996,0.3180416666666666
2024-10-16,0,0,0,0.0130050006159014,0.0252112676056338,0.4,0.0,0.39,0.0714898913584957,0.0547448849910431,0.1926154350464117,0.1392397769656819,24.69348065933912,29.20639529644423,2.6,2.800000000000008,23.499999999999957,0.2932083333333333
2024-10-17,0,0,0,0.0033443454434031,0.0056338028169014,0.2,0.0,0.2,0.0130050006159014,0.0714898913584957,0.0547448849910431,0.0878392374180419,23.530794838225397,25.479975404548203,0.0,2.600000000000007,12.799999999999958,0.2803333333333333
2024-10-18,0,0,0,0.0947642122852826,0.0894366197183098,5.15,0.0,1.18,0.0033443454434031,0.0130050006159014,0.0714898913584957,0.1111135583448288,2.7961167758500944,24.96203068450276,0.0,2.600000000000007,5.399999999999958,0.2408749999999999
2024-10-19,0,0,0,6.909074598805975,9.472142857142856,44.61,4.955,4.92,0.0947642122852826,0.0033443454434031,0.0130050006159014,7.007183156534903,7.339038368546271,31.826191901872228,8.7,8.700000000000006,11.699999999999957,0.29925
2024-10-20,0,0,0,5.8333119433606,5.867083333333333,11.13,6.275,1.18,6.909074598805975,0.0947642122852826,0.0033443454434031,12.8371507544521,12.97973487686046,37.64721707034511,8.4,17.10000000000001,19.89999999999996,0.4555833333333334
2024-10-21,0,0,0,0.1859005388184449,0.2638888888888889,5.2,0.0,0.2,5.8333119433606,6.909074598805975,0.0947642122852826,12.928287080985262,13.11089053068786,37.80492930044735,0.3,17.400000000000006,19.99999999999996,0.4268333333333333
2024-10-22,0,0,0,0.7184176645316597,0.5409722222222222,32.17,0.0,6.69,0.1859005388184449,5.8333119433606,6.909074598805975,6.737630146710946,13.757818303861024,38.49867141698722,4.4,13.100000000000009,24.39999999999996,0.3905833333333333
2024-10-23,1,21,10,25.828573456596597,15.309305555555556,82.66,7.550000000000001,18.72,0.7184176645316597,0.1859005388184449,5.8333119433606,26.73289165994694,39.57338675984172,64.26686741918132,13.9,18.60000000000001,35.69999999999996,0.4162916666666666
2024-10-24,1,16,10,21.46012350390832,17.624861111111112,43.86,19.09,19.93,25.828573456596597,0.7184176645316597,0.1859005388184449,48.00711462503682,61.03016591830664,84.56096075653252,8.4,26.700000000000006,44.09999999999996,0.4330833333333333
2024-10-25,1,13,1,18.44742264527226,17.87222222222222,30.29,19.41,17.62,21.46012350390832,25.828573456596597,0.7184176645316597,65.73611960577742,79.3828243512936,82.1789411271442,4.7,27.000000000000007,48.79999999999996,0.4199166666666666
2024-10-26,0,0,0,0.2799863483754324,0.4317142857142858,7.0,0.0,0.42,18.44742264527226,21.46012350390832,25.828573456596597,40.18753249755625,72.75373610086307,80.09277446940983,2.6,15.700000000000006,42.69999999999995,0.3961666666666667
2024-10-27,0,0,0,2.1777368922122604,2.0294444444444446,6.9,1.6,3.35,0.2799863483754324,18.44742264527226,21.46012350390832,20.905145885860197,69.09816104971473,82.07789592657568,1.3,8.600000000000005,35.59999999999996,0.4001666666666667
2024-10-28,0,0,0,2.354997838846926,1.735138888888889,8.8,0.8,4.33,2.1777368922122604,0.2799863483754324,18.44742264527226,4.81272107943486,71.26725834974322,84.37814888043157,0.0,3.9000000000000057,35.29999999999996,0.4480833333333333
2024-10-29,0,0,0,0.2074294065279971,0.3127777777777777,9.4,0.0,1.77,2.354997838846926,2.1777368922122604,0.2799863483754324,4.740164137587425,70.75627009173955,84.51408839560106,0.9,2.200000000000005,31.79999999999996,0.434625
2024-10-30,0,0,0,0.0464963850221249,0.0805555555555555,1.2000000000000002,0.0,0.2,0.2074294065279971,2.354997838846926,2.1777368922122604,2.60892363039729,44.97419302016508,84.54757978000728,0.1,1.000000000000005,17.999999999999957,0.3974166666666667
2024-10-31,0,0,0,0.1035814547657486,0.2191666666666666,11.78,0.0,0.59,0.0464963850221249,0.2074294065279971,2.354997838846926,0.3575072463161124,23.617650971022503,84.64781688932963,1.8,2.800000000000005,11.399999999999958,0.3580833333333333
2024-11-01,0,0,0,0.5289112079141679,0.4863888888888889,27.290000000000003,0.0,9.38,0.1035814547657486,0.0464963850221249,0.2074294065279971,0.6789890477022832,5.699139533664416,85.08196388495853,1.4,3.300000000000005,8.099999999999957,0.3306666666666666
2024-11-02,1,14,5,15.761180853120706,18.41444444444444,72.53,15.255,29.36,0.5289112079141679,0.1035814547657486,0.0464963850221249,16.393673515800863,21.18033403840969,93.93407013927326,13.3,16.500000000000007,18.79999999999996,0.333
2024-11-03,1,1,0,5.00950048467133,5.674166666666667,19.93,5.175000000000001,4.53,15.761180853120706,0.5289112079141679,0.1035814547657486,21.29959254570645,24.01209763086876,93.11025868058398,19.9,34.60000000000001,37.39999999999996,0.4438333333333333
2024-11-04,1,2,1,11.99405524425369,10.341944444444444,26.25,11.015,9.07,5.00950048467133,15.761180853120706,0.5289112079141679,32.76473658204597,33.651155036275526,104.91841338601924,7.0,40.2,44.39999999999996,0.5049583333333333
2024-11-05,0,0,0,2.4818258671017293,3.5259722222222223,30.22,0.795,5.9,11.99405524425369,5.00950048467133,15.761180853120706,19.485381596026997,35.92555149684925,106.68182158858929,17.6,44.50000000000001,61.09999999999996,0.4875833333333333
2024-11-06,1,37,21,22.871575233365014,24.48375,81.84,22.25,22.73,2.4818258671017293,11.99405524425369,5.00950048467133,37.34745634472068,58.75063034519215,103.72482336535772,25.8,50.400000000000006,86.79999999999995,0.47725
2024-11-07,1,1,0,6.776220090133151,6.532777777777778,62.13,4.585,8.52,22.871575233365014,2.4818258671017293,11.99405524425369,32.12962119060014,65.42326898055956,89.04091995158255,16.3,59.70000000000001,101.29999999999995,0.476375
2024-11-08,1,22,6,42.60253777348202,38.615138888888886,87.34,42.835,10.17,6.776220090133151,22.871575233365014,2.4818258671017293,72.25033309698043,107.4968955461274,113.19603507979232,40.7,82.80000000000001,140.59999999999997,0.4690833333333333
2024-11-09,0,0,0,3.814370675691655,2.841805555555556,40.97,0.4,5.12,42.60253777348202,6.776220090133151,22.871575233365014,53.19312853930707,95.55008536869832,116.73041940710851,0.8,57.80000000000001,128.09999999999997,0.458125
2024-11-10,0,0,0,0.8088062897885732,0.7314084507042254,33.53,0.0,0.79,3.814370675691655,42.60253777348202,6.776220090133151,47.22571473896249,91.3493911738156,115.36148880468484,0.1,41.60000000000001,108.29999999999995,0.4410416666666667
2024-11-11,0,0,0,0.1189609668311091,0.2171830985915493,7.800000000000001,0.0,0.42,0.8088062897885732,3.814370675691655,42.60253777348202,4.742137932311586,79.47429689639301,113.12545193266904,0.0,0.9000000000000071,101.29999999999995,0.4069166666666666
2024-11-12,0,0,0,0.2813629190188093,0.4151388888888889,10.36,0.0,2.76,0.1189609668311091,0.8088062897885732,3.814370675691655,1.2091301756387405,77.27383394831008,113.19938544515983,2.0,2.100000000000007,85.69999999999996,0.3825416666666667
2024-11-13,0,0,0,4.85369910300114,5.191111111111111,25.91,4.545,4.13,0.2813629190188093,0.1189609668311091,0.8088062897885732,5.254022988851308,59.25595781794621,118.00658816313884,11.1,13.100000000000009,70.99999999999997,0.4502083333333333
2024-11-14,0,0,0,0.3592608349534736,0.4705714285714285,17.150000000000002,0.0,0.39,4.85369910300114,0.2813629190188093,0.1189609668311091,5.494322856973672,52.83899856276653,118.26226754332656,0.1,13.200000000000006,54.79999999999996,0.4389166666666667
2024-11-15,1,1,0,0.5932972660389211,0.4301428571428571,11.51,0.0,9.15,0.3592608349534736,4.85369910300114,0.2813629190188093,5.806257203993783,10.829758055323438,118.32665360145134,4.9,16.10000000000001,18.99999999999996,0.4185416666666666
2024-11-16,0,0,0,0.3778047464627341,0.5842253521126761,3.5500000000000003,0.2,0.98,0.5932972660389211,0.3592608349534736,4.85369910300114,1.3303628474553784,7.393192126094519,102.94327749479336,18.5,23.500000000000007,36.69999999999996,0.47325
2024-11-17,0,0,0,0.0515345607586975,0.1016901408450704,1.8,0.0,0.42,0.3778047464627341,0.5932972660389211,0.3592608349534736,1.0226365732606024,6.635920397064643,97.98531157088073,0.4,23.800000000000004,36.99999999999996,0.457875
2024-11-18,0,0,0,0.1717371972536289,0.3359420289855072,11.18,0.0,0.79,0.0515345607586975,0.3778047464627341,0.5932972660389211,0.6010765044753101,6.688696627487163,86.16299352388067,0.0,18.90000000000001,36.99999999999996,0.429
2024-11-19,0,0,0,0.1258723289963254,0.2466666666666667,11.2,0.0,0.42,0.1717371972536289,0.0515345607586975,0.3778047464627341,0.3491440870089015,6.533206037464679,83.80703998577526,0.0,0.4000000000000071,34.99999999999996,0.387375
2024-11-20,0,0,0,0.1774625423335653,0.3810144927536232,3.94,0.0,3.94,0.1258723289963254,0.1717371972536289,0.0515345607586975,0.4750720685837692,1.8569694767971048,61.11292729474381,1.9,1.900000000000007,25.79999999999996,0.3551249999999999
2024-11-21,0,0,0,0.185630779902832,0.3617142857142857,2.78,0.2,0.59,0.1774625423335653,0.1258723289963254,0.1717371972536289,0.4889656512329724,1.683339421746463,54.52233798451349,1.0,2.900000000000007,26.69999999999996,0.35
2024-11-22,0,0,0,0.2064711833191867,0.3094366197183099,1.99,0.2,0.59,0.185630779902832,0.1774625423335653,0.1258723289963254,0.5695645055558337,1.2965133390267287,12.126271394350658,2.0,4.900000000000008,23.79999999999996,0.3993333333333333
2024-11-23,0,0,0,0.1620164298186764,0.3228169014084507,5.38,0.0,0.39,0.2064711833191867,0.185630779902832,0.1774625423335653,0.5541183930409449,1.080725022382671,8.47391714847768,2.5,5.500000000000007,7.799999999999957,0.4077916666666666
2024-11-24,0,0,0,0.0794876936289857,0.1541428571428571,4.4,0.0,0.39,0.1620164298186764,0.2064711833191867,0.185630779902832,0.4479753067670986,1.1086781552529592,7.7445985523180925,0.2,4.700000000000007,7.599999999999957,0.3876249999999999
2024-11-25,0,0,0,0.0409568849430768,0.1225714285714285,6.4,0.0,0.98,0.0794876936289857,0.1620164298186764,0.2064711833191867,0.2824610083909887,0.9778978429424072,7.66659447043006,0.2,2.900000000000007,7.799999999999957,0.3531666666666667
2024-11-26,0,0,0,0.0037883822464966,0.0114285714285714,0.6000000000000001,0.0,0.2,0.0409568849430768,0.0794876936289857,0.1620164298186764,0.1242329608188089,0.8558138961925784,7.389019933657748,0.0,0.4000000000000071,7.799999999999957,0.3150833333333333
2024-11-27,0,0,0,0.0,0.0,0.0,0.0,0.0,0.0037883822464966,0.0409568849430768,0.0794876936289857,0.0447452671898231,0.6783513538590131,2.535320830656608,0.0,0.2000000000000071,5.899999999999958,0.274125
2024-11-28,1,12,6,8.859166871303756,11.06225352112676,53.28,5.92,16.44,0.0,0.0037883822464966,0.0409568849430768,8.862955253550503,9.351887445259935,11.035226867006893,5.8,5.800000000000007,10.699999999999957,0.2592916666666666
2024-11-29,0,0,0,3.974498707470432,4.076901408450705,20.08,3.15,12.17,8.859166871303756,0.0,0.0037883822464966,12.83366557877444,13.119914969411184,14.416428308438402,4.2,10.000000000000009,12.899999999999958,0.331125
2024-11-30,0,0,0,0.0531967108203035,0.0956338028169014,2.6,0.0,0.59,3.974498707470432,8.859166871303756,0.0,12.886862289594742,13.011095250412808,14.091820272795973,1.7,11.700000000000006,12.099999999999955,0.334375
2024-12-01,0,0,0,0.046299037479806,0.0791549295774648,1.02,0.0,0.42,0.0531967108203035,3.974498707470432,8.859166871303756,4.0739944557707926,12.97790659426363,14.08658474951708,0.2,6.100000000000008,12.09999999999996,0.3167916666666666
2024-12-02,0,0,0,3.5379617033371344,3.572535211267606,31.2,1.5799999999999998,9.19,0.046299037479806,0.0531967108203035,3.974498707470432,3.6374574516374953,16.474911412657686,17.452809255600584,6.2,8.100000000000009,18.09999999999996,0.2938333333333333
2024-12-03,1,6,1,21.234463429532227,19.93777777777778,49.22,19.43,18.67,3.5379617033371344,0.046299037479806,0.0531967108203035,24.818724170349416,37.70558645994342,38.56140035613649,20.3,26.70000000000001,38.39999999999996,0.4317083333333333
2024-12-04,0,0,0,1.0326046145385628,1.248450704225352,14.99,0.2,0.59,21.234463429532227,3.5379617033371344,0.046299037479806,25.80502974740817,38.738191074481975,39.41654242834148,2.3,28.80000000000001,40.69999999999996,0.4750833333333333
2024-12-05,1,14,7,12.728826802933416,6.514647887323944,54.47,2.36,8.93,1.0326046145385628,21.234463429532227,3.5379617033371344,34.99589484700445,42.60785100611164,51.95973845137207,15.6,38.2,50.49999999999996,0.4735833333333333
2024-12-06,0,0,0,1.7987689878973274,1.5330985915492958,18.88,0.2,0.59,12.728826802933416,1.0326046145385628,21.234463429532227,15.560200405369557,40.43212128653853,53.552036255950206,2.6,20.50000000000001,48.89999999999996,0.4535833333333333
2024-12-07,0,0,0,0.2856934130286083,0.3577464788732394,8.8,0.0,0.2,1.7987689878973274,12.728826802933416,1.0326046145385628,14.8132892038596,40.66461798874684,53.67571323916014,0.2,18.40000000000001,47.39999999999996,0.4212083333333333
2024-12-08,0,0,0,0.3128309190639862,0.5852777777777778,11.4,0.0,0.59,0.2856934130286083,1.7987689878973274,12.728826802933416,2.3972933199901707,40.93114987033102,53.90905646459514,4.4,7.200000000000011,51.59999999999996,0.4257083333333333
2024-12-09,0,0,0,0.5405916356494768,0.7749999999999999,23.0,0.0,1.38,0.3128309190639862,0.2856934130286083,1.7987689878973274,1.13911596774232,37.93377980264336,54.40869121530154,3.5,8.10000000000001,48.89999999999996,0.4775
2024-12-10,1,3,0,8.827845242242716,10.614027777777778,33.49,8.61,9.95,0.5405916356494768,0.3128309190639862,0.2856934130286083,9.681267796956428,25.52716161535385,63.23274807529776,21.9,29.80000000000001,50.49999999999996,0.4901666666666666
2024-12-11,0,0,0,0.9105473713057196,1.6604166666666669,33.46,0.0,1.18,8.827845242242716,0.5405916356494768,0.3128309190639862,10.278984249198162,25.40510437212101,64.14329544660347,1.2,26.60000000000001,49.39999999999996,0.4781249999999999
2024-12-12,0,0,0,0.2180919738926964,0.2691666666666667,4.2,0.0,0.59,0.9105473713057196,8.827845242242716,0.5405916356494768,9.95648458744138,12.89436954308029,55.502220549192415,0.1,23.20000000000001,33.89999999999996,0.4541666666666666
2024-12-13,0,0,0,0.0529918183085283,0.0590140845070422,1.0,0.0,0.79,0.2180919738926964,0.9105473713057196,8.827845242242716,1.181631163507193,11.148592373491493,51.58071366003051,1.3,2.6000000000000107,32.59999999999995,0.4355833333333334
2024-12-14,0,0,0,1.71489075570681,1.474027777777778,11.86,1.0,6.92,0.0529918183085283,0.2180919738926964,0.9105473713057196,1.9859745479082835,12.577789716169692,53.24240770491702,4.0,5.400000000000011,36.39999999999996,0.4630833333333333
2024-12-15,0,0,0,1.3595933814141303,1.7672222222222222,10.05,1.2000000000000002,2.17,1.71489075570681,0.0529918183085283,0.2180919738926964,3.127475955429717,13.624552178519837,54.555702048851344,7.0,12.300000000000011,38.99999999999996,0.442625
2024-12-16,0,0,0,0.0630559466477621,0.1134722222222222,2.26,0.0,1.05,1.3595933814141303,1.71489075570681,0.0529918183085283,3.1375400837689518,13.14701648951812,51.08079629216197,0.6,11.60000000000001,36.09999999999996,0.4090416666666667
2024-12-17,0,0,0,0.0135280092700814,0.0138888888888888,0.8,0.0,0.2,0.0630559466477621,1.3595933814141303,1.71489075570681,1.4361773373322226,4.332699256545487,29.85986087189983,0.8,8.400000000000011,14.999999999999956,0.38425
2024-12-18,0,0,0,0.0135280092700814,0.0138888888888888,0.8,0.0,0.2,0.0135280092700814,0.0630559466477621,1.3595933814141303,0.0901119651881738,3.4356798945098483,28.84078426663135,0.2,1.6000000000000107,13.999999999999956,0.3680833333333333
2024-12-19,0,0,0,0.1461604003957523,0.1252112676056338,7.880000000000001,0.0,6.69,0.0135280092700814,0.0135280092700814,0.0630559466477621,0.173216418936164,3.363748321012905,16.258117864093684,0.0,1.0000000000000109,13.899999999999956,0.339875
2024-12-20,1,28,20,21.49650364977557,20.23986111111111,72.35,17.415,18.53,0.1461604003957523,0.0135280092700814,0.0135280092700814,21.65619205944165,24.807260152479945,35.95585252597193,8.1,8.30000000000001,20.69999999999996,0.3808333333333333
2024-12-21,1,23,17,39.45286193639576,24.77430555555556,100.69,15.68,24.66,21.49650364977557,0.1461604003957523,0.0135280092700814,61.09552598656733,62.5452313331689,75.12302104933909,18.0,26.10000000000001,34.69999999999996,0.4815833333333333
2024-12-22,0,0,0,2.5316904415320605,3.2152112676056337,32.480000000000004,0.2,2.95,39.45286193639576,21.49650364977557,0.1461604003957523,63.48105602770365,63.717328393286834,77.34188057180715,14.0,40.10000000000001,41.69999999999996,0.4561249999999999
2024-12-23,0,0,0,5.588939480933526,5.065352112676057,18.99,4.6000000000000005,2.56,2.5316904415320605,39.45286193639576,21.49650364977557,47.5734918588616,69.24321192757259,82.39022841709121,4.6,36.60000000000001,45.69999999999995,0.482875
2024-12-24,0,0,0,0.4107707020462567,0.5546478873239437,3.4000000000000004,0.2,0.39,5.588939480933526,2.5316904415320605,39.45286193639576,8.531400624512091,69.64045462034878,73.97315387689474,2.8,21.40000000000001,47.69999999999996,0.4756666666666667
2024-12-25,1,46,30,22.313351857484754,15.206478873239435,54.54,9.44,20.38,0.4107707020462567,5.588939480933526,2.5316904415320605,28.313062040464786,91.94027846856343,95.37595836307378,9.3,16.700000000000006,56.79999999999996,0.4614583333333333
2024-12-26,1,7,1,25.35488509830148,24.87225352112676,57.29,26.85,7.11,22.313351857484754,0.4107707020462567,5.588939480933526,48.07900765783274,117.14900316646916,120.51275148748256,37.7,49.80000000000001,94.49999999999996,0.4875833333333333
2024-12-27,1,14,9,32.270683288064355,32.56371428571428,85.94,34.275000000000006,9.75,25.35488509830148,22.313351857484754,0.4107707020462567,79.93892024385084,127.92318280475796,152.73044295723838,30.1,77.10000000000002,116.49999999999996,0.4880833333333333
2024-12-28,0,0,0,3.5039618851453955,3.949264705882353,23.59,1.0,8.33,32.270683288064355,25.35488509830148,22.313351857484754,61.12953027151148,91.9742827535076,154.51951408667696,3.6,71.4,102.09999999999997,0.4745
2024-12-29,0,0,0,1.334828675526333,1.8581159420289857,22.45,0.2,10.78,3.5039618851453955,32.270683288064355,25.35488509830148,37.10947384873633,90.77742098750186,154.49474938078916,4.8,38.50000000000001,92.89999999999996,0.4876666666666667
2024-12-30,0,0,0,2.2204723063249365,2.601594202898551,17.8,1.2000000000000002,6.78,1.334828675526333,3.5039618851453955,32.270683288064355,7.059262866996914,87.40895381289327,156.65216574046636,5.9,14.300000000000008,94.19999999999996,0.4825
2024-12-31,1,2,2,5.299214533637942,6.574366197183099,47.03,2.76,32.1,2.2204723063249365,1.334828675526333,3.5039618851453955,8.85451551548946,92.29739764448496,161.9378522648342,4.2,14.90000000000001,95.59999999999997,0.4744166666666666
2025-01-01,0,0,0,1.1851735795673828,2.029166666666667,52.21,0.6000000000000001,16.41,5.299214533637942,2.2204723063249365,1.334828675526333,8.70486041953051,71.16921936656759,163.10949783513152,5.1,15.200000000000006,91.39999999999996,0.4736666666666667
2025-01-02,1,14,8,8.845859994019392,7.047777777777778,81.75999999999999,2.3600000000000003,27.0,1.1851735795673828,5.299214533637942,2.2204723063249365,15.330248107224966,54.6601942622855,171.80919742875517,1.4,10.700000000000006,55.09999999999996,0.4609166666666666
2025-01-03,1,11,5,8.044067794693543,5.513333333333334,31.41,2.08,8.33,8.845859994019392,1.1851735795673828,5.299214533637942,18.075101368280567,30.433578768914685,158.3567615736731,4.3,10.800000000000008,29.29999999999996,0.4663333333333333
2025-01-04,1,1,1,0.5003878325283893,0.6905797101449276,14.78,0.0,4.33,8.044067794693543,8.845859994019392,1.1851735795673828,17.390315621241573,27.43000471629768,119.40428746980577,14.4,20.10000000000001,40.09999999999996,0.4786666666666666
2025-01-05,1,5,1,1.6302726971046655,3.354714285714286,33.71,0.1,13.85,0.5003878325283893,8.044067794693543,8.845859994019392,10.174728324326846,27.72544873787601,118.50286972537836,3.6,22.300000000000008,38.89999999999996,0.4636666666666666
2025-01-06,0,0,0,0.0563091309316795,0.1128985507246377,4.2,0.0,0.39,1.6302726971046655,0.5003878325283893,8.044067794693543,2.186969660564983,25.56128556248275,112.97023937537652,1.7,19.700000000000006,34.69999999999995,0.463875
2025-01-07,1,6,6,5.602205273709158,6.475,32.31,4.245,12.45,0.0563091309316795,1.6302726971046655,0.5003878325283893,7.288787101745752,25.864276302553968,118.1616739470394,9.7,15.000000000000009,40.19999999999996,0.477
2025-01-08,1,4,2,5.7457124437118186,3.717571428571429,27.28,1.58,9.56,5.602205273709158,0.0563091309316795,1.6302726971046655,11.404226848352906,30.424815166698405,101.59403453326648,9.1,20.500000000000007,44.19999999999996,0.4703333333333333
2025-01-09,0,0,0,0.2467930251532537,0.4522857142857143,4.5600000000000005,0.0,2.16,5.7457124437118186,5.602205273709158,0.0563091309316795,11.59471074257448,21.825748197832265,76.48594246011825,1.6,20.40000000000001,44.39999999999996,0.4683333333333333
2025-01-10,0,0,0,0.202437531016642,0.2962857142857143,2.35,0.0,0.98,0.2467930251532537,5.7457124437118186,5.602205273709158,6.194942999881964,13.984117934155364,44.41769670307053,0.0,10.700000000000006,40.09999999999995,0.453625
2025-01-11,0,0,0,0.018497069879556,0.0323529411764705,0.8,0.0,0.2,0.202437531016642,0.2467930251532537,5.7457124437118186,0.4677276260497014,13.502227171506531,40.9322318878047,0.7,2.300000000000007,26.39999999999996,0.4388749999999999
2025-01-12,0,0,0,0.0369214504682562,0.0869565217391304,1.0,0.0,0.2,0.018497069879556,0.202437531016642,0.2467930251532537,0.2578560513647039,11.908875924870122,39.63432466274662,1.4,2.1000000000000068,24.19999999999996,0.4915416666666667
2025-01-13,0,0,0,0.0219381573264352,0.0507042253521126,0.8,0.0,0.2,0.0369214504682562,0.018497069879556,0.202437531016642,0.0773566776744971,11.874504951264878,37.43579051374812,0.0,2.1000000000000068,22.49999999999996,0.463625
2025-01-14,0,0,0,0.0125734934558833,0.0208955223880597,0.4,0.0,0.2,0.0219381573264352,0.0369214504682562,0.018497069879556,0.0714331012508244,6.284873171011603,32.149149473566055,1.1,2.500000000000007,13.899999999999958,0.4335416666666666
2025-01-15,0,0,0,0.0901976624124468,0.1075,4.72,0.0,4.33,0.0125734934558833,0.0219381573264352,0.0369214504682562,0.1247093131950149,0.6293583897122319,31.05417355641112,1.8,2.9000000000000075,6.599999999999957,0.4180416666666666
2025-01-16,1,31,25,15.28085582052796,13.848082191780822,75.91,7.29,18.31,0.0901976624124468,0.0125734934558833,0.0219381573264352,15.38362697639654,15.66342118508694,37.48916938291969,11.1,14.000000000000009,16.09999999999996,0.440125
2025-01-17,1,4,0,21.436357024961488,19.085479452054795,55.56,19.06,16.02,15.28085582052796,0.0901976624124468,0.0125734934558833,36.80741050790215,36.897340679031785,50.88145861318763,4.6,17.500000000000007,20.69999999999996,0.4761666666666666
2025-01-18,1,1,0,1.1440306434764769,1.637945205479452,33.06,0.4,3.55,21.436357024961488,15.28085582052796,0.0901976624124468,37.86124348896618,38.022874252628704,51.52510142413572,2.7,18.40000000000001,22.69999999999996,0.458625
2025-01-19,1,1,1,1.21262209134053,1.2257142857142858,18.0,0.0,7.38,1.1440306434764769,21.436357024961488,15.28085582052796,23.793009759778744,39.198574893500975,51.10745081837158,3.0,10.300000000000008,24.299999999999955,0.4281666666666666
2025-01-20,0,0,0,0.1188730258164152,0.1892857142857143,4.65,0.0,1.26,1.21262209134053,1.1440306434764769,21.436357024961488,2.475525760633671,39.29550976199096,51.17001471325632,0.0,5.700000000000007,24.299999999999955,0.3999999999999999
2025-01-21,0,0,0,0.1235767756938875,0.1865714285714285,9.66,0.0,1.98,0.1188730258164152,1.21262209134053,1.1440306434764769,1.4550718928510815,39.406513044228966,45.69138621524105,0.2,3.2000000000000077,23.39999999999996,0.3661666666666667
2025-01-22,1,2,1,3.437057531835923,4.750694444444445,31.69,1.865,11.9,0.1235767756938875,0.1188730258164152,1.21262209134053,3.679507333346475,42.75337291365244,43.38273130336516,8.8,9.000000000000007,30.39999999999996,0.3514166666666666
2025-01-23,1,1,0,2.1112066054684058,3.225,58.61,0.2,24.67,3.437057531835923,0.1235767756938875,0.1188730258164152,5.671840912998466,29.583723698592884,45.24714488368031,10.4,19.40000000000001,29.69999999999996,0.400625
2025-01-24,1,39,33,25.194571655891792,17.592916666666667,100.44,6.115,28.46,2.1112066054684058,3.437057531835923,0.1235767756938875,30.74283579319637,33.34193832952319,70.23927900855546,22.5,41.7,47.59999999999996,0.455625
2025-01-25,1,3,0,4.861073636507201,5.808571428571428,67.46,0.2,10.25,25.194571655891792,2.1112066054684058,3.437057531835923,32.16685189786765,37.05898132255391,75.0818555751831,13.7,46.60000000000001,58.59999999999995,0.4428749999999999
2025-01-26,1,16,11,21.83068018087982,19.19676056338028,57.09,18.34,17.27,4.861073636507201,25.194571655891792,2.1112066054684058,51.88632547327906,57.67703941209321,96.87561430559468,23.2,59.400000000000006,78.79999999999995,0.4524583333333333
2025-01-27,1,1,0,8.306887971751964,7.856760563380282,55.79,4.78,12.69,21.83068018087982,4.861073636507201,25.194571655891792,34.998641789139235,65.86505435802874,105.1605641200202,14.5,51.400000000000006,93.29999999999995,0.4822916666666666
2025-01-28,1,4,3,5.512023269641213,6.761857142857143,29.83,1.89,15.55,8.306887971751964,21.83068018087982,4.861073636507201,35.64959142227325,71.25350085197607,110.66001389620553,13.7,51.4,106.79999999999995,0.4821666666666666
2025-01-29,1,16,9,19.24378340441511,13.692112676056338,50.54,11.65,13.42,5.512023269641213,8.306887971751964,21.83068018087982,33.062694645808534,87.06022672455526,129.8135996382082,51.8,80.0,149.79999999999995,0.4804583333333334
2025-01-30,1,4,2,17.142388374245858,15.720704225352112,65.05,12.24,11.6,19.24378340441511,5.512023269641213,8.306887971751964,41.89819504830243,102.09140849333272,131.67513219192608,47.5,113.0,186.89999999999995,0.4916666666666667
2025-01-31,1,30,22,11.733555690724636,10.720563380281687,84.82,6.909999999999999,9.34,17.142388374245858,19.24378340441511,5.512023269641213,48.11972746938586,88.63039252816557,121.97233085768924,24.3,123.6,188.7,0.504375
2025-02-01,1,44,35,46.40102022506225,41.78739726027397,107.52,35.4,13.01,11.733555690724636,17.142388374245858,19.24378340441511,75.27696429003299,130.17033911672058,167.229320439275,19.6,91.4,194.6,0.48075
2025-02-02,1,29,21,19.902743678075986,21.210972222222225,103.46,13.17,18.31,46.40102022506225,11.733555690724636,17.142388374245858,78.03731959386312,128.24240261391677,185.91944202601044,18.8,62.7,190.2,0.4773333333333333
2025-02-03,1,26,15,24.143738132188844,23.219583333333333,78.15,20.53,14.48,19.902743678075986,46.40102022506225,11.733555690724636,90.44750203532732,144.07925277435365,209.94430713238287,6.5,44.900000000000006,182.2,0.49275
2025-02-04,1,16,12,9.527956970292603,7.66888888888889,40.87,4.4350000000000005,7.71,24.143738132188844,19.902743678075986,46.40102022506225,53.574438780557685,148.09518647500505,219.3486873269816,5.4,30.700000000000003,173.89999999999995,0.480625
2025-02-05,0,0,0,4.9084539726325485,3.0383333333333336,17.400000000000002,0.5900000000000001,3.74,9.527956970292603,24.143738132188844,19.902743678075986,38.58014907511424,133.75985704322247,220.82008376777824,1.4,13.3,123.49999999999996,0.4704583333333333
2025-02-06,1,21,18,13.309285624602529,8.86013888888889,66.32000000000001,3.47,22.08,4.9084539726325485,9.527956970292603,24.143738132188844,27.74569656752793,129.92675429357914,232.01816278691237,1.0,7.800000000000001,76.99999999999996,0.4568333333333333
2025-02-07,0,0,0,3.899800119205895,2.8158333333333334,26.47,0.2,3.35,13.309285624602529,4.9084539726325485,9.527956970292603,22.117539716441215,122.0929987220604,210.72339125022648,1.7,4.1,54.39999999999996,0.4428333333333333
2025-02-08,0,0,0,1.5592551785403,0.7929166666666667,16.5,0.0,0.79,3.899800119205895,13.309285624602529,4.9084539726325485,18.768340922348973,77.25123367553846,207.42157279225955,3.9,6.6,38.69999999999995,0.467875
2025-02-09,0,0,0,0.1559792938457057,0.2109722222222222,2.8000000000000003,0.0,0.39,1.5592551785403,3.899800119205895,13.309285624602529,5.615034591592149,57.50446929130818,185.74687190522545,1.9,7.5,21.79999999999996,0.4457083333333333
2025-02-10,1,8,6,10.819940312158376,7.32125,53.43,1.795,16.86,0.1559792938457057,1.5592551785403,3.899800119205895,12.53517478454463,44.18067147127771,188.25992424563185,2.2,8.0,17.499999999999957,0.4135833333333333
2025-02-11,0,0,0,2.0649961677628146,1.232222222222222,23.03,0.0,3.57,10.819940312158376,0.1559792938457057,1.5592551785403,13.040915773767145,36.71771066874793,184.81289714375347,0.0,4.1000000000000005,12.099999999999955,0.3892916666666666
2025-02-12,0,0,0,0.740853806161466,0.9044444444444444,19.07,0.0,11.19,2.0649961677628146,10.819940312158376,0.1559792938457057,13.625790286082902,32.550110502276844,166.3099675454998,0.8,3.000000000000001,11.499999999999956,0.3460416666666666
2025-02-13,1,5,4,7.056796462995569,6.569577464788733,45.98,3.3600000000000003,10.57,0.740853806161466,2.0649961677628146,10.819940312158376,9.862646436920096,26.29762134066988,156.22437563424953,14.2,15.0,24.69999999999996,0.3208333333333333
2025-02-14,1,15,13,16.525937832904546,9.8325,51.92,6.59,19.97,7.056796462995569,0.740853806161466,2.0649961677628146,24.323588102061827,38.92375905436853,161.01675777642942,2.9,17.9,25.89999999999996,0.4180833333333333
2025-02-15,0,0,0,3.727648900154562,2.893521126760563,32.46,0.4,5.51,16.525937832904546,7.056796462995569,0.740853806161466,27.31038319605492,41.0921527759828,118.34338645152174,1.0,18.1,22.99999999999996,0.454625
2025-02-16,0,0,0,0.5219754536184753,0.675774647887324,12.39,0.0,1.18,3.727648900154562,16.525937832904546,7.056796462995569,20.775562186677828,41.45814893575557,98.96261822706424,0.1,4.0,21.19999999999996,0.423875
2025-02-17,0,0,0,0.1699845865304127,0.22,4.2,0.0,0.42,0.5219754536184753,3.727648900154562,16.525937832904546,4.419608940303695,30.808193210127605,74.9888646814058,0.0,1.1,18.99999999999996,0.377
2025-02-18,1,21,17,17.248768063491003,9.08056338028169,53.870000000000005,2.95,19.21,0.1699845865304127,0.5219754536184753,3.727648900154562,17.940728103640136,45.9919651058558,82.70967577460421,10.2,10.3,29.19999999999996,0.35725
2025-02-19,0,0,0,11.265483965771333,8.448028169014085,58.71,3.97,13.43,17.248768063491003,0.1699845865304127,0.5219754536184753,28.684236615793,56.51659526546566,89.06670576774297,9.3,19.5,37.69999999999996,0.3985416666666666
2025-02-20,0,0,0,1.032183498490648,1.6542253521126762,14.8,0.0,3.16,11.265483965771333,17.248768063491003,0.1699845865304127,29.54643552775323,50.491982300960736,76.7896036416311,9.9,29.4,33.39999999999996,0.4493333333333333
2025-02-21,0,0,0,0.3703724309786536,0.8840845070422536,22.39,0.0,1.18,1.032183498490648,11.265483965771333,17.248768063491003,12.66803989524088,34.33641689903485,73.26017595340386,2.4,21.6,32.89999999999996,0.459
2025-02-22,0,0,0,0.1621807088890737,0.3407042253521127,8.4,0.0,0.39,0.3703724309786536,1.032183498490648,11.265483965771333,1.5647366383586203,30.77094870776936,71.86310148375264,2.8,15.1,34.69999999999996,0.4315833333333334
2025-02-23,0,0,0,0.4300666973811457,0.8308450704225352,16.37,0.0,4.92,0.1621807088890737,0.3703724309786536,1.032183498490648,0.962619837249118,30.67903995153203,72.13718888728809,3.9,9.1,38.49999999999996,0.4517916666666666
2025-02-24,0,0,0,0.1294165279079641,0.1938028169014084,4.72,0.0,1.57,0.4300666973811457,0.1621807088890737,0.3703724309786536,0.7216639341784288,30.63847189290958,61.44666510303767,2.2,8.899999999999999,40.69999999999996,0.4704583333333333
2025-02-25,0,0,0,0.6295579467598676,0.852638888888889,34.92,0.0,10.37,0.1294165279079641,0.4300666973811457,0.1621807088890737,1.1890411720492224,14.019261776178444,60.01122688203472,0.3,6.4,30.79999999999996,0.449
2025-02-26,1,2,2,2.137317603511197,1.8785915492957743,40.47,0.0,16.64,0.6295579467598676,0.1294165279079641,0.4300666973811457,2.8962920781792736,4.891095413918308,61.40769067938445,0.1,2.6,21.59999999999996,0.4159583333333334
2025-02-27,1,1,1,4.1684935476168885,2.21943661971831,18.91,0.0,6.7,2.137317603511197,0.6295579467598676,0.1294165279079641,6.935369097888199,8.027405463044548,58.51938776400577,0.3,0.7,11.999999999999956,0.3914166666666667
2025-02-28,0,0,0,0.5436501873438108,0.4315492957746479,13.19,0.0,2.95,4.1684935476168885,2.137317603511197,0.6295579467598676,6.849461338472142,8.200683219409706,42.53710011844503,1.1,1.5,10.699999999999957,0.3924166666666667
2025-03-01,0,0,0,0.0140411355654725,0.0112676056338028,0.8,0.0,0.2,0.5436501873438108,4.1684935476168885,2.137317603511197,4.726184870526417,8.052543646086104,38.82349235385595,0.0,1.4,7.899999999999958,0.3872083333333334
2025-03-02,0,0,0,0.0071414583949127,0.0057142857142857,0.4,0.0,0.2,0.0140411355654725,0.5436501873438108,4.1684935476168885,0.5648327813044411,7.629618407099872,38.30865835863238,0.0,1.1,3.999999999999957,0.3555833333333333
2025-03-03,0,0,0,0.0,0.0,0.0,0.0,0.0,0.0071414583949127,0.0140411355654725,0.5436501873438108,0.0211825939606304,7.500201879191907,38.13867377210197,0.0,0.0,1.7999999999999574,0.330125
2025-03-04,0,0,0,0.0,0.0,0.0,0.0,0.0,0.0,0.0071414583949127,0.0140411355654725,0.0071414583951578,6.87064393243204,20.889905708610968,0.0,0.0,1.4999999999999574,0.3085416666666666
2025-03-05,0,0,0,0.0019730097923258,0.0028571428571428,0.2,0.0,0.2,0.0,0.0,0.0071414583949127,0.001973009792571,4.735299338713168,9.62639475263196,0.7,0.7,2.099999999999957,0.2930833333333333
2025-03-06,0,0,0,0.0,0.0,0.0,0.0,0.0,0.0019730097923258,0.0,0.0,0.001973009792571,0.5668057910962795,8.594211254141312,0.8,1.5,2.599999999999957,0.275875
2025-03-07,0,0,0,0.0,0.0,0.0,0.0,0.0,0.0,0.0019730097923258,0.0,0.001973009792571,0.0231556037524686,8.223838823162659,0.0,1.5,1.4999999999999574,0.2486666666666666
2025-03-08,0,0,0,0.0,0.0,0.0,0.0,0.0,0.0,0.0,0.0019730097923258,0.0,0.0091144681869961,8.061658114273584,0.8,1.6,2.299999999999957,0.2289999999999999
2025-03-09,0,0,0,0.0021858711664138,0.006,0.42,0.0,0.42,0.0,0.0,0.0,0.0021858711666589,0.0041588809584972,7.633777288058853,0.0,0.8,2.299999999999957,0.212375
2025-03-10,0,0,0,0.2484678816704854,0.2801428571428571,3.36,0.0,0.98,0.0021858711664138,0.0,0.0,0.2506537528371444,0.2526267626289827,7.752828641821374,14.1,14.9,16.399999999999956,0.2088333333333333
2025-03-11,1,6,3,11.074037660644631,8.641714285714285,40.96,5.83,14.66,0.2484678816704854,0.0021858711664138,0.0,11.324691413481776,11.326664423273616,18.19730835570614,14.0,28.1,30.39999999999996,0.2519166666666667
2025-03-12,1,4,2,14.405204244948544,9.839714285714283,40.77,7.68,21.46,11.074037660644631,0.2484678816704854,0.0021858711664138,25.72770978726391,25.729895658429832,30.465194997143488,2.6,30.7,32.29999999999996,0.34975
2025-03-13,0,0,0,9.223098837350518,6.161428571428572,20.78,6.0,13.01,14.405204244948544,11.074037660644631,0.2484678816704854,34.70234074294394,34.95299449578035,35.519800286877114,4.7,21.300000000000004,36.19999999999996,0.4477916666666666
2025-03-14,0,0,0,1.197171931444842,0.6553521126760563,11.2,0.0,1.97,9.223098837350518,14.405204244948544,11.074037660644631,24.825475013744157,36.1501664272252,36.17332203097815,6.0,13.3,42.19999999999996,0.4796249999999999
2025-03-15,0,0,0,0.1965601691257547,0.3454285714285714,7.6,0.0,0.59,1.197171931444842,9.223098837350518,14.405204244948544,10.616830937921362,36.34672659635095,36.35584106453842,6.1,16.8,47.49999999999996,0.4714583333333333
2025-03-16,0,0,0,0.1476402025064875,0.2984285714285714,9.71,0.0,0.79,0.1965601691257547,1.197171931444842,9.223098837350518,1.5413723030773312,36.492180927691024,36.496339808650006,14.7,26.8,62.19999999999996,0.4786666666666666
2025-03-17,0,0,0,0.0398150024018641,0.0612676056338028,2.75,0.0,0.59,0.1476402025064875,0.1965601691257547,1.197171931444842,0.3840153740343533,36.2835280484224,36.536154811051865,1.9,22.7,49.99999999999996,0.46675
2025-03-18,1,41,20,16.3974006007801,13.033661971830986,50.120000000000005,10.07,17.28,0.0398150024018641,0.1476402025064875,0.1965601691257547,16.584855805688697,41.606890988557865,52.93355541183196,9.1,25.700000000000003,45.09999999999996,0.473875
2025-03-19,0,0,0,11.379322556524055,11.348,70.47,3.375,15.61,16.3974006007801,0.0398150024018641,0.1476402025064875,27.81653815970627,38.58100930013338,64.3109049585637,2.3,13.3,44.79999999999996,0.4902916666666666
2025-03-20,0,0,0,3.496307181483747,2.845,87.59,0.5,85.39,11.379322556524055,16.3974006007801,0.0398150024018641,31.273030338788143,32.85421764426661,67.80721214004744,0.1,11.5,40.19999999999995,0.4817083333333333
2025-03-21,0,0,0,0.1839314804329664,0.3942857142857143,7.800000000000001,0.0,0.2,3.496307181483747,11.379322556524055,16.3974006007801,15.059561218441017,31.840977193254734,67.99114362048041,0.1,2.5,34.299999999999955,0.454875
2025-03-22,0,0,0,0.1959280455792261,0.2892957746478873,4.800000000000001,0.0,2.16,0.1839314804329664,3.496307181483747,11.379322556524055,3.8761667074961847,31.840345069708206,68.18707166605964,0.0,0.2,28.19999999999996,0.4294583333333333
2025-03-23,1,9,8,14.29902240391396,13.955833333333334,52.18,9.84,14.05,0.1959280455792261,0.1839314804329664,3.496307181483747,14.678881929926398,45.99172727111568,82.48390819880717,8.2,8.299999999999999,21.69999999999996,0.4336666666666666
2025-03-24,0,0,0,3.798367044913038,2.594225352112676,33.05,0.2,0.79,14.29902240391396,0.1959280455792261,0.1839314804329664,18.29331749440647,49.750279313626855,86.03380736204974,2.8,11.0,22.59999999999996,0.4719166666666667
2025-03-25,0,0,0,0.1599659386155021,0.2197183098591549,8.8,0.0,0.2,3.798367044913038,14.29902240391396,0.1959280455792261,18.257355387442747,33.51284465146225,75.11973564002061,0.7,11.7,14.199999999999957,0.4644583333333333
2025-03-26,0,0,0,0.0919544484169403,0.0815492957746478,3.0,0.0,1.57,0.1599659386155021,3.798367044913038,14.29902240391396,4.050287431945727,22.225476543355136,60.80648584348899,10.0,13.5,21.89999999999996,0.4624583333333333
2025-03-27,0,0,0,0.0625645714504687,0.0605714285714285,2.24,0.0,0.63,0.0919544484169403,0.1599659386155021,3.798367044913038,0.3144849584831581,18.79173393332186,51.64595157758895,0.4,11.1,22.19999999999996,0.4417083333333333
2025-03-28,1,4,0,6.324408452957436,7.747323943661971,44.63,4.58,14.27,0.0625645714504687,0.0919544484169403,0.1599659386155021,6.4789274728250925,24.93221090584633,56.773188099101546,2.4,12.8,24.49999999999996,0.441125
2025-03-29,0,0,0,0.3656946930302108,0.6580281690140845,11.58,0.0,8.39,6.324408452957436,0.0625645714504687,0.0919544484169403,6.752667717438363,25.101977553297317,56.94232262300601,1.6,4.4,26.099999999999955,0.449
2025-03-30,0,0,0,0.1101503701354342,0.0732394366197183,5.0,0.0,0.2,0.3656946930302108,6.324408452957436,0.0625645714504687,6.800253516123329,10.913105519518789,56.90483279063494,0.4,4.4,18.29999999999996,0.425875
2025-03-31,1,9,6,14.864300921153822,14.58830985915493,47.75,12.99,16.64,0.1101503701354342,0.3656946930302108,6.324408452957436,15.340145984319712,21.97903939575957,71.7293187093869,11.0,13.0,26.49999999999996,0.437125
2025-04-01,1,1,0,3.564172456713139,3.0259154929577465,17.400000000000002,0.2,4.13,14.864300921153822,0.1101503701354342,0.3656946930302108,18.53862374800264,25.38324591385721,58.896090565319945,2.0,13.4,27.79999999999996,0.4730416666666666
2025-04-02,0,0,0,0.374271592756623,0.5952112676056338,11.23,0.0,2.36,3.564172456713139,14.864300921153822,0.1101503701354342,18.802744970623827,25.66556305819689,47.891039601552514,7.7,20.7,25.49999999999996,0.4644166666666667
2025-04-03,1,1,0,9.657418342722332,8.285068493150685,29.73,7.32,9.35,0.374271592756623,3.564172456713139,14.864300921153822,13.59586239219234,35.26041682946875,54.05215076279109,9.0,18.7,34.09999999999996,0.4700833333333333
2025-04-04,1,7,1,9.23608344044374,10.389041095890413,28.32,8.69,18.8,9.657418342722332,0.374271592756623,3.564172456713139,19.267773375922943,38.17209181695506,63.10430272280187,6.5,23.2,38.19999999999996,0.4892916666666667
2025-04-05,0,0,0,3.4299666442693897,3.9145833333333337,13.32,2.585,2.56,9.23608344044374,9.657418342722332,0.374271592756623,22.32346842743571,41.23636376819424,66.33834132149204,4.0,19.5,40.59999999999995,0.4880833333333333
2025-04-06,0,0,0,0.7905341168637625,0.8375342465753425,7.2,0.2,1.77,3.4299666442693897,9.23608344044374,9.657418342722332,13.456584201577138,41.91674751492256,52.82985303444184,1.0,11.5,41.19999999999996,0.4917916666666666
2025-04-07,0,0,0,0.4458350791244747,0.5497260273972603,5.0,0.2,0.98,0.7905341168637625,3.4299666442693897,9.23608344044374,4.666335840257874,27.498281672893217,49.47732106865328,0.1,5.1,30.29999999999996,0.4785
2025-04-08,0,0,0,0.0803743826280947,0.0630136986301369,1.4,0.0,0.2,0.4458350791244747,0.7905341168637625,3.4299666442693897,1.3167435786165789,24.014483598808173,49.39772951266586,0.3,1.4,28.599999999999955,0.45225
2025-04-09,0,0,0,2.870001804784794,1.8929166666666664,20.89,0.6000000000000001,7.1,0.0803743826280947,0.4458350791244747,0.7905341168637625,3.3962112665376107,26.510213810836348,52.175776869033726,11.7,12.1,32.59999999999996,0.4355416666666666
2025-04-10,1,6,5,11.879275869018066,12.027534246575344,38.9,11.06,19.13,2.870001804784794,0.0803743826280947,0.4458350791244747,14.829652056431202,28.73207133713208,63.99248816660132,6.1,18.1,29.69999999999996,0.480625
2025-04-11,0,0,0,1.0417255812733817,1.1668055555555557,15.08,0.0,2.76,11.879275869018066,2.870001804784794,0.0803743826280947,15.791003255076488,20.537713477961724,58.70980529491727,0.6,18.4,23.79999999999996,0.467
2025-04-12,0,0,0,0.3492098732336749,0.2444444444444444,10.2,0.0,0.2,1.0417255812733817,11.879275869018066,2.870001804784794,13.27021132352537,17.456956706926007,58.69332047512072,0.4,7.1,20.19999999999996,0.4535833333333334
2025-04-13,1,1,0,1.2485804602354282,1.0929166666666663,64.83,0.0,11.16,0.3492098732336749,1.0417255812733817,11.879275869018066,2.639515914742732,17.915003050297674,59.83175056522072,3.2,4.2,22.39999999999996,0.4409166666666667
2025-04-14,1,10,4,32.080192282850994,24.504583333333333,64.12,28.175,12.4,1.2485804602354282,0.3492098732336749,1.0417255812733817,33.67798261632034,49.549360254024194,77.04764192691789,2.5,6.1,24.799999999999955,0.4855416666666667
2025-04-15,0,0,0,2.17811551778998,1.5537681159420291,19.37,0.0,4.2,32.080192282850994,1.2485804602354282,0.3492098732336749,35.50688826087664,51.64710138918608,75.66158498799474,0.0,5.699999999999999,24.49999999999996,0.4625833333333333
2025-04-16,0,0,0,1.1463049072725169,1.077123287671233,7.2,0.8,1.37,2.17811551778998,32.080192282850994,1.2485804602354282,35.404612707913735,49.92340449167381,76.43361830251062,2.6,5.1,15.399999999999958,0.4505416666666667
2025-04-17,0,0,0,0.2278457364287663,0.3176712328767123,5.4,0.0,0.39,1.1463049072725169,2.17811551778998,32.080192282850994,3.552266161491504,38.271974359084496,67.00404569621706,0.5,3.1,9.799999999999958,0.486125
2025-04-18,1,1,0,17.92657771570135,17.551369863013697,57.45,13.58,20.4,0.2278457364287663,1.1463049072725169,2.17811551778998,19.300728359402875,55.15682649351247,75.69453997147467,16.8,19.9,25.99999999999996,0.4785416666666666
2025-04-19,1,2,0,8.263682574123491,10.855479452054794,76.53,5.58,15.43,17.92657771570135,0.2278457364287663,1.1463049072725169,26.41810602625385,63.071299194402286,80.52825590132878,5.7,23.0,31.29999999999996,0.4832083333333333
2025-04-20,1,2,0,7.113565094407298,8.11111111111111,59.68,4.720000000000001,11.0,8.263682574123491,17.92657771570135,0.2278457364287663,33.30382538423238,68.93628382857416,86.85128687887232,2.2,24.700000000000003,30.29999999999996,0.4477083333333334
2025-04-21,1,1,0,0.6821793551123615,1.0047222222222223,19.65,0.0,6.1,7.113565094407298,8.263682574123491,17.92657771570135,16.059427023643394,37.53827090083552,87.08763115486019,1.1,9.0,28.89999999999996,0.4707083333333333
2025-04-22,0,0,0,0.5694867044604291,1.0036111111111112,47.06,0.0,4.98,0.6821793551123615,7.113565094407298,8.263682574123491,8.36523115398033,35.929642087505975,87.57674347669253,0.1,3.4000000000000004,28.99999999999996,0.454625
2025-04-23,0,0,0,0.2811413778159211,0.5631944444444444,29.95,0.0,7.17,0.5694867044604291,0.6821793551123615,7.113565094407298,1.5328074373889533,35.06447855804937,84.98788304972366,0.0,1.2000000000000002,26.399999999999963,0.4355416666666666
2025-04-24,0,0,0,4.256894500447991,4.732777777777778,57.43,3.555,8.81,0.2811413778159211,0.5694867044604291,0.6821793551123615,5.107522582724583,39.0935273220686,77.36550168115359,25.8,25.9,51.69999999999996,0.4389166666666666
2025-04-25,1,1,0,9.528118465259556,10.09138888888889,39.34,9.665,5.71,4.256894500447991,0.2811413778159211,0.5694867044604291,14.06615434352371,30.695068071626807,85.85189456513976,20.3,46.1,55.19999999999997,0.4715833333333333
2025-04-26,0,0,0,1.2469743014840875,1.6250704225352115,26.59,0.2,8.18,9.528118465259556,4.256894500447991,0.2811413778159211,15.031987267191877,23.6783597989874,86.74965899339017,2.0,48.1,51.499999999999964,0.441
2025-04-27,0,0,0,0.4608993714793949,0.8314084507042254,20.03,0.0,3.94,1.2469743014840875,9.528118465259556,4.256894500447991,11.23599213822328,17.0256940760595,85.96197790463414,0.2,22.5,49.499999999999964,0.4408333333333333
2025-04-28,0,0,0,0.5209908891144258,0.8691666666666666,28.09,0.0,6.79,0.4608993714793949,1.2469743014840875,9.528118465259556,2.22886456207815,16.864505610061563,54.40277651089757,6.5,8.7,54.89999999999996,0.4586666666666667
2025-04-29,0,0,0,0.6416383790511261,1.4048611111111111,85.75,0.0,9.56,0.5209908891144258,0.4608993714793949,1.2469743014840875,1.6235286396451885,16.936657284652263,52.86629937215872,0.3,7.0,55.099999999999966,0.4706666666666666
2025-04-30,0,0,0,0.4018888682189878,0.8688732394366198,53.09,0.0,13.12,0.6416383790511261,0.5209908891144258,0.4608993714793949,1.564518136384781,17.05740477505533,52.12188333310518,0.0,6.8,55.099999999999966,0.45475
2025-05-01,0,0,0,0.3224273887026606,0.7126760563380282,44.6,0.0,7.5,0.4018888682189878,0.6416383790511261,0.5209908891144258,1.365954635973016,13.122937663309996,52.21646498537908,0.0,0.3,29.29999999999996,0.4385416666666666
2025-05-02,0,0,0,0.4330350474918067,1.021830985915493,68.95,0.0,14.25,0.3224273887026606,0.4018888682189878,0.6416383790511261,1.1573513044136967,4.027854245542248,34.72292231716954,0.0,0.0,8.999999999999961,0.423
2025-05-03,0,0,0,0.0339344560833337,0.0467142857142857,1.87,0.0,1.04,0.4330350474918067,0.3224273887026606,0.4018888682189878,0.7893968922780427,2.8148144001414943,26.49317419912938,0.0,0.0,6.999999999999961,0.407375
2025-05-04,0,0,0,0.0138512478342636,0.0114285714285714,0.6000000000000001,0.0,0.2,0.0339344560833337,0.4330350474918067,0.3224273887026606,0.4808207514096457,2.3677662764963627,19.393460352556342,0.0,0.0,6.799999999999961,0.3939999999999999
2025-05-05,0,0,0,0.0053332002233069,0.0057971014492753,0.2,0.0,0.2,0.0138512478342636,0.0339344560833337,0.4330350474918067,0.0531189041411459,1.852108587605244,18.71661419766729,0.0,0.0,0.2999999999999609,0.3805416666666667
2025-05-06,0,0,0,0.014039545514995,0.0227142857142857,0.4,0.0,0.39,0.0053332002233069,0.0138512478342636,0.0339344560833337,0.0332239935728072,1.224509754069113,18.161167038721857,0.0,0.0,0.0,0.3675416666666666
2025-05-07,0,0,0,0.0116646259880393,0.0120289855072463,0.63,0.0,0.63,0.014039545514995,0.0053332002233069,0.0138512478342636,0.031037371726583,0.8342855118381646,17.891690286893976,0.0,0.0,0.0,0.3541666666666667
2025-05-08,0,0,0,0.0021909630118914,0.0056338028169014,0.2,0.0,0.2,0.0116646259880393,0.014039545514995,0.0053332002233069,0.0278951345151674,0.5140490861473953,13.636986749457876,0.0,0.0,0.0,0.3379583333333333
2025-05-09,0,0,0,0.0046700834043047,0.0057142857142857,0.2,0.0,0.2,0.0021909630118914,0.0116646259880393,0.014039545514995,0.018525672404477,0.0856841220598934,4.113538367602625,0.0,0.0,0.0,0.3190416666666666
2025-05-10,0,0,0,8.658775245908718,7.996428571428571,17.72,7.67,5.91,0.0046700834043047,0.0021909630118914,0.0116646259880393,8.665636292325155,8.710524911885278,11.525339312027256,7.8,7.8,7.799999999999961,0.3309583333333333
2025-05-11,0,0,0,4.7958354238263645,4.201428571428572,13.39,3.6,3.82,8.658775245908718,0.0046700834043047,0.0021909630118914,13.459280753139629,13.492509087877378,15.860275364374225,0.5,8.3,8.299999999999962,0.46075
2025-05-12,0,0,0,0.2049488334448247,0.2714285714285714,3.2,0.0,0.2,4.7958354238263645,8.658775245908718,0.0046700834043047,13.659559503180148,13.692124721098896,15.544233308704625,0.0,8.3,8.299999999999962,0.4433333333333333
2025-05-13,0,0,0,0.0506752127618023,0.0588235294117647,1.4,0.0,0.2,0.2049488334448247,4.7958354238263645,8.658775245908718,5.051459470033233,13.728760388345703,14.9532701424153,0.3,0.8,8.59999999999996,0.428625
2025-05-14,0,0,0,0.1150911053297701,0.090735294117647,2.5700000000000003,0.0,2.17,0.0506752127618023,0.2049488334448247,4.7958354238263645,0.3707151515366388,13.832186867687431,14.666472379526082,0.0,0.3,8.59999999999996,0.414
2025-05-15,0,0,0,0.0028763412785736,0.005735294117647,0.39,0.0,0.39,0.1150911053297701,0.0506752127618023,0.2049488334448247,0.1686426593703877,13.832872245954116,14.346921332101996,0.0,0.3,8.59999999999996,0.3945833333333333
2025-05-16,0,0,0,0.0010433978666838,0.0029850746268656,0.2,0.0,0.2,0.0028763412785736,0.1150911053297701,0.0506752127618023,0.1190108444752691,13.829245560416496,13.914929682476874,0.0,0.0,8.59999999999996,0.3741666666666667
2025-05-17,0,0,0,0.0,0.0,0.0,0.0,0.0,0.0010433978666838,0.0028763412785736,0.1150911053297701,0.003919739145499,5.170470314507778,13.88099522639354,0.0,0.0,0.799999999999961,0.3553333333333333
2025-05-18,0,0,0,0.0045150572872912,0.0088235294117647,0.2,0.0,0.2,0.0,0.0010433978666838,0.0028763412785736,0.0055584551542166,0.3791499479687044,13.871659035846568,0.0,0.0,0.2999999999999609,0.3371666666666666
2025-05-19,0,0,0,0.0153534931210924,0.0147058823529411,1.0,0.0,0.2,0.0045150572872912,0.0,0.0010433978666838,0.0198685504086252,0.189554607644972,13.881679328744353,0.0,0.0,0.2999999999999609,0.32075
2025-05-20,0,0,0,0.0104775552301754,0.0117647058823529,0.6000000000000001,0.0,0.2,0.0153534931210924,0.0045150572872912,0.0,0.0303461056388007,0.1493569501133451,13.878117338459534,0.0,0.0,0.0,0.3061666666666666
2025-05-21,0,0,0,0.0483532082061044,0.0442647058823529,2.22,0.0,0.63,0.0104775552301754,0.0153534931210924,0.0045150572872912,0.0741842565576139,0.0826190529896794,13.914805920677598,0.3,0.3,0.2999999999999609,0.319625
2025-05-22,1,1,0,8.560789340679488,6.177205882352942,43.16,3.1500000000000004,15.35,0.0483532082061044,0.0104775552301754,0.0153534931210924,8.61962010411601,8.640532052390594,22.473404298345194,11.2,11.5,11.49999999999996,0.4013333333333333
2025-05-23,0,0,0,0.9274967304358372,1.3648529411764707,11.0,0.7000000000000001,2.36,8.560789340679488,0.0483532082061044,0.0104775552301754,9.53663927932167,9.566985384959748,23.396230945376725,0.8,12.3,12.299999999999962,0.4577916666666666
2025-05-24,0,0,0,0.118117142040903,0.1641791044776119,4.800000000000001,0.0,0.2,0.9274967304358372,8.560789340679488,0.0483532082061044,9.60640321315647,9.68510252700065,14.855572841508913,0.8,12.8,13.09999999999996,0.4451666666666667
2025-05-25,0,0,0,0.0665779742323006,0.0764705882352941,2.8000000000000003,0.0,0.2,0.118117142040903,0.9274967304358372,8.560789340679488,1.1121918467092826,9.74716544394566,10.126315391914847,0.0,1.6,13.09999999999996,0.4275
2025-05-26,0,0,0,0.0485121004347414,0.0501470588235294,1.6,0.0,0.41,0.0665779742323006,0.118117142040903,0.9274967304358372,0.2332072167081867,9.780324051259308,9.969878658904763,0.0,0.8,13.09999999999996,0.4021666666666666
2025-05-27,0,0,0,0.0272758975244069,0.0297058823529411,1.2000000000000002,0.0,0.42,0.0485121004347414,0.0665779742323006,0.118117142040903,0.1423659721916907,9.79712239355354,9.94647934366737,0.0,0.0,13.09999999999996,0.378625
2025-05-28,0,0,0,0.1606013705743407,0.218955223880597,5.19,0.0,1.38,0.0272758975244069,0.0485121004347414,0.0665779742323006,0.2363893685337307,9.909370555921775,9.991989608911942,0.8,0.8,13.59999999999996,0.3555416666666666
2025-05-29,0,0,0,0.811221275010107,0.8874626865671642,3.73,0.8,1.37,0.1606013705743407,0.0272758975244069,0.0485121004347414,0.9990985431090964,2.159802490252396,10.800334542643474,2.0,2.8,4.399999999999961,0.3611666666666666
2025-05-30,0,0,0,0.0613737143868748,0.0592537313432835,3.37,0.0,1.96,0.811221275010107,0.1606013705743407,0.0272758975244069,1.033196359971564,1.2936794742034332,10.860664859163665,0.0,2.8,3.599999999999961,0.3502083333333333
2025-05-31,0,0,0,0.0113486328228514,0.0174999999999999,0.59,0.0,0.59,0.0613737143868748,0.811221275010107,0.1606013705743407,0.8839436222200748,1.1869109649853815,10.872013491986516,0.0,2.0,2.7999999999999607,0.3370416666666667
2025-06-01,1,1,0,0.004672961516705,0.0088235294117647,0.2,0.0,0.2,0.0113486328228514,0.0613737143868748,0.811221275010107,0.0773953087266728,1.1250059522697855,10.87217139621593,0.1,0.1,2.899999999999961,0.3252916666666667
2025-06-02,0,0,0,0.0506560207808665,0.0430434782608695,2.5700000000000003,0.0,0.79,0.004672961516705,0.0113486328228514,0.0613737143868748,0.0666776151206645,1.127149872615911,10.907473923875704,0.0,0.1,2.899999999999961,0.315
2025-06-03,0,0,0,1.7844295076090566,1.5175362318840582,4.73,1.39,1.77,0.0506560207808665,0.004672961516705,0.0113486328228514,1.8397584899068695,2.8843034827005605,12.681425876254584,1.8,1.9,4.699999999999961,0.3127916666666666
2025-06-04,0,0,0,0.0761657702451302,0.0291176470588235,0.59,0.0,0.59,1.7844295076090566,0.0506560207808665,0.004672961516705,1.911251298635295,2.79986788237135,12.709238438293612,0.0,1.8,3.899999999999961,0.3082916666666667
2025-06-05,1,4,2,12.167162115204476,10.271304347826089,25.37,11.22,7.72,0.0761657702451302,1.7844295076090566,0.0506560207808665,14.027757393058906,14.15580872256572,16.315611212818602,4.8,6.6,6.699999999999961,0.324125
2025-06-06,0,0,0,1.5501968902660237,2.1647826086956523,14.35,0.99,2.76,12.167162115204476,0.0761657702451302,1.7844295076090566,13.793524775715872,15.64463189844487,16.938311372648787,2.2,7.0,8.899999999999961,0.419375
2025-06-07,0,0,0,0.8238332899849321,1.4356521739130437,11.02,0.6000000000000001,4.94,1.5501968902660237,12.167162115204476,0.0761657702451302,14.541192295455671,16.457116555606948,17.644027520592818,0.0,7.0,8.899999999999961,0.4331666666666667
2025-06-08,0,0,0,1.428879413352252,1.6221739130434785,6.36,1.39,3.55,0.8238332899849321,1.5501968902660237,12.167162115204476,3.8029095936034496,17.881323007442496,19.006328959712768,4.0,6.2,12.799999999999962,0.4489166666666666
2025-06-09,1,3,1,9.673411285202556,7.410579710144928,18.77,7.32,6.54,1.428879413352252,0.8238332899849321,1.5501968902660237,11.926123988539985,27.504078271864188,28.63122814448058,8.1,12.1,20.899999999999963,0.4954583333333333
2025-06-10,0,0,0,0.2461517074273852,0.3811940298507463,4.800000000000001,0.0,0.79,9.673411285202556,1.428879413352252,0.8238332899849321,11.348442405982436,25.965800471682517,28.85010395438356,1.8,13.9,20.89999999999996,0.4785833333333333
2025-06-11,0,0,0,1.4293352773875223,1.345072463768116,4.6000000000000005,1.2000000000000002,1.37,0.2461517074273852,9.673411285202556,1.428879413352252,11.348898270017706,27.318969978824907,30.11883786119674,0.4,10.3,21.29999999999996,0.4664999999999999
2025-06-12,0,0,0,1.2797135610543109,1.0795652173913044,3.58,1.0,0.59,1.4293352773875223,0.2461517074273852,9.673411285202556,2.95520054586946,16.43152142467474,30.587330147240944,0.4,2.6,16.89999999999996,0.4634166666666666
2025-06-13,0,0,0,0.0500660051427178,0.103030303030303,1.6,0.0,0.4,1.2797135610543109,1.4293352773875223,0.2461517074273852,2.7591148435847925,14.931390539551431,30.576022437996787,0.0,0.8,14.69999999999996,0.4461666666666666
2025-06-14,0,0,0,0.0748763623228201,0.136969696969697,4.44,0.0,2.86,0.0500660051427178,1.2797135610543109,1.4293352773875223,1.40465592852009,14.18243361188932,30.63955016749676,0.0,0.4,14.69999999999996,0.4277916666666666
2025-06-15,0,0,0,0.0454386221461268,0.0789393939393939,2.01,0.0,0.59,0.0748763623228201,0.0500660051427178,1.2797135610543109,0.1703809896119064,12.798992820683198,30.68031582812618,1.1,1.1,11.799999999999962,0.41175
2025-06-16,0,0,0,0.0121399869640909,0.0212121212121212,0.6000000000000001,0.0,0.2,0.0454386221461268,0.0748763623228201,0.0500660051427178,0.1324549714332795,3.1377215224447323,30.641799794309403,0.0,1.1,3.699999999999961,0.3997083333333333
2025-06-17,0,0,0,0.0134988754116869,0.0242424242424242,0.8,0.0,0.2,0.0121399869640909,0.0454386221461268,0.0748763623228201,0.0710774845221463,2.905068690429034,28.870869162112037,0.0,1.1,1.899999999999961,0.388625
2025-06-18,0,0,0,0.003588434035992,0.009090909090909,0.4,0.0,0.2,0.0134988754116869,0.0121399869640909,0.0454386221461268,0.0292272964120115,1.4793218470775038,28.798291825902893,0.0,0.0,1.499999999999961,0.3740416666666666
2025-06-19,0,0,0,0.0022464641035583,0.006060606060606,0.2,0.0,0.2,0.003588434035992,0.0134988754116869,0.0121399869640909,0.0193337735514788,0.2018547501267515,16.633376174801977,0.0,0.0,1.099999999999961,0.3605416666666667
2025-06-20,0,0,0,0.0061002988959322,0.009090909090909,0.2,0.0,0.2,0.0022464641035583,0.003588434035992,0.0134988754116869,0.0119351970357241,0.1578890438799658,15.089279583431884,0.0,0.0,1.099999999999961,0.3467916666666666
2025-06-21,0,0,0,0.0028362981216244,0.006060606060606,0.2,0.0,0.2,0.0061002988959322,0.0022464641035583,0.003588434035992,0.0111830611213565,0.0858489796787701,14.268282591568576,2.8,2.8,3.899999999999961,0.336
2025-06-22,0,0,0,0.1727613296203852,0.3978787878787879,5.7700000000000005,0.0,1.37,0.0028362981216244,0.0061002988959322,0.0022464641035583,0.1816979266381834,0.2131716871530285,13.012164507836712,1.3,4.1,4.099999999999961,0.3346666666666666
2025-06-23,1,1,0,2.818090919250157,2.381304347826087,7.28,2.17,1.57,0.1727613296203852,0.0028362981216244,0.0061002988959322,2.993688546992409,3.019122619439095,6.156844141884313,7.9,12.0,11.99999999999996,0.3407916666666666
2025-06-24,1,2,0,12.682120091664745,10.776376811594204,23.4,12.62,5.12,2.818090919250157,0.1727613296203852,0.0028362981216244,15.672972340535528,15.687743835692151,18.592812526121676,4.6,13.8,16.59999999999996,0.47275
2025-06-25,0,0,0,0.2144071216888785,0.4878787878787879,6.800000000000001,0.0,0.2,12.682120091664745,2.818090919250157,0.1727613296203852,15.714618132604022,15.89856252334504,17.377884370423025,0.0,12.5,16.59999999999996,0.4471666666666666
2025-06-26,0,0,0,0.1457821965797279,0.2685074626865671,4.0,0.0,0.39,0.2144071216888785,12.682120091664745,2.818090919250157,13.042309409933592,16.04209825582121,16.243953005948445,0.0,4.6,16.59999999999996,0.4292083333333333
2025-06-27,0,0,0,2.9088045388065518,3.3575362318840583,13.39,2.58,4.92,0.1457821965797279,0.2144071216888785,12.682120091664745,3.2689938570754,18.944802495731828,19.10269153961228,7.6,7.6,24.19999999999996,0.4637083333333333
2025-06-28,0,0,0,0.2117444304603352,0.4059701492537313,7.4,0.0,0.2,2.9088045388065518,0.1457821965797279,0.2144071216888785,3.2663311658468563,19.15371062807054,19.239559607749797,0.0,7.6,21.39999999999996,0.4690833333333333
2025-06-29,0,0,0,0.0730705364791314,0.1306060606060606,2.2,0.0,0.42,0.2117444304603352,2.9088045388065518,0.1457821965797279,3.1936195057462595,19.054019834929285,19.2671915220828,0.0,7.6,20.09999999999996,0.439375
2025-06-30,0,0,0,0.0227596492243515,0.0461538461538461,1.6,0.0,0.2,0.0730705364791314,0.2117444304603352,2.9088045388065518,0.3075746161640599,16.25868856490348,19.277811184343054,0.1,0.1,12.29999999999996,0.4272916666666666
2025-07-01,0,0,0,0.0356656164927415,0.0805970149253731,1.2000000000000002,0.0,0.2,0.0227596492243515,0.0730705364791314,0.2117444304603352,0.1314958021964662,3.612234089731477,19.299977925424116,0.4,0.5,8.09999999999996,0.440375
2025-07-02,0,0,0,0.073270808058777,0.1204411764705882,1.4,0.0,0.39,0.0356656164927415,0.0227596492243515,0.0730705364791314,0.1316960737761118,3.471097776101375,19.3696602994469,0.6,1.1,8.69999999999996,0.4555
2025-07-03,0,0,0,0.2911161114058631,0.3919402985074627,2.75,0.2,1.18,0.073270808058777,0.0356656164927415,0.0227596492243515,0.4000525359576233,3.61643169092751,19.658529946749205,2.0,3.0,10.69999999999996,0.4766666666666666
2025-07-04,0,0,0,0.1082246969952295,0.2208955223880597,3.0,0.0,0.2,0.2911161114058631,0.073270808058777,0.0356656164927415,0.4726116164601113,0.8158518491161881,19.7606543448485,0.4,3.0,3.499999999999961,0.4760833333333333
2025-07-05,0,0,0,0.0068877581798977,0.0121212121212121,0.2,0.0,0.2,0.1082246969952295,0.2911161114058631,0.073270808058777,0.406228566581232,0.6109951768357506,19.76470580490677,0.0,2.4,3.499999999999961,0.4542083333333333
2025-07-06,0,0,0,0.0062465894905648,0.0121212121212121,0.2,0.0,0.2,0.0068877581798977,0.1082246969952295,0.2911161114058631,0.1213590446659338,0.544171229847184,19.598191064776955,0.0,0.4,3.499999999999961,0.4357916666666666
2025-07-07,0,0,0,0.0022154861057121,0.0061538461538461,0.2,0.0,0.2,0.0062465894905648,0.0068877581798977,0.1082246969952295,0.0153498337764163,0.5236270667285445,16.782315631632507,0.0,0.0,3.399999999999961,0.432125
2025-07-08,0,0,0,0.0024525595694098,0.003125,0.2,0.0,0.2,0.0022154861057121,0.0062465894905648,0.0068877581798977,0.0109146351659284,0.4904140098052128,4.102648099537174,0.0,0.0,2.999999999999961,0.4189166666666666
2025-07-09,0,0,0,0.0010849893899832,0.003030303030303,0.2,0.0,0.2,0.0024525595694098,0.0022154861057121,0.0062465894905648,0.0057530350653468,0.418228191136419,3.889325967238279,0.0,0.0,2.399999999999961,0.405
2025-07-10,0,0,0,0.0050529446822252,0.0092307692307692,0.2,0.0,0.2,0.0010849893899832,0.0024525595694098,0.0022154861057121,0.0085904936418599,0.1321650244127812,3.748596715340776,0.0,0.0,0.3999999999999609,0.3932916666666666
2025-07-11,0,0,0,0.0034652556685863,0.006060606060606,0.2,0.0,0.2,0.0050529446822252,0.0010849893899832,0.0024525595694098,0.0096031897410364,0.027405583086138,0.843257432202811,0.1,0.1,0.0999999999999609,0.3839583333333333
2025-07-12,0,0,0,0.001929894472742,0.003030303030303,0.2,0.0,0.2,0.0034652556685863,0.0050529446822252,0.0010849893899832,0.0104480948237952,0.0224477193789822,0.6334428962152178,0.0,0.1,0.0999999999999609,0.3743333333333333
2025-07-13,0,0,0,0.0,0.0,0.0,0.0,0.0,0.001929894472742,0.0034652556685863,0.0050529446822252,0.00539515014157,0.0162011298884174,0.5603723597360863,0.0,0.1,0.0999999999999609,0.362125
2025-07-14,0,0,0,0.001450149782687,0.003030303030303,0.2,0.0,0.2,0.0,0.001929894472742,0.0034652556685863,0.0033800442556707,0.0154357935653923,0.5390628602944219,0.0,0.0,0.0999999999999609,0.349375
2025-07-15,0,0,0,0.0142822835750679,0.0238805970149253,0.6000000000000001,0.0,0.2,0.001450149782687,0.0,0.001929894472742,0.0157324333579966,0.0272655175710504,0.5176795273767482,0.0,0.0,0.0999999999999609,0.3364166666666666
2025-07-16,0,0,0,0.0263047063734461,0.0275757575757575,1.62,0.0,0.8,0.0142822835750679,0.001450149782687,0.0,0.0420371397314427,0.0524852345545133,0.4707134256914172,0.0,0.0,0.0999999999999609,0.3226666666666666
2025-07-17,0,0,0,0.0798747625411919,0.078030303030303,5.15,0.0,0.79,0.0263047063734461,0.0142822835750679,0.001450149782687,0.1204617524899476,0.12730705241348,0.2594720768267461,0.0,0.0,0.0999999999999609,0.3085
2025-07-18,0,0,0,0.1427958836661018,0.1437878787878788,9.09,0.0,3.15,0.0798747625411919,0.0263047063734461,0.0142822835750679,0.2489753525809815,0.2666376804109955,0.2940432634976184,0.0,0.0,0.0,0.2955833333333333
2025-07-19,0,0,0,0.1389491145860276,0.1369230769230769,8.5,0.0,2.17,0.1427958836661018,0.0798747625411919,0.0263047063734461,0.361619760793563,0.4036569005242811,0.4261046199037482,0.0,0.0,0.0,0.2851666666666667
2025-07-20,0,0,0,0.0249290885179007,0.0242424242424242,1.6,0.0,0.2,0.1389491145860276,0.1427958836661018,0.0798747625411919,0.3066740867702718,0.4285859890421818,0.4447871189310841,0.0,0.0,0.0,0.274375
2025-07-21,0,0,0,0.0,0.0,0.0,0.0,0.0,0.0249290885179007,0.1389491145860276,0.1427958836661018,0.1638782031041699,0.4271358392594948,0.4425716328253719,0.0,0.0,0.0,0.2635
2025-07-22,0,0,0,0.0,0.0,0.0,0.0,0.0,0.0,0.0249290885179007,0.1389491145860276,0.0249290885181423,0.4128535556844268,0.4401190732559621,0.0,0.0,0.0,0.250625
2025-07-23,0,0,0,0.0,0.0,0.0,0.0,0.0,0.0,0.0,0.0249290885179007,0.0,0.3865488493109807,0.4390340838659788,0.0,0.0,0.0,0.2374166666666667
2025-07-24,0,0,0,0.0,0.0,0.0,0.0,0.0,0.0,0.0,0.0,0.0,0.3066740867697887,0.4339811391837536,0.1,0.1,0.0999999999999609,0.231125
2025-07-25,0,0,0,1.714468319894215,1.503529411764706,5.5,1.485,1.96,0.0,0.0,0.0,1.7144683198944566,1.878346522997902,2.1449842034093822,5.1,5.199999999999999,5.19999999999996,0.232625
2025-07-26,0,0,0,0.0446852689036508,0.0388059701492537,1.4,0.0,0.2,1.714468319894215,0.0,0.0,1.7591535887981071,1.784082677315525,2.187739577840291,0.0,5.199999999999999,5.19999999999996,0.227875
2025-07-27,0,0,0,0.0069962927841615,0.0119402985074626,0.4,0.0,0.2,0.0446852689036508,1.714468319894215,0.0,1.766149881582269,1.7661498815817858,2.1947358706244526,0.0,5.1,5.19999999999996,0.2129583333333333
2025-07-28,0,0,0,5.056914410714766,5.139117647058823,23.55,5.325,2.17,0.0069962927841615,0.0446852689036508,1.714468319894215,5.10859597240282,6.823064292296552,7.250200131556532,1.7,1.7,6.89999999999996,0.206
2025-07-29,0,0,0,0.099397746603785,0.1172307692307692,2.82,0.0,0.59,5.056914410714766,0.0069962927841615,0.0446852689036508,5.163308450102954,6.922462038900337,7.335315594585249,0.1,1.8,6.99999999999996,0.1990416666666666
2025-07-30,0,0,0,0.0432352762451024,0.043076923076923,1.6,0.0,0.2,0.099397746603785,5.056914410714766,0.0069962927841615,5.199547433563895,6.965697315145439,7.352246164456905,0.0,1.8,6.99999999999996,0.1874583333333333
2025-07-31,0,0,0,0.0027751844382519,0.003076923076923,0.2,0.0,0.2,0.0432352762451024,0.099397746603785,5.056914410714766,0.145408207287381,6.968472499583691,7.275146586353966,0.0,0.1,6.89999999999996,0.1787916666666666
2025-08-01,0,0,0,0.0,0.0,0.0,0.0,0.0,0.0027751844382519,0.0432352762451024,0.099397746603785,0.0460104606835959,5.254004179689476,7.132350702687863,0.0,0.0,1.799999999999961,0.1696666666666666
2025-08-02,0,0,0,0.010178892231502,0.0126153846153846,0.42,0.0,0.42,0.0,0.0027751844382519,0.0432352762451024,0.0129540766699955,5.219497803017328,7.003580480333339,0.0,0.0,1.799999999999961,0.1589166666666666
2025-08-03,0,0,0,0.2798359072893494,0.2432307692307692,15.81,0.0,1.77,0.010178892231502,0.0,0.0027751844382519,0.290014799521093,5.492337417522515,7.258487299104787,0.0,0.0,1.799999999999961,0.1479583333333333
2025-08-04,0,0,0,0.1935058332612478,0.16953125,10.85,0.0,1.57,0.2798359072893494,0.010178892231502,0.0,0.4835206327823409,0.6289288400689972,7.451993132366034,0.0,0.0,0.0999999999999609,0.13925
2025-08-05,0,0,0,0.0972896802906368,0.0998484848484848,2.61,0.0,1.38,0.1935058332612478,0.2798359072893494,0.010178892231502,0.5706314208414757,0.626820773755849,7.549282812656672,0.8,0.8,0.799999999999961,0.137
2025-08-06,0,0,0,0.7837558392432038,1.4987692307692309,17.11,0.2,0.98,0.0972896802906368,0.1935058332612478,0.2798359072893494,1.07455135279533,1.3673413367539502,8.333038651899876,0.5,1.3,1.299999999999961,0.1808333333333333
2025-08-07,0,0,0,0.079187172658584,0.1159090909090909,1.8,0.0,0.63,0.7837558392432038,0.0972896802906368,0.1935058332612478,0.9602326921926664,1.4437533249742824,8.41222582455846,0.0,1.3,1.299999999999961,0.1995416666666666
2025-08-08,0,0,0,0.4375027274587534,0.34,2.05,0.2,0.63,0.079187172658584,0.7837558392432038,0.0972896802906368,1.300445739360783,1.881256052433036,7.135260232122998,6.6,7.1,7.89999999999996,0.1979999999999999
2025-08-09,0,0,0,0.0580582781067717,0.0636363636363636,0.6000000000000001,0.0,0.2,0.4375027274587534,0.079187172658584,0.7837558392432038,0.5747481782243508,1.9291354383083053,7.148633241326118,2.3,8.899999999999999,10.19999999999996,0.2302499999999999
2025-08-10,0,0,0,0.0156625333132026,0.0153846153846153,0.2,0.0,0.2,0.0580582781067717,0.4375027274587534,0.079187172658584,0.5112235388789694,1.664962064332159,7.15729948185516,0.5,9.4,10.69999999999996,0.2300833333333333
2025-08-11,0,0,0,0.0016647966341308,0.003030303030303,0.2,0.0,0.2,0.0156625333132026,0.0580582781067717,0.4375027274587534,0.0753856080543468,1.473121027705042,2.1020498677745247,0.0,2.8,10.69999999999996,0.226625
2025-08-12,0,0,0,0.0,0.0,0.0,0.0,0.0,0.0016647966341308,0.0156625333132026,0.0580582781067717,0.0173273299475751,1.375831347414405,2.0026521211707395,0.0,0.5,9.89999999999996,0.2110833333333333
2025-08-13,0,0,0,0.0,0.0,0.0,0.0,0.0,0.0,0.0016647966341308,0.0156625333132026,0.0016647966343724,0.5920755081712011,1.9594168449256373,0.0,0.0,9.39999999999996,0.1925
2025-08-14,0,0,0,0.0,0.0,0.0,0.0,0.0,0.0,0.0,0.0016647966341308,0.0,0.5128883355126171,1.9566416604873853,0.0,0.0,9.39999999999996,0.176625
2025-08-15,0,0,0,0.0,0.0,0.0,0.0,0.0,0.0,0.0,0.0,0.0,0.0753856080538637,1.9566416604873853,0.0,0.0,2.7999999999999607,0.167
2025-08-16,0,0,0,0.0023849076854787,0.003076923076923,0.2,0.0,0.2,0.0,0.0,0.0,0.0023849076857202,0.0197122376325706,1.9488476759413624,0.0,0.0,0.4999999999999609,0.1621666666666666
2025-08-17,0,0,0,0.0014668501514625,0.003030303030303,0.2,0.0,0.2,0.0023849076854787,0.0,0.0,0.0038517578371828,0.0055165544708305,1.6704786188034753,0.0,0.0,0.0,0.1535833333333333
2025-08-18,0,0,0,0.0,0.0,0.0,0.0,0.0,0.0014668501514625,0.0023849076854787,0.0,0.0038517578371828,0.0038517578366996,1.4769727855422274,0.0,0.0,0.0,0.143375
2025-08-19,0,0,0,0.0,0.0,0.0,0.0,0.0,0.0,0.0014668501514625,0.0023849076854787,0.0014668501517041,0.0038517578366996,1.3796831052515903,0.0,0.0,0.0,0.1343333333333333
2025-08-20,0,0,0,0.0,0.0,0.0,0.0,0.0,0.0,0.0,0.0014668501514625,0.0,0.0038517578366996,0.5959272660083866,0.1,0.1,0.0999999999999609,0.1250416666666666
2025-08-21,0,0,0,0.0014668501514625,0.003030303030303,0.2,0.0,0.2,0.0,0.0,0.0,0.0014668501517041,0.0053186079881621,0.5182069435012652,0.4,0.5,0.4999999999999609,0.118625
2025-08-22,0,0,0,0.0014668501514625,0.003030303030303,0.2,0.0,0.2,0.0014668501514625,0.0,0.0,0.0029337003031666,0.0067854581396247,0.0821710661939742,0.0,0.5,0.4999999999999609,0.1126666666666666
2025-08-23,0,0,0,0.0043980846829985,0.0064615384615384,0.42,0.0,0.42,0.0014668501514625,0.0014668501514625,0.0,0.0073317849861652,0.0087986351371446,0.0285108727702011,0.0,0.4,0.4999999999999609,0.1074583333333333
2025-08-24,0,0,0,0.0,0.0,0.0,0.0,0.0,0.0043980846829985,0.0014668501514625,0.0014668501514625,0.0058649348347027,0.007331784985682,0.0128483394569984,0.1,0.1,0.5999999999999609,0.1103333333333333
2025-08-25,0,0,0,0.0031248543986573,0.0092307692307692,0.2,0.0,0.2,0.0,0.0043980846829985,0.0014668501514625,0.0075229390818975,0.0104566393843394,0.0143083972215249,0.0,0.1,0.5999999999999609,0.1142083333333333
2025-08-26,0,0,0,2.234470687110579,1.9113636363636364,18.74,1.865,5.71,0.0031248543986573,0.0,0.0043980846829985,2.237595541509478,2.2449273264949183,2.248779084332104,3.5,3.6,4.099999999999961,0.1297916666666666
2025-08-27,1,1,0,8.983485048441741,8.037014925373134,20.09,8.700000000000001,6.69,2.234470687110579,0.0031248543986573,0.0,11.22108058995122,11.22841237493666,11.232264132773846,5.0,8.5,8.999999999999961,0.205
2025-08-28,0,0,0,0.0824718583572408,0.1331818181818182,1.2000000000000002,0.0,0.39,8.983485048441741,2.234470687110579,0.0031248543986573,11.300427593909802,11.309417383142438,11.314735991131084,0.5,9.0,9.09999999999996,0.2042083333333333
2025-08-29,0,0,0,0.0696765460452306,0.1076923076923077,1.0,0.0,0.2,0.0824718583572408,8.983485048441741,2.234470687110579,9.135633452844454,11.377627079036206,11.384412537176315,8.8,14.3,17.899999999999963,0.2142083333333333
2025-08-30,0,0,0,0.0502062004561133,0.0707692307692307,1.4,0.0,0.2,0.0696765460452306,0.0824718583572408,8.983485048441741,0.2023546048588265,11.42343519480932,11.43223382994695,0.3,9.6,18.19999999999996,0.242125
2025-08-31,0,0,0,0.012975847049547,0.01875,0.2,0.0,0.2,0.0502062004561133,0.0696765460452306,0.0824718583572408,0.1328585935511326,11.436411041858868,11.443742826845035,0.0,9.1,18.09999999999996,0.2282916666666666
2025-09-01,0,0,0,0.0098677461332032,0.0149253731343283,0.2,0.0,0.2,0.012975847049547,0.0502062004561133,0.0696765460452306,0.0730497936391052,11.443153933593416,11.453610572978238,0.2,0.5,18.29999999999996,0.2082916666666666
2025-09-02,0,0,0,0.0044581447521453,0.006060606060606,0.2,0.0,0.2,0.0098677461332032,0.012975847049547,0.0502062004561133,0.0273017379351372,9.21314139123498,11.458068717730384,2.2,2.4000000000000004,16.99999999999996,0.1925
2025-09-03,0,0,0,0.0042237859220992,0.0061538461538461,0.2,0.0,0.2,0.0044581447521453,0.0098677461332032,0.012975847049547,0.0185496768076895,0.2338801287153383,11.462292503652485,0.0,2.4000000000000004,11.99999999999996,0.173625
2025-09-04,0,0,0,0.0573344797248802,0.02484375,1.0,0.0,0.8,0.0042237859220992,0.0044581447521453,0.0098677461332032,0.0660164103993665,0.2087427500829777,11.5181601332259,0.0,2.2,11.49999999999996,0.1505833333333333
2025-09-05,0,0,0,0.1499514240228877,0.10296875,5.17,0.0,1.97,0.0573344797248802,0.0042237859220992,0.0044581447521453,0.2115096896701088,0.2890176280606347,11.666644707097326,0.0,0.0,2.699999999999961,0.1340416666666666
2025-09-06,0,0,0,0.0691966498989172,0.1428571428571428,2.2,0.0,0.2,0.1499514240228877,0.0573344797248802,0.0042237859220992,0.2764825536469268,0.3080080775034386,11.731443272313244,0.3,0.3,2.699999999999961,0.1509583333333333
2025-09-07,1,1,0,0.2200255951941871,0.3583076923076923,2.77,0.0,1.77,0.0691966498989172,0.1499514240228877,0.0573344797248802,0.4391736691162337,0.5150578256480787,11.951468867507431,0.3,0.6,2.9999999999999614,0.2011666666666667
2025-09-08,0,0,0,0.0105301598724147,0.0161290322580645,0.6000000000000001,0.0,0.2,0.2200255951941871,0.0691966498989172,0.1499514240228877,0.2997524049657607,0.5157202393872902,11.958874172981188,0.0,0.6,2.799999999999961,0.2138333333333333
2025-09-09,0,0,0,0.0680539814045329,0.0841935483870967,2.39,0.0,0.98,0.0105301598724147,0.2200255951941871,0.0691966498989172,0.2986097364713764,0.5793160760396778,9.792457467275144,0.0,0.3,0.5999999999999609,0.1884583333333333
2025-09-10,0,0,0,0.0,0.0,0.0,0.0,0.0,0.0680539814045329,0.0105301598724147,0.2200255951941871,0.0785841412771892,0.5750922901175786,0.8089724188334018,0.0,0.0,0.5999999999999609,0.1670416666666666
2025-09-11,0,0,0,0.0,0.0,0.0,0.0,0.0,0.0,0.0680539814045329,0.0105301598724147,0.0680539814047745,0.5177578103926982,0.7265005604761609,0.0,0.0,0.5999999999999609,0.145875
2025-09-12,0,0,0,0.0,0.0,0.0,0.0,0.0,0.0,0.0,0.0680539814045329,0.0,0.3678063863698104,0.6568240144309302,0.0,0.0,0.5999999999999609,0.1305
2025-09-13,0,0,0,0.0045653363815801,0.0064516129032258,0.2,0.0,0.2,0.0,0.0,0.0,0.0045653363818217,0.3031750728524733,0.611183150356397,0.0,0.0,0.2999999999999609,0.1232916666666666
2025-09-14,0,0,0,0.0012143139190231,0.0032258064516129,0.2,0.0,0.2,0.0045653363815801,0.0,0.0,0.0057796503008448,0.0843637915773093,0.5994216172258732,0.0,0.0,0.0,0.1176666666666666
2025-09-15,0,0,0,0.0,0.0,0.0,0.0,0.0,0.0012143139190231,0.0045653363815801,0.0,0.0057796503008448,0.0738336317048946,0.5895538710926699,0.0,0.0,0.0,0.1112083333333333
2025-09-16,0,0,0,0.1372272917008787,0.219375,4.35,0.0,1.18,0.0,0.0012143139190231,0.0045653363815801,0.1384416056201435,0.1430069420012404,0.7223230180414032,1.5,1.5,1.499999999999961,0.1232499999999999
2025-09-17,0,0,0,0.0199868827544204,0.043076923076923,0.8,0.0,0.8,0.1372272917008787,0.0,0.0012143139190231,0.1572141744555407,0.1629938247556608,0.7380861148737242,0.1,1.6,1.599999999999961,0.1370416666666666
2025-09-18,0,0,0,0.1842470172716851,0.394375,2.76,0.0,0.79,0.0199868827544204,0.1372272917008787,0.0,0.3414611917272259,0.3472408420273459,0.8649986524205291,0.0,1.6,1.599999999999961,0.1339166666666666
2025-09-19,0,0,0,0.0038738022252337,0.0095238095238095,0.4,0.0,0.2,0.1842470172716851,0.0199868827544204,0.1372272917008787,0.2081077022515809,0.3511146442525797,0.7189210306228753,0.0,0.1,1.599999999999961,0.1220416666666666
2025-09-20,0,0,0,0.0049426552648014,0.0135483870967741,0.84,0.0,0.84,0.0038738022252337,0.1842470172716851,0.0199868827544204,0.1930634747619619,0.351491963135801,0.6546670359887594,0.0,0.0,1.599999999999961,0.1112916666666666
2025-09-21,0,0,0,1.199381931436052,1.4574242424242425,19.14,0.4,12.84,0.0049426552648014,0.0038738022252337,0.1842470172716851,1.2081983889263288,1.54965958065283,1.6340233722306243,0.3,0.3,1.8999999999999608,0.107375
2025-09-22,1,22,9,28.95905066875616,26.66820895522388,65.31,26.78,18.94,1.199381931436052,0.0049426552648014,0.0038738022252337,30.16337525545725,30.508710249408985,30.582543881114365,9.1,9.4,10.99999999999996,0.1515833333333333
2025-09-23,1,1,0,1.9611338412554828,3.506307692307693,32.2,0.2,0.59,28.95905066875616,1.199381931436052,0.0049426552648014,32.11956644144793,32.33261679896359,32.47562374096532,3.1,12.5,12.59999999999996,0.2624166666666667
2025-09-24,0,0,0,0.4981616457174396,1.0178125,15.78,0.0,0.39,1.9611338412554828,28.95905066875616,1.199381931436052,31.41834615572932,32.81079156192661,32.97378538668276,0.5,12.7,12.99999999999996,0.2528333333333333
2025-09-25,0,0,0,0.4511508697794959,0.86484375,7.79,0.2,0.39,0.4981616457174396,1.9611338412554828,28.95905066875616,2.91044635675266,33.07769541443442,33.42493625646225,0.2,3.8,13.199999999999962,0.2777916666666666
2025-09-26,0,0,0,0.6790289515226802,1.0971875,18.59,0.4,0.98,0.4511508697794959,0.4981616457174396,1.9611338412554828,1.6283414670198573,33.75285056373187,34.103965207984935,0.5,1.2,13.699999999999962,0.2868333333333333
2025-09-27,0,0,0,0.1087940495823698,0.184375,3.0,0.0,0.2,0.6790289515226802,0.4511508697794959,0.4981616457174396,1.2389738708847875,33.856701958049435,34.20819392118572,0.0,0.7,13.699999999999962,0.2592083333333333
2025-09-28,0,0,0,0.1416972843527413,0.2063492063492063,6.6000000000000005,0.0,0.2,0.1087940495823698,0.6790289515226802,0.4511508697794959,0.9295202854580328,32.79901731096612,34.34867689161944,0.0,0.5,13.39999999999996,0.2222499999999999
2025-09-29,0,0,0,0.1664764326322731,0.1987301587301587,6.32,0.0,2.16,0.1416972843527413,0.1087940495823698,0.6790289515226802,0.4169677665676258,4.006443074842241,34.51515332425171,0.0,0.0,4.299999999999961,0.1892083333333333
2025-09-30,0,0,0,0.1548097495466129,0.1753968253968254,6.25,0.0,1.05,0.1664764326322731,0.1416972843527413,0.1087940495823698,0.4629834665318689,2.2001189831333714,34.53273578209745,0.0,0.0,1.1999999999999609,0.1605
2025-10-01,0,0,0,0.0808757564242849,0.0949230769230769,3.57,0.0,1.18,0.1548097495466129,0.1664764326322731,0.1416972843527413,0.4021619386034126,1.7828330938402168,34.593624655767314,0.4,0.4,1.099999999999961,0.1374166666666666
2025-10-02,0,0,0,0.0157655761182178,0.025,0.4,0.0,0.2,0.0808757564242849,0.1548097495466129,0.1664764326322731,0.2514510820893573,1.3474478001789387,34.42514321461384,0.0,0.4,0.899999999999961,0.128375
2025-10-03,0,0,0,0.0233401373545916,0.03421875,0.5900000000000001,0.0,0.39,0.0157655761182178,0.0808757564242849,0.1548097495466129,0.119981469897336,0.6917589860108501,34.4446095497432,2.8,3.2,3.199999999999961,0.134875
2025-10-04,0,0,0,0.0636337133833896,0.1547619047619047,1.78,0.0,0.59,0.0233401373545916,0.0157655761182178,0.0808757564242849,0.1027394268564406,0.6465986498118699,34.50330060786179,2.7,5.5,5.899999999999961,0.1656666666666666
2025-10-05,0,0,0,0.0365455152434701,0.0514285714285714,1.03,0.0,0.63,0.0636337133833896,0.0233401373545916,0.0157655761182178,0.123519365981693,0.5414468807025987,33.34046419166921,0.0,5.5,5.899999999999961,0.1555
2025-10-06,0,0,0,0.0684662965616677,0.0719354838709677,3.86,0.0,1.0,0.0365455152434701,0.0636337133833896,0.0233401373545916,0.1686455251887691,0.4434367446319934,4.449879819474718,0.0,2.7,5.899999999999961,0.1300833333333333
2025-10-07,0,0,0,0.1172248523289244,0.1738095238095238,3.95,0.0,1.77,0.0684662965616677,0.0365455152434701,0.0636337133833896,0.2222366641343039,0.4058518474143048,2.6059708305481597,1.0,1.0,6.899999999999961,0.138375
2025-10-08,0,0,0,2.094894789169813,2.757910447761194,10.27,2.0,4.92,0.1172248523289244,0.0684662965616677,0.0365455152434701,2.2805859380606472,2.419870880159833,4.202703974000533,13.8,14.8,20.29999999999996,0.26575
2025-10-09,0,0,0,0.3969459968132692,0.6448484848484849,3.4000000000000004,0.4,0.59,2.094894789169813,0.1172248523289244,0.0684662965616677,2.609065638312249,2.8010513008548847,4.148499101034306,1.0,15.8,21.29999999999996,0.3550833333333333
2025-10-10,1,14,2,14.880054952159815,13.507462686567164,38.39,14.44,10.0,0.3969459968132692,2.094894789169813,0.1172248523289244,17.37189573814314,17.65776611566011,18.349525101671443,18.5,33.3,36.99999999999996,0.42175
2025-10-11,0,0,0,2.010322190960845,3.1730303030303038,19.19,0.6000000000000001,1.18,14.880054952159815,0.3969459968132692,2.094894789169813,17.287323139934173,19.604454593237566,20.25105324304992,6.6,26.1,40.89999999999996,0.4205416666666666
2025-10-12,0,0,0,0.3747283288137978,0.5716666666666668,10.33,0.0,0.39,2.010322190960845,14.880054952159815,0.3969459968132692,17.265105471934703,19.942637406807894,20.48408428751097,2.4,27.5,43.29999999999996,0.3823333333333333
2025-10-13,0,0,0,0.4527302747035523,0.5836363636363637,3.57,0.4,0.98,0.3747283288137978,2.010322190960845,14.880054952159815,2.837780794478437,20.326901384949775,20.770338129582253,5.1,14.1,48.39999999999996,0.3835833333333333
2025-10-14,0,0,0,0.0847430812316957,0.1365079365079365,2.6,0.0,0.2,0.4527302747035523,0.3747283288137978,2.010322190960845,0.9122016847492876,20.29441961385255,20.700271461267334,0.6,8.1,47.999999999999964,0.3914999999999999
2025-10-15,0,0,0,0.1408009194585098,0.196875,6.0,0.0,0.2,0.0847430812316957,0.4527302747035523,0.3747283288137978,0.6782742753939994,18.340325744141246,20.760196624301564,0.1,5.8,34.29999999999996,0.3537083333333333
2025-10-16,0,0,0,0.147988625404503,0.181875,5.2,0.0,1.24,0.1408009194585098,0.0847430812316957,0.4527302747035523,0.3735326260949502,18.09136837273248,20.892419673587845,0.0,0.7,33.29999999999996,0.3117083333333333
2025-10-17,0,0,0,0.2117353026610074,0.35453125,9.78,0.0,8.38,0.147988625404503,0.1408009194585098,0.0847430812316957,0.500524847524262,3.423048723233669,21.080814838894263,7.9,8.0,22.69999999999996,0.2692083333333333
2025-10-18,1,2,1,25.253665332992835,19.539402985074627,58.61,21.3,9.79,0.2117353026610074,0.147988625404503,0.1408009194585098,25.613389261058582,26.66639186526566,46.27084645850371,26.3,34.2,42.39999999999996,0.2732083333333333
2025-10-19,0,0,0,2.3605414878200714,3.25234375,13.95,2.2,1.57,25.253665332992835,0.2117353026610074,0.147988625404503,27.82594212347416,28.65220502427193,48.59484243108031,2.1,36.3,42.09999999999996,0.3682916666666667
2025-10-20,1,1,0,0.4816832421899416,0.8093650793650794,7.2,0.2,0.59,2.3605414878200714,25.253665332992835,0.2117353026610074,28.09589006300309,28.68115799175832,49.00805937670858,0.3,28.7,37.29999999999996,0.3727083333333333
2025-10-21,0,0,0,0.3393255757104643,0.473015873015873,9.4,0.0,0.2,0.4816832421899416,2.3605414878200714,25.253665332992835,3.181550305720719,28.93574048623709,49.23016010009012,0.0,2.3999999999999964,36.69999999999996,0.3335833333333333
2025-10-22,0,0,0,0.2355782615702025,0.3353225806451613,5.2,0.0,0.39,0.3393255757104643,0.4816832421899416,2.3605414878200714,1.05658707947085,29.03051782834878,47.37084357249051,0.0,0.2999999999999964,36.599999999999966,0.2909166666666666
2025-10-23,0,0,0,0.3014709780626013,0.4774193548387097,23.8,0.0,3.94,0.2355782615702025,0.3393255757104643,0.4816832421899416,0.8763748153435099,29.184000181006883,47.275368553739845,0.0,0.0,36.599999999999966,0.2520416666666666
2025-10-24,1,1,0,0.146327852440658,0.2379032258064516,11.75,0.0,5.38,0.3014709780626013,0.2355782615702025,0.3393255757104643,0.6833770920737036,29.11859273078653,32.541641454020684,0.0,0.0,28.69999999999996,0.2153333333333333
2025-10-25,0,0,0,0.014986029106685,0.0256451612903225,0.59,0.0,0.59,0.146327852440658,0.3014709780626013,0.2355782615702025,0.462784859610186,3.879913426900383,30.54630529216653,0.0,0.0,2.399999999999961,0.1811666666666666
2025-10-26,0,0,0,0.011695721807496,0.0193548387096774,0.6000000000000001,0.0,0.2,0.014986029106685,0.146327852440658,0.3014709780626013,0.1730096033550807,1.531067660887807,30.183272685160222,0.0,0.0,0.2999999999999609,0.15175
2025-10-27,0,0,0,1.5267805790187,1.3435384615384616,2.6,1.6,0.59,0.011695721807496,0.014986029106685,0.146327852440658,1.5534623299331227,2.5761649977165657,31.25732298947537,1.8,1.7999999999999965,1.799999999999961,0.144
2025-10-28,0,0,0,5.005299572668739,4.904375,19.88,4.865,2.16,1.5267805790187,0.011695721807496,0.014986029106685,6.543775873495177,7.242138994674841,36.17787948091242,13.7,15.499999999999996,15.49999999999996,0.221375
2025-10-29,1,14,3,10.959444705867549,10.5146875,32.17,8.100000000000001,9.34,5.005299572668739,1.5267805790187,0.011695721807496,17.491524857555227,17.966005438972186,46.99652326732145,17.6,33.099999999999994,33.099999999999966,0.3225416666666666
2025-10-30,0,0,0,3.6517931094951104,3.61939393939394,15.19,3.645000000000001,0.98,10.959444705867549,5.005299572668739,1.5267805790187,19.61653738803164,21.31632757040469,50.50032775141206,7.6,38.9,40.69999999999996,0.4601666666666666
2025-10-31,0,0,0,5.681934015432279,4.758923076923078,13.21,5.0,3.54,3.6517931094951104,10.959444705867549,5.005299572668739,20.29317183079517,26.851933733396315,55.97052646418333,18.5,43.7,59.19999999999996,0.4694583333333333
2025-11-01,0,0,0,1.234273854391971,1.1246969696969698,13.37,0.0,1.18,5.681934015432279,3.6517931094951104,10.959444705867549,10.5680009793196,28.071221558681604,31.951134985582467,1.1,27.2,60.29999999999996,0.4504166666666667
2025-11-02,1,3,0,9.808509167880596,9.133030303030305,30.92,7.5,5.71,1.234273854391971,5.681934015432279,3.6517931094951104,16.724717037705087,37.8680350047547,39.39910266564299,22.5,42.1,82.79999999999995,0.460375
2025-11-03,1,2,1,0.8406355792275125,1.32140625,17.380000000000003,0.1,0.59,9.808509167880596,1.234273854391971,5.681934015432279,11.88341860150032,37.18189000496351,39.75805500268056,9.1,32.7,90.09999999999997,0.4368749999999999
2025-11-04,0,0,0,1.1534461756825791,1.10296875,9.46,0.0,3.94,0.8406355792275125,9.808509167880596,1.234273854391971,11.802590922790928,33.330036607977355,40.57217560265268,3.0,34.6,79.39999999999996,0.4312916666666666
2025-11-05,0,0,0,0.1648018912441695,0.2875,7.4,0.0,0.2,1.1534461756825791,0.8406355792275125,9.808509167880596,2.158883646154501,22.535393793353972,40.50139923232664,4.8,16.9,66.59999999999997,0.4171666666666667
2025-11-06,0,0,0,0.2305642547996222,0.292,1.8,0.2,0.79,0.1648018912441695,1.1534461756825791,0.8406355792275125,1.548812321726611,19.11416493865849,40.43049250906367,1.3,9.1,60.29999999999996,0.4379583333333333
2025-11-07,0,0,0,0.0780750271955309,0.148,1.2000000000000002,0.0,0.42,0.2305642547996222,0.1648018912441695,1.1534461756825791,0.4734411732395625,13.51030595042174,40.36223968381854,0.8,6.9,42.59999999999996,0.4136666666666667
2025-11-08,0,0,0,9.342189405466057,6.918923076923077,18.9,7.52,6.93,0.0780750271955309,0.2305642547996222,0.1648018912441695,9.65082868746145,21.618221501495825,49.68944306017791,7.2,9.3,48.69999999999996,0.4169583333333333
2025-11-09,0,0,0,0.7476514477132649,0.7407812500000001,5.390000000000001,0.4,0.63,9.342189405466057,0.0780750271955309,0.2305642547996222,10.167915880375093,12.557363781328494,50.42539878608368,0.4,8.399999999999999,26.599999999999955,0.4364583333333333
2025-11-10,0,0,0,0.0899410807301537,0.1741935483870967,1.2000000000000002,0.0,0.2,0.7476514477132649,9.342189405466057,0.0780750271955309,10.179781933909714,11.806669282831134,48.988559287795134,0.0,7.6,17.499999999999957,0.4035416666666667
2025-11-11,0,0,0,0.1151661214621248,0.1984126984126984,6.5,0.0,2.76,0.0899410807301537,0.7476514477132649,9.342189405466057,0.9527586499057832,10.76838922861068,44.09842583658852,0.0,0.3999999999999991,14.499999999999956,0.3564166666666666
2025-11-12,0,0,0,0.0849810804513036,0.1129032258064516,3.4000000000000004,0.0,0.82,0.1151661214621248,0.0899410807301537,0.7476514477132649,0.2900882826438219,10.688568417817814,33.22396221117227,0.0,0.0,9.699999999999957,0.31375
2025-11-13,0,0,0,0.269645240160316,0.3721875,11.71,0.0,1.97,0.0849810804513036,0.1151661214621248,0.0899410807301537,0.4697924420739842,10.727649403178509,29.84181434183748,1.3,1.2999999999999992,9.699999999999957,0.3019583333333333
2025-11-14,0,0,0,0.1222964609410212,0.1341935483870967,6.72,0.0,1.77,0.269645240160316,0.0849810804513036,0.1151661214621248,0.4769227815528806,10.771870836923998,24.282176787346224,13.2,14.499999999999998,22.099999999999955,0.30375
2025-11-15,0,0,0,0.1005947812787018,0.1633333333333333,3.93,0.0,1.77,0.1222964609410212,0.269645240160316,0.0849810804513036,0.4925364823802789,1.5302762127366445,23.148497714232956,0.0,14.499999999999998,14.899999999999956,0.290875
2025-11-16,0,0,0,1.0299173586835717,1.077692307692308,2.4000000000000004,1.39,0.79,0.1005947812787018,0.1222964609410212,0.269645240160316,1.2528086009035344,1.812542123706951,14.369905905035928,11.0,24.2,25.49999999999996,0.343875
2025-11-17,1,5,1,7.715857899721538,8.17681818181818,191.34,3.4000000000000004,187.98,1.0299173586835717,0.1005947812787018,0.1222964609410212,8.84637003968405,9.438458942698336,21.245128225529957,21.6,32.599999999999994,47.09999999999996,0.3852083333333333
2025-11-18,0,0,0,3.98998854845459,3.4430303030303038,12.88,3.2750000000000004,3.74,7.715857899721538,1.0299173586835717,0.1005947812787018,12.73576380685994,13.3132813696908,24.081670598301965,12.5,45.1,59.59999999999996,0.4543333333333333
2025-11-19,0,0,0,0.6416264135859865,1.0645312500000002,11.38,0.0,3.54,3.98998854845459,7.715857899721538,1.0299173586835717,12.347472861762354,13.869926702825484,24.55849512064378,0.1,34.2,59.69999999999996,0.41775
2025-11-20,0,0,0,0.0508678445097701,0.0888888888888888,1.4,0.0,0.2,0.6416264135859865,3.98998854845459,7.715857899721538,4.682482806550587,13.651149307174936,24.37879871035393,0.2,12.799999999999995,58.59999999999996,0.3797916666666667
2025-11-21,0,0,0,0.0412005484600224,0.0603174603174603,2.2,0.0,0.2,0.0508678445097701,0.6416264135859865,3.98998854845459,0.7336948065560189,13.57005339469394,24.34192423161842,0.0,0.2999999999999965,45.39999999999996,0.342375
2025-11-22,0,0,0,0.2059185582604693,0.3398412698412698,2.75,0.0,1.77,0.0412005484600224,0.0508678445097701,0.6416264135859865,0.2979869512305017,13.675377171675708,15.205653384412834,2.0,2.1999999999999966,47.39999999999996,0.3159166666666667
2025-11-23,0,0,0,0.2257738056627742,0.2652380952380953,4.92,0.0,4.13,0.2059185582604693,0.0412005484600224,0.0508678445097701,0.4728929123835057,12.871233618654909,14.683775742362345,13.1,15.099999999999996,49.49999999999996,0.321375
2025-11-24,1,1,0,9.772042200492043,6.257575757575758,32.11,4.055,7.71,0.2257738056627742,0.2059185582604693,0.0412005484600224,10.203734564415528,14.927417919425416,24.365876862124235,27.0,42.1,54.89999999999996,0.3976249999999999
2025-11-25,0,0,0,0.3532234103025563,0.426969696969697,2.8000000000000003,0.2,0.42,9.772042200492043,0.2257738056627742,0.2059185582604693,10.351039416457615,11.290652781273382,24.60393415096467,1.0,41.1,43.39999999999996,0.4535
2025-11-26,0,0,0,0.0343770794357841,0.059375,1.2000000000000002,0.0,0.2,0.3532234103025563,9.772042200492043,0.2257738056627742,10.159642690230624,10.68340344712318,24.553330149949147,0.0,27.999999999999996,43.29999999999996,0.4066666666666667
2025-11-27,0,0,0,0.0323130038035699,0.04109375,1.03,0.0,0.63,0.0343770794357841,0.3532234103025563,9.772042200492043,0.4199134935421501,10.66484860641698,24.3159979135924,0.0,0.9999999999999928,43.09999999999996,0.3550416666666667
2025-11-28,0,0,0,0.0953040577670398,0.10265625,5.17,0.0,0.79,0.0323130038035699,0.0343770794357841,0.3532234103025563,0.1619941410066336,10.718952115723996,24.28900551041842,0.9,0.8999999999999929,43.99999999999996,0.3141666666666666
2025-11-29,0,0,0,0.0439465742406245,0.04390625,2.6100000000000003,0.0,0.41,0.0953040577670398,0.0323130038035699,0.0343770794357841,0.1715636358114741,10.556980131704153,24.232357303380343,0.0,0.8999999999999929,41.99999999999996,0.274625
2025-11-30,0,0,0,0.1637834507964592,0.1621874999999999,10.38,0.0,1.57,0.0439465742406245,0.0953040577670398,0.0323130038035699,0.3030340828043634,10.494989776837835,23.36622339549323,0.1,0.9999999999999928,28.99999999999996,0.235125
2025-12-01,0,0,0,0.0316274111209364,0.0336923076923076,1.79,0.0,0.39,0.1637834507964592,0.0439465742406245,0.0953040577670398,0.23935743615826,0.7545749874667288,15.681992906892628,0.3,0.3999999999999929,2.299999999999957,0.2075416666666666
2025-12-02,1,2,1,2.620381395174137,5.175151515151515,66.71,1.795,9.78,0.0316274111209364,0.1637834507964592,0.0439465742406245,2.8157922570917724,3.021732972338309,14.312385753612174,16.5,16.89999999999999,17.799999999999958,0.2459166666666666
2025-12-03,0,0,0,0.5554013390804564,1.15828125,26.16,0.0,0.79,2.620381395174137,0.0316274111209364,0.1637834507964592,3.207410145375769,3.5427572319829816,14.226160679106645,5.6,22.39999999999999,23.39999999999996,0.3300416666666666
2025-12-04,0,0,0,0.7439710985488879,0.610952380952381,2.39,0.4,0.59,0.5554013390804564,2.620381395174137,0.0316274111209364,3.919753832803721,4.254415326728299,14.919263933145762,0.4,22.499999999999996,23.79999999999996,0.36125
2025-12-05,0,0,0,0.0099225401306056,0.0222222222222222,0.2,0.0,0.2,0.7439710985488879,0.5554013390804564,2.620381395174137,1.3092949777601897,4.169033809091866,14.887985924816348,0.2,6.199999999999992,23.09999999999996,0.3160416666666666
2025-12-06,0,0,0,0.0008222044070899,0.0032258064516129,0.2,0.0,0.2,0.0099225401306056,0.7439710985488879,0.5554013390804564,0.7547158430868233,4.125909439258331,14.682889570962969,0.9,1.499999999999993,23.99999999999996,0.2749999999999999
2025-12-07,0,0,0,0.1527347710618969,0.2485483870967742,9.87,0.0,3.97,0.0008222044070899,0.0099225401306056,0.7439710985488879,0.1634795155998323,4.1148607595237685,14.609850536362089,1.6,2.699999999999993,25.49999999999996,0.2559166666666667
2025-12-08,1,12,9,9.45872643519656,10.0728125,46.23,5.734999999999999,18.72,0.1527347710618969,0.0008222044070899,0.0099225401306056,9.612283410665787,13.541959783599392,14.296534771066604,16.8,19.299999999999997,41.99999999999996,0.3192083333333333
2025-12-09,1,3,1,21.97721410641615,16.646,46.7,13.29,10.78,9.45872643519656,0.1527347710618969,0.0008222044070899,31.588675312674845,32.8987924948414,35.9205254671802,15.4,33.8,40.89999999999996,0.4660833333333333
2025-12-10,1,4,1,23.561010662990405,20.4228125,53.57,21.85,8.77,21.97721410641615,9.45872643519656,0.1527347710618969,54.99695120460335,55.90440181875135,59.44715905073482,4.0,36.2,39.29999999999996,0.4544166666666666
2025-12-11,0,0,0,1.094637426665289,1.4649180327868851,23.76,0.0,1.57,23.561010662990405,21.97721410641615,9.45872643519656,46.63286219607208,56.25506814686775,60.50948347359654,0.0,19.39999999999999,38.89999999999996,0.3848333333333333
2025-12-12,1,1,1,3.5802218149197165,4.411428571428572,20.69,2.95,12.94,1.094637426665289,23.561010662990405,21.97721410641615,28.235869904575647,59.825367421656864,63.99440123074921,3.5,7.499999999999993,42.19999999999995,0.3607916666666667
2025-12-13,1,5,3,22.63022642491756,18.402698412698413,46.05,20.540000000000003,9.37,3.5802218149197165,1.094637426665289,23.561010662990405,27.3050856665028,82.45477164216733,86.58068108142615,24.5,27.999999999999996,65.79999999999995,0.4656666666666667
2025-12-14,1,2,0,1.8622762456331388,2.3687096774193552,17.080000000000002,0.4,3.55,22.63022642491756,3.5802218149197165,1.094637426665289,28.07272448547065,84.16431311673857,88.27917387626283,7.5,35.49999999999999,71.69999999999996,0.4825833333333333
2025-12-15,0,0,0,0.344748736845906,0.582741935483871,10.4,0.0,4.13,1.8622762456331388,22.63022642491756,3.5802218149197165,24.83725140739684,75.05033541838792,88.5922952019878,2.2,34.2,57.09999999999996,0.4519166666666667
2025-12-16,1,15,9,13.123413447113052,9.0265625,79.84,2.89,14.93,0.344748736845906,1.8622762456331388,22.63022642491756,15.330438429592334,66.19653475908481,99.09532725392673,10.8,20.499999999999996,52.49999999999996,0.4404583333333333
2025-12-17,0,0,0,4.866582132412073,3.6417741935483874,14.46,2.59,3.15,13.123413447113052,0.344748736845906,1.8622762456331388,18.334744316371268,47.50210622850649,103.40650804725831,7.4,20.39999999999999,55.89999999999996,0.4904166666666666
2025-12-18,0,0,0,0.3655431174880655,0.6240983606557378,16.87,0.2,0.39,4.866582132412073,13.123413447113052,0.344748736845906,18.355538697013426,46.773011919329264,103.0280800661975,0.0,18.2,55.89999999999996,0.4655833333333333
2025-12-19,0,0,0,0.0890603609150961,0.17,3.0,0.0,0.2,0.3655431174880655,4.866582132412073,13.123413447113052,5.321185610815473,43.28185046532464,103.107217886982,0.4,7.799999999999994,52.79999999999996,0.446
2025-12-20,0,0,0,0.0728564984538476,0.1366666666666667,2.8000000000000003,0.0,0.2,0.0890603609150961,0.3655431174880655,4.866582132412073,0.5274599768572473,20.72448053886093,103.17925218102874,0.5,0.8999999999999929,28.79999999999996,0.4291666666666667
2025-12-21,0,0,0,0.7310332364240806,0.621774193548387,9.25,0.0,1.97,0.0728564984538476,0.0890603609150961,0.3655431174880655,0.8929500957932623,19.593237529651876,103.75755064639094,0.3,1.1999999999999929,21.59999999999996,0.396625
2025-12-22,0,0,0,1.6667570334642432,1.6604918032786886,20.23,0.0,7.3,0.7310332364240806,0.0728564984538476,0.0890603609150961,2.4706467683424096,20.91524582627021,95.96558124465862,1.1,1.8999999999999928,20.49999999999996,0.358875
2025-12-23,0,0,0,0.3000714709323005,0.4,8.08,0.0,0.98,1.6667570334642432,0.7310332364240806,0.0728564984538476,2.697861740820862,8.09190385008946,74.28843860917476,0.2,1.5999999999999928,9.899999999999958,0.3262916666666666
2025-12-24,0,0,0,0.1768464353526903,0.1673770491803279,7.81,0.0,5.42,0.3000714709323005,1.6667570334642432,0.7310332364240806,2.143674939749472,3.402168153030079,50.90427438153706,1.6,2.899999999999993,4.099999999999957,0.2938333333333333
2025-12-25,0,0,0,1.145152137781497,0.9077419354838708,11.12,0.0,7.1,0.1768464353526903,0.3000714709323005,1.6667570334642432,1.622070044066726,4.181777173323511,50.95478909265327,1.4,3.1999999999999926,5.499999999999957,0.2650833333333333
2025-12-26,0,0,0,5.005527832090524,3.707258064516129,18.08,1.68,7.31,1.145152137781497,0.1768464353526903,0.3000714709323005,6.327526405224949,9.09824464449894,52.38009510982408,0.4,3.3999999999999924,5.499999999999957,0.2469583333333333
2025-12-27,1,6,5,8.681897956803867,8.029047619047619,58.39,3.17,15.78,5.005527832090524,1.145152137781497,0.1768464353526903,14.832577926676128,17.70728610284896,38.43176664171038,4.4,6.199999999999993,9.399999999999958,0.248
2025-12-28,0,0,0,1.328855860413745,1.367741935483871,24.7,0.0,2.16,8.681897956803867,5.005527832090524,1.145152137781497,15.016281649308375,18.305108726838625,37.89834625649099,13.2,17.999999999999993,22.29999999999996,0.257875
2025-12-29,1,4,3,4.981029762815746,3.2587301587301587,31.87,0.79,4.92,1.328855860413745,8.681897956803867,5.005527832090524,14.991783580033598,21.619381456190126,42.534627282460825,5.0,22.59999999999999,26.19999999999996,0.2786666666666667
2025-12-30,1,8,3,12.57621945895603,11.66079365079365,31.0,10.62,13.64,4.981029762815746,1.328855860413745,8.681897956803867,18.88610508218576,33.89552944421386,41.987433294303806,8.0,26.199999999999992,33.99999999999996,0.4421249999999999
2025-12-31,1,2,0,4.608243378412681,4.65296875,17.259999999999998,4.075,5.12,12.57621945895603,4.981029762815746,1.328855860413745,22.16549260018469,38.32692638727384,41.729094540304416,8.0,20.999999999999996,40.39999999999996,0.4539583333333333
2026-01-01,0,0,0,1.6639783460234518,1.432769230769231,8.780000000000001,0.8,5.31,4.608243378412681,12.57621945895603,4.981029762815746,18.848441183392403,38.845752595515805,43.027529768839806,3.4,19.39999999999999,42.39999999999996,0.4648333333333334
2026-01-02,0,0,0,3.084576536691681,2.829692307692308,10.33,2.8000000000000003,3.35,1.6639783460234518,4.608243378412681,12.57621945895603,9.356798261128054,36.92480130011696,46.02304594461639,17.5,28.89999999999999,59.49999999999996,0.4653333333333333
2026-01-03,0,0,0,1.1875169619277186,1.4743076923076923,13.84,0.2,4.53,3.084576536691681,1.6639783460234518,4.608243378412681,5.936071844643092,29.43042030524081,47.13770640809026,2.8,23.699999999999992,57.89999999999995,0.4463749999999999
2026-01-04,0,0,0,0.2489428259007638,0.4896923076923077,9.0,0.0,0.98,1.1875169619277186,3.084576536691681,1.6639783460234518,4.521036324520404,28.350507270727828,46.65561599756694,2.0,22.299999999999997,46.69999999999995,0.4420416666666666
2026-01-05,0,0,0,0.0960064391652612,0.1637878787878788,1.2000000000000002,0.0,0.42,0.2489428259007638,1.1875169619277186,3.084576536691681,1.5324662269939835,23.46548394707734,45.08486540326796,0.2,4.999999999999993,41.89999999999996,0.4537083333333334
2026-01-06,0,0,0,0.0803835115563807,0.0996875,1.1800000000000002,0.0,0.39,0.0960064391652612,0.2489428259007638,1.1875169619277186,0.4253327766226456,10.969647999677694,44.86517744389204,1.2,3.399999999999993,35.09999999999996,0.4352499999999999
2026-01-07,1,24,13,12.445562164754438,6.289538461538461,41.76,2.0,8.52,0.0803835115563807,0.0960064391652612,0.2489428259007638,12.62195211547632,18.80696678601945,57.13389317329379,4.5,5.899999999999993,31.599999999999955,0.4195833333333333
2026-01-08,1,28,21,15.00532699253024,11.885692307692308,66.5,7.69,21.44,12.445562164754438,0.0803835115563807,0.0960064391652612,27.531272668841297,32.14831543252624,70.99406802804253,14.7,20.39999999999999,42.89999999999996,0.44975
2026-01-09,1,6,3,6.495811280300549,4.9340625,76.74,1.99,4.72,15.00532699253024,12.445562164754438,0.0803835115563807,33.94670043758546,35.559550176135104,72.48435147625256,12.8,31.999999999999996,38.19999999999996,0.468875
2026-01-10,1,1,0,2.021490220088576,2.1282539682539685,18.69,0.2,11.42,6.495811280300549,15.00532699253024,12.445562164754438,23.522628492919605,36.393523434295965,65.82394373953727,6.1,33.599999999999994,41.49999999999996,0.4404583333333333
2026-01-11,0,0,0,3.0052600999885417,1.7223809523809526,16.42,0.0,3.96,2.021490220088576,6.495811280300549,15.00532699253024,11.522561600377903,39.14984070838374,67.50034797911205,0.4,19.299999999999997,39.89999999999996,0.3775416666666666
2026-01-12,0,0,0,0.7451678997079649,0.4746031746031746,10.27,0.0,2.95,3.0052600999885417,2.021490220088576,6.495811280300549,5.771918219785322,39.79900216892645,63.26448611600428,6.3,12.799999999999994,45.99999999999996,0.333
2026-01-13,1,33,25,17.825647094100376,10.445,59.9,5.68,13.42,0.7451678997079649,3.0052600999885417,2.021490220088576,21.57607509379712,57.54426575147044,68.51391375114862,1.7,8.399999999999993,46.49999999999995,0.3370416666666667
2026-01-14,1,10,8,12.517163773919416,10.521875,67.93,6.615,10.98,17.825647094100376,0.7451678997079649,3.0052600999885417,31.087978767728,57.61586736063542,76.42283414665536,18.6,26.599999999999994,60.599999999999966,0.412625
2026-01-15,1,5,3,19.89134635972927,16.850483870967743,63.21,11.265,18.72,12.517163773919416,17.825647094100376,0.7451678997079649,50.23415722774931,62.501886727834446,94.65020216036118,15.4,35.7,61.29999999999996,0.4805
2026-01-16,1,16,12,14.688335891185435,15.40032786885246,60.46,8.8,15.64,19.89134635972927,12.517163773919416,17.825647094100376,47.09684602483436,70.69441133871933,106.25396151485492,21.5,55.5,69.99999999999996,0.4777916666666666
2026-01-17,1,15,11,8.767739062206953,9.177096774193547,50.04,4.09,16.9,14.688335891185435,19.89134635972927,12.517163773919416,43.3474213131219,77.44066018083771,113.83418361513417,22.0,58.89999999999999,85.89999999999996,0.4755416666666667
2026-01-18,0,0,0,6.053268873519958,5.822741935483871,48.8,1.99,11.4,8.767739062206953,14.688335891185435,19.89134635972927,29.50934382691259,80.48866895436913,119.63850966275336,16.6,60.1,102.09999999999997,0.4725833333333333
2026-01-19,0,0,0,10.571694327803778,9.14483870967742,34.28,9.51,7.71,6.053268873519958,8.767739062206953,14.688335891185435,25.39270226353093,90.31519538246496,130.1141975513919,21.4,59.99999999999999,117.19999999999996,0.4864583333333334
2026-01-20,0,0,0,4.9409709984133885,3.011451612903226,20.0,1.3000000000000005,3.57,10.571694327803778,6.053268873519958,8.767739062206953,21.565934199737367,77.43051928677797,134.97478503824888,1.3,39.29999999999999,116.79999999999995,0.495625
2026-01-21,0,0,0,0.8476076681298166,0.8582258064516131,18.4,0.2,0.61,4.9409709984133885,10.571694327803778,6.053268873519958,16.360272994347223,65.76096318098836,123.37683054162426,10.6,33.29999999999999,108.79999999999995,0.4763333333333333
2026-01-22,0,0,0,0.9352032033621004,1.216451612903226,10.8,0.4,1.37,0.8476076681298166,4.9409709984133885,10.571694327803778,6.723781869905547,46.80482002462119,109.30670675245612,13.2,25.099999999999994,106.59999999999997,0.4681249999999999
2026-01-23,0,0,0,0.6762400688978563,0.7783870967741936,8.200000000000001,0.295,1.38,0.9352032033621004,0.8476076681298166,4.9409709984133885,2.4590509403900147,32.79272420233361,103.48713554105343,3.3,27.09999999999999,88.39999999999996,0.4829999999999999
2026-01-24,0,0,0,0.5829407257522673,0.7569354838709678,12.63,0.4,5.12,0.6762400688978563,0.9352032033621004,0.8476076681298166,2.1943839980124658,24.60792586587892,102.04858604671712,3.3,19.799999999999997,69.69999999999996,0.47825
2026-01-25,1,15,12,7.140864955695798,5.594516129032258,44.39,2.4850000000000003,19.34,0.5829407257522673,0.6762400688978563,0.9352032033621004,8.400045750346163,25.69552194805476,106.18419090242438,10.4,16.999999999999993,63.49999999999996,0.4799583333333333
2026-01-26,0,0,0,1.4165596251887609,1.0866129032258065,15.0,0.1,0.39,7.140864955695798,0.5829407257522673,0.6762400688978563,9.140365306637069,16.540387245439746,106.85558262790518,6.2,19.89999999999999,48.29999999999996,0.4846666666666666
2026-01-27,1,18,16,13.537229472206349,6.232741935483871,38.55,0.5950000000000001,20.21,1.4165596251887609,7.140864955695798,0.5829407257522673,22.094654053091148,25.136645719232707,102.56716500601117,0.9,17.499999999999996,47.89999999999996,0.4812499999999999
2026-01-28,1,8,8,4.471073629580952,3.739193548387097,39.900000000000006,0.4,20.44,13.537229472206349,1.4165596251887609,7.140864955695798,19.424862726976304,28.76011168068384,94.52107486167267,6.3,13.399999999999991,43.59999999999996,0.4813333333333333
2026-01-29,1,6,4,1.4583868562013051,1.983934426229508,28.81,0.2,6.98,4.471073629580952,13.537229472206349,1.4165596251887609,19.466689957988848,29.283295333523046,76.08811535814472,17.9,25.09999999999999,48.29999999999996,0.4888333333333333
2026-01-30,1,3,1,15.046286106131843,13.991451612903226,43.75,9.96,13.44,1.4583868562013051,4.471073629580952,13.537229472206349,20.975746591914344,43.65334137075703,76.44606557309112,19.0,43.19999999999999,63.99999999999996,0.4831666666666667
2026-01-31,0,0,0,1.4566892458655012,0.9275409836065576,13.8,0.2,0.39,15.046286106131843,1.4583868562013051,4.471073629580952,17.961362208198896,44.52708989087027,69.13501575674967,0.5,37.39999999999999,61.19999999999996,0.4624166666666667
2026-02-01,1,20,13,12.704373621877362,12.0575,38.82,7.965,19.57,1.4566892458655012,15.046286106131843,1.4583868562013051,29.20734897387495,50.09059855705183,75.78612050510708,3.7,23.199999999999992,54.49999999999996,0.4639166666666667
2026-02-02,0,0,0,4.941075155391764,3.13671875,17.400000000000002,1.095,4.15,12.704373621877362,1.4566892458655012,15.046286106131843,19.10213802313487,53.61511408725483,70.15550133269505,9.9,14.099999999999994,58.19999999999996,0.4827916666666667
2026-02-03,1,12,10,11.922673648674063,9.79125,44.3,4.220000000000001,16.35,4.941075155391764,12.704373621877362,1.4566892458655012,29.56812242594344,52.00055826372255,77.13720398295575,27.1,40.7,84.39999999999995,0.4831666666666667
2026-02-04,1,2,1,6.998598618798043,6.456875,34.79,5.0,7.56,11.922673648674063,4.941075155391764,12.704373621877362,23.86234742286412,54.528083252939645,83.28819493362397,11.9,48.89999999999999,89.99999999999996,0.4910416666666666
2026-02-05,0,0,0,2.729400695589859,2.12609375,26.76,1.0,1.18,6.998598618798043,11.922673648674063,4.941075155391764,21.65067296306221,55.7990970923282,85.08239242585174,4.7,43.7,76.79999999999997,0.4904583333333333
2026-02-06,0,0,0,2.473122977911097,2.0134375,17.77,0.5,0.98,2.729400695589859,6.998598618798043,11.922673648674063,12.201122292299244,43.225933964107455,86.87927533486497,6.3,22.89999999999999,64.09999999999997,0.4695
2026-02-07,1,7,4,13.364718580191951,10.92265625,49.53,7.765000000000001,10.58,2.473122977911097,2.729400695589859,6.998598618798043,18.567242253693152,55.1339632984339,99.66105318930464,16.8,27.8,80.39999999999996,0.473125
2026-02-08,0,0,0,5.337698234232777,4.1053125,25.3,2.58,1.97,13.364718580191951,2.473122977911097,2.729400695589859,21.175539792336068,47.76728791078932,97.85788646784164,17.8,40.9,94.49999999999996,0.485625
2026-02-09,1,5,1,5.490596327165319,4.4975000000000005,29.87,2.01,3.55,5.337698234232777,13.364718580191951,2.473122977911097,24.19301314159029,48.31680908256287,101.93192316981818,19.2,53.8,103.79999999999995,0.481
2026-02-10,0,0,0,6.291798443318135,5.495625,24.55,4.565,4.92,5.490596327165319,5.337698234232777,13.364718580191951,17.120093004716477,42.68593387720694,94.68649214093,29.1,66.1,105.79999999999995,0.4732083333333333
2026-02-11,0,0,0,6.666653535331706,5.42890625,26.26,3.775,2.76,6.291798443318135,5.490596327165319,5.337698234232777,18.44904830581541,42.3539887937406,96.88207204668072,12.3,60.6,106.19999999999996,0.480375
2026-02-12,0,0,0,4.44799501638026,1.7382539682539684,19.85,0.2,6.12,6.666653535331706,6.291798443318135,5.490596327165319,17.406446995030347,44.072583114531,99.8716802068597,2.0,43.4,103.49999999999996,0.4745
2026-02-13,0,0,0,3.840080367235372,2.610161290322581,24.0,0.2,14.91,4.44799501638026,6.666653535331706,6.291798443318135,14.954728918947582,45.43954050385528,88.66547446796322,1.8,16.099999999999998,98.99999999999996,0.4419166666666667
2026-02-14,0,0,0,1.5480279721436203,1.3679687500000002,11.79,0.0,6.95,3.840080367235372,4.44799501638026,6.666653535331706,9.836103355759498,33.62284989580695,88.75681319424133,0.5,4.299999999999996,82.69999999999996,0.432
2026-02-15,0,0,0,0.6570585389490673,0.75,15.11,0.0,1.18,1.5480279721436203,3.840080367235372,4.44799501638026,6.045166878328304,28.94221020052324,76.70949811131304,0.0,2.2999999999999963,64.89999999999996,0.400375
2026-02-16,1,7,3,5.543671696333918,4.035238095238095,34.81,0.4,10.17,0.6570585389490673,1.5480279721436203,3.840080367235372,7.748758207426851,28.99528556969184,77.3120946522552,0.4,0.8999999999999965,46.09999999999996,0.364625
2026-02-17,1,4,4,4.392293408423312,5.026833333333333,59.05,1.0,17.07,5.543671696333918,0.6570585389490673,1.5480279721436203,10.593023643706545,27.09578053479701,69.78171441200445,4.3,4.699999999999997,21.29999999999996,0.3558333333333333
2026-02-18,1,1,0,1.5135599646603566,1.0141935483870967,13.76,0.2,4.33,4.392293408423312,5.543671696333918,0.6570585389490673,11.449525069417833,21.942686964125663,64.29667575786675,3.4,8.099999999999996,12.399999999999958,0.4345416666666666
2026-02-19,0,0,0,0.3723593052384341,0.6219354838709678,10.63,0.0,4.92,1.5135599646603566,4.392293408423312,5.543671696333918,6.278212678322348,17.867051252983835,61.939634367515325,2.9,10.599999999999996,13.299999999999958,0.4551666666666666
2026-02-20,0,0,0,0.2545628214370421,0.3414516129032258,6.2,0.0,0.59,0.3723593052384341,1.5135599646603566,4.392293408423312,2.140482091336078,14.28153370718551,59.72107421104127,0.2,6.4999999999999964,11.699999999999957,0.4299166666666666
2026-02-21,0,0,0,0.150318133392133,0.2224193548387097,3.8,0.0,0.39,0.2545628214370421,0.3723593052384341,1.5135599646603566,0.7772402600678544,12.88382386843402,46.50667376424145,15.0,18.1,26.19999999999996,0.4014166666666667
2026-02-22,0,0,0,3.290341289631035,5.720625,48.85,1.0,8.32,0.150318133392133,0.2545628214370421,0.3723593052384341,3.695222244460455,15.517106619115989,44.45931681963971,11.9,27.099999999999994,38.09999999999996,0.42775
2026-02-23,0,0,0,1.0001229156320872,1.7736507936507937,52.57,0.4,2.16,3.290341289631035,0.150318133392133,0.2545628214370421,4.4407823386555005,10.97355783841416,39.96884340810648,9.7,36.6,47.39999999999996,0.4684166666666667
2026-02-24,1,9,7,8.702678862003209,5.069523809523809,26.23,1.4,11.99,1.0001229156320872,3.290341289631035,0.150318133392133,12.993143067266576,15.283943291994056,42.37972382679155,30.1,51.7,73.19999999999996,0.473
2026-02-25,1,6,2,4.047831382637905,3.5022222222222226,24.4,1.79,4.53,8.702678862003209,1.0001229156320872,3.290341289631035,13.750633160273448,17.818214709971603,39.76090167409775,23.0,62.8,92.79999999999995,0.4655833333333333
2026-02-26,0,0,0,4.667015454375795,4.545967741935484,15.21,4.3950000000000005,1.77,4.047831382637905,8.702678862003209,1.0001229156320872,17.417525699017155,22.11287085910897,39.97992211209328,15.1,68.19999999999999,104.99999999999996,0.4635
2026-02-27,0,0,0,6.4076285647287685,4.51015873015873,19.3,3.61,2.17,4.667015454375795,4.047831382637905,8.702678862003209,15.122475401742715,28.26593660240069,42.54747030958668,1.5,39.6,106.29999999999995,0.4652083333333334
2026-02-28,0,0,0,0.2952074787928361,0.2741935483870967,3.6,0.0,0.2,6.4076285647287685,4.667015454375795,4.047831382637905,11.369851497897644,28.410825947801392,41.2946498162359,0.3,16.89999999999999,91.59999999999997,0.4397916666666666
2026-03-01,0,0,0,0.149607837888913,0.1512903225806451,1.0,0.0,0.59,0.2952074787928361,6.4076285647287685,4.667015454375795,6.852443881410765,25.27009249605927,40.78719911517574,0.0,1.799999999999993,79.69999999999996,0.4124166666666666
2026-03-02,0,0,0,0.0582951972016672,0.0774193548387097,1.0,0.0,0.2,0.149607837888913,0.2952074787928361,6.4076285647287685,0.5031105138836633,24.328264777628853,35.301822616043495,0.1,0.3999999999999929,70.09999999999995,0.387375
2026-03-03,0,0,0,0.0557009793697445,0.0786885245901639,1.0,0.0,0.2,0.0582951972016672,0.149607837888913,0.2952074787928361,0.2636040144605718,15.681286894995386,30.965230186989928,0.0,0.0999999999999929,39.99999999999996,0.3695833333333333
2026-03-04,0,0,0,0.0651532346561754,0.101639344262295,3.0,0.0,0.2,0.0557009793697445,0.0582951972016672,0.149607837888913,0.1791494112278342,11.698608747013658,29.516823456985747,0.1,0.1999999999999929,17.09999999999996,0.3486666666666667
2026-03-05,0,0,0,0.1967563406778369,0.1855737704918033,6.52,0.0,4.55,0.0651532346561754,0.0557009793697445,0.0582951972016672,0.3176105547040039,7.228349633315698,29.34122049242515,1.3,1.399999999999993,3.299999999999957,0.3275416666666667
2026-03-06,1,13,7,8.58934157637863,9.01952380952381,46.33,3.15,22.74,0.1967563406778369,0.0651532346561754,0.0557009793697445,8.851251151712889,9.41006264496556,37.67599924736673,3.2,4.599999999999993,4.999999999999957,0.3766666666666667
2026-03-07,1,2,1,9.111383451762574,7.83873015873016,44.18,5.2,10.57,8.58934157637863,0.1967563406778369,0.0651532346561754,17.897481368819285,18.226238617935294,46.63706456573718,25.4,29.89999999999999,30.099999999999955,0.4577916666666666
2026-03-08,1,15,13,14.593900161283226,14.113174603174604,90.08,7.1000000000000005,24.46,9.111383451762574,8.58934157637863,0.1967563406778369,32.29462518942468,32.670530941329616,57.94062343738936,10.4,38.99999999999999,40.49999999999996,0.4751666666666667
2026-03-09,0,0,0,8.743341084269169,4.9,51.89,2.8000000000000003,1.96,14.593900161283226,9.111383451762574,8.58934157637863,32.44862469731522,41.35557682839712,65.68384160602645,13.7,49.49999999999999,54.09999999999995,0.497875
2026-03-10,0,0,0,7.994629790201637,7.36328125,29.700000000000003,4.78,10.28,8.743341084269169,14.593900161283226,9.111383451762574,31.33187103575428,49.29450563922901,64.97579253422488,15.8,39.89999999999999,69.89999999999995,0.4809166666666666
2026-03-11,0,0,0,3.508449356294465,2.9177777777777782,25.78,2.2,1.57,7.994629790201637,8.743341084269169,14.593900161283226,20.24642023076552,52.73780176086729,64.43641050788145,18.5,47.99999999999999,88.29999999999995,0.4889166666666666
2026-03-12,0,0,0,15.54759332455334,12.59936507936508,41.8,5.800000000000001,4.53,3.508449356294465,7.994629790201637,8.743341084269169,27.050672471049687,68.0886387447428,75.31698837805898,26.6,60.89999999999999,113.59999999999997,0.47525
2026-03-13,0,0,0,3.443228149654007,2.7350000000000003,21.89,1.585,1.18,15.54759332455334,3.508449356294465,7.994629790201637,22.49927083050206,62.94252531801817,72.35258796298422,3.2,48.3,113.59999999999997,0.4706666666666666
2026-03-14,0,0,0,0.9951815908929692,0.9463333333333334,13.4,0.0,1.38,3.443228149654007,15.54759332455334,3.508449356294465,19.98600306510056,54.82632345714857,73.05256207508435,0.1,29.899999999999995,88.29999999999995,0.4537916666666666
2026-03-15,0,0,0,1.02773094232917,1.036612903225807,9.8,0.0,3.54,0.9951815908929692,3.443228149654007,15.54759332455334,5.466140682876393,41.26015423819451,73.93068517952462,0.9,4.199999999999993,78.79999999999997,0.4215833333333333
2026-03-16,0,0,0,0.7680088805512312,0.6032786885245902,6.6000000000000005,0.0,0.2,1.02773094232917,0.9951815908929692,3.443228149654007,2.790921413773617,33.284822034476576,74.64039886287418,0.0,0.9999999999999928,65.09999999999997,0.3936249999999999
2026-03-17,0,0,0,0.7718209849698706,0.6882258064516129,6.800000000000001,0.0,3.15,0.7680088805512312,1.02773094232917,0.9951815908929692,2.5675608078505188,26.06201322924481,75.3565188684743,0.4,1.299999999999993,49.69999999999996,0.365625
2026-03-18,1,1,0,1.5565147081631725,1.6462903225806451,12.78,0.2,11.6,0.7718209849698706,0.7680088805512312,1.02773094232917,3.096344573684521,24.11007858111352,76.8478803419813,13.6,13.999999999999991,44.79999999999996,0.361125
2026-03-19,1,7,3,5.944581467390544,5.569365079365079,44.38,3.0,18.53,1.5565147081631725,0.7718209849698706,0.7680088805512312,8.272917160523836,14.507066723950722,82.595705468694,8.3,22.299999999999997,26.49999999999996,0.4242916666666667
2026-03-20,0,0,0,4.2273070586183525,1.4662295081967214,17.29,0.2,0.79,5.944581467390544,1.5565147081631725,0.7718209849698706,11.728403234172315,15.291145632915066,78.23367095093373,0.4,22.299999999999997,23.69999999999996,0.4379583333333333
2026-03-21,0,0,0,0.8234906118306475,0.512741935483871,5.6000000000000005,0.0,0.39,4.2273070586183525,5.944581467390544,1.5565147081631725,10.995379137839793,15.119454653852744,69.94577811100181,0.0,8.699999999999994,23.599999999999955,0.4133333333333333
2026-03-22,0,0,0,0.3851503239587884,0.4131147540983607,5.4,0.0,0.2,0.8234906118306475,4.2273070586183525,5.944581467390544,5.435947994408036,14.476874035482364,55.73702827367737,0.1,0.4999999999999929,22.79999999999996,0.3882083333333333
2026-03-23,0,0,0,0.2822954480837583,0.2932258064516129,3.6,0.0,0.39,0.3851503239587884,0.8234906118306475,4.2273070586183525,1.4909363838734413,13.99116060301489,47.27598263749195,0.4,0.4999999999999929,23.19999999999996,0.359625
2026-03-24,0,0,0,0.2185468988959135,0.2096774193548387,5.2,0.0,0.2,0.2822954480837583,0.3851503239587884,0.8234906118306475,0.8859926709387073,13.437886516940935,39.49989974618623,0.0,0.4999999999999929,22.799999999999955,0.3347916666666666
2026-03-25,0,0,0,0.6471790919624723,1.2885245901639344,18.51,0.0,7.16,0.2185468988959135,0.2822954480837583,0.3851503239587884,1.148021438942391,12.528550900740235,36.63862948185424,2.8,3.1999999999999926,11.999999999999956,0.3258749999999999
2026-03-26,1,1,0,5.402863390651367,5.595,35.62,0.6000000000000001,14.47,0.6471790919624723,0.2185468988959135,0.2822954480837583,6.26858938151,11.986832824001056,26.493899547952264,5.3,8.099999999999993,8.999999999999957,0.3595
2026-03-27,0,0,0,1.769512340520584,0.7159677419354838,12.4,0.0,1.18,5.402863390651367,0.6471790919624723,0.2185468988959135,7.81955482313467,9.529038105903288,24.82018373881884,0.0,8.099999999999993,8.599999999999957,0.3692916666666666
2026-03-28,0,0,0,1.2504590458775957,0.350655737704918,6.4,0.0,0.79,1.769512340520584,5.402863390651367,0.6471790919624723,8.422834777049793,9.956006539950236,25.075461193803463,0.3,5.5999999999999925,8.899999999999958,0.3338333333333333
2026-03-29,0,0,0,0.1101315968525283,0.1443548387096774,3.95,0.0,0.59,1.2504590458775957,1.769512340520584,5.402863390651367,3.130102983250955,9.680987812843975,24.157861848326828,0.0,0.2999999999999929,8.799999999999958,0.3017916666666666
2026-03-30,0,0,0,0.081821060009359,0.0945901639344262,2.77,0.0,0.59,0.1101315968525283,1.2504590458775957,1.769512340520584,1.44241170273973,9.480513424769576,23.47167402778496,0.1,0.3999999999999929,8.499999999999957,0.2756666666666666
2026-03-31,0,0,0,1.9348050006991635,2.008870967741936,13.77,1.2000000000000002,3.94,0.081821060009359,0.1101315968525283,1.2504590458775957,2.126757657561298,11.196771526572826,24.63465804351425,20.1,20.2,28.59999999999996,0.32875
2026-04-01,1,3,2,3.3155598360790077,4.879375,54.43,0.0,14.93,1.9348050006991635,0.081821060009359,0.1101315968525283,5.332185896787777,13.86515227068936,26.393703171430083,21.0,41.2,46.79999999999996,0.4107083333333333
2026-04-02,0,0,0,1.175478565616081,1.47453125,25.41,0.795,5.32,3.3155598360790077,1.9348050006991635,0.081821060009359,6.425843402394499,9.637767445654076,21.62460026965562,6.5,47.6,47.99999999999996,0.4479166666666667
2026-04-03,0,0,0,0.8999418196795231,1.6315625,91.02,0.0,9.14,1.175478565616081,3.3155598360790077,1.9348050006991635,5.390980221374858,8.768196924813015,18.297235030716788,0.5,27.999999999999996,48.49999999999996,0.414125
2026-04-04,0,0,0,1.7195555066153545,3.06234375,120.96,0.2,19.14,0.8999418196795231,1.175478565616081,3.3155598360790077,3.794975891911205,9.237293385550773,19.1932999255015,6.9,13.899999999999991,55.09999999999996,0.4040416666666666
2026-04-05,0,0,0,1.0840015123433333,2.2384375000000003,135.66,0.0,8.95,1.7195555066153545,0.8999418196795231,1.175478565616081,3.7034988386384575,10.211163301041578,19.89215111388604,0.4,7.799999999999994,55.49999999999996,0.4004583333333333
2026-04-06,0,0,0,0.5259228263425582,0.4628571428571429,19.46,0.0,9.18,1.0840015123433333,1.7195555066153545,0.8999418196795231,3.329479845301493,10.655265067374778,20.13577849214484,0.5,7.799999999999994,55.89999999999996,0.3904583333333333
2026-04-07,0,0,0,4.358996161161094,4.917460317460318,53.0,3.0,16.01,0.5259228263425582,1.0840015123433333,1.7195555066153545,5.968920499847233,13.079456227836708,24.276227754410023,9.2,10.099999999999993,44.99999999999996,0.3942083333333333
2026-04-08,0,0,0,0.4640127324145314,0.5262903225806452,13.23,0.0,4.83,4.358996161161094,0.5259228263425582,1.0840015123433333,5.34893171991843,10.227909124172232,24.09306139486208,1.6,11.299999999999992,25.59999999999996,0.3835833333333333
2026-04-09,0,0,0,0.2105468010258628,0.211639344262295,5.909999999999999,0.0,2.17,0.4640127324145314,4.358996161161094,0.5259228263425582,5.033555694601735,9.262977359582012,18.900744805236577,14.1,24.89999999999999,33.19999999999996,0.381
2026-04-10,0,0,0,2.850233871667892,3.025714285714286,8.27,2.96,3.54,0.2105468010258628,0.4640127324145314,4.358996161161094,3.524793405108533,11.213269411570382,19.98146633638388,1.5,17.199999999999992,34.19999999999996,0.3949583333333333
2026-04-11,0,0,0,1.0831588460444637,0.2262295081967213,4.800000000000001,0.0,0.2,2.850233871667892,0.2105468010258628,0.4640127324145314,4.143939518738465,10.576872750999492,19.814166136550757,0.0,15.599999999999993,27.29999999999996,0.3699999999999999
2026-04-12,0,0,0,0.0436479235960473,0.0262295081967213,0.4,0.0,0.2,1.0831588460444637,2.850233871667892,0.2105468010258628,3.97704064130865,9.536519162252208,19.74768246329427,0.0,1.499999999999993,26.89999999999996,0.3409583333333333
2026-04-13,0,0,0,0.0094590993663552,0.0163934426229508,0.2,0.0,0.2,0.0436479235960473,1.0831588460444637,2.850233871667892,1.1362658690071132,9.020055435276005,19.675320502651264,0.1,0.0999999999999929,26.49999999999996,0.3252916666666667
2026-04-14,0,0,0,0.0081052691584557,0.0163934426229508,0.4,0.0,0.2,0.0094590993663552,0.0436479235960473,1.0831588460444637,0.0612122921211052,4.669164543273365,17.74862077111056,0.0,0.0999999999999929,17.299999999999958,0.312625
2026-04-15,0,0,0,0.0041741639643658,0.0098360655737704,0.2,0.0,0.2,0.0081052691584557,0.0094590993663552,0.0436479235960473,0.0217385324894237,4.2093259748232,14.437235098995917,0.0,0.0999999999999929,15.699999999999957,0.2859166666666666
2026-04-16,0,0,0,0.1724271958725939,0.1732786885245901,9.77,0.0,1.97,0.0041741639643658,0.0081052691584557,0.0094590993663552,0.1847066289956624,4.17120636966993,13.43418372925243,0.0,0.0,1.5999999999999577,0.2625
2026-04-17,0,0,0,0.1523473576276798,0.1395081967213114,4.36,0.0,3.15,0.1724271958725939,0.0041741639643658,0.0081052691584557,0.3289487174648865,1.4733198556297182,12.686589267200588,0.0,0.0,0.0999999999999573,0.2400416666666666
2026-04-18,0,0,0,0.8955081069249982,0.9008064516129032,7.28,0.1,3.75,0.1523473576276798,0.1724271958725939,0.0041741639643658,1.2202826604255188,1.2856691165102527,11.862541867510233,3.1,3.099999999999993,3.199999999999957,0.2362083333333333
2026-04-19,0,0,0,0.1624870227568667,0.1314516129032258,7.55,0.0,1.38,0.8955081069249982,0.1523473576276798,0.1724271958725939,1.2103424873097914,1.404508215671072,10.941027377923763,0.0,3.099999999999993,3.199999999999957,0.255125
2026-04-20,0,0,0,0.1155461271063336,0.1140322580645161,6.67,0.0,1.05,0.1624870227568667,0.8955081069249982,0.1523473576276798,1.1735412567884451,1.5105952434110503,10.53065067868754,0.0,3.099999999999993,3.099999999999957,0.2317083333333333
2026-04-21,0,0,0,0.1149993932643847,0.1120967741935484,6.75,0.0,1.18,0.1155461271063336,0.1624870227568667,0.8955081069249982,0.393032543127832,1.6174893675169797,6.286653910790832,0.0,0.0,3.099999999999957,0.2109583333333333
2026-04-22,0,0,0,0.0883355081086434,0.0866129032258064,5.17,0.0,0.98,0.1149993932643847,0.1155461271063336,0.1624870227568667,0.3188810284796087,1.701650711661257,5.910976686484943,0.0,0.0,3.099999999999957,0.1920416666666666
2026-04-23,0,0,0,0.1055489023231093,0.1030645161290322,6.19,0.0,1.22,0.0883355081086434,0.1149993932643847,0.1155461271063336,0.3088838036963844,1.6347724181117729,5.805978787782189,0.0,0.0,3.099999999999957,0.1759583333333333
2026-04-24,0,0,0,0.0440561197544268,0.0467213114754098,2.45,0.0,0.63,0.1055489023231093,0.0883355081086434,0.1149993932643847,0.2379405301864265,1.5264811802385196,2.9998010358687246,0.0,0.0,3.099999999999957,0.162625
2026-04-25,0,0,0,0.016912795991103,0.0162295081967213,0.99,0.0,0.39,0.0440561197544268,0.1055489023231093,0.0883355081086434,0.1665178180688862,0.6478858693046244,1.933554985815364,0.0,0.0,0.0,0.1483333333333333
2026-04-26,0,0,0,0.0085366589829716,0.0098360655737704,0.2,0.0,0.2,0.016912795991103,0.0440561197544268,0.1055489023231093,0.0695055747287485,0.4939355055307294,1.898443721202288,0.0,0.0,0.0,0.1353333333333333
2026-04-27,0,0,0,0.4003754506083833,0.41,3.99,0.0,3.37,0.0085366589829716,0.016912795991103,0.0440561197544268,0.4258249055827049,0.7787648290327791,2.289360072444316,14.3,14.299999999999994,14.299999999999958,0.142375
2026-04-28,0,0,0,2.424607151561317,4.33225806451613,34.69,0.6000000000000001,10.16,0.4003754506083833,0.0085366589829716,0.016912795991103,2.833519261152919,3.088372587329712,4.705861954847178,12.2,26.499999999999996,26.49999999999996,0.2231666666666666
2026-04-29,0,0,0,0.9681908969863304,0.8488709677419355,11.81,0.2,4.13,2.424607151561317,0.4003754506083833,0.0085366589829716,3.793173499156278,3.968227976207399,5.669878687869143,15.4,41.89999999999999,41.89999999999996,0.3435416666666666
2026-04-30,0,0,0,2.778292964638924,3.343225806451613,12.4,3.075,4.72,0.9681908969863304,2.424607151561317,0.4003754506083833,6.171091013186818,6.640972038523213,8.275744456635472,3.3,30.89999999999999,45.19999999999996,0.4195
2026-05-01,0,0,0,0.4695524207904213,0.1278688524590164,2.0,0.0,0.2,2.778292964638924,0.9681908969863304,2.424607151561317,4.2160362824159225,7.066468339559208,8.592949519798214,0.6,19.299999999999997,45.79999999999996,0.3964583333333333
2026-05-02,0,0,0,0.3645887962517793,0.2270967741935484,4.180000000000001,0.0,2.16,0.4695524207904213,2.778292964638924,0.9681908969863304,3.612434181681372,7.414144339819884,8.062030209124995,0.2,4.0999999999999925,45.99999999999996,0.3670833333333334
2026-05-03,0,0,0,0.5821004884176161,0.7601587301587301,4.17,0.6000000000000001,0.59,0.3645887962517793,0.4695524207904213,2.778292964638924,1.4162417054600636,7.987708169254528,8.481643674785744,1.7,2.499999999999993,47.69999999999996,0.3730833333333334
2026-05-04,0,0,0,0.1097414355269409,0.2522033898305084,12.08,0.0,8.93,0.5821004884176161,0.3645887962517793,0.4695524207904213,1.0564307201965832,7.6970741541730865,8.475838983206351,2.2,4.0999999999999925,35.59999999999996,0.3740416666666666
2026-05-05,0,0,0,0.0023823589215015,0.0067796610169491,0.2,0.0,0.2,0.1097414355269409,0.5821004884176161,0.3645887962517793,0.6942242828663054,5.274849361533271,8.363221948863469,0.0,3.899999999999993,23.39999999999996,0.3542499999999999
2026-05-06,0,0,0,0.0513776513535923,0.1421666666666666,8.33,0.0,8.33,0.0023823589215015,0.1097414355269409,0.5821004884176161,0.1635014458022817,4.358036115900532,8.326264092108417,0.0,2.199999999999993,7.999999999999957,0.3329583333333333
2026-05-07,0,0,0,0.0842657950589542,0.0836666666666666,4.82,0.0,1.05,0.0513776513535923,0.0023823589215015,0.1097414355269409,0.138025805334295,1.6640089463205625,8.304980984844262,0.0,0.0,4.6999999999999575,0.29975
2026-05-08,0,0,0,0.0812778964564191,0.1434426229508196,3.8,0.0,0.98,0.0842657950589542,0.0513776513535923,0.0023823589215015,0.2169213428692126,1.2757344219865605,8.342202761546254,0.1,0.0999999999999929,4.1999999999999575,0.2662083333333333
2026-05-09,0,0,0,0.3664017624797976,0.3488709677419355,15.46,0.0,1.77,0.0812778964564191,0.0842657950589542,0.0513776513535923,0.5319454539954178,1.2775473882145785,8.691691728034948,0.0,0.0999999999999929,3.999999999999958,0.2427083333333333
2026-05-10,0,0,0,10.59597367182207,13.328548387096774,22.31,16.384999999999998,4.54,0.3664017624797976,0.0812778964564191,0.0842657950589542,11.043653330758534,11.291420571619032,19.27912874087405,12.6,12.699999999999992,14.899999999999958,0.3291666666666666
2026-05-11,0,0,0,1.7525906311775714,1.4469841269841273,12.0,0.4,0.79,10.59597367182207,0.3664017624797976,0.0812778964564191,12.714966065479688,12.934269767269663,20.63134392144324,0.0,12.599999999999993,12.699999999999957,0.3939583333333333
2026-05-12,0,0,0,0.7285968627915902,0.2504761904761905,3.6,0.0,1.18,1.7525906311775714,10.59597367182207,0.3664017624797976,13.07716116579148,13.660484271139753,18.935333632673508,0.0,12.599999999999993,12.699999999999957,0.3609583333333333
2026-05-13,0,0,0,0.3945918668939879,0.1483870967741935,3.0,0.0,0.8,0.7285968627915902,1.7525906311775714,10.59597367182207,2.8757793608633966,14.003698486680149,18.36173460258117,0.0,0.0,12.699999999999957,0.331625
2026-05-14,0,0,0,0.3158797468132224,0.1287096774193548,2.79,0.0,0.4,0.3945918668939879,0.7285968627915902,1.7525906311775714,1.4390684764990471,14.235312438434416,15.899321384755464,0.0,0.0,12.699999999999957,0.3062083333333333
2026-05-15,0,0,0,2.599141120763632,3.01296875,5.99,3.3950000000000005,0.59,0.3158797468132224,0.3945918668939879,0.7285968627915902,3.309612734471089,16.75317566274163,18.028910084728675,7.5,7.499999999999993,20.09999999999996,0.33875
2026-05-16,0,0,0,0.949352544398577,0.7490625,29.54,0.2,6.49,2.599141120763632,0.3158797468132224,0.3945918668939879,3.8643734119756794,17.336126444660408,18.61367383287547,7.6,15.099999999999993,27.69999999999996,0.3815416666666666
2026-05-17,0,0,0,8.764654211019629,9.078888888888889,26.8,8.700000000000001,9.48,0.949352544398577,2.599141120763632,0.3158797468132224,12.313147876182084,15.504806983857966,26.796227555477486,11.3,26.39999999999999,26.39999999999996,0.4050833333333333
2026-05-18,0,0,0,2.9301902545566185,0.9175409836065574,12.4,0.6000000000000001,0.59,8.764654211019629,0.949352544398577,2.599141120763632,12.644197009975072,16.682406607237013,29.616676374507165,2.2,21.099999999999994,28.59999999999996,0.4795
2026-05-19,0,0,0,2.7465280301699897,0.7598387096774194,13.0,0.2,1.18,2.9301902545566185,8.764654211019629,0.949352544398577,14.441372495746483,18.700337774615413,32.360822045755654,4.2,17.699999999999996,32.799999999999955,0.4660833333333333
2026-05-20,0,0,0,1.4020643209300547,0.8304687500000001,3.2,0.8,0.42,2.7465280301699897,2.9301902545566185,8.764654211019629,7.07878260565691,19.70781022865148,33.71150871533212,3.7,10.099999999999994,36.49999999999996,0.47275
2026-05-21,0,0,0,1.212048344891285,0.4184375,4.800000000000001,0.2,0.79,1.4020643209300547,2.7465280301699897,2.9301902545566185,5.360640695991576,20.603978826729545,34.83929126516444,0.8,8.699999999999994,37.29999999999996,0.4597916666666666
2026-05-22,0,0,0,0.6823887500203989,0.4495081967213115,14.02,0.2,4.33,1.212048344891285,1.4020643209300547,2.7465280301699897,3.296501415841986,18.68722645598631,35.44040211872843,0.7,5.199999999999993,30.49999999999996,0.4581666666666666
2026-05-23,0,0,0,7.743984614502827,8.07640625,27.36,7.69,5.71,0.6823887500203989,1.212048344891285,1.4020643209300547,9.638421709414756,25.48185852609056,42.81798497075145,26.9,28.39999999999999,49.79999999999996,0.4737916666666666
2026-05-24,0,0,0,2.3688117199715184,1.8025806451612905,13.64,1.2950000000000002,1.77,7.743984614502827,0.6823887500203989,1.212048344891285,10.79518508449499,19.086016035042448,34.590823018900906,10.9,38.49999999999999,49.39999999999996,0.4790833333333333
2026-05-25,0,0,0,0.6002056360096987,0.1609677419354838,2.18,0.0,0.98,2.3688117199715184,7.743984614502827,0.6823887500203989,10.71300197048429,16.756031416495528,33.43843802373303,1.0,38.8,48.19999999999995,0.4714166666666666
2026-05-26,0,0,0,0.3180183045794146,0.1465,2.6,0.0,0.79,0.6002056360096987,2.3688117199715184,7.743984614502827,3.287035660560879,14.327521690904954,33.02785946552085,1.9,13.799999999999994,45.89999999999996,0.454
2026-05-27,0,0,0,0.3624880238714082,0.4235,7.140000000000001,0.0,2.95,0.3180183045794146,0.6002056360096987,2.3688117199715184,1.2807119644607683,13.287945393846307,32.99575562249827,1.5,4.399999999999993,43.69999999999995,0.4457916666666666
2026-05-28,0,0,0,0.1056796026809685,0.1152542372881356,3.8,0.0,0.2,0.3624880238714082,0.3180183045794146,0.6002056360096987,0.7861859311320384,12.181576651635991,32.78555547836602,0.0,3.399999999999993,42.89999999999995,0.4370416666666667
2026-05-29,0,0,0,,,,,,,,,,,,0.0,1.499999999999993,42.19999999999995,0.4302916666666667
2026-05-30,0,0,0,,,,,,,,,,,,0.3,0.2999999999999929,15.599999999999955,0.4272083333333333
2026-05-31,0,0,0,,,,,,,,,,,,0.1,0.3999999999999929,4.799999999999957,0.4270833333333333
