date,current_zone,neighbor,status,way
01-01-2015,Zona Sul,M'Boi Mirim,Inativo Transitável,"AV GUARAPIRANGA,"
02-01-2015,Zona Oeste,Butantã,Inativo Transitável,"AV PROF FRANCISCO MORATO,"
03-01-2015,Zona Norte,Pirituba/Jaraguá,Inativo Intransitável,AV RAIMUNDO PEREIRA DE MAGALHAES
04-01-2015,,,,
05-01-2015,Zona Norte,Santana,Inativo Transitável,AV SANTOS DUMONT
05-01-2015,Zona Oeste,Butantã,Inativo Transitável,AV MAGALHAES DE CASTRO
05-01-2015,Zona Leste,Itaquera,Inativo Transitável,AV ARICANDUVA
05-01-2015,Zona Leste,São Mateus,Inativo Transitável,AV JACU-PESSEGO N.TRABALHADORES
05-01-2015,Zona Sul,M'Boi Mirim,Inativo Transitável,AV GUIDO CALOI
05-01-2015,Zona Sul,Santo Amaro,Inativo Transitável,AV DAS NACOES UNIDAS
05-01-2015,Zona Sul,Santo Amaro,Inativo Transitável,AV STO AMARO
05-01-2015,Zona Sudeste,Vila Mariana,Inativo Intransitável,AV RUBEM BERTA
06-01-2015,Zona Sul,M'Boi Mirim,Inativo Intransitável,AV GUIDO CALOI
06-01-2015,Zona Sul,M'Boi Mirim,Inativo Intransitável,AV GUARAPIRANGA
06-01-2015,Zona Sul,Santo Amaro,Inativo Transitável,AV DAS NACOES UNIDAS
06-01-2015,Zona Sul,Santo Amaro,Inativo Transitável,AV DAS NACOES UNIDAS
06-01-2015,Zona Sul,Santo Amaro,Inativo Intransitável,AV DAS NACOES UNIDAS
06-01-2015,Zona Sul,Santo Amaro,Inativo Transitável,AV DAS NACOES UNIDAS
06-01-2015,Zona Sul,Santo Amaro,Inativo Intransitável,R JOAO ALFREDO
07-01-2015,Zona Norte,Freguesia do Ó,Inativo Intransitável,AV ANTONIO MUNHOZ BONILHA
07-01-2015,Zona Norte,Freguesia do Ó,Inativo Intransitável,AV ANTONIO MUNHOZ BONILHA
07-01-2015,Centro,Sé,Inativo Transitável,VEL PRES ARTHUR DA COSTA E SILVA
07-01-2015,Zona Oeste,Pinheiros,Inativo Transitável,R PEIXOTO GOMIDE
07-01-2015,Zona Leste,Itaquera,Inativo Transitável,R MARIA BAUMANN MENDONÇA
07-01-2015,Zona Leste,Itaquera,Inativo Intransitável,"R DR LUIZ AYRES,"
07-01-2015,Zona Leste,Mooca,Inativo Transitável,AV ALCANTARA MACHADO
07-01-2015,Zona Leste,Mooca,Inativo Transitável,AV DO ESTADO
07-01-2015,Zona Leste,Mooca,Inativo Transitável,AV ALCANTARA MACHADO
07-01-2015,Zona Leste,Mooca,Inativo Intransitável,MARGINAL TIETE
07-01-2015,Zona Leste,Mooca,Inativo Intransitável,MARGINAL TIETE
07-01-2015,Zona Leste,Mooca,Inativo Transitável,MARGINAL TIETE
07-01-2015,Zona Leste,São Miguel Paulista,Inativo Intransitável,R CAROLINA FONSECA
07-01-2015,Zona Leste,Penha,Inativo Transitável,AV GOV CARVALHO PINTO
07-01-2015,Zona Leste,Penha,Inativo Intransitável,AV GOV CARVALHO PINTO
07-01-2015,Zona Leste,Penha,Inativo Transitável,R FIORELLI PECCICACCO
07-01-2015,Zona Leste,São Mateus,Inativo Transitável,"AV JACU-PESSEGO N.TRABALHADORES,"
07-01-2015,Zona Sudeste,Vila Mariana,Inativo Transitável,AV DR RICARDO JAFET
08-01-2015,Zona Norte,Casa Verde,Inativo Transitável,"AV ANTONIO MUNHOZ BONILHA,"
08-01-2015,Zona Norte,Santana,Inativo Intransitável,AV CRUZEIRO DO SUL
08-01-2015,Zona Norte,Santana,Inativo Transitável,AV CRUZEIRO DO SUL
08-01-2015,Centro,Sé,Inativo Intransitável,AV NOVE DE JULHO
08-01-2015,Zona Oeste,Butantã,Inativo Intransitável,AV MAGALHAES DE CASTRO
08-01-2015,Zona Oeste,Butantã,Inativo Transitável,AV MAGALHAES DE CASTRO
08-01-2015,Zona Oeste,Butantã,Inativo Transitável,AV MAGALHAES DE CASTRO
08-01-2015,Zona Oeste,Lapa,Inativo Transitável,R TURIASSU
08-01-2015,Zona Oeste,Lapa,Inativo Intransitável,AV DOS TAJURAS
08-01-2015,Zona Oeste,Pinheiros,Inativo Intransitável,MARGINAL PINHEIROS
08-01-2015,Zona Oeste,Pinheiros,Inativo Intransitável,AV DAS NACOES UNIDAS
08-01-2015,Zona Oeste,Pinheiros,Inativo Transitável,AV PROF ALCIDES SANGIRARDI
08-01-2015,Zona Oeste,Pinheiros,Inativo Transitável,AV DOS BANDEIRANTES
08-01-2015,Zona Oeste,Pinheiros,Inativo Transitável,AV NOVE DE JULHO
08-01-2015,Zona Oeste,Pinheiros,Inativo Transitável,TN PRES JANIO QUADROS
08-01-2015,Zona Oeste,Pinheiros,Inativo Transitável,TN MAX FEFFER
08-01-2015,Zona Oeste,Pinheiros,Inativo Transitável,MARGINAL PINHEIROS
08-01-2015,Zona Oeste,Pinheiros,Inativo Transitável,AV BRIG FARIA LIMA
08-01-2015,Zona Leste,Mooca,Inativo Transitável,AV ALCANTARA MACHADO
08-01-2015,Zona Leste,Mooca,Inativo Intransitável,AV DO ESTADO
08-01-2015,Zona Leste,Mooca,Inativo Intransitável,AV CELSO GARCIA
08-01-2015,Zona Sul,Santo Amaro,Inativo Intransitável,AV DAS NACOES UNIDAS
08-01-2015,Zona Sudeste,Vila Mariana,Inativo Intransitável,AV VINTE E TRES DE MAIO
08-01-2015,Zona Sudeste,Vila Mariana,Inativo Intransitável,"AV RUBEM BERTA,"
09-01-2015,,,,
10-01-2015,Zona Norte,Freguesia do Ó,Inativo Intransitável,AV NSRA.DO O
10-01-2015,Zona Norte,Freguesia do Ó,Inativo Intransitável,AV NSRA.DO O
10-01-2015,Zona Norte,Pirituba/Jaraguá,Inativo Intransitável,R INACIO LUIS DA COSTA
10-01-2015,Zona Oeste,Lapa,Inativo Intransitável,AV OTAVIANO ALVES DE LIMA
10-01-2015,Zona Oeste,Lapa,Inativo Intransitável,R CORIOLANO
11-01-2015,Zona Oeste,Butantã,Inativo Intransitável,MARGINAL PINHEIROS
11-01-2015,Zona Oeste,Butantã,Inativo Transitável,AV LINEU DE PAULA MACHADO
11-01-2015,Zona Oeste,Lapa,Inativo Intransitável,"PC PROF ODORICO MACHADO DE SOUZA,"
11-01-2015,Zona Oeste,Pinheiros,Inativo Intransitável,PTE EUSEBIO MATOSO
11-01-2015,Zona Oeste,Pinheiros,Inativo Intransitável,AV EUSEBIO MATOSO
12-01-2015,Centro,Sé,Inativo Transitável,PC DA BANDEIRA
12-01-2015,Centro,Sé,Inativo Transitável,PC DA BANDEIRA
12-01-2015,Centro,Sé,Inativo Intransitável,R TEIXEIRA LEITE
12-01-2015,Zona Leste,Mooca,Inativo Intransitável,AV ALCANTARA MACHADO
12-01-2015,Zona Leste,Mooca,Inativo Intransitável,"AV RANGEL PESTANA,"
12-01-2015,Zona Sul,Capela do Socorro,Inativo Transitável,AV ATLÂNTICA
12-01-2015,Zona Sul,Capela do Socorro,Inativo Transitável,AV ATLÂNTICA
12-01-2015,Zona Sul,Capela do Socorro,Inativo Intransitável,AV ATLANTICA
12-01-2015,Zona Sul,Capela do Socorro,Inativo Intransitável,AV GUARAPIRANGA
12-01-2015,Zona Sul,M'Boi Mirim,Inativo Transitável,AV GUIDO CALOI
12-01-2015,Zona Sul,M'Boi Mirim,Inativo Intransitável,ES M BOI MIRIM
12-01-2015,Zona Sul,Santo Amaro,Inativo Intransitável,"AV VITOR MANZINI,"
12-01-2015,Zona Sul,Santo Amaro,Inativo Intransitável,AV DAS NACOES UNIDAS
12-01-2015,Zona Sul,Santo Amaro,Inativo Intransitável,AV DAS NACOES UNIDAS
12-01-2015,Zona Sul,Santo Amaro,Inativo Intransitável,AV DAS NACOES UNIDAS
12-01-2015,Zona Sul,Santo Amaro,Inativo Intransitável,AV DAS NACOES UNIDAS
12-01-2015,Zona Sul,Santo Amaro,Inativo Transitável,AV DAS NACOES UNIDAS
12-01-2015,Zona Sul,Santo Amaro,Inativo Intransitável,AV DAS NACOES UNIDAS
12-01-2015,Zona Sul,Santo Amaro,Inativo Intransitável,AV ROQUE PETRONI JUNIOR
12-01-2015,Zona Sul,Santo Amaro,Inativo Intransitável,AV ROQUE PETRONI JUNIOR
12-01-2015,Zona Sul,Santo Amaro,Inativo Intransitável,AV VITOR MANZINI
12-01-2015,Zona Sul,Santo Amaro,Inativo Intransitável,"AV STO AMARO,"
12-01-2015,Zona Sudeste,Ipiranga,Inativo Intransitável,"R DOS PATRIOTAS,"
12-01-2015,Zona Sudeste,Ipiranga,Inativo Intransitável,"AV ELLIS MAAS,"
12-01-2015,Zona Sudeste,Ipiranga,Inativo Transitável,AV MIGUEL ESTEFANO
12-01-2015,Zona Sudeste,Ipiranga,Inativo Intransitável,"AV TERESA CRISTINA,"
12-01-2015,Zona Sudeste,Ipiranga,Inativo Intransitável,"AV DR RICARDO JAFET,"
12-01-2015,Zona Sudeste,Vila Mariana,Inativo Intransitável,"AV RUBEM BERTA,"
12-01-2015,Zona Sudeste,Vila Mariana,Inativo Intransitável,AV VINTE E TRES DE MAIO
12-01-2015,Zona Sudeste,Vila Mariana,Inativo Intransitável,AV JOSE MARIA WHITAKER
12-01-2015,Zona Sudeste,Vila Mariana,Inativo Transitável,AV PROF ABRAAO DE MORAIS
12-01-2015,Zona Sudeste,Vila Mariana,Inativo Transitável,AV LAVANDISCA
12-01-2015,Zona Sudeste,Vila Mariana,Inativo Transitável,AV DOS BANDEIRANTES
12-01-2015,Zona Sudeste,Vila Mariana,Inativo Intransitável,AV RUBEM BERTA
12-01-2015,Zona Sudeste,Vila Mariana,Inativo Intransitável,"AL DOS NHAMBIQUARAS,"
13-01-2015,,,,
14-01-2015,Centro,Sé,Inativo Intransitável,AV DO ESTADO
14-01-2015,Zona Oeste,Butantã,Inativo Transitável,AV ENG BILLINGS
14-01-2015,Zona Oeste,Butantã,Inativo Transitável,AV ENG BILLINGS
14-01-2015,Zona Oeste,Pinheiros,Inativo Transitável,TN MAX FEFFER
14-01-2015,Zona Oeste,Pinheiros,Inativo Transitável,AV DAS NACOES UNIDAS
14-01-2015,Zona Oeste,Pinheiros,Inativo Intransitável,AV QUEIROZ FILHO
14-01-2015,Zona Leste,Mooca,Inativo Transitável,AV CDSSA ELISABETH DE ROBIANO
14-01-2015,Zona Leste,Mooca,Inativo Intransitável,AV ALCANTARA MACHADO
14-01-2015,Zona Leste,Mooca,Inativo Transitável,AV CDSSA ELISABETH DE ROBIANO
14-01-2015,Zona Leste,Mooca,Inativo Intransitável,AV PRES WILSON
14-01-2015,Zona Sudeste,Ipiranga,Inativo Intransitável,AV PROF ABRAAO DE MORAIS
14-01-2015,Zona Sudeste,Ipiranga,Inativo Intransitável,AV PROF ABRAAO DE MORAIS
14-01-2015,Zona Sudeste,Ipiranga,Inativo Transitável,"AV MIGUEL ESTEFANO,"
14-01-2015,Zona Sudeste,Ipiranga,Inativo Intransitável,AV BOSQUE DA SAUDE
14-01-2015,Zona Sudeste,Ipiranga,Inativo Intransitável,"AV TERESA CRISTINA,"
14-01-2015,Zona Sudeste,Vila Mariana,Inativo Transitável,AV PRES TANCREDO NEVES
14-01-2015,Zona Sudeste,Vila Mariana,Inativo Transitável,AV PRES TANCREDO NEVES
14-01-2015,Zona Sudeste,Vila Mariana,Inativo Intransitável,AV PROF ABRAAO DE MORAIS
15-01-2015,,,,
16-01-2015,,,,
17-01-2015,,,,
18-01-2015,,,,
19-01-2015,,,,
20-01-2015,,,,
21-01-2015,,,,
22-01-2015,,,,
23-01-2015,,,,
24-01-2015,Zona Oeste,Butantã,Inativo Transitável,AV PROF FRANCISCO MORATO
25-01-2015,,,,
26-01-2015,Zona Oeste,Butantã,Inativo Transitável,AV DAS NACOES UNIDAS
26-01-2015,Zona Oeste,Butantã,Inativo Transitável,AV DAS NACOES UNIDAS
26-01-2015,Zona Oeste,Butantã,Inativo Transitável,AV DAS NACOES UNIDAS
26-01-2015,Zona Leste,Itaquera,Inativo Transitável,"AV ARICANDUVA,"
26-01-2015,Zona Leste,Penha,Inativo Transitável,AV CD.DE FRONTIN
26-01-2015,Zona Sul,Campo Limpo,Inativo Intransitável,EST PIRAJUSSARA-VALO VELHO
26-01-2015,Zona Sul,Campo Limpo,Inativo Transitável,AV ELLIS MAAS
26-01-2015,Zona Sul,Campo Limpo,Inativo Intransitável,ES DE ITAPECERICA
26-01-2015,Zona Sul,Campo Limpo,Inativo Intransitável,"ES DO CAMPO LIMPO,"
26-01-2015,Zona Sul,Campo Limpo,Inativo Transitável,"R INTEGRADA,"
26-01-2015,Zona Sul,M'Boi Mirim,Inativo Transitável,ES M BOI MIRIM
26-01-2015,Zona Sul,Santo Amaro,Inativo Transitável,PTE CAIO POMPEU DE TOLEDO
27-01-2015,Zona Norte,Vila Maria/ Vila Guilherme,Inativo Transitável,"AV MORVAN DIAS DE FIGUEIREDO,"
27-01-2015,Zona Norte,Santana,Inativo Transitável,MARGINAL TIETE
27-01-2015,Zona Leste,Mooca,Inativo Transitável,R BRESSER
27-01-2015,Zona Leste,Mooca,Inativo Intransitável,AV ALCANTARA MACHADO
27-01-2015,Zona Leste,Mooca,Inativo Intransitável,R MELO FREIRE
27-01-2015,Zona Leste,Vila Prudente,Inativo Intransitável,AV PAES DE BARROS
27-01-2015,Zona Leste,Vila Prudente,Inativo Intransitável,AV PROF LUIZ IGNACIO ANHAIA MELLO
27-01-2015,Zona Leste,Vila Prudente,Inativo Intransitável,"AV PROF LUIZ IGNACIO ANHAIA MELLO,"
27-01-2015,Zona Sul,Campo Limpo,Inativo Transitável,"ES DO CAMPO LIMPO,"
27-01-2015,Zona Sul,Capela do Socorro,Inativo Intransitável,AV INTERLAGOS
27-01-2015,Zona Sul,M'Boi Mirim,Inativo Transitável,AV DAS NACOES UNIDAS
27-01-2015,Zona Sul,M'Boi Mirim,Inativo Intransitável,AV DAS NACOES UNIDAS
27-01-2015,Zona Sul,M'Boi Mirim,Inativo Intransitável,AV DAS NACOES UNIDAS
27-01-2015,Zona Sul,Santo Amaro,Inativo Intransitável,AV ROQUE PETRONI JUNIOR
27-01-2015,Zona Sul,Santo Amaro,Inativo Intransitável,AV DAS NACOES UNIDAS
27-01-2015,Zona Sul,Santo Amaro,Inativo Intransitável,AV DAS NACOES UNIDAS
27-01-2015,Zona Sudeste,Ipiranga,Inativo Intransitável,AV PROF ABRAAO DE MORAIS
27-01-2015,Zona Sudeste,Ipiranga,Inativo Intransitável,R GAL CHAGAS SANTOS
27-01-2015,Zona Sudeste,Ipiranga,Inativo Intransitável,AV PROF ABRAAO DE MORAIS
28-01-2015,Zona Norte,Santana,Inativo Intransitável,AV CRUZEIRO DO SUL
28-01-2015,Zona Leste,Mooca,Inativo Intransitável,"PC ARMANDO MIRANDA,"
28-01-2015,Zona Sul,Santo Amaro,Inativo Transitável,R MIGUEL YUNES
29-01-2015,,,,
30-01-2015,,,,
31-01-2015,,,,
01-02-2015,,,,
02-02-2015,Zona Oeste,Butantã,Inativo Transitável,AV PROF FRANCISCO MORATO
02-02-2015,Zona Sul,M'Boi Mirim,Inativo Transitável,MARGINAL PINHEIROS CBINT EXPR
02-02-2015,Zona Sul,Santo Amaro,Inativo Transitável,AV DAS NACOES UNIDAS
02-02-2015,Zona Sul,Santo Amaro,Inativo Transitável,AV ROQUE PETRONI JUNIOR
02-02-2015,Zona Sul,Santo Amaro,Inativo Transitável,AV DAS NACOES UNIDAS
02-02-2015,Zona Sul,Santo Amaro,Inativo Intransitável,AV STO AMARO
02-02-2015,Zona Sul,Santo Amaro,Inativo Transitável,"AV STO AMARO,"
02-02-2015,Zona Sudeste,Vila Mariana,Inativo Transitável,AV MOREIRA GUIMARAES
03-02-2015,Zona Norte,Casa Verde,Inativo Transitável,R DR FRANCISCO EUGENIO DO AMARAL
04-02-2015,,,,
05-02-2015,Zona Norte,Freguesia do Ó,Inativo Transitável,"AV INAJAR DE SOUZA,"
05-02-2015,Zona Norte,Santana,Inativo Transitável,PTE DAS BANDEIRAS
05-02-2015,Centro,Sé,Inativo Intransitável,AV DO ESTADO
05-02-2015,Centro,Sé,Inativo Transitável,AV DO ESTADO
05-02-2015,Zona Oeste,Butantã,Inativo Transitável,AV PROF FRANCISCO MORATO
05-02-2015,Zona Oeste,Butantã,Inativo Transitável,AV PROF FRANCISCO MORATO
05-02-2015,Zona Oeste,Pinheiros,Inativo Transitável,R DOS PINHEIROS
05-02-2015,Zona Leste,Itaquera,Inativo Transitável,AV JACU-PESSEGO N.TRABALHADORES
05-02-2015,Zona Leste,Itaim Paulista,Inativo Intransitável,R CORDAO DE SAO FRANCISCO
05-02-2015,Zona Leste,Mooca,Inativo Transitável,"AV CELSO GARCIA,"
05-02-2015,Zona Leste,São Miguel Paulista,Inativo Intransitável,R SIMÃO RODRIGUES MOREIRA
05-02-2015,Zona Leste,São Miguel Paulista,Inativo Intransitável,R TITE DE LEMOS
05-02-2015,Zona Sul,Capela do Socorro,Inativo Transitável,AV ATLANTICA
05-02-2015,Zona Sul,Capela do Socorro,Inativo Intransitável,AV DONA BELMIRA MARIN
05-02-2015,Zona Sul,Capela do Socorro,Inativo Transitável,AV GUIDO CALOI
05-02-2015,Zona Sul,M'Boi Mirim,Inativo Transitável,R MIGUEL YUNES
05-02-2015,Zona Sul,M'Boi Mirim,Inativo Transitável,R PTOLOMEU
05-02-2015,Zona Sul,Santo Amaro,Inativo Transitável,AV DAS NACOES UNIDAS
05-02-2015,Zona Sul,Santo Amaro,Inativo Transitável,AV DAS NACOES UNIDAS
05-02-2015,Zona Sul,Santo Amaro,Inativo Transitável,AV DAS NACOES UNIDAS
05-02-2015,Zona Sul,Santo Amaro,Inativo Transitável,R FLORENVILLE
05-02-2015,Zona Sul,Santo Amaro,Inativo Transitável,AV DAS NACOES UNIDAS
05-02-2015,Zona Sul,Santo Amaro,Inativo Transitável,AV DAS NACOES UNIDAS
05-02-2015,Zona Sul,Santo Amaro,Inativo Transitável,AV MARIO LOPES LEAO
05-02-2015,Zona Sul,Santo Amaro,Inativo Intransitável,R BRASILIO LUZ
05-02-2015,Zona Sul,Santo Amaro,Inativo Transitável,R JOAO ALFREDO
05-02-2015,Zona Sul,Santo Amaro,Inativo Transitável,R JOAO ALFREDO (STO AMARO)
05-02-2015,Zona Sul,Santo Amaro,Inativo Transitável,AV INTERLAGOS
06-02-2015,Zona Norte,Vila Maria/ Vila Guilherme,Inativo Transitável,R CEL MARQUES RIBEIRO
06-02-2015,Centro,Sé,Inativo Transitável,PC QUATORZE BIS
06-02-2015,Centro,Sé,Inativo Transitável,AV VINTE E TRES DE MAIO
06-02-2015,Centro,Sé,Inativo Transitável,AV PRESTES MAIA
06-02-2015,Centro,Sé,Inativo Intransitável,TN PAPA JOAO PAULO II
06-02-2015,Centro,Sé,Inativo Transitável,AV NOVE DE JULHO
06-02-2015,Centro,Sé,Inativo Intransitável,R TEIXEIRA LEITE
06-02-2015,Zona Oeste,Butantã,Inativo Transitável,"AV VITAL BRASIL,"
06-02-2015,Zona Leste,São Mateus,Inativo Intransitável,AV JACU-PESSEGO N.TRABALHADORES
06-02-2015,Zona Sul,Santo Amaro,Inativo Intransitável,AV INTERLAGOS
06-02-2015,Zona Sul,Santo Amaro,Inativo Intransitável,"AV INTERLAGOS,"
06-02-2015,Zona Sudeste,Ipiranga,Inativo Intransitável,AV TERESA CRISTINA
06-02-2015,Zona Sudeste,Vila Mariana,Inativo Transitável,AV VINTE E TRES DE MAIO
06-02-2015,Zona Sudeste,Vila Mariana,Inativo Transitável,AV VINTE E TRES DE MAIO
06-02-2015,Zona Sudeste,Vila Mariana,Inativo Intransitável,AV PROF ABRAAO DE MORAIS
07-02-2015,Centro,Sé,Inativo Transitável,AV NOVE DE JULHO
07-02-2015,Zona Oeste,Pinheiros,Inativo Transitável,AV BRIG FARIA LIMA
08-02-2015,,,,
09-02-2015,Zona Leste,Aricanduva/ Vila Formosa,Inativo Transitável,AV ARICANDUVA
10-02-2015,Zona Leste,Mooca,Inativo Intransitável,AV PROF LUIZ IGNACIO ANHAIA MELLO
11-02-2015,Zona Sudeste,Ipiranga,Inativo Intransitável,AV PROF ABRAAO DE MORAIS
11-02-2015,Zona Sudeste,Ipiranga,Inativo Transitável,"AV DR RICARDO JAFET,"
11-02-2015,Zona Sudeste,Ipiranga,Inativo Transitável,AV PROF ABRAAO DE MORAIS
11-02-2015,Zona Sudeste,Vila Mariana,Inativo Transitável,"AV VINTE E TRES DE MAIO,"
11-02-2015,Zona Sudeste,Vila Mariana,Inativo Transitável,"AV VINTE E TRES DE MAIO,"
12-02-2015,,,,
13-02-2015,Zona Leste,Itaquera,Inativo Transitável,"AV AFONSO DE SAMPAIO E SOUSA,"
13-02-2015,Zona Leste,Itaquera,Inativo Intransitável,R JOSE OITICICA FILHO
13-02-2015,Zona Leste,Itaquera,Inativo Intransitável,R LAGOA SALGADA
13-02-2015,Zona Leste,Itaquera,Inativo Intransitável,R PDE VIEGAS DE MENEZES
14-02-2015,,,,
15-02-2015,Centro,Sé,Inativo Intransitável,AV NOVE DE JULHO
15-02-2015,Zona Oeste,Pinheiros,Inativo Transitável,AV EUSEBIO MATOSO
15-02-2015,Zona Oeste,Pinheiros,Inativo Transitável,"AV EUSEBIO MATOSO,"
15-02-2015,Zona Leste,Mooca,Inativo Intransitável,AV ALCANTARA MACHADO
16-02-2015,Zona Norte,Freguesia do Ó,Inativo Intransitável,"AV ANTONIO MUNHOZ BONILHA,"
16-02-2015,Zona Norte,Vila Maria/ Vila Guilherme,Inativo Intransitável,R CEL MARQUES RIBEIRO
16-02-2015,Zona Norte,Vila Maria/ Vila Guilherme,Inativo Intransitável,AV BANDEIRANTES DO SUL
16-02-2015,Zona Norte,Pirituba/Jaraguá,Inativo Transitável,AV RAIMUNDO PEREIRA DE MAGALHAES
16-02-2015,Zona Norte,Santana,Inativo Intransitável,R CHICO PONTES
16-02-2015,Zona Norte,Santana,Inativo Intransitável,"R CEL MARQUES RIBEIRO,"
16-02-2015,Zona Norte,Santana,Inativo Intransitável,"R CEL MARQUES RIBEIRO,"
16-02-2015,Centro,Sé,Inativo Intransitável,VD DO GLICERIO
16-02-2015,Zona Oeste,Lapa,Inativo Intransitável,VEL PRES ARTHUR DA COSTA E SILVA
16-02-2015,Zona Oeste,Lapa,Inativo Intransitável,VEL PRES ARTHUR DA COSTA E SILVA
16-02-2015,Zona Oeste,Lapa,Inativo Intransitável,R TURIASSU
16-02-2015,Zona Oeste,Lapa,Inativo Transitável,AV FRANCISCO MATARAZZO
16-02-2015,Zona Oeste,Lapa,Inativo Intransitável,R TURIASSU
16-02-2015,Zona Oeste,Lapa,Inativo Intransitável,"R RICARDO CAVATTON,"
16-02-2015,Zona Oeste,Lapa,Inativo Intransitável,"R TURIASSU,"
16-02-2015,Zona Oeste,Lapa,Inativo Transitável,AV DO ANASTACIO
16-02-2015,Zona Leste,Mooca,Inativo Intransitável,AV ALCANTARA MACHADO
16-02-2015,Zona Leste,Mooca,Inativo Intransitável,"AV ALCANTARA MACHADO,"
16-02-2015,Zona Leste,Penha,Inativo Intransitável,"R DR LUIZ AYRES,"
16-02-2015,Zona Sul,Santo Amaro,Inativo Intransitável,AV DAS NACOES UNIDAS
16-02-2015,Zona Sul,Santo Amaro,Inativo Transitável,AV DAS NACOES UNIDAS
16-02-2015,Zona Sudeste,Ipiranga,Inativo Intransitável,AV DO ESTADO
17-02-2015,Zona Leste,Itaquera,Inativo Transitável,"AV ARICANDUVA,"
17-02-2015,Zona Leste,São Miguel Paulista,Inativo Intransitável,R AMBUA
18-02-2015,Zona Norte,Santana,Inativo Transitável,AV SANTOS DUMONT
18-02-2015,Zona Oeste,Butantã,Inativo Transitável,AV VITAL BRASIL
18-02-2015,Zona Oeste,Lapa,Inativo Transitável,AV JOSE CESAR DE OLIVEIRA
18-02-2015,Zona Leste,São Miguel Paulista,Inativo Transitável,R ARAMACA
19-02-2015,,,,
20-02-2015,,,,
21-02-2015,,,,
22-02-2015,,,,
23-02-2015,Zona Oeste,Butantã,Inativo Transitável,AV VITAL BRASIL
23-02-2015,Zona Sul,Santo Amaro,Inativo Intransitável,R TEXAS
24-02-2015,Zona Sudeste,Ipiranga,Inativo Intransitável,R ALENCAR ARARIPE
25-02-2015,Centro,Sé,Inativo Intransitável,PC DA BANDEIRA
25-02-2015,Centro,Sé,Inativo Intransitável,R TEIXEIRA LEITE
25-02-2015,Centro,Sé,Inativo Intransitável,R VINTE E CINCO DE MARCO
25-02-2015,Centro,Sé,Inativo Transitável,R PRATES
25-02-2015,Centro,Sé,Inativo Transitável,VEL PRES ARTHUR DA COSTA E SILVA
25-02-2015,Centro,Sé,Inativo Intransitável,"R JOAQUIM MURTINHO,"
25-02-2015,Centro,Sé,Inativo Intransitável,VEL PRES ARTHUR DA COSTA E SILVA
25-02-2015,Zona Oeste,Butantã,Inativo Intransitável,R ALVARENGA
25-02-2015,Zona Oeste,Butantã,Inativo Transitável,"AV VITAL BRASIL,"
25-02-2015,Zona Oeste,Lapa,Inativo Intransitável,PC MARREY JUNIOR
25-02-2015,Zona Oeste,Lapa,Inativo Intransitável,R TURIASSU
25-02-2015,Zona Oeste,Lapa,Inativo Intransitável,AV FRANCISCO MATARAZZO
25-02-2015,Zona Oeste,Lapa,Inativo Transitável,"AV QUEIROZ FILHO,"
25-02-2015,Zona Oeste,Lapa,Inativo Transitável,AV MARQ.DE SAO VICENTE
25-02-2015,Zona Oeste,Pinheiros,Inativo Intransitável,AV QUEIROZ FILHO
25-02-2015,Zona Oeste,Pinheiros,Inativo Transitável,AV PROF FONSECA RODRIGUES
25-02-2015,Zona Leste,Mooca,Inativo Transitável,R. BARÃO DE MONTE SANTO
25-02-2015,Zona Leste,Mooca,Inativo Transitável,R DOS TRILHOS
25-02-2015,Zona Leste,Mooca,Inativo Transitável,AV SALIM FARAH MALUF
25-02-2015,Zona Leste,Mooca,Inativo Transitável,R EMILIA MARENGO
25-02-2015,Zona Leste,Vila Prudente,Inativo Intransitável,R. IBITIRAMA
25-02-2015,Zona Leste,Vila Prudente,Inativo Intransitável,R. CAP PACHECO CHAVES
25-02-2015,Zona Leste,Vila Prudente,Inativo Intransitável,AV PROF LUIZ IGNACIO DE ANHAIA MELLO
25-02-2015,Zona Leste,Vila Prudente,Inativo Intransitável,AV PROF LUIZ IGNACIO ANHAIA MELLO
25-02-2015,Zona Sudeste,Ipiranga,Inativo Transitável,AV NAZARE
25-02-2015,Zona Sudeste,Ipiranga,Inativo Intransitável,AV PRES WILSON
25-02-2015,Zona Sudeste,Ipiranga,Inativo Intransitável,R TEREZA CRISTINA
26-02-2015,,,,
27-02-2015,,,,
28-02-2015,Zona Oeste,Butantã,Inativo Transitável,AV VITAL BRASIL
28-02-2015,Zona Sul,Cidade Ademar,Inativo Intransitável,AV ROQUE PETRONI JUNIOR
01-03-2015,,,,
02-03-2015,,,,
03-03-2015,,,,
04-03-2015,,,,
05-03-2015,,,,
06-03-2015,Zona Norte,Freguesia do Ó,Inativo Intransitável,AV ANTONIO MUNHOZ BONILHA
06-03-2015,Zona Norte,Santana,Inativo Transitável,"AV MORVAN DIAS DE FIGUEIREDO,"
06-03-2015,Zona Norte,Santana,Inativo Intransitável,AV OLAVO FONTOURA
06-03-2015,Centro,Sé,Inativo Intransitável,TN PAPA JOAO PAULO II
06-03-2015,Centro,Sé,Inativo Transitável,"MARGINAL TIETE CBAS EXPRESSA,"
06-03-2015,Zona Oeste,Lapa,Inativo Intransitável,AV ORDEM E PROGRESSO
06-03-2015,Zona Oeste,Pinheiros,Inativo Transitável,AV DAS NACOES UNIDAS
06-03-2015,Zona Leste,Aricanduva/ Vila Formosa,Inativo Intransitável,AV ARICANDUVA
06-03-2015,Zona Leste,Aricanduva/ Vila Formosa,Inativo Transitável,"AV ARICANDUVA,"
06-03-2015,Zona Leste,Itaquera,Inativo Transitável,"AV ARICANDUVA,"
06-03-2015,Zona Leste,Mooca,Inativo Transitável,AV SALIM FARAH MALUF
06-03-2015,Zona Leste,Mooca,Inativo Intransitável,AV ALCANTARA MACHADO
06-03-2015,Zona Leste,Mooca,Inativo Intransitável,AV ALCANTARA MACHADO
06-03-2015,Zona Leste,Mooca,Inativo Intransitável,R ARNALDO CINTRA
06-03-2015,Zona Leste,Mooca,Inativo Transitável,R GLICERIO
06-03-2015,Zona Leste,Mooca,Inativo Transitável,R VISC.DE PARNAIBA
06-03-2015,Zona Sul,Santo Amaro,Inativo Transitável,AV JOAO DIAS
07-03-2015,Zona Norte,Freguesia do Ó,Inativo Intransitável,AV ANTONIO MUNHOZ BONILHA
07-03-2015,Zona Norte,Vila Maria/ Vila Guilherme,Inativo Intransitável,R CHICO PONTES
07-03-2015,Zona Norte,Vila Maria/ Vila Guilherme,Inativo Transitável,R JOSE BERNARDO PINTO
07-03-2015,Zona Norte,Vila Maria/ Vila Guilherme,Inativo Intransitável,R CEL MARQUES RIBEIRO
07-03-2015,Centro,Sé,Inativo Transitável,"AV CIDADE JARDIM,"
07-03-2015,Centro,Sé,Inativo Transitável,PC DA BANDEIRA
07-03-2015,Centro,Sé,Inativo Transitável,R AUGUSTA
07-03-2015,Centro,Sé,Inativo Transitável,R PRATES
07-03-2015,Zona Oeste,Butantã,Inativo Transitável,AV CAXINGUI
07-03-2015,Zona Oeste,Butantã,Inativo Transitável,"PTE ENG ROBERTO ROSSI ZUCCOLO,"
07-03-2015,Zona Oeste,Lapa,Inativo Transitável,PC PASCOAL MARTINS
07-03-2015,Zona Oeste,Pinheiros,Inativo Transitável,AV DAS NACOES UNIDAS
07-03-2015,Zona Oeste,Pinheiros,Inativo Transitável,R HUNGRIA
07-03-2015,Zona Oeste,Pinheiros,Inativo Transitável,MARGINAL PINHEIROS
07-03-2015,Zona Oeste,Pinheiros,Inativo Transitável,AV PROF ALCIDES SANGIRARDI
07-03-2015,Zona Leste,Aricanduva/ Vila Formosa,Inativo Transitável,AV ARICANDUVA
07-03-2015,Zona Leste,Mooca,Inativo Transitável,AV SALIM FARAH MALUF
07-03-2015,Zona Leste,Mooca,Inativo Transitável,AV ALCANTARA MACHADO
07-03-2015,Zona Sul,Santo Amaro,Inativo Transitável,AV WASHINGTON LUIS
07-03-2015,Zona Sul,Santo Amaro,Inativo Transitável,AV WASHINGTON LUIS
08-03-2015,Zona Norte,Vila Maria/ Vila Guilherme,Inativo Transitável,"R CHICO PONTES,"
08-03-2015,Zona Norte,Vila Maria/ Vila Guilherme,Inativo Transitável,R CHICO PONTES
08-03-2015,Zona Norte,Santana,Inativo Transitável,AV CRUZEIRO DO SUL
08-03-2015,Zona Norte,Santana,Inativo Transitável,AV CRUZEIRO DO SUL
08-03-2015,Zona Norte,Santana,Inativo Intransitável,"R JOAO PACHECO,"
08-03-2015,Zona Norte,Santana,Inativo Transitável,AV CRUZEIRO DO SUL
08-03-2015,Zona Oeste,Butantã,Inativo Transitável,"AV VITAL BRASIL,"
08-03-2015,Zona Oeste,Butantã,Inativo Transitável,"AV VITAL BRASIL,"
08-03-2015,Zona Leste,Aricanduva/ Vila Formosa,Inativo Intransitável,R PINHALZINHO
08-03-2015,Zona Leste,Vila Prudente,Inativo Intransitável,AV PROF LUIZ IGNACIO ANHAIA MELLO
08-03-2015,Zona Leste,Vila Prudente,Inativo Intransitável,AV PROF LUIZ IGNACIO ANHAIA MELLO
08-03-2015,Zona Leste,Vila Prudente,Inativo Intransitável,"R AMERICO VESPUCCI,"
08-03-2015,Zona Leste,Vila Prudente,Inativo Intransitável,AV PROF LUIZ IGNACIO ANHAIA MELLO
09-03-2015,Zona Norte,Santana,Inativo Transitável,AV CRUZEIRO DO SUL
09-03-2015,Zona Norte,Santana,Inativo Transitável,AV CRUZEIRO DO SUL
09-03-2015,Centro,Sé,Inativo Transitável,"AV RIO BRANCO,"
09-03-2015,Centro,Sé,Inativo Transitável,AV RIO BRANCO
09-03-2015,Centro,Sé,Inativo Transitável,R JULIO CONCEICAO
09-03-2015,Zona Leste,Mooca,Inativo Transitável,"AV MORVAN DIAS DE FIGUEIREDO,"
09-03-2015,Zona Leste,Vila Prudente,Inativo Intransitável,"AV PROF LUIZ IGNACIO ANHAIA MELLO,"
09-03-2015,Zona Sudeste,Ipiranga,Inativo Intransitável,"PC GAUCHA,"
10-03-2015,,,,
11-03-2015,Zona Norte,Santana,Inativo Transitável,AV CRUZEIRO DO SUL
11-03-2015,Zona Norte,Santana,Inativo Transitável,AV CRUZEIRO DO SUL
11-03-2015,Zona Norte,Santana,Inativo Transitável,AV CRUZEIRO DO SUL
12-03-2015,,,,
13-03-2015,Zona Norte,Casa Verde,Inativo Intransitável,"AV ANTONIO MUNHOZ BONILHA,"
13-03-2015,Centro,Sé,Inativo Transitável,AV RIO BRANCO
13-03-2015,Centro,Sé,Inativo Transitável,AV NOVE DE JULHO
13-03-2015,Zona Oeste,Lapa,Inativo Transitável,R TURIASSU
13-03-2015,Zona Oeste,Lapa,Inativo Transitável,AV POMPEIA
13-03-2015,Zona Leste,Mooca,Inativo Transitável,AV ALCANTARA MACHADO
13-03-2015,Zona Leste,Penha,Inativo Transitável,AV CD.DE FRONTIN
13-03-2015,Zona Sul,Capela do Socorro,Inativo Transitável,AV ATLANTICA
13-03-2015,Zona Sul,Santo Amaro,Inativo Intransitável,AV DAS NACOES UNIDAS
13-03-2015,Zona Sul,Santo Amaro,Inativo Transitável,"AV JOAO DIAS,"
13-03-2015,Zona Sudeste,Ipiranga,Inativo Intransitável,AV DOM PEDRO I
14-03-2015,Centro,Sé,Inativo Transitável,"PC DA BANDEIRA,"
14-03-2015,Centro,Sé,Inativo Transitável,"PC DA BANDEIRA,"
14-03-2015,Centro,Sé,Inativo Intransitável,"R DA CANTAREIRA,"
14-03-2015,Centro,Sé,Inativo Intransitável,AV RIO BRANCO
15-03-2015,,,,
16-03-2015,Zona Norte,Casa Verde,Inativo Intransitável,AV ANTONIO MUNHOZ BONILHA
16-03-2015,Zona Norte,Vila Maria/ Vila Guilherme,Inativo Intransitável,"AV GUILHERME,"
16-03-2015,Centro,Sé,Inativo Transitável,R BRIG JORDAO
16-03-2015,Zona Oeste,Pinheiros,Inativo Transitável,AV SANTO AMARO
16-03-2015,Zona Oeste,Pinheiros,Inativo Transitável,AV SANTO AMARO
16-03-2015,Zona Oeste,Pinheiros,Inativo Transitável,"AV PROF LUIZ IGNACIO ANHAIA MELLO,"
16-03-2015,Zona Leste,Mooca,Inativo Intransitável,R ARNALDO CINTRA
16-03-2015,Zona Leste,Mooca,Inativo Intransitável,AV ALCANTARA MACHADO
16-03-2015,Zona Leste,Mooca,Inativo Intransitável,AV REG FEIJO
16-03-2015,Zona Leste,Mooca,Inativo Intransitável,AV ALCANTARA MACHADO
16-03-2015,Zona Leste,Mooca,Inativo Transitável,R MELO FREIRE
16-03-2015,Zona Leste,Mooca,Inativo Intransitável,R ARNALDO CINTRA
16-03-2015,Zona Leste,Mooca,Inativo Intransitável,AV CD.DE FRONTIN
16-03-2015,Zona Leste,Penha,Inativo Transitável,"AV CD.DE FRONTIN,"
16-03-2015,Zona Leste,Vila Prudente,Inativo Transitável,AV PAES DE BARROS
16-03-2015,Zona Sul,M'Boi Mirim,Inativo Transitável,AV GUARAPIRANGA
16-03-2015,Zona Sul,Santo Amaro,Inativo Intransitável,R VIEIRA DE MORAIS
16-03-2015,Zona Sul,Santo Amaro,Inativo Transitável,AV PROF VICENTE RAO
16-03-2015,Zona Sul,Santo Amaro,Inativo Transitável,"AV DAS NACOES UNIDAS,"
16-03-2015,Zona Sudeste,Ipiranga,Inativo Intransitável,AV PROF ABRAAO DE MORAIS
16-03-2015,Zona Sudeste,Ipiranga,Inativo Intransitável,AV PROF ABRAAO DE MORAIS
16-03-2015,Zona Sudeste,Ipiranga,Inativo Intransitável,AV PROF ABRAAO DE MORAIS
16-03-2015,Zona Sudeste,Ipiranga,Inativo Intransitável,PÇ MARIO ZAN
16-03-2015,Zona Sudeste,Ipiranga,Inativo Intransitável,AV ALM DELAMARE
16-03-2015,Zona Sudeste,Vila Mariana,Inativo Transitável,AV IBIRAPUERA
16-03-2015,Zona Sudeste,Vila Mariana,Inativo Intransitável,VD DOS BANDEIRANTES
16-03-2015,Zona Sudeste,Vila Mariana,Inativo Intransitável,AV DOS BANDEIRANTES
16-03-2015,Zona Sudeste,Vila Mariana,Inativo Intransitável,AV RUBEM BERTA
16-03-2015,Zona Sudeste,Vila Mariana,Inativo Intransitável,AV PROF ASCENDINO REIS
17-03-2015,,,,
18-03-2015,,,,
19-03-2015,Zona Norte,Santana,Inativo Transitável,AV MORVAN DIAS DE FIGUEIREDO
19-03-2015,Centro,Sé,Inativo Intransitável,R BRIG JORDAO
19-03-2015,Zona Oeste,Butantã,Inativo Intransitável,AV MAGALHAES DE CASTRO
19-03-2015,Zona Oeste,Butantã,Inativo Intransitável,AV PROF FRANCISCO MORATO
19-03-2015,Zona Oeste,Pinheiros,Inativo Intransitável,AV REPUBLICA DO LIBANO
19-03-2015,Zona Oeste,Pinheiros,Inativo Transitável,AV DAS NACOES UNIDAS
19-03-2015,Zona Oeste,Pinheiros,Inativo Intransitável,R FUNCHAL
19-03-2015,Zona Oeste,Pinheiros,Inativo Intransitável,AV DAS NACOES UNIDAS
19-03-2015,Zona Leste,Aricanduva/ Vila Formosa,Inativo Transitável,AV ARICANDUVA
19-03-2015,Zona Leste,Aricanduva/ Vila Formosa,Inativo Intransitável,AV ARICANDUVA
19-03-2015,Zona Leste,Aricanduva/ Vila Formosa,Inativo Intransitável,R JULIO COLACO
19-03-2015,Zona Leste,Aricanduva/ Vila Formosa,Inativo Intransitável,R JULIO COLACO
19-03-2015,Zona Leste,Aricanduva/ Vila Formosa,Inativo Transitável,AV ARICANDUVA
19-03-2015,Zona Leste,Itaquera,Inativo Intransitável,R PDE VIEGAS DE MENEZES
19-03-2015,Zona Leste,Mooca,Inativo Intransitável,R TAUBATÉ
19-03-2015,Zona Leste,Mooca,Inativo Intransitável,R PINHALZINHO
19-03-2015,Zona Leste,Mooca,Inativo Intransitável,"R CARLOS SILVA,"
19-03-2015,Zona Sul,Campo Limpo,Inativo Intransitável,AV CARLOS CALDEIRA FILHO
19-03-2015,Zona Sul,Campo Limpo,Inativo Intransitável,ES DO CAMPO LIMPO
19-03-2015,Zona Sul,Capela do Socorro,Inativo Intransitável,"AV DONA BELMIRA MARIN,"
19-03-2015,Zona Sul,M'Boi Mirim,Inativo Transitável,AV VITOR MANZINI
19-03-2015,Zona Sul,Santo Amaro,Inativo Intransitável,AV DAS NACOES UNIDAS
19-03-2015,Zona Sul,Santo Amaro,Inativo Intransitável,AV STO AMARO
19-03-2015,Zona Sul,Santo Amaro,Inativo Intransitável,"AV INTERLAGOS,"
19-03-2015,Zona Sul,Santo Amaro,Inativo Intransitável,AV ROQUE PETRONI JUNIOR
19-03-2015,Zona Sudeste,Ipiranga,Inativo Intransitável,AV PROF ABRAAO DE MORAIS
19-03-2015,Zona Sudeste,Ipiranga,Inativo Intransitável,AV DAS JUNTAS PROVISORIAS
19-03-2015,Zona Sudeste,Ipiranga,Inativo Intransitável,AV TERESA CRISTINA
19-03-2015,Zona Sudeste,Ipiranga,Inativo Intransitável,"AV PROF ABRAAO DE MORAIS,"
19-03-2015,Zona Sudeste,Vila Mariana,Inativo Intransitável,AV IBIRAPUERA
19-03-2015,Zona Sudeste,Vila Mariana,Inativo Intransitável,CV AYRTON SENNA
19-03-2015,Zona Sudeste,Vila Mariana,Inativo Intransitável,AV IRAI
19-03-2015,Zona Sudeste,Vila Mariana,Inativo Intransitável,AL DOS MARACATINS
19-03-2015,Zona Sudeste,Vila Mariana,Inativo Intransitável,AV VINTE E TRES DE MAIO
19-03-2015,Zona Sudeste,Vila Mariana,Inativo Intransitável,AV IBIRAPUERA
19-03-2015,Zona Sudeste,Vila Mariana,Inativo Intransitável,AV IBIRAPUERA
19-03-2015,Zona Sudeste,Vila Mariana,Inativo Intransitável,AV RUBEM BERTA
19-03-2015,Zona Sudeste,Vila Mariana,Inativo Intransitável,VD JOAO JULIAO DA COSTA AGUIAR
19-03-2015,Zona Sudeste,Vila Mariana,Inativo Intransitável,AV JOSE MARIA WHITAKER
19-03-2015,Zona Sudeste,Vila Mariana,Inativo Intransitável,VD DOS BANDEIRANTES
19-03-2015,Zona Sudeste,Vila Mariana,Inativo Intransitável,AV DOS BANDEIRANTES
19-03-2015,Zona Sudeste,Vila Mariana,Inativo Intransitável,AV IBIJAU
19-03-2015,Zona Sudeste,Vila Mariana,Inativo Transitável,AV ANTONIO J. DE MOURA ANDRADE
19-03-2015,Zona Sudeste,Vila Mariana,Inativo Intransitável,PC JANETE CLAIR
19-03-2015,Zona Sudeste,Vila Mariana,Inativo Transitável,"AV DR RICARDO JAFET,"
20-03-2015,Zona Norte,Vila Maria/ Vila Guilherme,Inativo Intransitável,"R CHICO PONTES,"
20-03-2015,Zona Norte,Vila Maria/ Vila Guilherme,Inativo Transitável,"R CEL MARQUES RIBEIRO,"
20-03-2015,Centro,Sé,Inativo Intransitável,R S PAULO
20-03-2015,Centro,Sé,Inativo Intransitável,PC DA BANDEIRA
20-03-2015,Centro,Sé,Inativo Intransitável,VEL PRES ARTHUR DA COSTA E SILVA
20-03-2015,Centro,Sé,Inativo Intransitável,AV SAO JOAO
20-03-2015,Centro,Sé,Inativo Transitável,AV PAULISTA
20-03-2015,Centro,Sé,Inativo Transitável,AV VINTE E TRES DE MAIO
20-03-2015,Centro,Sé,Inativo Transitável,"R JAGUARIBE,"
20-03-2015,Centro,Sé,Inativo Transitável,"AV CRUZEIRO DO SUL,"
20-03-2015,Zona Oeste,Lapa,Inativo Intransitável,PC LUIZ CARLOS MESQUITA
20-03-2015,Zona Oeste,Lapa,Inativo Intransitável,PC LUIZ CARLOS MESQUITA
20-03-2015,Zona Oeste,Lapa,Inativo Intransitável,AV MARQ.DE SAO VICENTE
20-03-2015,Zona Oeste,Lapa,Inativo Intransitável,AV MARQ.DE SAO VICENTE
20-03-2015,Zona Oeste,Lapa,Inativo Transitável,PC PASCOAL MARTINS
20-03-2015,Zona Oeste,Lapa,Inativo Intransitável,AV PRES CASTELO BRANCO
20-03-2015,Zona Oeste,Lapa,Inativo Transitável,AV MARQ.DE SAO VICENTE
20-03-2015,Zona Oeste,Pinheiros,Inativo Transitável,R HUNGRIA
20-03-2015,Zona Oeste,Pinheiros,Inativo Transitável,AV NOVE DE JULHO
20-03-2015,Zona Oeste,Pinheiros,Inativo Intransitável,AV NOVE DE JULHO
20-03-2015,Zona Oeste,Pinheiros,Inativo Transitável,"R CARDOSO DE ALMEIDA,"
20-03-2015,Zona Leste,Itaquera,Inativo Transitável,"AV ARICANDUVA,"
20-03-2015,Zona Leste,Mooca,Inativo Intransitável,AV CDSSA ELISABETH DE ROBIANO
20-03-2015,Zona Leste,Mooca,Inativo Intransitável,"AV CDSSA ELISABETH DE ROBIANO,"
20-03-2015,Zona Leste,Mooca,Inativo Intransitável,AV ALCANTARA MACHADO
20-03-2015,Zona Leste,Mooca,Inativo Intransitável,"AV RANGEL PESTANA,"
20-03-2015,Zona Leste,Mooca,Inativo Intransitável,"AV CELSO GARCIA,"
20-03-2015,Zona Leste,Mooca,Inativo Transitável,"AV SALIM FARAH MALUF,"
20-03-2015,Zona Sudeste,Ipiranga,Inativo Transitável,VD GRANDE SAO PAULO
21-03-2015,Zona Leste,Mooca,Inativo Transitável,AV SALIM FARAH MALUF
21-03-2015,Zona Sul,Santo Amaro,Inativo Transitável,R MIGUEL YUNES
22-03-2015,,,,
23-03-2015,Zona Norte,Casa Verde,Inativo Transitável,R MAEST GABRIEL MIGLIORI
24-03-2015,,,,
25-03-2015,,,,
26-03-2015,,,,
27-03-2015,,,,
28-03-2015,,,,
29-03-2015,,,,
30-03-2015,,,,
31-03-2015,,,,
01-04-2015,,,,
02-04-2015,,,,
03-04-2015,,,,
04-04-2015,,,,
05-04-2015,,,,
06-04-2015,,,,
07-04-2015,,,,
08-04-2015,,,,
09-04-2015,,,,
10-04-2015,,,,
11-04-2015,,,,
12-04-2015,,,,
13-04-2015,,,,
14-04-2015,,,,
15-04-2015,Zona Norte,Vila Maria/ Vila Guilherme,Inativo Transitável,AV MORVAN DIAS DE FIGUEIREDO
15-04-2015,Zona Norte,Vila Maria/ Vila Guilherme,Inativo Transitável,MARGINAL TIETE ASCB CENTRAL
15-04-2015,Zona Leste,Itaquera,Inativo Transitável,AV ARICANDUVA
15-04-2015,Zona Leste,Itaquera,Inativo Intransitável,R PEIXOTO WERNECK
15-04-2015,Zona Leste,Itaquera,Inativo Intransitável,R PDE VIEGAS DE MENEZES
15-04-2015,Zona Leste,Itaquera,Inativo Intransitável,AV JACU-PESSEGO N.TRABALHADORES
15-04-2015,Zona Leste,Itaquera,Inativo Intransitável,AV JACU-PESSEGO N.TRABALHADORES
15-04-2015,Zona Leste,Itaquera,Inativo Intransitável,R TOMAZZO FERRARA
15-04-2015,Zona Leste,Itaquera,Inativo Intransitável,AV RIBEIRAO JACU
15-04-2015,Zona Leste,Itaquera,Inativo Intransitável,AV LARANJA DA CHINA
15-04-2015,Zona Leste,Mooca,Inativo Transitável,R MELO FREIRE
15-04-2015,Zona Leste,Mooca,Inativo Transitável,MARGINAL TIETE CBAS CENTRAL
15-04-2015,Zona Leste,Penha,Inativo Intransitável,PC NSRA.DA ANUNCIACAO
15-04-2015,Zona Leste,Penha,Inativo Intransitável,AV S MIGUEL
15-04-2015,Zona Leste,Penha,Inativo Intransitável,AV ANTONIO ESTEVAO DE CARVALHO
15-04-2015,Zona Leste,Penha,Inativo Intransitável,AV S MIGUEL
15-04-2015,Zona Leste,Penha,Inativo Intransitável,AV CD.DE FRONTIN
15-04-2015,Zona Leste,Penha,Inativo Intransitável,AV ANTONIO ESTEVAO DE CARVALHO
16-04-2015,Zona Norte,Santana,Inativo Intransitável,AV CRUZEIRO DO SUL
16-04-2015,Zona Norte,Santana,Inativo Transitável,"AV AGUA FRIA,"
16-04-2015,Centro,Sé,Inativo Intransitável,LG DO PAISSANDÚ
16-04-2015,Zona Oeste,Lapa,Inativo Transitável,"AV NICOLAS BOER,"
16-04-2015,Zona Oeste,Lapa,Inativo Transitável,AV ANTARTICA
16-04-2015,Zona Oeste,Lapa,Inativo Transitável,AV MARQ.DE SAO VICENTE
16-04-2015,Zona Oeste,Lapa,Inativo Transitável,PC MARREY JUNIOR
16-04-2015,Zona Oeste,Lapa,Inativo Transitável,R TURIASSU
16-04-2015,Zona Oeste,Lapa,Inativo Transitável,"PC PASCOAL MARTINS,"
17-04-2015,,,,
18-04-2015,,,,
19-04-2015,,,,
20-04-2015,,,,
21-04-2015,,,,
22-04-2015,Centro,Sé,Inativo Transitável,PC DA BANDEIRA
22-04-2015,Zona Leste,Itaquera,Inativo Transitável,AV JACU-PESSEGO N.TRABALHADORES
22-04-2015,Zona Sul,Santo Amaro,Inativo Transitável,"AV NSRA.DO SABARA,"
23-04-2015,,,,
24-04-2015,,,,
25-04-2015,,,,
26-04-2015,,,,
27-04-2015,,,,
28-04-2015,,,,
29-04-2015,,,,
30-04-2015,,,,
01-05-2015,,,,
02-05-2015,,,,
03-05-2015,,,,
04-05-2015,,,,
05-05-2015,,,,
06-05-2015,,,,
07-05-2015,,,,
08-05-2015,,,,
09-05-2015,,,,
10-05-2015,Zona Sul,Santo Amaro,Inativo Transitável,MARGINAL PINHEIROS INTCB EXPR
11-05-2015,,,,
12-05-2015,,,,
13-05-2015,,,,
14-05-2015,,,,
15-05-2015,,,,
16-05-2015,,,,
17-05-2015,,,,
18-05-2015,,,,
19-05-2015,,,,
20-05-2015,,,,
21-05-2015,,,,
22-05-2015,,,,
23-05-2015,,,,
24-05-2015,,,,
25-05-2015,,,,
26-05-2015,,,,
27-05-2015,,,,
28-05-2015,Centro,Sé,Inativo Transitável,"R HUMAITA,"
29-05-2015,,,,
30-05-2015,,,,
31-05-2015,,,,
01-06-2015,,,,
02-06-2015,,,,
03-06-2015,,,,
04-06-2015,,,,
05-06-2015,,,,
06-06-2015,,,,
07-06-2015,,,,
08-06-2015,,,,
09-06-2015,,,,
10-06-2015,,,,
11-06-2015,,,,
12-06-2015,,,,
13-06-2015,,,,
14-06-2015,,,,
15-06-2015,,,,
16-06-2015,,,,
17-06-2015,,,,
18-06-2015,,,,
19-06-2015,,,,
20-06-2015,,,,
21-06-2015,,,,
22-06-2015,,,,
23-06-2015,,,,
24-06-2015,,,,
25-06-2015,,,,
26-06-2015,,,,
27-06-2015,,,,
28-06-2015,,,,
29-06-2015,,,,
30-06-2015,,,,
01-07-2015,,,,
02-07-2015,,,,
03-07-2015,Zona Norte,Casa Verde,Inativo Intransitável,R CEL EUCLIDES MACHADO
03-07-2015,Zona Norte,Casa Verde,Inativo Transitável,MARGINAL TIETE
03-07-2015,Zona Norte,Casa Verde,Inativo Transitável,AV PRES CASTELO BRANCO
03-07-2015,Zona Norte,Freguesia do Ó,Inativo Transitável,AV INAJAR DE SOUZA
03-07-2015,Centro,Sé,Inativo Intransitável,PC DA BANDEIRA
03-07-2015,Centro,Sé,Inativo Transitável,VD DO GLICERIO
03-07-2015,Centro,Sé,Inativo Transitável,VD LESTE-OESTE
03-07-2015,Centro,Sé,Inativo Transitável,"AV CRUZEIRO DO SUL,"
03-07-2015,Centro,Sé,Inativo Transitável,AV SANTOS DUMONT
03-07-2015,Centro,Sé,Inativo Transitável,R PORTO SEGURO
03-07-2015,Centro,Sé,Inativo Transitável,AV CRUZEIRO DO SUL
03-07-2015,Centro,Sé,Inativo Transitável,R GLICERIO
03-07-2015,Centro,Sé,Inativo Intransitável,AV RIO BRANCO
03-07-2015,Centro,Sé,Inativo Intransitável,AV RIO BRANCO
03-07-2015,Centro,Sé,Inativo Intransitável,AV RIO BRANCO
03-07-2015,Zona Oeste,Butantã,Inativo Intransitável,AV VITAL BRASIL
03-07-2015,Zona Oeste,Butantã,Inativo Transitável,"AV VITAL BRASIL,"
03-07-2015,Zona Oeste,Butantã,Inativo Intransitável,R CAMARGO
03-07-2015,Zona Oeste,Pinheiros,Inativo Intransitável,AV MAGALHAES DE CASTRO
03-07-2015,Zona Oeste,Pinheiros,Inativo Transitável,R HUNGRIA
03-07-2015,Zona Leste,Itaquera,Inativo Transitável,"AV JACU-PESSEGO N TRABALHADORES,"
03-07-2015,Zona Leste,Mooca,Inativo Intransitável,"AV CELSO GARCIA,"
03-07-2015,Zona Leste,Mooca,Inativo Transitável,AV SALIM FARAH MALUF
03-07-2015,Zona Leste,Penha,Inativo Transitável,VD DOMINGOS FRANCIULLI NETO
03-07-2015,Zona Sul,Campo Limpo,Inativo Transitável,"ES DO CAMPO LIMPO,"
03-07-2015,Zona Sul,Santo Amaro,Inativo Transitável,TN PAULO AUTRAN
03-07-2015,Zona Sul,Santo Amaro,Inativo Transitável,VD VER JOSE DINIZ
03-07-2015,Zona Sul,Santo Amaro,Inativo Transitável,"AV VER JOSE DINIZ,"
03-07-2015,Zona Sul,Santo Amaro,Inativo Transitável,AV N SRA. DO SABARA
04-07-2015,,,,
05-07-2015,,,,
06-07-2015,,,,
07-07-2015,Zona Oeste,Lapa,Inativo Transitável,R TURIASSU
08-07-2015,Zona Oeste,Butantã,Inativo Transitável,AV VITAL BRASIL
08-07-2015,Zona Oeste,Butantã,Inativo Transitável,AV CORIFEU DE AZEVEDO MARQUES
08-07-2015,Zona Oeste,Butantã,Inativo Transitável,R CAMARGO
09-07-2015,,,,
10-07-2015,,,,
11-07-2015,,,,
12-07-2015,,,,
13-07-2015,,,,
14-07-2015,,,,
15-07-2015,,,,
16-07-2015,,,,
17-07-2015,,,,
18-07-2015,,,,
19-07-2015,,,,
20-07-2015,,,,
21-07-2015,,,,
22-07-2015,,,,
23-07-2015,,,,
24-07-2015,Centro,Sé,Inativo Transitável,"PC DA BANDEIRA,"
24-07-2015,Centro,Sé,Inativo Transitável,"PC DA BANDEIRA,"
25-07-2015,Zona Oeste,Pinheiros,Inativo Transitável,MARGINAL PINHEIROS PISTA EXPRESSA
25-07-2015,Zona Sul,Santo Amaro,Inativo Intransitável,"R BRASILIO LUZ,"
25-07-2015,Zona Sul,Santo Amaro,Inativo Transitável,"AV WASHINGTON LUIS,"
26-07-2015,,,,
27-07-2015,,,,
28-07-2015,,,,
29-07-2015,,,,
30-07-2015,,,,
31-07-2015,,,,
01-08-2015,,,,
02-08-2015,,,,
03-08-2015,,,,
04-08-2015,,,,
05-08-2015,,,,
06-08-2015,,,,
07-08-2015,,,,
08-08-2015,,,,
09-08-2015,,,,
10-08-2015,,,,
11-08-2015,,,,
12-08-2015,,,,
13-08-2015,,,,
14-08-2015,,,,
15-08-2015,,,,
16-08-2015,,,,
17-08-2015,,,,
18-08-2015,,,,
19-08-2015,,,,
20-08-2015,,,,
21-08-2015,,,,
22-08-2015,,,,
23-08-2015,,,,
24-08-2015,,,,
25-08-2015,,,,
26-08-2015,,,,
27-08-2015,Centro,Sé,Inativo Transitável,MARGINAL TIETE
27-08-2015,Centro,Sé,Inativo Transitável,AV SÃO JOÃO
27-08-2015,Centro,Sé,Inativo Transitável,AV RIO BRANCO
27-08-2015,Centro,Sé,Inativo Intransitável,AV RIO BRANCO
27-08-2015,Zona Oeste,Butantã,Inativo Intransitável,AV DO RIO PEQUENO
27-08-2015,Zona Oeste,Butantã,Inativo Intransitável,AV VITAL BRASIL
27-08-2015,Zona Oeste,Butantã,Inativo Intransitável,AV VITAL BRASIL
27-08-2015,Zona Leste,Mooca,Inativo Transitável,MARGINAL TIETE
28-08-2015,,,,
29-08-2015,,,,
30-08-2015,,,,
31-08-2015,,,,
01-09-2015,,,,
02-09-2015,,,,
03-09-2015,,,,
04-09-2015,,,,
05-09-2015,,,,
06-09-2015,,,,
07-09-2015,Zona Norte,Santana,Inativo Transitável,AV SANTOS DUMONT
07-09-2015,Zona Oeste,Butantã,Inativo Transitável,"AV EUSEBIO MATOSO,"
07-09-2015,Zona Oeste,Butantã,Inativo Transitável,"AV VITAL BRASIL,"
08-09-2015,Zona Norte,Casa Verde,Inativo Transitável,AV PRES CASTELO BRANCO
08-09-2015,Zona Norte,Santana,Inativo Transitável,AV LUIZ DUMONT VILLARES
08-09-2015,Centro,Sé,Inativo Transitável,AV RIO BRANCO
08-09-2015,Centro,Sé,Inativo Transitável,VD DR PLINIO DE QUEIROZ
08-09-2015,Centro,Sé,Inativo Transitável,R DOS PATRIOTAS
08-09-2015,Centro,Sé,Inativo Transitável,"AV RIO BRANCO,"
08-09-2015,Centro,Sé,Inativo Intransitável,AV RIO BRANCO
08-09-2015,Centro,Sé,Inativo Transitável,R MARIA LEOCADIA
08-09-2015,Centro,Sé,Inativo Transitável,AV SANTOS DUMONT
08-09-2015,Centro,Sé,Inativo Transitável,"R BARÃO DE PORTO CARREIRO,"
08-09-2015,Centro,Sé,Inativo Transitável,"AV CRUZEIRO DO SUL,"
08-09-2015,Centro,Sé,Inativo Intransitável,"AV CRUZEIRO DO SUL,"
08-09-2015,Centro,Sé,Inativo Transitável,R PORTO SEGURO
08-09-2015,Zona Oeste,Butantã,Inativo Transitável,"AV VITAL BRASIL,"
08-09-2015,Zona Oeste,Butantã,Inativo Transitável,"AV VITAL BRASIL,"
08-09-2015,Zona Oeste,Butantã,Inativo Transitável,AV ENG HEITOR ANTONIO EIRAS GARCIA
08-09-2015,Zona Oeste,Butantã,Inativo Intransitável,AV VITAL BRASIL
08-09-2015,Zona Oeste,Butantã,Inativo Transitável,"AV MAGALHAES DE CASTRO,"
08-09-2015,Zona Oeste,Butantã,Inativo Transitável,AV VITAL BRASIL
08-09-2015,Zona Oeste,Butantã,Inativo Transitável,AV CORIFEU DE AZEVEDO MARQUES
08-09-2015,Zona Oeste,Butantã,Inativo Intransitável,MARGINAL PINHEIROS
08-09-2015,Zona Oeste,Butantã,Inativo Transitável,R JOSE FELIX
08-09-2015,Zona Oeste,Butantã,Inativo Transitável,"AV PROF FRANCISCO MORATO,"
08-09-2015,Zona Oeste,Butantã,Inativo Intransitável,"AV MAGALHAES DE CASTRO,"
08-09-2015,Zona Oeste,Lapa,Inativo Transitável,"R DA DESPEDIDA,"
08-09-2015,Zona Oeste,Lapa,Inativo Transitável,MARGINAL TIETE
08-09-2015,Zona Oeste,Lapa,Inativo Transitável,AV NICOLAS BOER
08-09-2015,Zona Oeste,Lapa,Inativo Transitável,MARGINAL TIETE
08-09-2015,Zona Oeste,Lapa,Inativo Transitável,MARGINAL TIETE
08-09-2015,Zona Oeste,Pinheiros,Inativo Transitável,R AUSTRIA
08-09-2015,Zona Oeste,Pinheiros,Inativo Transitável,TN MAX FEFFER
08-09-2015,Zona Oeste,Pinheiros,Inativo Transitável,"AV DAS NACOES UNIDAS,"
08-09-2015,Zona Oeste,Pinheiros,Inativo Transitável,AV DAS NACOES UNIDAS
08-09-2015,Zona Leste,Aricanduva/ Vila Formosa,Inativo Intransitável,MARGINAL TIETE
08-09-2015,Zona Leste,Itaquera,Inativo Transitável,AV JOSE PINHEIRO BORGES
08-09-2015,Zona Leste,Itaquera,Inativo Transitável,AV JOSE PINHEIRO BORGES
08-09-2015,Zona Leste,Itaquera,Inativo Intransitável,"AV ARICANDUVA,"
08-09-2015,Zona Leste,Mooca,Inativo Transitável,AV CELSO GARCIA
08-09-2015,Zona Leste,Mooca,Inativo Transitável,AV SALIM FARAH MALUF
08-09-2015,Zona Leste,Mooca,Inativo Intransitável,MARGINAL TIETE
08-09-2015,Zona Leste,Vila Prudente,Inativo Intransitável,AV PROF LUIZ IGNACIO ANHAIA MELLO
08-09-2015,Zona Leste,Vila Prudente,Inativo Transitável,AV PROF LUIZ IGNACIO ANHAIA MELLO
08-09-2015,Zona Sul,Campo Limpo,Inativo Transitável,R ALVES DOS SANTOS
08-09-2015,Zona Sul,Campo Limpo,Inativo Transitável,R ALVES DOS SANTOS
08-09-2015,Zona Sul,Capela do Socorro,Inativo Intransitável,"AV ATLANTICA,"
08-09-2015,Zona Sul,Capela do Socorro,Inativo Transitável,"AV ATLANTICA,"
08-09-2015,Zona Sul,Capela do Socorro,Inativo Transitável,"AV ATLANTICA,"
08-09-2015,Zona Sul,Capela do Socorro,Inativo Transitável,AV DO RIO BONITO
08-09-2015,Zona Sul,Santo Amaro,Inativo Transitável,R JOAO ALFREDO
08-09-2015,Zona Sul,Santo Amaro,Inativo Intransitável,AV DAS NACOES UNIDAS
08-09-2015,Zona Sul,Santo Amaro,Inativo Transitável,MARGINAL PINHEIROS
08-09-2015,Zona Sul,Santo Amaro,Inativo Transitável,PTE OCTAVIO FRIAS DE OLIVEIRA
08-09-2015,Zona Sul,Santo Amaro,Inativo Intransitável,"AV JORN ROBERTO MARINHO,"
08-09-2015,Zona Sul,Santo Amaro,Inativo Transitável,"AV NSRA.DO SABARA,"
08-09-2015,Zona Sul,Santo Amaro,Inativo Transitável,AV DAS NACOES UNIDAS
08-09-2015,Zona Sul,Santo Amaro,Inativo Transitável,AV DAS NACOES UNIDAS
08-09-2015,Zona Sul,Santo Amaro,Inativo Transitável,"R MIGUEL YUNES,"
08-09-2015,Zona Sudeste,Ipiranga,Inativo Intransitável,R RIBEIRO LACERDA
08-09-2015,Zona Sudeste,Ipiranga,Inativo Intransitável,AV BOSQUE DA SAUDE
08-09-2015,Zona Sudeste,Ipiranga,Inativo Intransitável,R ELISA SILVEIRA
08-09-2015,Zona Sudeste,Vila Mariana,Inativo Transitável,"R CUBATAO,"
08-09-2015,Zona Sudeste,Vila Mariana,Inativo Transitável,"AV RUBEM BERTA,"
08-09-2015,Zona Sudeste,Vila Mariana,Inativo Intransitável,AV IBIRAPUERA
08-09-2015,Zona Sudeste,Vila Mariana,Inativo Transitável,"R ESTELA,"
09-09-2015,Centro,Sé,Inativo Intransitável,AV CRUZEIRO DO SUL
09-09-2015,Zona Sul,Cidade Ademar,Inativo Transitável,AV CUPECE
09-09-2015,Zona Sul,Campo Limpo,Inativo Transitável,R ALVES DOS SANTOS
09-09-2015,Zona Sul,Campo Limpo,Inativo Transitável,R ALVES DOS SANTOS
09-09-2015,Zona Sul,Campo Limpo,Inativo Intransitável,R ALVES DOS SANTOS
10-09-2015,Centro,Sé,Inativo Transitável,"R CINCINATO BRAGA,"
10-09-2015,Zona Oeste,Butantã,Inativo Transitável,"AV DAS NACOES UNIDAS,"
10-09-2015,Zona Oeste,Butantã,Inativo Transitável,"AV MAGALHAES DE CASTRO,"
10-09-2015,Zona Leste,Mooca,Inativo Intransitável,"AV DO ESTADO,"
11-09-2015,Zona Norte,Casa Verde,Inativo Intransitável,MARGINAL TIETE
11-09-2015,Zona Norte,Perus,Inativo Intransitável,PC INACIO DIAS
11-09-2015,Zona Norte,Santana,Inativo Transitável,"AV CRUZEIRO DO SUL,"
11-09-2015,Zona Norte,Santana,Inativo Transitável,"AV ZAKI NARCHI,"
11-09-2015,Zona Norte,Santana,Inativo Transitável,AV GAL ATALIBA LEONEL
11-09-2015,Centro,Sé,Inativo Transitável,AV CRUZEIRO DO SUL
11-09-2015,Centro,Sé,Inativo Intransitável,R COMEN FEIZ ZARZUR
11-09-2015,Centro,Sé,Inativo Transitável,AV DO ESTADO
11-09-2015,Centro,Sé,Inativo Transitável,"AV RIO BRANCO,"
11-09-2015,Centro,Sé,Inativo Transitável,"AV RIO BRANCO,"
11-09-2015,Centro,Sé,Inativo Transitável,"AL GLETE,"
11-09-2015,Centro,Sé,Inativo Transitável,"AV PRES CASTELO BRANCO,"
11-09-2015,Centro,Sé,Inativo Transitável,AV RIO BRANCO
11-09-2015,Centro,Sé,Inativo Transitável,"AV DO ESTADO,"
11-09-2015,Centro,Sé,Inativo Transitável,AV CRUZEIRO DO SUL
11-09-2015,Centro,Sé,Inativo Transitável,R MARIA PAULA
11-09-2015,Centro,Sé,Inativo Transitável,"PC DA BANDEIRA,"
11-09-2015,Zona Oeste,Butantã,Inativo Transitável,AV MAGALHAES DE CASTRO
11-09-2015,Zona Oeste,Butantã,Inativo Transitável,"AV VITAL BRASIL,"
11-09-2015,Zona Oeste,Butantã,Inativo Transitável,"AV VITAL BRASIL,"
11-09-2015,Zona Oeste,Butantã,Inativo Transitável,"AV VITAL BRASIL,"
11-09-2015,Zona Oeste,Lapa,Inativo Intransitável,"AV MARQ.DE SAO VICENTE,"
11-09-2015,Zona Oeste,Lapa,Inativo Transitável,AV DIOGENES RIBEIRO DE LIMA
11-09-2015,Zona Oeste,Lapa,Inativo Transitável,R TURIASSU
11-09-2015,Zona Leste,Aricanduva/ Vila Formosa,Inativo Transitável,MARGINAL TIETE
11-09-2015,Zona Leste,Mooca,Inativo Transitável,"AV CELSO GARCIA,"
11-09-2015,Zona Leste,Mooca,Inativo Intransitável,R BRESSER
11-09-2015,Zona Leste,Mooca,Inativo Transitável,MARGINAL TIETE
11-09-2015,Zona Sul,Santo Amaro,Inativo Transitável,"AV NSRA.DO SABARA,"
11-09-2015,Zona Sul,Santo Amaro,Inativo Transitável,"R MIGUEL YUNES,"
12-09-2015,,,,
13-09-2015,,,,
14-09-2015,,,,
15-09-2015,,,,
16-09-2015,,,,
17-09-2015,,,,
18-09-2015,,,,
19-09-2015,,,,
20-09-2015,,,,
21-09-2015,,,,
22-09-2015,,,,
23-09-2015,,,,
24-09-2015,,,,
25-09-2015,Zona Oeste,Butantã,Inativo Transitável,AV VITAL BRASIL
25-09-2015,Zona Oeste,Pinheiros,Inativo Transitável,AV EUSEBIO MATOSO
25-09-2015,Zona Oeste,Pinheiros,Inativo Transitável,PTE BERNARDO GOLDFARB
25-09-2015,Zona Oeste,Pinheiros,Inativo Transitável,AV DAS NACOES UNIDAS
25-09-2015,Zona Sul,Santo Amaro,Inativo Transitável,AV INTERLAGOS
26-09-2015,Centro,Sé,Inativo Transitável,R DR BITENCOURT RODRIGUES
26-09-2015,Zona Oeste,Butantã,Inativo Intransitável,AV ENG BILLINGS
26-09-2015,Zona Oeste,Butantã,Inativo Transitável,"PC JORGE DE LIMA,"
26-09-2015,Zona Oeste,Pinheiros,Inativo Transitável,AL SANTOS
26-09-2015,Zona Oeste,Pinheiros,Inativo Transitável,AV DR ARNALDO
26-09-2015,Zona Oeste,Pinheiros,Inativo Transitável,PTE BERNARDO GOLDFARB
26-09-2015,Zona Oeste,Pinheiros,Inativo Transitável,AV DAS NACOES UNIDAS
27-09-2015,Centro,Sé,Inativo Transitável,AV SANTOS DUMONT
27-09-2015,Zona Oeste,Lapa,Inativo Intransitável,R SEN JOAQUIM RIBEIRO DO VALLE
27-09-2015,Zona Sul,Santo Amaro,Inativo Transitável,AV ENG LUIZ CARLOS BERRINI
28-09-2015,Zona Norte,Freguesia do Ó,Inativo Transitável,R MAEST GABRIEL MIGLIORI
28-09-2015,Zona Norte,Freguesia do Ó,Inativo Transitável,R MAEST GABRIEL MIGLIORI
28-09-2015,Zona Norte,Vila Maria/ Vila Guilherme,Inativo Transitável,AV MORVAN DIAS DE FIGUEIREDO
28-09-2015,Centro,Sé,Inativo Intransitável,"AV SANTOS DUMONT, 596"
28-09-2015,Centro,Sé,Inativo Transitável,AV CRUZEIRO DO SUL
28-09-2015,Centro,Sé,Inativo Transitável,AV CRUZEIRO DO SUL
28-09-2015,Centro,Sé,Inativo Transitável,AV CRUZEIRO DO SUL
28-09-2015,Centro,Sé,Inativo Transitável,AV TIRADENTES
28-09-2015,Centro,Sé,Inativo Intransitável,AV SANTOS DUMONT
28-09-2015,Centro,Sé,Inativo Transitável,AV RIO BRANCO
28-09-2015,Zona Oeste,Lapa,Inativo Intransitável,R TURIASSU
28-09-2015,Zona Oeste,Pinheiros,Inativo Transitável,AV DAS NACOES UNIDAS
28-09-2015,Zona Sul,Santo Amaro,Inativo Intransitável,MARGINAL PINHEIROS
29-09-2015,,,,
30-09-2015,Zona Leste,Mooca,Inativo Transitável,AV SALIM FARAH MALUF
30-09-2015,Zona Sul,Santo Amaro,Inativo Transitável,AV NSRA.DO SABARA
01-10-2015,,,,
02-10-2015,,,,
03-10-2015,Zona Norte,Vila Maria/ Vila Guilherme,Inativo Intransitável,MARGINAL TIETE
03-10-2015,Zona Norte,Vila Maria/ Vila Guilherme,Inativo Transitável,AV MORVAN DIAS DE FIGUEIREDO
03-10-2015,Zona Norte,Santana,Inativo Transitável,"AV CRUZEIRO DO SUL,"
03-10-2015,Zona Oeste,Butantã,Inativo Transitável,"AV VITAL BRASIL,"
03-10-2015,Zona Oeste,Lapa,Inativo Transitável,MARGINAL TIETE
03-10-2015,Zona Oeste,Lapa,Inativo Transitável,AV COMEN MARTINELLI
03-10-2015,Zona Oeste,Pinheiros,Inativo Transitável,TN MAX FEFFER
03-10-2015,Zona Oeste,Pinheiros,Inativo Transitável,AV MAGALHAES DE CASTRO
04-10-2015,,,,
05-10-2015,,,,
06-10-2015,,,,
07-10-2015,,,,
08-10-2015,,,,
09-10-2015,,,,
10-10-2015,,,,
11-10-2015,,,,
12-10-2015,,,,
13-10-2015,Centro,Sé,Inativo Transitável,"LG DO PAISSANDU,"
14-10-2015,,,,
15-10-2015,,,,
16-10-2015,,,,
17-10-2015,,,,
18-10-2015,,,,
19-10-2015,,,,
20-10-2015,,,,
21-10-2015,Zona Oeste,Lapa,Inativo Transitável,MARGINAL PINHEIROS
22-10-2015,Zona Norte,Jaçanã/ Tremembé,Inativo Transitável,AV ANTONELO DA MESSINA
22-10-2015,Zona Norte,Santana,Inativo Intransitável,"AV CRUZEIRO DO SUL,"
22-10-2015,Zona Norte,Santana,Inativo Transitável,AV ZAKI NARCHI
22-10-2015,Zona Norte,Santana,Inativo Transitável,AV ZAKI NARCHI
22-10-2015,Centro,Sé,Inativo Intransitável,"AV RIO BRANCO,"
22-10-2015,Centro,Sé,Inativo Intransitável,"AV RIO BRANCO,"
22-10-2015,Centro,Sé,Inativo Transitável,VD STA GENEROSA
22-10-2015,Centro,Sé,Inativo Transitável,AV RIO BRANCO
22-10-2015,Centro,Sé,Inativo Transitável,AV RIO BRANCO
22-10-2015,Zona Oeste,Butantã,Inativo Transitável,R CAMARGO
22-10-2015,Zona Oeste,Lapa,Inativo Intransitável,AV POMPEIA
22-10-2015,Zona Oeste,Lapa,Inativo Intransitável,R PALESTRA ITALIA
22-10-2015,Zona Oeste,Lapa,Inativo Intransitável,R DIANA
22-10-2015,Zona Oeste,Lapa,Inativo Transitável,AV IMP LEOPOLDINA
22-10-2015,Zona Oeste,Pinheiros,Inativo Transitável,AV DAS NAÇÕES UNIDAS
22-10-2015,Zona Leste,Itaquera,Inativo Intransitável,"AV JACU-PESSEGO N TRABALHADORES,"
22-10-2015,Zona Leste,Mooca,Inativo Transitável,AV SALIM FARAH MALUF
22-10-2015,Zona Sul,Cidade Ademar,Inativo Transitável,AV NSRA DO SABARA
22-10-2015,Zona Sudeste,Ipiranga,Inativo Transitável,AV DO CURSINO
23-10-2015,,,,
24-10-2015,,,,
25-10-2015,,,,
26-10-2015,Centro,Sé,Inativo Transitável,"AV RIO BRANCO,"
26-10-2015,Centro,Sé,Inativo Transitável,"AV RIO BRANCO,"
26-10-2015,Centro,Sé,Inativo Transitável,"AV RIO BRANCO,"
26-10-2015,Centro,Sé,Inativo Transitável,AV RIO BRANCO
26-10-2015,Centro,Sé,Inativo Transitável,"AV RIO BRANCO,"
26-10-2015,Centro,Sé,Inativo Intransitável,AV CRUZEIRO DO SUL
26-10-2015,Centro,Sé,Inativo Transitável,AV CRUZEIRO DO SUL
26-10-2015,Centro,Sé,Inativo Transitável,AV CRUZEIRO DO SUL
26-10-2015,Zona Oeste,Lapa,Inativo Transitável,"AV MOFARREJ,"
26-10-2015,Zona Oeste,Lapa,Inativo Transitável,R PALESTRA ITALIA
26-10-2015,Zona Oeste,Pinheiros,Inativo Transitável,"AV DAS NACOES UNIDAS,"
26-10-2015,Zona Leste,Mooca,Inativo Transitável,"AV SALIM FARAH MALUF,"
26-10-2015,Zona Sul,M'Boi Mirim,Inativo Transitável,"ES DA RIVIERA,"
27-10-2015,,,,
28-10-2015,,,,
29-10-2015,,,,
30-10-2015,,,,
31-10-2015,,,,
01-11-2015,Zona Norte,Casa Verde,Inativo Transitável,MARGINAL TIETE
01-11-2015,Zona Norte,Freguesia do Ó,Inativo Transitável,MARGINAL TIETE
01-11-2015,Centro,Sé,Inativo Transitável,AV PRES CASTELO BRANCO
01-11-2015,Centro,Sé,Inativo Transitável,MARGINAL TIETE
01-11-2015,Centro,Sé,Inativo Transitável,AV PRES CASTELO BRANCO
01-11-2015,Centro,Sé,Inativo Transitável,MARGINAL TIETE
01-11-2015,Centro,Sé,Inativo Transitável,"MARGINAL TIETE CBAS CENTRAL,"
01-11-2015,Zona Oeste,Lapa,Inativo Transitável,AV PRES CASTELO BRANCO
01-11-2015,Zona Leste,Mooca,Inativo Transitável,AV SALIM FARAH MALUF
01-11-2015,Zona Leste,Mooca,Inativo Transitável,AV CELSO GARCIA
01-11-2015,Zona Leste,Mooca,Inativo Transitável,AV RANGEL PESTANA
01-11-2015,Zona Leste,Mooca,Inativo Transitável,AV CELSO GARCIA
01-11-2015,Zona Leste,Penha,Inativo Transitável,VD DO GLICERIO
01-11-2015,Zona Sudeste,Vila Mariana,Inativo Transitável,"AV IBIRAPUERA,"
02-11-2015,Zona Norte,Casa Verde,Inativo Transitável,MARGINAL TIETE
02-11-2015,Zona Norte,Casa Verde,Inativo Transitável,MARGINAL TIETE
02-11-2015,Zona Norte,Casa Verde,Inativo Transitável,MARGINAL TIETE
02-11-2015,Zona Norte,Vila Maria/ Vila Guilherme,Inativo Transitável,MARGINAL TIETE
02-11-2015,Zona Norte,Vila Maria/ Vila Guilherme,Inativo Transitável,MARGINAL TIETE
02-11-2015,Zona Norte,Vila Maria/ Vila Guilherme,Inativo Transitável,MARGINAL TIETE
02-11-2015,Zona Norte,Santana,Inativo Transitável,R DARZAN
02-11-2015,Zona Norte,Santana,Inativo Transitável,"AV CRUZEIRO DO SUL,"
02-11-2015,Zona Norte,Santana,Inativo Transitável,AV CRUZEIRO DO SUL
02-11-2015,Zona Norte,Santana,Inativo Transitável,AV CRUZEIRO DO SUL
02-11-2015,Zona Norte,Santana,Inativo Transitável,AV CRUZEIRO DO SUL
02-11-2015,Centro,Sé,Inativo Transitável,AV RIO BRANCO
02-11-2015,Centro,Sé,Inativo Transitável,AV DAS NACOES UNIDAS
02-11-2015,Centro,Sé,Inativo Intransitável,R PORTO SEGURO
02-11-2015,Zona Oeste,Butantã,Inativo Transitável,MARGINAL PINHEIROS
02-11-2015,Zona Oeste,Lapa,Inativo Transitável,"AV PRES CASTELO BRANCO,"
02-11-2015,Zona Oeste,Lapa,Inativo Transitável,R PALESTRA ITALIA
02-11-2015,Zona Oeste,Pinheiros,Inativo Transitável,MARGINAL TIETE
02-11-2015,Zona Oeste,Pinheiros,Inativo Transitável,MARGINAL PINHEIROS
02-11-2015,Zona Sudeste,Vila Mariana,Inativo Transitável,R VERGUEIRO
03-11-2015,Zona Norte,Jaçanã/ Tremembé,Inativo Transitável,AV ANTONELO DA MESSINA
03-11-2015,Zona Leste,Itaquera,Inativo Intransitável,R DR LUIZ AYRES
04-11-2015,Zona Norte,Vila Maria/ Vila Guilherme,Inativo Intransitável,AV MORVAN DIAS DE FIGUEIREDO
04-11-2015,Zona Norte,Vila Maria/ Vila Guilherme,Inativo Intransitável,MARGINAL TIETE
04-11-2015,Zona Norte,Pirituba/Jaraguá,Inativo Transitável,AV RAIMUNDO PEREIRA DE MAGALHAES
04-11-2015,Zona Norte,Santana,Inativo Transitável,"R DARZAN,"
04-11-2015,Zona Norte,Santana,Inativo Transitável,"AV GAL ATALIBA LEONEL,"
04-11-2015,Zona Norte,Santana,Inativo Transitável,AV CRUZEIRO DO SUL
04-11-2015,Zona Norte,Santana,Inativo Intransitável,AV CRUZEIRO DO SUL
04-11-2015,Centro,Sé,Inativo Transitável,AV VINTE E TRES DE MAIO
04-11-2015,Centro,Sé,Inativo Transitável,AV RIO BRANCO
04-11-2015,Centro,Sé,Inativo Transitável,AV RIO BRANCO
04-11-2015,Centro,Sé,Inativo Transitável,VD DO CHA
04-11-2015,Centro,Sé,Inativo Intransitável,"AV RIO BRANCO,"
04-11-2015,Zona Oeste,Lapa,Inativo Intransitável,R TURIASSU
04-11-2015,Zona Oeste,Lapa,Inativo Transitável,R CARAIBAS
04-11-2015,Zona Oeste,Lapa,Inativo Intransitável,"R VLADIMIR HERZOG,"
04-11-2015,Zona Leste,Mooca,Inativo Transitável,R TAQUARI
05-11-2015,Zona Norte,Freguesia do Ó,Inativo Transitável,AV INAJAR DE SOUZA
05-11-2015,Zona Oeste,Butantã,Inativo Transitável,AV ENG BILLINGS
05-11-2015,Zona Sudeste,Vila Mariana,Inativo Intransitável,"AV VINTE E TRES DE MAIO,"
06-11-2015,Zona Norte,Santana,Inativo Transitável,AV ZAKI NARCHI
07-11-2015,,,,
08-11-2015,,,,
09-11-2015,Zona Norte,Casa Verde,Inativo Intransitável,AV ANTONIO MUNHOZ BONILHA
09-11-2015,Zona Oeste,Lapa,Inativo Transitável,AV MARGINAL DIREITA DO TIETE
09-11-2015,Zona Oeste,Pinheiros,Inativo Transitável,"AV DAS NACOES UNIDAS,"
09-11-2015,Zona Leste,Mooca,Inativo Transitável,AV CELSO GARCIA
09-11-2015,Zona Sul,Capela do Socorro,Inativo Transitável,AV DONA BELMIRA MARIN
09-11-2015,Zona Sul,Santo Amaro,Inativo Intransitável,AV NSRA.DO SABARA
09-11-2015,Zona Sudeste,Ipiranga,Inativo Transitável,AV ALM DELAMARE
10-11-2015,,,,
11-11-2015,Centro,Sé,Inativo Intransitável,AV NOVE DE JULHO
11-11-2015,Centro,Sé,Inativo Transitável,AV NOVE DE JULHO
12-11-2015,,,,
13-11-2015,Zona Oeste,Butantã,Inativo Transitável,AV SUMARE
13-11-2015,Zona Oeste,Lapa,Inativo Intransitável,R BR.DO BANANAL (PERDIZES)
13-11-2015,Zona Oeste,Lapa,Inativo Transitável,AV POMPEIA
14-11-2015,Zona Sul,Santo Amaro,Inativo Transitável,R MIGUEL YUNES
15-11-2015,,,,
16-11-2015,,,,
17-11-2015,Zona Norte,Casa Verde,Inativo Intransitável,AV ORDEM E PROGRESSO
17-11-2015,Zona Norte,Casa Verde,Inativo Transitável,R MAEST GABRIEL MIGLIORI
17-11-2015,Zona Norte,Freguesia do Ó,Inativo Intransitável,AV ANTONIO MUNHOZ BONILHA
17-11-2015,Centro,Sé,Inativo Transitável,MARGINAL TIETE
17-11-2015,Zona Oeste,Butantã,Inativo Transitável,AV PROF FRANCISCO MORATO
17-11-2015,Zona Oeste,Lapa,Inativo Intransitável,"AV MARQ.DE SAO VICENTE,"
17-11-2015,Zona Oeste,Lapa,Inativo Transitável,R PALESTRA ITALIA
17-11-2015,Zona Leste,Aricanduva/ Vila Formosa,Inativo Transitável,AV ARICANDUVA
17-11-2015,Zona Leste,Aricanduva/ Vila Formosa,Inativo Transitável,AV ARICANDUVA
17-11-2015,Zona Leste,Mooca,Inativo Transitável,AV ALCANTARA MACHADO
17-11-2015,Zona Leste,Mooca,Inativo Intransitável,AV CELSO GARCIA
17-11-2015,Zona Leste,Mooca,Inativo Transitável,AV ALCANTARA MACHADO
17-11-2015,Zona Leste,Mooca,Inativo Transitável,AV ALCANTARA MACHADO
17-11-2015,Zona Leste,Mooca,Inativo Transitável,AV ALCANTARA MACHADO
17-11-2015,Zona Leste,Mooca,Inativo Transitável,AV CELSO GARCIA
17-11-2015,Zona Leste,Vila Prudente,Inativo Intransitável,R COSTA BARROS
17-11-2015,Zona Sul,Campo Limpo,Inativo Transitável,AV MARIA COELHO AGUIAR
17-11-2015,Zona Sudeste,Ipiranga,Inativo Transitável,AV DR RICARDO JAFET
17-11-2015,Zona Sudeste,Vila Mariana,Inativo Transitável,AV ROUXINOL
18-11-2015,Zona Norte,Santana,Inativo Transitável,AV ZAKI NARCHI
18-11-2015,Zona Oeste,Lapa,Inativo Transitável,"AV MARQ.DE SAO VICENTE,"
18-11-2015,Zona Oeste,Lapa,Inativo Transitável,"R PDE ANTONIO TOMAS,"
18-11-2015,Zona Oeste,Lapa,Inativo Transitável,"AV MARQ.DE SAO VICENTE,"
19-11-2015,,,,
20-11-2015,Zona Norte,Santana,Inativo Transitável,AV GAL ATALIBA LEONEL
21-11-2015,,,,
22-11-2015,,,,
23-11-2015,Zona Norte,Santana,Inativo Transitável,AV GAL ATALIBA LEONEL
23-11-2015,Zona Norte,Santana,Inativo Transitável,AV ZAKI NARCHI
23-11-2015,Zona Oeste,Lapa,Inativo Transitável,"R ANTONIO SARKIS,"
24-11-2015,,,,
25-11-2015,,,,
26-11-2015,,,,
27-11-2015,,,,
28-11-2015,,,,
29-11-2015,Zona Norte,Vila Maria/ Vila Guilherme,Inativo Transitável,"AV MORVAN DIAS DE FIGUEIREDO,"
29-11-2015,Centro,Sé,Inativo Intransitável,PC DA BANDEIRA
29-11-2015,Centro,Sé,Inativo Intransitável,"PC DA BANDEIRA,"
29-11-2015,Centro,Sé,Inativo Transitável,"R MANOEL DUTRA,"
29-11-2015,Centro,Sé,Inativo Intransitável,R TEIXEIRA LEITE
29-11-2015,Centro,Sé,Inativo Intransitável,"AV VINTE E TRES DE MAIO,"
29-11-2015,Centro,Sé,Inativo Transitável,R VITORIA
29-11-2015,Centro,Sé,Inativo Intransitável,PC DA REPUBLICA
29-11-2015,Zona Oeste,Lapa,Inativo Intransitável,R PALESTRA ITALIA
29-11-2015,Zona Oeste,Lapa,Inativo Transitável,"PC PASCOAL MARTINS,"
29-11-2015,Zona Oeste,Lapa,Inativo Transitável,"VD ANTARTICA,"
29-11-2015,Zona Oeste,Lapa,Inativo Intransitável,AV POMPEIA
29-11-2015,Zona Oeste,Lapa,Inativo Intransitável,AV PRES CASTELO BRANCO
29-11-2015,Zona Oeste,Lapa,Inativo Intransitável,"R TTE LANDI,"
29-11-2015,Zona Oeste,Lapa,Inativo Intransitável,AV MARQ.DE SAO VICENTE
29-11-2015,Zona Oeste,Lapa,Inativo Transitável,"AV ERMANO MARCHETTI,"
29-11-2015,Zona Oeste,Lapa,Inativo Transitável,AV MARQ.DE SAO VICENTE
29-11-2015,Zona Leste,Mooca,Inativo Transitável,AV RANGEL PESTANA
29-11-2015,Zona Leste,Mooca,Inativo Transitável,"AV CELSO GARCIA,"
29-11-2015,Zona Leste,Mooca,Inativo Transitável,AV CELSO GARCIA
29-11-2015,Zona Leste,Mooca,Inativo Transitável,AV CELSO GARCIA
29-11-2015,Zona Sul,Santo Amaro,Inativo Transitável,"MARGINAL PINHEIROS INTCB EXPR,"
29-11-2015,Zona Sudeste,Vila Mariana,Inativo Transitável,AV VINTE E TRES DE MAIO
30-11-2015,,,,
01-12-2015,,,,
02-12-2015,,,,
03-12-2015,,,,
04-12-2015,,,,
05-12-2015,Zona Sul,Santo Amaro,Inativo Transitável,MARGINAL PINHEIROS INTCB EXPR
05-12-2015,Zona Sudeste,Ipiranga,Inativo Intransitável,AV PROF ABRAAO DE MORAIS
05-12-2015,Zona Sudeste,Ipiranga,Inativo Intransitável,AV PROF ABRAAO DE MORAIS
06-12-2015,Zona Norte,Casa Verde,Inativo Transitável,AV INAJAR DE SOUZA
06-12-2015,Zona Norte,Casa Verde,Inativo Transitável,AV INAJAR DE SOUZA
06-12-2015,Zona Norte,Casa Verde,Inativo Transitável,AV INAJAR DE SOUZA
06-12-2015,Zona Norte,Vila Maria/ Vila Guilherme,Inativo Transitável,Marginal Tietê
06-12-2015,Zona Norte,Vila Maria/ Vila Guilherme,Inativo Transitável,MARGINAL TIETE
06-12-2015,Zona Leste,Mooca,Inativo Transitável,AV ALCANTARA MACHADO
06-12-2015,Zona Leste,Mooca,Inativo Transitável,AV ALCANTARA MACHADO
06-12-2015,Zona Sul,Santo Amaro,Inativo Transitável,AV STO AMARO
07-12-2015,Zona Norte,Casa Verde,Inativo Transitável,"AV INAJAR DE SOUZA,"
07-12-2015,Zona Leste,Aricanduva/ Vila Formosa,Inativo Intransitável,R ASTARTE
07-12-2015,Zona Leste,Mooca,Inativo Intransitável,MARGINAL TIETE CBAS EXPRESSA
07-12-2015,Zona Leste,Mooca,Inativo Transitável,MARGINAL TIETE
08-12-2015,,,,
09-12-2015,,,,
10-12-2015,,,,
11-12-2015,,,,
12-12-2015,Zona Leste,Penha,Inativo Intransitável,AV ANTONIO ESTEVAO DE CARVALHO
12-12-2015,Zona Leste,Penha,Inativo Intransitável,"AV EDUCA PAULO FREIRE, 548"
12-12-2015,Zona Leste,Penha,Inativo Transitável,"AV CALIM EID, 3158"
13-12-2015,,,,
14-12-2015,Zona Oeste,Pinheiros,Inativo Transitável,"AV DAS NACOES UNIDAS,"
14-12-2015,Zona Oeste,Pinheiros,Inativo Transitável,"AV DAS NACOES UNIDAS,"
14-12-2015,Zona Oeste,Pinheiros,Inativo Transitável,"AV DAS NACOES UNIDAS,"
14-12-2015,Zona Oeste,Pinheiros,Inativo Transitável,"AV DAS NACOES UNIDAS,"
15-12-2015,,,,
16-12-2015,,,,
17-12-2015,,,,
18-12-2015,,,,
19-12-2015,Zona Norte,Freguesia do Ó,Inativo Transitável,AV DEP CANTIDIO SAMPAIO
19-12-2015,Zona Norte,Freguesia do Ó,Inativo Intransitável,"R RIO VERDE,"
19-12-2015,Zona Norte,Freguesia do Ó,Inativo Intransitável,AV GAL EDGAR FACO
19-12-2015,Zona Norte,Freguesia do Ó,Inativo Transitável,"AV INAJAR DE SOUZA,"
19-12-2015,Zona Norte,Santana,Inativo Transitável,"AV ASSIS CHATEAUBRIAND,"
19-12-2015,Centro,Sé,Inativo Transitável,"PC MAL DEODORO,"
19-12-2015,Zona Leste,Itaquera,Inativo Transitável,"AV JACU-PESSEGO N TRABALHADORES,"
19-12-2015,Zona Leste,Itaquera,Inativo Transitável,"AV JACU-PESSEGO N TRABALHADORES,"
19-12-2015,Zona Leste,Mooca,Inativo Intransitável,AV CRUZEIRO DO SUL
20-12-2015,Zona Norte,Freguesia do Ó,Inativo Transitável,MARGINAL TIETE ASCB CENTRAL
20-12-2015,Zona Norte,Freguesia do Ó,Inativo Intransitável,AV OTAVIANO ALVES DE LIMA
20-12-2015,Zona Norte,Vila Maria/ Vila Guilherme,Inativo Transitável,AV MORVAN DIAS DE FIGUEIREDO
20-12-2015,Zona Norte,Vila Maria/ Vila Guilherme,Inativo Transitável,MARGINAL TIETE
20-12-2015,Zona Norte,Pirituba/Jaraguá,Inativo Intransitável,AV RAIMUNDO PEREIRA DE MAGALHAES
20-12-2015,Centro,Sé,Inativo Intransitável,R TEIXEIRA LEITE
20-12-2015,Centro,Sé,Inativo Intransitável,AV VINTE E TRES DE MAIO
20-12-2015,Centro,Sé,Inativo Transitável,AV VINTE E TRES DE MAIO
20-12-2015,Centro,Sé,Inativo Transitável,PC DA BANDEIRA
20-12-2015,Zona Leste,Itaquera,Inativo Intransitável,AV JOSE PINHEIRO BORGES
20-12-2015,Zona Leste,Itaquera,Inativo Transitável,"AV AFONSO DE SAMPAIO E SOUSA,"
20-12-2015,Zona Leste,Mooca,Inativo Intransitável,AV ALCANTARA MACHADO
20-12-2015,Zona Leste,Mooca,Inativo Transitável,"AV RANGEL PESTANA,"
21-12-2015,Zona Norte,Casa Verde,Inativo Transitável,MARGINAL TIETÊ
21-12-2015,Zona Norte,Jaçanã/ Tremembé,Inativo Transitável,AV CEL SEZEFREDO FAGUNDES
21-12-2015,Zona Norte,Jaçanã/ Tremembé,Inativo Transitável,R MARIA AMALIA LOPES AZEVEDO
21-12-2015,Zona Norte,Jaçanã/ Tremembé,Inativo Intransitável,AV CEL SEZEFREDO FAGUNDES
21-12-2015,Zona Norte,Jaçanã/ Tremembé,Inativo Transitável,"AV ANTONELO DA MESSINA,"
21-12-2015,Zona Norte,Pirituba/Jaraguá,Inativo Intransitável,"R CEL JOSE RUFINO FREIRE,"
21-12-2015,Zona Norte,Santana,Inativo Transitável,MARGINAL TIETÊ
21-12-2015,Zona Norte,Santana,Inativo Transitável,R DARZAN
21-12-2015,Centro,Sé,Inativo Transitável,R TEIXEIRA LEITE
21-12-2015,Centro,Sé,Inativo Intransitável,R TEIXEIRA LEITE
21-12-2015,Centro,Sé,Inativo Transitável,R S PAULO
21-12-2015,Centro,Sé,Inativo Transitável,"AV MERCURIO,"
21-12-2015,Centro,Sé,Inativo Transitável,MARGINAL TIETE
21-12-2015,Zona Oeste,Lapa,Inativo Transitável,R VENANCIO AIRES
21-12-2015,Zona Oeste,Lapa,Inativo Intransitável,R PALESTRA ITALIA
21-12-2015,Zona Oeste,Lapa,Inativo Intransitável,PC MARREY JUNIOR
21-12-2015,Zona Oeste,Lapa,Inativo Intransitável,AV POMPEIA
21-12-2015,Zona Oeste,Lapa,Inativo Transitável,AV POMPEIA
21-12-2015,Zona Oeste,Lapa,Inativo Transitável,AV ANTARTICA
21-12-2015,Zona Oeste,Lapa,Inativo Intransitável,R FREI HENRIQUE DE COIMBRA
21-12-2015,Zona Oeste,Lapa,Inativo Transitável,AV MARQ.DE SAO VICENTE
21-12-2015,Zona Oeste,Lapa,Inativo Transitável,AV ERMANO MARCHETTI
21-12-2015,Zona Oeste,Lapa,Inativo Transitável,"AV SUMARE,"
21-12-2015,Zona Oeste,Pinheiros,Inativo Transitável,"AV PROF FONSECA RODRIGUES,"
21-12-2015,Zona Oeste,Pinheiros,Inativo Transitável,PC PAN-AMERICANA
21-12-2015,Zona Oeste,Pinheiros,Inativo Transitável,R HARMONIA
21-12-2015,Zona Leste,Itaquera,Inativo Transitável,R DR LUIZ AYRES
21-12-2015,Zona Leste,Mooca,Inativo Transitável,AV RANGEL PESTANA
21-12-2015,Zona Leste,Mooca,Inativo Intransitável,R BRESSER
21-12-2015,Zona Leste,Penha,Inativo Transitável,AV CD.DE FRONTIN
21-12-2015,Zona Leste,Penha,Inativo Transitável,"R ATUAI,"
22-12-2015,Zona Oeste,Butantã,Inativo Transitável,"AV JULES RIMET,"
22-12-2015,Zona Leste,Guaianases,Inativo Intransitável,R LUIS MATEUS
22-12-2015,Zona Leste,Itaquera,Inativo Transitável,AV ITAQUERA
22-12-2015,Zona Leste,Itaquera,Inativo Transitável,AV JACU-PESSEGO N TRABALHADORES
22-12-2015,Zona Leste,Itaquera,Inativo Transitável,"AV JACU-PESSEGO N TRABALHADORES,"
22-12-2015,Zona Sul,Campo Limpo,Inativo Intransitável,R ALVES DOS SANTOS
22-12-2015,Zona Sul,Santo Amaro,Inativo Transitável,AV STO AMARO
22-12-2015,Zona Sul,Santo Amaro,Inativo Transitável,"R JOAO ALFREDO (S AMARO),"
22-12-2015,Zona Sudeste,Ipiranga,Inativo Intransitável,AV PROF ABRAAO DE MORAIS
22-12-2015,Zona Sudeste,Ipiranga,Inativo Intransitável,AV PROF ABRAAO DE MORAIS
22-12-2015,Zona Sudeste,Ipiranga,Inativo Intransitável,AV MIGUEL ESTEFANO
22-12-2015,Zona Sudeste,Vila Mariana,Inativo Transitável,AV DR RICARDO JAFET
22-12-2015,Zona Sudeste,Vila Mariana,Inativo Transitável,"AV RUBEM BERTA,"
22-12-2015,Zona Sudeste,Vila Mariana,Inativo Intransitável,R JUQUIS
22-12-2015,Zona Sudeste,Vila Mariana,Inativo Transitável,AV IBIRAPUERA
22-12-2015,Zona Sudeste,Vila Mariana,Inativo Transitável,AV DOS BANDEIRANTES (MOEMA)
23-12-2015,,,,
24-12-2015,Zona Norte,Vila Maria/ Vila Guilherme,Inativo Transitável,AV MORVAN DIAS DE FIGUEIREDO
24-12-2015,Zona Norte,Vila Maria/ Vila Guilherme,Inativo Transitável,MARGINAL TIETE ASCB EXPRESSA
24-12-2015,Zona Norte,Santana,Inativo Transitável,"MARGINAL TIETE CBAS EXPRESSA,"
24-12-2015,Zona Leste,Itaquera,Inativo Intransitável,AV JOSE PINHEIRO BORGES
24-12-2015,Zona Leste,Itaquera,Inativo Intransitável,R TOMAZZO FERRARA
25-12-2015,Zona Norte,Vila Maria/ Vila Guilherme,Inativo Transitável,"AV MORVAN DIAS DE FIGUEIREDO,"
25-12-2015,Zona Norte,Santana,Inativo Intransitável,AV ZAKI NARCHI
25-12-2015,Zona Leste,Itaquera,Inativo Transitável,AV ARICANDUVA
25-12-2015,Zona Leste,Itaquera,Inativo Transitável,AV ARICANDUVA
25-12-2015,Zona Leste,Itaquera,Inativo Transitável,AV CD.DE FRONTIN
25-12-2015,Zona Leste,Itaquera,Inativo Intransitável,"AV ARICANDUVA,"
25-12-2015,Zona Leste,Penha,Inativo Transitável,R DR ASSIS RIBEIRO
26-12-2015,Zona Norte,Vila Maria/ Vila Guilherme,Inativo Intransitável,R CHICO PONTES
26-12-2015,Zona Norte,Santana,Inativo Intransitável,PTE TRANSAMERICA
26-12-2015,Zona Oeste,Butantã,Inativo Intransitável,AV PROF FRANCISCO MORATO
26-12-2015,Zona Oeste,Butantã,Inativo Intransitável,AV ESCOLA POLITECNICA
26-12-2015,Zona Oeste,Butantã,Inativo Transitável,AV JULES RIMET
26-12-2015,Zona Oeste,Lapa,Inativo Intransitável,PC MELVIN JONES
26-12-2015,Zona Oeste,Lapa,Inativo Intransitável,R BR.DO BANANAL (PERDIZES)
26-12-2015,Zona Oeste,Lapa,Inativo Intransitável,AV EMB MACEDO SOARES
26-12-2015,Zona Oeste,Lapa,Inativo Intransitável,AV MOFARREJ
26-12-2015,Zona Oeste,Pinheiros,Inativo Intransitável,MARGINAL PINHEIROS CBINT EXPR
26-12-2015,Zona Oeste,Pinheiros,Inativo Intransitável,TN MAX FEFFER
26-12-2015,Zona Oeste,Pinheiros,Inativo Transitável,R ENG OSCAR AMERICANO
26-12-2015,Zona Oeste,Pinheiros,Inativo Intransitável,AV DAS NACOES UNIDAS
26-12-2015,Zona Oeste,Pinheiros,Inativo Transitável,PC PAN-AMERICANA
26-12-2015,Zona Oeste,Pinheiros,Inativo Transitável,AV DAS NACOES UNIDAS
26-12-2015,Zona Oeste,Pinheiros,Inativo Transitável,AV DAS NACOES UNIDAS
26-12-2015,Zona Oeste,Pinheiros,Inativo Intransitável,TN MAX FEFFER
26-12-2015,Zona Oeste,Pinheiros,Inativo Intransitável,AV CIDADE JARDIM
26-12-2015,Zona Oeste,Pinheiros,Inativo Intransitável,AV DAS NACOES UNIDAS
26-12-2015,Zona Oeste,Pinheiros,Inativo Transitável,AV MAGALHAES DE CASTRO
26-12-2015,Zona Oeste,Pinheiros,Inativo Intransitável,MARGINAL PINHEIROS INTCB EXPR
26-12-2015,Zona Sul,Campo Limpo,Inativo Intransitável,R ALVES DOS SANTOS
26-12-2015,Zona Sul,Campo Limpo,Inativo Intransitável,ES DO CAMPO LIMPO
26-12-2015,Zona Sul,Santo Amaro,Inativo Transitável,AV STO AMARO
26-12-2015,Zona Sul,Santo Amaro,Inativo Intransitável,AV INTERLAGOS
26-12-2015,Zona Sul,Santo Amaro,Inativo Intransitável,AV DUQSA DE GOIAS
27-12-2015,Zona Oeste,Butantã,Inativo Transitável,AV MAGALHAES DE CASTRO
27-12-2015,Zona Oeste,Butantã,Inativo Transitável,AV MAGALHAES DE CASTRO
27-12-2015,Zona Oeste,Lapa,Inativo Transitável,MARGINAL TIETE CBAS EXPRESSA
27-12-2015,Zona Sul,Santo Amaro,Inativo Transitável,"AV DAS NACOES UNIDAS,"
28-12-2015,,,,
29-12-2015,Zona Norte,Freguesia do Ó,Inativo Transitável,AV INAJAR DE SOUZA
29-12-2015,Zona Norte,Santana,Inativo Intransitável,AV GAL ATALIBA LEONEL
29-12-2015,Centro,Sé,Inativo Transitável,R HELVETIA
29-12-2015,Centro,Sé,Inativo Transitável,"R MARTINS FONTES,"
29-12-2015,Centro,Sé,Inativo Transitável,AV RIO BRANCO
30-12-2015,Centro,Sé,Inativo Transitável,R MARTINS FONTES
30-12-2015,Zona Sul,Santo Amaro,Inativo Transitável,"AV NSRA.DO SABARA,"
31-12-2015,,,,
01-01-2016,Zona Norte,Freguesia do Ó,Inativo Transitável,AV GAL EDGAR FACO
01-01-2016,Zona Norte,Jaçanã/ Tremembé,Inativo Intransitável,R PEDRO ALVARES CABRAL (B RET)
01-01-2016,Zona Norte,Vila Maria/ Vila Guilherme,Inativo Intransitável,R CHICO PONTES
01-01-2016,Zona Norte,Vila Maria/ Vila Guilherme,Inativo Transitável,AV EDUCA PAULO FREIRE
01-01-2016,Zona Norte,Pirituba/Jaraguá,Inativo Intransitável,MARGINAL TIETE ASCB EXPRESSA
01-01-2016,Zona Norte,Pirituba/Jaraguá,Inativo Intransitável,"ES TURISTICA DO JARAGUA,"
01-01-2016,Zona Norte,Pirituba/Jaraguá,Inativo Transitável,AV RAIMUNDO PEREIRA DE MAGALHAES
01-01-2016,Zona Norte,Pirituba/Jaraguá,Inativo Intransitável,AV RAIMUNDO PEREIRA DE MAGALHAES
01-01-2016,Zona Norte,Perus,Inativo Intransitável,PC INACIO DIAS
01-01-2016,Zona Norte,Santana,Inativo Intransitável,"AV ZAKI NARCHI,"
01-01-2016,Centro,Sé,Inativo Transitável,"PC MAL DEODORO,"
01-01-2016,Centro,Sé,Inativo Transitável,PC DA BANDEIRA
01-01-2016,Centro,Sé,Inativo Transitável,AV PRESTES MAIA
01-01-2016,Centro,Sé,Inativo Intransitável,R DA CANTAREIRA
01-01-2016,Zona Oeste,Lapa,Inativo Intransitável,AV MOFARREJ
01-01-2016,Zona Oeste,Lapa,Inativo Transitável,AV MARQ.DE SAO VICENTE
01-01-2016,Zona Oeste,Pinheiros,Inativo Transitável,AV DAS NACOES UNIDAS
01-01-2016,Zona Leste,Itaquera,Inativo Transitável,AV JOSE PINHEIRO BORGES
01-01-2016,Zona Leste,Itaquera,Inativo Transitável,AV CAMPANELLA
01-01-2016,Zona Leste,Itaim Paulista,Inativo Intransitável,R MANUEL BARBALHO DE LIMA
01-01-2016,Zona Leste,Mooca,Inativo Transitável,VD BRESSER
01-01-2016,Zona Leste,Mooca,Inativo Intransitável,AV ALCANTARA MACHADO
01-01-2016,Zona Leste,Mooca,Inativo Intransitável,AV ALCANTARA MACHADO
01-01-2016,Zona Leste,Penha,Inativo Transitável,R MARIA LEOCADIA
01-01-2016,Zona Leste,Penha,Inativo Transitável,AV DOM HELDER CAMARA
01-01-2016,Zona Leste,São Mateus,Inativo Transitável,R PROF PEDRO ANTONIO PIMENTEL
01-01-2016,Zona Sul,Campo Limpo,Inativo Transitável,ES DE ITAPECERICA
01-01-2016,Zona Sul,Santo Amaro,Inativo Transitável,MARGINAL TIETE ASCB EXPRESSA
02-01-2016,Zona Norte,Vila Maria/ Vila Guilherme,Inativo Transitável,MARGINAL TIETE CBAS CENTRAL
02-01-2016,Centro,Sé,Inativo Transitável,R VINTE E CINCO DE MARCO
02-01-2016,Zona Oeste,Pinheiros,Inativo Intransitável,AV DAS NACOES UNIDAS
02-01-2016,Zona Leste,Itaquera,Inativo Intransitável,AV JACU-PESSEGO N TRABALHADORES
02-01-2016,Zona Leste,Itaquera,Inativo Intransitável,AV JOSE PINHEIRO BORGES
02-01-2016,Zona Leste,Itaquera,Inativo Intransitável,AV JOSE PINHEIRO BORGES
02-01-2016,Zona Leste,Mooca,Inativo Intransitável,AV CELSO GARCIA
02-01-2016,Zona Sul,Capela do Socorro,Inativo Transitável,"AV ATLANTICA,"
02-01-2016,Zona Sul,Santo Amaro,Inativo Transitável,"AV DAS NACOES UNIDAS,"
02-01-2016,Zona Sul,Santo Amaro,Inativo Transitável,AV JOAO DIAS
02-01-2016,Zona Sul,Santo Amaro,Inativo Transitável,AV DONA BELMIRA MARIN
02-01-2016,Zona Sul,Santo Amaro,Inativo Intransitável,AV JOAO DIAS
02-01-2016,Zona Sul,Santo Amaro,Inativo Transitável,AV DAS NACOES UNIDAS
03-01-2016,Centro,Sé,Inativo Transitável,"R VINTE E CINCO DE MARCO,"
04-01-2016,,,,
05-01-2016,,,,
06-01-2016,,,,
07-01-2016,,,,
08-01-2016,,,,
09-01-2016,Zona Norte,Casa Verde,Inativo Transitável,MARGINAL TIETE ASCB EXPRESSA
09-01-2016,Centro,Sé,Inativo Transitável,AV DUQ.DE CAXIAS
09-01-2016,Zona Oeste,Lapa,Inativo Transitável,MARGINAL TIETE CBAS CENTRAL
09-01-2016,Zona Leste,Aricanduva/ Vila Formosa,Inativo Intransitável,AV ARICANDUVA
09-01-2016,Zona Leste,Aricanduva/ Vila Formosa,Inativo Intransitável,AV ARICANDUVA
09-01-2016,Zona Leste,Aricanduva/ Vila Formosa,Inativo Intransitável,AV ARICANDUVA
09-01-2016,Zona Leste,Aricanduva/ Vila Formosa,Inativo Intransitável,AV ARICANDUVA
09-01-2016,Zona Leste,Itaquera,Inativo Intransitável,R PDE VIEGAS DE MENEZES
09-01-2016,Zona Leste,Itaquera,Inativo Intransitável,R TOMAZZO FERRARA
09-01-2016,Zona Leste,Itaquera,Inativo Intransitável,AV ITAQUERA
09-01-2016,Zona Leste,Itaim Paulista,Inativo Transitável,AV MAL TITO
09-01-2016,Zona Leste,Mooca,Inativo Transitável,AV CDSSA ELISABETH DE ROBIANO
09-01-2016,Zona Leste,São Miguel Paulista,Inativo Intransitável,AV MAL TITO
09-01-2016,Zona Leste,São Miguel Paulista,Inativo Transitável,AV OLIVEIRA FREIRE
09-01-2016,Zona Leste,São Miguel Paulista,Inativo Transitável,R SALVADOR DE MEDEIROS
09-01-2016,Zona Leste,São Miguel Paulista,Inativo Transitável,R TARDE DE MAIO
09-01-2016,Zona Leste,Penha,Inativo Intransitável,AV GOV CARVALHO PINTO
09-01-2016,Zona Leste,Penha,Inativo Intransitável,AV ARICANDUVA
09-01-2016,Zona Sudeste,Jabaquara,Inativo Intransitável,AV JABAQUARA
10-01-2016,Centro,Sé,Inativo Transitável,"AV PAULISTA,"
10-01-2016,Centro,Sé,Inativo Transitável,"AV VINTE E TRES DE MAIO,"
10-01-2016,Centro,Sé,Inativo Transitável,"AV RIO BRANCO,"
10-01-2016,Zona Oeste,Pinheiros,Inativo Transitável,"AV DAS NACOES UNIDAS,"
10-01-2016,Zona Oeste,Pinheiros,Inativo Transitável,AV DAS NACOES UNIDAS
10-01-2016,Zona Leste,Itaquera,Inativo Intransitável,AV JOSE PINHEIRO BORGES
10-01-2016,Zona Leste,Itaquera,Inativo Intransitável,"AV JOSE PINHEIRO BORGES,"
10-01-2016,Zona Leste,Mooca,Inativo Transitável,"MARGINAL TIETE,"
10-01-2016,Zona Leste,Mooca,Inativo Transitável,"MARGINAL TIETE,"
10-01-2016,Zona Sul,Santo Amaro,Inativo Transitável,AV DAS NACOES UNIDAS
11-01-2016,Zona Norte,Santana,Inativo Transitável,AV ZAKI NARCHI
11-01-2016,Zona Sul,Santo Amaro,Inativo Transitável,"R ADAO NORBERTO DE ANDRADE,"
12-01-2016,Zona Norte,Santana,Inativo Transitável,"AV CRUZEIRO DO SUL,"
12-01-2016,Zona Norte,Santana,Inativo Transitável,R DO TRAMWAY
13-01-2016,,,,
14-01-2016,,,,
15-01-2016,,,,
16-01-2016,,,,
17-01-2016,,,,
18-01-2016,,,,
19-01-2016,,,,
20-01-2016,,,,
21-01-2016,,,,
22-01-2016,,,,
23-01-2016,,,,
24-01-2016,,,,
25-01-2016,Zona Leste,Aricanduva/ Vila Formosa,Inativo Intransitável,AV ARICANDUVA
25-01-2016,Zona Leste,Itaquera,Inativo Intransitável,R PADRE VIEGAS DE MENEZES
25-01-2016,Zona Leste,Itaquera,Inativo Transitável,"AV ARICANDUVA,"
25-01-2016,Zona Leste,Itaquera,Inativo Intransitável,R TOMAZZO FERRARA
25-01-2016,Zona Leste,Itaquera,Inativo Intransitável,R PADRE VIEGAS DE MENEZES
25-01-2016,Zona Leste,Itaquera,Inativo Intransitável,AV ARICANDUVA
26-01-2016,,,,
27-01-2016,Zona Norte,Jaçanã/ Tremembé,Inativo Intransitável,TRAV FOZ DO TEJO
27-01-2016,Zona Norte,Vila Maria/ Vila Guilherme,Inativo Intransitável,R CHICO PONTES
27-01-2016,Zona Norte,Santana,Inativo Transitável,AV CRUZEIRO DO SUL
27-01-2016,Zona Norte,Santana,Inativo Transitável,PTE CRUZEIRO DO SUL
27-01-2016,Centro,Sé,Inativo Transitável,PC DA BANDEIRA
27-01-2016,Centro,Sé,Inativo Transitável,R BELA CINTRA
27-01-2016,Centro,Sé,Inativo Transitável,R BRIG TOBIAS
27-01-2016,Centro,Sé,Inativo Transitável,AV CRUZEIRO DO SUL
27-01-2016,Centro,Sé,Inativo Intransitável,R PORTO CALVO
27-01-2016,Centro,Sé,Inativo Transitável,AV RIO BRANCO
27-01-2016,Zona Oeste,Butantã,Inativo Transitável,R ENG OSCAR AMERICANO
27-01-2016,Zona Oeste,Butantã,Inativo Intransitável,AV MAGALHAES DE CASTRO
27-01-2016,Zona Oeste,Lapa,Inativo Intransitável,PC APECATU
27-01-2016,Zona Oeste,Lapa,Inativo Transitável,AV DR. GASTÃO VIDIGAL
27-01-2016,Zona Oeste,Lapa,Inativo Intransitável,VD ANTARTICA
27-01-2016,Zona Oeste,Lapa,Inativo Intransitável,PC PASCOAL MARTINS
27-01-2016,Zona Oeste,Pinheiros,Inativo Transitável,AV PRES JUSCELINO KUBITSCHEK
27-01-2016,Zona Oeste,Pinheiros,Inativo Transitável,AV DOS TAJURAS
27-01-2016,Zona Oeste,Pinheiros,Inativo Transitável,MARGINAL PINHEIROS
27-01-2016,Zona Oeste,Pinheiros,Inativo Intransitável,TN MAX FEFFER
27-01-2016,Zona Leste,Itaquera,Inativo Transitável,"AV ITAQUERA,"
27-01-2016,Zona Leste,Itaquera,Inativo Transitável,R TOMAZZO FERRARA
27-01-2016,Zona Leste,Mooca,Inativo Intransitável,AV ALCANTARA MACHADO
27-01-2016,Zona Leste,Mooca,Inativo Transitável,AV CD.DE FRONTIN
27-01-2016,Zona Leste,Mooca,Inativo Intransitável,AV ALCANTARA MACHADO
27-01-2016,Zona Leste,Mooca,Inativo Transitável,R MONTE SERRAT
27-01-2016,Zona Leste,Mooca,Inativo Intransitável,"AV CD.DE FRONTIN,"
27-01-2016,Zona Leste,Mooca,Inativo Transitável,"VD BRESSER,"
27-01-2016,Zona Leste,Vila Prudente,Inativo Intransitável,"AV PROF LUIZ IGNACIO ANHAIA MELLO,"
27-01-2016,Zona Leste,Vila Prudente,Inativo Intransitável,"AV PAES DE BARROS,"
27-01-2016,Zona Leste,Vila Prudente,Inativo Intransitável,AV PROF LUIZ IGNACIO ANHAIA MELLO
27-01-2016,Zona Leste,Vila Prudente,Inativo Intransitável,"AV PROF LUIZ IGNACIO ANHAIA MELLO,"
27-01-2016,Zona Leste,Vila Prudente,Inativo Intransitável,"AV DR FRANCISCO MESQUITA,"
27-01-2016,Zona Sul,M'Boi Mirim,Inativo Transitável,"AV MARIA COELHO AGUIAR,"
27-01-2016,Zona Sul,M'Boi Mirim,Inativo Intransitável,AV GUIDO CALOI
27-01-2016,Zona Sul,Parelheiros,Inativo Intransitável,AV SADAMU INOUE
27-01-2016,Zona Sul,Santo Amaro,Inativo Transitável,AV DAS NACOES UNIDAS
27-01-2016,Zona Sul,Santo Amaro,Inativo Intransitável,"AV INTERLAGOS,"
27-01-2016,Zona Sul,Santo Amaro,Inativo Intransitável,AV DAS NACOES UNIDAS
27-01-2016,Zona Sul,Santo Amaro,Inativo Transitável,AV VITOR MANZINI
27-01-2016,Zona Sul,Santo Amaro,Inativo Transitável,AV DAS NACOES UNIDAS
27-01-2016,Zona Sul,Santo Amaro,Inativo Intransitável,"AV ROQUE PETRONI JUNIOR,"
27-01-2016,Zona Sul,Santo Amaro,Inativo Transitável,"VD AUSTREGESILO DE ATHAYDE,"
27-01-2016,Zona Sul,Santo Amaro,Inativo Intransitável,"AV ROQUE PETRONI JUNIOR,"
27-01-2016,Zona Sul,Santo Amaro,Inativo Transitável,AV ROQUE PETRONI JUNIOR
27-01-2016,Zona Sul,Santo Amaro,Inativo Intransitável,"AV DAS NACOES UNIDAS,"
27-01-2016,Zona Sudeste,Ipiranga,Inativo Intransitável,AV PROF ABRAAO DE MORAIS
27-01-2016,Zona Sudeste,Vila Mariana,Inativo Intransitável,AV VINTE E TRES DE MAIO
27-01-2016,Zona Sudeste,Vila Mariana,Inativo Intransitável,"AV RUBEM BERTA,"
27-01-2016,Zona Sudeste,Vila Mariana,Inativo Intransitável,"AV RUBEM BERTA,"
27-01-2016,Zona Sudeste,Vila Mariana,Inativo Intransitável,AV PROF ABRAAO DE MORAIS
28-01-2016,,,,
29-01-2016,,,,
30-01-2016,,,,
31-01-2016,,,,
01-02-2016,,,,
02-02-2016,Zona Norte,Jaçanã/ Tremembé,Inativo Transitável,R MANOEL GAYA
02-02-2016,Zona Norte,Pirituba/Jaraguá,Inativo Transitável,R COMEN FEIZ ZARZUR
02-02-2016,Zona Oeste,Lapa,Inativo Transitável,R GUAICURUS
03-02-2016,,,,
04-02-2016,,,,
05-02-2016,,,,
06-02-2016,Zona Norte,Pirituba/Jaraguá,Inativo Intransitável,AV RAIMUNDO PEREIRA DE MAGALHAES
06-02-2016,Zona Norte,Perus,Inativo Intransitável,R IRINEOPOLIS
06-02-2016,Zona Norte,Santana,Inativo Transitável,R PROF LUCIANO PRATA
06-02-2016,Zona Oeste,Lapa,Inativo Transitável,R BARRA DO GARÇA
06-02-2016,Zona Oeste,Lapa,Inativo Transitável,ES TURISTICA DO JARAGUA
06-02-2016,Zona Oeste,Lapa,Inativo Transitável,AV JAGUARÉ
06-02-2016,Zona Sul,Cidade Ademar,Inativo Intransitável,ES AGUA SANTA
07-02-2016,,,,
08-02-2016,Zona Norte,Casa Verde,Inativo Intransitável,R. BARTOLOMEU DO CANTO
08-02-2016,Zona Norte,Casa Verde,Inativo Intransitável,AV. NSRA DO Ó
08-02-2016,Zona Norte,Freguesia do Ó,Inativo Intransitável,AV. NSRA DO O
08-02-2016,Zona Norte,Santana,Inativo Transitável,R PE ILDEFONSO
08-02-2016,Zona Norte,Santana,Inativo Intransitável,AV. OLAVO FONTOURA
08-02-2016,Zona Norte,Santana,Inativo Intransitável,AV. BRAZ LEME
08-02-2016,Centro,Sé,Inativo Intransitável,MARGINAL TIETE
08-02-2016,Centro,Sé,Inativo Intransitável,AV. PRES. CASTELO BRANCO
08-02-2016,Centro,Sé,Inativo Intransitável,R. MANOEL DUTRA
08-02-2016,Centro,Sé,Inativo Transitável,AV CRUZEIRO DO SUL
08-02-2016,Centro,Sé,Inativo Intransitável,AV. SANTOS DUMONT
08-02-2016,Centro,Sé,Inativo Intransitável,PSS TOM JOBIM
08-02-2016,Centro,Sé,Inativo Transitável,AV MERCURIO
08-02-2016,Centro,Sé,Inativo Transitável,MARGINAL TIETE
08-02-2016,Centro,Sé,Inativo Intransitável,MARGINAL TIETE
08-02-2016,Centro,Sé,Inativo Intransitável,PQ ANHANGABAU
08-02-2016,Centro,Sé,Inativo Intransitável,AV. SANTOS DUMONT
08-02-2016,Centro,Sé,Inativo Transitável,R PORTO SEGURO
08-02-2016,Zona Oeste,Lapa,Inativo Intransitável,AV. PRES. CASTELO BRANCO
08-02-2016,Zona Oeste,Lapa,Inativo Transitável,AV. MARQUES DE SÃO VICENTE
08-02-2016,Zona Oeste,Lapa,Inativo Transitável,PC JOSE VIEIRA DE C MESQUITA
08-02-2016,Zona Oeste,Lapa,Inativo Transitável,R GUAICURUS
08-02-2016,Zona Oeste,Lapa,Inativo Transitável,R JEROAQUARA
08-02-2016,Zona Oeste,Lapa,Inativo Intransitável,AV POMPEIA
08-02-2016,Zona Oeste,Lapa,Inativo Intransitável,AV POMPEIA
08-02-2016,Zona Oeste,Pinheiros,Inativo Intransitável,AV DAS NACOES UNIDAS
08-02-2016,Zona Oeste,Pinheiros,Inativo Intransitável,R VENANCIO AIRES
08-02-2016,Zona Leste,Penha,Inativo Transitável,R DR LUIZ AYRES
08-02-2016,Zona Leste,Penha,Inativo Intransitável,AV GOV CARVALHO PINTO
08-02-2016,Zona Leste,Penha,Inativo Transitável,R DR ASSIS RIBEIRO
08-02-2016,Zona Leste,Penha,Inativo Transitável,AV. JOSÉ PINHEIRO BORGES
08-02-2016,Zona Sudeste,Vila Mariana,Inativo Intransitável,AV VINTE E TRÊS DE MAIO
08-02-2016,Zona Sudeste,Vila Mariana,Inativo Intransitável,AV RUBEM BERTA
09-02-2016,,,,
10-02-2016,Zona Norte,Vila Maria/ Vila Guilherme,Inativo Intransitável,AV. EDUCADOR PAULO FREIRE
10-02-2016,Centro,Sé,Inativo Intransitável,RUA DO GLICERIO
10-02-2016,Centro,Sé,Inativo Intransitável,AV. PRESTES MAIA
10-02-2016,Zona Leste,Aricanduva/ Vila Formosa,Inativo Intransitável,RUA CARLOS SILVA
10-02-2016,Zona Leste,Mooca,Inativo Transitável,AV. CELSO GARCIA
10-02-2016,Zona Leste,Mooca,Inativo Transitável,AV. ALCANTARA MACHADO
10-02-2016,Zona Leste,Mooca,Inativo Transitável,AV. CELSO GARCIA
10-02-2016,Zona Leste,Mooca,Inativo Transitável,AV. CELSO GARCIA
11-02-2016,,,,
12-02-2016,,,,
13-02-2016,,,,
14-02-2016,,,,
15-02-2016,Zona Norte,Santana,Inativo Transitável,AV CRUZEIRO DO SUL
15-02-2016,Centro,Sé,Inativo Transitável,PSS TOM JOBIM
15-02-2016,Centro,Sé,Inativo Transitável,PC DA BANDEIRA
15-02-2016,Centro,Sé,Inativo Transitável,AV RIO BRANCO
15-02-2016,Centro,Sé,Inativo Transitável,AV RIO BRANCO
15-02-2016,Zona Oeste,Butantã,Inativo Transitável,AV EUSEBIO MATOSO
15-02-2016,Zona Oeste,Butantã,Inativo Intransitável,AV ALCANTARA MACHADO
15-02-2016,Zona Oeste,Butantã,Inativo Transitável,AV MAGALHAES DE CASTRO
15-02-2016,Zona Oeste,Pinheiros,Inativo Transitável,TN MAX FEFFER
15-02-2016,Zona Oeste,Pinheiros,Inativo Transitável,AV CIDADE JARDIM
15-02-2016,Zona Oeste,Pinheiros,Inativo Transitável,AV EUSEBIO MATOSO
15-02-2016,Zona Oeste,Pinheiros,Inativo Transitável,AV REPUBLICA DO LIBANO
15-02-2016,Zona Oeste,Pinheiros,Inativo Intransitável,AV. DAS NAÇÕES UNIDAS
15-02-2016,Zona Oeste,Pinheiros,Inativo Transitável,MARGINAL PINHEIROS
15-02-2016,Zona Oeste,Pinheiros,Inativo Transitável,MARGINAL PINHEIROS
15-02-2016,Zona Oeste,Pinheiros,Inativo Transitável,R DR MARIO FERRAZ
15-02-2016,Zona Leste,Itaquera,Inativo Intransitável,R. PE VIEGAS DE MENEZES
15-02-2016,Zona Leste,Itaquera,Inativo Intransitável,R. ITAGIMIRMI
15-02-2016,Zona Leste,Itaquera,Inativo Intransitável,R. CUNHA PORÃ
15-02-2016,Zona Leste,Itaquera,Inativo Intransitável,R. TOMAZZO FERRARA
15-02-2016,Zona Leste,Mooca,Inativo Intransitável,R. SILVA JARDIM
15-02-2016,Zona Leste,Mooca,Inativo Transitável,AV ALCANTARA MACHADO
15-02-2016,Zona Leste,Mooca,Inativo Intransitável,AV. RANGEL PESTANA
15-02-2016,Zona Leste,São Mateus,Inativo Intransitável,TRAV. SENTIMENTAL
15-02-2016,Zona Leste,São Mateus,Inativo Intransitável,TRAV. SOPRANDO AO VENTO
15-02-2016,Zona Leste,Vila Prudente,Inativo Intransitável,AV PROF LUIZ IGNACIO ANHAIA MELLO
15-02-2016,Zona Sul,Capela do Socorro,Inativo Intransitável,R. MANOEL GUILHERME DOS REIS
15-02-2016,Zona Sul,Capela do Socorro,Inativo Intransitável,AV PAULO GUILGUER REIMBERG
15-02-2016,Zona Sul,Santo Amaro,Inativo Intransitável,AV. INTERLAGOS
15-02-2016,Zona Sul,Santo Amaro,Inativo Transitável,VD WASHINGTON LUIS
15-02-2016,Zona Sul,Santo Amaro,Inativo Intransitável,AV. DOS BANDEIRANTES
15-02-2016,Zona Sul,Santo Amaro,Inativo Intransitável,AV. VITOR MANZINI
15-02-2016,Zona Sul,Santo Amaro,Inativo Transitável,MARGINAL PINHEIROS
15-02-2016,Zona Sul,Santo Amaro,Inativo Intransitável,AV DAS NACOES UNIDAS
15-02-2016,Zona Sudeste,Ipiranga,Inativo Intransitável,AV. PROF. ABRAHÃO DE MORAES
15-02-2016,Zona Sudeste,Ipiranga,Inativo Intransitável,AV. PROF. ABRAHÃO DE MORAES
15-02-2016,Zona Sudeste,Ipiranga,Inativo Intransitável,PC LEONOR KAUPA
15-02-2016,Zona Sudeste,Ipiranga,Inativo Intransitável,AV. DR RICARDO JAFET
15-02-2016,Zona Sudeste,Ipiranga,Inativo Intransitável,R. DOIS DE JULHO
15-02-2016,Zona Sudeste,Ipiranga,Inativo Intransitável,AV. TERESA CRISTINA
15-02-2016,Zona Sudeste,Vila Mariana,Inativo Intransitável,AV. RUBEN BERTA
15-02-2016,Zona Sudeste,Vila Mariana,Inativo Intransitável,AV. VINTE E TRES DE MAIO
15-02-2016,Zona Sudeste,Vila Mariana,Inativo Intransitável,AV DOS TAJURAS
15-02-2016,Zona Sudeste,Vila Mariana,Inativo Transitável,AV IBIRAPUERA
15-02-2016,Zona Sudeste,Vila Mariana,Inativo Intransitável,AL. JURUPIS
16-02-2016,,,,
17-02-2016,Zona Leste,Aricanduva/ Vila Formosa,Inativo Transitável,R ASTARTE
17-02-2016,Zona Leste,Guaianases,Inativo Intransitável,R GETULINA
17-02-2016,Zona Leste,Itaquera,Inativo Intransitável,R. PE. VIEGAS DE MENEZES
17-02-2016,Zona Sul,Cidade Ademar,Inativo Intransitável,PÇ TUNEY ARANTES
17-02-2016,Zona Sul,Capela do Socorro,Inativo Intransitável,AV ATLANTICA
17-02-2016,Zona Sul,Capela do Socorro,Inativo Intransitável,AV DONA BELMIRA MARIN
17-02-2016,Zona Sul,Capela do Socorro,Inativo Transitável,R PTOLOMEU
17-02-2016,Zona Sul,M'Boi Mirim,Inativo Transitável,AV GUIDO CALOI
17-02-2016,Zona Sul,Santo Amaro,Inativo Intransitável,PC DOM FRANCISCO DE SOUSA
17-02-2016,Zona Sul,Santo Amaro,Inativo Intransitável,AV. INTERLAGOS
17-02-2016,Zona Sul,Santo Amaro,Inativo Intransitável,AV DAS NACOES UNIDAS
17-02-2016,Zona Sul,Santo Amaro,Inativo Intransitável,R DR JACQUES TUPINAMBA
17-02-2016,Zona Sul,Santo Amaro,Inativo Transitável,AV. VITOR MANZINI
17-02-2016,Zona Sudeste,Ipiranga,Inativo Intransitável,AV. PROF. ABRAHÃO DE MORAES
18-02-2016,Centro,Sé,Inativo Transitável,R DR SIQUEIRA CAMPOS
18-02-2016,Zona Oeste,Lapa,Inativo Intransitável,AV. ANTÁRTICA
18-02-2016,Zona Oeste,Lapa,Inativo Intransitável,R PALESTRA ITALIA
18-02-2016,Zona Sudeste,Vila Mariana,Inativo Intransitável,AV VINTE E TRES DE MAIO
19-02-2016,Zona Oeste,Butantã,Inativo Intransitável,AV. PROF. FRANCISCO MORATO
19-02-2016,Zona Leste,Guaianases,Inativo Transitável,ES DE POA
19-02-2016,Zona Leste,Itaquera,Inativo Intransitável,AV. ARICANDUVA
19-02-2016,Zona Leste,Itaquera,Inativo Intransitável,AV. ARICANDUVA
19-02-2016,Zona Sul,Cidade Ademar,Inativo Intransitável,PÇ TUNEY ARANTES
19-02-2016,Zona Sul,Cidade Ademar,Inativo Intransitável,AV. EMERICO RICHTER
19-02-2016,Zona Sul,Campo Limpo,Inativo Intransitável,AV. CARLOS CALDEIRA FILHO
19-02-2016,Zona Sul,Campo Limpo,Inativo Intransitável,RUA ALVES DOS SANTOS
19-02-2016,Zona Sul,Capela do Socorro,Inativo Transitável,AV ATLANTICA
19-02-2016,Zona Sul,Capela do Socorro,Inativo Intransitável,AV. VITOR MANZINI
19-02-2016,Zona Sul,Capela do Socorro,Inativo Intransitável,AV DONA BELMIRA MARIN
19-02-2016,Zona Sul,Capela do Socorro,Inativo Intransitável,AV ATLANTICA
19-02-2016,Zona Sul,M'Boi Mirim,Inativo Intransitável,AV. GUARAPIRANGA
19-02-2016,Zona Sul,M'Boi Mirim,Inativo Intransitável,AV. GUARAPIRANGA
19-02-2016,Zona Sul,M'Boi Mirim,Inativo Intransitável,Av. Guido Caloi
19-02-2016,Zona Sul,Santo Amaro,Inativo Intransitável,AV. INTERLAGOS
19-02-2016,Zona Sul,Santo Amaro,Inativo Intransitável,AV. INTERLAGOS
19-02-2016,Zona Sul,Santo Amaro,Inativo Intransitável,AV. DAS NAÇÕES UNIDAS
19-02-2016,Zona Sul,Santo Amaro,Inativo Intransitável,AV. DAS NAÇÕES UNIDAS
19-02-2016,Zona Sul,Santo Amaro,Inativo Intransitável,AV. DAS NAÇÕES UNIDAS
19-02-2016,Zona Sul,Santo Amaro,Inativo Intransitável,AV. ROQUE PETRONI JUNIOR
19-02-2016,Zona Sul,Santo Amaro,Inativo Intransitável,AV. VITOR MANZINI
19-02-2016,Zona Sul,Santo Amaro,Inativo Intransitável,AV. VITOR MANZINI
19-02-2016,Zona Sul,Santo Amaro,Inativo Intransitável,AV. ROQUE PETRONI JUNIOR
19-02-2016,Zona Sul,Santo Amaro,Inativo Intransitável,AV. DAS NAÇÕES UNIDAS
19-02-2016,Zona Sul,Santo Amaro,Inativo Transitável,AV. VITOR MANZINI
19-02-2016,Zona Sul,Santo Amaro,Inativo Intransitável,AV. VITOR MANZINI
19-02-2016,Zona Sul,Santo Amaro,Inativo Intransitável,AV. VITOR MANZINI
19-02-2016,Zona Sul,Santo Amaro,Inativo Intransitável,AV. DAS NAÇÕES UNIDAS
19-02-2016,Zona Sudeste,Ipiranga,Inativo Intransitável,AV. PROF. ABRAHÃO DE MORAES
19-02-2016,Zona Sudeste,Ipiranga,Inativo Intransitável,AV. PROFESSOR ABRAHÃO DE MORAES
19-02-2016,Zona Sudeste,Vila Mariana,Inativo Intransitável,AV. VINTE E TRÊS DE MAIO
19-02-2016,Zona Sudeste,Vila Mariana,Inativo Intransitável,AV. RUBEM BERTA
20-02-2016,Zona Norte,Casa Verde,Inativo Transitável,AV ORDEM E PROGRESSO
20-02-2016,Zona Oeste,Butantã,Inativo Transitável,R ALVES DOS SANTOS
20-02-2016,Zona Oeste,Lapa,Inativo Transitável,R JOHN HARRISON
20-02-2016,Zona Sul,M'Boi Mirim,Inativo Transitável,Av. Guido Caloi
21-02-2016,Centro,Sé,Inativo Transitável,R PROF DEMOSTENES BATISTA F MARQUES
21-02-2016,Centro,Sé,Inativo Transitável,MARGINAL TIETÊ
21-02-2016,Zona Oeste,Pinheiros,Inativo Transitável,AV. REBOUÇAS
21-02-2016,Zona Leste,Itaquera,Inativo Intransitável,R: Dr Luiz Ayres
21-02-2016,Zona Leste,Itaquera,Inativo Intransitável,R DR LUIZ AYRES
21-02-2016,Zona Leste,Itaquera,Inativo Intransitável,R Pde Viegas de Menezes
21-02-2016,Zona Leste,Itaquera,Inativo Intransitável,R Tomazzo Ferrara
21-02-2016,Zona Leste,Itaquera,Inativo Intransitável,Av Aricanduva
21-02-2016,Zona Leste,Itaquera,Inativo Intransitável,R ITAGIMIRIM
21-02-2016,Zona Leste,Vila Prudente,Inativo Intransitável,Av Prof Luiz Ignacio Anhaia Mello
21-02-2016,Zona Sul,M'Boi Mirim,Inativo Intransitável,Av. Guido Caloi
21-02-2016,Zona Sul,M'Boi Mirim,Inativo Intransitável,Av. Guido Caloi
21-02-2016,Zona Sul,Santo Amaro,Inativo Intransitável,AV. DAS NAÇÕES UNIDAS
21-02-2016,Zona Sul,Santo Amaro,Inativo Intransitável,VD WASHINGTON LUIS
21-02-2016,Zona Sul,Santo Amaro,Inativo Transitável,AV. DAS NAÇÕES UNIDAS
21-02-2016,Zona Sul,Santo Amaro,Inativo Transitável,AV. DAS NAÇÕES UNIDAS
21-02-2016,Zona Sul,Santo Amaro,Inativo Intransitável,AV ROQUE PETRONI JUNIOR
21-02-2016,Zona Sul,Santo Amaro,Inativo Transitável,AV STO AMARO
21-02-2016,Zona Sudeste,Ipiranga,Inativo Transitável,AV. DO ESTADO
21-02-2016,Zona Sudeste,Ipiranga,Inativo Transitável,AV. DAS JUNTAS PROVISÓRIAS
21-02-2016,Zona Sudeste,Ipiranga,Inativo Intransitável,Av Dr Ricardo Jafet
21-02-2016,Zona Sudeste,Ipiranga,Inativo Intransitável,AV DR RICARDO JAFET
22-02-2016,Zona Leste,Itaquera,Inativo Transitável,AV JACU-PESSEGO N TRABALHADORES
22-02-2016,Zona Leste,Penha,Inativo Transitável,R ASDRUBAL
23-02-2016,,,,
24-02-2016,Zona Norte,Jaçanã/ Tremembé,Inativo Intransitável,R MANUEL GAYA
24-02-2016,Centro,Sé,Inativo Transitável,AV RIO BRANCO
24-02-2016,Zona Oeste,Lapa,Inativo Intransitável,R CARLOS SPERA
24-02-2016,Zona Leste,Ermelino Matarazzo,Inativo Intransitável,R. ARLINDO BÉTTIO
24-02-2016,Zona Leste,Itaquera,Inativo Intransitável,AV ARICANDUVA
24-02-2016,Zona Leste,Itaquera,Inativo Intransitável,R CUNHA PORÃ
24-02-2016,Zona Leste,Itaquera,Inativo Intransitável,R SAO TEODORO
24-02-2016,Zona Leste,Itaquera,Inativo Transitável,AV JOSE PINHEIRO BORGES
24-02-2016,Zona Leste,Itaquera,Inativo Intransitável,R TOMAZZO FERRARA
24-02-2016,Zona Leste,Itaquera,Inativo Intransitável,R PADRE VIEGAS DE MENEZES
24-02-2016,Zona Leste,Itaquera,Inativo Intransitável,AV ITAQUERA
24-02-2016,Zona Leste,Itaquera,Inativo Intransitável,R BARÃO DE TROMAI
24-02-2016,Zona Leste,Itaquera,Inativo Intransitável,R ITAGIMIRIM
24-02-2016,Zona Leste,Itaquera,Inativo Intransitável,AV JACU-PESSEGO N TRABALHADORES
24-02-2016,Zona Leste,Itaquera,Inativo Intransitável,AV ARICANDUVA
24-02-2016,Zona Leste,Itaquera,Inativo Intransitável,AV ARICANDUVA
24-02-2016,Zona Leste,Itaim Paulista,Inativo Intransitável,R MANUEL BARBALHO DE LIMA
24-02-2016,Zona Leste,São Miguel Paulista,Inativo Intransitável,VD ANTONIO SANCHES DE LARRAGOITI JR
24-02-2016,Zona Leste,São Miguel Paulista,Inativo Intransitável,AV JACU-PESSEGO N TRABALHADORES
24-02-2016,Zona Leste,São Miguel Paulista,Inativo Intransitável,R CATLÉIAS
24-02-2016,Zona Leste,São Miguel Paulista,Inativo Intransitável,AV JACU-PESSEGO N TRABALHADORES
24-02-2016,Zona Leste,Penha,Inativo Intransitável,R DR LUIS AIRES
24-02-2016,Zona Leste,Penha,Inativo Intransitável,R DR LUIZ AIRES
24-02-2016,Zona Leste,Penha,Inativo Intransitável,AV DOM HELDER CAMARA
24-02-2016,Zona Leste,Penha,Inativo Intransitável,AV AGUIA DE HAIA
24-02-2016,Zona Leste,São Mateus,Inativo Intransitável,AV MATEO BEI
24-02-2016,Zona Leste,São Mateus,Inativo Transitável,ES IGUATEMI
24-02-2016,Zona Leste,Vila Prudente,Inativo Intransitável,R ANTONIO DE ALMEIDA
24-02-2016,Zona Leste,Vila Prudente,Inativo Intransitável,R ARENITO
24-02-2016,Zona Sul,Santo Amaro,Inativo Transitável,AV DAS NACOES UNIDAS
24-02-2016,Zona Sul,Santo Amaro,Inativo Intransitável,AV INTERLAGOS
24-02-2016,Zona Sul,Santo Amaro,Inativo Transitável,AV VITOR MANZINI
25-02-2016,,,,
26-02-2016,Zona Norte,Freguesia do Ó,Inativo Transitável,AV INAJAR DE SOUZA
26-02-2016,Zona Norte,Santana,Inativo Transitável,AV GAL ATALIBA LEONEL
26-02-2016,Centro,Sé,Inativo Transitável,R MARQ.DE ITU
26-02-2016,Zona Oeste,Pinheiros,Inativo Transitável,R DR JOSE CANDIDO DE SOUZA
27-02-2016,,,,
28-02-2016,Centro,Sé,Inativo Transitável,PC DA BANDEIRA
28-02-2016,Centro,Sé,Inativo Transitável,PQ ANHANGABAU
28-02-2016,Zona Leste,Itaquera,Inativo Transitável,AV AGUIA DE HAIA
28-02-2016,Zona Leste,Itaquera,Inativo Transitável,AV AGUIA DE HAIA
28-02-2016,Zona Leste,Penha,Inativo Transitável,R DR LUIZ AYRES
29-02-2016,Centro,Sé,Inativo Transitável,R MARTINS FONTES
29-02-2016,Centro,Sé,Inativo Transitável,AV DO ESTADO
29-02-2016,Zona Oeste,Butantã,Inativo Intransitável,R JOAQUIM CANDIDO DE AZEVEDO MARQUES
29-02-2016,Zona Leste,Itaquera,Inativo Transitável,AV AGUIA DE HAIA
29-02-2016,Zona Leste,Itaquera,Inativo Transitável,AV JACU-PESSEGO N TRABALHADORES
29-02-2016,Zona Sudeste,Vila Mariana,Inativo Transitável,AV DR RICARDO JAFET
01-03-2016,Zona Norte,Vila Maria/ Vila Guilherme,Inativo Transitável,R CEL MARCILIO FRANCO
01-03-2016,Centro,Sé,Inativo Transitável,AV. PRESTES MAIA
01-03-2016,Centro,Sé,Inativo Intransitável,MARGINAL TIETE
01-03-2016,Centro,Sé,Inativo Transitável,R SENADOR FEIJO
01-03-2016,Centro,Sé,Inativo Transitável,AV. RIO BRANCO
01-03-2016,Centro,Sé,Inativo Transitável,R GLICERIO
01-03-2016,Zona Oeste,Butantã,Inativo Transitável,R JOAQUIM C. DE AZEVEDO MARQUES
01-03-2016,Zona Oeste,Lapa,Inativo Transitável,AV. DO ESTADO
01-03-2016,Zona Oeste,Lapa,Inativo Intransitável,R IPORANGA
01-03-2016,Zona Oeste,Lapa,Inativo Intransitável,R CARLOS SPERA
01-03-2016,Zona Oeste,Pinheiros,Inativo Intransitável,AV DIOGENES RIBEIRO DE LIMA
01-03-2016,Zona Leste,Itaquera,Inativo Transitável,AV JACU-PESSEGO N TRABALHADORES
01-03-2016,Zona Leste,Itaquera,Inativo Transitável,AV JACU-PESSEGO N TRABALHADORES
01-03-2016,Zona Leste,Mooca,Inativo Transitável,R MELO FREIRE
01-03-2016,Zona Sudeste,Ipiranga,Inativo Intransitável,AV. DO CURSINO
02-03-2016,Zona Norte,Casa Verde,Inativo Intransitável,AV. ANTONIO MUNHOZ BONILHA
02-03-2016,Zona Norte,Santana,Inativo Transitável,AV. CRUZEIRO DO SUL
02-03-2016,Zona Norte,Santana,Inativo Transitável,AV GAL ATALIBA LEONEL
02-03-2016,Centro,Sé,Inativo Intransitável,R MARTINS FONTES
02-03-2016,Centro,Sé,Inativo Transitável,AV. PRESTES MAIA
02-03-2016,Centro,Sé,Inativo Transitável,AV. PRESTES MAIA
02-03-2016,Zona Oeste,Butantã,Inativo Intransitável,AV. PROFESSOR FRANCISCO MORATO
02-03-2016,Zona Oeste,Butantã,Inativo Intransitável,AV. PROFESSOR FRANCISCO MORATO
02-03-2016,Zona Oeste,Butantã,Inativo Transitável,AV. PROFESSOR FRANCISCO MORATO
02-03-2016,Zona Oeste,Butantã,Inativo Intransitável,AV. LINEU DE PAULA MACHADO
02-03-2016,Zona Oeste,Butantã,Inativo Transitável,AV. LINEU DE PAULA MACHADO
02-03-2016,Zona Oeste,Pinheiros,Inativo Transitável,AV. DAS NAÇÕES UNIDAS
02-03-2016,Zona Sudeste,Ipiranga,Inativo Intransitável,AV PROF ABRAAO DE MORAIS
02-03-2016,Zona Sudeste,Vila Mariana,Inativo Intransitável,AV RUBEM BERTA
03-03-2016,Zona Norte,Vila Maria/ Vila Guilherme,Inativo Transitável,AV MORVAN DIAS DE FIGUEIREDO
03-03-2016,Zona Norte,Santana,Inativo Transitável,AV GAL ATALIBA LEONEL
03-03-2016,Centro,Sé,Inativo Intransitável,R MARTINS FONTES
03-03-2016,Zona Oeste,Lapa,Inativo Intransitável,AV. DO ESTADO
03-03-2016,Zona Leste,Mooca,Inativo Intransitável,AV ALCANTARA MACHADO
03-03-2016,Zona Leste,Penha,Inativo Intransitável,AV AGUIA DE HAIA
03-03-2016,Zona Sul,Santo Amaro,Inativo Intransitável,AV GUIDO CALOI
03-03-2016,Zona Sul,Santo Amaro,Inativo Intransitável,AV GUIDO CALOI
03-03-2016,Zona Sul,Santo Amaro,Inativo Intransitável,R BRASILIO LUZ
04-03-2016,Centro,Sé,Inativo Intransitável,AV RIO BRANCO
04-03-2016,Centro,Sé,Inativo Transitável,R PORTO SEGURO (B RETIRO)
04-03-2016,Centro,Sé,Inativo Intransitável,R REGO FREITAS
04-03-2016,Zona Oeste,Lapa,Inativo Transitável,PC DR PEDRO CORAZZA
04-03-2016,Zona Leste,Penha,Inativo Transitável,AV JACU-PESSEGO N TRABALHADORES
05-03-2016,Zona Leste,Sapopemba,Inativo Intransitável,R JOAO PIRES MONTEIRO
06-03-2016,,,,
07-03-2016,Zona Norte,Jaçanã/ Tremembé,Inativo Transitável,RUA CONCHILIA
07-03-2016,Centro,Sé,Inativo Transitável,AV PRESTES MAIA
07-03-2016,Centro,Sé,Inativo Transitável,AV RIO BRANCO
07-03-2016,Zona Sul,Santo Amaro,Inativo Intransitável,AV SANTO AMARO
07-03-2016,Zona Sul,Santo Amaro,Inativo Transitável,AV PROF VICENTE RAO
08-03-2016,,,,
09-03-2016,Zona Oeste,Pinheiros,Inativo Intransitável,TÚNEL MAX FEFFER
09-03-2016,Zona Oeste,Pinheiros,Inativo Transitável,TÚNEL MAX FEFFER
09-03-2016,Zona Oeste,Pinheiros,Inativo Intransitável,TÚNEL MAX FEFFER
09-03-2016,Zona Sul,Santo Amaro,Inativo Transitável,AVENIDA ROQUE PETRONI JR
09-03-2016,Zona Sudeste,Ipiranga,Inativo Intransitável,AV. PROF ABRAHÃO DE MORAES
09-03-2016,Zona Sudeste,Ipiranga,Inativo Transitável,AV. PROF ABRAHÃO DE MORAES
09-03-2016,Zona Sudeste,Ipiranga,Inativo Intransitável,AV. PROF ABRAHÃO DE MORAES
09-03-2016,Zona Sudeste,Ipiranga,Inativo Intransitável,PÇA LEONOR KAUPA
09-03-2016,Zona Sudeste,Ipiranga,Inativo Intransitável,AV. DR. RICARDO JAFET
09-03-2016,Zona Sudeste,Vila Mariana,Inativo Intransitável,AV. RUBEM BERTA
09-03-2016,Zona Sudeste,Vila Mariana,Inativo Intransitável,AV. RUBEM BERTA
09-03-2016,Zona Sudeste,Vila Mariana,Inativo Intransitável,AV. VINTE E TRÊS DE MAIO
10-03-2016,Zona Norte,Pirituba/Jaraguá,Inativo Intransitável,Av Raimundo Pereira de Magalhães
10-03-2016,Zona Norte,Santana,Inativo Transitável,AV GAL ATALIBA LEONEL
10-03-2016,Zona Norte,Santana,Inativo Transitável,AV ZAKI NARCHI
10-03-2016,Zona Norte,Santana,Inativo Intransitável,AV MORVAN DIAS DE FIGUEIREDO
10-03-2016,Zona Norte,Santana,Inativo Intransitável,MARGINAL TIETE CBAS EXPRESSA
10-03-2016,Centro,Sé,Inativo Transitável,R ORIENTE
10-03-2016,Centro,Sé,Inativo Transitável,R GLICERIO
10-03-2016,Centro,Sé,Inativo Transitável,AV PRESTES MAIA
10-03-2016,Centro,Sé,Inativo Transitável,AV RANGEL PESTANA
10-03-2016,Centro,Sé,Inativo Transitável,AV PRESTES MAIA
10-03-2016,Zona Oeste,Butantã,Inativo Transitável,AV PROF FRANCISCO MORATO
10-03-2016,Zona Oeste,Butantã,Inativo Transitável,AV PROF FRANCISCO MORATO
10-03-2016,Zona Oeste,Butantã,Inativo Intransitável,AV VITAL BRASIL
10-03-2016,Zona Oeste,Lapa,Inativo Transitável,R JOSE GOMES FALCAO
10-03-2016,Zona Oeste,Lapa,Inativo Transitável,AV DO ESTADO
10-03-2016,Zona Oeste,Pinheiros,Inativo Intransitável,MARGINAL PINHEIROS INTCB EXPR
10-03-2016,Zona Oeste,Pinheiros,Inativo Transitável,AV DAS NACOES UNIDAS
10-03-2016,Zona Leste,Itaquera,Inativo Intransitável,R PDE VIEGAS DE MENEZES
10-03-2016,Zona Leste,Mooca,Inativo Transitável,AV CELSO GARCIA
10-03-2016,Zona Leste,Mooca,Inativo Transitável,AV CELSO GARCIA
10-03-2016,Zona Leste,Mooca,Inativo Intransitável,AV ALCANTARA MACHADO
10-03-2016,Zona Leste,Mooca,Inativo Transitável,AV CELSO GARCIA
10-03-2016,Zona Leste,Mooca,Inativo Intransitável,VD BRESSER
10-03-2016,Zona Leste,Penha,Inativo Transitável,AV AGUIA DE HAIA
10-03-2016,Zona Leste,Penha,Inativo Intransitável,AV ÁGUIA DE HAIA
10-03-2016,Zona Sul,Campo Limpo,Inativo Intransitável,AV ELLIS MAAS
10-03-2016,Zona Sul,Campo Limpo,Inativo Transitável,AV CARLOS CALDEIRA FILHO
10-03-2016,Zona Sul,Campo Limpo,Inativo Intransitável,AV ELLIS MAAS
10-03-2016,Zona Sul,M'Boi Mirim,Inativo Intransitável,AV INTERLAGOS
10-03-2016,Zona Sul,M'Boi Mirim,Inativo Intransitável,AV MARIA COELHO AGUIAR
10-03-2016,Zona Sul,Santo Amaro,Inativo Intransitável,MARGINAL PINHEIROS INTCB EXPR
10-03-2016,Zona Sul,Santo Amaro,Inativo Intransitável,AV DAS NACOES UNIDAS
10-03-2016,Zona Sul,Santo Amaro,Inativo Transitável,AV VITOR MANZINI
10-03-2016,Zona Sudeste,Vila Mariana,Inativo Transitável,AV BRASIL
10-03-2016,Zona Sudeste,Vila Mariana,Inativo Transitável,AV IBIRAPUERA
10-03-2016,Zona Sudeste,Vila Mariana,Inativo Intransitável,AV PEDRO ALVARES CABRAL
10-03-2016,Zona Sudeste,Vila Mariana,Inativo Intransitável,Av José Maria Whitaker
10-03-2016,Zona Sudeste,Vila Mariana,Inativo Intransitável,Av Rubem Berta
11-03-2016,Zona Norte,Casa Verde,Inativo Transitável,MARGINAL TIETE ASCB EXPRESSA
11-03-2016,Zona Norte,Casa Verde,Inativo Intransitável,MARGINAL TIETE ASCB CENTRAL
11-03-2016,Zona Norte,Casa Verde,Inativo Intransitável,R MAEST GABRIEL MIGLIORI
11-03-2016,Zona Norte,Casa Verde,Inativo Transitável,AV ORDEM E PROGRESSO
11-03-2016,Zona Norte,Casa Verde,Inativo Transitável,MARGINAL TIETE ASCB CENTRAL
11-03-2016,Zona Norte,Freguesia do Ó,Inativo Intransitável,AV OTAVIANO ALVES DE LIMA
11-03-2016,Zona Norte,Freguesia do Ó,Inativo Transitável,MARGINAL TIETE ASCB EXPRESSA
11-03-2016,Zona Norte,Freguesia do Ó,Inativo Intransitável,AV OTAVIANO ALVES DE LIMA
11-03-2016,Zona Norte,Freguesia do Ó,Inativo Intransitável,AV. ANTONIO MUNHOZ BONILHA
11-03-2016,Zona Norte,Freguesia do Ó,Inativo Transitável,AV ALCANTARA MACHADO
11-03-2016,Zona Norte,Freguesia do Ó,Inativo Transitável,R ENG JOSE PASTORE
11-03-2016,Zona Norte,Vila Maria/ Vila Guilherme,Inativo Transitável,AV DAS NACOES UNIDAS
11-03-2016,Zona Norte,Vila Maria/ Vila Guilherme,Inativo Transitável,AV MORVAN DIAS DE FIGUEIREDO
11-03-2016,Zona Norte,Vila Maria/ Vila Guilherme,Inativo Intransitável,AV PRES CASTELO BRANCO
11-03-2016,Zona Norte,Vila Maria/ Vila Guilherme,Inativo Transitável,MARGINAL TIETE CBAS CENTRAL
11-03-2016,Zona Norte,Vila Maria/ Vila Guilherme,Inativo Transitável,R JOSE BERNARDO PINTO
11-03-2016,Zona Norte,Vila Maria/ Vila Guilherme,Inativo Transitável,AV PRES CASTELO BRANCO
11-03-2016,Zona Norte,Perus,Inativo Intransitável,PRAÇA INACIO DIAS
11-03-2016,Zona Norte,Santana,Inativo Transitável,AV CRUZEIRO DO SUL
11-03-2016,Zona Norte,Santana,Inativo Intransitável,Av Castelo Branco
11-03-2016,Zona Norte,Santana,Inativo Intransitável,Av Olavo Fontoura
11-03-2016,Zona Norte,Santana,Inativo Intransitável,Marginal Tietê ASCB Expressa
11-03-2016,Zona Norte,Santana,Inativo Intransitável,Av Zaki Narchi
11-03-2016,Zona Norte,Santana,Inativo Intransitável,AV OLAVO FONTOURA
11-03-2016,Zona Norte,Santana,Inativo Intransitável,Av Zaki Narchi
11-03-2016,Zona Norte,Santana,Inativo Intransitável,Av Brazeliza Alves de Carvalho
11-03-2016,Zona Norte,Santana,Inativo Intransitável,AV MOYSES ROYSEN
11-03-2016,Zona Norte,Santana,Inativo Intransitável,R CEL MARQUES RIBEIRO
11-03-2016,Zona Norte,Santana,Inativo Intransitável,R CEL ANTONIO DE CARVALHO
11-03-2016,Zona Norte,Santana,Inativo Transitável,R CEL MARQUES RIBEIRO
11-03-2016,Centro,Sé,Inativo Transitável,AV RIO BRANCO
11-03-2016,Centro,Sé,Inativo Transitável,AV RADIAL LESTE
11-03-2016,Centro,Sé,Inativo Intransitável,R. Neves de Carvalho
11-03-2016,Centro,Sé,Inativo Intransitável,R Norma Pieruccini Giannoti
11-03-2016,Centro,Sé,Inativo Transitável,AV TIRADENTES
11-03-2016,Centro,Sé,Inativo Transitável,AV PRESTES MAIA
11-03-2016,Centro,Sé,Inativo Transitável,R BRIG TOBIAS
11-03-2016,Centro,Sé,Inativo Transitável,AV PRESTES MAIA
11-03-2016,Centro,Sé,Inativo Transitável,R PAULA SOUSA
11-03-2016,Zona Oeste,Butantã,Inativo Transitável,MARGINAL PINHEIROS INTCB EXPR
11-03-2016,Zona Oeste,Butantã,Inativo Transitável,AV VITAL BRASIL
11-03-2016,Zona Oeste,Lapa,Inativo Intransitável,Av Emb Macedo Soares
11-03-2016,Zona Oeste,Lapa,Inativo Transitável,MARGINAL TIETE ASCB CENTRAL
11-03-2016,Zona Oeste,Lapa,Inativo Intransitável,MARGINAL PINHEIROS INTCB EXPR
11-03-2016,Zona Oeste,Lapa,Inativo Intransitável,Marginal Pinheiros
11-03-2016,Zona Oeste,Lapa,Inativo Intransitável,MARGINAL TIETE CBAS EXPRESSA
11-03-2016,Zona Oeste,Lapa,Inativo Transitável,AV DR GASTAO VIDIGAL
11-03-2016,Zona Oeste,Lapa,Inativo Intransitável,R NICOLAU PERRONE
11-03-2016,Zona Oeste,Lapa,Inativo Intransitável,AV ERMANO MARCHETTI
11-03-2016,Zona Oeste,Lapa,Inativo Intransitável,AV MOFARREJ
11-03-2016,Zona Oeste,Lapa,Inativo Transitável,AV DR GASTAO VIDIGAL
11-03-2016,Zona Oeste,Lapa,Inativo Intransitável,MARGINAL TIETE CBAS EXPRESSA
11-03-2016,Zona Oeste,Lapa,Inativo Intransitável,VD ANTARTICA
11-03-2016,Zona Oeste,Lapa,Inativo Intransitável,AV THOMAS EDISON
11-03-2016,Zona Oeste,Lapa,Inativo Intransitável,AV MARQ.DE SAO VICENTE
11-03-2016,Zona Oeste,Lapa,Inativo Intransitável,R JACOFER
11-03-2016,Zona Oeste,Lapa,Inativo Intransitável,Marginal Tietê CBAS EXPR
11-03-2016,Zona Oeste,Lapa,Inativo Intransitável,AV EMB MACEDO SOARES
11-03-2016,Zona Oeste,Lapa,Inativo Transitável,AV MARQ.DE SAO VICENTE
11-03-2016,Zona Oeste,Lapa,Inativo Transitável,R DO CURTUME
11-03-2016,Zona Oeste,Lapa,Inativo Intransitável,R DOS AMERICANOS
11-03-2016,Zona Oeste,Lapa,Inativo Intransitável,AV MOFARREJ
11-03-2016,Zona Oeste,Lapa,Inativo Intransitável,AV ENG ROBERTO ZUCCOLO
11-03-2016,Zona Oeste,Lapa,Inativo Intransitável,PC PASCOAL MARTINS
11-03-2016,Zona Oeste,Lapa,Inativo Transitável,R DOS AMERICANOS
11-03-2016,Zona Oeste,Pinheiros,Inativo Transitável,MARGINAL PINHEIROS INTCB EXPR
11-03-2016,Zona Oeste,Pinheiros,Inativo Intransitável,AV MAGALHAES DE CASTRO
11-03-2016,Zona Oeste,Pinheiros,Inativo Intransitável,AV DAS NACOES UNIDAS
11-03-2016,Zona Oeste,Pinheiros,Inativo Transitável,AV BRIG FARIA LIMA
11-03-2016,Zona Oeste,Pinheiros,Inativo Intransitável,MARGINAL PINHEIROS INTCB EXPR
11-03-2016,Zona Oeste,Pinheiros,Inativo Transitável,AV ENG BILLINGS
11-03-2016,Zona Leste,Aricanduva/ Vila Formosa,Inativo Intransitável,MARGINAL TIETE ASCB EXPRESSA
11-03-2016,Zona Leste,Itaim Paulista,Inativo Transitável,AV MAL TITO
11-03-2016,Zona Leste,Itaim Paulista,Inativo Intransitável,R  TIETE
11-03-2016,Zona Leste,Mooca,Inativo Intransitável,Av Pres. Castelo Branco
11-03-2016,Zona Leste,Mooca,Inativo Transitável,AV DO ESTADO
11-03-2016,Zona Leste,Mooca,Inativo Intransitável,R MELO FREIRE
11-03-2016,Zona Leste,Mooca,Inativo Transitável,AV MORVAN DIAS DE FIGUEIREDO
11-03-2016,Zona Sul,Santo Amaro,Inativo Transitável,AV INTERLAGOS
11-03-2016,Zona Sul,Santo Amaro,Inativo Transitável,AV GUIDO CALOI
11-03-2016,Zona Sul,Santo Amaro,Inativo Intransitável,Av das Nações Unidas
11-03-2016,Zona Sul,Santo Amaro,Inativo Intransitável,Av das Nações Unidas
11-03-2016,Zona Sul,Santo Amaro,Inativo Intransitável,Marginal Pinheiros INTCB EXPR
11-03-2016,Zona Sul,Santo Amaro,Inativo Intransitável,AV STO AMARO
11-03-2016,Zona Sul,Santo Amaro,Inativo Transitável,AV BRIG FARIA LIMA
11-03-2016,Zona Sul,Santo Amaro,Inativo Intransitável,R JOAO ALFREDO (S AMARO)
11-03-2016,Zona Sul,Santo Amaro,Inativo Intransitável,Av das Nações Unidas
11-03-2016,Zona Sul,Santo Amaro,Inativo Intransitável,MARGINAL PINHEIROS INTCB EXPR
11-03-2016,Zona Sudeste,Jabaquara,Inativo Transitável,R DAS FLECHAS
11-03-2016,Zona Sudeste,Vila Mariana,Inativo Transitável,AV VINTE E TRES DE MAIO
11-03-2016,Zona Sudeste,Vila Mariana,Inativo Transitável,VD JOAO JULIAO DA COSTA AGUIAR
12-03-2016,,,,
13-03-2016,Centro,Sé,Inativo Transitável,PSS TOM JOBIM
14-03-2016,,,,
15-03-2016,Centro,Sé,Inativo Transitável,AV PRESTES MAIA
16-03-2016,,,,
17-03-2016,Zona Norte,Jaçanã/ Tremembé,Inativo Transitável,R MANUEL GAYA
17-03-2016,Centro,Sé,Inativo Transitável,AV PRESTES MAIA
18-03-2016,,,,
19-03-2016,,,,
20-03-2016,,,,
21-03-2016,,,,
22-03-2016,Zona Norte,Casa Verde,Inativo Transitável,AV ANTONIO MUNHOZ BONILHA
23-03-2016,,,,
24-03-2016,,,,
25-03-2016,Zona Norte,Freguesia do Ó,Inativo Intransitável,"AV ANTONIO MUNHOZ BONILHA,"
25-03-2016,Zona Norte,Freguesia do Ó,Inativo Transitável,AV INAJAR DE SOUZA
25-03-2016,Zona Norte,Perus,Inativo Intransitável,PCA INACIO DIAS
25-03-2016,Centro,Sé,Inativo Intransitável,PC DA BANDEIRA
25-03-2016,Centro,Sé,Inativo Intransitável,"PC DA BANDEIRA,"
25-03-2016,Centro,Sé,Inativo Transitável,R TAGIPURU
26-03-2016,,,,
27-03-2016,,,,
28-03-2016,,,,
29-03-2016,Zona Norte,Santana,Inativo Transitável,AV BRAZ LEME
29-03-2016,Zona Norte,Santana,Inativo Transitável,AV BRAZ LEME
29-03-2016,Zona Oeste,Lapa,Inativo Transitável,AV ORDEM E PROGRESSO
30-03-2016,,,,
31-03-2016,,,,
01-04-2016,,,,
02-04-2016,Zona Leste,Sapopemba,Inativo Transitável,AV SAPOPEMBA
03-04-2016,,,,
04-04-2016,,,,
05-04-2016,,,,
06-04-2016,,,,
07-04-2016,,,,
08-04-2016,,,,
09-04-2016,,,,
10-04-2016,Zona Leste,Penha,Inativo Intransitável,PC INACIO DIAS
10-04-2016,Zona Leste,Penha,Inativo Intransitável,R BERNARDO JOSE DE LORENA
11-04-2016,,,,
12-04-2016,,,,
13-04-2016,,,,
14-04-2016,,,,
15-04-2016,,,,
16-04-2016,,,,
17-04-2016,,,,
18-04-2016,,,,
19-04-2016,,,,
20-04-2016,,,,
21-04-2016,,,,
22-04-2016,,,,
23-04-2016,,,,
24-04-2016,,,,
25-04-2016,,,,
26-04-2016,,,,
27-04-2016,,,,
28-04-2016,,,,
29-04-2016,,,,
30-04-2016,,,,
01-05-2016,,,,
02-05-2016,,,,
03-05-2016,,,,
04-05-2016,,,,
05-05-2016,,,,
06-05-2016,,,,
07-05-2016,,,,
08-05-2016,,,,
09-05-2016,,,,
10-05-2016,,,,
11-05-2016,,,,
12-05-2016,,,,
13-05-2016,,,,
14-05-2016,,,,
15-05-2016,,,,
16-05-2016,Centro,Sé,Inativo Intransitável,AV VINTE E TRES DE MAIO
17-05-2016,,,,
18-05-2016,Zona Leste,Mooca,Inativo Intransitável,AV DO ESTADO
19-05-2016,,,,
20-05-2016,,,,
21-05-2016,Zona Oeste,Lapa,Inativo Intransitável,PC PASCOAL MARTINS
21-05-2016,Zona Sudeste,Ipiranga,Inativo Intransitável,AV PROF ABRAAO DE MORAIS
22-05-2016,Centro,Sé,Inativo Transitável,AV VINTE E TRES DE MAIO
22-05-2016,Centro,Sé,Inativo Transitável,AV VINTE E TRES DE MAIO
22-05-2016,Zona Oeste,Lapa,Inativo Transitável,AV FRANCISCO MATARAZZO
23-05-2016,Centro,Sé,Inativo Transitável,R FLORENCIO DE ABREU
23-05-2016,Centro,Sé,Inativo Transitável,AV VINTE E TRES DE MAIO
23-05-2016,Centro,Sé,Inativo Transitável,PC PRSA ISABEL
23-05-2016,Zona Sul,Santo Amaro,Inativo Transitável,"AV ENG LUIZ CARLOS BERRINI,"
24-05-2016,,,,
25-05-2016,,,,
26-05-2016,,,,
27-05-2016,,,,
28-05-2016,,,,
29-05-2016,,,,
30-05-2016,,,,
31-05-2016,,,,
01-06-2016,Zona Norte,Santana,Inativo Transitável,AV CRUZEIRO DO SUL
01-06-2016,Zona Norte,Santana,Inativo Transitável,AV CRUZEIRO DO SUL
01-06-2016,Centro,Sé,Inativo Transitável,AV RIO BRANCO
01-06-2016,Centro,Sé,Inativo Transitável,AV RIO BRANCO
02-06-2016,Centro,Sé,Inativo Transitável,R BENTO FREITAS
02-06-2016,Centro,Sé,Inativo Intransitável,AV CELSO GARCIA
02-06-2016,Zona Oeste,Butantã,Inativo Intransitável,AV MAGALHAES DE CASTRO
02-06-2016,Zona Oeste,Pinheiros,Inativo Transitável,R OLIVIA FEDER
02-06-2016,Zona Oeste,Pinheiros,Inativo Transitável,AV DAS NACOES UNIDAS
02-06-2016,Zona Oeste,Pinheiros,Inativo Transitável,MARGINAL PINHEIROS
02-06-2016,Zona Oeste,Pinheiros,Inativo Transitável,AV DAS NACOES UNIDAS
02-06-2016,Zona Oeste,Pinheiros,Inativo Transitável,MARGINAL PINHEIROS
02-06-2016,Zona Oeste,Pinheiros,Inativo Intransitável,R ESTADOS UNIDOS
03-06-2016,Zona Norte,Santana,Inativo Intransitável,AV GAL ATALIBA LEONEL
03-06-2016,Centro,Sé,Inativo Transitável,AV CELSO GARCIA
03-06-2016,Centro,Sé,Inativo Intransitável,AV DR ARNALDO
03-06-2016,Centro,Sé,Inativo Transitável,AV PAULISTA
03-06-2016,Zona Leste,Mooca,Inativo Transitável,AV ALCANTARA MACHADO
03-06-2016,Zona Leste,Mooca,Inativo Transitável,R ITAPIRA
04-06-2016,Zona Norte,Casa Verde,Inativo Transitável,R FELIX ALVES PEREIRA
04-06-2016,Zona Norte,Casa Verde,Inativo Transitável,MARGINAL TIETE CBAS CENTRAL
04-06-2016,Centro,Sé,Inativo Transitável,PQ ANHANGABAU
04-06-2016,Centro,Sé,Inativo Transitável,VD JACAREI
04-06-2016,Zona Oeste,Pinheiros,Inativo Transitável,AV NOVE DE JULHO
04-06-2016,Zona Leste,Itaquera,Inativo Transitável,R DR LUIZ AYRES
04-06-2016,Zona Leste,Itaquera,Inativo Intransitável,R DR LUIZ AYRES
05-06-2016,Zona Norte,Vila Maria/ Vila Guilherme,Inativo Transitável,AV MORVAN DIAS DE FIGUEIREDO
05-06-2016,Zona Norte,Vila Maria/ Vila Guilherme,Inativo Transitável,AV MORVAN DIAS DE FIGUEIREDO
05-06-2016,Zona Norte,Vila Maria/ Vila Guilherme,Inativo Transitável,AV MORVAN DIAS DE FIGUEIREDO
05-06-2016,Zona Norte,Santana,Inativo Transitável,MARGINAL TIETE ASCB CENTRAL
05-06-2016,Zona Norte,Santana,Inativo Transitável,MARGINAL TIETE ASCB CENTRAL
05-06-2016,Zona Oeste,Lapa,Inativo Intransitável,PC PASCOAL MARTINS
05-06-2016,Zona Oeste,Pinheiros,Inativo Transitável,AV DAS NACOES UNIDAS
05-06-2016,Zona Leste,Itaquera,Inativo Transitável,R DR LUIZ AYRES
05-06-2016,Zona Leste,Itaquera,Inativo Intransitável,R DR LUIZ AYRES
05-06-2016,Zona Leste,Penha,Inativo Transitável,AV CD.DE FRONTIN
05-06-2016,Zona Leste,Penha,Inativo Transitável,AV CD.DE FRONTIN
05-06-2016,Zona Sudeste,Vila Mariana,Inativo Transitável,AV PEDRO ALVARES CABRAL
05-06-2016,Zona Sudeste,Vila Mariana,Inativo Transitável,VD JOAO JULIAO DA COSTA AGUIAR
06-06-2016,Zona Norte,Jaçanã/ Tremembé,Inativo Transitável,AV NOVA CANTAREIRA
06-06-2016,Zona Norte,Pirituba/Jaraguá,Inativo Transitável,AV MARGINAL DIREITA DO TIETE
06-06-2016,Zona Norte,Santana,Inativo Intransitável,AV CRUZEIRO DO SUL
06-06-2016,Centro,Sé,Inativo Intransitável,PC DA BANDEIRA
06-06-2016,Centro,Sé,Inativo Transitável,PC DA BANDEIRA
06-06-2016,Zona Oeste,Butantã,Inativo Transitável,AV HEBE CAMARGO
06-06-2016,Zona Oeste,Pinheiros,Inativo Transitável,MARGINAL PINHEIROS CBINT EXPR
06-06-2016,Zona Oeste,Pinheiros,Inativo Intransitável,PTE NOVA DO MORUMBI
06-06-2016,Zona Oeste,Pinheiros,Inativo Transitável,AV DAS NACOES UNIDAS
06-06-2016,Zona Oeste,Pinheiros,Inativo Intransitável,AV DAS NACOES UNIDAS
06-06-2016,Zona Leste,Mooca,Inativo Intransitável,AV ALCANTARA MACHADO
06-06-2016,Zona Leste,Mooca,Inativo Transitável,AV RANGEL PESTANA
06-06-2016,Zona Leste,Mooca,Inativo Intransitável,AV CELSO GARCIA
06-06-2016,Zona Leste,Mooca,Inativo Intransitável,AV CELSO GARCIA
06-06-2016,Zona Sul,M'Boi Mirim,Inativo Transitável,ES M BOI MIRIM
06-06-2016,Zona Sul,M'Boi Mirim,Inativo Transitável,AV MARIA COELHO AGUIAR
06-06-2016,Zona Sul,Santo Amaro,Inativo Intransitável,MARGINAL PINHEIROS INTCB EXPR
06-06-2016,Zona Sul,Santo Amaro,Inativo Intransitável,AV MARIO LOPES LEAO
06-06-2016,Zona Sul,Santo Amaro,Inativo Transitável,R DR RUBENS GOMES BUENO
06-06-2016,Zona Sul,Santo Amaro,Inativo Intransitável,AV STO AMARO
06-06-2016,Zona Sudeste,Ipiranga,Inativo Transitável,ES DAS LAGRIMAS
06-06-2016,Zona Sudeste,Vila Mariana,Inativo Transitável,PC JUCA MULATO
07-06-2016,Zona Norte,Casa Verde,Inativo Transitável,MARGINAL TIETE ASCB EXPRESSA
07-06-2016,Zona Norte,Vila Maria/ Vila Guilherme,Inativo Transitável,AV MORVAN DIAS DE FIGUEIREDO
07-06-2016,Centro,Sé,Inativo Transitável,PC DA BANDEIRA
07-06-2016,Centro,Sé,Inativo Transitável,R AURORA
07-06-2016,Zona Oeste,Lapa,Inativo Transitável,R GAL JULIO MARCONDES SALGADO
07-06-2016,Zona Oeste,Pinheiros,Inativo Transitável,AV DAS NACOES UNIDAS
07-06-2016,Zona Oeste,Pinheiros,Inativo Intransitável,AV DAS NACOES UNIDAS
07-06-2016,Zona Oeste,Pinheiros,Inativo Transitável,MARGINAL PINHEIROS INTCB EXPR
07-06-2016,Zona Oeste,Pinheiros,Inativo Intransitável,MARGINAL TIETE ASCB CENTRAL
07-06-2016,Zona Oeste,Pinheiros,Inativo Transitável,R ESTADOS UNIDOS
07-06-2016,Zona Leste,Mooca,Inativo Transitável,R CESARIO ALVIM
08-06-2016,,,,
09-06-2016,,,,
10-06-2016,,,,
11-06-2016,,,,
12-06-2016,,,,
13-06-2016,,,,
14-06-2016,,,,
15-06-2016,,,,
16-06-2016,,,,
17-06-2016,,,,
18-06-2016,,,,
19-06-2016,,,,
20-06-2016,,,,
21-06-2016,,,,
22-06-2016,,,,
23-06-2016,Zona Oeste,Pinheiros,Inativo Transitável,PC AUGUSTO RADEMAKER GRUNEWALD
24-06-2016,,,,
25-06-2016,,,,
26-06-2016,,,,
27-06-2016,,,,
28-06-2016,,,,
29-06-2016,Zona Leste,Aricanduva/ Vila Formosa,Inativo Transitável,AV DR EDUARDO COTCHING
29-06-2016,Zona Leste,Mooca,Inativo Transitável,AV RANGEL PESTANA
30-06-2016,,,,
01-07-2016,Centro,Sé,Inativo Transitável,AV SEN QUEIROS
01-07-2016,Zona Oeste,Pinheiros,Inativo Transitável,R ABILIO SOARES
01-07-2016,Zona Leste,Aricanduva/ Vila Formosa,Inativo Transitável,AV DR EDUARDO COTCHING
01-07-2016,Zona Leste,Aricanduva/ Vila Formosa,Inativo Transitável,PC NSRA.DAS VITORIAS
01-07-2016,Zona Leste,Aricanduva/ Vila Formosa,Inativo Transitável,PC NSRA.DAS VITORIAS
02-07-2016,,,,
03-07-2016,,,,
04-07-2016,,,,
05-07-2016,,,,
06-07-2016,Zona Leste,Penha,Inativo Transitável,R PARANHOS
07-07-2016,,,,
08-07-2016,Zona Oeste,Lapa,Inativo Transitável,R FROBEN
09-07-2016,,,,
10-07-2016,,,,
11-07-2016,,,,
12-07-2016,,,,
13-07-2016,,,,
14-07-2016,,,,
15-07-2016,,,,
16-07-2016,Centro,Sé,Inativo Intransitável,R TEN OTAVIO GOMES
17-07-2016,,,,
18-07-2016,Zona Norte,Vila Maria/ Vila Guilherme,Inativo Transitável,AV MORVAN DIAS DE FIGUEIREDO
19-07-2016,,,,
20-07-2016,Zona Oeste,Pinheiros,Inativo Transitável,R AUGUSTA
21-07-2016,,,,
22-07-2016,,,,
23-07-2016,,,,
24-07-2016,Zona Leste,Vila Prudente,Inativo Transitável,AV DO ORATORIO
25-07-2016,,,,
26-07-2016,,,,
27-07-2016,,,,
28-07-2016,Zona Oeste,Pinheiros,Inativo Transitável,R PDE JOAO MANUEL
29-07-2016,,,,
30-07-2016,Zona Sul,M'Boi Mirim,Inativo Transitável,PTE TRANSAMERICA
31-07-2016,,,,
01-08-2016,Zona Oeste,Pinheiros,Inativo Transitável,PC AUGUSTO RADEMAKER GRUNEWALD
02-08-2016,Centro,Sé,Inativo Transitável,AV RANGEL PESTANA
02-08-2016,Zona Sul,M'Boi Mirim,Inativo Transitável,AV JOÃO DIAS
03-08-2016,Zona Oeste,Pinheiros,Inativo Transitável,R SUMIDOURO
04-08-2016,Zona Leste,Vila Prudente,Inativo Transitável,AV PROF LUIZ IGNACIO ANHAIA MELLO
05-08-2016,,,,
06-08-2016,,,,
07-08-2016,,,,
08-08-2016,,,,
09-08-2016,,,,
10-08-2016,,,,
11-08-2016,Zona Leste,Itaquera,Inativo Transitável,R AMERICO SALVADOR NOVELLI
12-08-2016,,,,
13-08-2016,,,,
14-08-2016,Centro,Sé,Inativo Transitável,R PEDRA AZUL
15-08-2016,Zona Leste,Aricanduva/ Vila Formosa,Inativo Transitável,R DULCE
16-08-2016,,,,
17-08-2016,Zona Leste,Itaquera,Inativo Transitável,R IGNACIO ALVES DE MATTOS
18-08-2016,,,,
19-08-2016,Zona Leste,Mooca,Inativo Transitável,AV. RANGEL PESTANA
19-08-2016,Zona Sudeste,Ipiranga,Inativo Transitável,AV. DO CURSINO
20-08-2016,Zona Norte,Santana,Inativo Transitável,MARGINAL TIETE CBAS CENTRAL
21-08-2016,Zona Norte,Casa Verde,Inativo Transitável,MARGINAL TIETE ASCB EXPRESSA
21-08-2016,Zona Norte,Casa Verde,Inativo Intransitável,MARGINAL TIETE ASCB CENTRAL
21-08-2016,Zona Norte,Casa Verde,Inativo Transitável,MARGINAL TIETE ASCB CENTRAL
21-08-2016,Zona Norte,Vila Maria/ Vila Guilherme,Inativo Transitável,AV MORVAN DIAS DE FIGUEIREDO
21-08-2016,Zona Norte,Vila Maria/ Vila Guilherme,Inativo Transitável,AV MORVAN DIAS DE FIGUEIREDO
21-08-2016,Zona Leste,Aricanduva/ Vila Formosa,Inativo Intransitável,AV CD.DE FRONTIN
21-08-2016,Zona Leste,Itaquera,Inativo Transitável,AV JACU-PESSEGO N TRABALHADORES
21-08-2016,Zona Leste,Mooca,Inativo Transitável,AV ALCANTARA MACHADO
21-08-2016,Zona Sul,Santo Amaro,Inativo Transitável,AV DAS NACOES UNIDAS
21-08-2016,Zona Sul,Santo Amaro,Inativo Intransitável,AV DAS NACOES UNIDAS
22-08-2016,,,,
23-08-2016,,,,
24-08-2016,,,,
25-08-2016,,,,
26-08-2016,Centro,Sé,Inativo Transitável,AV S JOAO (S CECILIA)
27-08-2016,,,,
28-08-2016,,,,
29-08-2016,,,,
30-08-2016,,,,
31-08-2016,Centro,Sé,Inativo Transitável,AV S JOAO (S CECILIA)
31-08-2016,Zona Oeste,Lapa,Inativo Transitável,AV FRANCISCO MATARAZZO
31-08-2016,Zona Sudeste,Vila Mariana,Inativo Transitável,AV VINTE E TRES DE MAIO
31-08-2016,Zona Sudeste,Vila Mariana,Inativo Transitável,AV VINTE E TRES DE MAIO
01-09-2016,,,,
02-09-2016,Zona Norte,Casa Verde,Inativo Intransitável,RUA DOMINGOS JOSE SAPIENZA
03-09-2016,,,,
04-09-2016,,,,
05-09-2016,,,,
06-09-2016,Zona Norte,Casa Verde,Inativo Intransitável,MARGINAL TIETÊ CBAS CENTRAL
06-09-2016,Zona Oeste,Lapa,Inativo Transitável,PÇ MAL. DEODORO
07-09-2016,,,,
08-09-2016,,,,
09-09-2016,Zona Oeste,Butantã,Inativo Intransitável,R ANGELO COLUCCI
10-09-2016,,,,
11-09-2016,Centro,Sé,Inativo Intransitável,AL SANTOS
12-09-2016,,,,
13-09-2016,,,,
14-09-2016,,,,
15-09-2016,,,,
16-09-2016,,,,
17-09-2016,,,,
18-09-2016,,,,
19-09-2016,Centro,Sé,Inativo Transitável,R BRIG TOBIAS
20-09-2016,,,,
21-09-2016,,,,
22-09-2016,,,,
23-09-2016,,,,
24-09-2016,,,,
25-09-2016,,,,
26-09-2016,Zona Oeste,Pinheiros,Inativo Transitável,RUA SUMIDOURO
26-09-2016,Zona Leste,Aricanduva/ Vila Formosa,Inativo Transitável,AV CONS CARRAO
27-09-2016,Zona Oeste,Lapa,Inativo Transitável,PC MAL DEODORO
28-09-2016,Zona Oeste,Lapa,Inativo Transitável,PC MAL DEODORO
29-09-2016,,,,
30-09-2016,,,,
01-10-2016,,,,
02-10-2016,,,,
03-10-2016,Zona Norte,Santana,Inativo Transitável,AV GAL ATALIBA LEONEL
03-10-2016,Centro,Sé,Inativo Transitável,R FLORENCIO DE ABREU
04-10-2016,Centro,Sé,Inativo Transitável,R FLORENCIO DE ABREU
04-10-2016,Zona Oeste,Butantã,Inativo Intransitável,R ANGELO COLUCCI
05-10-2016,,,,
06-10-2016,Zona Oeste,Pinheiros,Inativo Transitável,R ESTADOS UNIDOS
07-10-2016,,,,
08-10-2016,,,,
09-10-2016,,,,
10-10-2016,,,,
11-10-2016,,,,
12-10-2016,,,,
13-10-2016,Zona Leste,Mooca,Inativo Intransitável,AV CELSO GARCIA
13-10-2016,Zona Leste,Penha,Inativo Transitável,AV BUENOS AIRES
14-10-2016,Zona Leste,Guaianases,Inativo Intransitável,R GETULINA
15-10-2016,,,,
16-10-2016,,,,
17-10-2016,Zona Norte,Casa Verde,Inativo Transitável,AV OTAVIANO ALVES DE LIMA
17-10-2016,Zona Norte,Vila Maria/ Vila Guilherme,Inativo Intransitável,AV MORVAN DIAS DE FIGUEIREDO
17-10-2016,Centro,Sé,Inativo Transitável,AV VINTE E TRES DE MAIO
17-10-2016,Centro,Sé,Inativo Transitável,PC DA BANDEIRA
17-10-2016,Centro,Sé,Inativo Transitável,PC DA BANDEIRA
18-10-2016,Zona Norte,Santana,Inativo Transitável,AV CRUZEIRO DO SUL
18-10-2016,Centro,Sé,Inativo Intransitável,AV VINTE E TRES DE MAIO
18-10-2016,Zona Leste,Mooca,Inativo Transitável,AV CELSO GARCIA
19-10-2016,,,,
20-10-2016,Zona Norte,Pirituba/Jaraguá,Inativo Intransitável,R INACIO LUIS DA COSTA
20-10-2016,Centro,Sé,Inativo Transitável,PC DA BANDEIRA
20-10-2016,Zona Oeste,Butantã,Inativo Transitável,PC JORGE DE LIMA
20-10-2016,Zona Oeste,Butantã,Inativo Intransitável,R ENG OSCAR AMERICANO
20-10-2016,Zona Oeste,Butantã,Inativo Intransitável,AV DOS TAJURAS
20-10-2016,Zona Oeste,Lapa,Inativo Transitável,AV EMB MACEDO SOARES
20-10-2016,Zona Oeste,Lapa,Inativo Intransitável,RUA COROLIANO
20-10-2016,Zona Oeste,Lapa,Inativo Intransitável,RUA COROLIANO
20-10-2016,Zona Oeste,Lapa,Inativo Intransitável,R GUAICURUS
20-10-2016,Zona Oeste,Lapa,Inativo Transitável,R MONTEIRO DE MELO
20-10-2016,Zona Oeste,Lapa,Inativo Transitável,AV RAIMUNDO PEREIRA DE MAGALHAES
20-10-2016,Zona Oeste,Pinheiros,Inativo Transitável,AV DAS NACOES UNIDAS
21-10-2016,Centro,Sé,Inativo Transitável,AV SEN QUEIROS
21-10-2016,Zona Oeste,Butantã,Inativo Transitável,AV LINEU DE PAULA MACHADO
21-10-2016,Zona Oeste,Butantã,Inativo Transitável,AV LINEU DE PAULA MACHADO
21-10-2016,Zona Oeste,Butantã,Inativo Transitável,AV LINEU DE PAULA MACHADO
22-10-2016,,,,
23-10-2016,,,,
24-10-2016,,,,
25-10-2016,Centro,Sé,Inativo Intransitável,VD DO CHA
26-10-2016,Centro,Sé,Inativo Transitável,R FLORENCIO DE ABREU
27-10-2016,Zona Norte,Perus,Inativo Intransitável,R BINGA
27-10-2016,Zona Norte,Santana,Inativo Transitável,AV ZAKI NARCHI
27-10-2016,Zona Norte,Santana,Inativo Transitável,AV CRUZEIRO DO SUL
27-10-2016,Centro,Sé,Inativo Transitável,AV VINTE E TRES DE MAIO
27-10-2016,Centro,Sé,Inativo Transitável,R FLORENCIO DE ABREU
27-10-2016,Centro,Sé,Inativo Transitável,AV VINTE E TRES DE MAIO
27-10-2016,Zona Sul,Santo Amaro,Inativo Transitável,AV VER JOSE DINIZ
27-10-2016,Zona Sudeste,Vila Mariana,Inativo Transitável,VD JOAO JULIAO DA COSTA AGUIAR
28-10-2016,,,,
29-10-2016,,,,
30-10-2016,,,,
31-10-2016,Zona Norte,Freguesia do Ó,Inativo Transitável,AV ANTONIO MUNHOZ BONILHA
31-10-2016,Zona Oeste,Lapa,Inativo Transitável,R JOAQUIM MACHADO
31-10-2016,Zona Leste,Itaim Paulista,Inativo Transitável,R PDE VIRGILIO CAMPELO
01-11-2016,,,,
02-11-2016,,,,
03-11-2016,Zona Norte,Freguesia do Ó,Inativo Transitável,R ENEIAS LUIS CARLOS BARBANTI
03-11-2016,Centro,Sé,Inativo Intransitável,PC DA BANDEIRA
03-11-2016,Centro,Sé,Inativo Transitável,MARGINAL TIETE
03-11-2016,Centro,Sé,Inativo Transitável,MARGINAL TIETE
03-11-2016,Centro,Sé,Inativo Transitável,PC MAL DEODORO
03-11-2016,Centro,Sé,Inativo Transitável,R PORTO SEGURO
03-11-2016,Centro,Sé,Inativo Transitável,PC MAL DEODORO
03-11-2016,Zona Oeste,Butantã,Inativo Transitável,AV MAGALHAES DE CASTRO
03-11-2016,Zona Oeste,Butantã,Inativo Transitável,MARGINAL PINHEIROS
03-11-2016,Zona Oeste,Lapa,Inativo Transitável,PC PASCOAL MARTINS
03-11-2016,Zona Oeste,Lapa,Inativo Transitável,"PC DR PEDRO CORAZZA,"
03-11-2016,Zona Oeste,Lapa,Inativo Intransitável,AV PRES CASTELO BRANCO
03-11-2016,Zona Oeste,Pinheiros,Inativo Transitável,AV DAS NACOES UNIDAS
03-11-2016,Zona Sul,Santo Amaro,Inativo Transitável,MARGINAL PINHEIROS
03-11-2016,Zona Sudeste,Ipiranga,Inativo Intransitável,AV PROF ABRAAO DE MORAIS
03-11-2016,Zona Sudeste,Ipiranga,Inativo Transitável,AV PROF ABRAAO DE MORAIS
03-11-2016,Zona Sudeste,Vila Mariana,Inativo Transitável,AV RUBEM BERTA
03-11-2016,Zona Sudeste,Vila Mariana,Inativo Transitável,R ESTELA
04-11-2016,,,,
05-11-2016,,,,
06-11-2016,Zona Norte,Casa Verde,Inativo Transitável,MARGINAL TIETE ASCB CENTRAL
06-11-2016,Zona Norte,Casa Verde,Inativo Transitável,MARGINAL TIETE
06-11-2016,Zona Norte,Vila Maria/ Vila Guilherme,Inativo Transitável,MARGINAL TIETE
06-11-2016,Zona Norte,Santana,Inativo Transitável,MARGINAL TIETE
07-11-2016,,,,
08-11-2016,,,,
09-11-2016,Zona Norte,Casa Verde,Inativo Transitável,MARGINAL TIETE
09-11-2016,Zona Norte,Vila Maria/ Vila Guilherme,Inativo Transitável,"AV MORVAN DIAS DE FIGUEIREDO,"
09-11-2016,Zona Norte,Vila Maria/ Vila Guilherme,Inativo Transitável,AV MORVAN DIAS DE FIGUEIREDO
09-11-2016,Zona Norte,Vila Maria/ Vila Guilherme,Inativo Transitável,MARGINAL TIETE
09-11-2016,Zona Norte,Vila Maria/ Vila Guilherme,Inativo Intransitável,R CEL MARQUES RIBEIRO
09-11-2016,Zona Norte,Santana,Inativo Intransitável,"R FILOMENA PARMIGIANI FIORDA,"
09-11-2016,Centro,Sé,Inativo Transitável,"R SEN FEIJO,"
09-11-2016,Zona Oeste,Butantã,Inativo Intransitável,"AV DAS NACOES UNIDAS,"
09-11-2016,Zona Leste,Itaquera,Inativo Intransitável,R DR LUIZ AYRES
09-11-2016,Zona Leste,Mooca,Inativo Transitável,"AV CELSO GARCIA,"
09-11-2016,Zona Leste,Mooca,Inativo Transitável,AV CELSO GARCIA
09-11-2016,Zona Leste,Mooca,Inativo Transitável,"AV CELSO GARCIA,"
09-11-2016,Zona Leste,Mooca,Inativo Transitável,MARGINAL TIETE
09-11-2016,Zona Sul,Cidade Ademar,Inativo Intransitável,"AV INTERLAGOS,"
09-11-2016,Zona Sul,M'Boi Mirim,Inativo Intransitável,AV ELLIS MAAS
09-11-2016,Zona Sul,Santo Amaro,Inativo Transitável,AV SANTO AMARO
09-11-2016,Zona Sul,Santo Amaro,Inativo Transitável,AV VITOR MANZINI
09-11-2016,Zona Sul,Santo Amaro,Inativo Transitável,AV DAS NACOES UNIDAS
10-11-2016,Centro,Sé,Inativo Transitável,R BRIG TOBIAS
10-11-2016,Zona Sul,Santo Amaro,Inativo Transitável,AV DAS NACOES UNIDAS
11-11-2016,,,,
12-11-2016,,,,
13-11-2016,Centro,Sé,Inativo Transitável,AV DO ESTADO
14-11-2016,Zona Norte,Casa Verde,Inativo Transitável,AV ANTONIO MUNHOZ BONILHA
14-11-2016,Zona Norte,Santana,Inativo Transitável,"MARGINAL TIETE ASCB EXPRESSA,"
14-11-2016,Zona Norte,Santana,Inativo Transitável,"MARGINAL TIETE CBAS CENTRAL,"
14-11-2016,Centro,Sé,Inativo Transitável,AV ASSIS CHATEAUBRIAND
14-11-2016,Centro,Sé,Inativo Transitável,PC DA BANDEIRA
14-11-2016,Centro,Sé,Inativo Transitável,PC MAL DEODORO
14-11-2016,Zona Oeste,Butantã,Inativo Intransitável,AV VITAL BRASIL
14-11-2016,Zona Oeste,Lapa,Inativo Intransitável,R PALESTRA ITALIA
14-11-2016,Zona Oeste,Lapa,Inativo Transitável,R EMILIO GOELDI
14-11-2016,Zona Oeste,Pinheiros,Inativo Transitável,AV MAGALHAES DE CASTRO
14-11-2016,Zona Oeste,Pinheiros,Inativo Transitável,AV DAS NACOES UNIDAS
14-11-2016,Zona Oeste,Pinheiros,Inativo Transitável,AV DAS NACOES UNIDAS
14-11-2016,Zona Leste,Aricanduva/ Vila Formosa,Inativo Transitável,AV ARICANDUVA
14-11-2016,Zona Leste,Aricanduva/ Vila Formosa,Inativo Transitável,AV ARICANDUVA
14-11-2016,Zona Sul,Santo Amaro,Inativo Transitável,AV DAS NACOES UNIDAS
15-11-2016,Centro,Sé,Inativo Transitável,AL SANTOS
16-11-2016,Zona Norte,Freguesia do Ó,Inativo Intransitável,AV ANTONIO MUNHOZ BONILHA
16-11-2016,Centro,Sé,Inativo Transitável,AV VINTE E TRES DE MAIO
16-11-2016,Zona Leste,Guaianases,Inativo Intransitável,R GETULINA
16-11-2016,Zona Leste,Itaim Paulista,Inativo Intransitável,R CORREGO BONITO
16-11-2016,Zona Leste,Penha,Inativo Intransitável,R DR LUIZ AYRES
16-11-2016,Zona Leste,Penha,Inativo Transitável,R DR LUIZ AYRES
17-11-2016,Zona Norte,Santana,Inativo Transitável,"MARGINAL TIETE CBAS CENTRAL,"
17-11-2016,Centro,Sé,Inativo Transitável,"R DAS PALMEIRAS, 55"
17-11-2016,Centro,Sé,Inativo Transitável,"R FLORENCIO DE ABREU,"
17-11-2016,Zona Oeste,Butantã,Inativo Transitável,"AV MAGALHAES DE CASTRO,"
17-11-2016,Zona Sul,Capela do Socorro,Inativo Transitável,"AV NSRA.DO SABARA,"
17-11-2016,Zona Sul,Santo Amaro,Inativo Transitável,"PTE OCTAVIO FRIAS DE OLIVEIRA, 6230"
17-11-2016,Zona Sul,Santo Amaro,Inativo Transitável,"AV DAS NACOES UNIDAS,"
17-11-2016,Zona Sul,Santo Amaro,Inativo Transitável,PTE OCTAVIO FRIAS DE OLIVEIRA
18-11-2016,,,,
19-11-2016,,,,
20-11-2016,,,,
21-11-2016,,,,
22-11-2016,,,,
23-11-2016,,,,
24-11-2016,,,,
25-11-2016,Zona Norte,Pirituba/Jaraguá,Inativo Transitável,AV OTAVIANO ALVES DE LIMA
26-11-2016,,,,
27-11-2016,,,,
28-11-2016,Zona Norte,Vila Maria/ Vila Guilherme,Inativo Transitável,R CURUCA
28-11-2016,Zona Norte,Vila Maria/ Vila Guilherme,Inativo Transitável,AV SERAFIM GONCALVES PEREIRA
28-11-2016,Zona Norte,Santana,Inativo Transitável,AV TIRADENTES
28-11-2016,Centro,Sé,Inativo Transitável,PC DA BANDEIRA
28-11-2016,Centro,Sé,Inativo Transitável,AV MERCURIO
28-11-2016,Centro,Sé,Inativo Transitável,AV DUQ.DE CAXIAS
28-11-2016,Centro,Sé,Inativo Transitável,TN PAPA JOAO PAULO II
28-11-2016,Zona Leste,Mooca,Inativo Intransitável,R AZEVEDO SOARES
28-11-2016,Zona Leste,Mooca,Inativo Transitável,R MELO FREIRE
28-11-2016,Zona Leste,Mooca,Inativo Intransitável,AV RANGEL PESTANA
28-11-2016,Zona Leste,Mooca,Inativo Transitável,AV DO ESTADO
28-11-2016,Zona Leste,Mooca,Inativo Intransitável,AV ALCANTARA MACHADO
28-11-2016,Zona Leste,Mooca,Inativo Intransitável,VD BRESSER
28-11-2016,Zona Leste,Penha,Inativo Transitável,R DR ASSIS RIBEIRO
28-11-2016,Zona Leste,Penha,Inativo Intransitável,AV DOM HELDER CAMARA
28-11-2016,Zona Leste,Penha,Inativo Intransitável,R MARIA LEOCADIA
28-11-2016,Zona Leste,Penha,Inativo Intransitável,R DR LUIZ AYRES
28-11-2016,Zona Sul,Santo Amaro,Inativo Transitável,AV STO AMARO
29-11-2016,Zona Norte,Casa Verde,Inativo Transitável,MARGINAL TIETE ASCB EXPRESSA
29-11-2016,Centro,Sé,Inativo Transitável,AV PRES CASTELO BRANCO
29-11-2016,Centro,Sé,Inativo Transitável,AV PRES CASTELO BRANCO
29-11-2016,Centro,Sé,Inativo Intransitável,R BRIG TOBIAS
29-11-2016,Centro,Sé,Inativo Transitável,R ALFREDO MAIA
29-11-2016,Zona Leste,Mooca,Inativo Transitável,AV ALCANTARA MACHADO
29-11-2016,Zona Leste,Penha,Inativo Intransitável,R BERNARDINO BRITO F DE CARVALHO
29-11-2016,Zona Leste,Penha,Inativo Intransitável,AV GOV CARVALHO PINTO
30-11-2016,,,,
01-12-2016,,,,
02-12-2016,,,,
03-12-2016,Zona Norte,Freguesia do Ó,Inativo Transitável,AV ANTONIO MUNHOZ BONILHA
04-12-2016,,,,
05-12-2016,Centro,Sé,Inativo Transitável,PC MAL DEODORO
05-12-2016,Zona Sul,Santo Amaro,Inativo Transitável,AV STO AMARO
06-12-2016,,,,
07-12-2016,,,,
08-12-2016,,,,
09-12-2016,,,,
10-12-2016,,,,
11-12-2016,,,,
12-12-2016,Zona Norte,Casa Verde,Inativo Transitável,MARGINAL TIETE - EXPRESSA
12-12-2016,Zona Norte,Vila Maria/ Vila Guilherme,Inativo Transitável,MARGINAL TIETE - CENTRAL
12-12-2016,Zona Norte,Pirituba/Jaraguá,Inativo Transitável,AV RAIMUNDO PEREIRA DE MAGALHAES
12-12-2016,Zona Norte,Pirituba/Jaraguá,Inativo Transitável,AV RAIMUNDO PEREIRA DE MAGALHAES
12-12-2016,Centro,Sé,Inativo Transitável,R BRIGADEIRO TOBIAS
12-12-2016,Centro,Sé,Inativo Transitável,PC MAL DEODORO
12-12-2016,Centro,Sé,Inativo Transitável,PC DA BANDEIRA
12-12-2016,Centro,Sé,Inativo Transitável,R PORTO SEGURO (B RETIRO)
12-12-2016,Centro,Sé,Inativo Transitável,R EDUARDO CHAVES
12-12-2016,Centro,Sé,Inativo Transitável,R VERGUEIRO
12-12-2016,Centro,Sé,Inativo Transitável,PC MAL DEODORO
12-12-2016,Zona Oeste,Lapa,Inativo Transitável,MARGINAL TIETE - CENTRAL
12-12-2016,Zona Oeste,Pinheiros,Inativo Transitável,PC JOSÉ ANTHERO GUEDES (JD. EDITH)
12-12-2016,Zona Leste,Aricanduva/ Vila Formosa,Inativo Transitável,AV ARICANDUVA
12-12-2016,Zona Leste,Aricanduva/ Vila Formosa,Inativo Transitável,AV RIO DAS PEDRAS
12-12-2016,Zona Leste,Aricanduva/ Vila Formosa,Inativo Transitável,AV ARICANDUVA
12-12-2016,Zona Leste,Aricanduva/ Vila Formosa,Inativo Transitável,AV RIO DAS PEDRAS
12-12-2016,Zona Leste,Aricanduva/ Vila Formosa,Inativo Transitável,AV ARICANDUVA
12-12-2016,Zona Leste,Aricanduva/ Vila Formosa,Inativo Transitável,AV ARICANDUVA
12-12-2016,Zona Leste,Aricanduva/ Vila Formosa,Inativo Transitável,AV ARICANDUVA
12-12-2016,Zona Leste,Itaquera,Inativo Transitável,AV AGUIA DE HAIA
12-12-2016,Zona Leste,Mooca,Inativo Transitável,AV MERCURIO
12-12-2016,Zona Leste,Penha,Inativo Transitável,AV AIRTON PRETINI
12-12-2016,Zona Sul,Santo Amaro,Inativo Transitável,R JOÃO ALFREDO (S AMARO)
12-12-2016,Zona Sul,Santo Amaro,Inativo Transitável,AV DAS NACOES UNIDAS
13-12-2016,Zona Oeste,Pinheiros,Inativo Transitável,PC JOSE ANTHERO GUEDES (JD EDITH)
14-12-2016,,,,
15-12-2016,,,,
16-12-2016,,,,
17-12-2016,,,,
18-12-2016,Zona Norte,Casa Verde,Inativo Transitável,MARGINAL TIETÊ
18-12-2016,Zona Norte,Freguesia do Ó,Inativo Intransitável,AV ANTONIO MUNHOZ BONILHA
18-12-2016,Zona Norte,Santana,Inativo Intransitável,AV OLAVO FONTOURA
18-12-2016,Zona Norte,Santana,Inativo Intransitável,MARGINAL TIETÊ
18-12-2016,Zona Norte,Santana,Inativo Intransitável,AV OLAVO FONTOURA
18-12-2016,Zona Oeste,Lapa,Inativo Transitável,MARGINAL TIETÊ
18-12-2016,Zona Oeste,Pinheiros,Inativo Intransitável,PC GASTAO VIDIGAL
19-12-2016,,,,
20-12-2016,Zona Leste,Vila Prudente,Inativo Transitável,AV PROF LUIZ IGNACIO ANHAIA MELLO
21-12-2016,Zona Norte,Freguesia do Ó,Inativo Transitável,AV NSRA.DO O
21-12-2016,Zona Norte,Freguesia do Ó,Inativo Intransitável,AV ANTONIO MUNHOZ BONILHA
21-12-2016,Zona Norte,Freguesia do Ó,Inativo Transitável,AV INAJAR DE SOUZA
21-12-2016,Centro,Sé,Inativo Intransitável,R GLICERIO
21-12-2016,Centro,Sé,Inativo Intransitável,R TEIXEIRA LEITE
21-12-2016,Centro,Sé,Inativo Transitável,AV RIO BRANCO
21-12-2016,Centro,Sé,Inativo Intransitável,PC DA BANDEIRA
21-12-2016,Centro,Sé,Inativo Transitável,R TEIXEIRA LEITE
21-12-2016,Zona Oeste,Lapa,Inativo Intransitável,R NORMA PIERUCCINI GIANNOTTI
21-12-2016,Zona Oeste,Lapa,Inativo Transitável,R NORMA PIERUCCINI GIANNOTTI
21-12-2016,Zona Oeste,Pinheiros,Inativo Intransitável,MARGINAL PINHEIROS INTCB EXPR
21-12-2016,Zona Oeste,Pinheiros,Inativo Transitável,AV DAS NACOES UNIDAS
21-12-2016,Zona Leste,Aricanduva/ Vila Formosa,Inativo Intransitável,R ASTARTE
21-12-2016,Zona Leste,Mooca,Inativo Transitável,R MELO FREIRE
21-12-2016,Zona Leste,Vila Prudente,Inativo Intransitável,AV PROF LUIZ IGNACIO ANHAIA MELLO
21-12-2016,Zona Sul,Capela do Socorro,Inativo Transitável,AV SEN TEOTONIO VILELA
21-12-2016,Zona Sul,M'Boi Mirim,Inativo Intransitável,ES M BOI MIRIM
21-12-2016,Zona Sul,Santo Amaro,Inativo Intransitável,AV DAS NACOES UNIDAS
21-12-2016,Zona Sul,Santo Amaro,Inativo Intransitável,AV DAS NACOES UNIDAS
21-12-2016,Zona Sul,Santo Amaro,Inativo Intransitável,AV DOS BANDEIRANTES (MOEMA)
21-12-2016,Zona Sul,Santo Amaro,Inativo Intransitável,AV ATLANTICA
21-12-2016,Zona Sul,Santo Amaro,Inativo Intransitável,AV ROQUE PETRONI JUNIOR
21-12-2016,Zona Sul,Santo Amaro,Inativo Intransitável,AV ROQUE PETRONI JUNIOR
21-12-2016,Zona Sul,Santo Amaro,Inativo Intransitável,AV SANTO AMARO
21-12-2016,Zona Sudeste,Ipiranga,Inativo Intransitável,PRAÇA LEONOR KAUPA
21-12-2016,Zona Sudeste,Ipiranga,Inativo Intransitável,AV PROF ABRAAO DE MORAIS
21-12-2016,Zona Sudeste,Vila Mariana,Inativo Transitável,TN SEBASTIAO CAMARGO
21-12-2016,Zona Sudeste,Vila Mariana,Inativo Transitável,AV RUBEM BERTA
21-12-2016,Zona Sudeste,Vila Mariana,Inativo Intransitável,AV ARATAS
21-12-2016,Zona Sudeste,Vila Mariana,Inativo Transitável,AV IBIRAPUERA
22-12-2016,,,,
23-12-2016,Zona Leste,Mooca,Inativo Transitável,"AV CELSO GARCIA,"
23-12-2016,Zona Leste,Mooca,Inativo Transitável,"AV CELSO GARCIA,"
23-12-2016,Zona Leste,Mooca,Inativo Transitável,AV CELSO GARCIA
23-12-2016,Zona Leste,Penha,Inativo Intransitável,R DR LUIZ AYRES
24-12-2016,,,,
25-12-2016,,,,
26-12-2016,,,,
27-12-2016,,,,
28-12-2016,Zona Norte,Freguesia do Ó,Inativo Transitável,AV GAL EDGAR FACO
28-12-2016,Zona Norte,Freguesia do Ó,Inativo Transitável,AV GAL EDGAR FACO
28-12-2016,Zona Norte,Freguesia do Ó,Inativo Transitável,"AV INAJAR DE SOUZA,"
28-12-2016,Zona Norte,Pirituba/Jaraguá,Inativo Intransitável,AV BENEDITO ANDRADE
29-12-2016,Zona Norte,Casa Verde,Inativo Transitável,"MARGINAL TIETE ASCB EXPRESSA,"
29-12-2016,Zona Norte,Freguesia do Ó,Inativo Intransitável,AV NSRA.DO O
29-12-2016,Zona Norte,Santana,Inativo Transitável,AV OLAVO FONTOURA
29-12-2016,Zona Norte,Santana,Inativo Transitável,AV OLAVO FONTOURA
29-12-2016,Zona Norte,Santana,Inativo Transitável,AV CRUZEIRO DO SUL
29-12-2016,Zona Norte,Santana,Inativo Transitável,R COMEN JOAQUIM MONTEIRO
29-12-2016,Centro,Sé,Inativo Transitável,R DR BRASILIO MACHADO
29-12-2016,Centro,Sé,Inativo Transitável,AV RUDGE
29-12-2016,Centro,Sé,Inativo Intransitável,PC QUATORZE BIS
29-12-2016,Centro,Sé,Inativo Intransitável,PQ ANHANGABAU
29-12-2016,Centro,Sé,Inativo Intransitável,PC DA BANDEIRA
29-12-2016,Centro,Sé,Inativo Transitável,"AV MERCURIO,"
29-12-2016,Centro,Sé,Inativo Intransitável,R TEIXEIRA LEITE
29-12-2016,Centro,Sé,Inativo Transitável,PQ ANHANGABAU
29-12-2016,Zona Oeste,Lapa,Inativo Transitável,AV MARQ.DE SAO VICENTE
29-12-2016,Zona Oeste,Pinheiros,Inativo Transitável,AV REBOUCAS
29-12-2016,Zona Leste,Itaquera,Inativo Transitável,AV AGUIA DE HAIA
29-12-2016,Zona Leste,Itaquera,Inativo Intransitável,R TOMAZZO FERRARA
29-12-2016,Zona Leste,Itaquera,Inativo Transitável,R CASTELO DO PIAUI
29-12-2016,Zona Leste,Mooca,Inativo Transitável,AV CD.DE FRONTIN
29-12-2016,Zona Leste,Mooca,Inativo Transitável,"AV CELSO GARCIA,"
29-12-2016,Zona Leste,Mooca,Inativo Intransitável,R CARLOS SILVA
29-12-2016,Zona Leste,Penha,Inativo Transitável,AV JACU-PESSEGO N TRABALHADORES
29-12-2016,Zona Leste,Vila Prudente,Inativo Intransitável,AV PAES DE BARROS
29-12-2016,Zona Leste,Vila Prudente,Inativo Transitável,AV PROF LUIZ IGNACIO ANHAIA MELLO
30-12-2016,,,,
31-12-2016,,,,
01-01-2017,,,,
02-01-2017,Zona Norte,Vila Maria/ Vila Guilherme,Inativo Transitável,MARGINAL TIETE ASCB EXPRESSA
02-01-2017,Zona Norte,Vila Maria/ Vila Guilherme,Inativo Transitável,AV MORVAN DIAS DE FIGUEIREDO
02-01-2017,Zona Leste,Itaquera,Inativo Transitável,AV JACU-PESSEGO N TRABALHADORES
02-01-2017,Zona Leste,Mooca,Inativo Transitável,"AV CELSO GARCIA,"
02-01-2017,Zona Leste,Penha,Inativo Intransitável,AV DOM HELDER CAMARA
02-01-2017,Zona Leste,Penha,Inativo Intransitável,AV AGUIA DE HAIA
02-01-2017,Zona Leste,Penha,Inativo Transitável,AV JACU-PESSEGO N TRABALHADORES
02-01-2017,Zona Leste,Penha,Inativo Transitável,AV CD.DE FRONTIN
02-01-2017,Zona Sul,M'Boi Mirim,Inativo Intransitável,AV GUARAPIRANGA
02-01-2017,Zona Sul,Santo Amaro,Inativo Transitável,AV INTERLAGOS
02-01-2017,Zona Sul,Santo Amaro,Inativo Transitável,AV VITOR MANZINI
02-01-2017,Zona Sul,Santo Amaro,Inativo Intransitável,AV DAS NACOES UNIDAS
02-01-2017,Zona Sul,Santo Amaro,Inativo Intransitável,"AV MARIA COELHO AGUIAR,"
02-01-2017,Zona Sul,Santo Amaro,Inativo Transitável,AV DAS NACOES UNIDAS
02-01-2017,Zona Sul,Santo Amaro,Inativo Intransitável,AV ENG EUSEBIO STEVAUX
02-01-2017,Zona Sul,Santo Amaro,Inativo Transitável,"AV ROQUE PETRONI JUNIOR,"
02-01-2017,Zona Sul,Santo Amaro,Inativo Transitável,AV DAS NACOES UNIDAS
02-01-2017,Zona Sul,Santo Amaro,Inativo Intransitável,AV VITOR MANZINI
02-01-2017,Zona Sudeste,Ipiranga,Inativo Transitável,AV PROF ABRAAO DE MORAIS
02-01-2017,Zona Sudeste,Ipiranga,Inativo Transitável,AV PROF ABRAAO DE MORAIS
03-01-2017,Zona Leste,Aricanduva/ Vila Formosa,Inativo Intransitável,R MELO FREIRE
03-01-2017,Zona Sul,Campo Limpo,Inativo Transitável,AV VITOR GABRIEL
04-01-2017,,,,
05-01-2017,,,,
06-01-2017,,,,
07-01-2017,Zona Norte,Casa Verde,Inativo Transitável,MARGINAL TIETE EXPRESSA
07-01-2017,Zona Norte,Casa Verde,Inativo Intransitável,AV ANTONIO MUNHOZ BONILHA
07-01-2017,Zona Norte,Freguesia do Ó,Inativo Transitável,AV BENEDITO ANDRADE
07-01-2017,Zona Norte,Freguesia do Ó,Inativo Transitável,AV GAL EDGAR FACO
07-01-2017,Zona Norte,Freguesia do Ó,Inativo Intransitável,AV NSRA.DO O
07-01-2017,Zona Norte,Freguesia do Ó,Inativo Intransitável,AV NSRA.DO O
07-01-2017,Zona Norte,Freguesia do Ó,Inativo Intransitável,PC ORLANDO SILVA
07-01-2017,Zona Norte,Freguesia do Ó,Inativo Intransitável,"AV GAL EDGAR FACO,"
07-01-2017,Zona Norte,Pirituba/Jaraguá,Inativo Transitável,AV RAIMUNDO PEREIRA DE MAGALHAES
07-01-2017,Zona Norte,Santana,Inativo Transitável,MARGINAL TIETE CENTRAL
07-01-2017,Zona Norte,Santana,Inativo Transitável,AV LUIZ DUMONT VILLARES
07-01-2017,Zona Norte,Santana,Inativo Transitável,"AV OLAVO FONTOURA,"
07-01-2017,Zona Norte,Santana,Inativo Transitável,AV ORDEM E PROGRESSO
07-01-2017,Zona Norte,Santana,Inativo Intransitável,AV ZAKI NARCHI
07-01-2017,Zona Norte,Santana,Inativo Transitável,AV CRUZEIRO DO SUL
07-01-2017,Zona Norte,Santana,Inativo Transitável,AV ZAKI NARCHI
07-01-2017,Centro,Sé,Inativo Transitável,"PC PASCOAL MARTINS,"
07-01-2017,Zona Leste,Itaquera,Inativo Intransitável,AV JOSE PINHEIRO BORGES
07-01-2017,Zona Leste,Mooca,Inativo Transitável,AV CELSO GARCIA
07-01-2017,Zona Leste,Mooca,Inativo Transitável,AV CELSO GARCIA
07-01-2017,Zona Leste,Mooca,Inativo Transitável,AV CELSO GARCIA
07-01-2017,Zona Leste,Penha,Inativo Transitável,"AV AGUIA DE HAIA,"
07-01-2017,Zona Leste,Penha,Inativo Intransitável,"AV AGUIA DE HAIA,"
07-01-2017,Zona Leste,Penha,Inativo Intransitável,AV S MIGUEL
07-01-2017,Zona Sul,Capela do Socorro,Inativo Intransitável,AV GUARAPIRANGA
07-01-2017,Zona Sul,Capela do Socorro,Inativo Transitável,"AV ATLANTICA,"
08-01-2017,Zona Norte,Casa Verde,Inativo Transitável,MARGINAL TIETE EXPRESSA
08-01-2017,Zona Norte,Casa Verde,Inativo Transitável,MARGINAL TIETE EXPRESSA
08-01-2017,Centro,Sé,Inativo Intransitável,AV RANGEL PESTANA
08-01-2017,Zona Leste,Itaquera,Inativo Intransitável,R TOMAZZO FERRARA
08-01-2017,Zona Leste,Mooca,Inativo Transitável,AV CELSO GARCIA
08-01-2017,Zona Leste,Vila Prudente,Inativo Intransitável,AV PROF LUIZ IGNACIO ANHAIA MELLO
08-01-2017,Zona Leste,Vila Prudente,Inativo Intransitável,VD GRANDE SAO PAULO
09-01-2017,Zona Norte,Casa Verde,Inativo Intransitável,R SÃO ROQUE DE MINAS
09-01-2017,Zona Norte,Jaçanã/ Tremembé,Inativo Intransitável,TRAV FOZ DO TEJÓ
09-01-2017,Zona Norte,Santana,Inativo Transitável,AV GAL ATALIBA LEONEL
09-01-2017,Zona Leste,Mooca,Inativo Transitável,AV CELSO GARCIA
09-01-2017,Zona Leste,Mooca,Inativo Transitável,AV CELSO GARCIA
09-01-2017,Zona Sul,Campo Limpo,Inativo Intransitável,AV CARLOS CALDEIRA FILHO
09-01-2017,Zona Sul,M'Boi Mirim,Inativo Intransitável,AV ELLIS MAAS
09-01-2017,Zona Sul,M'Boi Mirim,Inativo Transitável,ES M BOI MIRIM
09-01-2017,Zona Sul,Santo Amaro,Inativo Transitável,"AV VITOR MANZINI,"
09-01-2017,Zona Sul,Santo Amaro,Inativo Transitável,AV DAS NACOES UNIDAS
09-01-2017,Zona Sul,Santo Amaro,Inativo Transitável,AV DAS NACOES UNIDAS
10-01-2017,Zona Norte,Freguesia do Ó,Inativo Transitável,AV INAJAR DE SOUZA
10-01-2017,Zona Norte,Vila Maria/ Vila Guilherme,Inativo Transitável,AV NADIR DIAS DE FIGUEIREDO
11-01-2017,Zona Leste,Vila Prudente,Inativo Intransitável,AV PAES DE BARROS
11-01-2017,Zona Leste,Vila Prudente,Inativo Transitável,AV PROF LUIZ IGNACIO ANHAIA MELLO
11-01-2017,Zona Sudeste,Ipiranga,Inativo Intransitável,AV PROF LUIZ IGNACIO ANHAIA MELLO
12-01-2017,Zona Norte,Santana,Inativo Transitável,AV GAL ATALIBA LEONEL
13-01-2017,,,,
14-01-2017,,,,
15-01-2017,Zona Norte,Casa Verde,Inativo Intransitável,MARGINAL TIETE
15-01-2017,Zona Norte,Jaçanã/ Tremembé,Inativo Intransitável,TRAV FOZ DO TEJÓ
15-01-2017,Zona Norte,Vila Maria/ Vila Guilherme,Inativo Intransitável,R CHICO PONTES
15-01-2017,Zona Norte,Vila Maria/ Vila Guilherme,Inativo Intransitável,AV MORVAN DIAS DE FIGUEIREDO
15-01-2017,Zona Norte,Vila Maria/ Vila Guilherme,Inativo Intransitável,AV LUIZ DUMONT VILLARES
15-01-2017,Zona Norte,Santana,Inativo Intransitável,TN PAPA JOAO PAULO II
15-01-2017,Centro,Sé,Inativo Transitável,PC DA BANDEIRA
15-01-2017,Centro,Sé,Inativo Transitável,TN PAPA JOAO PAULO II
15-01-2017,Zona Leste,Mooca,Inativo Transitável,R SILVA JARDIM
15-01-2017,Zona Leste,Mooca,Inativo Intransitável,R SERRA DE BOTUCATU
15-01-2017,Zona Sudeste,Vila Mariana,Inativo Transitável,AV IBIRAPUERA
16-01-2017,Zona Norte,Vila Maria/ Vila Guilherme,Inativo Transitável,R MIGUEL MENTEM
16-01-2017,Zona Norte,Pirituba/Jaraguá,Inativo Intransitável,AV ELISIO CORDEIRO DE SIQUEIRA
16-01-2017,Zona Norte,Pirituba/Jaraguá,Inativo Transitável,R DA DESPEDIDA
16-01-2017,Zona Norte,Santana,Inativo Intransitável,AV CRUZEIRO DO SUL
16-01-2017,Centro,Sé,Inativo Transitável,AV CRUZEIRO DO SUL
16-01-2017,Centro,Sé,Inativo Transitável,AV RIO BRANCO
16-01-2017,Zona Leste,Aricanduva/ Vila Formosa,Inativo Intransitável,R IEMANJA
16-01-2017,Zona Leste,Aricanduva/ Vila Formosa,Inativo Intransitável,AV ARICANDUVA
16-01-2017,Zona Leste,Aricanduva/ Vila Formosa,Inativo Intransitável,"R COMEN GIL PINHEIRO,"
16-01-2017,Zona Leste,Aricanduva/ Vila Formosa,Inativo Intransitável,AV ARICANDUVA
16-01-2017,Zona Leste,Mooca,Inativo Intransitável,AV DO ESTADO
16-01-2017,Zona Leste,Mooca,Inativo Intransitável,MARGINAL TIETE
16-01-2017,Zona Leste,Mooca,Inativo Transitável,"AV CELSO GARCIA,"
16-01-2017,Zona Leste,Mooca,Inativo Intransitável,R SERRA DE BOTUCATU
16-01-2017,Zona Leste,Mooca,Inativo Intransitável,AV MORVAN DIAS DE FIGUEIREDO
16-01-2017,Zona Leste,São Miguel Paulista,Inativo Intransitável,MARGINAL TIETE
16-01-2017,Zona Leste,Penha,Inativo Intransitável,"AV AIRTON PRETINI,"
16-01-2017,Zona Leste,Vila Prudente,Inativo Intransitável,AV PROF LUIS IGNÁCIO DE ANHAIA MELO
16-01-2017,Zona Leste,Vila Prudente,Inativo Intransitável,AV PROF LUIZ IGNACIO ANHAIA MELLO
16-01-2017,Zona Leste,Vila Prudente,Inativo Intransitável,AV PROF LUIZ IGNACIO ANHAIA MELLO
16-01-2017,Zona Sul,Capela do Socorro,Inativo Transitável,AV SEN TEOTONIO VILELA
16-01-2017,Zona Sul,Santo Amaro,Inativo Intransitável,AV DAS NACOES UNIDAS
16-01-2017,Zona Sul,Santo Amaro,Inativo Intransitável,R MAJ SAMPAIO
16-01-2017,Zona Sul,Santo Amaro,Inativo Intransitável,AV DAS NACOES UNIDAS
16-01-2017,Zona Sul,Santo Amaro,Inativo Intransitável,AV DAS NACOES UNIDAS
16-01-2017,Zona Sul,Santo Amaro,Inativo Transitável,AV VITOR MANZINI
16-01-2017,Zona Sul,Santo Amaro,Inativo Intransitável,AV STO AMARO
16-01-2017,Zona Sudeste,Ipiranga,Inativo Intransitável,"AV PROF ABRAAO DE MORAIS,"
16-01-2017,Zona Sudeste,Vila Mariana,Inativo Intransitável,R VERGUEIRO
17-01-2017,Zona Norte,Casa Verde,Inativo Transitável,MARGINAL TIETE
17-01-2017,Zona Norte,Santana,Inativo Transitável,AV GAL ATALIBA LEONEL
17-01-2017,Centro,Sé,Inativo Transitável,MARGINAL TIETE CBAS CENTRAL
17-01-2017,Centro,Sé,Inativo Transitável,PC DA BANDEIRA
17-01-2017,Zona Oeste,Pinheiros,Inativo Transitável,MARGINAL PINHEIROS INTCB EXPR
17-01-2017,Zona Oeste,Pinheiros,Inativo Transitável,AV DAS NACOES UNIDAS
17-01-2017,Zona Leste,Aricanduva/ Vila Formosa,Inativo Intransitável,AV ARICANDUVA
17-01-2017,Zona Leste,Itaquera,Inativo Intransitável,R TOMAZZO FERRARA
17-01-2017,Zona Leste,Itaquera,Inativo Intransitável,AV ITAQUERA
17-01-2017,Zona Leste,Mooca,Inativo Intransitável,AV PAES DE BARROS
17-01-2017,Zona Leste,Penha,Inativo Intransitável,R DR LUIZ AYRES
17-01-2017,Zona Leste,Penha,Inativo Intransitável,AV AGUIA DE HAIA
17-01-2017,Zona Sul,Santo Amaro,Inativo Transitável,AV DAS NACOES UNIDAS
17-01-2017,Zona Sul,Santo Amaro,Inativo Transitável,MARGINAL PINHEIROS
17-01-2017,Zona Sul,Santo Amaro,Inativo Transitável,R BRASILIO LUZ
17-01-2017,Zona Sudeste,Ipiranga,Inativo Intransitável,AV PROF ABRAAO DE MORAIS
18-01-2017,Zona Norte,Casa Verde,Inativo Transitável,MARGINAL TIETE ASCB EXPRESSA
18-01-2017,Zona Norte,Vila Maria/ Vila Guilherme,Inativo Transitável,AV GUILHERME
18-01-2017,Zona Norte,Vila Maria/ Vila Guilherme,Inativo Transitável,"R JOAO VENTURA BATISTA,"
18-01-2017,Zona Norte,Vila Maria/ Vila Guilherme,Inativo Transitável,R CEL MARQUES RIBEIRO
18-01-2017,Centro,Sé,Inativo Transitável,TN PAPA JOÃO PAULO II
18-01-2017,Centro,Sé,Inativo Transitável,AV RADIAL LESTE-OESTE
18-01-2017,Centro,Sé,Inativo Transitável,AV PRES CASTELO BRANCO
18-01-2017,Centro,Sé,Inativo Transitável,AV DO ESTADO
18-01-2017,Centro,Sé,Inativo Transitável,MARGINAL TIETE CBAS
18-01-2017,Centro,Sé,Inativo Transitável,AV SEN QUEIROS
18-01-2017,Centro,Sé,Inativo Transitável,PC DA BANDEIRA
18-01-2017,Zona Oeste,Butantã,Inativo Transitável,AV PROF FRANCISCO MORATO
18-01-2017,Zona Oeste,Butantã,Inativo Transitável,AV VITAL BRASIL
18-01-2017,Zona Leste,Mooca,Inativo Transitável,AV RANGEL PESTANA
18-01-2017,Zona Leste,Mooca,Inativo Transitável,AV CELSO GARCIA
18-01-2017,Zona Leste,Mooca,Inativo Transitável,AV CELSO GARCIA
18-01-2017,Zona Leste,Mooca,Inativo Intransitável,R SERRA DE BOTUCATU
18-01-2017,Zona Leste,Mooca,Inativo Transitável,AV CELSO GARCIA
18-01-2017,Zona Leste,Penha,Inativo Transitável,AV CD DE FRONTIN
18-01-2017,Zona Sul,Santo Amaro,Inativo Transitável,AV VITOR MANZINI
18-01-2017,Zona Sul,Santo Amaro,Inativo Intransitável,R BRASILIO LUZ
18-01-2017,Zona Sul,Santo Amaro,Inativo Transitável,AV DAS NACOES UNIDAS
18-01-2017,Zona Sudeste,Jabaquara,Inativo Transitável,"AV DO CURSINO,2943"
18-01-2017,Zona Sudeste,Vila Mariana,Inativo Intransitável,AV VINTE E TRES DE MAIO
18-01-2017,Zona Sudeste,Vila Mariana,Inativo Intransitável,AV PEDRO ALVARES CABRAL
18-01-2017,Zona Sudeste,Vila Mariana,Inativo Transitável,AV PEDRO ALVARES CABRAL
19-01-2017,Zona Norte,Jaçanã/ Tremembé,Inativo Transitável,AV CEL SEZEFREDO FAGUNDES
19-01-2017,Zona Norte,Pirituba/Jaraguá,Inativo Transitável,"AV MARGINAL DIREITA DO TIETE,"
19-01-2017,Zona Norte,Pirituba/Jaraguá,Inativo Transitável,AV RAIMUNDO PEREIRA DE MAGALHAES
19-01-2017,Zona Norte,Santana,Inativo Transitável,"AV GAL ATALIBA LEONEL,"
19-01-2017,Zona Norte,Santana,Inativo Transitável,AV GAL ATALIBA LEONEL
19-01-2017,Centro,Sé,Inativo Transitável,PC DA BANDEIRA
19-01-2017,Zona Oeste,Lapa,Inativo Transitável,AV MARQ.DE SAO VICENTE
19-01-2017,Zona Sul,Santo Amaro,Inativo Transitável,MARGINAL PINHEIROS EXPR
19-01-2017,Zona Sul,Santo Amaro,Inativo Transitável,R BRASILIO LUZ
19-01-2017,Zona Sudeste,Ipiranga,Inativo Transitável,AV DO CURSINO
20-01-2017,Zona Norte,Casa Verde,Inativo Transitável,MARGINAL TIETE EXPRESSA
20-01-2017,Zona Norte,Casa Verde,Inativo Transitável,"R FELIX ALVES PEREIRA,"
20-01-2017,Zona Norte,Casa Verde,Inativo Transitável,MARGINAL TIETE ASCB EXPRESSA
20-01-2017,Zona Norte,Casa Verde,Inativo Transitável,AV ORDEM E PROGRESSO
20-01-2017,Zona Norte,Casa Verde,Inativo Transitável,MARGINAL TIETE
20-01-2017,Zona Norte,Freguesia do Ó,Inativo Intransitável,AV ANTONIO MUNHOZ BONILHA
20-01-2017,Zona Norte,Vila Maria/ Vila Guilherme,Inativo Transitável,MARGINAL TIETE
20-01-2017,Centro,Sé,Inativo Transitável,MARGINAL TIETE CENTRAL
20-01-2017,Centro,Sé,Inativo Intransitável,PÇ DA BANDEIRA
20-01-2017,Centro,Sé,Inativo Transitável,R GLICERIO
20-01-2017,Centro,Sé,Inativo Transitável,VD DO RIO TAMANDUATEI
20-01-2017,Centro,Sé,Inativo Transitável,AV RADIAL LESTE-OESTE
20-01-2017,Centro,Sé,Inativo Intransitável,AV VINTE E TRES DE MAIO
20-01-2017,Centro,Sé,Inativo Transitável,AV DO ESTADO
20-01-2017,Centro,Sé,Inativo Transitável,R TEIXEIRA LEITE
20-01-2017,Centro,Sé,Inativo Transitável,R SÃO PAULO
20-01-2017,Zona Oeste,Butantã,Inativo Transitável,AV PROF FRANCISCO MORATO
20-01-2017,Zona Oeste,Butantã,Inativo Intransitável,R MANOEL DUTRA
20-01-2017,Zona Oeste,Butantã,Inativo Intransitável,R DOS PIEMONTESES
20-01-2017,Zona Oeste,Lapa,Inativo Transitável,AV MARQ DE SÃO VICENTE
20-01-2017,Zona Oeste,Lapa,Inativo Transitável,AV MARQUES DE SÃO VICENTE
20-01-2017,Zona Oeste,Lapa,Inativo Transitável,R JOAQUIM MANUEL DE MACEDO
20-01-2017,Zona Oeste,Lapa,Inativo Transitável,AV MARQUES DE SÃO VICENTE
20-01-2017,Zona Oeste,Pinheiros,Inativo Transitável,MARGINAL PINHEIROS INTCB EXPRE
20-01-2017,Zona Leste,Mooca,Inativo Transitável,AV CELSO GARCIA
20-01-2017,Zona Leste,Mooca,Inativo Transitável,AV CELSO GARCIA
20-01-2017,Zona Sul,Campo Limpo,Inativo Transitável,ES CAMPO LIMPO
20-01-2017,Zona Sul,Santo Amaro,Inativo Transitável,PTE JOÃO DIAS
21-01-2017,Zona Norte,Casa Verde,Inativo Transitável,MARGINAL TIETE ASCB EXPRESSA
21-01-2017,Zona Norte,Perus,Inativo Transitável,PC INACIO DIAS
21-01-2017,Zona Norte,Santana,Inativo Transitável,AV BRAZ LEME
21-01-2017,Zona Norte,Santana,Inativo Intransitável,AV OLAVO FONTOURA
21-01-2017,Zona Norte,Santana,Inativo Intransitável,AV OLAVO FONTOURA
21-01-2017,Zona Norte,Santana,Inativo Transitável,MARGINAL TIETE CBAS EXPRESSA
21-01-2017,Centro,Sé,Inativo Transitável,PQ ANHANGABAU
21-01-2017,Zona Oeste,Butantã,Inativo Intransitável,PC PAN-AMERICANA
21-01-2017,Zona Oeste,Lapa,Inativo Transitável,R EMILIO GOELDI
21-01-2017,Zona Oeste,Lapa,Inativo Intransitável,PTE FEPASA
21-01-2017,Zona Oeste,Lapa,Inativo Transitável,AV MARQ.DE SAO VICENTE
21-01-2017,Zona Oeste,Lapa,Inativo Intransitável,PC PASCOAL MARTINS
21-01-2017,Zona Oeste,Lapa,Inativo Transitável,AV MARQ.DE SAO VICENTE
21-01-2017,Zona Oeste,Lapa,Inativo Intransitável,R JOAQUIM MANUEL DE MACEDO
21-01-2017,Zona Oeste,Lapa,Inativo Transitável,AV MARQ.DE SAO VICENTE
21-01-2017,Zona Oeste,Lapa,Inativo Intransitável,R BR.DO BANANAL (PERDIZES)
21-01-2017,Zona Oeste,Lapa,Inativo Transitável,AV MARQ.DE SAO VICENTE
21-01-2017,Zona Oeste,Lapa,Inativo Transitável,PC MARREY JUNIOR
21-01-2017,Zona Oeste,Pinheiros,Inativo Transitável,TN MAX FEFFER
21-01-2017,Zona Oeste,Pinheiros,Inativo Transitável,AV DAS NACOES UNIDAS
21-01-2017,Zona Oeste,Pinheiros,Inativo Transitável,MARGINAL PINHEIROS INTCB EXPR
21-01-2017,Zona Leste,Penha,Inativo Transitável,AV AGUIA DE HAIA
21-01-2017,Zona Leste,Vila Prudente,Inativo Intransitável,AV PAES DE BARROS
21-01-2017,Zona Sul,Santo Amaro,Inativo Transitável,MARGINAL TIETE
21-01-2017,Zona Sul,Santo Amaro,Inativo Transitável,AV ROQUE PETRONI JUNIOR
21-01-2017,Zona Sul,Santo Amaro,Inativo Transitável,AV DR CHUCRI ZAIDAN
21-01-2017,Zona Sul,Santo Amaro,Inativo Transitável,AV STO AMARO
21-01-2017,Zona Sul,Santo Amaro,Inativo Transitável,AV DAS NACOES UNIDAS
21-01-2017,Zona Sudeste,Ipiranga,Inativo Transitável,PC LEONOR KAUPA
21-01-2017,Zona Sudeste,Ipiranga,Inativo Transitável,"AV PROF ABRAAO DE MORAIS,"
22-01-2017,Centro,Sé,Inativo Transitável,R PEIXOTO GOMIDE
22-01-2017,Zona Oeste,Lapa,Inativo Transitável,"AV MARQ.DE SAO VICENTE,"
22-01-2017,Zona Oeste,Pinheiros,Inativo Transitável,MARGINAL PINHEIROS INTCB EXPR
22-01-2017,Zona Leste,Mooca,Inativo Transitável,AV CELSO GARCIA
22-01-2017,Zona Leste,Mooca,Inativo Transitável,AV CELSO GARCIA
22-01-2017,Zona Sul,Santo Amaro,Inativo Intransitável,R BRASILIO LUZ
23-01-2017,Zona Oeste,Lapa,Inativo Transitável,AV MARQ.DE SAO VICENTE
23-01-2017,Zona Sul,Santo Amaro,Inativo Transitável,AV DAS NACOES UNIDAS
24-01-2017,Zona Norte,Casa Verde,Inativo Intransitável,AV ANTONIO MUNHOZ BONILHA
24-01-2017,Zona Norte,Casa Verde,Inativo Transitável,AV ANTONIO MUNHOZ BONILHA
24-01-2017,Zona Norte,Casa Verde,Inativo Transitável,MARGINAL TIETE ASCB EXPRESSA
24-01-2017,Zona Norte,Casa Verde,Inativo Transitável,AV ANTONIO MUNHOZ BONILHA
24-01-2017,Zona Norte,Pirituba/Jaraguá,Inativo Transitável,AV BENEDITO ANDRADE
24-01-2017,Zona Norte,Santana,Inativo Transitável,MARGINAL TIETE ASCB EXPRESSA
24-01-2017,Zona Norte,Santana,Inativo Transitável,R CEL ANTONIO DE CARVALHO
24-01-2017,Zona Norte,Santana,Inativo Transitável,AV PRES CASTELO BRANCO
24-01-2017,Centro,Sé,Inativo Transitável,AV RIO BRANCO
24-01-2017,Centro,Sé,Inativo Transitável,AV RIO BRANCO
24-01-2017,Centro,Sé,Inativo Transitável,AV RIO BRANCO
24-01-2017,Centro,Sé,Inativo Transitável,AV RANGEL PESTANA
24-01-2017,Zona Oeste,Lapa,Inativo Transitável,AV MARQ.DE SAO VICENTE
24-01-2017,Zona Oeste,Lapa,Inativo Transitável,AV POMPEIA
24-01-2017,Zona Oeste,Lapa,Inativo Intransitável,AV MARQ.DE SAO VICENTE
24-01-2017,Zona Oeste,Lapa,Inativo Transitável,AV RUDGE
24-01-2017,Zona Oeste,Pinheiros,Inativo Transitável,R HENRIQUE SCHAUMANN
24-01-2017,Zona Leste,Mooca,Inativo Transitável,AV CELSO GARCIA
24-01-2017,Zona Leste,Mooca,Inativo Transitável,AV CELSO GARCIA
25-01-2017,,,,
26-01-2017,Zona Norte,Casa Verde,Inativo Transitável,"MARGINAL TIETE ASCB CENTRAL, 11202"
26-01-2017,Zona Norte,Freguesia do Ó,Inativo Intransitável,AV ANTONIO MUNHOZ BONILHA
26-01-2017,Zona Norte,Pirituba/Jaraguá,Inativo Transitável,"AV CB ADAO PEREIRA,"
26-01-2017,Centro,Sé,Inativo Transitável,AV SEN QUEIROS
26-01-2017,Centro,Sé,Inativo Transitável,PC DA BANDEIRA
26-01-2017,Centro,Sé,Inativo Transitável,AV NOVE DE JULHO
26-01-2017,Zona Leste,Ermelino Matarazzo,Inativo Intransitável,"R ENG JOSE CRUZ DE OLIVEIRA,"
26-01-2017,Zona Leste,Penha,Inativo Transitável,AV AGUIA DE HAIA
26-01-2017,Zona Sul,Santo Amaro,Inativo Transitável,"AV STO AMARO,"
26-01-2017,Zona Sudeste,Vila Mariana,Inativo Intransitável,AV VINTE E TRES DE MAIO
27-01-2017,Zona Norte,Casa Verde,Inativo Transitável,PTE ADHEMAR FERREIRA DA SILVA
27-01-2017,Zona Norte,Casa Verde,Inativo Transitável,PTE ADHEMAR FERREIRA DA SILVA
27-01-2017,Zona Norte,Vila Maria/ Vila Guilherme,Inativo Transitável,MARGINAL TIETE
27-01-2017,Zona Oeste,Butantã,Inativo Transitável,AV PROF FRANCISCO MORATO
27-01-2017,Zona Leste,Mooca,Inativo Transitável,AV CELSO GARCIA
27-01-2017,Zona Leste,Mooca,Inativo Transitável,AV CELSO GARCIA
28-01-2017,Zona Sul,M'Boi Mirim,Inativo Transitável,PQ GUARAPIRANGA
29-01-2017,,,,
30-01-2017,,,,
31-01-2017,Zona Norte,Casa Verde,Inativo Transitável,PTE ADHEMAR FERREIRA DA SILVA
01-02-2017,Zona Norte,Casa Verde,Inativo Intransitável,AV ANTONIO MUNHOZ BONILHA
01-02-2017,Zona Norte,Casa Verde,Inativo Intransitável,AV ANTONIO MUNHOZ BONILHA
01-02-2017,Zona Norte,Perus,Inativo Intransitável,PC INACIO DIAS
01-02-2017,Zona Norte,Perus,Inativo Transitável,AV RAIMUNDO PEREIRA DE MAGALHAES
01-02-2017,Centro,Sé,Inativo Intransitável,R MANOEL DUTRA
01-02-2017,Zona Oeste,Butantã,Inativo Transitável,AV PROF FRANCISCO MORATO
01-02-2017,Zona Oeste,Lapa,Inativo Transitável,PC PASCOAL MARTINS
01-02-2017,Zona Oeste,Lapa,Inativo Transitável,MARGINAL TIETE
01-02-2017,Zona Oeste,Pinheiros,Inativo Transitável,AV DAS NACOES UNIDAS
01-02-2017,Zona Leste,Guaianases,Inativo Intransitável,R PROF ALEXANDRE MONAT
01-02-2017,Zona Leste,Itaquera,Inativo Intransitável,R PDE VIEGAS DE MENEZES
01-02-2017,Zona Leste,Itaquera,Inativo Intransitável,AV ITAQUERA
01-02-2017,Zona Leste,Itaquera,Inativo Intransitável,R CUNHA PORA
01-02-2017,Zona Leste,Itaquera,Inativo Intransitável,AV ITAQUERA
01-02-2017,Zona Leste,Mooca,Inativo Transitável,AV ALCANTARA MACHADO
01-02-2017,Zona Leste,Mooca,Inativo Transitável,AV CELSO GARCIA
01-02-2017,Zona Leste,Mooca,Inativo Transitável,AV CELSO GARCIA
01-02-2017,Zona Sul,Santo Amaro,Inativo Transitável,AV SANTO AMARO
01-02-2017,Zona Sudeste,Ipiranga,Inativo Transitável,AV DR RICARDO JAFET
01-02-2017,Zona Sudeste,Ipiranga,Inativo Intransitável,AV PROF ABRAAO DE MORAIS
01-02-2017,Zona Sudeste,Vila Mariana,Inativo Transitável,AV VINTE E TRES DE MAIO
01-02-2017,Zona Sudeste,Vila Mariana,Inativo Intransitável,AV VINTE E TRES DE MAIO
01-02-2017,Zona Sudeste,Vila Mariana,Inativo Transitável,AV RUBEM BERTA
01-02-2017,Zona Sudeste,Vila Mariana,Inativo Intransitável,AV RUBEM BERTA
01-02-2017,Zona Sudeste,Vila Mariana,Inativo Transitável,AL DOS JURUPIS
01-02-2017,Zona Sudeste,Vila Mariana,Inativo Intransitável,"VD ONZE DE JUNHO,"
01-02-2017,Zona Sudeste,Vila Mariana,Inativo Transitável,R ANTONIO BENTO (JD PAULISTA)
02-02-2017,,,,
03-02-2017,,,,
04-02-2017,Zona Norte,Casa Verde,Inativo Transitável,MARGINAL TIETE CBAS EXPRESSA
04-02-2017,Zona Norte,Freguesia do Ó,Inativo Intransitável,R SILVIO BONILHA
04-02-2017,Zona Norte,Jaçanã/ Tremembé,Inativo Transitável,"R CATILEIAS,"
04-02-2017,Zona Norte,Vila Maria/ Vila Guilherme,Inativo Transitável,MARGINAL TIETE ASCB EXPRESSA
04-02-2017,Zona Norte,Vila Maria/ Vila Guilherme,Inativo Transitável,AV MORVAN DIAS DE FIGUEIREDO
04-02-2017,Zona Norte,Vila Maria/ Vila Guilherme,Inativo Transitável,"MARGINAL TIETE CBAS CENTRAL,"
04-02-2017,Zona Oeste,Butantã,Inativo Transitável,PTE NOVA DO MORUMBI
04-02-2017,Zona Oeste,Butantã,Inativo Transitável,MARGINAL PINHEIROS INTCB EXPR
04-02-2017,Zona Oeste,Lapa,Inativo Intransitável,R CORIOLANO
04-02-2017,Zona Oeste,Lapa,Inativo Intransitável,R TRAJANO
04-02-2017,Zona Oeste,Lapa,Inativo Intransitável,R GUAICURUS
04-02-2017,Zona Oeste,Lapa,Inativo Intransitável,R TRAJANO
04-02-2017,Zona Oeste,Lapa,Inativo Transitável,PC MIGUEL DELL ERBA
04-02-2017,Zona Oeste,Lapa,Inativo Intransitável,PC MELVIN JONES
04-02-2017,Zona Oeste,Pinheiros,Inativo Transitável,AV DAS NACOES UNIDAS
04-02-2017,Zona Oeste,Pinheiros,Inativo Transitável,MARGINAL PINHEIROS INTCB EXPR
04-02-2017,Zona Oeste,Pinheiros,Inativo Transitável,AV DAS NACOES UNIDAS
04-02-2017,Zona Leste,Itaquera,Inativo Transitável,AV AGUIA DE HAIA
04-02-2017,Zona Leste,Itaquera,Inativo Transitável,AV AGUIA DE HAIA
04-02-2017,Zona Leste,Mooca,Inativo Transitável,AV CELSO GARCIA
04-02-2017,Zona Leste,Mooca,Inativo Transitável,AV CELSO GARCIA
04-02-2017,Zona Leste,Penha,Inativo Intransitável,AV DOM HELDER CAMARA
04-02-2017,Zona Leste,Penha,Inativo Intransitável,AV S MIGUEL
04-02-2017,Zona Sul,Santo Amaro,Inativo Transitável,AV DAS NACOES UNIDAS
04-02-2017,Zona Sul,Santo Amaro,Inativo Transitável,AV DAS NACOES UNIDAS
05-02-2017,,,,
06-02-2017,Zona Norte,Casa Verde,Inativo Transitável,PTE ADHEMAR FERREIRA DA SILVA
06-02-2017,Zona Norte,Casa Verde,Inativo Transitável,MARGINAL TIETE ASCB EXPRESSA
06-02-2017,Zona Norte,Casa Verde,Inativo Intransitável,R HORACIO VERGUEIRO RUDGE
06-02-2017,Zona Norte,Casa Verde,Inativo Intransitável,AV ORDEM E PROGRESSO
06-02-2017,Zona Norte,Casa Verde,Inativo Intransitável,AV ANTONIO MUNHOZ BONILHA
06-02-2017,Zona Norte,Casa Verde,Inativo Intransitável,"R JOSE FIUZA GUIMARAES,"
06-02-2017,Zona Norte,Freguesia do Ó,Inativo Intransitável,R BONIFACIO CUBAS
06-02-2017,Zona Norte,Pirituba/Jaraguá,Inativo Transitável,AV OTAVIANO ALVES DE LIMA
06-02-2017,Zona Norte,Santana,Inativo Intransitável,AV OLAVO FONTOURA
06-02-2017,Centro,Sé,Inativo Transitável,"R NORMA PIERUCCINI GIANNOTTI,"
06-02-2017,Zona Oeste,Butantã,Inativo Intransitável,AV ENG OSCAR AMERICANO
06-02-2017,Zona Oeste,Butantã,Inativo Transitável,AV ENG OSCAR AMERICANO
06-02-2017,Zona Oeste,Butantã,Inativo Intransitável,AV PROF FRANCISCO MORATO
06-02-2017,Zona Oeste,Butantã,Inativo Transitável,"AV MAGALHAES DE CASTRO,"
06-02-2017,Zona Oeste,Lapa,Inativo Intransitável,R JOAQUIM MANUEL DE MACEDO
06-02-2017,Zona Oeste,Lapa,Inativo Transitável,PC PASCOAL MARTINS
06-02-2017,Zona Oeste,Pinheiros,Inativo Transitável,MARGINAL PINHEIROS INTCB EXPR
06-02-2017,Zona Leste,Aricanduva/ Vila Formosa,Inativo Transitável,AV ARICANDUVA
06-02-2017,Zona Leste,Guaianases,Inativo Intransitável,R GETULINA
06-02-2017,Zona Leste,Itaquera,Inativo Intransitável,R ITAGIMIRIM
06-02-2017,Zona Leste,Itaquera,Inativo Intransitável,R CUNHA PORA
06-02-2017,Zona Leste,Itaquera,Inativo Intransitável,R TOMAZZO FERRARA
06-02-2017,Zona Leste,Itaquera,Inativo Intransitável,AV ITAQUERA
06-02-2017,Zona Leste,Itaquera,Inativo Transitável,AV JACU-PESSEGO N TRABALHADORES
06-02-2017,Zona Leste,Mooca,Inativo Transitável,AV CELSO GARCIA
06-02-2017,Zona Leste,Penha,Inativo Intransitável,R DR LUIZ AYRES
06-02-2017,Zona Leste,Penha,Inativo Intransitável,R DR LUIZ AYRES
06-02-2017,Zona Leste,Penha,Inativo Intransitável,AV S MIGUEL
06-02-2017,Zona Leste,Penha,Inativo Intransitável,AV DOM HELDER CAMARA
06-02-2017,Zona Sul,Santo Amaro,Inativo Transitável,AV VITOR MANZINI
06-02-2017,Zona Sul,Santo Amaro,Inativo Intransitável,AV STO AMARO
06-02-2017,Zona Sul,Santo Amaro,Inativo Transitável,AV STO AMARO
06-02-2017,Zona Sul,Santo Amaro,Inativo Transitável,"MARGINAL PINHEIROS INTCB EXPR,"
06-02-2017,Zona Sudeste,Vila Mariana,Inativo Intransitável,AV VINTE E TRES DE MAIO
07-02-2017,Centro,Sé,Inativo Transitável,R FLORENCIO DE ABREU
08-02-2017,,,,
09-02-2017,,,,
10-02-2017,Zona Oeste,Lapa,Inativo Transitável,R JEROAQUARA
10-02-2017,Zona Oeste,Lapa,Inativo Transitável,R TRAJANO
11-02-2017,,,,
12-02-2017,,,,
13-02-2017,,,,
14-02-2017,,,,
15-02-2017,,,,
16-02-2017,,,,
17-02-2017,,,,
18-02-2017,,,,
19-02-2017,,,,
20-02-2017,,,,
21-02-2017,,,,
22-02-2017,Zona Norte,Casa Verde,Inativo Transitável,MARGINAL TIETE
22-02-2017,Zona Norte,Casa Verde,Inativo Transitável,AV ANTONIO MUNHOZ BONILHA
22-02-2017,Zona Norte,Casa Verde,Inativo Transitável,AV ORDEM E PROGRESSO
22-02-2017,Zona Norte,Casa Verde,Inativo Intransitável,AV ORDEM E PROGRESSO
22-02-2017,Centro,Sé,Inativo Intransitável,PC QUATORZE BIS
22-02-2017,Centro,Sé,Inativo Intransitável,VEL PRES JOAO GOULART
22-02-2017,Centro,Sé,Inativo Intransitável,R MANOEL DUTRA
22-02-2017,Centro,Sé,Inativo Intransitável,PQ ANHANGABAU
22-02-2017,Centro,Sé,Inativo Transitável,AV VINTE E TRES DE MAIO
22-02-2017,Centro,Sé,Inativo Transitável,PC DA BANDEIRA
22-02-2017,Centro,Sé,Inativo Transitável,PQ ANHANGABAU
22-02-2017,Centro,Sé,Inativo Intransitável,R S PAULO
22-02-2017,Centro,Sé,Inativo Transitável,"R TEIXEIRA LEITE,"
22-02-2017,Zona Oeste,Lapa,Inativo Transitável,AV POMPEIA
22-02-2017,Zona Oeste,Lapa,Inativo Transitável,R PALESTRA ITALIA
22-02-2017,Zona Oeste,Lapa,Inativo Intransitável,R JEROAQUARA
22-02-2017,Zona Oeste,Lapa,Inativo Intransitável,R JEROAQUARA
22-02-2017,Zona Oeste,Lapa,Inativo Transitável,PC PASCOAL MARTINS
22-02-2017,Zona Oeste,Lapa,Inativo Intransitável,"AV ERMANO MARCHETTI, 339"
22-02-2017,Zona Oeste,Lapa,Inativo Transitável,AV MARQ.DE SAO VICENTE
22-02-2017,Zona Oeste,Lapa,Inativo Intransitável,"VD ANTARTICA,"
22-02-2017,Zona Oeste,Lapa,Inativo Transitável,"AV EMB MACEDO SOARES,"
22-02-2017,Zona Oeste,Lapa,Inativo Intransitável,R BR.DO BANANAL
22-02-2017,Zona Oeste,Pinheiros,Inativo Transitável,R ESTADOS UNIDOS
22-02-2017,Zona Sudeste,Vila Mariana,Inativo Transitável,AV VINTE E TRES DE MAIO
22-02-2017,Zona Sudeste,Vila Mariana,Inativo Transitável,AV VINTE E TRES DE MAIO
22-02-2017,Zona Sudeste,Vila Mariana,Inativo Transitável,"AV DR RICARDO JAFET,"
23-02-2017,,,,
24-02-2017,Zona Norte,Vila Maria/ Vila Guilherme,Inativo Transitável,MARGINAL TIETE CBAS CENTRAL
24-02-2017,Zona Norte,Pirituba/Jaraguá,Inativo Intransitável,R DA DESPEDIDA
24-02-2017,Centro,Sé,Inativo Transitável,PC DA BANDEIRA
24-02-2017,Centro,Sé,Inativo Transitável,"AV MERCURIO,"
24-02-2017,Centro,Sé,Inativo Intransitável,R GUAPORE
24-02-2017,Zona Oeste,Butantã,Inativo Intransitável,AV JULES RIMET
24-02-2017,Zona Oeste,Butantã,Inativo Intransitável,"AV JULES RIMET,"
24-02-2017,Zona Oeste,Butantã,Inativo Transitável,AV DOS TAJURAS
24-02-2017,Zona Oeste,Pinheiros,Inativo Intransitável,"AV MAGALHAES DE CASTRO,"
24-02-2017,Zona Oeste,Pinheiros,Inativo Intransitável,AV MAGALHAES DE CASTRO
24-02-2017,Zona Oeste,Pinheiros,Inativo Intransitável,R STA JUSTINA
24-02-2017,Zona Oeste,Pinheiros,Inativo Intransitável,MARGINAL PINHEIROS INTCB EXPR
24-02-2017,Zona Oeste,Pinheiros,Inativo Transitável,AV MAGALHAES DE CASTRO
24-02-2017,Zona Leste,Aricanduva/ Vila Formosa,Inativo Intransitável,AV ARICANDUVA
24-02-2017,Zona Leste,Aricanduva/ Vila Formosa,Inativo Intransitável,AV ARICANDUVA
24-02-2017,Zona Leste,Aricanduva/ Vila Formosa,Inativo Intransitável,"AV ARICANDUVA,"
24-02-2017,Zona Leste,Itaquera,Inativo Transitável,AV ITAQUERA
24-02-2017,Zona Leste,Itaquera,Inativo Intransitável,R PDE VIEGAS DE MENEZES
24-02-2017,Zona Leste,Itaquera,Inativo Intransitável,AV ARICANDUVA
24-02-2017,Zona Leste,Mooca,Inativo Intransitável,AV CELSO GARCIA
24-02-2017,Zona Leste,Mooca,Inativo Intransitável,AV CELSO GARCIA
24-02-2017,Zona Leste,Mooca,Inativo Intransitável,AV RANGEL PESTANA
24-02-2017,Zona Leste,Mooca,Inativo Intransitável,AV PAES DE BARROS
24-02-2017,Zona Leste,Mooca,Inativo Intransitável,R DIANOPOLIS
24-02-2017,Zona Leste,Mooca,Inativo Transitável,AV PAES DE BARROS
24-02-2017,Zona Leste,Mooca,Inativo Transitável,AV PAES DE BARROS
24-02-2017,Zona Leste,Mooca,Inativo Transitável,AV CELSO GARCIA
24-02-2017,Zona Leste,Mooca,Inativo Transitável,AV CD.DE FRONTIN
24-02-2017,Zona Leste,Penha,Inativo Transitável,R DR LUIZ AYRES
24-02-2017,Zona Leste,Penha,Inativo Intransitável,AV ARICANDUVA
24-02-2017,Zona Leste,Vila Prudente,Inativo Intransitável,AV PROF LUIZ IGNACIO ANHAIA MELLO
24-02-2017,Zona Leste,Vila Prudente,Inativo Transitável,AV PROF LUIZ IGNACIO ANHAIA MELLO
24-02-2017,Zona Leste,Vila Prudente,Inativo Transitável,AV SALIM FARAH MALUF
24-02-2017,Zona Leste,Vila Prudente,Inativo Intransitável,AV DR FRANCISCO MESQUITA
24-02-2017,Zona Sul,Campo Limpo,Inativo Intransitável,AV ALBERTO AUGUSTO ALVES
24-02-2017,Zona Sul,Campo Limpo,Inativo Intransitável,ES DE ITAPECERICA
24-02-2017,Zona Sul,Santo Amaro,Inativo Intransitável,AV INTERLAGOS
24-02-2017,Zona Sul,Santo Amaro,Inativo Transitável,AV DAS NACOES UNIDAS
24-02-2017,Zona Sul,Santo Amaro,Inativo Transitável,MARGINAL PINHEIROS CBINT EXPR
24-02-2017,Zona Sul,Santo Amaro,Inativo Intransitável,AV ROQUE PETRONI JUNIOR
24-02-2017,Zona Sul,Santo Amaro,Inativo Intransitável,AV ROQUE PETRONI JUNIOR
24-02-2017,Zona Sul,Santo Amaro,Inativo Transitável,AV DAS NACOES UNIDAS
24-02-2017,Zona Sul,Santo Amaro,Inativo Transitável,"AV DR CHUCRI ZAIDAN,"
24-02-2017,Zona Sul,Santo Amaro,Inativo Transitável,AV DAS NACOES UNIDAS
24-02-2017,Zona Sudeste,Ipiranga,Inativo Intransitável,AV PRES TANCREDO NEVES
24-02-2017,Zona Sudeste,Ipiranga,Inativo Intransitável,AV PROF ABRAAO DE MORAIS
24-02-2017,Zona Sudeste,Ipiranga,Inativo Intransitável,AV JUNTAS PROVISORIAS
24-02-2017,Zona Sudeste,Ipiranga,Inativo Intransitável,R LICIO DE MIRANDA
24-02-2017,Zona Sudeste,Ipiranga,Inativo Intransitável,R TEREZA CRISTINA
24-02-2017,Zona Sudeste,Ipiranga,Inativo Intransitável,AV DO ESTADO
24-02-2017,Zona Sudeste,Ipiranga,Inativo Intransitável,AV PROF ABRAAO DE MORAIS
24-02-2017,Zona Sudeste,Ipiranga,Inativo Intransitável,"AV TERESA CRISTINA,"
24-02-2017,Zona Sudeste,Vila Mariana,Inativo Transitável,AV VINTE E TRES DE MAIO
24-02-2017,Zona Sudeste,Vila Mariana,Inativo Intransitável,AV INHAIBA
24-02-2017,Zona Sudeste,Vila Mariana,Inativo Transitável,"AV DOS BANDEIRANTES (MOEMA),"
25-02-2017,Zona Sul,Santo Amaro,Inativo Transitável,"AV DAS NACOES UNIDAS,"
26-02-2017,Zona Norte,Pirituba/Jaraguá,Inativo Transitável,AV RAIMUNDO PEREIRA DE MAGALHAES
26-02-2017,Zona Norte,Perus,Inativo Intransitável,R BERNARDO JOSE DE LORENA
26-02-2017,Zona Leste,Itaquera,Inativo Intransitável,R PDE VIEGAS DE MENEZES
27-02-2017,,,,
28-02-2017,Zona Leste,Mooca,Inativo Transitável,MARGINAL TIETE
01-03-2017,Centro,Sé,Inativo Transitável,"R FLORENCIO DE ABREU,"
02-03-2017,Zona Leste,Guaianases,Inativo Transitável,RUA MATEUS LOPES
03-03-2017,,,,
04-03-2017,,,,
05-03-2017,Zona Norte,Casa Verde,Inativo Transitável,MARGINAL TIETE ASCB EXPRESSA
05-03-2017,Zona Norte,Vila Maria/ Vila Guilherme,Inativo Transitável,MARGINAL TIETE CBAS CENTRAL
05-03-2017,Zona Oeste,Lapa,Inativo Intransitável,AV POMPEIA
06-03-2017,Zona Norte,Casa Verde,Inativo Transitável,MARGINAL TIETE
06-03-2017,Zona Norte,Vila Maria/ Vila Guilherme,Inativo Transitável,R CHICO PONTES
06-03-2017,Centro,Sé,Inativo Transitável,VD DO CHA
06-03-2017,Zona Oeste,Lapa,Inativo Intransitável,R DA DESPEDIDA
06-03-2017,Zona Leste,Itaquera,Inativo Intransitável,AV AGUIA DE HAIA
06-03-2017,Zona Leste,São Miguel Paulista,Inativo Transitável,"R ENG JOSE CRUZ DE OLIVEIRA,"
06-03-2017,Zona Sul,Campo Limpo,Inativo Transitável,ES DO CAMPO LIMPO
06-03-2017,Zona Sudeste,Vila Mariana,Inativo Intransitável,AV RUBEM BERTA
06-03-2017,Zona Sudeste,Vila Mariana,Inativo Intransitável,AV RUBEM BERTA
07-03-2017,Zona Norte,Casa Verde,Inativo Transitável,AV ORDEM E PROGRESSO
07-03-2017,Zona Norte,Casa Verde,Inativo Transitável,"AV ENG CAETANO ALVARES,"
07-03-2017,Zona Norte,Vila Maria/ Vila Guilherme,Inativo Intransitável,"R CHICO PONTES,"
07-03-2017,Zona Norte,Vila Maria/ Vila Guilherme,Inativo Transitável,R CEL MARQUES RIBEIRO
07-03-2017,Zona Norte,Pirituba/Jaraguá,Inativo Transitável,AV RAIMUNDO PEREIRA DE MAGALHAES
07-03-2017,Zona Norte,Santana,Inativo Intransitável,AV BRAZ LEME
07-03-2017,Zona Norte,Santana,Inativo Intransitável,"R COMEN JOAQUIM MONTEIRO,"
07-03-2017,Zona Norte,Santana,Inativo Transitável,"AV ZAKI NARCHI,"
07-03-2017,Centro,Sé,Inativo Intransitável,PC DA BANDEIRA
07-03-2017,Centro,Sé,Inativo Intransitável,R TEIXEIRA LEITE
07-03-2017,Centro,Sé,Inativo Transitável,VD DO GLICERIO
07-03-2017,Centro,Sé,Inativo Intransitável,AV MERCURIO
07-03-2017,Zona Oeste,Lapa,Inativo Intransitável,R JOAQUIM MANUEL DE MACEDO
07-03-2017,Zona Leste,Guaianases,Inativo Intransitável,R GETULINA
07-03-2017,Zona Leste,Mooca,Inativo Transitável,"AV CELSO GARCIA,"
07-03-2017,Zona Leste,Mooca,Inativo Transitável,"AV CELSO GARCIA,"
07-03-2017,Zona Leste,Mooca,Inativo Intransitável,AV ALCANTARA MACHADO
07-03-2017,Zona Leste,Penha,Inativo Intransitável,R DR LUIZ AYRES
07-03-2017,Zona Leste,Vila Prudente,Inativo Transitável,AV PROF LUIZ IGNACIO ANHAIA MELLO
07-03-2017,Zona Sul,Capela do Socorro,Inativo Transitável,AV ATLANTICA
07-03-2017,Zona Sul,Capela do Socorro,Inativo Intransitável,ES M BOI MIRIM
07-03-2017,Zona Sul,Capela do Socorro,Inativo Transitável,AV DAS NACOES UNIDAS
07-03-2017,Zona Sul,Capela do Socorro,Inativo Intransitável,AV ATLANTICA
07-03-2017,Zona Sul,Capela do Socorro,Inativo Intransitável,AV SEN TEOTONIO VILELA
07-03-2017,Zona Sul,Santo Amaro,Inativo Transitável,MARGINAL PINHEIROS
07-03-2017,Zona Sul,Santo Amaro,Inativo Intransitável,AV ROQUE PETRONI JUNIOR
08-03-2017,Centro,Sé,Inativo Transitável,"PC MAL DEODORO,"
08-03-2017,Zona Oeste,Lapa,Inativo Transitável,"R NSRA.DA LAPA,"
09-03-2017,,,,
10-03-2017,Zona Norte,Casa Verde,Inativo Intransitável,AV ANTONIO MUNHOZ BONILHA
10-03-2017,Zona Norte,Freguesia do Ó,Inativo Intransitável,RUA JOÃO PAULO I
10-03-2017,Zona Norte,Freguesia do Ó,Inativo Transitável,AV PROF CELESTINO BOURROUL
10-03-2017,Zona Norte,Vila Maria/ Vila Guilherme,Inativo Intransitável,AV EDUCADOR PAULO FREIRE
10-03-2017,Zona Norte,Pirituba/Jaraguá,Inativo Intransitável,AV RAIMUNDO PEREIRA DE MAGALHAES
10-03-2017,Zona Norte,Perus,Inativo Intransitável,PC INACIO DIAS
10-03-2017,Zona Oeste,Butantã,Inativo Intransitável,AV PROF FRANCISCO MORATO
10-03-2017,Zona Oeste,Lapa,Inativo Transitável,AV POMPEIA
10-03-2017,Zona Oeste,Lapa,Inativo Transitável,R VENANCIO AIRES
10-03-2017,Zona Oeste,Lapa,Inativo Transitável,AV MARQ.DE SAO VICENTE
10-03-2017,Zona Oeste,Lapa,Inativo Transitável,AV MARQ.DE SAO VICENTE
10-03-2017,Zona Leste,Itaquera,Inativo Intransitável,AV PDE SENA FREITAS (A ALVIM)
10-03-2017,Zona Leste,Itaquera,Inativo Intransitável,AV ITAQUERA
10-03-2017,Zona Leste,Penha,Inativo Transitável,R DR LUIZ AYRES
10-03-2017,Zona Leste,Penha,Inativo Intransitável,AV BUENOS AIRES
10-03-2017,Zona Leste,Penha,Inativo Intransitável,R DR LUIZ AYRES
10-03-2017,Zona Leste,Penha,Inativo Intransitável,"AV DOM HELDER CAMARA,"
10-03-2017,Zona Leste,Penha,Inativo Transitável,"MARGINAL TIETE CBAS EXPRESSA,"
11-03-2017,,,,
12-03-2017,,,,
13-03-2017,,,,
14-03-2017,,,,
15-03-2017,,,,
16-03-2017,,,,
17-03-2017,Zona Oeste,Lapa,Inativo Transitável,AV MARQ.DE SAO VICENTE
17-03-2017,Zona Oeste,Lapa,Inativo Intransitável,PC PASCOAL MARTINS
17-03-2017,Zona Leste,Itaquera,Inativo Intransitável,R DR LUIZ AYRES
17-03-2017,Zona Leste,Mooca,Inativo Transitável,"AV CELSO GARCIA,"
17-03-2017,Zona Sul,Campo Limpo,Inativo Intransitável,AV CARLOS CALDEIRA FILHO
17-03-2017,Zona Sul,M'Boi Mirim,Inativo Transitável,AV GUARAPIRANGA
17-03-2017,Zona Sul,Santo Amaro,Inativo Intransitável,AV STO AMARO
17-03-2017,Zona Sul,Santo Amaro,Inativo Transitável,AV DAS NACOES UNIDAS
17-03-2017,Zona Sudeste,Vila Mariana,Inativo Intransitável,AV VINTE E TRES DE MAIO
18-03-2017,,,,
19-03-2017,,,,
20-03-2017,,,,
21-03-2017,,,,
22-03-2017,,,,
23-03-2017,,,,
24-03-2017,,,,
25-03-2017,,,,
26-03-2017,,,,
27-03-2017,,,,
28-03-2017,,,,
29-03-2017,,,,
30-03-2017,,,,
31-03-2017,,,,
01-04-2017,,,,
02-04-2017,,,,
03-04-2017,,,,
04-04-2017,,,,
05-04-2017,,,,
06-04-2017,Zona Norte,Casa Verde,Inativo Intransitável,R MAEST GABRIEL MIGLIORI
06-04-2017,Centro,Sé,Inativo Intransitável,R MANOEL DUTRA
06-04-2017,Centro,Sé,Inativo Intransitável,PC DA BANDEIRA
06-04-2017,Centro,Sé,Inativo Intransitável,TN PAPA JOAO PAULO II
06-04-2017,Centro,Sé,Inativo Intransitável,PC DA BANDEIRA
06-04-2017,Centro,Sé,Inativo Intransitável,AV NOVE DE JULHO
06-04-2017,Centro,Sé,Inativo Intransitável,AV DO ESTADO
06-04-2017,Zona Oeste,Lapa,Inativo Intransitável,AV POMPEIA
06-04-2017,Zona Oeste,Lapa,Inativo Intransitável,AV ANTARTICA
06-04-2017,Zona Oeste,Lapa,Inativo Intransitável,AV MARQ.DE SAO VICENTE
06-04-2017,Zona Oeste,Lapa,Inativo Intransitável,AV GAL EDGAR FACO
06-04-2017,Zona Oeste,Pinheiros,Inativo Intransitável,AV REBOUCAS
06-04-2017,Zona Leste,Aricanduva/ Vila Formosa,Inativo Intransitável,AV ARICANDUVA
06-04-2017,Zona Leste,Aricanduva/ Vila Formosa,Inativo Intransitável,AV ARICANDUVA
06-04-2017,Zona Leste,Itaquera,Inativo Intransitável,"R PADRE VIEGAS DE MENEZES,"
06-04-2017,Zona Leste,Itaquera,Inativo Intransitável,"R TOMAZZO FERRARA,"
06-04-2017,Zona Leste,Itaquera,Inativo Intransitável,R CUNHA PORA
06-04-2017,Zona Leste,Mooca,Inativo Intransitável,AV PAES DE BARROS
06-04-2017,Zona Leste,Mooca,Inativo Transitável,AV ALCANTARA MACHADO
06-04-2017,Zona Leste,São Mateus,Inativo Intransitável,AV RIO DAS PEDRAS
06-04-2017,Zona Leste,Vila Prudente,Inativo Intransitável,AV PROF LUIZ IGNACIO ANHAIA MELLO
06-04-2017,Zona Sudeste,Ipiranga,Inativo Intransitável,AV PROF ABRAAO DE MORAIS
06-04-2017,Zona Sudeste,Ipiranga,Inativo Intransitável,AV TERESA CRISTINA
06-04-2017,Zona Sudeste,Vila Mariana,Inativo Intransitável,AV VINTE E TRES DE MAIO
07-04-2017,Zona Norte,Casa Verde,Inativo Intransitável,"AV ANTONIO MUNHOZ BONILHA,"
07-04-2017,Zona Norte,Casa Verde,Inativo Intransitável,AV NOSSA SENHORA DO O
07-04-2017,Zona Norte,Casa Verde,Inativo Intransitável,"R FRANCISCO RODRIGUES NUNES,"
07-04-2017,Zona Norte,Casa Verde,Inativo Intransitável,"R DOMINGOS MARCHETTI,"
07-04-2017,Zona Norte,Casa Verde,Inativo Transitável,AV BRAZ LEME
07-04-2017,Zona Norte,Casa Verde,Inativo Transitável,R QUIRINO DOS SANTOS
07-04-2017,Zona Norte,Casa Verde,Inativo Transitável,AV ORDEM E PROGRESSO
07-04-2017,Zona Norte,Freguesia do Ó,Inativo Intransitável,"R BARTOLOMEU DO CANTO,"
07-04-2017,Zona Norte,Freguesia do Ó,Inativo Transitável,"AV ENG CAETANO ALVARES,"
07-04-2017,Zona Norte,Vila Maria/ Vila Guilherme,Inativo Intransitável,MARGINAL TIETE
07-04-2017,Zona Norte,Vila Maria/ Vila Guilherme,Inativo Transitável,R CEL MARQUES RIBEIRO
07-04-2017,Zona Norte,Perus,Inativo Transitável,PC INACIO DIAS
07-04-2017,Zona Norte,Santana,Inativo Transitável,AV MORVAN DIAS DE FIGUEIREDO
07-04-2017,Zona Norte,Santana,Inativo Intransitável,AV ZAKI NARCHI
07-04-2017,Zona Norte,Santana,Inativo Intransitável,AV OLAVO FONTOURA
07-04-2017,Centro,Sé,Inativo Transitável,AV MERCURIO
07-04-2017,Centro,Sé,Inativo Intransitável,"AV PRESTES MAIA,"
07-04-2017,Centro,Sé,Inativo Transitável,"R DA CANTAREIRA,"
07-04-2017,Centro,Sé,Inativo Intransitável,PQ ANHANGABAU
07-04-2017,Centro,Sé,Inativo Intransitável,R SERGIO TOMAS
07-04-2017,Centro,Sé,Inativo Transitável,R NEVES DE CARVALHO
07-04-2017,Centro,Sé,Inativo Intransitável,R JARAGUA
07-04-2017,Centro,Sé,Inativo Intransitável,R SOLIMOES
07-04-2017,Centro,Sé,Inativo Transitável,R SOLIMOES
07-04-2017,Zona Oeste,Lapa,Inativo Intransitável,"AV GAL EDGAR FACO,"
07-04-2017,Zona Oeste,Lapa,Inativo Intransitável,AV PRES CASTELO BRANCO
07-04-2017,Zona Oeste,Lapa,Inativo Intransitável,AV EMB MACEDO SOARES
07-04-2017,Zona Oeste,Lapa,Inativo Intransitável,MARGINAL PINHEIROS INTCB EXPR
07-04-2017,Zona Oeste,Lapa,Inativo Intransitável,MARGINAL TIETE
07-04-2017,Zona Oeste,Lapa,Inativo Intransitável,MARGINAL TIETE
07-04-2017,Zona Oeste,Lapa,Inativo Intransitável,R BOTOCUDOS
07-04-2017,Zona Oeste,Lapa,Inativo Transitável,AV MARQ.DE SAO VICENTE
07-04-2017,Zona Oeste,Lapa,Inativo Transitável,AV MARQ.DE SAO VICENTE
07-04-2017,Zona Oeste,Lapa,Inativo Intransitável,PC PASCOAL MARTINS
07-04-2017,Zona Oeste,Lapa,Inativo Intransitável,AV ERMANO MARCHETTI
07-04-2017,Zona Oeste,Lapa,Inativo Intransitável,PTE ATTILIO FONTANA
07-04-2017,Zona Oeste,Lapa,Inativo Intransitável,AV MARQ.DE SAO VICENTE
07-04-2017,Zona Oeste,Lapa,Inativo Intransitável,AV MARQ.DE SAO VICENTE
07-04-2017,Zona Oeste,Lapa,Inativo Transitável,AV MARQ.DE SAO VICENTE
07-04-2017,Zona Oeste,Lapa,Inativo Intransitável,VD ANTARTICA
07-04-2017,Zona Oeste,Lapa,Inativo Transitável,AV MARQ.DE SAO VICENTE
07-04-2017,Zona Oeste,Lapa,Inativo Transitável,AV MARQ.DE SAO VICENTE
07-04-2017,Zona Oeste,Lapa,Inativo Transitável,AV MARQ.DE SAO VICENTE
07-04-2017,Zona Oeste,Lapa,Inativo Intransitável,AV PRES CASTELO BRANCO
07-04-2017,Zona Oeste,Lapa,Inativo Intransitável,AV ENG ROBERTO ZUCCOLO
07-04-2017,Zona Oeste,Lapa,Inativo Transitável,R DA DESPEDIDA
07-04-2017,Zona Oeste,Pinheiros,Inativo Intransitável,AV DAS NACOES UNIDAS
07-04-2017,Zona Oeste,Pinheiros,Inativo Intransitável,TN DIRCE CAMARGO
07-04-2017,Zona Oeste,Pinheiros,Inativo Transitável,AV EUSEBIO MATOSO
07-04-2017,Zona Oeste,Pinheiros,Inativo Intransitável,PTE ATTILIO FONTANA
07-04-2017,Zona Oeste,Pinheiros,Inativo Transitável,AV DAS NACOES UNIDAS
07-04-2017,Zona Oeste,Pinheiros,Inativo Transitável,AV DAS NACOES UNIDAS
07-04-2017,Zona Leste,Aricanduva/ Vila Formosa,Inativo Intransitável,*R JUNO
07-04-2017,Zona Leste,Guaianases,Inativo Intransitável,R INACIO MONTEIRO
07-04-2017,Zona Leste,Itaquera,Inativo Intransitável,"R ITAGIMIRIM,"
07-04-2017,Zona Leste,Mooca,Inativo Intransitável,AV DO ESTADO
07-04-2017,Zona Leste,Mooca,Inativo Transitável,R HELY LOPES MEIRELLES
07-04-2017,Zona Leste,Mooca,Inativo Intransitável,MARGINAL TIETE
07-04-2017,Zona Leste,Vila Prudente,Inativo Intransitável,"AV PROF LUIZ IGNACIO ANHAIA MELLO,"
07-04-2017,Zona Leste,Vila Prudente,Inativo Intransitável,AV PROF LUIZ IGNACIO ANHAIA MELLO
07-04-2017,Zona Leste,Vila Prudente,Inativo Intransitável,AV PROF LUIZ IGNACIO ANHAIA MELLO
07-04-2017,Zona Leste,Vila Prudente,Inativo Intransitável,AV PAES DE BARROS
07-04-2017,Zona Sul,Santo Amaro,Inativo Intransitável,"AV SANTO AMARO,"
07-04-2017,Zona Sul,Santo Amaro,Inativo Transitável,AV SANTO AMARO
07-04-2017,Zona Sul,Santo Amaro,Inativo Transitável,"AV NSRA.DO SABARA,"
07-04-2017,Zona Sudeste,Ipiranga,Inativo Intransitável,AV DO ESTADO
08-04-2017,,,,
09-04-2017,Centro,Sé,Inativo Transitável,"R FLORENCIO DE ABREU,"
10-04-2017,Zona Norte,Casa Verde,Inativo Transitável,AV NSRA.DO O
10-04-2017,Zona Norte,Casa Verde,Inativo Intransitável,AV ANTONIO MUNHOZ BONILHA
10-04-2017,Zona Norte,Casa Verde,Inativo Transitável,MARGINAL TIETE ASCB EXPRESSA
10-04-2017,Zona Oeste,Lapa,Inativo Intransitável,"PC PASCOAL MARTINS,"
10-04-2017,Zona Oeste,Lapa,Inativo Transitável,"AV POMPEIA,"
11-04-2017,,,,
12-04-2017,,,,
13-04-2017,,,,
14-04-2017,,,,
15-04-2017,,,,
16-04-2017,,,,
17-04-2017,,,,
18-04-2017,,,,
19-04-2017,,,,
20-04-2017,,,,
21-04-2017,Zona Norte,Santana,Inativo Transitável,MARGINAL TIETE
21-04-2017,Zona Oeste,Butantã,Inativo Transitável,"AV MAGALHAES DE CASTRO,"
21-04-2017,Zona Oeste,Pinheiros,Inativo Transitável,TN JORN FERNANDO VIEIRA DE MELLO
21-04-2017,Zona Sul,Santo Amaro,Inativo Transitável,AV DAS NACOES UNIDAS
21-04-2017,Zona Sul,Santo Amaro,Inativo Transitável,MARGINAL PINHEIROS
21-04-2017,Zona Sul,Santo Amaro,Inativo Transitável,"AV DAS NACOES UNIDAS,"
21-04-2017,Zona Sul,Santo Amaro,Inativo Intransitável,AV ROQUE PETRONI JUNIOR
21-04-2017,Zona Sul,Santo Amaro,Inativo Transitável,AV SANTO AMARO
21-04-2017,Zona Sudeste,Jabaquara,Inativo Transitável,"AV PROF ABRAAO DE MORAIS,"
21-04-2017,Zona Sudeste,Jabaquara,Inativo Intransitável,"AV PROF ABRAAO DE MORAIS,"
22-04-2017,Zona Sul,Santo Amaro,Inativo Transitável,"AV DAS NACOES UNIDAS,"
22-04-2017,Zona Sul,Santo Amaro,Inativo Transitável,AV DAS NACOES UNIDAS
23-04-2017,Zona Sul,Santo Amaro,Inativo Transitável,R ALEXANDRE DUMAS
23-04-2017,Zona Sul,Santo Amaro,Inativo Transitável,AV DAS NACOES UNIDAS
24-04-2017,,,,
25-04-2017,,,,
26-04-2017,Zona Oeste,Pinheiros,Inativo Transitável,"AV DAS NACOES UNIDAS,"
26-04-2017,Zona Leste,Mooca,Inativo Transitável,AV PRES CASTELO BRANCO
27-04-2017,,,,
28-04-2017,,,,
29-04-2017,,,,
30-04-2017,,,,
01-05-2017,,,,
02-05-2017,,,,
03-05-2017,,,,
04-05-2017,Centro,Sé,Inativo Transitável,"AV SEN QUEIROS,"
04-05-2017,Centro,Sé,Inativo Transitável,"AV SEN QUEIROS,"
05-05-2017,Centro,Sé,Inativo Transitável,PC QUATORZE BIS
05-05-2017,Zona Oeste,Lapa,Inativo Transitável,AV MARGINAL DIREITA DO TIETE
05-05-2017,Zona Oeste,Pinheiros,Inativo Transitável,AV REBOUCAS
05-05-2017,Zona Oeste,Pinheiros,Inativo Transitável,R HENRIQUE SCHAUMANN
05-05-2017,Zona Leste,Mooca,Inativo Transitável,"AV CELSO GARCIA,"
05-05-2017,Zona Sudeste,Ipiranga,Inativo Transitável,AV PRESIDENTE WILSON
05-05-2017,Zona Sudeste,Jabaquara,Inativo Transitável,"AV PROF ABRAAO DE MORAIS,"
05-05-2017,Zona Sudeste,Vila Mariana,Inativo Intransitável,"AV RUBEM BERTA,"
05-05-2017,Zona Sudeste,Vila Mariana,Inativo Transitável,"AV DR RICARDO JAFET,"
06-05-2017,Zona Sul,Santo Amaro,Inativo Transitável,AV DAS NACOES UNIDAS
06-05-2017,Zona Sul,Santo Amaro,Inativo Transitável,AV DAS NACOES UNIDAS
07-05-2017,,,,
08-05-2017,,,,
09-05-2017,Centro,Sé,Inativo Transitável,AV SEN QUEIROS
10-05-2017,Centro,Sé,Inativo Transitável,R FLORENCIO DE ABREU
11-05-2017,,,,
12-05-2017,,,,
13-05-2017,,,,
14-05-2017,,,,
15-05-2017,,,,
16-05-2017,,,,
17-05-2017,,,,
18-05-2017,,,,
19-05-2017,Zona Norte,Casa Verde,Inativo Transitável,"MARGINAL TIETE ASCB CENTRAL,"
19-05-2017,Zona Norte,Casa Verde,Inativo Intransitável,AV PRES CASTELO BRANCO
19-05-2017,Zona Norte,Casa Verde,Inativo Transitável,PTE ADHEMAR FERREIRA DA SILVA
19-05-2017,Zona Norte,Santana,Inativo Intransitável,"R CEL ANTONIO DE CARVALHO,"
19-05-2017,Zona Norte,Santana,Inativo Intransitável,AV GAL ATALIBA LEONEL
19-05-2017,Centro,Sé,Inativo Intransitável,AV RIO BRANCO
19-05-2017,Centro,Sé,Inativo Intransitável,AV RIO BRANCO
19-05-2017,Centro,Sé,Inativo Intransitável,PC DA BANDEIRA
19-05-2017,Zona Oeste,Butantã,Inativo Transitável,AV VITAL BRASIL
19-05-2017,Zona Oeste,Butantã,Inativo Transitável,R CAMARGO
19-05-2017,Zona Oeste,Butantã,Inativo Transitável,"AV VITAL BRASIL,"
19-05-2017,Zona Oeste,Butantã,Inativo Transitável,AV ENG BILLINGS
19-05-2017,Zona Oeste,Lapa,Inativo Transitável,MARGINAL TIETE
19-05-2017,Zona Oeste,Lapa,Inativo Intransitável,"PC PASCOAL MARTINS,"
19-05-2017,Zona Oeste,Lapa,Inativo Transitável,R S TITO (V LEOPOLDINA)
19-05-2017,Zona Oeste,Lapa,Inativo Intransitável,PC PASCOAL MARTINS
19-05-2017,Zona Oeste,Pinheiros,Inativo Transitável,"R HENRIQUE SCHAUMANN,"
19-05-2017,Zona Oeste,Pinheiros,Inativo Transitável,MARGINAL PINHEIROS
19-05-2017,Zona Oeste,Pinheiros,Inativo Transitável,MARGINAL PINHEIROS
19-05-2017,Zona Oeste,Pinheiros,Inativo Transitável,MARGINAL PINHEIROS
19-05-2017,Zona Oeste,Pinheiros,Inativo Transitável,AV DAS NACOES UNIDAS
19-05-2017,Zona Oeste,Pinheiros,Inativo Transitável,MARGINAL PINHEIROS
19-05-2017,Zona Oeste,Pinheiros,Inativo Transitável,"AV DAS NACOES UNIDAS,"
19-05-2017,Zona Oeste,Pinheiros,Inativo Intransitável,"AV DAS NACOES UNIDAS,"
19-05-2017,Zona Leste,Aricanduva/ Vila Formosa,Inativo Intransitável,MARGINAL TIETE ASCB CENTRAL
19-05-2017,Zona Leste,Aricanduva/ Vila Formosa,Inativo Transitável,AV ARICANDUVA
19-05-2017,Zona Leste,Itaquera,Inativo Intransitável,R DR LUIZ AYRES
19-05-2017,Zona Leste,Itaquera,Inativo Transitável,"R DR LUIZ AYRES,"
19-05-2017,Zona Leste,Itaquera,Inativo Transitável,"AV JACU-PESSEGO N TRABALHADORES,"
19-05-2017,Zona Leste,Itaquera,Inativo Transitável,"AV JACU-PESSEGO N TRABALHADORES,"
19-05-2017,Zona Leste,Mooca,Inativo Intransitável,AV CD.DE FRONTIN
19-05-2017,Zona Leste,Mooca,Inativo Intransitável,AV DAS NACOES UNIDAS
19-05-2017,Zona Leste,Mooca,Inativo Intransitável,R CARLOS SILVA
19-05-2017,Zona Leste,Mooca,Inativo Transitável,AV ALCANTARA MACHADO
19-05-2017,Zona Leste,Mooca,Inativo Intransitável,AV ALCANTARA MACHADO
19-05-2017,Zona Leste,Mooca,Inativo Intransitável,"R CARLOS SILVA,"
19-05-2017,Zona Leste,São Miguel Paulista,Inativo Intransitável,R ENG JOSE CRUZ DE OLIVEIRA
19-05-2017,Zona Leste,Penha,Inativo Transitável,"AV CD.DE FRONTIN,"
19-05-2017,Zona Sul,Santo Amaro,Inativo Transitável,"AV DAS NACOES UNIDAS,"
19-05-2017,Zona Sul,Santo Amaro,Inativo Transitável,"AV DAS NACOES UNIDAS,"
19-05-2017,Zona Sul,Santo Amaro,Inativo Transitável,AV STO AMARO
19-05-2017,Zona Sul,Santo Amaro,Inativo Transitável,AV STO AMARO
20-05-2017,Zona Oeste,Lapa,Inativo Transitável,R FAUSTOLO
21-05-2017,Zona Norte,Santana,Inativo Transitável,AV CRUZEIRO DO SUL
21-05-2017,Zona Norte,Santana,Inativo Transitável,AV CRUZEIRO DO SUL
21-05-2017,Centro,Sé,Inativo Intransitável,AV DO ESTADO
21-05-2017,Zona Sul,Santo Amaro,Inativo Transitável,AV DAS NACOES UNIDAS
21-05-2017,Zona Sul,Santo Amaro,Inativo Transitável,AV DAS NACOES UNIDAS
22-05-2017,Zona Norte,Casa Verde,Inativo Transitável,AV PRES CASTELO BRANCO
22-05-2017,Zona Norte,Casa Verde,Inativo Transitável,MARGINAL TIETE EXPRESSA
22-05-2017,Zona Norte,Casa Verde,Inativo Transitável,PTE ADHEMAR FERREIRA DA SILVA
22-05-2017,Zona Norte,Jaçanã/ Tremembé,Inativo Intransitável,AV CEL SEZEFREDO FAGUNDES
22-05-2017,Centro,Sé,Inativo Intransitável,AV DO ESTADO
22-05-2017,Centro,Sé,Inativo Intransitável,R PAULA SOUSA
22-05-2017,Zona Oeste,Pinheiros,Inativo Transitável,AV DAS NACOES UNIDAS
23-05-2017,,,,
24-05-2017,,,,
25-05-2017,,,,
26-05-2017,,,,
27-05-2017,,,,
28-05-2017,,,,
29-05-2017,,,,
30-05-2017,,,,
31-05-2017,,,,
01-06-2017,,,,
02-06-2017,,,,
03-06-2017,,,,
04-06-2017,,,,
05-06-2017,Zona Norte,Vila Maria/ Vila Guilherme,Inativo Transitável,AV MORVAN DIAS DE FIGUEIREDO
05-06-2017,Zona Norte,Santana,Inativo Transitável,AV CRUZEIRO DO SUL
05-06-2017,Centro,Sé,Inativo Transitável,MARGINAL TIETE CBAS CENTRAL
05-06-2017,Centro,Sé,Inativo Transitável,MARGINAL TIETE CBAS CENTRAL
05-06-2017,Centro,Sé,Inativo Transitável,AV PRES CASTELO BRANCO
05-06-2017,Centro,Sé,Inativo Transitável,"AV SEN QUEIROS,"
05-06-2017,Centro,Sé,Inativo Transitável,"AV MERCURIO,"
05-06-2017,Zona Oeste,Butantã,Inativo Transitável,"AV VITAL BRASIL,"
05-06-2017,Zona Oeste,Butantã,Inativo Transitável,AV VITAL BRASIL
05-06-2017,Zona Oeste,Pinheiros,Inativo Transitável,AV DAS NACOES UNIDAS
05-06-2017,Zona Oeste,Pinheiros,Inativo Transitável,MARGINAL PINHEIROS INTCB EXPR
05-06-2017,Zona Oeste,Pinheiros,Inativo Transitável,AV DAS NACOES UNIDAS
05-06-2017,Zona Leste,Mooca,Inativo Transitável,AV CELSO GARCIA
05-06-2017,Zona Leste,Mooca,Inativo Transitável,AV CELSO GARCIA
05-06-2017,Zona Leste,Mooca,Inativo Transitável,"MARGINAL TIETE,"
05-06-2017,Zona Leste,São Miguel Paulista,Inativo Transitável,"R ENG JOSE CRUZ DE OLIVEIRA,"
05-06-2017,Zona Sul,Santo Amaro,Inativo Transitável,AV DAS NACOES UNIDAS
05-06-2017,Zona Sul,Santo Amaro,Inativo Transitável,"AV STO AMARO,"
05-06-2017,Zona Sul,Santo Amaro,Inativo Transitável,"AV NSRA.DO SABARA,"
06-06-2017,Zona Norte,Vila Maria/ Vila Guilherme,Inativo Transitável,AV MORVAN DIAS DE FIGUEIREDO
06-06-2017,Zona Norte,Vila Maria/ Vila Guilherme,Inativo Transitável,AV PRES CASTELO BRANCO
06-06-2017,Zona Norte,Vila Maria/ Vila Guilherme,Inativo Transitável,AV MORVAN DIAS DE FIGUEIREDO
06-06-2017,Zona Norte,Vila Maria/ Vila Guilherme,Inativo Transitável,"MARGINAL TIETE,"
06-06-2017,Zona Norte,Vila Maria/ Vila Guilherme,Inativo Transitável,MARGINAL TIETE CBAS CENTRAL
06-06-2017,Zona Norte,Vila Maria/ Vila Guilherme,Inativo Transitável,MARGINAL TIETE CBAS EXPRESSA
06-06-2017,Zona Norte,Vila Maria/ Vila Guilherme,Inativo Transitável,AV MORVAN DIAS DE FIGUEIREDO
06-06-2017,Zona Norte,Pirituba/Jaraguá,Inativo Transitável,MARGINAL PINHEIROS INTCB EXPR
06-06-2017,Zona Norte,Santana,Inativo Transitável,AV GAL ATALIBA LEONEL
06-06-2017,Zona Norte,Santana,Inativo Transitável,AV ASSIS CHATEAUBRIAND
06-06-2017,Zona Norte,Santana,Inativo Transitável,MARGINAL TIETE ASCB CENTRAL
06-06-2017,Centro,Sé,Inativo Transitável,AV PRES CASTELO BRANCO
06-06-2017,Centro,Sé,Inativo Transitável,"AV MERCURIO,"
06-06-2017,Centro,Sé,Inativo Transitável,MARGINAL TIETE ASCB
06-06-2017,Centro,Sé,Inativo Transitável,PC DA BANDEIRA
06-06-2017,Centro,Sé,Inativo Transitável,"R PDE JOAO MANUEL,"
06-06-2017,Zona Oeste,Butantã,Inativo Transitável,AV MAGALHAES DE CASTRO
06-06-2017,Zona Oeste,Butantã,Inativo Transitável,MARGINAL PINHEIROS
06-06-2017,Zona Oeste,Butantã,Inativo Transitável,"AV VITAL BRASIL,"
06-06-2017,Zona Oeste,Butantã,Inativo Transitável,AV VITAL BRASIL
06-06-2017,Zona Oeste,Butantã,Inativo Transitável,AV MAGALHAES DE CASTRO
06-06-2017,Zona Oeste,Butantã,Inativo Transitável,"AV VITAL BRASIL,"
06-06-2017,Zona Oeste,Lapa,Inativo Transitável,MARGINAL PINHEIROS
06-06-2017,Zona Oeste,Pinheiros,Inativo Transitável,AV DAS NACOES UNIDAS
06-06-2017,Zona Oeste,Pinheiros,Inativo Transitável,"R S TITO,"
06-06-2017,Zona Leste,Itaquera,Inativo Intransitável,AV AGUIA DE HAIA
06-06-2017,Zona Leste,Itaquera,Inativo Transitável,"AV JOSE PINHEIRO BORGES, 3018"
06-06-2017,Zona Leste,Mooca,Inativo Intransitável,AV MERCURIO
06-06-2017,Zona Leste,Mooca,Inativo Transitável,AV CELSO GARCIA
06-06-2017,Zona Leste,Mooca,Inativo Transitável,"R ORIENTE,"
06-06-2017,Zona Leste,Penha,Inativo Transitável,AV AGUIA DE HAIA
06-06-2017,Zona Leste,Penha,Inativo Transitável,"AV AGUIA DE HAIA,"
06-06-2017,Zona Sul,Santo Amaro,Inativo Transitável,AV DAS NACOES UNIDAS
06-06-2017,Zona Sul,Santo Amaro,Inativo Transitável,"AV DAS NACOES UNIDAS,"
06-06-2017,Zona Sul,Santo Amaro,Inativo Transitável,"AV DAS NACOES UNIDAS,"
06-06-2017,Zona Sul,Santo Amaro,Inativo Transitável,MARGINAL PINHEIROS CBINT EXPR
06-06-2017,Zona Sul,Santo Amaro,Inativo Transitável,MARGINAL TIETE CBAS CENTRAL
06-06-2017,Zona Sul,Santo Amaro,Inativo Intransitável,PTE JOAO DIAS
06-06-2017,Zona Sul,Santo Amaro,Inativo Transitável,PTE JOAO DIAS
06-06-2017,Zona Sul,Santo Amaro,Inativo Transitável,AV DAS NACOES UNIDAS
06-06-2017,Zona Sul,Santo Amaro,Inativo Transitável,AV GAL ATALIBA LEONEL
07-06-2017,Zona Norte,Casa Verde,Inativo Transitável,"MARGINAL TIETE CBAS EXPRESSA,"
07-06-2017,Zona Norte,Vila Maria/ Vila Guilherme,Inativo Transitável,AV MORVAN DIAS DE FIGUEIREDO
07-06-2017,Zona Norte,Santana,Inativo Transitável,MARGINAL TIETE ASCB CENTRAL
07-06-2017,Centro,Sé,Inativo Transitável,AV GAL OLIMPIO DA SILVEIRA
07-06-2017,Centro,Sé,Inativo Transitável,MARGINAL TIETE
07-06-2017,Centro,Sé,Inativo Transitável,AV RIO BRANCO
07-06-2017,Centro,Sé,Inativo Transitável,AV MERCURIO
07-06-2017,Zona Oeste,Butantã,Inativo Transitável,MARGINAL PINHEIROS
07-06-2017,Zona Oeste,Lapa,Inativo Transitável,MARGINAL PINHEIROS
07-06-2017,Zona Oeste,Pinheiros,Inativo Transitável,R ENG OSCAR AMERICANO
07-06-2017,Zona Oeste,Pinheiros,Inativo Transitável,AV DAS NACOES UNIDAS
07-06-2017,Zona Oeste,Pinheiros,Inativo Transitável,AV DAS NACOES UNIDAS
07-06-2017,Zona Oeste,Pinheiros,Inativo Transitável,AV MAGALHAES DE CASTRO
07-06-2017,Zona Leste,Mooca,Inativo Transitável,AV CELSO GARCIA
07-06-2017,Zona Sul,Santo Amaro,Inativo Transitável,AV DAS NACOES UNIDAS
07-06-2017,Zona Sul,Santo Amaro,Inativo Transitável,AV DAS NACOES UNIDAS
07-06-2017,Zona Sul,Santo Amaro,Inativo Intransitável,AV DAS NACOES UNIDAS
07-06-2017,Zona Sul,Santo Amaro,Inativo Transitável,MARGINAL TIETE CBAS CENTRAL
07-06-2017,Zona Sul,Santo Amaro,Inativo Transitável,AV DAS NACOES UNIDAS
07-06-2017,Zona Sul,Santo Amaro,Inativo Transitável,AV STO AMARO
08-06-2017,,,,
09-06-2017,,,,
10-06-2017,,,,
11-06-2017,,,,
12-06-2017,,,,
13-06-2017,Zona Norte,Santana,Inativo Transitável,AV GAL ATALIBA LEONEL
13-06-2017,Zona Norte,Santana,Inativo Transitável,AV GAL ATALIBA LEONEL
13-06-2017,Zona Oeste,Lapa,Inativo Transitável,"VD MIGUEL MOFARREJ,"
13-06-2017,Zona Oeste,Lapa,Inativo Transitável,"MARGINAL PINHEIROS INTCB EXPR,"
13-06-2017,Zona Oeste,Pinheiros,Inativo Transitável,MARGINAL PINHEIROS
13-06-2017,Zona Sul,Santo Amaro,Inativo Transitável,R OLIVIA FEDER
14-06-2017,,,,
15-06-2017,,,,
16-06-2017,,,,
17-06-2017,,,,
18-06-2017,,,,
19-06-2017,,,,
20-06-2017,,,,
21-06-2017,,,,
22-06-2017,,,,
23-06-2017,,,,
24-06-2017,,,,
25-06-2017,,,,
26-06-2017,,,,
27-06-2017,,,,
28-06-2017,,,,
29-06-2017,,,,
30-06-2017,,,,
01-07-2017,,,,
02-07-2017,,,,
03-07-2017,,,,
04-07-2017,,,,
05-07-2017,,,,
06-07-2017,,,,
07-07-2017,,,,
08-07-2017,,,,
09-07-2017,,,,
10-07-2017,,,,
11-07-2017,,,,
12-07-2017,,,,
13-07-2017,,,,
14-07-2017,,,,
15-07-2017,,,,
16-07-2017,,,,
17-07-2017,,,,
18-07-2017,,,,
19-07-2017,,,,
20-07-2017,,,,
21-07-2017,,,,
22-07-2017,,,,
23-07-2017,,,,
24-07-2017,,,,
25-07-2017,,,,
26-07-2017,,,,
27-07-2017,,,,
28-07-2017,,,,
29-07-2017,,,,
30-07-2017,,,,
31-07-2017,,,,
01-08-2017,,,,
02-08-2017,,,,
03-08-2017,,,,
04-08-2017,,,,
05-08-2017,,,,
06-08-2017,,,,
07-08-2017,,,,
08-08-2017,,,,
09-08-2017,,,,
10-08-2017,,,,
11-08-2017,,,,
12-08-2017,,,,
13-08-2017,,,,
14-08-2017,,,,
15-08-2017,Centro,Sé,Inativo Transitável,R BRIG TOBIAS
15-08-2017,Zona Sul,Santo Amaro,Inativo Transitável,MARGINAL PINHEIROS
16-08-2017,Centro,Sé,Inativo Transitável,R SILVA PINTO
16-08-2017,Zona Leste,Mooca,Inativo Transitável,R PRES COSTA PINTO
17-08-2017,,,,
18-08-2017,,,,
19-08-2017,,,,
20-08-2017,Zona Norte,Casa Verde,Inativo Transitável,"MARGINAL TIETE CBAS EXPRESSA,"
20-08-2017,Zona Oeste,Lapa,Inativo Transitável,"AV GAL OLIMPIO DA SILVEIRA,"
20-08-2017,Zona Oeste,Pinheiros,Inativo Transitável,"AV DAS NACOES UNIDAS,"
21-08-2017,,,,
22-08-2017,,,,
23-08-2017,,,,
24-08-2017,,,,
25-08-2017,,,,
26-08-2017,,,,
27-08-2017,,,,
28-08-2017,,,,
29-08-2017,,,,
30-08-2017,,,,
31-08-2017,,,,
01-09-2017,,,,
02-09-2017,,,,
03-09-2017,,,,
04-09-2017,,,,
05-09-2017,,,,
06-09-2017,,,,
07-09-2017,,,,
08-09-2017,,,,
09-09-2017,,,,
10-09-2017,,,,
11-09-2017,,,,
12-09-2017,,,,
13-09-2017,,,,
14-09-2017,,,,
15-09-2017,,,,
16-09-2017,,,,
17-09-2017,,,,
18-09-2017,,,,
19-09-2017,,,,
20-09-2017,,,,
21-09-2017,,,,
22-09-2017,,,,
23-09-2017,,,,
24-09-2017,,,,
25-09-2017,,,,
26-09-2017,,,,
27-09-2017,,,,
28-09-2017,,,,
29-09-2017,,,,
30-09-2017,Zona Oeste,Pinheiros,Inativo Intransitável,MARGINAL PINHEIROS
30-09-2017,Zona Leste,Itaquera,Inativo Intransitável,AVENIDA AGUIA DE HAIA
01-10-2017,,,,
02-10-2017,,,,
03-10-2017,,,,
04-10-2017,,,,
05-10-2017,,,,
06-10-2017,,,,
07-10-2017,,,,
08-10-2017,,,,
09-10-2017,,,,
10-10-2017,Zona Oeste,Butantã,Inativo Transitável,R.ENG OSCAR AMERICANO
10-10-2017,Zona Leste,Penha,Inativo Intransitável,R.DR LUIZ AYRES
10-10-2017,Zona Leste,Penha,Inativo Intransitável,AV. AGUIA DE HAIA
11-10-2017,Zona Norte,Vila Maria/ Vila Guilherme,Inativo Transitável,Av. Edu Chaves
11-10-2017,Zona Norte,Santana,Inativo Transitável,Av. Otaviano Alves de Lima
11-10-2017,Zona Leste,Itaquera,Inativo Intransitável,AV. JACU-PESSEGO/N.TRABALHADORES
11-10-2017,Zona Sul,Santo Amaro,Inativo Intransitável,AV. SANTO AMARO
12-10-2017,,,,
13-10-2017,,,,
14-10-2017,,,,
15-10-2017,,,,
16-10-2017,,,,
17-10-2017,,,,
18-10-2017,,,,
19-10-2017,,,,
20-10-2017,,,,
21-10-2017,,,,
22-10-2017,,,,
23-10-2017,,,,
24-10-2017,,,,
25-10-2017,,,,
26-10-2017,Zona Oeste,Lapa,Inativo Transitável,PC. PASCOAL MARTINS
26-10-2017,Zona Leste,Itaquera,Inativo Intransitável,AV. JOSE PINHEIRO BORGES X
26-10-2017,Zona Leste,Itaquera,Inativo Intransitável,R. DR LUIZ AYRES
26-10-2017,Zona Leste,Itaquera,Inativo Intransitável,AV. ÁGUIA DE HAIA
26-10-2017,Zona Leste,Itaquera,Inativo Transitável,R. CASTELO DO PIAUI
26-10-2017,Zona Leste,Mooca,Inativo Intransitável,AV. ALCANTARA MACHADO
26-10-2017,Zona Sul,Santo Amaro,Inativo Transitável,AV. DAS NACOES UNIDAS
26-10-2017,Zona Sul,Santo Amaro,Inativo Intransitável,AV.SANTO AMARO
27-10-2017,,,,
28-10-2017,,,,
29-10-2017,,,,
30-10-2017,,,,
31-10-2017,,,,
01-11-2017,,,,
02-11-2017,,,,
03-11-2017,,,,
04-11-2017,Zona Norte,Freguesia do Ó,Inativo Intransitável,AV. ANTONIO MUNHOZ BONILHA
04-11-2017,Zona Norte,Freguesia do Ó,Inativo Intransitável,AV. OTAVIANO ALVES DE LIMA
04-11-2017,Zona Oeste,Lapa,Inativo Transitável,PC. PASCOAL MARTINS
04-11-2017,Zona Oeste,Pinheiros,Inativo Intransitável,AV. MAGALHAES DE CASTRO
04-11-2017,Zona Oeste,Pinheiros,Inativo Transitável,AV. DAS NACOES UNIDAS
04-11-2017,Zona Oeste,Pinheiros,Inativo Intransitável,AV. MAGALHAES DE CASTRO
04-11-2017,Zona Leste,Vila Prudente,Inativo Intransitável,AV.PROF LUIZ IGNACIO ANHAIA MELLO
04-11-2017,Zona Sul,Santo Amaro,Inativo Intransitável,AV. INTERLAGOS
04-11-2017,Zona Sul,Santo Amaro,Inativo Transitável,AV.SANTO AMARO
04-11-2017,Zona Sudeste,Ipiranga,Inativo Intransitável,AV.PROF ABRAAO DE MORAIS
04-11-2017,Zona Sudeste,Vila Mariana,Inativo Intransitável,AV.VINTE E TRÊS DE MAIO
05-11-2017,,,,
06-11-2017,,,,
07-11-2017,,,,
08-11-2017,,,,
09-11-2017,Zona Norte,Vila Maria/ Vila Guilherme,Inativo Transitável,Av. Morvan Dias de Figueiredo
09-11-2017,Centro,Sé,Inativo Transitável,Av. Pres Castelo Branco
10-11-2017,Zona Leste,Itaquera,Inativo Intransitável,AV. AGUIA DE HAIA X R
11-11-2017,,,,
12-11-2017,,,,
13-11-2017,,,,
14-11-2017,,,,
15-11-2017,,,,
16-11-2017,Zona Leste,Itaquera,Inativo Intransitável,AV. AGUIA DE HAIA
16-11-2017,Zona Leste,Itaquera,Inativo Intransitável,RUA. CUNHA PORÃ
16-11-2017,Zona Leste,Itaquera,Inativo Intransitável,R TOMAZZO FERRARA
16-11-2017,Zona Leste,Itaquera,Inativo Intransitável,AV. CAMPANELLA
16-11-2017,Zona Leste,Penha,Inativo Intransitável,AV.GOV. CARVALHO PINTO
17-11-2017,Zona Norte,Casa Verde,Inativo Intransitável,AV. NOSSA SENHORA DO Ó
17-11-2017,Zona Norte,Casa Verde,Inativo Intransitável,AV. ANTONIO MUNHOZ BONILHA
17-11-2017,Zona Oeste,Lapa,Inativo Intransitável,PC. PASCOAL MARTINS
17-11-2017,Zona Oeste,Lapa,Inativo Transitável,AV.MARQ DE SAO VICENTE
17-11-2017,Zona Oeste,Lapa,Inativo Intransitável,R. SURAIA AIDAR MENON
17-11-2017,Zona Leste,Penha,Inativo Intransitável,R.DR LUIZ AYRES
18-11-2017,Zona Norte,Santana,Inativo Intransitável,PQ. ANHANGABAU
18-11-2017,Centro,Sé,Inativo Intransitável,R. MANOEL DUTRA
18-11-2017,Zona Oeste,Lapa,Inativo Intransitável,AV. OTAVIANO ALVES DE LIMA
18-11-2017,Zona Oeste,Lapa,Inativo Intransitável,R. VENÂNCIO AIRES
18-11-2017,Zona Oeste,Lapa,Inativo Intransitável,AV.MARQ DE SAO VICENTE
18-11-2017,Zona Oeste,Pinheiros,Inativo Transitável,AV. DAS NACOES UNIDAS
18-11-2017,Zona Oeste,Pinheiros,Inativo Transitável,AV. DAS NACOES UNIDA
18-11-2017,Zona Oeste,Pinheiros,Inativo Intransitável,TN. MAX FEFFER
18-11-2017,Zona Sul,Santo Amaro,Inativo Intransitável,VD. WASHINGTON LUIS
18-11-2017,Zona Sul,Santo Amaro,Inativo Transitável,AV. GUIDO CALOI
18-11-2017,Zona Sudeste,Ipiranga,Inativo Intransitável,AV.PROF ABRAAO DE MORAIS
18-11-2017,Zona Sudeste,Vila Mariana,Inativo Intransitável,AV. VINTE E TRES DE MAIO
18-11-2017,Zona Sudeste,Vila Mariana,Inativo Intransitável,AV. VINTE E TRES DE MAIO
19-11-2017,,,,
20-11-2017,,,,
21-11-2017,Centro,Sé,Inativo Transitável,PC. DA BANDEIRA
21-11-2017,Centro,Sé,Inativo Transitável,LG. SÃO FRANCISCO
21-11-2017,Zona Oeste,Butantã,Inativo Transitável,R. CAMARGO
21-11-2017,Zona Oeste,Lapa,Inativo Transitável,RUA CORIOLANO
21-11-2017,Zona Oeste,Lapa,Inativo Intransitável,AV.MARQ DE SAO VICENTE
21-11-2017,Zona Oeste,Lapa,Inativo Intransitável,AV.MARQ DE SAO VICENTE
21-11-2017,Zona Leste,Mooca,Inativo Transitável,AV. CELSO GARCIA
22-11-2017,,,,
23-11-2017,,,,
24-11-2017,,,,
25-11-2017,,,,
26-11-2017,,,,
27-11-2017,Zona Norte,Vila Maria/ Vila Guilherme,Inativo Transitável,AV. MORVAN DIAS DE FIGUEIREDO
27-11-2017,Zona Oeste,Butantã,Inativo Transitável,AV. VITAL BRASIL
27-11-2017,Zona Oeste,Butantã,Inativo Transitável,AV. VITAL BRASIL
27-11-2017,Zona Oeste,Butantã,Inativo Transitável,AV. VITAL BRASIL
27-11-2017,Zona Oeste,Lapa,Inativo Transitável,AV. OTAVIANO ALVES DE LIMA
27-11-2017,Zona Oeste,Lapa,Inativo Transitável,AV. FRANCISCO MATARAZZO
27-11-2017,Zona Oeste,Pinheiros,Inativo Transitável,AV. DAS NAÇÕES UNIDAS
27-11-2017,Zona Oeste,Pinheiros,Inativo Transitável,AV. MAGALHAES DE CASTRO
27-11-2017,Zona Sul,M'Boi Mirim,Inativo Transitável,ES. M BOI MIRIM
27-11-2017,Zona Sul,M'Boi Mirim,Inativo Intransitável,AV. GUARAPIRANGA
27-11-2017,Zona Sul,Santo Amaro,Inativo Transitável,AV. GUIDO CALOI
27-11-2017,Zona Sul,Santo Amaro,Inativo Transitável,RUA SUSANA RODRIGUES
27-11-2017,Zona Sul,Santo Amaro,Inativo Intransitável,AV.STO AMARO
27-11-2017,Zona Sul,Santo Amaro,Inativo Transitável,AV. DAS NACOES UNIDAS
27-11-2017,Zona Sul,Santo Amaro,Inativo Transitável,AV. VITOR MANZINI
28-11-2017,,,,
29-11-2017,,,,
30-11-2017,,,,
01-12-2017,,,,
02-12-2017,,,,
03-12-2017,,,,
04-12-2017,,,,
05-12-2017,,,,
06-12-2017,,,,
07-12-2017,,,,
08-12-2017,Zona Norte,Freguesia do Ó,Inativo Transitável,AV. OTAVIANO ALVES DE LIMA
08-12-2017,Zona Oeste,Lapa,Inativo Transitável,R. JEROAQUARA
08-12-2017,Zona Sul,Santo Amaro,Inativo Intransitável,AV. MARIA COELHO AGUIAR
08-12-2017,Zona Sul,Santo Amaro,Inativo Intransitável,AV.STO AMARO
09-12-2017,,,,
10-12-2017,Zona Norte,Vila Maria/ Vila Guilherme,Inativo Intransitável,AV.PRES CASTELO BRANCO
11-12-2017,,,,
12-12-2017,,,,
13-12-2017,,,,
14-12-2017,,,,
15-12-2017,,,,
16-12-2017,,,,
17-12-2017,Zona Norte,Casa Verde,Inativo Transitável,PC. PASCOAL MARTINS
17-12-2017,Zona Sudeste,Vila Mariana,Inativo Transitável,AV. VINTE E TRES DE MAIO
18-12-2017,,,,
19-12-2017,,,,
20-12-2017,Zona Norte,Casa Verde,Inativo Transitável,Rua Nelson Francisco
20-12-2017,Zona Norte,Vila Maria/ Vila Guilherme,Inativo Intransitável,Av. Sanatório
20-12-2017,Zona Norte,Vila Maria/ Vila Guilherme,Inativo Transitável,AV. MORVAN DIAS DE FIGUEIREDO
20-12-2017,Zona Norte,Santana,Inativo Transitável,AV. SANTOS DUMONT
20-12-2017,Zona Leste,Itaquera,Inativo Intransitável,Av. Águia de Haia
20-12-2017,Zona Leste,Itaquera,Inativo Intransitável,Rua Cunha Porã
20-12-2017,Zona Leste,Itaquera,Inativo Intransitável,Rua Pe. Viegas de Menezes
20-12-2017,Zona Leste,Mooca,Inativo Transitável,AV.CDSSA ELISABETH DE ROBIANO
20-12-2017,Zona Sul,Parelheiros,Inativo Transitável,Estrada da Colonia
20-12-2017,Zona Sudeste,Ipiranga,Inativo Transitável,Av. Almirante Delamare
21-12-2017,,,,
22-12-2017,,,,
23-12-2017,,,,
24-12-2017,,,,
25-12-2017,Zona Norte,Jaçanã/ Tremembé,Inativo Transitável,AV DO SANATORIO
25-12-2017,Zona Norte,Jaçanã/ Tremembé,Inativo Transitável,AV EDU CHAVES
25-12-2017,Zona Oeste,Lapa,Inativo Transitável,AV OTAVIANO ALVES DE LIMA
25-12-2017,Zona Leste,Itaquera,Inativo Intransitável,AV.AGUIA DE HAIA
25-12-2017,Zona Leste,Itaquera,Inativo Intransitável,R DR LUIZ AYRES
25-12-2017,Zona Leste,Itaquera,Inativo Intransitável,R TOMAZZO FERRARA
25-12-2017,Zona Leste,Itaquera,Inativo Intransitável,R CUNHA PORA
25-12-2017,Zona Leste,Penha,Inativo Transitável,AV DOM HELDER CAMARA
26-12-2017,Zona Norte,Vila Maria/ Vila Guilherme,Inativo Transitável,AV. MORVAN DIAS DE FIGUEIREDO
26-12-2017,Zona Leste,Mooca,Inativo Intransitável,AV. CELSO GARCIA
27-12-2017,,,,
28-12-2017,,,,
29-12-2017,,,,
30-12-2017,,,,
31-12-2017,Zona Norte,Freguesia do Ó,Inativo Intransitável,AVENIDA FUAD LUTFALLA
31-12-2017,Zona Leste,Itaquera,Inativo Intransitável,TUNEL AGUIA DE HAIA
01-01-2018,,,,
02-01-2018,Zona Norte,Casa Verde,Inativo Transitável,PTE. LIMAO-ADHEMAR F. DA SILVA
02-01-2018,Zona Norte,Pirituba/Jaraguá,Inativo Transitável,AV. RAIMUNDO PEREIRA DE MAGALHAES
02-01-2018,Centro,Sé,Inativo Transitável,AV. SANTOS DUMONT
03-01-2018,Zona Norte,Vila Maria/ Vila Guilherme,Inativo Transitável,MARGINAL TIETÊ
03-01-2018,Centro,Sé,Inativo Transitável,AVENIDA DA 9 DE JULHO
03-01-2018,Centro,Sé,Inativo Transitável,PRAÇA DA BANDEIRA
03-01-2018,Zona Leste,Mooca,Inativo Intransitável,AVENIDA CELSO GARCIA
04-01-2018,,,,
05-01-2018,,,,
06-01-2018,,,,
07-01-2018,Zona Norte,Santana,Inativo Transitável,AV. GAL. ATALIBA LEONEL
07-01-2018,Zona Norte,Santana,Inativo Transitável,MARGINAL TIETE
07-01-2018,Centro,Sé,Inativo Intransitável,MARGINAL TIETE
07-01-2018,Centro,Sé,Inativo Transitável,MARGINAL TIETE
07-01-2018,Zona Leste,Mooca,Inativo Transitável,AV. CELSO GARCIA
07-01-2018,Zona Leste,Mooca,Inativo Transitável,AV. CELSO GARCIA
08-01-2018,Zona Norte,Santana,Inativo Transitável,R. MARIA CANDIDA
08-01-2018,Zona Oeste,Pinheiros,Inativo Transitável,AV. DAS NACOES UNIDAS
08-01-2018,Zona Leste,Mooca,Inativo Transitável,R. ORIENTE
08-01-2018,Zona Sul,Capela do Socorro,Inativo Transitável,AV. SEN. TEOTONIO VILELA
09-01-2018,Zona Norte,Casa Verde,Inativo Transitável,PTE. LIMAO-ADHEMAR F. DA SILVA
10-01-2018,Zona Sul,Santo Amaro,Inativo Intransitável,AV. DAS NAÇÕES UNIDAS
10-01-2018,Zona Sul,Santo Amaro,Inativo Intransitável,AV. DAS NAÇÕES UNIDAS
10-01-2018,Zona Sul,Santo Amaro,Inativo Intransitável,AV. SANTO AMARO
11-01-2018,Zona Norte,Freguesia do Ó,Inativo Intransitável,AVENIDA NSRA DO Ó
11-01-2018,Centro,Sé,Inativo Intransitável,PRAÇA DA BANDEIRA
11-01-2018,Centro,Sé,Inativo Transitável,R. EDUARDO CHAVES
11-01-2018,Centro,Sé,Inativo Transitável,MARGINAL TIETÊ
11-01-2018,Zona Leste,Itaquera,Inativo Intransitável,TUNEL ÁGUIA DE HAIA
11-01-2018,Zona Leste,Mooca,Inativo Intransitável,VIADUTO BRESSER
11-01-2018,Zona Leste,Mooca,Inativo Intransitável,AVENIDA CELSO GARCIA
11-01-2018,Zona Leste,Mooca,Inativo Intransitável,AVENIDA RADIAL LESTE
12-01-2018,,,,
13-01-2018,,,,
14-01-2018,Zona Leste,Itaquera,Inativo Intransitável,TUNEL ÁGUIA DE HAIA
15-01-2018,,,,
16-01-2018,Centro,Sé,Inativo Intransitável,PRAÇA DA BANDEIRA
16-01-2018,Centro,Sé,Inativo Intransitável,PC. BANDEIRA
16-01-2018,Centro,Sé,Inativo Transitável,TN. PAPA JOAO PAULO II
16-01-2018,Centro,Sé,Inativo Intransitável,TUNEL ANHAGABAU
16-01-2018,Zona Oeste,Butantã,Inativo Transitável,AV. MAGALHAES DE CASTRO
16-01-2018,Zona Sudeste,Vila Mariana,Inativo Intransitável,AVENIDA 23 DE MAIO
16-01-2018,Zona Sudeste,Vila Mariana,Inativo Transitável,AV. VINTE E TRES DE MAIO
17-01-2018,Zona Oeste,Lapa,Inativo Transitável,AV. CANDIDO PORTINARI
18-01-2018,,,,
19-01-2018,Zona Norte,Vila Maria/ Vila Guilherme,Inativo Transitável,R. MARIA CANDIDA
19-01-2018,Zona Norte,Vila Maria/ Vila Guilherme,Inativo Transitável,R. MANUEL DE ALMEIDA
19-01-2018,Centro,Sé,Inativo Transitável,PC. DESEM. MARIO PIRES
19-01-2018,Zona Oeste,Butantã,Inativo Transitável,AV. PROF. FRANCISCO MORATO
19-01-2018,Zona Leste,Mooca,Inativo Transitável,AV. JOSE PINHEIRO BORGES
20-01-2018,Zona Norte,Casa Verde,Inativo Intransitável,AV. NSRA DO O
20-01-2018,Zona Norte,Jaçanã/ Tremembé,Inativo Intransitável,AV. EDU CHAVES
20-01-2018,Zona Norte,Jaçanã/ Tremembé,Inativo Intransitável,AV. SANATÓRIO
20-01-2018,Zona Norte,Vila Maria/ Vila Guilherme,Inativo Intransitável,AV. GAL ATALIBA LEONEL
20-01-2018,Zona Norte,Santana,Inativo Intransitável,AV. ATALIBA LEONEL
20-01-2018,Zona Leste,Itaim Paulista,Inativo Intransitável,R. MANUEL BARBALHO DE LIMA
20-01-2018,Zona Leste,Penha,Inativo Intransitável,AV. AGUIA DE HAIA
21-01-2018,Centro,Sé,Inativo Intransitável,TN. PAPA JOAO PAULO II
21-01-2018,Centro,Sé,Inativo Intransitável,PC. DA BANDEIRA
21-01-2018,Zona Oeste,Butantã,Inativo Transitável,MARGINAL PINHEIROS
21-01-2018,Zona Oeste,Lapa,Inativo Transitável,AV. MARQ DE SAO VICENTE
21-01-2018,Zona Oeste,Pinheiros,Inativo Transitável,AV. REBOUCAS
21-01-2018,Zona Oeste,Pinheiros,Inativo Transitável,TN. JORN FERNANDO VIEIRA DE MELLO
21-01-2018,Zona Oeste,Pinheiros,Inativo Transitável,AV. REBOUCAS
21-01-2018,Zona Oeste,Pinheiros,Inativo Transitável,AV. REBOUCAS
21-01-2018,Zona Leste,Itaim Paulista,Inativo Transitável,RUA MANUEL BARBALHO DE LIMA
21-01-2018,Zona Leste,Itaim Paulista,Inativo Intransitável,R. MANUEL BARBALHO DE LIMA
21-01-2018,Zona Leste,Penha,Inativo Intransitável,AV. AGUIA DE HAIA
22-01-2018,,,,
23-01-2018,Zona Oeste,Lapa,Inativo Transitável,AV. FRANCISCO MATARAZZO
23-01-2018,Zona Oeste,Lapa,Inativo Transitável,MARGINAL TIETE
23-01-2018,Zona Oeste,Pinheiros,Inativo Transitável,AV. BRIG. LUIS ANTONIO
23-01-2018,Zona Leste,Itaquera,Inativo Intransitável,AV. PIRES DO RIO
23-01-2018,Zona Leste,Mooca,Inativo Intransitável,AV. CELSO GARCIA
23-01-2018,Zona Leste,Mooca,Inativo Transitável,AV. CD DE FRONTIN
23-01-2018,Zona Leste,Mooca,Inativo Transitável,AV. SALIM FARAH MALUF
23-01-2018,Zona Leste,São Mateus,Inativo Intransitável,R. BANDEIRA DE ARACAMBI
23-01-2018,Zona Leste,São Mateus,Inativo Intransitável,AV. BRA DE MURITIBA
23-01-2018,Zona Leste,São Mateus,Inativo Transitável,AV. ADELIA CHOHFI
23-01-2018,Zona Sudeste,Vila Mariana,Inativo Transitável,AV. PROF ABRAAO DE MORAIS
23-01-2018,Zona Sudeste,Vila Mariana,Inativo Transitável,AV. PROF ABRAAO DE MORAIS
23-01-2018,Zona Sudeste,Vila Mariana,Inativo Transitável,AV. PROF ABRAAO DE MORAIS
23-01-2018,Zona Sudeste,Vila Mariana,Inativo Transitável,AV. PROF ABRAAO DE MORAIS
23-01-2018,Zona Sudeste,Vila Mariana,Inativo Transitável,AV. PROF ABRAAO DE MORAIS
24-01-2018,Centro,Sé,Inativo Transitável,R. JOAO TEODORO
25-01-2018,,,,
26-01-2018,,,,
27-01-2018,,,,
28-01-2018,Zona Leste,Mooca,Inativo Intransitável,AV. AGUIA DE HAIA
28-01-2018,Zona Leste,Penha,Inativo Intransitável,AV. AGUIA DE HAIA
29-01-2018,Zona Norte,Vila Maria/ Vila Guilherme,Inativo Transitável,R. CEL. MARQUES RIBEIRO
29-01-2018,Zona Norte,Vila Maria/ Vila Guilherme,Inativo Transitável,R. CEL. MARQUES RIBEIRO
29-01-2018,Zona Norte,Santana,Inativo Transitável,AV. GAL. ATALIBA LEONEL
29-01-2018,Zona Norte,Santana,Inativo Transitável,AV. RADIAL LESTE OESTE
29-01-2018,Centro,Sé,Inativo Transitável,PC. DA BANDEIRA
29-01-2018,Centro,Sé,Inativo Transitável,R. PAULA SOUSA
29-01-2018,Centro,Sé,Inativo Transitável,R. PAULA SOUSA
29-01-2018,Centro,Sé,Inativo Transitável,PC. BANDEIRA
29-01-2018,Centro,Sé,Inativo Transitável,PSS. TOM JOBIM
29-01-2018,Zona Oeste,Butantã,Inativo Transitável,AV. LINEU DE PAULA MACHADO
29-01-2018,Zona Oeste,Butantã,Inativo Transitável,PC. ROBERTO GOMES PEDROSA
29-01-2018,Zona Oeste,Pinheiros,Inativo Transitável,AV. DAS NACOES UNIDAS
29-01-2018,Zona Oeste,Pinheiros,Inativo Transitável,AV. NACOES UNIDAS
29-01-2018,Zona Oeste,Pinheiros,Inativo Transitável,AV. NACOES UNIDAS
29-01-2018,Zona Leste,Mooca,Inativo Transitável,VD. MILTON LEAO
29-01-2018,Zona Leste,Mooca,Inativo Intransitável,R. DR. LUIZ AYRES
29-01-2018,Zona Sul,Parelheiros,Inativo Transitável,ES. ECOTURISTICA DE PARELHEIROS
29-01-2018,Zona Sul,Santo Amaro,Inativo Transitável,AV. SANTO AMARO
30-01-2018,Zona Norte,Casa Verde,Inativo Transitável,AV. INAJAR DE SOUZA
30-01-2018,Zona Norte,Santana,Inativo Transitável,AV. GAL ATALIBA LEONEL
30-01-2018,Centro,Sé,Inativo Transitável,PSS. TOM JOBIM
30-01-2018,Centro,Sé,Inativo Transitável,R. SEN. FEIJO
30-01-2018,Centro,Sé,Inativo Transitável,AV. PRES. CASTELO BRANCO
30-01-2018,Centro,Sé,Inativo Transitável,AL. GLETE
30-01-2018,Zona Oeste,Pinheiros,Inativo Transitável,AV. DAS NACOES UNIDAS
30-01-2018,Zona Leste,Vila Prudente,Inativo Transitável,R. COSTA BARROS
30-01-2018,Zona Sul,Santo Amaro,Inativo Transitável,AV. DR. CHUCRI ZAIDAN
31-01-2018,,,,
01-02-2018,,,,
02-02-2018,,,,
03-02-2018,,,,
04-02-2018,,,,
05-02-2018,,,,
06-02-2018,,,,
07-02-2018,,,,
08-02-2018,,,,
09-02-2018,,,,
10-02-2018,Zona Leste,Itaquera,Inativo Intransitável,AV. AGUIA DE HAIA
10-02-2018,Zona Leste,Vila Prudente,Inativo Intransitável,AV. PROF LUIZ IGNACIO ANHAIA MELLO
11-02-2018,,,,
12-02-2018,,,,
13-02-2018,,,,
14-02-2018,,,,
15-02-2018,,,,
16-02-2018,,,,
17-02-2018,,,,
18-02-2018,,,,
19-02-2018,,,,
20-02-2018,,,,
21-02-2018,Zona Norte,Santana,Inativo Transitável,AV. GAL. ATALIBA LEONEL
22-02-2018,Zona Norte,Pirituba/Jaraguá,Inativo Transitável,AV. RAIMUNDO PEREIRA DE MAGALHAES
22-02-2018,Zona Norte,Santana,Inativo Transitável,AV. GAL ATALIBA LEONEL
23-02-2018,,,,
24-02-2018,,,,
25-02-2018,,,,
26-02-2018,Zona Norte,Casa Verde,Inativo Intransitável,AV. NSRA. O
26-02-2018,Zona Norte,Casa Verde,Inativo Transitável,AV. INAJAR DE SOUZA
26-02-2018,Zona Norte,Vila Maria/ Vila Guilherme,Inativo Intransitável,R. CEL. MARQUES RIBEIRO
26-02-2018,Zona Norte,Vila Maria/ Vila Guilherme,Inativo Intransitável,R. CEL MARQUES RIBEIRO
26-02-2018,Zona Norte,Vila Maria/ Vila Guilherme,Inativo Transitável,MARGINAL TIETE
26-02-2018,Zona Norte,Vila Maria/ Vila Guilherme,Inativo Intransitável,R. MIGUEL MENTEM
26-02-2018,Zona Norte,Santana,Inativo Transitável,AV. CRUZEIRO DO SUL
26-02-2018,Zona Norte,Santana,Inativo Transitável,R. ALFREDO GUEDES
26-02-2018,Centro,Sé,Inativo Transitável,AV. VINTE E TRES DE MAIO
26-02-2018,Centro,Sé,Inativo Transitável,AV. NOVE DE JULHO
26-02-2018,Centro,Sé,Inativo Transitável,R. NEWTON PRADO
26-02-2018,Centro,Sé,Inativo Intransitável,R. PRES. BATISTA PEREIRA
26-02-2018,Zona Oeste,Lapa,Inativo Transitável,AV. ORDEM E PROGRESSO
26-02-2018,Zona Oeste,Lapa,Inativo Transitável,AV. ENG. BILLINGS
26-02-2018,Zona Leste,Mooca,Inativo Transitável,AV. CELSO GARCIA
26-02-2018,Zona Leste,Mooca,Inativo Transitável,AV. RANGEL PESTANA
26-02-2018,Zona Leste,São Miguel Paulista,Inativo Transitável,AV. JACU PESSEGO N TRABALHADORES
26-02-2018,Zona Leste,Vila Prudente,Inativo Intransitável,AV. PROF LUIZ IGNACIO ANHAIA MELLO
26-02-2018,Zona Leste,Vila Prudente,Inativo Transitável,AV. PROF. LUIZ IGNACIO ANHAIA MELLO
26-02-2018,Zona Leste,Vila Prudente,Inativo Transitável,AV. PROF. LUIZ IGNACIO ANHAIA MELLO
26-02-2018,Zona Leste,Vila Prudente,Inativo Transitável,AV. PROF. LUIZ IGNACIO ANHAIA MELLO
26-02-2018,Zona Sul,Campo Limpo,Inativo Transitável,MARGINAL PINHEIROS
26-02-2018,Zona Sul,Campo Limpo,Inativo Transitável,AV. HEBE CAMARGO
26-02-2018,Zona Sul,M'Boi Mirim,Inativo Transitável,AV. VITOR MANZINI
26-02-2018,Zona Sul,Santo Amaro,Inativo Intransitável,AV. STO AMARO
26-02-2018,Zona Sudeste,Ipiranga,Inativo Transitável,R. ALM. LOBO
26-02-2018,Zona Sudeste,Ipiranga,Inativo Transitável,R. DOM. LUCAS OBES
26-02-2018,Zona Sudeste,Vila Mariana,Inativo Transitável,AV. PROF ABRAAO DE MORAIS
26-02-2018,Zona Sudeste,Vila Mariana,Inativo Transitável,AV. VINTE E TRES DE MAIO
27-02-2018,,,,
28-02-2018,,,,
01-03-2018,Zona Leste,Itaquera,Inativo Intransitável,TUNEL AV ÁGUIA DE HAIA
01-03-2018,Zona Leste,Penha,Inativo Transitável,RODOVIA PARQUE
02-03-2018,,,,
03-03-2018,,,,
04-03-2018,,,,
05-03-2018,,,,
06-03-2018,Zona Sul,Cidade Ademar,Inativo Intransitável,AV INTERLAGOS
07-03-2018,Zona Oeste,Butantã,Inativo Transitável,AV ENG OSCAR AMERICANO
08-03-2018,,,,
09-03-2018,,,,
10-03-2018,Centro,Sé,Inativo Transitável,AV GEN OLIMPIO DA SILVEIRA
11-03-2018,,,,
12-03-2018,Zona Norte,Casa Verde,Inativo Transitável,AV. INAJAR DE SOUZA
12-03-2018,Zona Norte,Freguesia do Ó,Inativo Transitável,AV. GAL. PENHA BRASIL
12-03-2018,Centro,Sé,Inativo Transitável,AV. VINTE E TRES DE MAIO
12-03-2018,Centro,Sé,Inativo Transitável,VEL. PRES JOAO GOULART
12-03-2018,Centro,Sé,Inativo Transitável,AV. IPIRANGA
12-03-2018,Zona Oeste,Butantã,Inativo Intransitável,AV PROFESSOR FRANCISCO MORATO
12-03-2018,Zona Oeste,Butantã,Inativo Intransitável,AV. EUSEBIO MATOSO
12-03-2018,Zona Oeste,Butantã,Inativo Transitável,R. ENG OSCAR AMERICANO
12-03-2018,Zona Oeste,Butantã,Inativo Intransitável,R. PIRAJUSSARA
12-03-2018,Zona Oeste,Lapa,Inativo Intransitável,RUA PALESTRA
12-03-2018,Zona Oeste,Lapa,Inativo Intransitável,AV. ANTARTICA
12-03-2018,Zona Oeste,Lapa,Inativo Intransitável,AV. POMPEIA
12-03-2018,Zona Oeste,Lapa,Inativo Intransitável,AV. MARQUES DE SÃO VICENTE
12-03-2018,Zona Oeste,Pinheiros,Inativo Transitável,MARGINAL PINHEIROS
12-03-2018,Zona Oeste,Pinheiros,Inativo Transitável,MARGINAL PINHEIROS
12-03-2018,Zona Oeste,Pinheiros,Inativo Transitável,VD. ANTARCTICA-OBERDAN CATTANI
12-03-2018,Zona Oeste,Pinheiros,Inativo Transitável,AV. EUSEBIO MATOSO
13-03-2018,Centro,Sé,Inativo Transitável,AV. VINTE E TRES DE MAIO
13-03-2018,Zona Oeste,Butantã,Inativo Transitável,AV. MAGALHAES DE CASTRO
13-03-2018,Zona Oeste,Butantã,Inativo Transitável,AV. MAGALHAES DE CASTRO
13-03-2018,Zona Oeste,Lapa,Inativo Transitável,AV. DR. GASTAO VIDIGAL
13-03-2018,Zona Oeste,Pinheiros,Inativo Transitável,AV. EUSEBIO MATOSO
13-03-2018,Zona Oeste,Pinheiros,Inativo Transitável,R. ESTADOS UNIDOS
13-03-2018,Zona Leste,Itaquera,Inativo Transitável,AV. JACU PESSEGO N TRABALHADORES
13-03-2018,Zona Leste,Penha,Inativo Transitável,R. DR LUIZ AYRES
13-03-2018,Zona Sudeste,Ipiranga,Inativo Transitável,R. PRES. BATISTA PEREIRA
13-03-2018,Zona Sudeste,Vila Mariana,Inativo Transitável,AV. DR. RICARDO JAFET
13-03-2018,Zona Sudeste,Vila Mariana,Inativo Transitável,AV. PROF. ABRAAO DE MORAIS
14-03-2018,Zona Norte,Casa Verde,Inativo Intransitável,R. NELSON FRANCISCO
14-03-2018,Zona Norte,Casa Verde,Inativo Transitável,AV. NSRA. O
14-03-2018,Zona Oeste,Butantã,Inativo Transitável,AV. MAGALHAES DE CASTRO
14-03-2018,Zona Oeste,Butantã,Inativo Transitável,AV. MAGALHAES DE CASTRO
14-03-2018,Zona Oeste,Lapa,Inativo Intransitável,AV. QUEIROZ FILHO
14-03-2018,Zona Oeste,Lapa,Inativo Intransitável,R. CLELIA
14-03-2018,Zona Oeste,Lapa,Inativo Transitável,R. RICARDO CAVATTON
14-03-2018,Zona Oeste,Pinheiros,Inativo Transitável,AV. DAS NACOES UNIDAS
14-03-2018,Zona Leste,Ermelino Matarazzo,Inativo Transitável,R. DR ASSIS RIBEIRO
14-03-2018,Zona Leste,Ermelino Matarazzo,Inativo Intransitável,AV. AGUIA DE HAIA
14-03-2018,Zona Leste,Itaim Paulista,Inativo Transitável,RUA MANUEL BARBALHO DE LIMA
14-03-2018,Zona Leste,Itaim Paulista,Inativo Transitável,R. MANUEL BARBALHO DE LIMA
14-03-2018,Zona Leste,Mooca,Inativo Transitável,MARGINAL TIETE
14-03-2018,Zona Leste,São Miguel Paulista,Inativo Intransitável,AV. S MIGUEL
14-03-2018,Zona Sudeste,Ipiranga,Inativo Intransitável,R. PRES. BATISTA PEREIRA
14-03-2018,Zona Sudeste,Vila Mariana,Inativo Transitável,PC. LEONOR KAUPA
15-03-2018,Centro,Sé,Inativo Transitável,AV. S. JOAO
15-03-2018,Centro,Sé,Inativo Transitável,AV. GAL. OLIMPIO DA SILVEIRA
15-03-2018,Zona Sudeste,Vila Mariana,Inativo Transitável,VD. DOS BANDEIRANTES
16-03-2018,,,,
17-03-2018,,,,
18-03-2018,,,,
19-03-2018,Zona Norte,Freguesia do Ó,Inativo Transitável,AV. GAL. EDGAR FACO
19-03-2018,Centro,Sé,Inativo Transitável,TN. PAPA JOAO PAULO II (REPUBLICA)
19-03-2018,Centro,Sé,Inativo Transitável,R. TEIXEIRA LEITE (LIBERDADE)
19-03-2018,Centro,Sé,Inativo Transitável,R. CANTAREIRA
19-03-2018,Zona Leste,Mooca,Inativo Intransitável,R. STA. ROSA
20-03-2018,Zona Norte,Casa Verde,Inativo Transitável,AV. NSRA DO O
20-03-2018,Zona Norte,Casa Verde,Inativo Intransitável,AV. OTAVIANO ALVES DE LIMA
20-03-2018,Zona Norte,Casa Verde,Inativo Intransitável,AV. ANTONIO MUNHOZ BONILHA
20-03-2018,Zona Norte,Casa Verde,Inativo Transitável,MARGINAL TIETE
20-03-2018,Zona Norte,Casa Verde,Inativo Intransitável,AV. ENG CAETANO ALVARES
20-03-2018,Zona Norte,Casa Verde,Inativo Transitável,AV. OTAVIANO ALVES DE LIMA
20-03-2018,Zona Norte,Casa Verde,Inativo Intransitável,AV. INAJAR DE SOUZA
20-03-2018,Zona Norte,Casa Verde,Inativo Transitável,PC. DEL. AMOROSO NETO
20-03-2018,Zona Norte,Freguesia do Ó,Inativo Intransitável,AV. GAL EDGAR FACO
20-03-2018,Zona Norte,Freguesia do Ó,Inativo Intransitável,AV. OTAVIANO ALVES DE LIMA
20-03-2018,Zona Norte,Pirituba/Jaraguá,Inativo Intransitável,AV. BENEDITO ANDRADE
20-03-2018,Zona Norte,Pirituba/Jaraguá,Inativo Transitável,AV. OTAVIANO ALVES DE LIMA
20-03-2018,Zona Norte,Santana,Inativo Transitável,AV. OLAVO FONTOURA
20-03-2018,Centro,Sé,Inativo Transitável,PC. QUATORZE BIS
20-03-2018,Centro,Sé,Inativo Intransitável,PC. DA BANDEIRA
20-03-2018,Centro,Sé,Inativo Intransitável,PC. DA BANDEIRA
20-03-2018,Centro,Sé,Inativo Transitável,AV. NOVE DE JULHO
20-03-2018,Centro,Sé,Inativo Transitável,PQ. ANHANGABAU
20-03-2018,Centro,Sé,Inativo Intransitável,AV. NOVE DE JULHO
20-03-2018,Zona Oeste,Butantã,Inativo Transitável,AV. ELISEU DE ALMEIDA
20-03-2018,Zona Oeste,Butantã,Inativo Intransitável,PC. ALFREDO GOMES
20-03-2018,Zona Oeste,Lapa,Inativo Intransitável,R. TURIASSU
20-03-2018,Zona Oeste,Lapa,Inativo Intransitável,AV. FRANCISCO MATARAZZO
20-03-2018,Zona Oeste,Lapa,Inativo Intransitável,PC. PASCOAL MARTINS
20-03-2018,Zona Oeste,Lapa,Inativo Transitável,AV. EMB. MACEDO SOARES
20-03-2018,Zona Oeste,Lapa,Inativo Intransitável,AV. ANTARTICA
20-03-2018,Zona Oeste,Lapa,Inativo Transitável,AV. PRES CASTELO BRANCO
20-03-2018,Zona Oeste,Lapa,Inativo Transitável,AV. AURO SOARES DE MOURA ANDRADE
20-03-2018,Zona Oeste,Lapa,Inativo Intransitável,AV. ELISIO CORDEIRO DE SIQUEIRA
20-03-2018,Zona Oeste,Lapa,Inativo Transitável,AV. EMB MACEDO SOARES
20-03-2018,Zona Oeste,Lapa,Inativo Transitável,AV. ORDEM E PROGRESSO
20-03-2018,Zona Oeste,Lapa,Inativo Transitável,PC. LUIZ CARLOS MESQUITA
20-03-2018,Zona Oeste,Pinheiros,Inativo Intransitável,AV. REBOUCAS
20-03-2018,Zona Oeste,Pinheiros,Inativo Intransitável,PC. DAS GUIANAS
20-03-2018,Zona Oeste,Pinheiros,Inativo Intransitável,AV. DAS NACOES UNIDAS
20-03-2018,Zona Oeste,Pinheiros,Inativo Transitável,AV. DAS NACOES UNIDAS
20-03-2018,Zona Oeste,Pinheiros,Inativo Intransitável,CV. TRIBUNAL DE JUSTICA DO E. SP
20-03-2018,Zona Oeste,Pinheiros,Inativo Transitável,MARGINAL PINHEIROS
20-03-2018,Zona Oeste,Pinheiros,Inativo Transitável,R. CANADA
20-03-2018,Zona Oeste,Pinheiros,Inativo Transitável,AV. NOVE DE JULHO
20-03-2018,Zona Sul,Campo Limpo,Inativo Intransitável,AV. CARLOS CALDEIRA FILHO
20-03-2018,Zona Sul,M'Boi Mirim,Inativo Transitável,AV. VITOR MANZINI
20-03-2018,Zona Sul,Santo Amaro,Inativo Intransitável,AV. VITOR MANZINI
20-03-2018,Zona Sudeste,Vila Mariana,Inativo Intransitável,AV. VINTE E TRES DE MAIO
20-03-2018,Zona Sudeste,Vila Mariana,Inativo Intransitável,AV. RUBEM BERTA
20-03-2018,Zona Sudeste,Vila Mariana,Inativo Intransitável,AV. ANTONIO J. DE MOURA ANDRADE
20-03-2018,Zona Sudeste,Vila Mariana,Inativo Transitável,AV. REPUBLICA DO LIBANO
20-03-2018,Zona Sudeste,Vila Mariana,Inativo Intransitável,AV. PROF ABRAAO DE MORAIS
20-03-2018,Zona Sudeste,Vila Mariana,Inativo Intransitável,AV. PROF. ABRAAO DE MORAIS
21-03-2018,,,,
22-03-2018,,,,
23-03-2018,,,,
24-03-2018,,,,
25-03-2018,,,,
26-03-2018,Centro,Sé,Inativo Transitável,AV. DO ESTADO
26-03-2018,Zona Leste,Mooca,Inativo Transitável,MARGINAL TIETE
26-03-2018,Zona Leste,Penha,Inativo Intransitável,R. DR LUIZ AYRES
26-03-2018,Zona Leste,Penha,Inativo Transitável,VD. MILTON LEAO
26-03-2018,Zona Leste,Penha,Inativo Transitável,R. DR LUIZ AYRES
26-03-2018,Zona Sul,Cidade Ademar,Inativo Intransitável,AV INTERLAGOS
26-03-2018,Zona Sul,Santo Amaro,Inativo Transitável,AV. ROQUE PETRONI JUNIOR
26-03-2018,Zona Sul,Santo Amaro,Inativo Transitável,AV. NSRA DE SABARA
27-03-2018,Zona Norte,Vila Maria/ Vila Guilherme,Inativo Transitável,R. CEL. MARQUES RIBEIRO
27-03-2018,Zona Norte,Vila Maria/ Vila Guilherme,Inativo Transitável,R. CEL MARQUES RIBEIRO
27-03-2018,Zona Norte,Vila Maria/ Vila Guilherme,Inativo Intransitável,R. CEL. MARQUES RIBEIRO
27-03-2018,Zona Norte,Vila Maria/ Vila Guilherme,Inativo Transitável,R. PAULO LORENZANI
27-03-2018,Zona Oeste,Lapa,Inativo Transitável,AV. FRANCISCO MATARAZZO
27-03-2018,Zona Leste,Mooca,Inativo Transitável,R. BRESSER
27-03-2018,Zona Leste,Mooca,Inativo Intransitável,R. DR. LUIZ AYRES
27-03-2018,Zona Leste,Penha,Inativo Transitável,R. DR. LUIZ AYRES
27-03-2018,Zona Leste,Penha,Inativo Transitável,AV. AGUIA DE HAIA
27-03-2018,Zona Leste,Penha,Inativo Transitável,R. DR LUIZ AYRES
27-03-2018,Zona Leste,Penha,Inativo Intransitável,AV. AGUIA DE HAIA
27-03-2018,Zona Leste,Vila Prudente,Inativo Transitável,AV. PAES DE BARROS
27-03-2018,Zona Sudeste,Vila Mariana,Inativo Intransitável,AV. VINTE E TRES DE MAIO
27-03-2018,Zona Sudeste,Vila Mariana,Inativo Intransitável,AV. RUBEM BERTA (MOEMA)
27-03-2018,Zona Sudeste,Vila Mariana,Inativo Transitável,CV. TRIBUNAL DE JUSTICA DO E. SP
27-03-2018,Zona Sudeste,Vila Mariana,Inativo Transitável,AV. REPUBLICA DO LIBANO
27-03-2018,Zona Sudeste,Vila Mariana,Inativo Transitável,AV. IBIRAPUERA
28-03-2018,Zona Norte,Santana,Inativo Intransitável,AV. OLAVO FONTOURA
28-03-2018,Centro,Sé,Inativo Intransitável,TN. PAPA JOAO PAULO II
28-03-2018,Centro,Sé,Inativo Intransitável,PC. DA BANDEIRA
28-03-2018,Centro,Sé,Inativo Intransitável,R. MANOEL DUTRA
28-03-2018,Centro,Sé,Inativo Intransitável,R. TEIXEIRA LEITE
28-03-2018,Centro,Sé,Inativo Intransitável,AV. NOVE DE JULHO
28-03-2018,Centro,Sé,Inativo Intransitável,R. DA. CANTAREIRA
28-03-2018,Zona Oeste,Butantã,Inativo Intransitável,AV PROFESSOR FRANCISCO MORATO
28-03-2018,Zona Oeste,Butantã,Inativo Transitável,R. ENG OSCAR AMERICANO
28-03-2018,Zona Oeste,Butantã,Inativo Transitável,AV. MAGALHAES DE CASTRO
28-03-2018,Zona Oeste,Butantã,Inativo Intransitável,AV. JULES RIMET
28-03-2018,Zona Oeste,Pinheiros,Inativo Intransitável,TN. MAX FEFFER
28-03-2018,Zona Oeste,Pinheiros,Inativo Intransitável,AV. DAS NACOES UNIDAS
28-03-2018,Zona Oeste,Pinheiros,Inativo Intransitável,TN. MAX FEFFER
28-03-2018,Zona Oeste,Pinheiros,Inativo Intransitável,AV. DAS NACOES UNIDAS
28-03-2018,Zona Sul,Campo Limpo,Inativo Transitável,AV. ELLIS MAAS
28-03-2018,Zona Sul,M'Boi Mirim,Inativo Transitável,AV. STO. AMARO
28-03-2018,Zona Sul,Santo Amaro,Inativo Intransitável,AV. ADOLFO PINHEIRO
28-03-2018,Zona Sul,Santo Amaro,Inativo Intransitável,AV. STO. AMARO
28-03-2018,Zona Sudeste,Vila Mariana,Inativo Intransitável,AV. VINTE E TRES DE MAIO
28-03-2018,Zona Sudeste,Vila Mariana,Inativo Intransitável,AV. ANTONIO J. DE MOURA ANDRADE
28-03-2018,Zona Sudeste,Vila Mariana,Inativo Intransitável,AV. REPUBLICA DO LIBANO
28-03-2018,Zona Sudeste,Vila Mariana,Inativo Intransitável,CV. AYRTON SENNA
29-03-2018,,,,
30-03-2018,Zona Norte,Casa Verde,Inativo Transitável,AV. OTAVIANO ALVES DE LIMA (CASA VERDE)
30-03-2018,Centro,Sé,Inativo Intransitável,PQ. ANHANGABAU (REPUBLICA)
30-03-2018,Centro,Sé,Inativo Transitável,AV. DO. ESTADO
30-03-2018,Centro,Sé,Inativo Transitável,R. GAL. JARDIM
30-03-2018,Zona Oeste,Lapa,Inativo Transitável,R. JEROAQUARA (LAPA)
30-03-2018,Zona Oeste,Lapa,Inativo Transitável,AV. MARQ. DE. SAO VICENTE
30-03-2018,Zona Oeste,Lapa,Inativo Intransitável,AV. POMPEIA (BARRA FUNDA)
30-03-2018,Zona Oeste,Lapa,Inativo Transitável,AV. POMPEIA
30-03-2018,Zona Oeste,Lapa,Inativo Transitável,R. GAGO COUTINHO
30-03-2018,Zona Oeste,Lapa,Inativo Transitável,R. BR. DO. BANANAL
30-03-2018,Zona Oeste,Pinheiros,Inativo Intransitável,AV. BRASIL (JARDIM PAULISTA)
30-03-2018,Zona Sul,M'Boi Mirim,Inativo Transitável,AV. GUIDO CALOI (JARDIM SAO LUIS)
30-03-2018,Zona Sul,Santo Amaro,Inativo Transitável,AV. INTERLAGOS (CAMPO GRANDE)
30-03-2018,Zona Sul,Santo Amaro,Inativo Transitável,AV. DAS NACOES UNIDAS (ALTO DE PINHEIROS)
30-03-2018,Zona Sul,Santo Amaro,Inativo Intransitável,AV. ROQUE PETRONI JUNIOR
30-03-2018,Zona Sul,Santo Amaro,Inativo Intransitável,AV. STO AMARO (CAMPO BELO)
30-03-2018,Zona Sul,Santo Amaro,Inativo Transitável,AV. DAS. NACOES UNIDAS
30-03-2018,Zona Sul,Santo Amaro,Inativo Transitável,AV. DAS NACOES UNIDAS (ALTO DE PINHEIROS)
30-03-2018,Zona Sudeste,Ipiranga,Inativo Intransitável,AV. RUBEM BERTA
30-03-2018,Zona Sudeste,Vila Mariana,Inativo Intransitável,AV. DOS. BANDEIRANTES
30-03-2018,Zona Sudeste,Vila Mariana,Inativo Intransitável,AV. DOS. BANDEIRANTES
30-03-2018,Zona Sudeste,Vila Mariana,Inativo Intransitável,AV. PROF ABRAAO DE MORAIS (CURSINO)
30-03-2018,Zona Sudeste,Vila Mariana,Inativo Transitável,TN TRIB DE JUSTICA
31-03-2018,Zona Oeste,Butantã,Inativo Transitável,PTE. OCTAVIO FRIAS DE OLIVEIRA (ITAIM BIBI)
31-03-2018,Zona Oeste,Pinheiros,Inativo Intransitável,AV. JORN ROBERTO MARINHO (CAMPO BELO)
31-03-2018,Zona Leste,Aricanduva/ Vila Formosa,Inativo Intransitável,AV. ARICANDUVA (ARICANDUVA)
31-03-2018,Zona Leste,Aricanduva/ Vila Formosa,Inativo Intransitável,AV. ARICANDUVA
31-03-2018,Zona Leste,Aricanduva/ Vila Formosa,Inativo Intransitável,AV. ARICANDUVA
31-03-2018,Zona Leste,Penha,Inativo Intransitável,AV. AGUIA DE HAIA (ARTUR ALVIM)
31-03-2018,Zona Sul,Cidade Ademar,Inativo Transitável,AV. INTERLAGOS (CAMPO GRANDE)
31-03-2018,Zona Sul,Santo Amaro,Inativo Transitável,AV. VITOR MANZINI (SANTO AMARO)
31-03-2018,Zona Sudeste,Ipiranga,Inativo Intransitável,AV. PROF ABRAAO DE MORAIS
31-03-2018,Zona Sudeste,Ipiranga,Inativo Intransitável,AV. PROF ABRAAO DE MORAIS (CURSINO)
31-03-2018,Zona Sudeste,Ipiranga,Inativo Intransitável,AV. PROF ABRAAO DE MORAIS (CURSINO)
31-03-2018,Zona Sudeste,Ipiranga,Inativo Intransitável,AV. PROF ABRAAO DE MORAIS (CURSINO)
31-03-2018,Zona Sudeste,Ipiranga,Inativo Intransitável,AV. PROF ABRAAO DE MORAIS (CURSINO)
01-04-2018,Zona Oeste,Butantã,Inativo Transitável,AV. LINEU DE PAULA MACHADO
02-04-2018,,,,
03-04-2018,Zona Leste,Itaquera,Inativo Intransitável,TUNEL AGUIA DE HAIA
04-04-2018,Zona Leste,Itaquera,Inativo Transitável,AV. JACU PESSEGO N TRABALHADORES
05-04-2018,,,,
06-04-2018,,,,
07-04-2018,,,,
08-04-2018,,,,
09-04-2018,,,,
10-04-2018,,,,
11-04-2018,,,,
12-04-2018,,,,
13-04-2018,,,,
14-04-2018,,,,
15-04-2018,Zona Oeste,Pinheiros,Inativo Intransitável,AV. DAS. NACOES UNIDAS
15-04-2018,Zona Oeste,Pinheiros,Inativo Transitável,AV. DAS. NACOES UNIDAS
15-04-2018,Zona Leste,Sapopemba,Inativo Transitável,AV. PROF LUIZ IGNACIO ANHAIA MELLO
15-04-2018,Zona Sul,Santo Amaro,Inativo Transitável,AV. DAS. NACOES UNIDAS
16-04-2018,Centro,Sé,Inativo Transitável,R. MAUA
17-04-2018,,,,
18-04-2018,,,,
19-04-2018,,,,
20-04-2018,,,,
21-04-2018,,,,
22-04-2018,,,,
23-04-2018,,,,
24-04-2018,,,,
25-04-2018,,,,
26-04-2018,,,,
27-04-2018,,,,
28-04-2018,,,,
29-04-2018,,,,
30-04-2018,,,,
01-05-2018,,,,
02-05-2018,,,,
03-05-2018,,,,
04-05-2018,,,,
05-05-2018,,,,
06-05-2018,,,,
07-05-2018,,,,
08-05-2018,,,,
09-05-2018,,,,
10-05-2018,,,,
11-05-2018,,,,
12-05-2018,,,,
13-05-2018,,,,
14-05-2018,,,,
15-05-2018,,,,
16-05-2018,,,,
17-05-2018,,,,
18-05-2018,,,,
19-05-2018,Zona Norte,Santana,Inativo Transitável,MARGINAL TIETE
19-05-2018,Zona Oeste,Butantã,Inativo Transitável,AV. MAGALHAES DE CASTRO
20-05-2018,,,,
21-05-2018,,,,
22-05-2018,,,,
23-05-2018,,,,
24-05-2018,,,,
25-05-2018,,,,
26-05-2018,,,,
27-05-2018,,,,
28-05-2018,,,,
29-05-2018,,,,
30-05-2018,,,,
31-05-2018,Zona Oeste,Lapa,Inativo Transitável,AV. AURO SOARES DE MOURA ANDRADE
31-05-2018,Zona Oeste,Pinheiros,Inativo Transitável,PC. DAVID RAW
01-06-2018,,,,
02-06-2018,,,,
03-06-2018,,,,
04-06-2018,,,,
05-06-2018,,,,
06-06-2018,,,,
07-06-2018,,,,
08-06-2018,,,,
09-06-2018,,,,
10-06-2018,,,,
11-06-2018,,,,
12-06-2018,,,,
13-06-2018,Zona Sul,Santo Amaro,Inativo Transitável,AV. WASHINGTON LUIS
14-06-2018,Centro,Sé,Inativo Transitável,AV. ENG. BILLINGS
15-06-2018,,,,
16-06-2018,,,,
17-06-2018,,,,
18-06-2018,,,,
19-06-2018,,,,
20-06-2018,,,,
21-06-2018,,,,
22-06-2018,,,,
23-06-2018,,,,
24-06-2018,,,,
25-06-2018,,,,
26-06-2018,,,,
27-06-2018,,,,
28-06-2018,,,,
29-06-2018,,,,
30-06-2018,,,,
01-07-2018,,,,
02-07-2018,,,,
03-07-2018,,,,
04-07-2018,,,,
05-07-2018,,,,
06-07-2018,,,,
07-07-2018,,,,
08-07-2018,,,,
09-07-2018,,,,
10-07-2018,,,,
11-07-2018,,,,
12-07-2018,,,,
13-07-2018,,,,
14-07-2018,,,,
15-07-2018,,,,
16-07-2018,,,,
17-07-2018,,,,
18-07-2018,,,,
19-07-2018,,,,
20-07-2018,,,,
21-07-2018,,,,
22-07-2018,,,,
23-07-2018,,,,
24-07-2018,,,,
25-07-2018,,,,
26-07-2018,,,,
27-07-2018,,,,
28-07-2018,,,,
29-07-2018,,,,
30-07-2018,Zona Norte,Vila Maria/ Vila Guilherme,Inativo Transitável,MARGINAL TIETE
31-07-2018,Zona Norte,Casa Verde,Inativo Intransitável,AV. ANTONIO MUNHOZ BONILHA
31-07-2018,Zona Norte,Casa Verde,Inativo Transitável,AV. INAJAR DE SOUZA
31-07-2018,Zona Norte,Casa Verde,Inativo Transitável,AV. OTAVIANO ALVES DE LIMA
31-07-2018,Zona Norte,Santana,Inativo Transitável,MARGINAL TIETE
31-07-2018,Centro,Sé,Inativo Transitável,R. LOPES DE OLIVEIRA
31-07-2018,Centro,Sé,Inativo Transitável,AV. SANTOS DUMONT
31-07-2018,Centro,Sé,Inativo Transitável,AV. MERCURIO
31-07-2018,Zona Oeste,Butantã,Inativo Transitável,AV. MAGALHAES DE CASTRO
31-07-2018,Zona Oeste,Butantã,Inativo Transitável,AV. ENG. BILLINGS
31-07-2018,Zona Oeste,Lapa,Inativo Transitável,MARGINAL TIETE
31-07-2018,Zona Oeste,Lapa,Inativo Transitável,R. JOAO TIBIRICA
31-07-2018,Zona Oeste,Pinheiros,Inativo Transitável,R. JOAO TIBIRICA
31-07-2018,Zona Leste,Itaquera,Inativo Transitável,AV. JACU PESSEGO N TRABALHADORES
31-07-2018,Zona Leste,Mooca,Inativo Transitável,MARGINAL TIETE
31-07-2018,Zona Leste,Mooca,Inativo Transitável,AV. ALCANTARA MACHADO
31-07-2018,Zona Leste,Mooca,Inativo Transitável,AV. JOSE PINHEIRO BORGES
31-07-2018,Zona Leste,Penha,Inativo Intransitável,AV. ÁGUIA DE HAIA
31-07-2018,Zona Leste,Penha,Inativo Transitável,R. DR. LUIZ AYRES
31-07-2018,Zona Sudeste,Vila Mariana,Inativo Transitável,AV. VINTE E TRES DE MAIO
01-08-2018,,,,
02-08-2018,,,,
03-08-2018,Centro,Sé,Inativo Transitável,AV. MERCURIO
04-08-2018,,,,
05-08-2018,,,,
06-08-2018,Zona Norte,Casa Verde,Inativo Transitável,AV. INAJAR DE SOUZA
06-08-2018,Centro,Sé,Inativo Transitável,AV. SEN. QUEIROS
07-08-2018,,,,
08-08-2018,,,,
09-08-2018,,,,
10-08-2018,,,,
11-08-2018,,,,
12-08-2018,Zona Oeste,Pinheiros,Inativo Transitável,R. FRADIQUE COUTINHO
13-08-2018,,,,
14-08-2018,,,,
15-08-2018,,,,
16-08-2018,,,,
17-08-2018,Zona Oeste,Butantã,Inativo Transitável,TN. DR. EURYCLIDES DE JESUS ZERBINI
18-08-2018,,,,
19-08-2018,,,,
20-08-2018,,,,
21-08-2018,,,,
22-08-2018,,,,
23-08-2018,,,,
24-08-2018,,,,
25-08-2018,,,,
26-08-2018,,,,
27-08-2018,,,,
28-08-2018,,,,
29-08-2018,,,,
30-08-2018,,,,
31-08-2018,,,,
01-09-2018,,,,
02-09-2018,,,,
03-09-2018,Centro,Sé,Inativo Transitável,R. VITORIA
04-09-2018,Centro,Sé,Inativo Transitável,R. VITORIA
04-09-2018,Centro,Sé,Inativo Transitável,R. LOPES DE OLIVEIRA
04-09-2018,Centro,Sé,Inativo Transitável,MARGINAL PINHEIROS
04-09-2018,Zona Oeste,Butantã,Inativo Transitável,AV. ENG BILLINGS
04-09-2018,Zona Oeste,Pinheiros,Inativo Transitável,AV. DAS. NACOES UNIDAS
04-09-2018,Zona Leste,Mooca,Inativo Transitável,AV. CELSO GARCIA
05-09-2018,Zona Oeste,Lapa,Inativo Transitável,R. BRIG. GAVIAO PEIXOTO
05-09-2018,Zona Oeste,Lapa,Inativo Transitável,R. BRIG. GAVIAO PEIXOTO
06-09-2018,Centro,Sé,Inativo Transitável,R. VITORIA
07-09-2018,,,,
08-09-2018,Centro,Sé,Inativo Transitável,R. GAL. JULIO MARCONDES SALGADO
08-09-2018,Centro,Sé,Inativo Transitável,R. VITORIA
09-09-2018,Centro,Sé,Inativo Transitável,R. VITORIA
09-09-2018,Zona Oeste,Pinheiros,Inativo Transitável,AL. SANTOS
10-09-2018,,,,
11-09-2018,,,,
12-09-2018,,,,
13-09-2018,,,,
14-09-2018,Zona Norte,Casa Verde,Inativo Transitável,AV. INAJAR DE SOUZA
14-09-2018,Centro,Sé,Inativo Transitável,R. LOPES DE OLIVEIRA
14-09-2018,Centro,Sé,Inativo Transitável,R. AURORA
14-09-2018,Centro,Sé,Inativo Transitável,R. BENTO FREITAS
14-09-2018,Centro,Sé,Inativo Transitável,AV. S JOAO
14-09-2018,Zona Oeste,Butantã,Inativo Transitável,PTE. OCTAVIO FRIAS DE OLIVEIRA
14-09-2018,Zona Oeste,Butantã,Inativo Transitável,AV. MAGALHAES DE CASTRO
14-09-2018,Zona Oeste,Lapa,Inativo Transitável,MARGINAL PINHEIROS
14-09-2018,Zona Oeste,Lapa,Inativo Transitável,AV. ENG. BILLINGS
14-09-2018,Zona Oeste,Pinheiros,Inativo Transitável,AV. DAS NACOES UNIDAS
14-09-2018,Zona Leste,Mooca,Inativo Transitável,AV. RANGEL PESTANA
14-09-2018,Zona Leste,Mooca,Inativo Transitável,AV. CDSSA. ELISABETH DE ROBIANO
14-09-2018,Zona Sul,M'Boi Mirim,Inativo Transitável,ES. M BOI MIRIM
15-09-2018,,,,
16-09-2018,,,,
17-09-2018,,,,
18-09-2018,,,,
19-09-2018,,,,
20-09-2018,Zona Oeste,Butantã,Inativo Transitável,MARGINAL PINHEIROS
20-09-2018,Zona Oeste,Butantã,Inativo Transitável,AV. PROF. FRANCISCO MORATO
20-09-2018,Zona Oeste,Lapa,Inativo Transitável,MARGINAL PINHEIROS
20-09-2018,Zona Oeste,Pinheiros,Inativo Transitável,AV. DAS. NAÇÕES UNIDAS
20-09-2018,Zona Oeste,Pinheiros,Inativo Transitável,AV. DOS BANDEIRANTES
20-09-2018,Zona Leste,Vila Prudente,Inativo Transitável,AV. PROF. LUIZ IGNACIO ANHAIA MELLO
20-09-2018,Zona Sudeste,Ipiranga,Inativo Intransitável,CV. ESCOLA DE ENGENHARIA MACKENZIE
20-09-2018,Zona Sudeste,Ipiranga,Inativo Transitável,R. BOM PASTOR
20-09-2018,Zona Sudeste,Vila Mariana,Inativo Intransitável,AV. VINTE E TRES DE MAIO
21-09-2018,Zona Oeste,Pinheiros,Inativo Transitável,R. DESEM. JOSE GONCALVES SANTANA
22-09-2018,,,,
23-09-2018,,,,
24-09-2018,,,,
25-09-2018,,,,
26-09-2018,,,,
27-09-2018,Zona Norte,Casa Verde,Inativo Intransitável,AV. ANTONIO MUNHOZ BONILHA
27-09-2018,Zona Oeste,Pinheiros,Inativo Transitável,R. FIORELLI PECCICACCO
27-09-2018,Zona Leste,Ermelino Matarazzo,Inativo Intransitável,AV. AGUIA DE HAIA
27-09-2018,Zona Leste,Mooca,Inativo Transitável,AV. CELSO GARCIA
28-09-2018,,,,
29-09-2018,,,,
30-09-2018,Zona Norte,Casa Verde,Inativo Transitável,MARGINAL TIETE
30-09-2018,Zona Norte,Casa Verde,Inativo Intransitável,AV. ANTONIO MUNHOZ BONILHA
30-09-2018,Zona Norte,Casa Verde,Inativo Transitável,AV. NSRA. DO. O
30-09-2018,Zona Norte,Pirituba/Jaraguá,Inativo Transitável,AV. RAIMUNDO PEREIRA DE MAGALHAES
30-09-2018,Centro,Sé,Inativo Transitável,PQ. ANHANGABAU
30-09-2018,Zona Oeste,Lapa,Inativo Transitável,AV. ENG. BILLINGS
30-09-2018,Zona Oeste,Pinheiros,Inativo Transitável,MARGINAL PINHEIROS
30-09-2018,Zona Oeste,Pinheiros,Inativo Transitável,TN. MAX FEFFER
30-09-2018,Zona Sul,Campo Limpo,Inativo Intransitável,AV. CARLOS CALDEIRA FILHO
30-09-2018,Zona Sul,M'Boi Mirim,Inativo Transitável,ES. M BOI MIRIM
30-09-2018,Zona Sul,Santo Amaro,Inativo Intransitável,AV. SANTO AMARO
30-09-2018,Zona Sul,Santo Amaro,Inativo Transitável,AV. DAS NACOES UNIDAS
30-09-2018,Zona Sul,Santo Amaro,Inativo Intransitável,PC. TUNEY ARANTES
30-09-2018,Zona Sul,Santo Amaro,Inativo Intransitável,AV. ROQUE PETRONI JUNIOR
30-09-2018,Zona Sudeste,Ipiranga,Inativo Intransitável,AV. PROF ABRAAO DE MORAIS
01-10-2018,Zona Norte,Jaçanã/ Tremembé,Inativo Transitável,AV. CEL SEZEFREDO FAGUNDES
01-10-2018,Zona Norte,Pirituba/Jaraguá,Inativo Transitável,AV. RAIMUNDO PEREIRA DE MAGALHAES
01-10-2018,Zona Norte,Pirituba/Jaraguá,Inativo Transitável,AV. RAIMUNDO PEREIRA DE MAGALHAES
01-10-2018,Zona Norte,Pirituba/Jaraguá,Inativo Transitável,AV. RAIMUNDO PEREIRA DE MAGALHAES
01-10-2018,Zona Oeste,Pinheiros,Inativo Transitável,AV. PEDROSO DE MORAIS
01-10-2018,Zona Leste,Mooca,Inativo Transitável,AV. CELSO GARCIA
01-10-2018,Zona Sul,Santo Amaro,Inativo Intransitável,AV. PDE. JOSE MARIA
02-10-2018,,,,
03-10-2018,,,,
04-10-2018,,,,
05-10-2018,,,,
06-10-2018,,,,
07-10-2018,,,,
08-10-2018,,,,
09-10-2018,Zona Oeste,Pinheiros,Inativo Transitável,AV. DAS NACOES UNIDAS
09-10-2018,Zona Sul,Campo Limpo,Inativo Transitável,ES. DE. ITAPECERICA
09-10-2018,Zona Sul,Santo Amaro,Inativo Transitável,AV. VER. JOSÉ DINIZ
10-10-2018,Zona Norte,Pirituba/Jaraguá,Inativo Transitável,AV. RAIMUNDO PEREIRA DE MAGALHAES
11-10-2018,,,,
12-10-2018,,,,
13-10-2018,,,,
14-10-2018,,,,
15-10-2018,Centro,Sé,Inativo Transitável,AV. S. JOAO
15-10-2018,Centro,Sé,Inativo Transitável,AV. VINTE E TRES DE MAIO
15-10-2018,Centro,Sé,Inativo Transitável,AV. MERCURIO
15-10-2018,Zona Oeste,Lapa,Inativo Transitável,AV. ERMANO MARCHETTI
15-10-2018,Zona Oeste,Pinheiros,Inativo Transitável,AV. DAS. NACOES UNIDAS
15-10-2018,Zona Oeste,Pinheiros,Inativo Transitável,AV. DAS. NACOES UNIDAS
16-10-2018,Zona Norte,Pirituba/Jaraguá,Inativo Transitável,AV. RAIMUNDO PEREIRA DE MAGALHAES
17-10-2018,Zona Norte,Pirituba/Jaraguá,Inativo Transitável,*AV. RAIMUNDO PEREIRA DE MAGALHAES
17-10-2018,Zona Leste,Aricanduva/ Vila Formosa,Inativo Intransitável,*AV. ARICANDUVA
17-10-2018,Zona Leste,Aricanduva/ Vila Formosa,Inativo Intransitável,*AV. ARICANDUVA
17-10-2018,Zona Leste,Penha,Inativo Transitável,*R. DR. LUIZ AYRES
17-10-2018,Zona Leste,Vila Prudente,Inativo Intransitável,*AV. PROF LUIZ IGNACIO ANHAIA MELLO
17-10-2018,Zona Leste,Vila Prudente,Inativo Intransitável,*AV. PROF LUIZ IGNACIO ANHAIA MELLO
17-10-2018,Zona Sul,Cidade Ademar,Inativo Transitável,*AV. INTERLAGOS
17-10-2018,Zona Sul,M'Boi Mirim,Inativo Intransitável,*AV. JULES RIMET
17-10-2018,Zona Sul,M'Boi Mirim,Inativo Intransitável,*AV. MARIA COELHO AGUIAR
17-10-2018,Zona Sul,M'Boi Mirim,Inativo Transitável,*AV. JOAO DIAS
17-10-2018,Zona Sul,M'Boi Mirim,Inativo Intransitável,*AV. LUIZ GUSHIKEN
17-10-2018,Zona Sul,Santo Amaro,Inativo Intransitável,*AV. DAS NACOES UNIDAS
17-10-2018,Zona Sul,Santo Amaro,Inativo Intransitável,*AV. INTERLAGOS
17-10-2018,Zona Sul,Santo Amaro,Inativo Transitável,*AV. ROQUE PETRONI JUNIOR
17-10-2018,Zona Sul,Santo Amaro,Inativo Intransitável,*AV. DAS. NACOES UNIDAS
17-10-2018,Zona Sul,Santo Amaro,Inativo Intransitável,*R. LAGUNA
17-10-2018,Zona Sul,Santo Amaro,Inativo Intransitável,*AV. CECILIA LOTTENBERG
17-10-2018,Zona Sul,Santo Amaro,Inativo Transitável,*AV. JOAO DIAS
17-10-2018,Zona Sudeste,Ipiranga,Inativo Intransitável,*AV. PROF ABRAAO DE MORAIS
17-10-2018,Zona Sudeste,Vila Mariana,Inativo Intransitável,AV. PROF. ABRAAO DE MORAIS
18-10-2018,Centro,Sé,Inativo Transitável,AV. S. JOAO
18-10-2018,Zona Oeste,Lapa,Inativo Transitável,PC. PASCOAL MARTINS
18-10-2018,Zona Oeste,Lapa,Inativo Transitável,AV. MARGINAL TIETE
18-10-2018,Zona Leste,Itaquera,Inativo Transitável,PC. MAIACA
19-10-2018,,,,
20-10-2018,,,,
21-10-2018,,,,
22-10-2018,,,,
23-10-2018,,,,
24-10-2018,Zona Norte,Santana,Inativo Transitável,AV. GAL. ATALIBA LEONEL
24-10-2018,Zona Norte,Santana,Inativo Transitável,VD. MERCURIO
24-10-2018,Zona Oeste,Lapa,Inativo Transitável,AV. ERMANO MARCHETTI
24-10-2018,Zona Leste,Itaquera,Inativo Transitável,AV. JACU PESSEGO N TRABALHADORES
24-10-2018,Zona Leste,Itaquera,Inativo Transitável,AV. JACU PESSEGO N TRABALHADORES
24-10-2018,Zona Leste,Mooca,Inativo Transitável,AV. RANGEL PESTANA
24-10-2018,Zona Leste,Mooca,Inativo Transitável,AV. DO. ESTADO
25-10-2018,Centro,Sé,Inativo Transitável,R. MIGUEL CARLOS
25-10-2018,Centro,Sé,Inativo Transitável,AV. SEN. QUEIROS
25-10-2018,Centro,Sé,Inativo Transitável,AV. DO ESTADO
25-10-2018,Centro,Sé,Inativo Transitável,AV. DO ESTADO
25-10-2018,Centro,Sé,Inativo Transitável,AV. SEN. QUEIROS
26-10-2018,,,,
27-10-2018,,,,
28-10-2018,,,,
29-10-2018,,,,
30-10-2018,,,,
31-10-2018,,,,
01-11-2018,,,,
02-11-2018,,,,
03-11-2018,,,,
04-11-2018,Centro,Sé,Inativo Transitável,AV. PRESTES MAIA
05-11-2018,Centro,Sé,Inativo Transitável,AV. PRESTES MAIA
05-11-2018,Centro,Sé,Inativo Transitável,AV. PRESTES MAIA
06-11-2018,Centro,Sé,Inativo Transitável,AV. SEN. QUEIROS
06-11-2018,Centro,Sé,Inativo Transitável,R. GAL COUTO DE MAGALHAES
07-11-2018,,,,
08-11-2018,,,,
09-11-2018,,,,
10-11-2018,,,,
11-11-2018,Zona Norte,Pirituba/Jaraguá,Inativo Transitável,AV. RAIMUNDO PEREIRA DE MAGALHAES
11-11-2018,Zona Leste,Penha,Inativo Intransitável,R. PROF. MARTIM DAMY
11-11-2018,Zona Leste,Penha,Inativo Transitável,AV. CD. DE. FRONTIN
12-11-2018,,,,
13-11-2018,,,,
14-11-2018,Zona Leste,Itaquera,Inativo Transitável,AV. ADRIANO BERTOZZI
15-11-2018,Zona Oeste,Butantã,Inativo Transitável,Av. Eng. Heitor Antônio Eiras García
16-11-2018,,,,
17-11-2018,,,,
18-11-2018,Zona Oeste,Butantã,Inativo Transitável,AV. MAGALHAES DE CASTRO
19-11-2018,Zona Norte,Vila Maria/ Vila Guilherme,Inativo Transitável,AV. MORVAN DIAS DE FIGUEIREDO
19-11-2018,Centro,Sé,Inativo Transitável,AV. DO ESTADO
19-11-2018,Centro,Sé,Inativo Transitável,AV. MERCURIO
19-11-2018,Centro,Sé,Inativo Transitável,AV. DO ESTADO
19-11-2018,Zona Oeste,Butantã,Inativo Transitável,AV. VITAL BRASIL
19-11-2018,Zona Oeste,Butantã,Inativo Transitável,AV. ENG BILLINGS
19-11-2018,Zona Oeste,Lapa,Inativo Transitável,MARGINAL PINHEIROS
19-11-2018,Zona Leste,Mooca,Inativo Transitável,AV. JOSE PINHEIRO BORGES
19-11-2018,Zona Leste,Mooca,Inativo Transitável,AV. JOSE PINHEIRO BORGES
19-11-2018,Zona Leste,Mooca,Inativo Transitável,MARGINAL TIETE
20-11-2018,Zona Oeste,Pinheiros,Inativo Transitável,R. ESTADOS UNIDOS
21-11-2018,,,,
22-11-2018,Zona Norte,Vila Maria/ Vila Guilherme,Inativo Intransitável,AV. EDU CHAVES
23-11-2018,Centro,Sé,Inativo Transitável,PC. DA. BANDEIRA
23-11-2018,Zona Leste,Vila Prudente,Inativo Intransitável,AV. PROF LUIZ IGNACIO ANHAIA MELLO
23-11-2018,Zona Leste,Vila Prudente,Inativo Transitável,AV. PROF. LUIZ IGNACIO ANHAIA MELLO
24-11-2018,Zona Oeste,Pinheiros,Inativo Transitável,R. ESTADOS UNIDOS
25-11-2018,Zona Norte,Pirituba/Jaraguá,Inativo Transitável,AV. RAIMUNDO PEREIRA DE MAGALHÃES
25-11-2018,Centro,Sé,Inativo Transitável,R. VINTE E CINCO DE MARCO
25-11-2018,Centro,Sé,Inativo Transitável,VD. DO. CHA
26-11-2018,,,,
27-11-2018,,,,
28-11-2018,,,,
29-11-2018,Centro,Sé,Inativo Transitável,AV. MERCURIO
29-11-2018,Zona Leste,Mooca,Inativo Intransitável,AV. CELSO GARCIA
29-11-2018,Zona Leste,São Mateus,Inativo Transitável,AV. SAPOPEMBA
29-11-2018,Zona Sul,Cidade Ademar,Inativo Intransitável,AV. INTERLAGOS
30-11-2018,Zona Norte,Vila Maria/ Vila Guilherme,Inativo Intransitável,AV. EDU CHAVES
30-11-2018,Zona Norte,Vila Maria/ Vila Guilherme,Inativo Transitável,AV. MORVAN DIAS DE FIGUEIREDO
30-11-2018,Centro,Sé,Inativo Transitável,R. PRES. BATISTA PEREIRA
30-11-2018,Zona Oeste,Lapa,Inativo Intransitável,PC. PASCOAL MARTINS
30-11-2018,Zona Oeste,Lapa,Inativo Intransitável,AV. DR. GASTAO VIDIGAL
30-11-2018,Zona Oeste,Lapa,Inativo Transitável,MARGINAL TIETE
30-11-2018,Zona Oeste,Lapa,Inativo Transitável,MARGINAL TIETE
30-11-2018,Zona Oeste,Lapa,Inativo Transitável,MARGINAL TIETE
30-11-2018,Zona Leste,Aricanduva/ Vila Formosa,Inativo Intransitável,AV. ARICANDUVA
30-11-2018,Zona Leste,Ermelino Matarazzo,Inativo Intransitável,R. MARIA LEOCADIA
30-11-2018,Zona Leste,Itaquera,Inativo Intransitável,RUA HARRY DANNEMBERG
30-11-2018,Zona Leste,Itaquera,Inativo Intransitável,R. CUNHA PORA
30-11-2018,Zona Leste,Itaim Paulista,Inativo Intransitável,R. MANUEL BARBALHO DE LIMA
30-11-2018,Zona Leste,Itaim Paulista,Inativo Transitável,RUA MANUEL BARBALHO DE LIMA
30-11-2018,Zona Leste,Mooca,Inativo Transitável,MARGINAL TIETE
30-11-2018,Zona Leste,Mooca,Inativo Transitável,AV. REG. FEIJO
30-11-2018,Zona Leste,Vila Prudente,Inativo Transitável,AV. JACINTO MENEZES PALHARES
30-11-2018,Zona Sul,Capela do Socorro,Inativo Transitável,Av. Teotônio Villela
30-11-2018,Zona Sudeste,Vila Mariana,Inativo Intransitável,PC. LEONOR KAUPA
30-11-2018,Zona Sudeste,Vila Mariana,Inativo Intransitável,AV. MIGUEL ESTEFNO
01-12-2018,Zona Norte,Casa Verde,Inativo Intransitável,MARGINAL TIETE
01-12-2018,Zona Norte,Casa Verde,Inativo Transitável,AV. ASSIS CHATEAUBRIAND
01-12-2018,Zona Norte,Casa Verde,Inativo Intransitável,MARGINAL TIETE
01-12-2018,Zona Norte,Casa Verde,Inativo Intransitável,R. BRAZELISA ALVES DE CARVALHO
01-12-2018,Zona Norte,Vila Maria/ Vila Guilherme,Inativo Intransitável,AV. SANATORIO
01-12-2018,Zona Norte,Vila Maria/ Vila Guilherme,Inativo Transitável,MARGINAL TIETE
01-12-2018,Zona Norte,Vila Maria/ Vila Guilherme,Inativo Intransitável,MARGINAL TIETE
01-12-2018,Zona Norte,Pirituba/Jaraguá,Inativo Transitável,AV. RAIMUNDO PEREIRA DE MAGALHAES
01-12-2018,Zona Norte,Pirituba/Jaraguá,Inativo Intransitável,R. SOLIMOES
01-12-2018,Zona Norte,Santana,Inativo Intransitável,MARGINAL TIETE
01-12-2018,Zona Norte,Santana,Inativo Intransitável,AV. ZAKI NARCHI
01-12-2018,Zona Norte,Santana,Inativo Intransitável,MARGINAL TIETE
01-12-2018,Zona Norte,Santana,Inativo Intransitável,AV. OLAVO FONTOURA
01-12-2018,Centro,Sé,Inativo Intransitável,MARGINAL TIETE
01-12-2018,Centro,Sé,Inativo Intransitável,MARGINAL TIETE
01-12-2018,Centro,Sé,Inativo Intransitável,R. ANDRIES BOTH
01-12-2018,Centro,Sé,Inativo Intransitável,AV. DR ABRAAO RIBEIRO
01-12-2018,Centro,Sé,Inativo Transitável,AV. PRES. CASTELO BRANCO
01-12-2018,Centro,Sé,Inativo Intransitável,MARGINAL PINHEIROS
01-12-2018,Centro,Sé,Inativo Transitável,MARGINAL TIETE
01-12-2018,Zona Oeste,Lapa,Inativo Transitável,MARGINAL TIETE
01-12-2018,Zona Oeste,Lapa,Inativo Transitável,AV. EMB MACEDO SOARES
01-12-2018,Zona Oeste,Lapa,Inativo Intransitável,MARGINAL TIETE
01-12-2018,Zona Oeste,Lapa,Inativo Intransitável,MARGINAL PINHEIROS
01-12-2018,Zona Oeste,Lapa,Inativo Transitável,AV. MARQ. DE. SAO VICENTE
01-12-2018,Zona Oeste,Lapa,Inativo Transitável,AV. ERMANO MARCHETTI
01-12-2018,Zona Oeste,Lapa,Inativo Intransitável,R. RICARDO CAVATTON
01-12-2018,Zona Oeste,Lapa,Inativo Intransitável,AV. ERMANO MARCHETTI
01-12-2018,Zona Oeste,Lapa,Inativo Transitável,AV. DR. GASTAO VIDIGAL
01-12-2018,Zona Oeste,Lapa,Inativo Transitável,AV. MOFARREJ
01-12-2018,Zona Oeste,Lapa,Inativo Transitável,AV. MOFARREJ
01-12-2018,Zona Oeste,Pinheiros,Inativo Transitável,AV. DAS. NACOES UNIDAS
01-12-2018,Zona Oeste,Pinheiros,Inativo Transitável,AV. DAS. NACOES UNIDAS
01-12-2018,Zona Oeste,Pinheiros,Inativo Intransitável,TN. DIRCE CAMARGO
01-12-2018,Zona Oeste,Pinheiros,Inativo Transitável,AV. DAS NACOES UNIDAS
01-12-2018,Zona Leste,Mooca,Inativo Intransitável,MARGINAL TIETE
01-12-2018,Zona Leste,Mooca,Inativo Intransitável,MARGINAL TIETE
01-12-2018,Zona Leste,Mooca,Inativo Transitável,AV. JOSE PINHEIRO BORGES
01-12-2018,Zona Leste,Penha,Inativo Transitável,AV. AYRTON PRETINI
02-12-2018,Zona Norte,Casa Verde,Inativo Transitável,AV. INAJAR DE SOUZA
02-12-2018,Zona Oeste,Pinheiros,Inativo Transitável,R. ESTADOS UNIDOS
03-12-2018,,,,
04-12-2018,Zona Leste,Itaquera,Inativo Transitável,AV. ADRIANO BERTOZZI
05-12-2018,,,,
06-12-2018,,,,
07-12-2018,,,,
08-12-2018,,,,
09-12-2018,,,,
10-12-2018,,,,
11-12-2018,,,,
12-12-2018,,,,
13-12-2018,Centro,Sé,Inativo Transitável,PC. DA. BANDEIRA
13-12-2018,Centro,Sé,Inativo Transitável,AV. MERCURIO
13-12-2018,Centro,Sé,Inativo Intransitável,AV. MERCURIO
13-12-2018,Zona Leste,Aricanduva/ Vila Formosa,Inativo Transitável,R. PINHALZINHO
13-12-2018,Zona Leste,Aricanduva/ Vila Formosa,Inativo Intransitável,R. CARLOS SILVA
13-12-2018,Zona Leste,Mooca,Inativo Transitável,AV. ALCANTARA MACHADO
13-12-2018,Zona Leste,Mooca,Inativo Transitável,AV. ALCANTARA MACHADO
13-12-2018,Zona Leste,Mooca,Inativo Intransitável,R. CADIRIRI
13-12-2018,Zona Leste,Penha,Inativo Intransitável,R. DR ASSIS RIBEIRO
13-12-2018,Zona Leste,Vila Prudente,Inativo Intransitável,R. BARÃO DE MONTE SANTO
13-12-2018,Zona Leste,Vila Prudente,Inativo Intransitável,R. JOSÉ ZAPPI
13-12-2018,Zona Sul,Capela do Socorro,Inativo Transitável,R. AUGUSTO FERREIRA DE MORAIS
13-12-2018,Zona Sul,Capela do Socorro,Inativo Transitável,LG. DO SOCORRO
13-12-2018,Zona Sul,M'Boi Mirim,Inativo Transitável,AV JOAO DIAS
13-12-2018,Zona Sul,M'Boi Mirim,Inativo Transitável,R. JAURU
13-12-2018,Zona Sul,Santo Amaro,Inativo Transitável,AV. ROQUE PETRONI JUNIOR
13-12-2018,Zona Sul,Santo Amaro,Inativo Intransitável,AV. DAS NACOES UNIDAS
13-12-2018,Zona Sudeste,Vila Mariana,Inativo Intransitável,AV. PROF ABRAAO DE MORAIS
14-12-2018,,,,
15-12-2018,,,,
16-12-2018,Zona Leste,Mooca,Inativo Transitável,MARGINAL TIETE CBAS CENTRAL (CASTELO BRANCO-AYRTON SENNA) (BARRA FUNDA)
17-12-2018,,,,
18-12-2018,Zona Norte,Perus,Inativo Intransitável,AV. RAIMUNDO PEREIRA DE MAGALHAES
18-12-2018,Zona Leste,Itaquera,Inativo Transitável,AV. JACU PESSEGO N TRABALHADORES
18-12-2018,Zona Leste,Mooca,Inativo Transitável,AV. JOSE PINHEIRO BORGES
18-12-2018,Zona Leste,Mooca,Inativo Transitável,AV. CELSO GARCIA
19-12-2018,Zona Norte,Perus,Inativo Intransitável,R. FIORELLI PECCICACCO
19-12-2018,Zona Norte,Perus,Inativo Intransitável,R. BERNARDO JOSE DE LORENA
19-12-2018,Centro,Sé,Inativo Transitável,PC. DA. BANDEIRA
19-12-2018,Centro,Sé,Inativo Transitável,AV. MERCURIO
19-12-2018,Centro,Sé,Inativo Transitável,AV. SEN. QUEIROS
19-12-2018,Centro,Sé,Inativo Transitável,AV. RIO BRANCO
19-12-2018,Centro,Sé,Inativo Transitável,AV. MERCURIO
19-12-2018,Zona Oeste,Butantã,Inativo Transitável,AV. VITAL BRASIL
19-12-2018,Zona Leste,Mooca,Inativo Transitável,AV. CELSO GARCIA
19-12-2018,Zona Leste,Mooca,Inativo Transitável,AV. CELSO GARCIA
19-12-2018,Zona Leste,Mooca,Inativo Transitável,AV. CELSO GARCIA
20-12-2018,Centro,Sé,Inativo Transitável,R. BR. DE. CAMPINAS
20-12-2018,Zona Oeste,Pinheiros,Inativo Transitável,R. ESTADOS UNIDOS
20-12-2018,Zona Oeste,Pinheiros,Inativo Transitável,R. ESTADOS UNIDOS
20-12-2018,Zona Sul,Santo Amaro,Inativo Intransitável,AV. DAS NACOES UNIDAS
21-12-2018,,,,
22-12-2018,,,,
23-12-2018,Zona Norte,Pirituba/Jaraguá,Inativo Transitável,AV. RAIMUNDO PEREIRA DE MAGALHAES
23-12-2018,Zona Sul,Campo Limpo,Inativo Transitável,ES. DE. ITAPECERICA
23-12-2018,Zona Sul,M'Boi Mirim,Inativo Transitável,AV. MARIA COELHO AGUIAR
23-12-2018,Zona Sul,Santo Amaro,Inativo Transitável,AV. DAS. NACOES UNIDAS
23-12-2018,Zona Sul,Santo Amaro,Inativo Intransitável,AV. DAS NACOES UNIDAS
23-12-2018,Zona Sul,Santo Amaro,Inativo Intransitável,AV. DAS NACOES UNIDAS
23-12-2018,Zona Sul,Santo Amaro,Inativo Transitável,PTE. JOAO DIAS
24-12-2018,Zona Norte,Pirituba/Jaraguá,Inativo Transitável,AV. RAIMUNDO PEREIRA DE MAGALHAES
24-12-2018,Zona Leste,Itaquera,Inativo Transitável,AV DO CONTORNO
24-12-2018,Zona Leste,Mooca,Inativo Transitável,AV. JOSE PINHEIRO BORGES
25-12-2018,Centro,Sé,Inativo Transitável,AV. SANTOS DUMONT
26-12-2018,Centro,Sé,Inativo Transitável,AV. SANTOS DUMONT
27-12-2018,,,,
28-12-2018,Zona Norte,Santana,Inativo Transitável,R. CEL. ANTONIO DE CARVALHO
28-12-2018,Zona Leste,Vila Prudente,Inativo Transitável,VD. GRANDE SAO PAULO
28-12-2018,Zona Leste,Vila Prudente,Inativo Transitável,AV. SALIM FARAH MALUF
29-12-2018,,,,
30-12-2018,,,,
31-12-2018,,,,
01-01-2019,Zona Norte,Perus,Inativo Intransitável,R. CRISPIM DO AMARAL
01-01-2019,Zona Norte,Perus,Inativo Intransitável,PÇ INACIO DIAS
01-01-2019,Zona Norte,Perus,Inativo Intransitável,RUA FRANCIS DE CASTELNAU
01-01-2019,Zona Norte,Perus,Inativo Intransitável,AV. RAIMUNDO PEREIRA DE MAGALHAES
01-01-2019,Centro,Sé,Inativo Intransitável,PC. DA BANDEIRA
01-01-2019,Zona Oeste,Pinheiros,Inativo Transitável,AV. DAS NACOES UNIDAS
01-01-2019,Zona Leste,Itaquera,Inativo Transitável,AV. JACU PESSEGO N TRABALHADORES
01-01-2019,Zona Leste,Itaquera,Inativo Transitável,AV. JACU PESSEGO N TRABALHADORES
01-01-2019,Zona Leste,Itaquera,Inativo Transitável,AV. JACU PESSEGO N TRABALHADORES
01-01-2019,Zona Leste,Itaim Paulista,Inativo Intransitável,RUA MANUEL BARBALHO DE LIMA
01-01-2019,Zona Leste,Itaim Paulista,Inativo Intransitável,RUA MANUEL BARBALHO DE LIMA
01-01-2019,Zona Leste,Mooca,Inativo Transitável,AV. SALIM FARAH MALUF
02-01-2019,Zona Leste,Itaquera,Inativo Transitável,AV. ADRIANO BERTOZZI
03-01-2019,Centro,Sé,Inativo Transitável,PC. DA. BANDEIRA
03-01-2019,Centro,Sé,Inativo Transitável,AV. VINTE E TRES DE MAIO (LIBERDADE)
03-01-2019,Centro,Sé,Inativo Transitável,TN. PAPA JOAO PAULO II (REPUBLICA)
03-01-2019,Centro,Sé,Inativo Intransitável,AV. PRES CASTELO BRANCO (BARRA FUNDA)
04-01-2019,Zona Norte,Vila Maria/ Vila Guilherme,Inativo Intransitável,R. CHICO PONTES
04-01-2019,Centro,Sé,Inativo Transitável,R. DA. CANTAREIRA
04-01-2019,Centro,Sé,Inativo Transitável,R. PAULA SOUSA
04-01-2019,Centro,Sé,Inativo Transitável,AV. MERCURIO
04-01-2019,Centro,Sé,Inativo Transitável,AV. SEN. QUEIROS
04-01-2019,Zona Oeste,Lapa,Inativo Transitável,PC. PASCOAL MARTINS
04-01-2019,Zona Oeste,Pinheiros,Inativo Transitável,MARGINAL PINHEIROS
04-01-2019,Zona Leste,Mooca,Inativo Transitável,MARGINAL TIETE
04-01-2019,Zona Leste,Mooca,Inativo Transitável,AV. CELSO GARCIA
04-01-2019,Zona Leste,Vila Prudente,Inativo Transitável,R.JOSÉ ZAPPI
04-01-2019,Zona Sul,Campo Limpo,Inativo Transitável,AV. MAGALHAES DE CASTRO
04-01-2019,Zona Sul,M'Boi Mirim,Inativo Transitável,PC. DOM. FRANCISCO DE SOUSA
04-01-2019,Zona Sul,Santo Amaro,Inativo Transitável,MARGINAL PINHEIROS
04-01-2019,Zona Sul,Santo Amaro,Inativo Transitável,AV. DAS NACOES UNIDAS
04-01-2019,Zona Sul,Santo Amaro,Inativo Transitável,AV. ROQUE PETRONI JUNIOR
04-01-2019,Zona Sudeste,Ipiranga,Inativo Intransitável,PÇ LEONOR KAUPA
04-01-2019,Zona Sudeste,Vila Mariana,Inativo Transitável,AV. PROF ABRAAO DE MORAIS
04-01-2019,Zona Sudeste,Vila Mariana,Inativo Transitável,AV. FAGUNDES FILHO
04-01-2019,Zona Sudeste,Vila Mariana,Inativo Transitável,AV. PROF ABRAAO DE MORAIS
05-01-2019,,,,
06-01-2019,Zona Norte,Jaçanã/ Tremembé,Inativo Intransitável,AV. EDU CHAVES
07-01-2019,,,,
08-01-2019,Centro,Sé,Inativo Intransitável,PÇ DA BANDEIRA
08-01-2019,Centro,Sé,Inativo Transitável,AV. RIO BRANCO
08-01-2019,Zona Leste,Mooca,Inativo Intransitável,AV. ARICANDUVA
08-01-2019,Zona Leste,Mooca,Inativo Intransitável,RUA BRESSER
08-01-2019,Zona Leste,Vila Prudente,Inativo Intransitável,AV. LUIZ INACIO DE ANHAIA MELO
08-01-2019,Zona Leste,Vila Prudente,Inativo Intransitável,AV. LUIZ INACIO DE ANHAIA MELO
08-01-2019,Zona Sudeste,Ipiranga,Inativo Transitável,AV. LACERDA FRANCO
08-01-2019,Zona Sudeste,Ipiranga,Inativo Intransitável,RUA DAS JUNTAS PROVISÓRIA
08-01-2019,Zona Sudeste,Ipiranga,Inativo Intransitável,AV TEREZA CRISTINA
09-01-2019,,,,
10-01-2019,Zona Oeste,Butantã,Inativo Transitável,PTE. OCTAVIO FRIAS DE OLIVEIRA
10-01-2019,Zona Oeste,Pinheiros,Inativo Transitável,AV. DAS. NACOES UNIDAS
10-01-2019,Zona Oeste,Pinheiros,Inativo Transitável,AV. DAS. NACOES UNIDAS
10-01-2019,Zona Sul,Santo Amaro,Inativo Intransitável,AV. JORN. ROBERTO MARINHO
10-01-2019,Zona Sul,Santo Amaro,Inativo Intransitável,AV. INTERLAGOS
10-01-2019,Zona Sudeste,Vila Mariana,Inativo Intransitável,AV. PROF ABRAAO DE MORAIS
10-01-2019,Zona Sudeste,Vila Mariana,Inativo Intransitável,AV. PROF ABRAAO DE MORAIS
11-01-2019,Zona Norte,Santana,Inativo Transitável,MARGINAL TIETE
11-01-2019,Zona Norte,Santana,Inativo Transitável,MARGINAL TIETE
11-01-2019,Zona Oeste,Pinheiros,Inativo Transitável,AL. SANTOS
11-01-2019,Zona Oeste,Pinheiros,Inativo Transitável,AV. CIDADE JARDIM
11-01-2019,Zona Sul,M'Boi Mirim,Inativo Intransitável,ES. M BOI MIRIM
12-01-2019,,,,
13-01-2019,Zona Sul,Parelheiros,Ativo Transitável,AV. SEN TEOTONIO VILELA
14-01-2019,Zona Leste,Aricanduva/ Vila Formosa,Inativo Intransitável,AV. ARICANDUVA
14-01-2019,Zona Leste,Itaquera,Inativo Intransitável,AV. ITAQUERA
14-01-2019,Zona Leste,Mooca,Inativo Transitável,AV. CELSO GARCIA
14-01-2019,Zona Sul,Cidade Ademar,Inativo Intransitável,AV. INTERLAGOS
14-01-2019,Zona Sul,Santo Amaro,Inativo Intransitável,AV. DAS. NACOES UNIDAS
14-01-2019,Zona Sudeste,Vila Mariana,Inativo Intransitável,AV. VINTE E TRES DE MAIO
15-01-2019,,,,
16-01-2019,Zona Leste,Penha,Inativo Transitável,AV. AIRTON PRETINI
17-01-2019,Zona Norte,Casa Verde,Inativo Transitável,MARGINAL TIETE
17-01-2019,Zona Norte,Casa Verde,Inativo Intransitável,AV. ANTONIO MUNHOZ BONILHA
17-01-2019,Zona Norte,Casa Verde,Inativo Intransitável,AV. NSRA. DO. O
17-01-2019,Zona Norte,Casa Verde,Inativo Transitável,AV. NSRA DO O
17-01-2019,Centro,Sé,Inativo Intransitável,R. MANOEL DUTRA
17-01-2019,Centro,Sé,Inativo Intransitável,PC. DA. BANDEIRA
17-01-2019,Centro,Sé,Inativo Transitável,AV. RIO BRANCO
17-01-2019,Centro,Sé,Inativo Intransitável,PC. QUATORZE BIS
17-01-2019,Zona Oeste,Butantã,Inativo Transitável,AV. VITAL BRASIL
17-01-2019,Zona Oeste,Lapa,Inativo Transitável,AV. SUMARE
17-01-2019,Zona Oeste,Lapa,Inativo Intransitável,AV. POMPEIA
17-01-2019,Zona Oeste,Lapa,Inativo Intransitável,R. BR DO BANANAL
17-01-2019,Zona Oeste,Lapa,Inativo Transitável,PC. PASCOAL MARTINS
17-01-2019,Zona Oeste,Lapa,Inativo Transitável,AV. MARQ DE SAO VICENTE
17-01-2019,Zona Oeste,Pinheiros,Inativo Transitável,TN. MAX FEFFER
17-01-2019,Zona Oeste,Pinheiros,Inativo Intransitável,R. HARMONIA
17-01-2019,Zona Oeste,Pinheiros,Inativo Intransitável,R. HENRIQUE SCHAUMANN
17-01-2019,Zona Oeste,Pinheiros,Inativo Transitável,PC. PAN-AMERICANA
17-01-2019,Zona Leste,Mooca,Inativo Transitável,AV. CELSO GARCIA
17-01-2019,Zona Leste,Penha,Inativo Transitável,MARGINAL TIETE
17-01-2019,Zona Sul,Santo Amaro,Inativo Transitável,AV. DAS NACOES UNIDAS
17-01-2019,Zona Sudeste,Vila Mariana,Inativo Intransitável,AV. VINTE E TRES DE MAIO
18-01-2019,Zona Sul,M'Boi Mirim,Inativo Transitável,AV. MARIA COELHO AGUIAR
18-01-2019,Zona Sul,Santo Amaro,Inativo Transitável,R. MIGUEL YUNES)
19-01-2019,Zona Oeste,Butantã,Inativo Intransitável,AV. PROF FRANCISCO MORATO
19-01-2019,Zona Oeste,Butantã,Inativo Intransitável,AV. JULES RIMET
19-01-2019,Zona Sul,Campo Limpo,Inativo Transitável,R. ALVES DOS SANTOS
19-01-2019,Zona Sudeste,Vila Mariana,Inativo Transitável,AV. VINTE E TRES DE MAIO
20-01-2019,Zona Norte,Vila Maria/ Vila Guilherme,Inativo Transitável,PTE. DO. TATUAPE DEP. RICARDO IZAR
20-01-2019,Zona Sudeste,Vila Mariana,Inativo Transitável,AV. PROF. ABRAAO DE MORAIS
21-01-2019,,,,
22-01-2019,Zona Norte,Santana,Inativo Transitável,AV. OLAVO FONTOURA
22-01-2019,Zona Norte,Santana,Inativo Transitável,R. COMEN JOAQUIM MONTEIRO
22-01-2019,Zona Norte,Santana,Inativo Intransitável,R. CEL. ANTONIO DE CARVALHO
22-01-2019,Zona Norte,Santana,Inativo Transitável,MARGINAL TIETE
22-01-2019,Centro,Sé,Inativo Transitável,R. PAULINO GUIMARÃES
22-01-2019,Centro,Sé,Inativo Transitável,R. MARIA PAULA
22-01-2019,Centro,Sé,Inativo Transitável,AV. MERCURIO
22-01-2019,Centro,Sé,Inativo Transitável,AV. S. JOAO
22-01-2019,Zona Oeste,Lapa,Inativo Transitável,R. SEN JOAQUIM RIBEIRO DO VALLE
22-01-2019,Zona Oeste,Pinheiros,Inativo Transitável,MARGINAL PINHEIROS
22-01-2019,Zona Oeste,Pinheiros,Inativo Transitável,R. GUARARAPES
22-01-2019,Zona Leste,Mooca,Inativo Transitável,MARGINAL TIETE
22-01-2019,Zona Sul,M'Boi Mirim,Inativo Transitável,AV. ENG. LUIZ CARLOS BERRINI
23-01-2019,Zona Norte,Perus,Inativo Intransitável,R. FRANCIS DE CASTELNAU
23-01-2019,Zona Norte,Perus,Inativo Transitável,PÇ. INACIO DIAS
24-01-2019,Zona Norte,Vila Maria/ Vila Guilherme,Inativo Intransitável,AV. AL ATALIBA LEONEL
24-01-2019,Zona Norte,Vila Maria/ Vila Guilherme,Inativo Transitável,AV. LUIZ DUMONT VILLARES
24-01-2019,Zona Norte,Perus,Inativo Intransitável,R. BERNARDO JOSE DE LORENA
24-01-2019,Centro,Sé,Inativo Transitável,AV. RIO BRANCO
24-01-2019,Centro,Sé,Inativo Intransitável,PC. DA BANDEIRA
24-01-2019,Centro,Sé,Inativo Transitável,AV. NOVE DE JULHO
24-01-2019,Centro,Sé,Inativo Intransitável,AV. PRES CASTELO BRANCO
24-01-2019,Centro,Sé,Inativo Transitável,PC. DA BANDEIRA
24-01-2019,Centro,Sé,Inativo Transitável,R. TEIXEIRA LEITE
24-01-2019,Centro,Sé,Inativo Transitável,AV. RIO BRANCO
24-01-2019,Centro,Sé,Inativo Intransitável,AV. SANTOS DUMONT
24-01-2019,Centro,Sé,Inativo Intransitável,R. TEIXEIRA LEITE
24-01-2019,Zona Oeste,Butantã,Inativo Intransitável,ROD. RAPOSO TAVARES
24-01-2019,Zona Oeste,Butantã,Inativo Intransitável,R. DOS PIEMONTESES
24-01-2019,Zona Oeste,Lapa,Inativo Transitável,AV. MARQ DE SÃO VICENTE
24-01-2019,Zona Oeste,Lapa,Inativo Transitável,AV. MARQ DE SAO VICENTE
24-01-2019,Zona Oeste,Lapa,Inativo Transitável,AV. POMPEIA
24-01-2019,Zona Oeste,Lapa,Inativo Transitável,AV. PRES CASTELO BRANCO
24-01-2019,Zona Leste,Mooca,Inativo Transitável,AV. ALCÂNTARA MACHADO
24-01-2019,Zona Leste,Mooca,Inativo Intransitável,AV. ALCANTARA MACHADO
24-01-2019,Zona Leste,Mooca,Inativo Transitável,AV. CELSO GARCIA
24-01-2019,Zona Sudeste,Ipiranga,Inativo Intransitável,R. PRES BATISTA PEREIRA
25-01-2019,Zona Norte,Perus,Inativo Intransitável,R. BERNARDO JOSE DE LORENA
25-01-2019,Zona Norte,Santana,Inativo Transitável,MARGINAL TIETE
25-01-2019,Centro,Sé,Inativo Transitável,AV. DO. ESTADO
25-01-2019,Centro,Sé,Inativo Transitável,AV. DO. ESTADO
25-01-2019,Zona Oeste,Lapa,Inativo Transitável,AV. DRA RUTH CARDOSO
25-01-2019,Zona Oeste,Pinheiros,Inativo Transitável,AV. RIO BRANCO
25-01-2019,Zona Leste,Penha,Inativo Intransitável,AV. AIRTON PRETINI
25-01-2019,Zona Leste,Vila Prudente,Inativo Transitável,AV. PROF. LUIZ IGNACIO ANHAIA MELLO
25-01-2019,Zona Sul,Santo Amaro,Inativo Transitável,AV. VER. JOSE DINIZ
25-01-2019,Zona Sul,Santo Amaro,Inativo Transitável,R. AMERICO BRASILIENSE
25-01-2019,Zona Sudeste,Vila Mariana,Inativo Intransitável,AV. ARATAS
25-01-2019,Zona Sudeste,Vila Mariana,Inativo Transitável,AV. IBIRAPUERA
26-01-2019,Zona Oeste,Butantã,Inativo Transitável,AV. MAGALHAES DE CASTRO
26-01-2019,Zona Oeste,Butantã,Inativo Transitável,MARGINAL PINHEIROS
26-01-2019,Zona Oeste,Lapa,Inativo Transitável,AV. ENG BILLINGS
26-01-2019,Zona Oeste,Lapa,Inativo Transitável,MARGINAL PINHEIROS
26-01-2019,Zona Oeste,Pinheiros,Inativo Transitável,AV. DOS BANDEIRANTES
26-01-2019,Zona Sul,Santo Amaro,Inativo Intransitável,AV. DAS NACOES UNIDAS
26-01-2019,Zona Sul,Santo Amaro,Inativo Intransitável,AV. ROQUE PETRONI JUNIOR
26-01-2019,Zona Sul,Santo Amaro,Inativo Transitável,AV. JORN. ROBERTO MARINHO
26-01-2019,Zona Sul,Santo Amaro,Inativo Intransitável,AV. SANTO AMARO
26-01-2019,Zona Sudeste,Vila Mariana,Inativo Transitável,AV. IBIRAPUERA
26-01-2019,Zona Sudeste,Vila Mariana,Inativo Intransitável,AV. ARATAS
26-01-2019,Zona Sudeste,Vila Mariana,Inativo Transitável,AV. DOS BANDEIRANTES
26-01-2019,Zona Sudeste,Vila Mariana,Inativo Intransitável,AV. IBIRAPUERA
26-01-2019,Zona Sudeste,Vila Mariana,Inativo Intransitável,AV. PROF ASCENDINO REIS
27-01-2019,,,,
28-01-2019,,,,
29-01-2019,Centro,Sé,Inativo Transitável,AV. S. JOAO
29-01-2019,Zona Leste,Mooca,Inativo Transitável,R. ASDRUBAL
30-01-2019,Zona Norte,Casa Verde,Inativo Intransitável,AV. NSRA DO O
30-01-2019,Zona Norte,Casa Verde,Inativo Transitável,AV. NSRA DO O
30-01-2019,Zona Norte,Casa Verde,Inativo Intransitável,MARGINAL TIETE
30-01-2019,Zona Norte,Casa Verde,Inativo Intransitável,AV. ANTONIO MUNHOZ BONILHA
30-01-2019,Zona Norte,Casa Verde,Inativo Intransitável,AV. BRAZ LEME
30-01-2019,Zona Norte,Casa Verde,Inativo Transitável,AV. OLAVO FONTOURA
30-01-2019,Zona Norte,Jaçanã/ Tremembé,Inativo Intransitável,AV. EDU CHAVES
30-01-2019,Zona Norte,Vila Maria/ Vila Guilherme,Inativo Transitável,AV. GAL ATALIBA LEONEL
30-01-2019,Zona Norte,Vila Maria/ Vila Guilherme,Inativo Transitável,AV. LUIZ DUMONT VILLARES
30-01-2019,Zona Norte,Santana,Inativo Intransitável,R. MANUEL TAVEIRA
30-01-2019,Zona Norte,Santana,Inativo Intransitável,R. DARZAN
30-01-2019,Zona Norte,Santana,Inativo Intransitável,R. ESTEFÂNIA LOURO
30-01-2019,Zona Norte,Santana,Inativo Intransitável,R. MAJ SAMPAIO
30-01-2019,Centro,Sé,Inativo Intransitável,R. DA. CANTAREIRA
30-01-2019,Centro,Sé,Inativo Intransitável,MARGINAL TIETE
30-01-2019,Centro,Sé,Inativo Intransitável,AV. RIO BRANCO
30-01-2019,Centro,Sé,Inativo Intransitável,AV. RIO BRANCO
30-01-2019,Centro,Sé,Inativo Transitável,AV. IPIRANGA
30-01-2019,Centro,Sé,Inativo Transitável,AV. SANTOS DUMONT
30-01-2019,Zona Oeste,Lapa,Inativo Intransitável,AV. MARQ DE SAO VICENTE
30-01-2019,Zona Oeste,Lapa,Inativo Transitável,R. TRAJANO
30-01-2019,Zona Oeste,Lapa,Inativo Transitável,R. CORIOLANO
30-01-2019,Zona Oeste,Lapa,Inativo Transitável,R. PALESTRA ITALIA
30-01-2019,Zona Oeste,Lapa,Inativo Intransitável,MARGINAL TIETE
30-01-2019,Zona Oeste,Lapa,Inativo Transitável,AV. ORDEM E PROGRESSO
31-01-2019,,,,
01-02-2019,,,,
02-02-2019,,,,
03-02-2019,,,,
04-02-2019,Zona Norte,Casa Verde,Inativo Transitável,MARGINAL TIETE
04-02-2019,Zona Norte,Vila Maria/ Vila Guilherme,Inativo Intransitável,R. CEL MARQUES RIBEIRO
04-02-2019,Zona Norte,Santana,Inativo Transitável,AV. MORVAN DIAS DE FIGUEIREDO
04-02-2019,Zona Norte,Santana,Inativo Intransitável,MARGINAL TIETE
04-02-2019,Centro,Sé,Inativo Transitável,R. PRES. COSTA PEREIRA
04-02-2019,Centro,Sé,Inativo Transitável,AV. SANTOS DUMONT
04-02-2019,Centro,Sé,Inativo Intransitável,AV. SANTOS DUMONT
04-02-2019,Centro,Sé,Inativo Transitável,AV. PRES CASTELO BRANCO
04-02-2019,Centro,Sé,Inativo Transitável,AV. SANTOS DUMONT
04-02-2019,Centro,Sé,Inativo Transitável,AV. RIO BRANCO
04-02-2019,Zona Oeste,Butantã,Inativo Transitável,AV. VITAL BRASIL
04-02-2019,Zona Oeste,Lapa,Inativo Transitável,R. BR. DO. BANANAL
04-02-2019,Zona Oeste,Lapa,Inativo Transitável,AV. IMP. LEOPOLDINA
04-02-2019,Zona Oeste,Lapa,Inativo Transitável,AV. IMP. LEOPOLDINA
04-02-2019,Zona Oeste,Pinheiros,Inativo Transitável,MARGINAL PINHEIROS
04-02-2019,Zona Oeste,Pinheiros,Inativo Transitável,AV. DAS NACOES UNIDAS
04-02-2019,Zona Leste,Itaquera,Inativo Transitável,AV. JACU PESSEGO N TRABALHADORES
04-02-2019,Zona Leste,Itaim Paulista,Inativo Transitável,RUA MANUEL BARBALHO DE LIMA
04-02-2019,Zona Leste,Mooca,Inativo Transitável,R. BRESSER
04-02-2019,Zona Leste,Mooca,Inativo Transitável,AV. ALCANTARA MACHADO
04-02-2019,Zona Leste,Mooca,Inativo Transitável,MARGINAL TIETE
04-02-2019,Zona Leste,Mooca,Inativo Transitável,AV. CELSO GARCIA
04-02-2019,Zona Leste,Penha,Inativo Transitável,R. DR LUIZ AYRES
04-02-2019,Zona Leste,Vila Prudente,Inativo Intransitável,R. FALCHI GIANINI
04-02-2019,Zona Leste,Vila Prudente,Inativo Transitável,AV. PROF LUIZ IGNACIO ANHAIA MELLO
04-02-2019,Zona Sul,Cidade Ademar,Inativo Intransitável,AV. INTERLAGOS
04-02-2019,Zona Sul,Cidade Ademar,Inativo Intransitável,AV. SEN TEOTONIO VILELA
04-02-2019,Zona Sul,Parelheiros,Inativo Intransitável,ES. ECOTURISTICA DE PARELHEIROS
04-02-2019,Zona Sul,Santo Amaro,Inativo Transitável,AV. VITOR MANZINI
04-02-2019,Zona Sul,Santo Amaro,Inativo Transitável,AV. STO. AMARO
04-02-2019,Zona Sul,Santo Amaro,Inativo Transitável,AV. VITOR MANZINI
04-02-2019,Zona Sul,Santo Amaro,Inativo Intransitável,AV. ROQUE PETRONI JUNIOR
04-02-2019,Zona Sul,Santo Amaro,Inativo Transitável,AV. DAS NACOES UNIDAS
04-02-2019,Zona Sul,Santo Amaro,Inativo Transitável,AV. INTERLAGOS
04-02-2019,Zona Sudeste,Ipiranga,Inativo Intransitável,R. RIBEIRO LACERDA
04-02-2019,Zona Sudeste,Vila Mariana,Inativo Transitável,AV. AFFONSO D'ESCRAGNOLLE TAUNAY
04-02-2019,Zona Sudeste,Vila Mariana,Inativo Intransitável,AV. PROF ABRAAO DE MORAIS
04-02-2019,Zona Sudeste,Vila Mariana,Inativo Transitável,VD. MIN. ALIOMAR BALEEIRO
05-02-2019,,,,
06-02-2019,Zona Norte,Vila Maria/ Vila Guilherme,Inativo Transitável,AV. EDUC PAULO FREIRE (VILA MARIA)
06-02-2019,Zona Norte,Pirituba/Jaraguá,Inativo Transitável,AV. RAIMUNDO PEREIRA DE MAGALHAES
06-02-2019,Zona Norte,Pirituba/Jaraguá,Inativo Transitável,AV. RAIMUNDO PEREIRA DE MAGALHAES
06-02-2019,Zona Norte,Perus,Inativo Transitável,AV. RAIMUNDO PEREIRA DE MAGALHAES
06-02-2019,Zona Norte,Perus,Inativo Transitável,R. BERNARDO JOSE DE LORENA
06-02-2019,Centro,Sé,Inativo Transitável,AV. SANTOS DUMONT
06-02-2019,Centro,Sé,Inativo Transitável,AV. DO ESTADO (BOM RETIRO)
06-02-2019,Centro,Sé,Inativo Transitável,AV. PRES CASTELO BRANCO (BARRA FUNDA)
06-02-2019,Centro,Sé,Inativo Transitável,R. GLICERIO
06-02-2019,Centro,Sé,Inativo Transitável,AV. PRES CASTELO BRANCO
06-02-2019,Centro,Sé,Inativo Transitável,AV. MERCURIO
06-02-2019,Zona Oeste,Lapa,Inativo Transitável,AV. IMP. LEOPOLDINA
06-02-2019,Zona Oeste,Lapa,Inativo Transitável,R. MONTE PASCAL
06-02-2019,Zona Oeste,Lapa,Inativo Transitável,AV. IMP. LEOPOLDINA
06-02-2019,Zona Oeste,Pinheiros,Inativo Transitável,AV. DAS NACOES UNIDAS (ALTO DE PINHEIROS)
06-02-2019,Zona Oeste,Pinheiros,Inativo Transitável,AV. DAS NACOES UNIDAS (ALTO DE PINHEIROS)
06-02-2019,Zona Oeste,Pinheiros,Inativo Transitável,R. FIORELLI PECCICACCO
06-02-2019,Zona Oeste,Pinheiros,Inativo Transitável,MARGINAL PINHEIROS
06-02-2019,Zona Oeste,Pinheiros,Inativo Transitável,AV. DAS NACOES UNIDAS
06-02-2019,Zona Oeste,Pinheiros,Inativo Transitável,AV. DAS. NACOES UNIDAS
06-02-2019,Zona Leste,Itaquera,Inativo Transitável,AV. JACU PESSEGO N TRABALHADORES (IGUATEMI)
06-02-2019,Zona Leste,Itaquera,Inativo Transitável,AV. DO. CONTORNO
06-02-2019,Zona Leste,Mooca,Inativo Transitável,AV. CELSO GARCIA
06-02-2019,Zona Leste,Mooca,Inativo Transitável,AV. CELSO GARCIA
06-02-2019,Zona Leste,Mooca,Inativo Transitável,AV. JACU PESSEGO N TRABALHADORES
06-02-2019,Zona Leste,Mooca,Inativo Transitável,R. GOMES CARDIM (BRAS)
06-02-2019,Zona Leste,Mooca,Inativo Transitável,AV. CELSO GARCIA (BELEM)
06-02-2019,Zona Leste,Mooca,Inativo Transitável,R. AGOSTINHO ALVES MARINHO
06-02-2019,Zona Leste,São Miguel Paulista,Inativo Transitável,R. TITE DE LEMOS
06-02-2019,Zona Leste,São Miguel Paulista,Inativo Intransitável,AV. BRAS DA ROCHA CARDOSO
06-02-2019,Zona Leste,São Miguel Paulista,Inativo Intransitável,R. RIO MANUEL ALVES
06-02-2019,Zona Leste,Penha,Inativo Transitável,R. PROF. MARTIM DAMY
06-02-2019,Zona Leste,Penha,Inativo Transitável,AV. CD. DE. FRONTIN
06-02-2019,Zona Leste,Penha,Inativo Transitável,R. DR LUIZ AYRES (ARTUR ALVIM)
06-02-2019,Zona Leste,São Mateus,Inativo Transitável,AV. AFONSO DE SAMPAIO E SOUSA
06-02-2019,Zona Sul,Cidade Ademar,Inativo Transitável,R. MIGUEL YUNES (CAMPO GRANDE)
06-02-2019,Zona Sul,Santo Amaro,Inativo Transitável,AC. A AV DAS NACOES UNIDAS (CAMPO GRANDE)
07-02-2019,Zona Oeste,Lapa,Inativo Intransitável,R. CARLOS SPERA
07-02-2019,Zona Leste,São Miguel Paulista,Inativo Intransitável,R. RIO MANUEL ALVES
08-02-2019,,,,
09-02-2019,,,,
10-02-2019,,,,
11-02-2019,,,,
12-02-2019,,,,
13-02-2019,Zona Oeste,Butantã,Inativo Transitável,AV. VITAL BRASIL
13-02-2019,Zona Leste,Mooca,Inativo Transitável,AV. CELSO GARCIA
13-02-2019,Zona Leste,Mooca,Inativo Transitável,AV. CELSO GARCIA
14-02-2019,,,,
15-02-2019,Zona Norte,Casa Verde,Inativo Transitável,AV. ANTONIO MUNHOZ BONILHA
15-02-2019,Centro,Sé,Inativo Intransitável,PC. DA BANDEIRA (REPUBLICA)
15-02-2019,Centro,Sé,Inativo Intransitável,PC. DA. BANDEIRA
15-02-2019,Zona Oeste,Lapa,Inativo Transitável,MARGINAL PINHEIROS INTCB (ALTO DE PINHEIROS)
15-02-2019,Zona Oeste,Lapa,Inativo Transitável,PC. PASCOAL MARTINS
15-02-2019,Zona Sul,Cidade Ademar,Inativo Intransitável,PÇ TUNEY ARANTES
15-02-2019,Zona Sul,Campo Limpo,Inativo Intransitável,RUA JOAQUIM NUNES TEIXEIRA
15-02-2019,Zona Sul,Capela do Socorro,Inativo Intransitável,LG. DO SOCORRO (SOCORRO)
15-02-2019,Zona Sul,M'Boi Mirim,Inativo Intransitável,AV. MARIA COELHO AGUIAR
15-02-2019,Zona Sul,Santo Amaro,Inativo Intransitável,AV. DAS NACOES UNIDAS (ALTO DE PINHEIROS)
15-02-2019,Zona Sul,Santo Amaro,Inativo Intransitável,AV. DAS NACOES UNIDAS (ALTO DE PINHEIROS)
15-02-2019,Zona Sul,Santo Amaro,Inativo Transitável,AV. ROQUE PETRONI JUNIOR
15-02-2019,Zona Sul,Santo Amaro,Inativo Intransitável,AV. VITOR MANZINI (SANTO AMARO)
15-02-2019,Zona Sul,Santo Amaro,Inativo Transitável,AV. ROQUE PETRONI JUNIOR (ITAIM BIBI)
15-02-2019,Zona Sul,Santo Amaro,Inativo Intransitável,AV. DAS NACOES UNIDAS (ALTO DE PINHEIROS)
15-02-2019,Zona Sul,Santo Amaro,Inativo Transitável,AV. STO AMARO (CAMPO BELO)
15-02-2019,Zona Sudeste,Ipiranga,Inativo Intransitável,AV. PROF ABRAAO DE MORAIS (CURSINO)
15-02-2019,Zona Sudeste,Vila Mariana,Inativo Intransitável,AV. RUBEM BERTA
16-02-2019,Zona Norte,Santana,Inativo Transitável,R. DARZAN
16-02-2019,Zona Norte,Santana,Inativo Intransitável,MARGINAL TIETE
16-02-2019,Zona Norte,Santana,Inativo Transitável,AV. CRUZEIRO DO SUL
16-02-2019,Centro,Sé,Inativo Transitável,AV. PRES CASTELO BRANCO (BARRA FUNDA)
16-02-2019,Centro,Sé,Inativo Transitável,AV. PRES. CASTELO BRANCO
16-02-2019,Centro,Sé,Inativo Intransitável,AV. PRES CASTELO BRANCO
16-02-2019,Centro,Sé,Inativo Intransitável,R. TEIXEIRA LEITE
16-02-2019,Centro,Sé,Inativo Intransitável,AV. MERCURIO
16-02-2019,Zona Oeste,Lapa,Inativo Transitável,AV. POMPEIA
16-02-2019,Zona Oeste,Lapa,Inativo Intransitável,PC. PASCOAL MARTINS
16-02-2019,Zona Oeste,Lapa,Inativo Transitável,AV. MARQ. DE. SAO VICENTE
16-02-2019,Zona Oeste,Lapa,Inativo Transitável,AV. EMB MACEDO SOARES
16-02-2019,Zona Oeste,Lapa,Inativo Transitável,AV. MOFARREJ
16-02-2019,Zona Oeste,Lapa,Inativo Transitável,MARGINAL TIETE CBAS CENTRAL
16-02-2019,Zona Oeste,Pinheiros,Inativo Transitável,AV. DAS. NACOES UNIDAS
16-02-2019,Zona Oeste,Pinheiros,Inativo Transitável,AV. BRASIL
16-02-2019,Zona Leste,Aricanduva/ Vila Formosa,Inativo Intransitável,AV. ARICANDUVA
16-02-2019,Zona Leste,Aricanduva/ Vila Formosa,Inativo Transitável,AV. ARICANDUVA
16-02-2019,Zona Leste,Aricanduva/ Vila Formosa,Inativo Transitável,AV. ARICANDUVA (ARICANDUVA)
16-02-2019,Zona Leste,Itaquera,Inativo Transitável,R. PDE. VIEGAS DE MENEZES
16-02-2019,Zona Leste,Itaquera,Inativo Intransitável,R. PDE VIEGAS DE MENEZES
16-02-2019,Zona Leste,Itaquera,Inativo Transitável,AV. ITAQUERA (CARRAO)
16-02-2019,Zona Leste,Mooca,Inativo Intransitável,AV. ALCANTARA MACHADO
16-02-2019,Zona Leste,Mooca,Inativo Intransitável,AV. CD. DE. FRONTIN
16-02-2019,Zona Leste,Mooca,Inativo Transitável,AV. ALCANTARA MACHADO
16-02-2019,Zona Leste,Penha,Inativo Intransitável,AV. AIRTON PRETINI
16-02-2019,Zona Leste,Vila Prudente,Inativo Intransitável,AV. PROF LUIZ IGNACIO ANHAIA MELLO
16-02-2019,Zona Leste,Vila Prudente,Inativo Intransitável,AV. PROF LUIZ IGNACIO ANHAIA MELLO
16-02-2019,Zona Leste,Vila Prudente,Inativo Intransitável,AV. PROF. LUIZ IGNACIO ANHAIA MELLO
16-02-2019,Zona Sudeste,Ipiranga,Inativo Transitável,AV. DO ESTADO
16-02-2019,Zona Sudeste,Vila Mariana,Inativo Intransitável,AV. VINTE E TRES DE MAIO
16-02-2019,Zona Sudeste,Vila Mariana,Inativo Transitável,AV. PROF ABRAAO DE MORAIS
16-02-2019,Zona Sudeste,Vila Mariana,Inativo Transitável,AV. PROF. ABRAAO DE MORAIS
17-02-2019,,,,
18-02-2019,,,,
19-02-2019,,,,
20-02-2019,Centro,Sé,Inativo Intransitável,PRAÇA 14 BIS
20-02-2019,Centro,Sé,Inativo Transitável,MARGINAL TIETÊ
20-02-2019,Centro,Sé,Inativo Intransitável,MARGINAL TIETÊ CBAS CENTRAL (BARRA FUNDA)
20-02-2019,Centro,Sé,Inativo Transitável,MARGINAL TIETÊ CBAS EXPRESSA (BARRA FUNDA)
20-02-2019,Centro,Sé,Inativo Intransitável,AVENIDA PRES BATISTA PEREIRA (CAMBUCI)
20-02-2019,Centro,Sé,Inativo Transitável,VEL PRES JOÃO GOULART
20-02-2019,Zona Leste,Aricanduva/ Vila Formosa,Inativo Intransitável,AVENIDA ARICANDUVA
20-02-2019,Zona Leste,Aricanduva/ Vila Formosa,Inativo Intransitável,AVENIDA ARICANDUVA
20-02-2019,Zona Leste,Itaquera,Inativo Intransitável,AVENIDA ITAQUERA
20-02-2019,Zona Leste,Mooca,Inativo Transitável,AVENIDA ALCANTARA MACHADO
20-02-2019,Zona Leste,Mooca,Inativo Intransitável,RUA DIANOPOLIS (MOOCA)
20-02-2019,Zona Leste,Vila Prudente,Inativo Intransitável,PÇ RUY ROXO (VILAPRUDENTE)
20-02-2019,Zona Leste,Vila Prudente,Inativo Intransitável,RUA JOSE ZAPPI (AGUA RASA)
20-02-2019,Zona Leste,Vila Prudente,Inativo Intransitável,RUA SÃO GOTARDO
20-02-2019,Zona Leste,Vila Prudente,Inativo Intransitável,AVENIDA JACINTO MENEZES PALHARES (SÃO LUCAS)
20-02-2019,Zona Leste,Vila Prudente,Inativo Intransitável,AV PROF LUIZ IGNACIO ANHAIA MELLO (SÃO LUCAS)
20-02-2019,Zona Leste,Vila Prudente,Inativo Intransitável,AVENIDA LUIZ INACIO DE ANHAIA MELO
20-02-2019,Zona Sudeste,Ipiranga,Inativo Intransitável,AVENIDA ABRAHÃO DE MORAES
20-02-2019,Zona Sudeste,Ipiranga,Inativo Intransitável,AVENIDA TERESA CRISTINA
20-02-2019,Zona Sudeste,Vila Mariana,Inativo Intransitável,AVENIDA 23 DE MAIO
20-02-2019,Zona Sudeste,Vila Mariana,Inativo Transitável,RUA MARACATINS
20-02-2019,Zona Sudeste,Vila Mariana,Inativo Intransitável,AVENIDA RUBEM BERTA
20-02-2019,Zona Sudeste,Vila Mariana,Inativo Transitável,AVENIDA REPUBLICA DO LIBANO (MOEMA)
21-02-2019,Zona Norte,Casa Verde,Inativo Transitável,MARGINAL TIETE(CASA VERDE)
21-02-2019,Zona Norte,Vila Maria/ Vila Guilherme,Inativo Intransitável,R. CEL. MARQUES RIBEIRO
21-02-2019,Centro,Sé,Inativo Transitável,PC. DA BANDEIRA (REPUBLICA)
21-02-2019,Centro,Sé,Inativo Transitável,AV. VINTE E TRES DE MAIO
21-02-2019,Centro,Sé,Inativo Transitável,AV. PRES CASTELO BRANCO (BARRA FUNDA)
21-02-2019,Centro,Sé,Inativo Intransitável,R. S PAULO (LIBERDADE)
21-02-2019,Centro,Sé,Inativo Transitável,R. JOAO TEODORO (BOM RETIRO)
21-02-2019,Centro,Sé,Inativo Transitável,AV. MERCURIO (SE)
21-02-2019,Centro,Sé,Inativo Transitável,AV. DO ESTADO (BOM RETIRO)
21-02-2019,Centro,Sé,Inativo Transitável,AV. DO. ESTADO
21-02-2019,Centro,Sé,Inativo Transitável,AV. DO. ESTADO
21-02-2019,Zona Oeste,Butantã,Inativo Intransitável,AV. PROF FRANCISCO MORATO
21-02-2019,Zona Oeste,Lapa,Inativo Transitável,AV. PRES CASTELO BRANCO
21-02-2019,Zona Oeste,Lapa,Inativo Intransitável,AV. JAGUARE
21-02-2019,Zona Oeste,Lapa,Inativo Intransitável,AV. DAS NACOES UNIDAS
21-02-2019,Zona Oeste,Lapa,Inativo Intransitável,AV. TORRES DE OLIVEIRA (JAGUARE)
21-02-2019,Zona Oeste,Lapa,Inativo Transitável,R. JEROAQUARA (LAPA)
21-02-2019,Zona Oeste,Lapa,Inativo Transitável,MARGINAL TIETE (CASA VERDE)
21-02-2019,Zona Oeste,Lapa,Inativo Transitável,AV. MOFARREJ (VILA LEOPOLDINA)
21-02-2019,Zona Oeste,Lapa,Inativo Intransitável,AV. POMPEIA (BARRA FUNDA)
21-02-2019,Zona Oeste,Lapa,Inativo Transitável,R. BR DO BANANAL (PERDIZES)
21-02-2019,Zona Oeste,Lapa,Inativo Transitável,AV. ENG BILLINGS (BUTANTA)
21-02-2019,Zona Oeste,Lapa,Inativo Transitável,PC. PASCOAL MARTINS
21-02-2019,Zona Oeste,Lapa,Inativo Intransitável,AV. QUEIROZ FILHO (VILA LEOPOLDINA)
21-02-2019,Zona Oeste,Pinheiros,Inativo Intransitável,AV. REBOUCAS (CONSOLACAO)
21-02-2019,Zona Oeste,Pinheiros,Inativo Intransitável,AV. BRASIL (JARDIM PAULISTA)
21-02-2019,Zona Oeste,Pinheiros,Inativo Transitável,AV. DAS NACOES UNIDAS (ALTO DE PINHEIROS)
21-02-2019,Zona Oeste,Pinheiros,Inativo Transitável,R. MANDURI
21-02-2019,Zona Oeste,Pinheiros,Inativo Intransitável,TN. DIRCE CAMARGO
21-02-2019,Zona Oeste,Pinheiros,Inativo Transitável,AV. BRIG. FARIA LIMA
21-02-2019,Zona Oeste,Pinheiros,Inativo Transitável,AV. DAS. NACOES UNIDAS
21-02-2019,Zona Leste,Aricanduva/ Vila Formosa,Inativo Transitável,R. PRES. BATISTA PEREIRA
21-02-2019,Zona Leste,Aricanduva/ Vila Formosa,Inativo Transitável,VD. ENG. ALBERTO BADRA
21-02-2019,Zona Leste,Aricanduva/ Vila Formosa,Inativo Transitável,AV. AIRTON PRETINI
21-02-2019,Zona Leste,Mooca,Inativo Transitável,AV. DO ESTADO (BOM RETIRO)
21-02-2019,Zona Leste,Mooca,Inativo Transitável,AV. CDSSA ELISABETH DE ROBIANO (BELEM)
21-02-2019,Zona Leste,Mooca,Inativo Transitável,AV. CELSO GARCIA
21-02-2019,Zona Leste,Mooca,Inativo Transitável,AV. CELSO GARCIA
21-02-2019,Zona Leste,Penha,Inativo Transitável,MARGINAL TIETE CBAS EXPRESSA (BARRA FUNDA)
21-02-2019,Zona Sul,Campo Limpo,Inativo Transitável,AV. ELLIS MAAS
21-02-2019,Zona Sul,Parelheiros,Inativo Intransitável,ES. ECOTURISTICA DE PARELHEIROS
21-02-2019,Zona Sul,Santo Amaro,Inativo Transitável,AV. DAS. NACOES UNIDAS
21-02-2019,Zona Sul,Santo Amaro,Inativo Transitável,AV. VITOR MANZINI (SANTO AMARO)
21-02-2019,Zona Sudeste,Vila Mariana,Inativo Intransitável,AV. VINTE E TRES DE MAIO (LIBERDADE)
22-02-2019,Zona Oeste,Lapa,Inativo Intransitável,R. DA. DESPEDIDA
22-02-2019,Zona Oeste,Lapa,Inativo Intransitável,AV. ELISIO CORDEIRO DE SIQUEIRA
22-02-2019,Zona Oeste,Lapa,Inativo Transitável,MARGINAL TIETE (CASA VERDE)
22-02-2019,Zona Oeste,Lapa,Inativo Transitável,R. DA DESPEDIDA (JAGUARA)
22-02-2019,Zona Oeste,Pinheiros,Inativo Transitável,AV. DAS NACOES UNIDAS (ALTO DE PINHEIROS)
22-02-2019,Zona Oeste,Pinheiros,Inativo Transitável,MARGINAL PINHEIROS INTCB (ALTO DE PINHEIROS)
22-02-2019,Zona Oeste,Pinheiros,Inativo Transitável,AV. DAS NACOES UNIDAS (ALTO DE PINHEIROS)
22-02-2019,Zona Oeste,Pinheiros,Inativo Intransitável,AV. DAS NACOES UNIDAS (ALTO DE PINHEIROS)
22-02-2019,Zona Oeste,Pinheiros,Inativo Transitável,AV. BRIG. FARIA LIMA
22-02-2019,Zona Leste,Mooca,Inativo Transitável,AV. SALIM FARAH MALUF
22-02-2019,Zona Leste,Penha,Inativo Transitável,AV. AIRTON PRETINI
23-02-2019,,,,
24-02-2019,Centro,Sé,Inativo Transitável,AV. RIO BRANCO (REPUBLICA)
25-02-2019,Zona Norte,Vila Maria/ Vila Guilherme,Inativo Intransitável,R. CEL. MARQUES RIBEIRO
25-02-2019,Zona Norte,Vila Maria/ Vila Guilherme,Inativo Transitável,AV. SANATORIO
25-02-2019,Zona Leste,Mooca,Inativo Transitável,MARGINAL TIETE CBAS CENTRAL (BARRA FUNDA)
25-02-2019,Zona Leste,Penha,Inativo Transitável,MARGINAL TIETE CBAS EXPRESSA
26-02-2019,Zona Norte,Casa Verde,Inativo Transitável,AV. INAJAR DE SOUZA
26-02-2019,Zona Norte,Casa Verde,Inativo Transitável,AV. OLAVO FONTOURA
26-02-2019,Zona Norte,Perus,Inativo Transitável,R. BERNARDO JOSE DE LORENA
26-02-2019,Zona Norte,Santana,Inativo Transitável,AV. CRUZEIRO DO SUL
26-02-2019,Centro,Sé,Inativo Transitável,AV. S. JOAO
26-02-2019,Centro,Sé,Inativo Intransitável,AV. NOVE DE JULHO
26-02-2019,Centro,Sé,Inativo Transitável,AV. RIO BRANCO
26-02-2019,Centro,Sé,Inativo Transitável,AV. MERCURIO
26-02-2019,Centro,Sé,Inativo Transitável,PC. DESEM. MARIO PIRES
26-02-2019,Centro,Sé,Inativo Transitável,AV. SANTOS DUMONT
26-02-2019,Centro,Sé,Inativo Transitável,AV. SANTOS DUMONT
26-02-2019,Zona Oeste,Butantã,Inativo Transitável,AV. MAGALHAES DE CASTRO
26-02-2019,Zona Oeste,Butantã,Inativo Transitável,AV. MAGALHAES DE CASTRO
26-02-2019,Zona Oeste,Butantã,Inativo Transitável,AV. MAGALHAES DE CASTRO
26-02-2019,Zona Oeste,Lapa,Inativo Transitável,PC. PASCOAL MARTINS
26-02-2019,Zona Oeste,Lapa,Inativo Transitável,MARGINAL TIETE
26-02-2019,Zona Oeste,Lapa,Inativo Transitável,R. DA DESPEDIDA
26-02-2019,Zona Oeste,Lapa,Inativo Transitável,PTE. DOS REMEDIOS-CARMEN F. NEVES
26-02-2019,Zona Oeste,Lapa,Inativo Intransitável,AV. ELISIO CORDEIRO DE SIQUEIRA
26-02-2019,Zona Oeste,Pinheiros,Inativo Transitável,AV. DAS NACOES UNIDAS (ALTO DE PINHEIROS)
26-02-2019,Zona Oeste,Pinheiros,Inativo Intransitável,AV. DAS NACOES UNIDAS
26-02-2019,Zona Oeste,Pinheiros,Inativo Intransitável,TN. MAX FEFFER (PINHEIROS)
26-02-2019,Zona Oeste,Pinheiros,Inativo Transitável,R. DA. DESPEDIDA
26-02-2019,Zona Oeste,Pinheiros,Inativo Transitável,MARGINAL PINHEIROS
26-02-2019,Zona Oeste,Pinheiros,Inativo Transitável,AV. DAS NACOES UNIDAS
26-02-2019,Zona Oeste,Pinheiros,Inativo Transitável,AV. DAS. NACOES UNIDAS
26-02-2019,Zona Oeste,Pinheiros,Inativo Transitável,AV. STO. AMARO
26-02-2019,Zona Leste,Aricanduva/ Vila Formosa,Inativo Transitável,AV. ARICANDUVA
26-02-2019,Zona Leste,Aricanduva/ Vila Formosa,Inativo Transitável,AV. ARICANDUVA
26-02-2019,Zona Leste,Itaquera,Inativo Transitável,AV. JACU PESSEGO N TRABALHADORES
26-02-2019,Zona Leste,Mooca,Inativo Transitável,AV. ALCANTARA MACHADO
26-02-2019,Zona Leste,Mooca,Inativo Transitável,AV. ALCANTARA MACHADO
26-02-2019,Zona Leste,Penha,Inativo Intransitável,AV. AIRTON PRETINI
26-02-2019,Zona Leste,Penha,Inativo Transitável,MARGINAL TIETE
26-02-2019,Zona Sul,Campo Limpo,Inativo Transitável,AV. MAGALHAES DE CASTRO
26-02-2019,Zona Sul,M'Boi Mirim,Inativo Transitável,AV. CARLOS CALDEIRA FILHO
26-02-2019,Zona Sul,Santo Amaro,Inativo Transitável,PC. DOM. FRANCISCO DE SOUSA
26-02-2019,Zona Sudeste,Ipiranga,Inativo Transitável,R. PRES. BATISTA PEREIRA
26-02-2019,Zona Sudeste,Ipiranga,Inativo Transitável,R. PRES BATISTA PEREIRA
26-02-2019,Zona Sudeste,Ipiranga,Inativo Transitável,ES. DO. ALVARENGA
26-02-2019,Zona Sudeste,Vila Mariana,Inativo Intransitável,AV. VINTE E TRES DE MAIO
27-02-2019,Zona Norte,Casa Verde,Inativo Intransitável,AV. ANTONIO MUNHOZ BONILHA
28-02-2019,Zona Norte,Casa Verde,Inativo Transitável,MARGINAL TIETE
28-02-2019,Centro,Sé,Inativo Transitável,AV. S. JOAO
28-02-2019,Zona Oeste,Pinheiros,Inativo Transitável,AV. DAS NACOES UNIDAS
28-02-2019,Zona Oeste,Pinheiros,Inativo Transitável,MARGINAL PINHEIROS
28-02-2019,Zona Oeste,Pinheiros,Inativo Transitável,MARGINAL PINHEIROS
28-02-2019,Zona Sul,Campo Limpo,Inativo Transitável,AV. MAGALHAES DE CASTRO
28-02-2019,Zona Sul,Santo Amaro,Inativo Transitável,MARGINAL PINHEIROS
01-03-2019,,,,
02-03-2019,Zona Norte,Casa Verde,Inativo Intransitável,MARGINAL TIETE ASCB EXPRESSA (CASA VERDE)
02-03-2019,Zona Norte,Casa Verde,Inativo Transitável,MARGINAL TIETE(CASA VERDE)
02-03-2019,Centro,Sé,Inativo Transitável,MARGINAL TIETE CBAS CENTRAL (BARRA FUNDA)
02-03-2019,Centro,Sé,Inativo Transitável,AV. PRES CASTELO BRANCO (BARRA FUNDA)
02-03-2019,Centro,Sé,Inativo Transitável,AV. RIO BRANCO (REPUBLICA)
02-03-2019,Centro,Sé,Inativo Intransitável,AV. NOVE DE JULHO (BELA VISTA)
02-03-2019,Centro,Sé,Inativo Transitável,TN. PAPA JOAO PAULO II (REPUBLICA)
02-03-2019,Centro,Sé,Inativo Intransitável,AV. VINTE E TRES DE MAIO
02-03-2019,Centro,Sé,Inativo Transitável,AV. RIO BRANCO
02-03-2019,Zona Oeste,Butantã,Inativo Intransitável,AV. MAGALHAES DE CASTRO (BUTANTA)
02-03-2019,Zona Oeste,Butantã,Inativo Transitável,AV. PROF. FRANCISCO MORATO
02-03-2019,Zona Oeste,Butantã,Inativo Transitável,AV. PROF. FRANCISCO MORATO
02-03-2019,Zona Oeste,Butantã,Inativo Transitável,AV. MIN. LAUDO FERREIRA DE CAMARGO
02-03-2019,Zona Oeste,Butantã,Inativo Intransitável,MARGINAL PINHEIROS CBINT (BUTANTA)
02-03-2019,Zona Oeste,Butantã,Inativo Transitável,AV. MAGALHAES DE CASTRO (BUTANTA)
02-03-2019,Zona Oeste,Butantã,Inativo Transitável,AV. MAGALHAES DE CASTRO (BUTANTA)
02-03-2019,Zona Oeste,Lapa,Inativo Intransitável,R. CLELIA (BARRA FUNDA)
02-03-2019,Zona Oeste,Lapa,Inativo Intransitável,R. JEROAQUARA (LAPA)
02-03-2019,Zona Oeste,Lapa,Inativo Intransitável,R. GUAICURUS (LAPA)
02-03-2019,Zona Oeste,Lapa,Inativo Intransitável,PC. PASCOAL MARTINS (BARRA FUNDA)
02-03-2019,Zona Oeste,Lapa,Inativo Intransitável,AV. POMPEIA (BARRA FUNDA)
02-03-2019,Zona Oeste,Lapa,Inativo Intransitável,R. VENANCIO AIRES (LAPA)
02-03-2019,Zona Oeste,Lapa,Inativo Transitável,AV. EMB MACEDO SOARES (BARRA FUNDA)
02-03-2019,Zona Oeste,Lapa,Inativo Intransitável,R. GUAICURUS (LAPA)
02-03-2019,Zona Oeste,Lapa,Inativo Intransitável,R. TRAJANO (LAPA)
02-03-2019,Zona Oeste,Pinheiros,Inativo Transitável,AV. DAS NACOES UNIDAS (ALTO DE PINHEIROS)
02-03-2019,Zona Oeste,Pinheiros,Inativo Transitável,AV. DAS NACOES UNIDAS (ALTO DE PINHEIROS)
02-03-2019,Zona Oeste,Pinheiros,Inativo Transitável,AV. DAS NACOES UNIDAS (ALTO DE PINHEIROS)
02-03-2019,Zona Oeste,Pinheiros,Inativo Intransitável,MARGINAL PINHEIROS INTCB (ALTO DE PINHEIROS)
02-03-2019,Zona Oeste,Pinheiros,Inativo Transitável,AV. BRIG FARIA LIMA (ITAIM BIBI)
02-03-2019,Zona Leste,Itaim Paulista,Inativo Transitável,RUA MANUEL BARBALHO DE LIMA
02-03-2019,Zona Leste,Mooca,Inativo Transitável,AV. SALIM FARAH MALUF
02-03-2019,Zona Leste,Sapopemba,Inativo Transitável,AV. PROF LUIZ IGNACIO ANHAIA MELLO (SAO LUCAS)
02-03-2019,Zona Sul,Campo Limpo,Inativo Intransitável,MARGINAL PINHEIROS (BUTANTA)
02-03-2019,Zona Sul,Santo Amaro,Inativo Transitável,MARGINAL PINHEIROS INTCB (ALTO DE PINHEIROS)
02-03-2019,Zona Sul,Santo Amaro,Inativo Intransitável,AV. DAS NACOES UNIDAS (ALTO DE PINHEIROS)
02-03-2019,Zona Sul,Santo Amaro,Inativo Transitável,AV. STO. AMARO
02-03-2019,Zona Sudeste,Vila Mariana,Inativo Intransitável,AV. VINTE E TRES DE MAIO (LIBERDADE)
03-03-2019,Zona Norte,Jaçanã/ Tremembé,Inativo Transitável,R. CAP. BUSSE
03-03-2019,Zona Leste,Aricanduva/ Vila Formosa,Inativo Intransitável,R. MANILHA (CARRAO)
03-03-2019,Zona Leste,Mooca,Inativo Intransitável,VD. BRESSER (BRAS)
03-03-2019,Zona Leste,Mooca,Inativo Transitável,MARGINAL TIETE CBAS EXPRESSA (BARRA FUNDA)
03-03-2019,Zona Leste,Penha,Inativo Transitável,R. MARIA CARLOTA (PENHA)
03-03-2019,Zona Leste,Penha,Inativo Intransitável,AV. S. MIGUEL
03-03-2019,Zona Sul,Santo Amaro,Inativo Transitável,AC. A AV DAS NACOES UNIDAS (CAMPO GRANDE)
03-03-2019,Zona Sudeste,Ipiranga,Inativo Intransitável,AV. PROF ABRAAO DE MORAIS (CURSINO)
03-03-2019,Zona Sudeste,Vila Mariana,Inativo Intransitável,AV. PROF ABRAAO DE MORAIS (CURSINO)
04-03-2019,Zona Sul,Capela do Socorro,Inativo Transitável,AV. JAIR RIBEIRO DA SILVA (CIDADE DUTRA)
04-03-2019,Zona Sul,Santo Amaro,Inativo Transitável,AC. A AV DAS NACOES UNIDAS (CAMPO GRANDE)
05-03-2019,Zona Norte,Vila Maria/ Vila Guilherme,Inativo Intransitável,AV. MORVAN DIAS DE FIGUEIREDO (PENHA)
05-03-2019,Centro,Sé,Inativo Transitável,R. VINTE E CINCO DE MARCO
05-03-2019,Centro,Sé,Inativo Transitável,AV. DO. ESTADO
05-03-2019,Centro,Sé,Inativo Transitável,AV. SEN. QUEIROS
05-03-2019,Centro,Sé,Inativo Transitável,AV. MERCURIO
05-03-2019,Centro,Sé,Inativo Intransitável,R. TEIXEIRA LEITE (LIBERDADE)
05-03-2019,Zona Oeste,Butantã,Inativo Intransitável,AV. JULES RIMET
05-03-2019,Zona Oeste,Pinheiros,Inativo Intransitável,AV. DAS NACOES UNIDAS (ALTO DE PINHEIROS)
05-03-2019,Zona Leste,Mooca,Inativo Transitável,AV. ALCANTARA MACHADO (BELEM)
05-03-2019,Zona Leste,Mooca,Inativo Transitável,AV. CDSSA ELISABETH DE ROBIANO (BELEM)
05-03-2019,Zona Leste,Mooca,Inativo Intransitável,AV. CELSO GARCIA (BELEM)
05-03-2019,Zona Sul,M'Boi Mirim,Inativo Intransitável,AV. VITOR MANZINI
06-03-2019,Zona Oeste,Butantã,Inativo Transitável,AV. VITAL BRASIL
06-03-2019,Zona Leste,Mooca,Inativo Transitável,AV. CDSSA. ELISABETH DE ROBIANO
06-03-2019,Zona Sul,Cidade Ademar,Inativo Intransitável,AV. EMERICO RICHTER
06-03-2019,Zona Sul,Cidade Ademar,Inativo Transitável,ES. DO. ALVARENGA
06-03-2019,Zona Sul,Cidade Ademar,Inativo Transitável,AV. EMERICO RICHTER
06-03-2019,Zona Sul,Cidade Ademar,Inativo Intransitável,AV. NSRA DE SABARA (CAMPO GRANDE)
06-03-2019,Zona Sul,Cidade Ademar,Inativo Intransitável,R. MIGUEL YUNES (CAMPO GRANDE)
06-03-2019,Zona Sul,Campo Limpo,Inativo Intransitável,R. JOAQUIM NUNES TEIXEIRA (VILA ANDRADE)
06-03-2019,Zona Sul,Campo Limpo,Inativo Transitável,ES. DO CAMPO LIMPO (CAMPO LIMPO)
06-03-2019,Zona Sul,Capela do Socorro,Inativo Intransitável,AV. GUARAPIRANGA (JARDIM SAO LUIS)
06-03-2019,Zona Sul,Capela do Socorro,Inativo Transitável,AV. GUARAPIRANGA (JARDIM SAO LUIS)
06-03-2019,Zona Sul,Capela do Socorro,Inativo Intransitável,AV. BELMIRA MARIN
06-03-2019,Zona Sul,Capela do Socorro,Inativo Intransitável,AV. SENADOR TEOTONIO VILELA
06-03-2019,Zona Sul,Capela do Socorro,Inativo Transitável,AV. ATLANTICA
06-03-2019,Zona Sul,M'Boi Mirim,Inativo Intransitável,ES. M BOI MIRIM (JARDIM ANGELA)
06-03-2019,Zona Sul,M'Boi Mirim,Inativo Intransitável,ES. M BOI MIRIM (JARDIM ANGELA)
06-03-2019,Zona Sul,M'Boi Mirim,Inativo Intransitável,AV. VITOR MANZINI
06-03-2019,Zona Sul,M'Boi Mirim,Inativo Intransitável,ES. M BOI MIRIM (JARDIM ANGELA)
06-03-2019,Zona Sul,Santo Amaro,Inativo Transitável,AV. WASHINGTON LUIS (CAMPO BELO)
06-03-2019,Zona Sul,Santo Amaro,Inativo Intransitável,R. JAIME DE OLIVEIRA SOUZA (CAMPO GRANDE)
06-03-2019,Zona Sul,Santo Amaro,Inativo Intransitável,AV. ROQUE PETRONI JUNIOR (ITAIM BIBI)
06-03-2019,Zona Sul,Santo Amaro,Inativo Intransitável,AV. DAS NACOES UNIDAS (ALTO DE PINHEIROS)
06-03-2019,Zona Sul,Santo Amaro,Inativo Intransitável,R. DR. JACQUES TUPINAMBA
07-03-2019,Zona Norte,Vila Maria/ Vila Guilherme,Inativo Intransitável,R. CEL. MARQUES RIBEIRO
07-03-2019,Zona Norte,Santana,Inativo Transitável,AV. OLAVO FONTOURA (CASA VERDE)
07-03-2019,Zona Norte,Santana,Inativo Transitável,AV. OLAVO FONTOURA
07-03-2019,Centro,Sé,Inativo Transitável,AV. RIO BRANCO
07-03-2019,Centro,Sé,Inativo Transitável,AV. MERCURIO
07-03-2019,Centro,Sé,Inativo Transitável,AV. MERCURIO
07-03-2019,Centro,Sé,Inativo Transitável,PC. DA. REPUBLICA
07-03-2019,Centro,Sé,Inativo Transitável,AV. RIO BRANCO
07-03-2019,Centro,Sé,Inativo Transitável,AV. RIO BRANCO
07-03-2019,Zona Leste,Mooca,Inativo Transitável,MARGINAL TIETE (BARRA FUNDA)
07-03-2019,Zona Leste,Vila Prudente,Inativo Transitável,AV. PROF LUIZ IGNACIO ANHAIA MELLO (SAO LUCAS)
07-03-2019,Zona Sul,Santo Amaro,Inativo Transitável,AV. DAS NACOES UNIDAS (ALTO DE PINHEIROS)
08-03-2019,,,,
09-03-2019,Zona Norte,Casa Verde,Inativo Transitável,AV. ANTONIO MUNHOZ BONILHA (LIMAO)
09-03-2019,Centro,Sé,Inativo Transitável,AV. PRES CASTELO BRANCO (BARRA FUNDA)
09-03-2019,Centro,Sé,Inativo Transitável,TN. PAPA JOAO PAULO II (REPUBLICA)
09-03-2019,Centro,Sé,Inativo Transitável,AV. PROF. FRANCISCO MORATO
09-03-2019,Centro,Sé,Inativo Transitável,VEL. PRES JOAO GOULART (BARRA FUNDA)
09-03-2019,Centro,Sé,Inativo Transitável,AV. RIO BRANCO (REPUBLICA)
09-03-2019,Centro,Sé,Inativo Transitável,AV. MERCURIO
09-03-2019,Zona Oeste,Butantã,Inativo Transitável,MARGINAL PINHEIROS CBINT (BUTANTA)
09-03-2019,Zona Oeste,Butantã,Inativo Transitável,AV. MAGALHÃES DE CASTRO
09-03-2019,Zona Oeste,Butantã,Inativo Transitável,AV. PROF FRANCISCO MORATO (BUTANTA)
09-03-2019,Zona Oeste,Butantã,Inativo Transitável,AV. PROF FRANCISCO MORATO (BUTANTA)
09-03-2019,Zona Oeste,Butantã,Inativo Transitável,AV. MAGALHAES DE CASTRO (BUTANTA)
09-03-2019,Zona Oeste,Lapa,Inativo Transitável,PC. PASCOAL MARTINS (BARRA FUNDA)
09-03-2019,Zona Oeste,Pinheiros,Inativo Transitável,TN. MAX FEFFER (PINHEIROS)
09-03-2019,Zona Oeste,Pinheiros,Inativo Transitável,MARGINAL PINHEIROS INTCB (ALTO DE PINHEIROS)
09-03-2019,Zona Oeste,Pinheiros,Inativo Transitável,AV. DAS NACOES UNIDAS (ALTO DE PINHEIROS)
09-03-2019,Zona Oeste,Pinheiros,Inativo Transitável,R. FUNCHAL (ITAIM BIBI)
09-03-2019,Zona Oeste,Pinheiros,Inativo Transitável,AV. DAS NACOES UNIDAS (ALTO DE PINHEIROS)
09-03-2019,Zona Oeste,Pinheiros,Inativo Transitável,TN. PRES. JANIO QUADROS
09-03-2019,Zona Oeste,Pinheiros,Inativo Transitável,AV. BRIG. FARIA LIMA
09-03-2019,Zona Leste,Mooca,Inativo Intransitável,AV. CELSO GARCIA
09-03-2019,Zona Sudeste,Vila Mariana,Inativo Transitável,R. BENTO DE ANDRADE
09-03-2019,Zona Sudeste,Vila Mariana,Inativo Transitável,AV. REPUBLICA DO LIBANO (MOEMA)
10-03-2019,Zona Norte,Santana,Inativo Intransitável,MARGINAL TIETE
10-03-2019,Centro,Sé,Inativo Transitável,PQ. ANHANGABAU (REPUBLICA)
10-03-2019,Centro,Sé,Inativo Transitável,VD. LESTE-OESTE
10-03-2019,Centro,Sé,Inativo Transitável,AV. DO ESTADO (BOM RETIRO)
10-03-2019,Centro,Sé,Inativo Intransitável,R. OTTO DE ALENCAR (CAMBUCI)
10-03-2019,Centro,Sé,Inativo Transitável,AV. PRES CASTELO BRANCO (BARRA FUNDA)
10-03-2019,Zona Oeste,Lapa,Inativo Transitável,MARGINAL TIETE
10-03-2019,Zona Oeste,Pinheiros,Inativo Transitável,R. HUNGRIA (PINHEIROS)
10-03-2019,Zona Leste,Aricanduva/ Vila Formosa,Inativo Transitável,R. TUMUCUMAQUE
10-03-2019,Zona Leste,Aricanduva/ Vila Formosa,Inativo Transitável,AV. ARICANDUVA
10-03-2019,Zona Leste,Itaquera,Inativo Transitável,AV. ARICANDUVA
10-03-2019,Zona Leste,Itaquera,Inativo Transitável,R. PDE. VIEGAS DE MENEZES
10-03-2019,Zona Leste,Itaquera,Inativo Transitável,AV. ITAQUERA (CARRAO)
10-03-2019,Zona Leste,Vila Prudente,Inativo Intransitável,AV.PROF LUIS IGNACIO DE ANHAIA MELO
10-03-2019,Zona Leste,Vila Prudente,Inativo Intransitável,AV. PROF LUIZ IGNACIO ANHAIA MELLO (SAO LUCAS)
10-03-2019,Zona Leste,Vila Prudente,Inativo Transitável,R. TROCARI
10-03-2019,Zona Sul,M'Boi Mirim,Inativo Transitável,AV. ROQUE PETRONI JUNIOR
10-03-2019,Zona Sul,Santo Amaro,Inativo Transitável,AV. ROQUE PETRONI JUNIOR
10-03-2019,Zona Sul,Santo Amaro,Inativo Transitável,AV. ROQUE PETRONI JUNIOR (ITAIM BIBI)
10-03-2019,Zona Sul,Santo Amaro,Inativo Transitável,AV. ROQUE PETRONI JUNIOR (ITAIM BIBI)
10-03-2019,Zona Sul,Santo Amaro,Inativo Transitável,AV. ROQUE PETRONI JUNIOR
10-03-2019,Zona Sudeste,Ipiranga,Inativo Intransitável,AV.ABRAÃO DE MORAIS
10-03-2019,Zona Sudeste,Ipiranga,Inativo Intransitável,AV.ABRAÃO DE MORAIS
10-03-2019,Zona Sudeste,Vila Mariana,Inativo Intransitável,AV. PROF ABRAAO DE MORAIS (CURSINO)
10-03-2019,Zona Sudeste,Vila Mariana,Inativo Intransitável,AV. PROF. ABRAAO DE MORAIS
11-03-2019,Zona Norte,Casa Verde,Inativo Transitável,MARGINAL TIETE
11-03-2019,Zona Norte,Casa Verde,Inativo Transitável,AV. OTAVIANO ALVES DE LIMA
11-03-2019,Zona Norte,Casa Verde,Inativo Intransitável,MARGINAL TIETE
11-03-2019,Zona Norte,Casa Verde,Inativo Transitável,MARGINAL TIETE
11-03-2019,Zona Norte,Vila Maria/ Vila Guilherme,Inativo Transitável,AV. MORVAN DIAS DE FIGUEIREDO
11-03-2019,Zona Norte,Pirituba/Jaraguá,Inativo Transitável,AV. RAIMUNDO PEREIRA DE MAGALHAES
11-03-2019,Zona Norte,Pirituba/Jaraguá,Inativo Transitável,AV. RAIMUNDO PEREIRA DE MAGALHAES
11-03-2019,Zona Norte,Santana,Inativo Transitável,AV. ZAKI NARCHI
11-03-2019,Zona Norte,Santana,Inativo Transitável,AV. OLAVO FONTOURA
11-03-2019,Zona Norte,Santana,Inativo Intransitável,AV. OLAVO FONTOURA
11-03-2019,Zona Norte,Santana,Inativo Intransitável,AV. OLAVO FONTOURA
11-03-2019,Centro,Sé,Inativo Intransitável,AV. DO ESTADO
11-03-2019,Centro,Sé,Inativo Intransitável,AV. PRES CASTELO BRANCO
11-03-2019,Centro,Sé,Inativo Transitável,R. TIBIRICA
11-03-2019,Centro,Sé,Inativo Intransitável,MARGINAL TIETE
11-03-2019,Centro,Sé,Inativo Intransitável,R. OSCAR HORTA
11-03-2019,Centro,Sé,Inativo Intransitável,R. SERGIO TOMAS
11-03-2019,Centro,Sé,Inativo Transitável,R. SERGIO TOMAS
11-03-2019,Centro,Sé,Inativo Intransitável,R. SERGIO TOMAS
11-03-2019,Centro,Sé,Inativo Transitável,R. VISC. DE. TAUNAY
11-03-2019,Centro,Sé,Inativo Intransitável,R. DOS AMERICANOS
11-03-2019,Centro,Sé,Inativo Intransitável,R. GERALDO BUONO
11-03-2019,Centro,Sé,Inativo Intransitável,R. SOLIMOES
11-03-2019,Centro,Sé,Inativo Intransitável,AV. DO ESTADO
11-03-2019,Centro,Sé,Inativo Intransitável,R. JAMES HOLLAND
11-03-2019,Centro,Sé,Inativo Intransitável,R. OTTO DE ALENCAR
11-03-2019,Zona Oeste,Butantã,Inativo Transitável,AV. LINEU DE PAULA MACHADO
11-03-2019,Zona Oeste,Lapa,Inativo Transitável,AV. DAS NACOES UNIDAS
11-03-2019,Zona Oeste,Lapa,Inativo Intransitável,MARGINAL TIETE
11-03-2019,Zona Oeste,Lapa,Inativo Transitável,MARGINAL TIETE
11-03-2019,Zona Oeste,Lapa,Inativo Transitável,AV. PRES CASTELO BRANCO
11-03-2019,Zona Oeste,Lapa,Inativo Transitável,MARGINAL PINHEIROS
11-03-2019,Zona Oeste,Lapa,Inativo Transitável,AV. ENG BILLINGS
11-03-2019,Zona Oeste,Lapa,Inativo Transitável,AV. PRES CASTELO BRANCO
11-03-2019,Zona Oeste,Lapa,Inativo Transitável,AV. EMB. MACEDO SOARES
11-03-2019,Zona Oeste,Lapa,Inativo Intransitável,AV. MARQ. DE SAO VICENTE
11-03-2019,Zona Oeste,Lapa,Inativo Intransitável,R. JOAQUIM MANUEL DE MACEDO
11-03-2019,Zona Oeste,Lapa,Inativo Intransitável,AV. MARQ. DE. SAO VICENTE
11-03-2019,Zona Oeste,Lapa,Inativo Transitável,AV. MOFARREJ
11-03-2019,Zona Oeste,Lapa,Inativo Intransitável,AV. DR. GASTAO VIDIGAL
11-03-2019,Zona Oeste,Lapa,Inativo Intransitável,AV. CARD SANTIAGO LUIZ COPELLO (VILA LEOPOLDINA)
11-03-2019,Zona Oeste,Pinheiros,Inativo Transitável,AV. DAS NACOES UNIDAS
11-03-2019,Zona Oeste,Pinheiros,Inativo Transitável,R. FUNCHAL
11-03-2019,Zona Oeste,Pinheiros,Inativo Transitável,AV. DAS NACOES UNIDAS
11-03-2019,Zona Oeste,Pinheiros,Inativo Intransitável,R. SOLIMOES
11-03-2019,Zona Oeste,Pinheiros,Inativo Transitável,AV. S. JOAO
11-03-2019,Zona Leste,Aricanduva/ Vila Formosa,Inativo Intransitável,AV. ARICANDUVA)
11-03-2019,Zona Leste,Itaquera,Inativo Transitável,R. AMERICO SALVADOR NOVELLI
11-03-2019,Zona Leste,Mooca,Inativo Intransitável,R. DR. MIGUEL PAULO CAPALBO
11-03-2019,Zona Leste,Vila Prudente,Inativo Intransitável,AV. PAES DE BARROS
11-03-2019,Zona Leste,Vila Prudente,Inativo Intransitável,AV. PROF. LUIZ IGNACIO ANHAIA MELLO
11-03-2019,Zona Leste,Vila Prudente,Inativo Intransitável,AV. PROF LUIZ IGNACIO ANHAIA MELLO
11-03-2019,Zona Leste,Vila Prudente,Inativo Intransitável,AV. HENRY FORD
11-03-2019,Zona Leste,Vila Prudente,Inativo Intransitável,AV. DR FRANCISCO MESQUITA
11-03-2019,Zona Leste,Vila Prudente,Inativo Intransitável,R. GUAMIRANGA
11-03-2019,Zona Leste,Vila Prudente,Inativo Transitável,R. IBITIRAMA
11-03-2019,Zona Sul,M'Boi Mirim,Inativo Intransitável,AV. ROQUE PETRONI JUNIOR
11-03-2019,Zona Sudeste,Ipiranga,Inativo Transitável,AV. DO ESTADO
12-03-2019,Zona Norte,Casa Verde,Inativo Intransitável,AVENIDA ENGENHEIRO CAETANO ALVARES
12-03-2019,Zona Norte,Casa Verde,Inativo Transitável,AV. ORDEM E PROGRESSO
12-03-2019,Zona Norte,Jaçanã/ Tremembé,Inativo Intransitável,AVENIDA EDU CHAVES
12-03-2019,Zona Norte,Santana,Inativo Transitável,AV. AGUA FRIA
12-03-2019,Zona Oeste,Butantã,Inativo Transitável,AV. MAGALHAES DE CASTRO (BUTANTA)
12-03-2019,Zona Oeste,Butantã,Inativo Transitável,AV. MAGALHAES DE CASTRO
12-03-2019,Zona Oeste,Lapa,Inativo Transitável,AV. PRES CASTELO BRANCO (BARRA FUNDA)
12-03-2019,Zona Oeste,Lapa,Inativo Transitável,AV. ORDEM E PROGRESSO
12-03-2019,Zona Leste,Guaianases,Inativo Intransitável,R. GETULINA (LAJEADO)
13-03-2019,,,,
14-03-2019,Zona Sul,Santo Amaro,Inativo Transitável,AV. STO AMARO (CAMPO BELO)
14-03-2019,Zona Sul,Santo Amaro,Inativo Transitável,AV. DAS. NACOES UNIDAS
14-03-2019,Zona Sul,Santo Amaro,Inativo Transitável,AV. DAS. NACOES UNIDAS
14-03-2019,Zona Sudeste,Vila Mariana,Inativo Transitável,AV. PROF ABRAAO DE MORAIS (CURSINO)
15-03-2019,,,,
16-03-2019,,,,
17-03-2019,Centro,Sé,Inativo Transitável,AV. S. JOAO
17-03-2019,Zona Oeste,Lapa,Inativo Transitável,MARGINAL TIETE CBAS EXPRESSA
17-03-2019,Zona Oeste,Lapa,Inativo Intransitável,AV. CORIFEU DE AZEVEDO MARQUES
17-03-2019,Zona Oeste,Lapa,Inativo Intransitável,R. TURIASSU
17-03-2019,Zona Leste,Itaquera,Inativo Transitável,AV. JOSE PINHEIRO BORGES
17-03-2019,Zona Sul,Cidade Ademar,Inativo Intransitável,AV. INTERLAGOS
17-03-2019,Zona Sul,Campo Limpo,Inativo Intransitável,R. JOAQUIM NUNES TEIXEIRA
17-03-2019,Zona Sul,Capela do Socorro,Inativo Intransitável,AV. GUARAPIRANGA
17-03-2019,Zona Sul,M'Boi Mirim,Inativo Intransitável,AV. JOAO DIAS
17-03-2019,Zona Sul,Parelheiros,Inativo Intransitável,ES. ECOTURISTICA DE PARELHEIROS
17-03-2019,Zona Sul,Santo Amaro,Inativo Intransitável,AV. VITOR MANZINI
17-03-2019,Zona Sul,Santo Amaro,Inativo Transitável,AV. DAS NACOES UNIDAS
18-03-2019,,,,
19-03-2019,Zona Norte,Pirituba/Jaraguá,Inativo Transitável,AV. RAIMUNDO PEREIRA DE MAGALHAES
19-03-2019,Centro,Sé,Inativo Transitável,AV. BRIG. LUIS ANTONIO
19-03-2019,Centro,Sé,Inativo Transitável,AV. VINTE E TRES DE MAIO (LIBERDADE)
19-03-2019,Centro,Sé,Inativo Transitável,R. CINCINATO BRAGA
19-03-2019,Zona Oeste,Lapa,Inativo Transitável,AV. OTAVIANO ALVES DE LIMA (CASA VERDE)
19-03-2019,Zona Oeste,Pinheiros,Inativo Transitável,AV. DAS. NACOES UNIDAS
19-03-2019,Zona Oeste,Pinheiros,Inativo Transitável,AV. DAS. NACOES UNIDAS
19-03-2019,Zona Leste,Mooca,Inativo Transitável,AV. CELSO GARCIA
20-03-2019,Centro,Sé,Inativo Transitável,AV. S. JOAO
20-03-2019,Zona Leste,Mooca,Inativo Transitável,AV. GUILHERME COTCHING
20-03-2019,Zona Sul,Cidade Ademar,Inativo Transitável,R. MIGUEL YUNES
21-03-2019,Zona Oeste,Pinheiros,Inativo Intransitável,AV. DAS NACOES UNIDAS
21-03-2019,Zona Oeste,Pinheiros,Inativo Intransitável,AV. DAS NACOES UNIDAS
21-03-2019,Zona Oeste,Pinheiros,Inativo Transitável,AV. DAS NACOES UNIDAS
21-03-2019,Zona Sul,Campo Limpo,Inativo Transitável,AV. MAGALHAES DE CASTRO
22-03-2019,,,,
23-03-2019,,,,
24-03-2019,,,,
25-03-2019,,,,
26-03-2019,,,,
27-03-2019,,,,
28-03-2019,Centro,Sé,Inativo Transitável,R. GAL. JULIO MARCONDES SALGADO
29-03-2019,,,,
30-03-2019,,,,
31-03-2019,,,,
01-04-2019,,,,
02-04-2019,,,,
03-04-2019,,,,
04-04-2019,,,,
05-04-2019,,,,
06-04-2019,Centro,Sé,Inativo Transitável,AV. RIO BRANCO (REPUBLICA)
06-04-2019,Centro,Sé,Inativo Transitável,AV. RIO BRANCO (REPUBLICA)
06-04-2019,Zona Oeste,Lapa,Inativo Intransitável,R. JEROAQUARA (LAPA)
06-04-2019,Zona Oeste,Lapa,Inativo Intransitável,R. GUAICURUS (LAPA)
06-04-2019,Zona Oeste,Lapa,Inativo Intransitável,AV. POMPEIA (BARRA FUNDA)
06-04-2019,Zona Oeste,Lapa,Inativo Transitável,AV. MARQ. DE. SAO VICENTE
06-04-2019,Zona Oeste,Lapa,Inativo Intransitável,AV. DAS. NACOES UNIDAS
06-04-2019,Zona Oeste,Lapa,Inativo Transitável,MARGINAL PINHEIROS CBINT (BUTANTA)
06-04-2019,Zona Oeste,Pinheiros,Inativo Transitável,AV. DAS NACOES UNIDAS (ALTO DE PINHEIROS)
06-04-2019,Zona Oeste,Pinheiros,Inativo Transitável,AV. DAS NACOES UNIDAS (ALTO DE PINHEIROS)
06-04-2019,Zona Leste,Aricanduva/ Vila Formosa,Inativo Transitável,AV. ARICANDUVA (ARICANDUVA)
06-04-2019,Zona Leste,Aricanduva/ Vila Formosa,Inativo Intransitável,AV. ARICANDUVA (ARICANDUVA)
06-04-2019,Zona Leste,Aricanduva/ Vila Formosa,Inativo Intransitável,R. MANILHA (CARRAO)
06-04-2019,Zona Leste,Mooca,Inativo Transitável,AV. SALIM FARAH MALUF
06-04-2019,Zona Leste,Vila Prudente,Inativo Transitável,AV. PROF LUIZ IGNACIO ANHAIA MELLO (SAO LUCAS)
06-04-2019,Zona Sudeste,Vila Mariana,Inativo Intransitável,AV. VINTE E TRES DE MAIO (LIBERDADE)
06-04-2019,Zona Sudeste,Vila Mariana,Inativo Transitável,R. SENA MADUREIRA (MOEMA)
06-04-2019,Zona Sudeste,Vila Mariana,Inativo Transitável,AV. ANTONIO J. DE MOURA ANDRADE
06-04-2019,Zona Sudeste,Vila Mariana,Inativo Transitável,CV. TRIBUNAL DE JUSTICA DO E. SP (ITAIM BIBI)
07-04-2019,Zona Norte,Jaçanã/ Tremembé,Inativo Intransitável,TRAV. FOZ DO TEJO
07-04-2019,Centro,Sé,Inativo Transitável,CV. TREVO DE TRINTA E DOIS (CEBOLAO)
07-04-2019,Zona Oeste,Lapa,Inativo Transitável,MARGINAL TIETE
07-04-2019,Zona Oeste,Lapa,Inativo Transitável,AV. OTAVIANO ALVES DE LIMA (CASA VERDE)
07-04-2019,Zona Oeste,Lapa,Inativo Transitável,PC. DR. PEDRO CORAZZA
07-04-2019,Zona Leste,Mooca,Inativo Transitável,MARGINAL TIETE
08-04-2019,Zona Norte,Casa Verde,Inativo Transitável,MARGINAL TIETE ASCB EXPRESSA (CASA VERDE)
08-04-2019,Zona Norte,Casa Verde,Inativo Transitável,AV. INAJAR DE SOUZA
08-04-2019,Centro,Sé,Inativo Transitável,AV. RIO BRANCO
08-04-2019,Centro,Sé,Inativo Transitável,AV. RIO BRANCO
08-04-2019,Centro,Sé,Inativo Transitável,AV. RIO BRANCO
08-04-2019,Zona Oeste,Pinheiros,Inativo Transitável,AV. DAS. NACOES UNIDAS
08-04-2019,Zona Leste,Mooca,Inativo Transitável,AV. CELSO GARCIA
08-04-2019,Zona Leste,Mooca,Inativo Transitável,AV. RANGEL PESTANA
08-04-2019,Zona Leste,Mooca,Inativo Transitável,AV. CELSO GARCIA
08-04-2019,Zona Leste,Mooca,Inativo Transitável,AV. CELSO GARCIA
08-04-2019,Zona Leste,Vila Prudente,Inativo Transitável,R. COSTA BARROS
08-04-2019,Zona Sul,M'Boi Mirim,Inativo Transitável,PC. ROBERTO GOMES PEDROSA
09-04-2019,Zona Norte,Casa Verde,Inativo Transitável,MARGINAL TIETE (CASA VERDE)
09-04-2019,Zona Norte,Pirituba/Jaraguá,Inativo Transitável,AV. RAIMUNDO PEREIRA DE MAGALHAES
09-04-2019,Zona Oeste,Butantã,Inativo Transitável,AV. MAGALHAES DE CASTRO (BUTANTA)
09-04-2019,Zona Oeste,Butantã,Inativo Transitável,PTE. OCTAVIO FRIAS DE OLIVEIRA (ITAIM BIBI)
09-04-2019,Zona Oeste,Pinheiros,Inativo Transitável,MARGINAL PINHEIROS (ALTO DE PINHEIROS)
09-04-2019,Zona Oeste,Pinheiros,Inativo Transitável,MARGINAL PINHEIROS (ALTO DE PINHEIROS)
09-04-2019,Zona Oeste,Pinheiros,Inativo Transitável,MARGINAL PINHEIROS INTCB (ALTO DE PINHEIROS)
09-04-2019,Zona Oeste,Pinheiros,Inativo Transitável,AV. DAS NACOES UNIDAS (ALTO DE PINHEIROS)
09-04-2019,Zona Oeste,Pinheiros,Inativo Intransitável,R. ESTADOS UNIDOS (JARDIM PAULISTA)
09-04-2019,Zona Leste,Mooca,Inativo Transitável,AV. CELSO GARCIA
09-04-2019,Zona Sul,Campo Limpo,Inativo Transitável,AV. MAGALHAES DE CASTRO (BUTANTA)
10-04-2019,Zona Oeste,Lapa,Inativo Transitável,AV. DR. GASTAO VIDIGAL
10-04-2019,Zona Leste,São Miguel Paulista,Inativo Intransitável,AV. BRAS DA ROCHA CARDOSO
11-04-2019,Centro,Sé,Inativo Transitável,R. AMARAL GURGEL
12-04-2019,,,,
13-04-2019,,,,
14-04-2019,Zona Oeste,Lapa,Inativo Transitável,MARGINAL TIETE
14-04-2019,Zona Oeste,Lapa,Inativo Transitável,MARGINAL TIETE
14-04-2019,Zona Leste,Mooca,Inativo Transitável,MARGINAL TIETE
14-04-2019,Zona Leste,Mooca,Inativo Transitável,AV. ALCANTARA MACHADO
14-04-2019,Zona Sul,Santo Amaro,Inativo Transitável,AV. DAS. NACOES UNIDAS
15-04-2019,,,,
16-04-2019,Zona Norte,Santana,Inativo Transitável,R. DARZAN
16-04-2019,Centro,Sé,Inativo Transitável,AV. SEN. QUEIROS
17-04-2019,,,,
18-04-2019,,,,
19-04-2019,,,,
20-04-2019,,,,
21-04-2019,,,,
22-04-2019,Centro,Sé,Inativo Transitável,R. BR. DE. DUPRAT
23-04-2019,Centro,Sé,Inativo Transitável,AV. SEN. QUEIROS
24-04-2019,,,,
25-04-2019,Centro,Sé,Inativo Transitável,R. BR. DE. DUPRAT
26-04-2019,Zona Norte,Casa Verde,Inativo Transitável,MARGINAL TIETE
26-04-2019,Centro,Sé,Inativo Transitável,VINTE E CINCO DE MARÇO
26-04-2019,Centro,Sé,Inativo Transitável,R. GLICÉRIO
26-04-2019,Centro,Sé,Inativo Transitável,R. S PAULO
26-04-2019,Centro,Sé,Inativo Transitável,AV. MERCÚRIO
26-04-2019,Centro,Sé,Inativo Transitável,R. DA CANTAREIRA
26-04-2019,Centro,Sé,Inativo Transitável,AV. RIO BRANCO
26-04-2019,Centro,Sé,Inativo Transitável,AV. MERCÚRIO
26-04-2019,Centro,Sé,Inativo Transitável,AV. MERCÚRIO
26-04-2019,Zona Oeste,Lapa,Inativo Transitável,MARGINAL TIETE
26-04-2019,Zona Leste,Mooca,Inativo Transitável,AV. ALCANTARA MACHADO
26-04-2019,Zona Leste,Mooca,Inativo Transitável,AV. CELSO GARCIA
26-04-2019,Zona Sudeste,Vila Mariana,Inativo Transitável,AV. VINTE E TRES DE MAIO
27-04-2019,,,,
28-04-2019,Centro,Sé,Inativo Transitável,TN ANHANGABAU
28-04-2019,Zona Oeste,Lapa,Inativo Transitável,R. MONTE PASCAL
28-04-2019,Zona Oeste,Pinheiros,Inativo Transitável,AV. DAS NACOES UNIDAS
28-04-2019,Zona Sul,Santo Amaro,Inativo Transitável,AV. INTERLAGOS
28-04-2019,Zona Sul,Santo Amaro,Inativo Transitável,AV. DAS NACOES UNIDAS
29-04-2019,Centro,Sé,Inativo Transitável,AV. MERCURIO
30-04-2019,,,,
01-05-2019,,,,
02-05-2019,,,,
03-05-2019,,,,
04-05-2019,,,,
05-05-2019,Zona Norte,Casa Verde,Inativo Intransitável,AV. ANTONIO MUNHOZ BONILHA
05-05-2019,Zona Norte,Casa Verde,Inativo Transitável,MARGINAL TIETE ASCB EXPRESSA
05-05-2019,Zona Norte,Casa Verde,Inativo Transitável,MARGINAL TIETE ASCB CENTRAL
05-05-2019,Zona Oeste,Lapa,Inativo Transitável,PC. PASCOAL MARTINS
06-05-2019,,,,
07-05-2019,,,,
08-05-2019,,,,
09-05-2019,,,,
10-05-2019,,,,
11-05-2019,,,,
12-05-2019,,,,
13-05-2019,,,,
14-05-2019,,,,
15-05-2019,,,,
16-05-2019,,,,
17-05-2019,,,,
18-05-2019,,,,
19-05-2019,Zona Leste,Aricanduva/ Vila Formosa,Inativo Intransitável,AV. ARICANDUVA
19-05-2019,Zona Leste,Aricanduva/ Vila Formosa,Inativo Intransitável,AV. ARICANDUVA
19-05-2019,Zona Leste,Aricanduva/ Vila Formosa,Inativo Intransitável,AV. ARICANDUVA
19-05-2019,Zona Leste,Aricanduva/ Vila Formosa,Inativo Intransitável,AV. ARICANDUVA
19-05-2019,Zona Leste,Mooca,Inativo Intransitável,AV. ARICANDUVA
20-05-2019,,,,
21-05-2019,,,,
22-05-2019,,,,
23-05-2019,,,,
24-05-2019,,,,
25-05-2019,,,,
26-05-2019,,,,
27-05-2019,,,,
28-05-2019,,,,
29-05-2019,,,,
30-05-2019,,,,
31-05-2019,,,,
01-06-2019,Zona Sul,Santo Amaro,Inativo Transitável,AV. DAS. NACOES UNIDAS
02-06-2019,Zona Norte,Santana,Inativo Transitável,AV. VINTE E TRES DE MAIO
02-06-2019,Zona Oeste,Pinheiros,Inativo Transitável,PT. BERNARDO GOLDFARB
02-06-2019,Zona Leste,Aricanduva/ Vila Formosa,Inativo Transitável,AV. ARICANDUVA (ARICANDUVA)
02-06-2019,Zona Leste,Itaquera,Inativo Transitável,AV. JACU PESSEGO N TRABALHADORES
02-06-2019,Zona Leste,Penha,Inativo Transitável,R. DR. LUIZ AYRES
02-06-2019,Zona Leste,São Mateus,Inativo Transitável,AV. AFONSO DE SAMPAIO E SOUSA (PARQUE DO CARMO)
02-06-2019,Zona Sul,Cidade Ademar,Inativo Transitável,AV. CUPECE
03-06-2019,Zona Norte,Casa Verde,Inativo Transitável,AV. INAJAR DE SOUZA
03-06-2019,Zona Norte,Pirituba/Jaraguá,Inativo Transitável,AV. ELISIO CORDEIRO DE SIQUEIRA
03-06-2019,Zona Norte,Pirituba/Jaraguá,Inativo Transitável,AV. RAIMUNDO PEREIRA DE MAGALHAES
03-06-2019,Centro,Sé,Inativo Transitável,R. BENTO FREITAS
03-06-2019,Centro,Sé,Inativo Transitável,R. BENTO FREITAS
03-06-2019,Centro,Sé,Inativo Transitável,AV. MERCURIO
03-06-2019,Centro,Sé,Inativo Transitável,AV. S. JOAO
03-06-2019,Centro,Sé,Inativo Transitável,AV. PACAEMBU
03-06-2019,Zona Oeste,Butantã,Inativo Transitável,PC. JORGE DE LIMA
03-06-2019,Zona Oeste,Lapa,Inativo Transitável,PC. DR. PEDRO CORAZZA
03-06-2019,Zona Oeste,Lapa,Inativo Transitável,R. ALBION
03-06-2019,Zona Oeste,Pinheiros,Inativo Transitável,AV. DAS NAÇÕES UNIDAS
03-06-2019,Zona Oeste,Pinheiros,Inativo Transitável,R. ESTADOS UNIDOS (JARDIM PAULISTA)
03-06-2019,Zona Oeste,Pinheiros,Inativo Transitável,AV. DAS NAÇÕES UNIDAS
03-06-2019,Zona Oeste,Pinheiros,Inativo Transitável,MARGINAL PINHEIROS(ALTO DE PINHEIROS)
03-06-2019,Zona Oeste,Pinheiros,Inativo Transitável,R. ESTADOS UNIDOS
03-06-2019,Zona Oeste,Pinheiros,Inativo Transitável,PT. BERNARDO GOLDFARB
03-06-2019,Zona Oeste,Pinheiros,Inativo Transitável,AV. STO. AMARO
03-06-2019,Zona Leste,Itaquera,Inativo Transitável,R. SABBADO D'ANGELO
03-06-2019,Zona Leste,Mooca,Inativo Transitável,AV. ALCANTARA MACHADO
03-06-2019,Zona Leste,Mooca,Inativo Transitável,R. ORIENTE
03-06-2019,Zona Leste,Mooca,Inativo Transitável,AV. RANGEL PESTANA
03-06-2019,Zona Leste,Mooca,Inativo Transitável,AV. CELSO GARCIA
04-06-2019,,,,
05-06-2019,,,,
06-06-2019,,,,
07-06-2019,,,,
08-06-2019,,,,
09-06-2019,,,,
10-06-2019,,,,
11-06-2019,,,,
12-06-2019,,,,
13-06-2019,,,,
14-06-2019,,,,
15-06-2019,,,,
16-06-2019,,,,
17-06-2019,,,,
18-06-2019,,,,
19-06-2019,,,,
20-06-2019,,,,
21-06-2019,,,,
22-06-2019,,,,
23-06-2019,,,,
24-06-2019,,,,
25-06-2019,,,,
26-06-2019,,,,
27-06-2019,,,,
28-06-2019,,,,
29-06-2019,,,,
30-06-2019,,,,
01-07-2019,,,,
02-07-2019,,,,
03-07-2019,,,,
04-07-2019,Zona Norte,Casa Verde,Inativo Transitável,MARGINAL TIETE ASCB EXPRESSA (CASA VERDE)
04-07-2019,Zona Norte,Casa Verde,Inativo Transitável,AV. INAJAR DE SOUZA
04-07-2019,Zona Norte,Vila Maria/ Vila Guilherme,Inativo Transitável,AV. MORVAN DIAS DE FIGUEIREDO (PENHA)
04-07-2019,Centro,Sé,Inativo Transitável,CV. TREVO DE TRINTA E DOIS (CEBOLÃO)
04-07-2019,Centro,Sé,Inativo Transitável,AV. DO ESTADO (BOM RETIRO)
04-07-2019,Centro,Sé,Inativo Transitável,AV. RIO BRANCO (REPUBLICA)
04-07-2019,Centro,Sé,Inativo Transitável,AV. SEN QUEIROS (REPUBLICA)
04-07-2019,Centro,Sé,Inativo Transitável,R. VINTE E CINCO DE MARCO
04-07-2019,Centro,Sé,Inativo Transitável,R. VINTE E CINCO DE MARCO
04-07-2019,Centro,Sé,Inativo Transitável,AV. MERCURIO
04-07-2019,Centro,Sé,Inativo Transitável,AV. MERCURIO
04-07-2019,Centro,Sé,Inativo Intransitável,AV. PRES CASTELO BRANCO
04-07-2019,Zona Oeste,Butantã,Inativo Transitável,MARGINAL PINHEIROS CBINT (BUTANTÃ)
04-07-2019,Zona Oeste,Lapa,Inativo Transitável,AV. DR. GASTAO VIDIGAL
04-07-2019,Zona Oeste,Pinheiros,Inativo Transitável,AV. DAS. NAÇÕES UNIDAS
04-07-2019,Zona Oeste,Pinheiros,Inativo Transitável,AV. DAS NAÇÕES UNIDAS
04-07-2019,Zona Leste,Aricanduva/ Vila Formosa,Inativo Transitável,AV. RAGUEB CHOHFI
04-07-2019,Zona Leste,Aricanduva/ Vila Formosa,Inativo Transitável,AV. ARICANDUVA
04-07-2019,Zona Leste,Aricanduva/ Vila Formosa,Inativo Transitável,AV. ARICANDUVA
04-07-2019,Zona Leste,Aricanduva/ Vila Formosa,Inativo Transitável,AV. ARICANDUVA (ARICANDUVA)
04-07-2019,Zona Leste,Itaquera,Inativo Transitável,AV. JACU PÊSSEGO N TRABALHADORES
04-07-2019,Zona Leste,Itaquera,Inativo Transitável,AV. JACU PESSEGO N TRABALHADORES (IGUATEMI)
04-07-2019,Zona Leste,Itaquera,Inativo Transitável,AV. JACU PESSEGO N TRABALHADORES
04-07-2019,Zona Leste,Mooca,Inativo Transitável,AV. ALCÂNTARA MACHADO
04-07-2019,Zona Leste,Mooca,Inativo Transitável,AV. CELSO GARCIA (BELEM)
04-07-2019,Zona Leste,Mooca,Inativo Transitável,AV. CELSO GARCIA (BELEM)
04-07-2019,Zona Leste,Mooca,Inativo Transitável,AV. SALIM FARAH MALUF
04-07-2019,Zona Leste,Mooca,Inativo Transitável,AV. SALIM FARAH MALUF (AGUA RASA)
04-07-2019,Zona Leste,Mooca,Inativo Transitável,AV. GUILHERME COTCHING
04-07-2019,Zona Leste,Mooca,Inativo Transitável,AV. GUILHERME COTCHING
04-07-2019,Zona Leste,Penha,Inativo Transitável,R. DR. LUIZ AYRES
04-07-2019,Zona Leste,Penha,Inativo Transitável,AV. ARICANDUVA
04-07-2019,Zona Sul,Cidade Ademar,Inativo Transitável,ES. DO. ALVARENGA
04-07-2019,Zona Sul,Santo Amaro,Inativo Transitável,AV. DAS NAÇÕES UNIDAS
04-07-2019,Zona Sul,Santo Amaro,Inativo Transitável,R. JOAO ALFREDO (SANTO AMARO)
04-07-2019,Zona Sudeste,Ipiranga,Inativo Transitável,ES. DO. ALVARENGA
05-07-2019,Zona Norte,Santana,Inativo Intransitável,MARGINAL TIETE
05-07-2019,Centro,Sé,Inativo Transitável,R. SOLIMOES
05-07-2019,Centro,Sé,Inativo Transitável,R. DOS. AMERICANOS
05-07-2019,Centro,Sé,Inativo Transitável,R. DOS. AMERICANOS
05-07-2019,Centro,Sé,Inativo Transitável,AV. MERCURIO
05-07-2019,Zona Oeste,Butantã,Inativo Transitável,AV. VITAL BRASIL
05-07-2019,Zona Oeste,Lapa,Inativo Transitável,AV. CARD SANTIAGO LUIZ COPELLO
05-07-2019,Zona Oeste,Lapa,Inativo Transitável,AV. ENG. ROBERTO ZUCCOLO
05-07-2019,Zona Oeste,Lapa,Inativo Transitável,AV. OTAVIANO ALVES DE LIMA
05-07-2019,Zona Oeste,Lapa,Inativo Transitável,AV. ENG ROBERTO ZUCCOLO
05-07-2019,Zona Oeste,Lapa,Inativo Transitável,AV. TORRES DE OLIVEIRA (JAGUARE)
05-07-2019,Zona Oeste,Lapa,Inativo Transitável,R. EMILIO GOELDI
05-07-2019,Zona Oeste,Pinheiros,Inativo Transitável,AV. DAS NACOES UNIDAS
05-07-2019,Zona Oeste,Pinheiros,Inativo Transitável,R. ESTADOS UNIDOS
05-07-2019,Zona Oeste,Pinheiros,Inativo Transitável,R. ESTADOS UNIDOS
05-07-2019,Zona Oeste,Pinheiros,Inativo Transitável,AV. NOVE DE JULHO
05-07-2019,Zona Oeste,Pinheiros,Inativo Transitável,AV. NOVE DE JULHO
05-07-2019,Zona Oeste,Pinheiros,Inativo Transitável,R. TURQUIA
05-07-2019,Zona Oeste,Pinheiros,Inativo Transitável,R. COLOMBIA
05-07-2019,Zona Oeste,Pinheiros,Inativo Transitável,R. ESTADOS UNIDOS
05-07-2019,Zona Leste,Mooca,Inativo Transitável,AV. SALIM FARAH MALUF
05-07-2019,Zona Sul,Campo Limpo,Inativo Transitável,MARGINAL PINHEIROS
06-07-2019,,,,
07-07-2019,,,,
08-07-2019,,,,
09-07-2019,,,,
10-07-2019,,,,
11-07-2019,,,,
12-07-2019,,,,
13-07-2019,,,,
14-07-2019,,,,
15-07-2019,,,,
16-07-2019,,,,
17-07-2019,,,,
18-07-2019,,,,
19-07-2019,,,,
20-07-2019,,,,
21-07-2019,,,,
22-07-2019,,,,
23-07-2019,,,,
24-07-2019,,,,
25-07-2019,,,,
26-07-2019,,,,
27-07-2019,,,,
28-07-2019,,,,
29-07-2019,,,,
30-07-2019,,,,
31-07-2019,,,,
01-08-2019,,,,
02-08-2019,,,,
03-08-2019,,,,
04-08-2019,,,,
05-08-2019,,,,
06-08-2019,,,,
07-08-2019,,,,
08-08-2019,,,,
09-08-2019,,,,
10-08-2019,,,,
11-08-2019,,,,
12-08-2019,,,,
13-08-2019,,,,
14-08-2019,,,,
15-08-2019,,,,
16-08-2019,,,,
17-08-2019,,,,
18-08-2019,,,,
19-08-2019,,,,
20-08-2019,,,,
21-08-2019,,,,
22-08-2019,,,,
23-08-2019,,,,
24-08-2019,,,,
25-08-2019,,,,
26-08-2019,,,,
27-08-2019,,,,
28-08-2019,,,,
29-08-2019,,,,
30-08-2019,,,,
31-08-2019,,,,
01-09-2019,Zona Norte,Casa Verde,Inativo Transitável,MARGINAL TIETE ASCB EXPRESSA (CASA VERDE)
01-09-2019,Zona Norte,Santana,Inativo Transitável,R. ANHAIA
01-09-2019,Centro,Sé,Inativo Transitável,AV. RIO BRANCO
01-09-2019,Zona Leste,Mooca,Inativo Transitável,AV. CRUZEIRO DO SUL
02-09-2019,Centro,Sé,Inativo Transitável,PC. DA. BANDEIRA
02-09-2019,Centro,Sé,Inativo Transitável,AV. MERCURIO (SE)
02-09-2019,Centro,Sé,Inativo Transitável,AV. MERCURIO
02-09-2019,Zona Oeste,Pinheiros,Inativo Transitável,AV. DAS NACOES UNIDAS (ALTO DE PINHEIROS)
02-09-2019,Zona Oeste,Pinheiros,Inativo Transitável,R. JAMES HOLLAND
03-09-2019,Zona Leste,Mooca,Inativo Transitável,AV. SALIM FARAH MALUF
04-09-2019,,,,
05-09-2019,Centro,Sé,Inativo Transitável,R. SEN. FEIJO
06-09-2019,,,,
07-09-2019,,,,
08-09-2019,,,,
09-09-2019,,,,
10-09-2019,,,,
11-09-2019,,,,
12-09-2019,,,,
13-09-2019,,,,
14-09-2019,,,,
15-09-2019,,,,
16-09-2019,,,,
17-09-2019,,,,
18-09-2019,,,,
19-09-2019,,,,
20-09-2019,,,,
21-09-2019,,,,
22-09-2019,,,,
23-09-2019,,,,
24-09-2019,,,,
25-09-2019,,,,
26-09-2019,,,,
27-09-2019,,,,
28-09-2019,,,,
29-09-2019,,,,
30-09-2019,,,,
01-10-2019,,,,
02-10-2019,,,,
03-10-2019,,,,
04-10-2019,,,,
05-10-2019,,,,
06-10-2019,,,,
07-10-2019,,,,
08-10-2019,,,,
09-10-2019,,,,
10-10-2019,,,,
11-10-2019,,,,
12-10-2019,,,,
13-10-2019,,,,
14-10-2019,,,,
15-10-2019,,,,
16-10-2019,,,,
17-10-2019,Zona Leste,Itaim Paulista,Inativo Intransitável,AV.DAS PONTES
17-10-2019,Zona Leste,Itaim Paulista,Inativo Intransitável,R. CAPACHÓS
18-10-2019,,,,
19-10-2019,,,,
20-10-2019,,,,
21-10-2019,,,,
22-10-2019,,,,
23-10-2019,,,,
24-10-2019,,,,
25-10-2019,,,,
26-10-2019,,,,
27-10-2019,,,,
28-10-2019,Zona Oeste,Butantã,Inativo Transitável,AV. DR GUILHERME DUMONT VILARES
28-10-2019,Zona Leste,Mooca,Inativo Transitável,AV. ALCANTARA MACHADO
28-10-2019,Zona Leste,Mooca,Inativo Transitável,AV. CELSO GARCIA
28-10-2019,Zona Leste,Mooca,Inativo Transitável,AV. GUILHERME COTCHING
28-10-2019,Zona Sul,Santo Amaro,Inativo Transitável,AV. MIGUEL YUNES
29-10-2019,,,,
30-10-2019,,,,
31-10-2019,,,,
01-11-2019,,,,
02-11-2019,,,,
03-11-2019,,,,
04-11-2019,,,,
05-11-2019,Zona Norte,Casa Verde,Inativo Transitável,AV. ANTONIO MUNHOZ BONILHA
05-11-2019,Zona Norte,Santana,Inativo Transitável,MARGINAL TIETE ASCB CENTRAL (CASA VERDE)
05-11-2019,Centro,Sé,Inativo Transitável,AV. MERCURIO (SE)
05-11-2019,Centro,Sé,Inativo Transitável,AV. PRES. CASTELO BRANCO
05-11-2019,Centro,Sé,Inativo Transitável,AV. VINTE E TRES DE MAIO (LIBERDADE)
05-11-2019,Centro,Sé,Inativo Intransitável,R. CAPISTRANO DE ABREU
05-11-2019,Centro,Sé,Inativo Transitável,AV. RIO BRANCO (REPUBLICA)
05-11-2019,Zona Oeste,Butantã,Inativo Transitável,AV. PROF FRANCISCO MORATO
05-11-2019,Zona Oeste,Butantã,Inativo Transitável,AV. PROF FRANCISCO MORATO (BUTANTA)
05-11-2019,Zona Oeste,Butantã,Inativo Transitável,AV. MAGALHAES DE CASTRO
05-11-2019,Zona Oeste,Lapa,Inativo Transitável,AV. POMPEIA
05-11-2019,Zona Oeste,Lapa,Inativo Transitável,PC. PASCOAL MARTINS
05-11-2019,Zona Oeste,Lapa,Inativo Intransitável,PC. PASCOAL MARTINS
05-11-2019,Zona Oeste,Lapa,Inativo Transitável,R. BR DO BANANAL (PERDIZES)
05-11-2019,Zona Oeste,Lapa,Inativo Transitável,AV. ELISIO CORDEIRO DE SIQUEIRA
05-11-2019,Zona Oeste,Pinheiros,Inativo Transitável,AV. REBOUCAS
05-11-2019,Zona Oeste,Pinheiros,Inativo Transitável,AV. DAS. NACOES UNIDAS
05-11-2019,Zona Leste,Aricanduva/ Vila Formosa,Inativo Intransitável,R. TUMUCUMAQUE (CARRAO)
05-11-2019,Zona Leste,Aricanduva/ Vila Formosa,Inativo Transitável,AV. ARICANDUVA
05-11-2019,Zona Leste,Itaquera,Inativo Intransitável,R. PDE. VIEGAS DE MENEZES
05-11-2019,Zona Leste,Mooca,Inativo Transitável,AV. ALCANTARA MACHADO
05-11-2019,Zona Leste,Mooca,Inativo Intransitável,AV. ALCANTARA MACHADO (BELEM)
05-11-2019,Zona Leste,Mooca,Inativo Transitável,AV. RANGEL PESTANA (BRAS)
05-11-2019,Zona Leste,Mooca,Inativo Intransitável,AV. RANGEL PESTANA (BRAS)
05-11-2019,Zona Leste,Mooca,Inativo Transitável,AV. SALIM FARAH MALUF
05-11-2019,Zona Leste,Penha,Inativo Transitável,AV. CD DE FRONTIN (CARRAO)
05-11-2019,Zona Leste,Vila Prudente,Inativo Intransitável,AV. PROF LUIZ IGNACIO ANHAIA MELLO (SAO LUCAS)
05-11-2019,Zona Sul,Campo Limpo,Inativo Transitável,AV. ELLIS MAAS (CAPAO REDONDO)
05-11-2019,Zona Sul,M'Boi Mirim,Inativo Transitável,AV. LUIZ GUSHIKEN
05-11-2019,Zona Sul,Santo Amaro,Inativo Transitável,AV. DAS. NACOES UNIDAS
05-11-2019,Zona Sul,Santo Amaro,Inativo Transitável,VD. PABL AUSTREGESILO DE ATHAYDE (CAMPO BELO)
05-11-2019,Zona Sudeste,Ipiranga,Inativo Transitável,R. PRES. BATISTA PEREIRA
05-11-2019,Zona Sudeste,Vila Mariana,Inativo Transitável,AV. DR. RICARDO JAFET
05-11-2019,Zona Sudeste,Vila Mariana,Inativo Intransitável,AV. PROF ABRAAO DE MORAIS (CURSINO)
05-11-2019,Zona Sudeste,Vila Mariana,Inativo Transitável,AV. PROF ABRAAO DE MORAIS (CURSINO)
05-11-2019,Zona Sudeste,Vila Mariana,Inativo Transitável,AV. PROF ABRAAO DE MORAIS (CURSINO)
06-11-2019,Centro,Sé,Inativo Transitável,MARGINAL TIETE ASCB EXPRESSA
06-11-2019,Centro,Sé,Inativo Transitável,VD. DO. CHA
06-11-2019,Zona Oeste,Lapa,Inativo Transitável,AV. MARQ. DE. SAO VICENTE
06-11-2019,Zona Oeste,Pinheiros,Inativo Transitável,AV. DAS. NACOES UNIDAS
06-11-2019,Zona Leste,Mooca,Inativo Transitável,AV. JOSE PINHEIRO BORGES
06-11-2019,Zona Leste,Mooca,Inativo Transitável,AV. SALIM FARAH MALUF
06-11-2019,Zona Sul,Santo Amaro,Inativo Transitável,AV. DAS. NACOES UNIDAS
07-11-2019,,,,
08-11-2019,,,,
09-11-2019,Centro,Sé,Inativo Transitável,R. PAULA SOUSA
10-11-2019,Centro,Sé,Inativo Transitável,AV. VINTE E TRES DE MAIO (LIBERDADE)
11-11-2019,,,,
12-11-2019,Centro,Sé,Inativo Transitável,AL. GLETE
12-11-2019,Centro,Sé,Inativo Transitável,AL. GLETE
13-11-2019,,,,
14-11-2019,Zona Norte,Casa Verde,Inativo Transitável,AV. ANTONIO MUNHOZ BONILHA
14-11-2019,Zona Norte,Pirituba/Jaraguá,Inativo Transitável,AV. RAIMUNDO PEREIRA DE MAGALHAES
14-11-2019,Centro,Sé,Inativo Transitável,AV. DO. ESTADO
14-11-2019,Zona Leste,Mooca,Inativo Transitável,VD. BRESSER
14-11-2019,Zona Leste,Mooca,Inativo Transitável,AV. SALIM FARAH MALUF
14-11-2019,Zona Leste,Mooca,Inativo Transitável,AV. SALIM FARAH MALUF
14-11-2019,Zona Sul,Santo Amaro,Inativo Transitável,R. JOAO ALFREDO (SANTO AMARO)
15-11-2019,Centro,Sé,Ativo Transitável,AV. MERCURIO
15-11-2019,Centro,Sé,Ativo Transitável,AV. S. JOAO
15-11-2019,Zona Leste,Mooca,Inativo Transitável,AV. SALIM FARAH MALUF
15-11-2019,Zona Sul,Campo Limpo,Ativo Transitável,AV. MAJ SYLVIO DE MAGALHAES PADILHA (JARDIM SAO LUIS)
15-11-2019,Zona Sul,Santo Amaro,Ativo Transitável,AV. WASHINGTON LUIS
15-11-2019,Zona Sul,Santo Amaro,Ativo Transitável,R. JOAO ALFREDO
15-11-2019,Zona Sul,Santo Amaro,Ativo Transitável,AV. JOAO DIAS
16-11-2019,,,,
17-11-2019,,,,
18-11-2019,,,,
19-11-2019,,,,
20-11-2019,,,,
21-11-2019,Zona Leste,Itaquera,Inativo Transitável,AV. JACU PESSEGO N TRABALHADORES
22-11-2019,Zona Oeste,Butantã,Inativo Transitável,MARGINAL PINHEIROS CBINT (BUTANTA)
22-11-2019,Zona Leste,Itaquera,Inativo Transitável,AV. JACU PESSEGO N TRABALHADORES
22-11-2019,Zona Leste,São Miguel Paulista,Inativo Transitável,R. ASDRUBAL
22-11-2019,Zona Leste,Vila Prudente,Inativo Transitável,AV. PROF LUIZ IGNACIO ANHAIA MELLO (SAO LUCAS)
23-11-2019,,,,
24-11-2019,,,,
25-11-2019,,,,
26-11-2019,,,,
27-11-2019,Zona Norte,Casa Verde,Inativo Transitável,AV. ANTONIO MUNHOZ BONILHA
27-11-2019,Centro,Sé,Inativo Transitável,AV. MERCURIO
27-11-2019,Zona Oeste,Butantã,Inativo Intransitável,AV. PROF FRANCISCO MORATO (BUTANTA)
27-11-2019,Zona Oeste,Butantã,Inativo Transitável,PC. ALFREDO GOMES (MORUMBI)
27-11-2019,Zona Oeste,Butantã,Inativo Transitável,PC. ALFREDO GOMES
27-11-2019,Zona Oeste,Butantã,Inativo Transitável,MARGINAL PINHEIROS CBINT
27-11-2019,Zona Oeste,Lapa,Inativo Intransitável,AV. ELISIO CORDEIRO DE SIQUEIRA (JAGUARA)
27-11-2019,Zona Oeste,Lapa,Inativo Transitável,AV. EMB. MACEDO SOARES
27-11-2019,Zona Oeste,Lapa,Inativo Transitável,AV. DAS. NACOES UNIDAS
27-11-2019,Zona Oeste,Pinheiros,Inativo Transitável,AV. SANTO AMARO (CAMPO BELO)
27-11-2019,Zona Oeste,Pinheiros,Inativo Transitável,AV. DAS NACOES UNIDAS
27-11-2019,Zona Leste,Aricanduva/ Vila Formosa,Inativo Transitável,AV. ARICANDUVA
27-11-2019,Zona Leste,Itaquera,Inativo Transitável,AV. JACU PESSEGO N TRABALHADORES
27-11-2019,Zona Leste,Mooca,Inativo Transitável,AV. SALIM FARAH MALUF
27-11-2019,Zona Leste,Mooca,Inativo Transitável,AV. SALIM FARAH MALUF
27-11-2019,Zona Sul,Santo Amaro,Inativo Transitável,R. JOAO ALFREDO (SANTO AMARO)
27-11-2019,Zona Sul,Santo Amaro,Inativo Transitável,AV. JORN ROBERTO MARINHO (CAMPO BELO)
27-11-2019,Zona Sudeste,Ipiranga,Inativo Transitável,R. PRES. BATISTA PEREIRA
27-11-2019,Zona Sudeste,Vila Mariana,Inativo Transitável,AV. PROF ABRAAO DE MORAIS (CURSINO)
27-11-2019,Zona Sudeste,Vila Mariana,Inativo Transitável,R. GAL CHAGAS SANTOS (CURSINO)
27-11-2019,Zona Sudeste,Vila Mariana,Inativo Transitável,AV. DR RICARDO JAFET (IPIRANGA)
27-11-2019,Zona Sudeste,Vila Mariana,Inativo Intransitável,AV. PROF ABRAAO DE MORAIS (CURSINO)
28-11-2019,Centro,Sé,Inativo Transitável,AV. MERCURIO
28-11-2019,Centro,Sé,Inativo Transitável,AL. GLETE
28-11-2019,Centro,Sé,Inativo Transitável,AL. BR. DE. PIRACICABA
28-11-2019,Zona Oeste,Lapa,Inativo Transitável,R. PALESTRA ITALIA (BARRA FUNDA)
28-11-2019,Zona Oeste,Lapa,Inativo Transitável,AV. MARQ. DE. SAO VICENTE
28-11-2019,Zona Leste,Mooca,Inativo Transitável,AV. ALCANTARA MACHADO
28-11-2019,Zona Leste,Mooca,Inativo Transitável,AV. SALIM FARAH MALUF
28-11-2019,Zona Leste,Mooca,Inativo Transitável,AV. DO. CONTORNO
29-11-2019,,,,
30-11-2019,Zona Leste,Aricanduva/ Vila Formosa,Inativo Transitável,AV. ARICANDUVA (ARICANDUVA)
01-12-2019,,,,
02-12-2019,,,,
03-12-2019,,,,
04-12-2019,Zona Leste,Itaim Paulista,Inativo Transitável,AV. BRAS DA ROCHA CARDOSO
05-12-2019,Centro,Sé,Inativo Transitável,AV. MERCURIO
05-12-2019,Zona Oeste,Lapa,Inativo Intransitável,AV. CANDIDO PORTINARI (JAGUARA)
05-12-2019,Zona Oeste,Lapa,Inativo Transitável,AV. POMPEIA (BARRA FUNDA)
05-12-2019,Zona Leste,Mooca,Inativo Transitável,AV. CELSO GARCIA (BELEM)
05-12-2019,Zona Sul,Campo Limpo,Inativo Transitável,MARGINAL PINHEIROS CBINT (BUTANTA)
06-12-2019,,,,
07-12-2019,,,,
08-12-2019,,,,
09-12-2019,Zona Norte,Casa Verde,Inativo Transitável,AV. ANTONIO MUNHOZ BONILHA
09-12-2019,Zona Norte,Perus,Inativo Intransitável,R. BERNARDO JOSÉ DE LORENA
09-12-2019,Centro,Sé,Inativo Transitável,R. DR. BETTENCOURT RODRIGUES
09-12-2019,Zona Oeste,Lapa,Inativo Intransitável,AV. CANDIDO PORTINARI
09-12-2019,Zona Oeste,Lapa,Inativo Intransitável,AV. MARQ. DE. SAO VICENTE
09-12-2019,Zona Oeste,Lapa,Inativo Transitável,PC. PASCOAL MARTINS
09-12-2019,Zona Oeste,Lapa,Inativo Transitável,AV. EMB MACEDO SOARES
09-12-2019,Zona Oeste,Lapa,Inativo Transitável,AV. ENG BILLINGS
09-12-2019,Zona Oeste,Pinheiros,Inativo Transitável,R. JOAO MOURA
09-12-2019,Zona Oeste,Pinheiros,Inativo Transitável,AV. DAS NACOES UNIDAS
09-12-2019,Zona Oeste,Pinheiros,Inativo Transitável,AV. DAS NACOES UNIDAS
09-12-2019,Zona Leste,Itaquera,Inativo Transitável,AV. JACU PESSEGO N TRABALHADORES
09-12-2019,Zona Leste,Itaquera,Inativo Transitável,AV. JACU PESSEGO N TRABALHADORES
09-12-2019,Zona Sul,Santo Amaro,Inativo Transitável,AV. NSRA. DE. SABARA
10-12-2019,Zona Norte,Casa Verde,Inativo Intransitável,AV. ANTONIO MUNHOZ BONILHA
10-12-2019,Zona Norte,Jaçanã/ Tremembé,Inativo Intransitável,AV. EDU CHAVES
10-12-2019,Zona Norte,Vila Maria/ Vila Guilherme,Inativo Intransitável,R. CEL. MARQUES RIBEIRO
10-12-2019,Zona Norte,Pirituba/Jaraguá,Inativo Intransitável,AV. ELISIO CORDEIRO DE SIQUEIRA (JAGUARA)
10-12-2019,Zona Norte,Perus,Inativo Intransitável,R. FIORELLI PECCICACCO
10-12-2019,Centro,Sé,Inativo Transitável,R. GLICERIO
10-12-2019,Centro,Sé,Inativo Intransitável,R. DA CANTAREIRA (BOM RETIRO)
10-12-2019,Centro,Sé,Inativo Transitável,AV. RIO BRANCO
10-12-2019,Centro,Sé,Inativo Transitável,AV. DO. ESTADO
10-12-2019,Centro,Sé,Inativo Transitável,R. BR. DE. DUPRAT
10-12-2019,Centro,Sé,Inativo Transitável,AV. RIO BRANCO (REPUBLICA)
10-12-2019,Centro,Sé,Inativo Transitável,R. VENCESLAU BRAS
10-12-2019,Centro,Sé,Inativo Transitável,AV. RIO BRANCO
10-12-2019,Centro,Sé,Inativo Transitável,AV. MERCURIO
10-12-2019,Centro,Sé,Inativo Transitável,R. BRA. DE. PORTO CARREIRO
10-12-2019,Zona Oeste,Butantã,Inativo Transitável,AV. MAGALHAES DE CASTRO
10-12-2019,Zona Oeste,Lapa,Inativo Transitável,PC. PASCOAL MARTINS
10-12-2019,Zona Oeste,Lapa,Inativo Intransitável,AV. EMB MACEDO SOARES (BARRA FUNDA)
10-12-2019,Zona Oeste,Lapa,Inativo Transitável,R. NORMA DE LUCA
10-12-2019,Zona Oeste,Pinheiros,Inativo Intransitável,R. HENRIQUE SCHAUMANN (JARDIM PAULISTA)
10-12-2019,Zona Oeste,Pinheiros,Inativo Transitável,AV. STO AMARO (CAMPO BELO)
10-12-2019,Zona Leste,Itaquera,Inativo Transitável,AV. JACU PESSEGO N TRABALHADORES (IGUATEMI)
10-12-2019,Zona Leste,Itaquera,Inativo Intransitável,R. PDE VIEGAS DE MENEZES (ITAQUERA)
10-12-2019,Zona Leste,Mooca,Inativo Intransitável,AV. ALCANTARA MACHADO (BELEM)
10-12-2019,Zona Leste,Mooca,Inativo Intransitável,AV. RANGEL PESTANA (BRAS)
10-12-2019,Zona Leste,Mooca,Inativo Transitável,AV. ALCANTARA MACHADO (BELEM)
10-12-2019,Zona Leste,Mooca,Inativo Transitável,AV. CELSO GARCIA (BELEM)
10-12-2019,Zona Leste,Mooca,Inativo Transitável,AV. DO. CONTORNO
10-12-2019,Zona Leste,Penha,Inativo Transitável,R. DR LUIZ AYRES (ARTUR ALVIM)
10-12-2019,Zona Sul,Campo Limpo,Inativo Transitável,AV. MAGALHAES DE CASTRO (BUTANTA)
10-12-2019,Zona Sul,Campo Limpo,Inativo Transitável,ES. DO CAMPO LIMPO (CAMPO LIMPO)
10-12-2019,Zona Sul,Santo Amaro,Inativo Intransitável,AV. STO AMARO (CAMPO BELO)
10-12-2019,Zona Sul,Santo Amaro,Inativo Transitável,AV. DAS NACOES UNIDAS (ALTO DE PINHEIROS)
10-12-2019,Zona Sul,Santo Amaro,Inativo Transitável,AV. DAS NACOES UNIDAS (ALTO DE PINHEIROS)
10-12-2019,Zona Sul,Santo Amaro,Inativo Transitável,AV. DAS NACOES UNIDAS (ALTO DE PINHEIROS)
11-12-2019,Centro,Sé,Inativo Transitável,AV. MERCURIO
11-12-2019,Centro,Sé,Inativo Transitável,AV. PRES. CASTELO BRANCO
11-12-2019,Centro,Sé,Inativo Transitável,R. AURORA
11-12-2019,Centro,Sé,Inativo Transitável,AV. MERCURIO
11-12-2019,Centro,Sé,Inativo Transitável,R. DR. BETTENCOURT RODRIGUES
11-12-2019,Zona Oeste,Lapa,Inativo Intransitável,R. BR DO BANANAL (PERDIZES)
11-12-2019,Zona Oeste,Lapa,Inativo Transitável,AV. POMPEIA (BARRA FUNDA)
11-12-2019,Zona Oeste,Lapa,Inativo Transitável,R. PALESTRA ITALIA (BARRA FUNDA)
11-12-2019,Zona Oeste,Lapa,Inativo Transitável,PC. PASCOAL MARTINS (BARRA FUNDA)
11-12-2019,Zona Oeste,Lapa,Inativo Transitável,AV. ANTARTICA (BARRA FUNDA)
11-12-2019,Zona Oeste,Pinheiros,Inativo Transitável,AV. PROF. FONSECA RODRIGUES
11-12-2019,Zona Leste,Aricanduva/ Vila Formosa,Inativo Transitável,AV. ARICANDUVA
11-12-2019,Zona Leste,Mooca,Inativo Transitável,AV. CELSO GARCIA (BELEM)
11-12-2019,Zona Leste,Mooca,Inativo Transitável,AV. SALIM FARAH MALUF
12-12-2019,,,,
13-12-2019,Zona Norte,Santana,Inativo Transitável,R. ALF. MAGALHAES
14-12-2019,Zona Norte,Casa Verde,Inativo Intransitável,AV. ANTONIO MUNHOZ BONILHA (LIMAO)
14-12-2019,Zona Norte,Jaçanã/ Tremembé,Inativo Intransitável,AVENIDA EDU CHAVES
14-12-2019,Centro,Sé,Inativo Transitável,R. NEWTON PRADO (BOM RETIRO)
14-12-2019,Centro,Sé,Inativo Transitável,PC. DA. BANDEIRA
14-12-2019,Centro,Sé,Inativo Intransitável,PC. DA. BANDEIRA
14-12-2019,Centro,Sé,Inativo Intransitável,MARGINAL TIETE CBAS CENTRAL (BARRA FUNDA)
14-12-2019,Zona Oeste,Lapa,Inativo Intransitável,AV. MARQ. DE. SAO VICENTE
14-12-2019,Zona Oeste,Lapa,Inativo Intransitável,PC. PASCOAL MARTINS (BARRA FUNDA)
14-12-2019,Zona Oeste,Pinheiros,Inativo Transitável,AV. DAS. NACOES UNIDAS
15-12-2019,,,,
16-12-2019,,,,
17-12-2019,Zona Norte,Casa Verde,Inativo Transitável,AV. ANTONIO MUNHOZ BONILHA
17-12-2019,Centro,Sé,Inativo Intransitável,R. MANOEL DUTRA (BELA VISTA)
17-12-2019,Centro,Sé,Inativo Transitável,VEL. PRES JOAO GOULART (BARRA FUNDA)
17-12-2019,Centro,Sé,Inativo Intransitável,R. S PAULO (LIBERDADE)
17-12-2019,Centro,Sé,Inativo Transitável,AV. RIO BRANCO (REPUBLICA)
17-12-2019,Zona Oeste,Butantã,Inativo Transitável,AV. MAGALHAES DE CASTRO (BUTANTA)
17-12-2019,Zona Oeste,Lapa,Inativo Transitável,AV. POMPEIA (BARRA FUNDA)
17-12-2019,Zona Oeste,Lapa,Inativo Intransitável,PC. PASCOAL MARTINS (BARRA FUNDA)
17-12-2019,Zona Oeste,Lapa,Inativo Transitável,AV. MARQ DE SAO VICENTE (BARRA FUNDA)
17-12-2019,Zona Oeste,Lapa,Inativo Transitável,R. VENANCIO AIRES (LAPA)
17-12-2019,Zona Oeste,Lapa,Inativo Transitável,R. TAGIPURU (BARRA FUNDA)
17-12-2019,Zona Oeste,Lapa,Inativo Transitável,R. PALESTRA ITÁLIA (BARRA FUNDA)
17-12-2019,Zona Oeste,Pinheiros,Inativo Intransitável,R. HENRIQUE SCHAUMANN (JARDIM PAULISTA)
17-12-2019,Zona Oeste,Pinheiros,Inativo Transitável,AV. DAS NACOES UNIDAS (ALTO DE PINHEIROS)
17-12-2019,Zona Leste,Itaquera,Inativo Transitável,AV. JACU PESSEGO N TRABALHADORES
17-12-2019,Zona Leste,Mooca,Inativo Transitável,VD. BRESSER
17-12-2019,Zona Sul,Santo Amaro,Inativo Transitável,AV. DR. CHUCRI ZAIDAN
17-12-2019,Zona Sudeste,Vila Mariana,Inativo Transitável,AV. DR RICARDO JAFET (IPIRANGA)
17-12-2019,Zona Sudeste,Vila Mariana,Inativo Intransitável,AV. VINTE E TRES DE MAIO (LIBERDADE)
18-12-2019,Zona Norte,Santana,Inativo Transitável,AV. GAL. ATALIBA LEONEL
18-12-2019,Centro,Sé,Inativo Transitável,VD. DO. CHA
18-12-2019,Zona Leste,Mooca,Inativo Transitável,R. JOAQUIM NABUCO
19-12-2019,,,,
20-12-2019,,,,
21-12-2019,,,,
22-12-2019,,,,
23-12-2019,Zona Norte,Jaçanã/ Tremembé,Inativo Intransitável,AV. EDU CHAVES
23-12-2019,Zona Norte,Vila Maria/ Vila Guilherme,Inativo Transitável,R. CHICO PONTES (VILA GUILHERME)
23-12-2019,Zona Norte,Perus,Inativo Intransitável,AV. RAIMUNDO PEREIRA DE MAGALHAES (JARAGUA)
23-12-2019,Zona Norte,Santana,Inativo Intransitável,AV. CRUZEIRO DO SUL (BOM RETIRO)
23-12-2019,Zona Norte,Santana,Inativo Intransitável,AV. GAL ATALIBA LEONEL (SANTANA)
23-12-2019,Zona Norte,Santana,Inativo Intransitável,AV. ZAKI NARCHI (SANTANA)
23-12-2019,Zona Norte,Santana,Inativo Intransitável,AV. ZAKI NARCHI
23-12-2019,Centro,Sé,Inativo Transitável,VEL. PRES JOAO GOULART (BARRA FUNDA)
23-12-2019,Centro,Sé,Inativo Transitável,AV. RIO BRANCO
23-12-2019,Centro,Sé,Inativo Transitável,AV. PRES CASTELO BRANCO (BARRA FUNDA)
23-12-2019,Centro,Sé,Inativo Transitável,MARGINAL TIETE CBAS CENTRAL (BARRA FUNDA)
23-12-2019,Centro,Sé,Inativo Intransitável,VEL. PRES. JOAO GOULART
23-12-2019,Centro,Sé,Inativo Transitável,AV. MERCURIO (SE)
23-12-2019,Zona Oeste,Lapa,Inativo Transitável,AV. POMPEIA (BARRA FUNDA)
23-12-2019,Zona Oeste,Lapa,Inativo Transitável,R. TAGIPURU (BARRA FUNDA)
23-12-2019,Zona Oeste,Lapa,Inativo Transitável,VEL. PRES JOAO GOULART (BARRA FUNDA)
23-12-2019,Zona Oeste,Lapa,Inativo Transitável,AV. ELISIO CORDEIRO DE SIQUEIRA (JAGUARA)
23-12-2019,Zona Oeste,Lapa,Inativo Transitável,AV. DR. GASTAO VIDIGAL
23-12-2019,Zona Leste,Mooca,Inativo Transitável,AV. CELSO GARCIA (BELEM)
23-12-2019,Zona Leste,Mooca,Inativo Transitável,R. FILIPE CAMARAO
23-12-2019,Zona Sul,Cidade Ademar,Inativo Transitável,AV. INTERLAGOS (CAMPO GRANDE)
23-12-2019,Zona Sul,Capela do Socorro,Inativo Intransitável,AV. INTERLAGOS (CAMPO GRANDE)
23-12-2019,Zona Sul,Capela do Socorro,Inativo Transitável,AV. GUARAPIRANGA (JARDIM SAO LUIS)
23-12-2019,Zona Sul,Santo Amaro,Inativo Intransitável,AV. DAS NACOES UNIDAS (ALTO DE PINHEIROS)
23-12-2019,Zona Sul,Santo Amaro,Inativo Transitável,AV. INTERLAGOS (CAMPO GRANDE)
23-12-2019,Zona Sul,Santo Amaro,Inativo Intransitável,AV. INTERLAGOS (CAMPO GRANDE)
24-12-2019,,,,
25-12-2019,,,,
26-12-2019,,,,
27-12-2019,,,,
28-12-2019,,,,
29-12-2019,,,,
30-12-2019,,,,
31-12-2019,Zona Norte,Casa Verde,Inativo Transitável,MARGINAL TIETÊ (EXPRESSA)
31-12-2019,Zona Norte,Casa Verde,Inativo Transitável,MARGINAL TIETÊ (EXPRESSA)
31-12-2019,Zona Oeste,Lapa,Inativo Transitável,PRAÇA PASCOAL MARTINS
01-01-2020,Zona Norte,Casa Verde,Inativo Transitável,MARGINAL TIETÊ - EXPRESSA
01-01-2020,Zona Norte,Vila Maria/ Vila Guilherme,Inativo Transitável,MARGINAL TIETE - EXPRESSA
01-01-2020,Zona Norte,Vila Maria/ Vila Guilherme,Inativo Transitável,AV MORVAN DIAS DE FIGUEIREDO
01-01-2020,Zona Norte,Santana,Inativo Transitável,R CEL ANTONIO DE CARVALHO
01-01-2020,Zona Norte,Santana,Inativo Transitável,AV CRUZEIRO DO SUL
01-01-2020,Centro,Sé,Inativo Intransitável,AV PRES CASTELO BRANCO - LOCAL
01-01-2020,Centro,Sé,Inativo Transitável,AV DO ESTADO
01-01-2020,Centro,Sé,Inativo Transitável,AV DUQUE DE CAXIAS
01-01-2020,Centro,Sé,Inativo Transitável,AV MERCURIO
01-01-2020,Zona Leste,Mooca,Inativo Transitável,AV ALCÂNTARA MACHADO
01-01-2020,Zona Leste,Mooca,Inativo Transitável,AV RANGEL PESTANA
01-01-2020,Zona Leste,Mooca,Inativo Transitável,MARGINAL TIETÊ - EXPRESSA
02-01-2020,Zona Norte,Jaçanã/ Tremembé,Inativo Intransitável,R. ANTONELO DA MESSINA
02-01-2020,Zona Norte,Perus,Inativo Intransitável,R. BEM TE VI
02-01-2020,Zona Norte,Perus,Inativo Intransitável,R. BERNARDO JOSÉ DE LORENA
02-01-2020,Zona Norte,Perus,Inativo Intransitável,R. FIORELLI PECCICACCO (PERUS)
02-01-2020,Centro,Sé,Inativo Intransitável,R. MANOEL DUTRA (BELA VISTA)
02-01-2020,Centro,Sé,Inativo Intransitável,PC. DA BANDEIRA (REPUBLICA)
02-01-2020,Zona Oeste,Pinheiros,Inativo Transitável,AV. ELISIO CORDEIRO DE SIQUEIRA
02-01-2020,Zona Leste,Itaquera,Inativo Intransitável,AV. JACU PESSEGO N TRABALHADORES (IGUATEMI)
02-01-2020,Zona Leste,Mooca,Inativo Transitável,AV. CELSO GARCIA (BELEM)
02-01-2020,Zona Leste,Mooca,Inativo Transitável,AV. CELSO GARCIA (BELEM)
02-01-2020,Zona Leste,São Miguel Paulista,Inativo Transitável,R. ASDRUBAL
02-01-2020,Zona Sul,Parelheiros,Inativo Transitável,AV. SEN. TEOTONIO VILELA
02-01-2020,Zona Sul,Santo Amaro,Inativo Intransitável,AV. STO AMARO (CAMPO BELO)
02-01-2020,Zona Sul,Santo Amaro,Inativo Intransitável,AV. ROQUE PETRONI JUNIOR
02-01-2020,Zona Sudeste,Vila Mariana,Inativo Transitável,AV. IBIRAPUERA
02-01-2020,Zona Sudeste,Vila Mariana,Inativo Transitável,AV. ANTONIO J. DE MOURA ANDRADE
02-01-2020,Zona Sudeste,Vila Mariana,Inativo Transitável,CV. TRIBUNAL DE JUSTICA DO E. SP
03-01-2020,,,,
04-01-2020,Zona Norte,Casa Verde,Inativo Transitável,MARGINAL TIETE
04-01-2020,Zona Norte,Pirituba/Jaraguá,Inativo Transitável,AV. MARGINAL DIREITA DO TIETE
04-01-2020,Zona Norte,Santana,Inativo Transitável,MARGINAL TIETE
04-01-2020,Centro,Sé,Inativo Transitável,AV. S. JOAO
04-01-2020,Centro,Sé,Inativo Transitável,AV. S. JOAO
04-01-2020,Centro,Sé,Inativo Transitável,AV. RIO BRANCO
04-01-2020,Zona Oeste,Lapa,Inativo Transitável,AV. POMPEIA
04-01-2020,Zona Oeste,Lapa,Inativo Transitável,AV. FRANCISCO MATARAZZO
04-01-2020,Zona Oeste,Lapa,Inativo Transitável,AV. MARQ. DE. SAO VICENTE
04-01-2020,Zona Oeste,Lapa,Inativo Transitável,PC. PASCOAL MARTINS
04-01-2020,Zona Oeste,Pinheiros,Inativo Transitável,PTE. OCTAVIO FRIAS DE OLIVEIRA
04-01-2020,Zona Oeste,Pinheiros,Inativo Transitável,AV. DAS NACOES UNIDAS
04-01-2020,Zona Oeste,Pinheiros,Inativo Transitável,AV. DAS NACOES UNIDAS
04-01-2020,Zona Leste,Mooca,Inativo Transitável,AV. CELSO GARCIA
04-01-2020,Zona Leste,Mooca,Inativo Transitável,AV. CELSO GARCIA
04-01-2020,Zona Leste,Mooca,Inativo Transitável,AV. CELSO GARCIA
04-01-2020,Zona Leste,Mooca,Inativo Transitável,AV. CELSO GARCIA
04-01-2020,Zona Leste,Mooca,Inativo Transitável,AV. RANGEL PESTANA
04-01-2020,Zona Leste,Mooca,Inativo Transitável,AV. MERCURIO
04-01-2020,Zona Sul,M'Boi Mirim,Inativo Transitável,AV. VITOR MANZINI
04-01-2020,Zona Sul,Santo Amaro,Inativo Transitável,AV. DAS NACOES UNIDAS
04-01-2020,Zona Sudeste,Vila Mariana,Inativo Transitável,AV. ARATAS
05-01-2020,Zona Norte,Santana,Inativo Transitável,AV. ALCANTARA MACHADO
05-01-2020,Zona Leste,Itaquera,Inativo Intransitável,AV. JACU PESSEGO N TRABALHADORES
06-01-2020,Centro,Sé,Inativo Transitável,R. BARRA DO TIBAJI
06-01-2020,Zona Oeste,Lapa,Inativo Transitável,AV. ERNESTO IGEL
06-01-2020,Zona Sul,Santo Amaro,Inativo Transitável,AV. STO AMARO (CAMPO BELO)
07-01-2020,Zona Norte,Santana,Inativo Transitável,R. DARZAN
07-01-2020,Centro,Sé,Inativo Intransitável,R. MANOEL DUTRA (BELA VISTA)
07-01-2020,Zona Oeste,Butantã,Inativo Intransitável,AV. JULES RIMET
07-01-2020,Zona Oeste,Butantã,Inativo Intransitável,AV. JULES RIMET (MORUMBI)
07-01-2020,Zona Oeste,Butantã,Inativo Transitável,AV. GIOVANNI GRONCHI (JARDIM SAO LUIS)
07-01-2020,Zona Oeste,Butantã,Inativo Transitável,AV. PROF FRANCISCO MORATO (BUTANTA)
07-01-2020,Zona Oeste,Butantã,Inativo Transitável,R. FLORIANO PEIXOTO SANTOS
07-01-2020,Zona Oeste,Pinheiros,Inativo Intransitável,AV. SANTO AMARO (CAMPO BELO)
07-01-2020,Zona Oeste,Pinheiros,Inativo Transitável,AV. DAS NACOES UNIDAS (ALTO DE PINHEIROS)
07-01-2020,Zona Leste,Aricanduva/ Vila Formosa,Inativo Intransitável,AV. ARICANDUVA (ARICANDUVA)
07-01-2020,Zona Leste,Itaquera,Inativo Intransitável,R. PDE VIEGAS DE MENEZES (ITAQUERA)
07-01-2020,Zona Leste,Mooca,Inativo Transitável,AV. ARICANDUVA
07-01-2020,Zona Leste,Mooca,Inativo Transitável,R. MELO FREIRE (TATUAPE)
07-01-2020,Zona Leste,Mooca,Inativo Transitável,AV. CELSO GARCIA (BELEM)
07-01-2020,Zona Leste,Mooca,Inativo Transitável,AV. CELSO GARCIA (BELEM)
07-01-2020,Zona Leste,Mooca,Inativo Transitável,AV. CELSO GARCIA (BELEM)
07-01-2020,Zona Leste,Mooca,Inativo Transitável,AV. ALCANTARA MACHADO (BELEM)
07-01-2020,Zona Leste,Mooca,Inativo Transitável,AV. CELSO GARCIA (BELEM)
07-01-2020,Zona Leste,Penha,Inativo Intransitável,AV. S MIGUEL (PENHA)
07-01-2020,Zona Leste,Vila Prudente,Inativo Intransitável,AV. VILA EMA
07-01-2020,Zona Leste,Vila Prudente,Inativo Intransitável,R. CAP PACHECO E CHAVES (VILA PRUDENTE)
07-01-2020,Zona Sul,Cidade Ademar,Inativo Intransitável,AV. INTERLAGOS (CAMPO GRANDE)
07-01-2020,Zona Sul,M'Boi Mirim,Inativo Intransitável,AV. IBIRAPUERA
07-01-2020,Zona Sudeste,Ipiranga,Inativo Transitável,R. PRES. BATISTA PEREIRA
07-01-2020,Zona Sudeste,Vila Mariana,Inativo Intransitável,AV. VINTE E TRES DE MAIO (LIBERDADE)
07-01-2020,Zona Sudeste,Vila Mariana,Inativo Intransitável,AV. PROF. ABRAAO DE MORAIS
07-01-2020,Zona Sudeste,Vila Mariana,Inativo Transitável,AV. DOS BANDEIRANTES (CAMPO BELO)
07-01-2020,Zona Sudeste,Vila Mariana,Inativo Intransitável,AV. PROF ABRAAO DE MORAIS (CURSINO)
07-01-2020,Zona Sudeste,Vila Mariana,Inativo Transitável,AV. ANTONIO J. DE MOURA ANDRADE
07-01-2020,Zona Sudeste,Vila Mariana,Inativo Transitável,AV. ANTONIO J. DE MOURA ANDRADE
08-01-2020,Zona Norte,Casa Verde,Inativo Transitável,MARGINAL TIETE
08-01-2020,Zona Norte,Casa Verde,Inativo Transitável,MARGINAL TIETE ASCB EXPRESSA (CASA VERDE)
08-01-2020,Zona Norte,Casa Verde,Inativo Transitável,MARGINAL TIETE ASCB EXPRESSA (CASA VERDE)
08-01-2020,Zona Norte,Casa Verde,Inativo Transitável,AV. ANTONIO MUNHOZ BONILHA
08-01-2020,Zona Norte,Pirituba/Jaraguá,Inativo Transitável,PSS. FANDI CHAQUIB KALIL
08-01-2020,Zona Norte,Santana,Inativo Transitável,AV. OLAVO FONTOURA
08-01-2020,Zona Norte,Santana,Inativo Transitável,R. CEL. ANTONIO DE CARVALHO
08-01-2020,Zona Norte,Santana,Inativo Transitável,MARGINAL TIETE ASCB CENTRAL (CASA VERDE)
08-01-2020,Centro,Sé,Inativo Intransitável,PC. DA BANDEIRA (REPUBLICA)
08-01-2020,Centro,Sé,Inativo Intransitável,PC. QUATORZE BIS (BELA VISTA)
08-01-2020,Centro,Sé,Inativo Transitável,PC. DA BANDEIRA (REPUBLICA)
08-01-2020,Centro,Sé,Inativo Transitável,AV. RIO BRANCO (REPUBLICA)
08-01-2020,Centro,Sé,Inativo Transitável,AV. RIO BRANCO (REPUBLICA)
08-01-2020,Centro,Sé,Inativo Transitável,PC. NINA RODRIGUES (LIBERDADE)
08-01-2020,Centro,Sé,Inativo Transitável,TN. PAPA JOAO PAULO II (REPUBLICA)
08-01-2020,Centro,Sé,Inativo Intransitável,TN. PAPA JOAO PAULO II (REPUBLICA)
08-01-2020,Centro,Sé,Inativo Transitável,R. PAULA SOUSA
08-01-2020,Centro,Sé,Inativo Transitável,AV. MERCURIO
08-01-2020,Centro,Sé,Inativo Transitável,AV. RIO BRANCO
08-01-2020,Centro,Sé,Inativo Transitável,PC. DA. BANDEIRA
08-01-2020,Zona Oeste,Butantã,Inativo Transitável,AV. PROF FRANCISCO MORATO (BUTANTA)
08-01-2020,Zona Oeste,Butantã,Inativo Transitável,AV. MAGALHAES DE CASTRO (BUTANTA)
08-01-2020,Zona Oeste,Butantã,Inativo Transitável,AV. JULES RIMET
08-01-2020,Zona Oeste,Butantã,Inativo Transitável,AV. GIOVANNI GRONCHI
08-01-2020,Zona Oeste,Lapa,Inativo Transitável,AV. POMPEIA (BARRA FUNDA)
08-01-2020,Zona Oeste,Lapa,Inativo Transitável,R. PAUVA (JAGUARA)
08-01-2020,Zona Oeste,Lapa,Inativo Transitável,AV. DAS NACOES UNIDAS (ALTO DE PINHEIROS)
08-01-2020,Zona Oeste,Lapa,Inativo Transitável,R. CORIOLANO (LAPA)
08-01-2020,Zona Oeste,Lapa,Inativo Intransitável,R. CAPISTRANO DE ABREU
08-01-2020,Zona Oeste,Lapa,Inativo Transitável,MARGINAL TIETE CBAS CENTRAL (BARRA FUNDA)
08-01-2020,Zona Oeste,Lapa,Inativo Transitável,R. BR. DO. BANANAL
08-01-2020,Zona Oeste,Lapa,Inativo Transitável,AV. EMB MACEDO SOARES (BARRA FUNDA)
08-01-2020,Zona Oeste,Pinheiros,Inativo Transitável,AV. DRA RUTH CARDOSO (ALTO DE PINHEIROS)
08-01-2020,Zona Oeste,Pinheiros,Inativo Transitável,AV. REBOUCAS (CONSOLACAO)
08-01-2020,Zona Oeste,Pinheiros,Inativo Transitável,AV. DAS NACOES UNIDAS (ALTO DE PINHEIROS)
08-01-2020,Zona Oeste,Pinheiros,Inativo Transitável,AV. BRASIL (JARDIM PAULISTA)
08-01-2020,Zona Oeste,Pinheiros,Inativo Intransitável,PC. PAN-AMERICANA (ALTO DE PINHEIROS)
08-01-2020,Zona Oeste,Pinheiros,Inativo Transitável,AV. DAS NACOES UNIDAS (ALTO DE PINHEIROS)
08-01-2020,Zona Oeste,Pinheiros,Inativo Transitável,MARGINAL PINHEIROS INTCB (ALTO DE PINHEIROS)
08-01-2020,Zona Oeste,Pinheiros,Inativo Transitável,AV. DAS NACOES UNIDAS (ALTO DE PINHEIROS)
08-01-2020,Zona Leste,Itaquera,Inativo Intransitável,R. TOMAZZO FERRARA (ITAQUERA)
08-01-2020,Zona Leste,Itaquera,Inativo Transitável,AV. MUSGO-DE-FLOR (ITAQUERA)
08-01-2020,Zona Leste,Itaim Paulista,Inativo Transitável,RUA MANUEL BARBALHO DE LIMA
08-01-2020,Zona Leste,Mooca,Inativo Transitável,AV. CELSO GARCIA
08-01-2020,Zona Leste,Mooca,Inativo Intransitável,AV. ALCANTARA MACHADO
08-01-2020,Zona Leste,Penha,Inativo Intransitável,AV. CALIM EID (ARTUR ALVIM)
08-01-2020,Zona Sul,Santo Amaro,Inativo Transitável,AV. ROQUE PETRONI JUNIOR (ITAIM BIBI)
08-01-2020,Zona Sul,Santo Amaro,Inativo Transitável,AV. ROQUE PETRONI JUNIOR
08-01-2020,Zona Sul,Santo Amaro,Inativo Transitável,R. JOAO ALFREDO (SANTO AMARO)
08-01-2020,Zona Sul,Santo Amaro,Inativo Transitável,AV. STO AMARO (CAMPO BELO)
08-01-2020,Zona Sudeste,Ipiranga,Inativo Transitável,R. PRES. BATISTA PEREIRA
08-01-2020,Zona Sudeste,Vila Mariana,Inativo Transitável,AV. VINTE E TRES DE MAIO
08-01-2020,Zona Sudeste,Vila Mariana,Inativo Transitável,AV. PROF ABRAAO DE MORAIS (CURSINO)
08-01-2020,Zona Sudeste,Vila Mariana,Inativo Intransitável,AV. VINTE E TRES DE MAIO (LIBERDADE)
08-01-2020,Zona Sudeste,Vila Mariana,Inativo Intransitável,AV. RUBEM BERTA
09-01-2020,Zona Norte,Casa Verde,Inativo Transitável,AV. INAJAR DE SOUZA
09-01-2020,Zona Norte,Jaçanã/ Tremembé,Inativo Intransitável,R. FRANCISCO INGLES
09-01-2020,Zona Norte,Santana,Inativo Transitável,AV. GAL ATALIBA LEONEL (SANTANA)
09-01-2020,Centro,Sé,Inativo Intransitável,AV. NOVE DE JULHO (BELA VISTA)
09-01-2020,Centro,Sé,Inativo Transitável,PC. DA. BANDEIRA
09-01-2020,Centro,Sé,Inativo Transitável,AV. RADIAL LESTE OESTE
09-01-2020,Centro,Sé,Inativo Intransitável,R. ALVES DOS SANTOS
09-01-2020,Centro,Sé,Inativo Transitável,CV. EVARISTO COMOLATTI (SE)
09-01-2020,Centro,Sé,Inativo Transitável,VD. DO. GLICERIO
09-01-2020,Centro,Sé,Inativo Transitável,AV. MERCURIO
09-01-2020,Centro,Sé,Inativo Transitável,AV. DO. ESTADO
09-01-2020,Zona Oeste,Butantã,Inativo Intransitável,R. BENTO FRIAS
09-01-2020,Zona Oeste,Butantã,Inativo Intransitável,AV. DOS TAJURAS (MORUMBI)
09-01-2020,Zona Oeste,Butantã,Inativo Transitável,AV. MAGALHAES DE CASTRO (BUTANTA)
09-01-2020,Zona Oeste,Lapa,Inativo Intransitável,AV. POMPEIA
09-01-2020,Zona Oeste,Lapa,Inativo Intransitável,R. RAUL POMPEIA (PERDIZES)
09-01-2020,Zona Oeste,Lapa,Inativo Transitável,AV. QUEIROZ FILHO
09-01-2020,Zona Oeste,Lapa,Inativo Intransitável,AV. QUEIROZ FILHO
09-01-2020,Zona Oeste,Lapa,Inativo Transitável,AV. ORDEM E PROGRESSO
09-01-2020,Zona Oeste,Lapa,Inativo Intransitável,AV. MARQ. DE. SAO VICENTE
09-01-2020,Zona Oeste,Lapa,Inativo Intransitável,AV. DRA RUTH CARDOSO (ALTO DE PINHEIROS)
09-01-2020,Zona Oeste,Lapa,Inativo Intransitável,R. ANDRIES BOTH (JAGUARE)
09-01-2020,Zona Oeste,Lapa,Inativo Intransitável,AV. MOFARREJ (VILA LEOPOLDINA)
09-01-2020,Zona Oeste,Lapa,Inativo Intransitável,AV. MOFARREJ
09-01-2020,Zona Oeste,Pinheiros,Inativo Transitável,MARGINAL PINHEIROS
09-01-2020,Zona Oeste,Pinheiros,Inativo Intransitável,PC. PAN-AMERICANA
09-01-2020,Zona Oeste,Pinheiros,Inativo Intransitável,AV. DAS NACOES UNIDAS (ALTO DE PINHEIROS)
09-01-2020,Zona Oeste,Pinheiros,Inativo Transitável,AV. ANTONIO BATUIRA (ALTO DE PINHEIROS)
09-01-2020,Zona Oeste,Pinheiros,Inativo Intransitável,AV. SANTO AMARO (CAMPO BELO)
09-01-2020,Zona Oeste,Pinheiros,Inativo Transitável,AV. SANTO AMARO (CAMPO BELO)
09-01-2020,Zona Oeste,Pinheiros,Inativo Transitável,AV. DAS. NACOES UNIDAS
09-01-2020,Zona Oeste,Pinheiros,Inativo Transitável,AV. DAS NACOES UNIDAS (ALTO DE PINHEIROS)
09-01-2020,Zona Leste,Mooca,Inativo Transitável,AV. ALCANTARA MACHADO
09-01-2020,Zona Leste,Mooca,Inativo Transitável,AV. CELSO GARCIA
09-01-2020,Zona Leste,Mooca,Inativo Transitável,AV. CRUZEIRO DO SUL (BOM RETIRO)
09-01-2020,Zona Sul,M'Boi Mirim,Inativo Transitável,R. JOAO ALFREDO
09-01-2020,Zona Sul,Santo Amaro,Inativo Transitável,R. ELIAS ANTONIO ZOGBI
09-01-2020,Zona Sul,Santo Amaro,Inativo Transitável,PC. DOM FRANCISCO DE SOUSA (SANTO AMARO)
09-01-2020,Zona Sudeste,Vila Mariana,Inativo Transitável,AV. PROF. ABRAAO DE MORAIS
10-01-2020,,,,
11-01-2020,,,,
12-01-2020,Zona Norte,Casa Verde,Inativo Transitável,MARGINAL TIETE ASCB EXPRESSA (CASA VERDE)
12-01-2020,Zona Norte,Vila Maria/ Vila Guilherme,Inativo Transitável,R. CEL MARQUES RIBEIRO (VILA GUILHERME)
12-01-2020,Centro,Sé,Inativo Transitável,AV. MERCURIO
12-01-2020,Zona Oeste,Lapa,Inativo Transitável,R. RAUL POMPEIA
12-01-2020,Zona Oeste,Lapa,Inativo Transitável,AV. MARQ DE SAO VICENTE (BARRA FUNDA)
12-01-2020,Zona Oeste,Lapa,Inativo Transitável,AV. POMPEIA (BARRA FUNDA)
12-01-2020,Zona Leste,Ermelino Matarazzo,Inativo Transitável,R. MARIA LEOCADIA
12-01-2020,Zona Leste,Mooca,Inativo Transitável,AV. CELSO GARCIA (BELEM)
12-01-2020,Zona Leste,Mooca,Inativo Transitável,AV. ALCANTARA MACHADO (BELEM)
12-01-2020,Zona Leste,Mooca,Inativo Transitável,AV. ALCANTARA MACHADO (BELEM)
12-01-2020,Zona Leste,Penha,Inativo Transitável,AV. CD DE FRONTIN (CARRAO)
13-01-2020,,,,
14-01-2020,,,,
15-01-2020,,,,
16-01-2020,Zona Norte,Casa Verde,Inativo Transitável,MARGINAL TIETE
16-01-2020,Zona Norte,Casa Verde,Inativo Intransitável,AV. ANTONIO MUNHOZ BONILHA (LIMAO)
16-01-2020,Zona Norte,Casa Verde,Inativo Transitável,MARGINAL TIETE
16-01-2020,Zona Norte,Casa Verde,Inativo Transitável,MARGINAL TIETE ASCB EXPRESSA (CASA VERDE)
16-01-2020,Zona Norte,Casa Verde,Inativo Intransitável,MARGINAL TIETE ASCB EXPRESSA (CASA VERDE)
16-01-2020,Zona Norte,Jaçanã/ Tremembé,Inativo Intransitável,AV. ANTONELO DE MESSINA
16-01-2020,Zona Norte,Jaçanã/ Tremembé,Inativo Intransitável,TRAV. FÓZ DO TEJO
16-01-2020,Zona Norte,Santana,Inativo Transitável,AV. OLAVO FONTOURA
16-01-2020,Zona Norte,Santana,Inativo Transitável,AV. MORVAN DIAS DE FIGUEIREDO
16-01-2020,Zona Norte,Santana,Inativo Transitável,R. CEL. MARQUES RIBEIRO
16-01-2020,Centro,Sé,Inativo Transitável,AV. RIO BRANCO (REPUBLICA)
16-01-2020,Centro,Sé,Inativo Transitável,MARGINAL TIETE
16-01-2020,Centro,Sé,Inativo Intransitável,R. MANOEL DUTRA (BELA VISTA)
16-01-2020,Centro,Sé,Inativo Intransitável,TN. PAPA JOAO PAULO II (REPUBLICA)
16-01-2020,Centro,Sé,Inativo Intransitável,R. GLICERIO (LIBERDADE)
16-01-2020,Centro,Sé,Inativo Intransitável,R. GLICERIO (LIBERDADE)
16-01-2020,Centro,Sé,Inativo Transitável,AV. PRES CASTELO BRANCO (BARRA FUNDA)
16-01-2020,Centro,Sé,Inativo Transitável,AV. RUDGE
16-01-2020,Centro,Sé,Inativo Intransitável,AL. NOTHMANN (BOM RETIRO)
16-01-2020,Centro,Sé,Inativo Intransitável,VEL. PRES JOAO GOULART (BARRA FUNDA)
16-01-2020,Centro,Sé,Inativo Transitável,AV. S JOAO (REPUBLICA)
16-01-2020,Centro,Sé,Inativo Transitável,R. BARRA DO TIBAJI (BOM RETIRO)
16-01-2020,Centro,Sé,Inativo Transitável,AV. MERCURIO
16-01-2020,Centro,Sé,Inativo Transitável,AV. RIO BRANCO (REPUBLICA)
16-01-2020,Centro,Sé,Inativo Intransitável,PC. DA BANDEIRA (REPUBLICA)
16-01-2020,Centro,Sé,Inativo Intransitável,TERMINAIS-BANDEIRAS TERMINAL: PC DA BANDEIRA
16-01-2020,Zona Oeste,Butantã,Inativo Transitável,AV. MAGALHAES DE CASTRO (BUTANTA)
16-01-2020,Zona Oeste,Lapa,Inativo Transitável,AV. POMPEIA (BARRA FUNDA)
16-01-2020,Zona Oeste,Lapa,Inativo Transitável,AV. ORDEM E PROGRESSO (BARRA FUNDA)
16-01-2020,Zona Oeste,Lapa,Inativo Intransitável,PC. PASCOAL MARTINS (BARRA FUNDA)
16-01-2020,Zona Oeste,Lapa,Inativo Intransitável,R. CAPISTRANO DE ABREU
16-01-2020,Zona Oeste,Lapa,Inativo Transitável,PC. PASCOAL MARTINS (BARRA FUNDA)
16-01-2020,Zona Oeste,Lapa,Inativo Transitável,AV. MARQ DE SAO VICENTE (BARRA FUNDA)
16-01-2020,Zona Oeste,Lapa,Inativo Transitável,AV. PRES CASTELO BRANCO (BARRA FUNDA)
16-01-2020,Zona Oeste,Pinheiros,Inativo Intransitável,AV. ROQUE PETRONI JUNIOR (ITAIM BIBI)
16-01-2020,Zona Oeste,Pinheiros,Inativo Transitável,AV. DAS NACOES UNIDAS (ALTO DE PINHEIROS)
16-01-2020,Zona Oeste,Pinheiros,Inativo Intransitável,AV. DAS. NACOES UNIDAS
16-01-2020,Zona Oeste,Pinheiros,Inativo Transitável,AV. DAS NACOES UNIDAS (ALTO DE PINHEIROS)
16-01-2020,Zona Leste,Mooca,Inativo Transitável,AV. ALCANTARA MACHADO (BELEM)
16-01-2020,Zona Leste,Mooca,Inativo Transitável,AV. CELSO GARCIA (BELEM)
16-01-2020,Zona Leste,Mooca,Inativo Transitável,AV. CELSO GARCIA (BELEM)
16-01-2020,Zona Leste,Mooca,Inativo Transitável,MARGINAL TIETE
16-01-2020,Zona Leste,Mooca,Inativo Transitável,AV. CELSO GARCIA (BELEM)
16-01-2020,Zona Leste,Mooca,Inativo Transitável,AV. CELSO GARCIA (BELEM)
16-01-2020,Zona Leste,Mooca,Inativo Transitável,AV. ALCANTARA MACHADO (BELEM)
16-01-2020,Zona Leste,Mooca,Inativo Transitável,R. DA. MOOCA
16-01-2020,Zona Leste,Mooca,Inativo Transitável,AV. PAES DE BARROS
16-01-2020,Zona Leste,Mooca,Inativo Transitável,AV. CELSO GARCIA (BELEM)
16-01-2020,Zona Leste,Mooca,Inativo Intransitável,AV. VAUTIER
16-01-2020,Zona Leste,Mooca,Inativo Transitável,AV. ALCANTARA MACHADO (BELEM)
16-01-2020,Zona Leste,Mooca,Inativo Transitável,AV. RANGEL PESTANA (BRAS)
16-01-2020,Zona Leste,Mooca,Inativo Transitável,MARGINAL TIETE CBAS CENTRAL (BARRA FUNDA)
16-01-2020,Zona Leste,Mooca,Inativo Transitável,AV. CELSO GARCIA
16-01-2020,Zona Leste,Mooca,Inativo Transitável,AV. CELSO GARCIA
16-01-2020,Zona Leste,Mooca,Inativo Transitável,AV. CELSO GARCIA
16-01-2020,Zona Sul,M'Boi Mirim,Inativo Transitável,AV. JOAO DIAS
16-01-2020,Zona Sul,Santo Amaro,Inativo Intransitável,AV. ROQUE PETRONI JUNIOR (ITAIM BIBI)
16-01-2020,Zona Sul,Santo Amaro,Inativo Transitável,R. JOAO ALFREDO (SANTO AMARO)
16-01-2020,Zona Sul,Santo Amaro,Inativo Transitável,AV. DAS NACOES UNIDAS (ALTO DE PINHEIROS)
16-01-2020,Zona Sudeste,Vila Mariana,Inativo Transitável,AV. VINTE E TRES DE MAIO
17-01-2020,Zona Norte,Freguesia do Ó,Inativo Transitável,AV. MIN. PETRONIO PORTELA
17-01-2020,Zona Oeste,Pinheiros,Inativo Transitável,R. ANHANGUERA
17-01-2020,Zona Sul,Campo Limpo,Inativo Transitável,ES. DE. ITAPECERICA
17-01-2020,Zona Sul,Campo Limpo,Inativo Transitável,ES. DE. ITAPECERICA
17-01-2020,Zona Sudeste,Ipiranga,Inativo Transitável,VD. MIN. ALIOMAR BALEEIRO
18-01-2020,,,,
19-01-2020,,,,
20-01-2020,,,,
21-01-2020,,,,
22-01-2020,,,,
23-01-2020,,,,
24-01-2020,,,,
25-01-2020,,,,
26-01-2020,,,,
27-01-2020,,,,
28-01-2020,Zona Leste,Mooca,Inativo Transitável,AV. CELSO GARCIA
29-01-2020,Zona Sul,Capela do Socorro,Inativo Intransitável,AV. SEN TEOTONIO VILELA (CIDADE DUTRA)
29-01-2020,Zona Sul,Capela do Socorro,Inativo Intransitável,AV. SEN. TEOTONIO VILELA
30-01-2020,Centro,Sé,Inativo Transitável,AV. REBOUCAS
30-01-2020,Zona Sul,Parelheiros,Inativo Transitável,R. NACIP HAYDAN
30-01-2020,Zona Sul,Santo Amaro,Inativo Transitável,AV. INTERLAGOS (CAMPO GRANDE)
31-01-2020,,,,
01-02-2020,Zona Norte,Casa Verde,Inativo Transitável,MARGINAL TIETE
01-02-2020,Zona Norte,Casa Verde,Inativo Transitável,MARGINAL TIETE
01-02-2020,Zona Norte,Casa Verde,Inativo Transitável,MARGINAL TIETE
01-02-2020,Zona Norte,Jaçanã/ Tremembé,Inativo Intransitável,AV. SANATÓRIO (JACANA)
01-02-2020,Zona Norte,Perus,Inativo Intransitável,PRAÇA INACIO DIAS
01-02-2020,Zona Norte,Perus,Inativo Intransitável,PC. INACIO DIAS (PERUS)
01-02-2020,Zona Norte,Santana,Inativo Transitável,AV. OLAVO FONTOURA
01-02-2020,Centro,Sé,Inativo Transitável,AV. VINTE E TRES DE MAIO
01-02-2020,Centro,Sé,Inativo Transitável,AV. NOVE DE JULHO
01-02-2020,Centro,Sé,Inativo Transitável,MARGINAL TIETE
01-02-2020,Centro,Sé,Inativo Transitável,AV. PRES CASTELO BRANCO
01-02-2020,Zona Oeste,Lapa,Inativo Transitável,MARGINAL TIETE
01-02-2020,Zona Oeste,Lapa,Inativo Intransitável,AV. ELÍSIO CORDEIRO DE SIQUEIRA (JAGUARA)
01-02-2020,Zona Oeste,Lapa,Inativo Transitável,AV. MARQ DE SAO VICENTE
01-02-2020,Zona Oeste,Lapa,Inativo Transitável,AV. POMPEIA (BARRA FUNDA)
01-02-2020,Zona Oeste,Lapa,Inativo Intransitável,AV. MARQ. DE. SAO VICENTE
01-02-2020,Zona Oeste,Lapa,Inativo Transitável,AV. POMPEIA
01-02-2020,Zona Oeste,Pinheiros,Inativo Transitável,AV. CANDIDO PORTINARI
01-02-2020,Zona Leste,Mooca,Inativo Transitável,AV. CELSO GARCIA (BELEM)
01-02-2020,Zona Leste,Mooca,Inativo Transitável,MARGINAL TIETE CBAS EXPRESSA (BARRA FUNDA)
01-02-2020,Zona Leste,Mooca,Inativo Transitável,AV. ALCANTARA MACHADO (BELEM)
01-02-2020,Zona Leste,Mooca,Inativo Transitável,AV. SALIM FARAH MALUF
01-02-2020,Zona Sul,Cidade Ademar,Inativo Intransitável,AV. INTERLAGOS
01-02-2020,Zona Sul,Cidade Ademar,Inativo Intransitável,AV. INTERLAGOS
02-02-2020,Zona Norte,Jaçanã/ Tremembé,Inativo Transitável,AV. EDU CHAVES
02-02-2020,Zona Norte,Santana,Inativo Intransitável,AV. ZAKI NARCHI
02-02-2020,Centro,Sé,Inativo Transitável,VD. DO. GLICERIO
02-02-2020,Centro,Sé,Inativo Transitável,MARGINAL TIETE
02-02-2020,Centro,Sé,Inativo Transitável,AV. INTERLAGOS
02-02-2020,Zona Oeste,Butantã,Inativo Transitável,AV. MAGALHAES DE CASTRO
02-02-2020,Zona Oeste,Lapa,Inativo Transitável,MARGINAL TIETE
02-02-2020,Zona Oeste,Lapa,Inativo Intransitável,R. CAPISTRANO DE ABREU
02-02-2020,Zona Oeste,Pinheiros,Inativo Transitável,MARGINAL PINHEIROS
02-02-2020,Zona Oeste,Pinheiros,Inativo Transitável,MARGINAL PINHEIROS
02-02-2020,Zona Oeste,Pinheiros,Inativo Transitável,MARGINAL PINHEIROS
02-02-2020,Zona Leste,Mooca,Inativo Transitável,AV. ALCANTARA MACHADO
02-02-2020,Zona Sul,M'Boi Mirim,Inativo Transitável,R. JOAO ALFREDO
02-02-2020,Zona Sul,M'Boi Mirim,Inativo Transitável,AV. VITOR MANZINI
03-02-2020,Zona Norte,Pirituba/Jaraguá,Inativo Transitável,AV. RAIMUNDO PEREIRA DE MAGALHÃES
03-02-2020,Zona Norte,Santana,Inativo Transitável,R. ALFREDO PUJOL
03-02-2020,Centro,Sé,Inativo Transitável,AV. MERCURIO
03-02-2020,Centro,Sé,Inativo Transitável,AV. RIO BRANCO
03-02-2020,Zona Oeste,Butantã,Inativo Transitável,AV. ENG. BILLINGS
03-02-2020,Zona Oeste,Pinheiros,Inativo Transitável,AV. DAS. NAÇÕES UNIDAS
03-02-2020,Zona Leste,Itaquera,Inativo Transitável,AV. JOSE PINHEIRO BORGES
03-02-2020,Zona Leste,Itaquera,Inativo Transitável,R. SABBADO D'ANGELO
03-02-2020,Zona Leste,Mooca,Inativo Transitável,AV. CELSO GARCIA
03-02-2020,Zona Leste,Mooca,Inativo Transitável,AV. CELSO GARCIA
03-02-2020,Zona Leste,São Miguel Paulista,Inativo Transitável,AV. BRÁS DA ROCHA CARDOSO (JARDIM HELENA)
03-02-2020,Zona Sul,Cidade Ademar,Inativo Transitável,R. MIGUEL YUNES
03-02-2020,Zona Sul,Parelheiros,Inativo Intransitável,R. JOSE ROSCHEL RODRIGUES
04-02-2020,,,,
05-02-2020,Zona Leste,São Miguel Paulista,Inativo Intransitável,AV. BRAZ DA ROCHA CARDOSO
06-02-2020,Zona Norte,Casa Verde,Inativo Transitável,MARGINAL TIETE
06-02-2020,Zona Norte,Casa Verde,Inativo Transitável,MARGINAL TIETE
06-02-2020,Zona Norte,Jaçanã/ Tremembé,Inativo Intransitável,AV. EDU CHAVES
06-02-2020,Zona Norte,Vila Maria/ Vila Guilherme,Inativo Transitável,R. CHICO PONTES
06-02-2020,Zona Norte,Vila Maria/ Vila Guilherme,Inativo Intransitável,R. CHICO PONTES (VILA GUILHERME)
06-02-2020,Zona Norte,Vila Maria/ Vila Guilherme,Inativo Transitável,AV. EDUC PAULO FREIRE (VILA MARIA)
06-02-2020,Zona Norte,Vila Maria/ Vila Guilherme,Inativo Transitável,R. JOAO VENTURA BATISTA
06-02-2020,Centro,Sé,Inativo Intransitável,TN. PAPA JOAO PAULO II (REPUBLICA)
06-02-2020,Centro,Sé,Inativo Transitável,AV. RIO BRANCO (REPUBLICA)
06-02-2020,Centro,Sé,Inativo Transitável,AV. RIO BRANCO
06-02-2020,Centro,Sé,Inativo Transitável,AV. MERCURIO
06-02-2020,Zona Oeste,Butantã,Inativo Transitável,AV. PROF FRANCISCO MORATO (BUTANTA)
06-02-2020,Zona Leste,Mooca,Inativo Transitável,AV. CRUZEIRO DO SUL (BOM RETIRO)
07-02-2020,Zona Sul,Santo Amaro,Inativo Transitável,AV. VITOR MANZINI (SANTO AMARO)
08-02-2020,Zona Oeste,Lapa,Inativo Transitável,AV. CÂNDIDO PORTINARI
08-02-2020,Zona Sul,Capela do Socorro,Inativo Transitável,AV. ATLÂNTICA (CIDADE DUTRA)
08-02-2020,Zona Sul,Capela do Socorro,Inativo Transitável,R. PTOLOMEU (SOCORRO)
08-02-2020,Zona Sul,M'Boi Mirim,Inativo Transitável,AV. GUARAPIRANGA (JARDIM SAO LUIS)
08-02-2020,Zona Sul,Santo Amaro,Inativo Transitável,AV. VITOR MANZINI (SANTO AMARO)
09-02-2020,Zona Oeste,Pinheiros,Inativo Transitável,AV. BRIG. LUIS ANTONIO
10-02-2020,Zona Norte,Casa Verde,Inativo Intransitável,MARGINAL TIETE ASCB EXPRESSA (CASA VERDE)
10-02-2020,Zona Norte,Casa Verde,Inativo Intransitável,AV. OTAVIANO ALVES DE LIMA
10-02-2020,Zona Norte,Casa Verde,Inativo Intransitável,AV. ORDEM E PROGRESSO
10-02-2020,Zona Norte,Casa Verde,Inativo Intransitável,MARGINAL TIETE (CASA VERDE)
10-02-2020,Zona Norte,Casa Verde,Inativo Intransitável,AV. BRAZ LEME (CASA VERDE)
10-02-2020,Zona Norte,Casa Verde,Inativo Transitável,AV. ANTONIO MUNHOZ BONILHA
10-02-2020,Zona Norte,Casa Verde,Inativo Intransitável,AV. OTAVIANO ALVES DE LIMA (CASA VERDE)
10-02-2020,Zona Norte,Casa Verde,Inativo Intransitável,MARGINAL TIETE
10-02-2020,Zona Norte,Casa Verde,Inativo Intransitável,R. JACOFER (LIMAO)
10-02-2020,Zona Norte,Casa Verde,Inativo Intransitável,R. DOMINGOS MARCHETTI (LIMAO)
10-02-2020,Zona Norte,Casa Verde,Inativo Intransitável,R. BRAZELISA ALVES DE CARVALHO
10-02-2020,Zona Norte,Jaçanã/ Tremembé,Inativo Intransitável,R. FRANCISCO INGLES (TREMEMBE)
10-02-2020,Zona Norte,Vila Maria/ Vila Guilherme,Inativo Transitável,AV. MORVAN DIAS DE FIGUEIREDO (PENHA)
10-02-2020,Zona Norte,Vila Maria/ Vila Guilherme,Inativo Intransitável,MARGINAL TIETE ASCB CENTRAL (CASA VERDE)
10-02-2020,Zona Norte,Vila Maria/ Vila Guilherme,Inativo Intransitável,MARGINAL TIETE ASCB EXPRESSA (CASA VERDE)
10-02-2020,Zona Norte,Vila Maria/ Vila Guilherme,Inativo Intransitável,AV. MORVAN DIAS DE FIGUEIREDO
10-02-2020,Zona Norte,Vila Maria/ Vila Guilherme,Inativo Transitável,R ITAÚNA
10-02-2020,Zona Norte,Vila Maria/ Vila Guilherme,Inativo Intransitável,AV. JOAQUINA RAMALHO
10-02-2020,Zona Norte,Vila Maria/ Vila Guilherme,Inativo Intransitável,R. SERAPHIM DE CARVALHO (VILA GUILHERME)
10-02-2020,Zona Norte,Vila Maria/ Vila Guilherme,Inativo Intransitável,R. JOSE BERNARDO PINTO (VILA GUILHERME)
10-02-2020,Zona Norte,Santana,Inativo Transitável,MARGINAL TIETE
10-02-2020,Zona Norte,Santana,Inativo Intransitável,AV. OLAVO FONTOURA (CASA VERDE)
10-02-2020,Zona Norte,Santana,Inativo Intransitável,MARGINAL TIETE ASCB CENTRAL (CASA VERDE)
10-02-2020,Zona Norte,Santana,Inativo Intransitável,AV. ASSIS CHATEAUBRIAND (CASA VERDE)
10-02-2020,Zona Norte,Santana,Inativo Intransitável,AV. CRUZEIRO DO SUL (BOM RETIRO)
10-02-2020,Zona Norte,Santana,Inativo Transitável,AV. SANTOS DUMONT (BOM RETIRO)
10-02-2020,Zona Norte,Santana,Inativo Transitável,AV. RIO BRANCO
10-02-2020,Zona Norte,Santana,Inativo Intransitável,AV. SANTOS DUMONT (BOM RETIRO)
10-02-2020,Zona Norte,Santana,Inativo Transitável,R. VOLUNTARIOS DA PATRIA (MANDAQUI)
10-02-2020,Zona Norte,Santana,Inativo Intransitável,AV. SANTOS DUMONT
10-02-2020,Zona Norte,Santana,Inativo Intransitável,AV. ZAKI NARCHI
10-02-2020,Centro,Sé,Inativo Intransitável,AV. SANTOS DUMONT (BOM RETIRO)
10-02-2020,Centro,Sé,Inativo Transitável,AV. NOVE DE JULHO (BELA VISTA)
10-02-2020,Centro,Sé,Inativo Intransitável,R. CAPISTRANO DE ABREU
10-02-2020,Centro,Sé,Inativo Intransitável,R. NORMA PIERUCCINI GIANNOTTI (SANTA CECILIA)
10-02-2020,Centro,Sé,Inativo Transitável,AV. MERCURIO
10-02-2020,Centro,Sé,Inativo Transitável,R. BENTO FREITAS
10-02-2020,Centro,Sé,Inativo Intransitável,R. SERGIO TOMAS
10-02-2020,Centro,Sé,Inativo Transitável,R. SERGIO TOMAS (BOM RETIRO)
10-02-2020,Centro,Sé,Inativo Transitável,R. JAVAES (BOM RETIRO)
10-02-2020,Centro,Sé,Inativo Transitável,R. JAVAES
10-02-2020,Centro,Sé,Inativo Transitável,AV. MERCURIO
10-02-2020,Centro,Sé,Inativo Intransitável,R. CAPM GONCALO MONTEIRO (SANTA CECILIA)
10-02-2020,Centro,Sé,Inativo Intransitável,AV. DR ABRAAO RIBEIRO (BARRA FUNDA)
10-02-2020,Centro,Sé,Inativo Transitável,TN ANHANGABAU
10-02-2020,Centro,Sé,Inativo Intransitável,AV. DR. ABRAAO RIBEIRO
10-02-2020,Centro,Sé,Inativo Intransitável,R. DA. CANTAREIRA
10-02-2020,Centro,Sé,Inativo Transitável,AV. RUDGE (BARRA FUNDA)
10-02-2020,Zona Oeste,Butantã,Inativo Transitável,AV. MIN LAUDO FERREIRA DE CAMARGO (BUTANTA)
10-02-2020,Zona Oeste,Butantã,Inativo Intransitável,AV. PIRAJUSSARA (VILA SONIA)
10-02-2020,Zona Oeste,Butantã,Inativo Intransitável,AV. PROF FRANCISCO MORATO (BUTANTÃ)
10-02-2020,Zona Oeste,Butantã,Inativo Intransitável,AV. MAGALHAES DE CASTRO (BUTANTA)
10-02-2020,Zona Oeste,Butantã,Inativo Transitável,AV. VALENTIM GENTIL (BUTANTA)
10-02-2020,Zona Oeste,Butantã,Inativo Intransitável,R. ALVARENGA (BUTANTA)
10-02-2020,Zona Oeste,Butantã,Inativo Transitável,R. ALVARENGA
10-02-2020,Zona Oeste,Lapa,Inativo Transitável,AV. ORDEM E PROGRESSO (CASA VERDE)
10-02-2020,Zona Oeste,Lapa,Inativo Intransitável,R. BR DO BANANAL (PERDIZES)
10-02-2020,Zona Oeste,Lapa,Inativo Intransitável,R. CLELIA (BARRA FUNDA)
10-02-2020,Zona Oeste,Lapa,Inativo Transitável,AV. MARQ DE SAO VICENTE (BARRA FUNDA)
10-02-2020,Zona Oeste,Lapa,Inativo Transitável,R. BR. DO. BANANAL
10-02-2020,Zona Oeste,Lapa,Inativo Intransitável,R. ROBERT BOSCH (BARRA FUNDA)
10-02-2020,Zona Oeste,Lapa,Inativo Intransitável,AV. POMPEIA (BARRA FUNDA)
10-02-2020,Zona Oeste,Lapa,Inativo Intransitável,AV. ELISIO CORDEIRO DE SIQUEIRA (JAGUARA)
10-02-2020,Zona Oeste,Lapa,Inativo Intransitável,AV. EMB MACEDO SOARES (BARRA FUNDA)
10-02-2020,Zona Oeste,Lapa,Inativo Intransitável,R. TAGIPURU (BARRA FUNDA)
10-02-2020,Zona Oeste,Lapa,Inativo Intransitável,MARGINAL PINHEIROS INTCB (ALTO DE PINHEIROS)
10-02-2020,Zona Oeste,Lapa,Inativo Transitável,R. TRAJANO (LAPA)
10-02-2020,Zona Oeste,Lapa,Inativo Intransitável,MARGINAL TIETE
10-02-2020,Zona Oeste,Lapa,Inativo Intransitável,AV. EMB MACEDO SOARES
10-02-2020,Zona Oeste,Lapa,Inativo Transitável,AV. EMB MACEDO SOARES (BARRA FUNDA)
10-02-2020,Zona Oeste,Lapa,Inativo Intransitável,AV. ENG BILLINGS
10-02-2020,Zona Oeste,Lapa,Inativo Intransitável,AV. DAS NACOES UNIDAS
10-02-2020,Zona Oeste,Lapa,Inativo Intransitável,MARGINAL TIETE (BARRA FUNDA)
10-02-2020,Zona Oeste,Lapa,Inativo Transitável,AV. ERMANO MARCHETTI (BARRA FUNDA)
10-02-2020,Zona Oeste,Lapa,Inativo Intransitável,MARGINAL TIETE (BARRA FUNDA)
10-02-2020,Zona Oeste,Lapa,Inativo Transitável,AV. MARQ. DE. SAO VICENTE
10-02-2020,Zona Oeste,Lapa,Inativo Intransitável,AV. DR. GASTAO VIDIGAL
10-02-2020,Zona Oeste,Lapa,Inativo Intransitável,AV. PRES CASTELO BRANCO
10-02-2020,Zona Oeste,Lapa,Inativo Intransitável,AV. MARQ DE SAO VICENTE
10-02-2020,Zona Oeste,Lapa,Inativo Transitável,PC. LUIZ CARLOS MESQUITA
10-02-2020,Zona Oeste,Lapa,Inativo Intransitável,MARGINAL TIETE
10-02-2020,Zona Oeste,Lapa,Inativo Intransitável,MARGINAL PINHEIROS
10-02-2020,Zona Oeste,Lapa,Inativo Intransitável,AV. ENG BILLINGS
10-02-2020,Zona Oeste,Lapa,Inativo Transitável,AV. ESCOLA POLITECNICA
10-02-2020,Zona Oeste,Lapa,Inativo Intransitável,AV. THOMAS EDISON (BARRA FUNDA)
10-02-2020,Zona Oeste,Lapa,Inativo Intransitável,R. JOAQUIM MANUEL DE MACEDO (BARRA FUNDA)
10-02-2020,Zona Oeste,Lapa,Inativo Intransitável,R. JOSE GOMES FALCAO (BARRA FUNDA)
10-02-2020,Zona Oeste,Lapa,Inativo Transitável,AV. RAIMUNDO PEREIRA DE MAGALHAES
10-02-2020,Zona Oeste,Pinheiros,Inativo Intransitável,MARGINAL PINHEIROS INTCB (ALTO DE PINHEIROS)
10-02-2020,Zona Oeste,Pinheiros,Inativo Intransitável,AV. DAS NACOES UNIDAS (ALTO DE PINHEIROS)
10-02-2020,Zona Oeste,Pinheiros,Inativo Intransitável,AV. DAS. NAÇÕES UNIDAS
10-02-2020,Zona Oeste,Pinheiros,Inativo Intransitável,AV. DR CHUCRI ZAIDAN (ITAIM BIBI)
10-02-2020,Zona Oeste,Pinheiros,Inativo Intransitável,MARGINAL PINHEIROS
10-02-2020,Zona Oeste,Pinheiros,Inativo Intransitável,MARGINAL PINHEIROS
10-02-2020,Zona Oeste,Pinheiros,Inativo Intransitável,AV. DRA RUTH CARDOSO
10-02-2020,Zona Oeste,Pinheiros,Inativo Transitável,AV. DRA RUTH CARDOSO (ALTO DE PINHEIROS)
10-02-2020,Zona Oeste,Pinheiros,Inativo Transitável,R. FRANCISCO RODRIGUES NUNES
10-02-2020,Zona Leste,Itaquera,Inativo Transitável,AV. JOSE PINHEIRO BORGES
10-02-2020,Zona Leste,Itaquera,Inativo Transitável,AV. JACU PESSEGO N TRABALHADORES
10-02-2020,Zona Leste,Itaim Paulista,Inativo Transitável,RUA MANUEL BARBALHO DE LIMA
10-02-2020,Zona Leste,Mooca,Inativo Intransitável,AV. ALCANTARA MACHADO (BELEM)
10-02-2020,Zona Leste,Mooca,Inativo Transitável,AV. ALCANTARA MACHADO
10-02-2020,Zona Leste,Mooca,Inativo Transitável,R. JOSE DE ALENCAR
10-02-2020,Zona Leste,Mooca,Inativo Transitável,R. MARIA DOMITILA
10-02-2020,Zona Leste,Mooca,Inativo Transitável,R. DR ALVARES RUBIAO (TATUAPE)
10-02-2020,Zona Leste,Mooca,Inativo Intransitável,AV. SALIM FARAH MALUF
10-02-2020,Zona Leste,Mooca,Inativo Intransitável,AV. CRUZEIRO DO SUL
10-02-2020,Zona Leste,Penha,Inativo Intransitável,AV. CDSSA ELISABETH DE ROBIANO (BELEM)
10-02-2020,Zona Leste,Penha,Inativo Intransitável,MARGINAL TIETE CBAS EXPRESSA (BARRA FUNDA)
10-02-2020,Zona Leste,Penha,Inativo Intransitável,AV. AIRTON PRETINI (PENHA)
10-02-2020,Zona Leste,Penha,Inativo Transitável,AV. AIRTON PRETINI (PENHA)
10-02-2020,Zona Sul,Cidade Ademar,Inativo Transitável,R. MIGUEL YUNES
10-02-2020,Zona Sul,Cidade Ademar,Inativo Transitável,R. MIGUEL YUNES
10-02-2020,Zona Sul,Campo Limpo,Inativo Transitável,AV. GIOVANNI GRONCHI (JARDIM SAO LUIS)
10-02-2020,Zona Sul,M'Boi Mirim,Inativo Intransitável,AV. MARIA COELHO AGUIAR (JARDIM SAO LUIS)
10-02-2020,Zona Sul,M'Boi Mirim,Inativo Transitável,AV. VITOR MANZINI
10-02-2020,Zona Sul,Parelheiros,Inativo Transitável,R. NACIP HAYDAN
10-02-2020,Zona Sul,Parelheiros,Inativo Transitável,ES. DA. COLONIA
10-02-2020,Zona Sul,Santo Amaro,Inativo Intransitável,AV. VITOR MANZINI (SANTO AMARO)
10-02-2020,Zona Sul,Santo Amaro,Inativo Intransitável,AV. INTERLAGOS (CAMPO GRANDE)
10-02-2020,Zona Sul,Santo Amaro,Inativo Intransitável,AV. DOS BANDEIRANTES (CAMPO BELO)
10-02-2020,Zona Sul,Santo Amaro,Inativo Intransitável,TN. PAULO AUTRAN (CAMPO BELO)
10-02-2020,Zona Sul,Santo Amaro,Inativo Intransitável,AV. STO AMARO (CAMPO BELO)
10-02-2020,Zona Sul,Santo Amaro,Inativo Intransitável,AV. DR CHUCRI ZAIDAN (ITAIM BIBI)
10-02-2020,Zona Sudeste,Ipiranga,Inativo Intransitável,AV. TERESA CRISTINA
10-02-2020,Zona Sudeste,Jabaquara,Inativo Intransitável,AV. MIGUEL ESTEFNO (CURSINO)
10-02-2020,Zona Sudeste,Vila Mariana,Inativo Intransitável,AV. PROF ABRAAO DE MORAIS (CURSINO)
10-02-2020,Zona Sudeste,Vila Mariana,Inativo Transitável,AV. VINTE E TRES DE MAIO (LIBERDADE)
10-02-2020,Zona Sudeste,Vila Mariana,Inativo Intransitável,AV. ONZE DE JUNHO (MOEMA)
11-02-2020,Zona Norte,Vila Maria/ Vila Guilherme,Inativo Transitável,R. JOAO VENTURA BATISTA (VILA GUILHERME)
11-02-2020,Zona Norte,Santana,Inativo Intransitável,AV. OLAVO FONTOURA
11-02-2020,Zona Norte,Santana,Inativo Intransitável,AV. OLAVO FONTOURA
11-02-2020,Zona Norte,Santana,Inativo Transitável,AV. CRUZEIRO DO SUL (BOM RETIRO)
11-02-2020,Centro,Sé,Inativo Transitável,R. JARAGUA
11-02-2020,Centro,Sé,Inativo Transitável,AV. MERCURIO
11-02-2020,Centro,Sé,Inativo Transitável,R. NORMA PIERUCCINI GIANNOTTI
11-02-2020,Zona Oeste,Lapa,Inativo Intransitável,AV. MOFARREJ (VILA LEOPOLDINA)
11-02-2020,Zona Oeste,Lapa,Inativo Transitável,MARGINAL TIETE
11-02-2020,Zona Leste,Mooca,Inativo Transitável,AV. CRUZEIRO DO SUL
11-02-2020,Zona Sul,Santo Amaro,Inativo Transitável,AV. NSRA. DE. SABARA
12-02-2020,,,,
13-02-2020,,,,
14-02-2020,,,,
15-02-2020,,,,
16-02-2020,Centro,Sé,Inativo Transitável,R. DA. CANTAREIRA
16-02-2020,Centro,Sé,Inativo Transitável,R. DA CANTAREIRA
16-02-2020,Centro,Sé,Inativo Transitável,R. DA. CANTAREIRA
16-02-2020,Zona Leste,Mooca,Inativo Transitável,R. MELO FREIRE
16-02-2020,Zona Leste,Mooca,Inativo Transitável,AV. ALCANTARA MACHADO
17-02-2020,Zona Norte,Vila Maria/ Vila Guilherme,Inativo Intransitável,AV. BANDEIRANTES DO SUL (VILA MARIA)
17-02-2020,Centro,Sé,Inativo Transitável,AV. MERCURIO
17-02-2020,Zona Oeste,Butantã,Inativo Transitável,AV. PROF FRANCISCO MORATO (BUTANTA)
17-02-2020,Zona Oeste,Butantã,Inativo Transitável,AV. PROF FRANCISCO MORATO (BUTANTA)
17-02-2020,Zona Leste,Aricanduva/ Vila Formosa,Inativo Intransitável,AV. ARICANDUVA (ARICANDUVA)
17-02-2020,Zona Leste,Ermelino Matarazzo,Inativo Transitável,AV. DOM HELDER CAMARA (PENHA)
17-02-2020,Zona Leste,Mooca,Inativo Intransitável,AV. CELSO GARCIA (BELEM)
17-02-2020,Zona Leste,Mooca,Inativo Intransitável,PC. MAJ GUILHERME RUDGE (BELEM)
17-02-2020,Zona Leste,Mooca,Inativo Intransitável,AV. ALCANTARA MACHADO (BELEM)
17-02-2020,Zona Leste,Mooca,Inativo Transitável,AV. CELSO GARCIA (BELEM)
17-02-2020,Zona Leste,Mooca,Inativo Intransitável,R. DR ALVARES RUBIAO (TATUAPE)
17-02-2020,Zona Leste,Penha,Inativo Intransitável,AV. CD DE FRONTIN (CARRAO)
17-02-2020,Zona Leste,Penha,Inativo Intransitável,R. ALVINOPOLIS (PENHA)
17-02-2020,Zona Leste,Penha,Inativo Transitável,R. ARQ HEITOR DE MELO (CARRÃO)
18-02-2020,Centro,Sé,Inativo Transitável,AV. DO ESTADO (BOM RETIRO)
18-02-2020,Zona Leste,Mooca,Inativo Transitável,AV. CELSO GARCIA (BELEM)
18-02-2020,Zona Sudeste,Ipiranga,Inativo Intransitável,AV. PROF ABRAAO DE MORAIS (CURSINO)
18-02-2020,Zona Sudeste,Ipiranga,Inativo Intransitável,AV. PROF ABRAAO DE MORAIS (CURSINO)
18-02-2020,Zona Sudeste,Ipiranga,Inativo Intransitável,AV. PROF ABRAAO DE MORAIS (CURSINO)
18-02-2020,Zona Sudeste,Ipiranga,Inativo Intransitável,AV. PROF ABRAAO DE MORAIS (CURSINO)
18-02-2020,Zona Sudeste,Ipiranga,Inativo Intransitável,AV. TERESA CRISTINA (IPIRANGA)
18-02-2020,Zona Sudeste,Ipiranga,Inativo Intransitável,AV. DR RICARDO JAFET (IPIRANGA)
18-02-2020,Zona Sudeste,Ipiranga,Inativo Transitável,AV. DO ESTADO (BOM RETIRO)
18-02-2020,Zona Sudeste,Vila Mariana,Inativo Transitável,AV. VINTE E TRES DE MAIO (LIBERDADE)
19-02-2020,Zona Norte,Casa Verde,Inativo Transitável,MARGINAL TIETE
19-02-2020,Centro,Sé,Inativo Transitável,PC. NINA RODRIGUES
19-02-2020,Centro,Sé,Inativo Transitável,TN. PAPA JOAO PAULO II (REPUBLICA)
19-02-2020,Centro,Sé,Inativo Intransitável,R. TEIXEIRA LEITE (LIBERDADE)
19-02-2020,Centro,Sé,Inativo Intransitável,R. JUNQUEIRA FREIRE (LIBERDADE)
19-02-2020,Centro,Sé,Inativo Transitável,VEL. PRES JOAO GOULART (BARRA FUNDA)
19-02-2020,Zona Oeste,Butantã,Inativo Transitável,AV. GIOVANNI GRONCHI (JARDIM SAO LUIS)
19-02-2020,Zona Oeste,Lapa,Inativo Transitável,R. NORMA DE LUCA
19-02-2020,Zona Oeste,Pinheiros,Inativo Intransitável,TN. MAX FEFFER (PINHEIROS)
19-02-2020,Zona Oeste,Pinheiros,Inativo Transitável,AV. CHEDID JAFET (ITAIM BIBI)
19-02-2020,Zona Oeste,Pinheiros,Inativo Transitável,AV. SANTO AMARO (CAMPO BELO)
19-02-2020,Zona Oeste,Pinheiros,Inativo Intransitável,AV. DAS NACOES UNIDAS (ALTO DE PINHEIROS)
19-02-2020,Zona Sul,Santo Amaro,Inativo Transitável,R. JOAO ALFREDO (SANTO AMARO)
19-02-2020,Zona Sudeste,Ipiranga,Inativo Intransitável,PC. LEONOR KAUPA (CURSINO)
19-02-2020,Zona Sudeste,Ipiranga,Inativo Intransitável,AV. DO ESTADO (BOM RETIRO)
19-02-2020,Zona Sudeste,Vila Mariana,Inativo Intransitável,AV. RUBEM BERTA (MOEMA)
19-02-2020,Zona Sudeste,Vila Mariana,Inativo Transitável,AV. PROF ABRAAO DE MORAIS (CURSINO)
19-02-2020,Zona Sudeste,Vila Mariana,Inativo Intransitável,AV. VINTE E TRES DE MAIO (LIBERDADE)
19-02-2020,Zona Sudeste,Vila Mariana,Inativo Transitável,AV. REPUBLICA DO LIBANO (MOEMA)
19-02-2020,Zona Sudeste,Vila Mariana,Inativo Intransitável,AV. ANTONIO J. DE MOURA ANDRADE
19-02-2020,Zona Sudeste,Vila Mariana,Inativo Transitável,AV. IBIRAPUERA (MOEMA)
20-02-2020,Zona Norte,Perus,Inativo Transitável,R. FRANCIS DE CASTELNAU
20-02-2020,Zona Norte,Perus,Inativo Intransitável,PC. INACIO DIAS (PERUS)
20-02-2020,Centro,Sé,Inativo Transitável,AV. MERCURIO
20-02-2020,Centro,Sé,Inativo Transitável,AV. MERCURIO
20-02-2020,Zona Leste,Mooca,Inativo Transitável,AV. CELSO GARCIA
20-02-2020,Zona Leste,Mooca,Inativo Transitável,MARGINAL TIETE CBAS EXPRESSA
20-02-2020,Zona Leste,Mooca,Inativo Transitável,AV. ALCANTARA MACHADO (BELEM)
20-02-2020,Zona Leste,Mooca,Inativo Intransitável,AV. CELSO GARCIA (BELEM)
20-02-2020,Zona Leste,Mooca,Inativo Intransitável,AV. CELSO GARCIA (BELEM)
20-02-2020,Zona Leste,Mooca,Inativo Transitável,AV. CELSO GARCIA (BELEM)
20-02-2020,Zona Leste,Mooca,Inativo Transitável,R. MELO FREIRE (TATUAPE)
20-02-2020,Zona Leste,Penha,Inativo Intransitável,AV. CD DE FRONTIN (CARRAO)
21-02-2020,,,,
22-02-2020,,,,
23-02-2020,,,,
24-02-2020,Zona Norte,Casa Verde,Inativo Transitável,MARGINAL TIETE ASCB EXPRESSA (CASA VERDE)
24-02-2020,Zona Norte,Casa Verde,Inativo Transitável,AV. ANTONIO MUNHOZ BONILHA (LIMAO)
24-02-2020,Zona Norte,Perus,Inativo Transitável,AV. RAIMUNDO PEREIRA DE MAGALHAES (JARAGUA)
24-02-2020,Centro,Sé,Inativo Intransitável,R. MANOEL DUTRA (BELA VISTA)
24-02-2020,Centro,Sé,Inativo Intransitável,R. S PAULO (LIBERDADE)
24-02-2020,Centro,Sé,Inativo Transitável,R. CONS CARRAO (BELA VISTA)
24-02-2020,Centro,Sé,Inativo Transitável,R. STA. ISABEL
24-02-2020,Centro,Sé,Inativo Intransitável,AV. 23 DE MAIO
24-02-2020,Zona Oeste,Butantã,Inativo Intransitável,AV. PROF FRANCISCO MORATO (BUTANTA)
24-02-2020,Zona Oeste,Lapa,Inativo Intransitável,PC. PASCOAL MARTINS (BARRA FUNDA)
24-02-2020,Zona Oeste,Lapa,Inativo Transitável,AV. POMPEIA (BARRA FUNDA)
24-02-2020,Zona Oeste,Lapa,Inativo Intransitável,MARGINAL TIETE
24-02-2020,Zona Oeste,Pinheiros,Inativo Transitável,R. HARMONIA (PINHEIROS)
24-02-2020,Zona Oeste,Pinheiros,Inativo Transitável,PC. DAS GUIANAS (JARDIM PAULISTA)
24-02-2020,Zona Oeste,Pinheiros,Inativo Intransitável,AV. DAS NACOES UNIDAS (ALTO DE PINHEIROS)
24-02-2020,Zona Oeste,Pinheiros,Inativo Intransitável,R. STA JUSTINA (ITAIM BIBI)
24-02-2020,Zona Oeste,Pinheiros,Inativo Intransitável,R. BOLIVIA (JARDIM PAULISTA)
24-02-2020,Zona Oeste,Pinheiros,Inativo Transitável,AV. DAS NACOES UNIDAS (ALTO DE PINHEIROS)
24-02-2020,Zona Oeste,Pinheiros,Inativo Transitável,AV. DAS NACOES UNIDAS
24-02-2020,Zona Oeste,Pinheiros,Inativo Transitável,AV. DAS NACOES UNIDAS
24-02-2020,Zona Leste,Mooca,Inativo Intransitável,AV. CELSO GARCIA (BELEM)
24-02-2020,Zona Leste,Mooca,Inativo Transitável,AV. CELSO GARCIA (BELEM)
24-02-2020,Zona Sudeste,Ipiranga,Inativo Intransitável,R. PRES BATISTA PEREIRA (CAMBUCI)
24-02-2020,Zona Sudeste,Vila Mariana,Inativo Transitável,R. DR AMANCIO DE CARVALHO (VILA MARIANA)
24-02-2020,Zona Sudeste,Vila Mariana,Inativo Intransitável,AV. VINTE E TRES DE MAIO (LIBERDADE)
24-02-2020,Zona Sudeste,Vila Mariana,Inativo Transitável,AV. REPUBLICA DO LIBANO (MOEMA)
24-02-2020,Zona Sudeste,Vila Mariana,Inativo Intransitável,AV. ANTONIO J. DE MOURA ANDRADE (ITAIM BIBI)
25-02-2020,Zona Norte,Casa Verde,Inativo Transitável,AV. ANTONIO MUNHOZ BONILHA
25-02-2020,Zona Norte,Pirituba/Jaraguá,Inativo Intransitável,PÇ. FANDI CHAQUIB KALIL
25-02-2020,Centro,Sé,Inativo Transitável,AV. RIO BRANCO
25-02-2020,Zona Oeste,Butantã,Inativo Transitável,AV. VITAL BRASIL
25-02-2020,Zona Oeste,Lapa,Inativo Intransitável,PC. PASCOAL MARTINS
25-02-2020,Zona Oeste,Pinheiros,Inativo Transitável,AV. SANTO AMARO
25-02-2020,Zona Oeste,Pinheiros,Inativo Transitável,AV. DAS NAÇÕES UNIDAS
25-02-2020,Zona Leste,Mooca,Inativo Transitável,AV. ALCÂNTARA MACHADO (BELEM)
25-02-2020,Zona Leste,Mooca,Inativo Transitável,VD. DO GLICÉRIO (BRAS)
25-02-2020,Zona Sudeste,Ipiranga,Inativo Intransitável,AV. DO ESTADO (BOM RETIRO)
26-02-2020,Zona Norte,Vila Maria/ Vila Guilherme,Inativo Intransitável,AV. EDU CHAVES
26-02-2020,Zona Norte,Pirituba/Jaraguá,Inativo Transitável,AV. JORN. PAULO ZINGG
26-02-2020,Centro,Sé,Inativo Transitável,AV. MERCÚRIO
26-02-2020,Centro,Sé,Inativo Transitável,AV. DO. ESTADO
26-02-2020,Centro,Sé,Inativo Intransitável,PC. DA BANDEIRA
26-02-2020,Centro,Sé,Inativo Intransitável,AV. RIO BRANCO (REPUBLICA)
26-02-2020,Centro,Sé,Inativo Transitável,R. DA CANTAREIRA (BOM RETIRO)
26-02-2020,Zona Oeste,Butantã,Inativo Transitável,AV. EUSEBIO MATOSO (BUTANTA)
26-02-2020,Zona Oeste,Butantã,Inativo Transitável,AV. MAGALHAES DE CASTRO
26-02-2020,Zona Oeste,Pinheiros,Inativo Transitável,AV. DAS. NAÇÕES UNIDAS
26-02-2020,Zona Oeste,Pinheiros,Inativo Transitável,MARGINAL PINHEIROS INTCB
26-02-2020,Zona Oeste,Pinheiros,Inativo Transitável,AV. DAS NAÇÕES UNIDAS (ALTO DE PINHEIROS)
26-02-2020,Zona Oeste,Pinheiros,Inativo Transitável,AV. DAS NACOES UNIDAS (ALTO DE PINHEIROS)
26-02-2020,Zona Oeste,Pinheiros,Inativo Intransitável,AV. DAS NACOES UNIDAS (ALTO DE PINHEIROS)
26-02-2020,Zona Oeste,Pinheiros,Inativo Transitável,AV. DAS NACOES UNIDAS (ALTO DE PINHEIROS)
26-02-2020,Zona Oeste,Pinheiros,Inativo Transitável,MARGINAL PINHEIROS
26-02-2020,Zona Oeste,Pinheiros,Inativo Transitável,AV. DAS NAÇÕES UNIDAS
26-02-2020,Zona Leste,Mooca,Inativo Transitável,AV. CELSO GARCIA (BELEM)
26-02-2020,Zona Leste,Mooca,Inativo Transitável,VD. BRESSER
26-02-2020,Zona Leste,Vila Prudente,Inativo Transitável,AV. PAES DE BARROS (MOOCA)
26-02-2020,Zona Sul,Cidade Ademar,Inativo Transitável,R. MIGUEL YUNES
26-02-2020,Zona Sul,Campo Limpo,Inativo Intransitável,AV. CARLOS CALDEIRA FILHO
26-02-2020,Zona Sul,Campo Limpo,Inativo Intransitável,AV. CARLOS CALDEIRA FILHO
26-02-2020,Zona Sul,Capela do Socorro,Inativo Transitável,AV. JAIR RIBEIRO DA SILVA
26-02-2020,Zona Sul,M'Boi Mirim,Inativo Intransitável,AV. MARIA COELHO AGUIAR (JARDIM SAO LUIS)
26-02-2020,Zona Sul,Parelheiros,Inativo Transitável,ES. DA. COLONIA
26-02-2020,Zona Sul,Santo Amaro,Inativo Transitável,AV. DAS NACOES UNIDAS (ALTO DE PINHEIROS)
26-02-2020,Zona Sul,Santo Amaro,Inativo Intransitável,AV. VITOR MANZINI (SANTO AMARO)
26-02-2020,Zona Sul,Santo Amaro,Inativo Intransitável,AV. STO AMARO (CAMPO BELO)
26-02-2020,Zona Sul,Santo Amaro,Inativo Intransitável,AV. WASHINGTON LUIS
26-02-2020,Zona Sul,Santo Amaro,Inativo Intransitável,AV. DAS NAÇÕES UNIDAS
26-02-2020,Zona Sul,Santo Amaro,Inativo Intransitável,AV. DAS NAÇÕES UNIDAS
26-02-2020,Zona Sul,Santo Amaro,Inativo Intransitável,AC. A AV DAS NAÇÕES UNIDAS
26-02-2020,Zona Sudeste,Ipiranga,Inativo Transitável,R. MAJ. LÚCIO DIAS RAMOS
26-02-2020,Zona Sudeste,Vila Mariana,Inativo Transitável,AV. REPUBLICA DO LIBANO (MOEMA)
26-02-2020,Zona Sudeste,Vila Mariana,Inativo Intransitável,AV. VINTE E TRES DE MAIO (LIBERDADE)
26-02-2020,Zona Sudeste,Vila Mariana,Inativo Transitável,AV. ANTONIO J. DE MOURA ANDRADE (ITAIM BIBI)
27-02-2020,Centro,Sé,Inativo Transitável,AV. MERCURIO
27-02-2020,Centro,Sé,Inativo Transitável,R. CD. DO. PINHAL
27-02-2020,Centro,Sé,Inativo Transitável,AV. SANTOS DUMONT
27-02-2020,Zona Leste,Mooca,Inativo Transitável,AV. CRUZEIRO DO SUL
27-02-2020,Zona Sul,Parelheiros,Inativo Transitável,ES. DA. COLONIA
28-02-2020,Zona Norte,Santana,Inativo Transitável,R. DR. GABRIEL PIZA
29-02-2020,,,,
01-03-2020,,,,
02-03-2020,Zona Norte,Casa Verde,Inativo Intransitável,AV. ANTONIO MUNHOZ BONILHA (LIMAO)
02-03-2020,Zona Norte,Freguesia do Ó,Inativo Transitável,PTE. DO. PIQUERI JOELMIR BETING
02-03-2020,Zona Norte,Santana,Inativo Transitável,R. DARZAN
02-03-2020,Zona Norte,Santana,Inativo Transitável,AV. NOVA CANTAREIRA
02-03-2020,Zona Norte,Santana,Inativo Transitável,AV. CRUZEIRO DO SUL
02-03-2020,Centro,Sé,Inativo Transitável,PC. JERUSALEM
02-03-2020,Zona Leste,Mooca,Inativo Transitável,AV. CELSO GARCIA (BELEM)
02-03-2020,Zona Leste,Mooca,Inativo Transitável,AV. CELSO GARCIA (BELEM)
02-03-2020,Zona Leste,Mooca,Inativo Transitável,AV. CRUZEIRO DO SUL
03-03-2020,,,,
04-03-2020,,,,
05-03-2020,,,,
06-03-2020,,,,
07-03-2020,,,,
08-03-2020,Zona Norte,Casa Verde,Inativo Intransitável,MARGINAL TIETE ASCB EXPRESSA (CASA VERDE)
08-03-2020,Zona Norte,Perus,Inativo Intransitável,R. BERNARDO JOSE DE LORENA (PERUS)
08-03-2020,Centro,Sé,Inativo Transitável,AV. RIO BRANCO
08-03-2020,Zona Oeste,Lapa,Inativo Transitável,MARGINAL TIETE CBAS EXPRESSA
08-03-2020,Zona Oeste,Lapa,Inativo Transitável,MARGINAL TIETE CBAS CENTRAL
08-03-2020,Zona Oeste,Pinheiros,Inativo Transitável,AV. PRES JUSCELINO KUBITSCHEK (ITAIM BIBI)
08-03-2020,Zona Oeste,Pinheiros,Inativo Transitável,AV. DAS NACOES UNIDAS (ALTO DE PINHEIROS)
08-03-2020,Zona Sudeste,Vila Mariana,Inativo Transitável,AV. IBIRAPUERA (MOEMA)
09-03-2020,,,,
10-03-2020,,,,
11-03-2020,,,,
12-03-2020,,,,
13-03-2020,,,,
14-03-2020,,,,
15-03-2020,Zona Oeste,Lapa,Inativo Intransitável,AV. POMPEIA
15-03-2020,Zona Oeste,Lapa,Inativo Intransitável,AV. POMPEIA (BARRA FUNDA)
15-03-2020,Zona Oeste,Lapa,Inativo Intransitável,R. VENANCIO AIRES (LAPA)
15-03-2020,Zona Oeste,Pinheiros,Inativo Intransitável,R. GIRASSOL (ALTO DE PINHEIROS)
15-03-2020,Zona Leste,Mooca,Inativo Transitável,AV. CELSO GARCIA (BELEM)
15-03-2020,Zona Leste,Mooca,Inativo Intransitável,AV. CELSO GARCIA (BELEM)
15-03-2020,Zona Leste,Mooca,Inativo Intransitável,AV. CELSO GARCIA (BELEM)
15-03-2020,Zona Leste,Mooca,Inativo Intransitável,AV. CELSO GARCIA (BELEM)
15-03-2020,Zona Leste,Mooca,Inativo Transitável,AV. ALCANTARA MACHADO (BELEM)
15-03-2020,Zona Leste,Mooca,Inativo Transitável,AV. CELSO GARCIA (BELEM)
16-03-2020,Zona Leste,Aricanduva/ Vila Formosa,Inativo Intransitável,AV. ARICANDUVA (ARICANDUVA)
16-03-2020,Zona Leste,Aricanduva/ Vila Formosa,Inativo Intransitável,AV. DEZENOVE DE JANEIRO
16-03-2020,Zona Leste,Aricanduva/ Vila Formosa,Inativo Intransitável,AV. ARICANDUVA (ARICANDUVA)
16-03-2020,Zona Leste,Aricanduva/ Vila Formosa,Inativo Intransitável,AV. ARICANDUVA (ARICANDUVA)
16-03-2020,Zona Leste,Aricanduva/ Vila Formosa,Inativo Intransitável,AV. PROF. LUIZ IGNACIO ANHAIA MELLO
16-03-2020,Zona Leste,Itaquera,Inativo Intransitável,AV. ITAQUERA (CARRAO)
16-03-2020,Zona Leste,Itaquera,Inativo Intransitável,R. CUNHA PORA (ITAQUERA)
16-03-2020,Zona Leste,Itaquera,Inativo Intransitável,AV. ITAQUERA (CARRAO)
16-03-2020,Zona Leste,Itaquera,Inativo Intransitável,AV. ITAQUERA (CARRAO)
16-03-2020,Zona Leste,Itaim Paulista,Inativo Intransitável,RUA MANUEL BARBALHO DE LIMA
16-03-2020,Zona Leste,Mooca,Inativo Transitável,AV. CELSO GARCIA (BELEM)
16-03-2020,Zona Leste,Vila Prudente,Inativo Intransitável,R. FRANCISCO FETT (SAO LUCAS)
16-03-2020,Zona Leste,Vila Prudente,Inativo Intransitável,AV. PROF LUIZ IGNACIO ANHAIA MELLO (SAO LUCAS)
16-03-2020,Zona Leste,Vila Prudente,Inativo Intransitável,AV. PROF LUIZ IGNACIO ANHAIA MELLO (SAO LUCAS)
16-03-2020,Zona Leste,Vila Prudente,Inativo Intransitável,R. FRANCISCO FETT
16-03-2020,Zona Leste,Vila Prudente,Inativo Intransitável,AV. PROF LUIZ IGNACIO ANHAIA MELLO (SAO LUCAS)
16-03-2020,Zona Leste,Vila Prudente,Inativo Intransitável,AV. DR FRANCISCO MESQUITA (VILA PRUDENTE)
16-03-2020,Zona Sul,Capela do Socorro,Inativo Transitável,AV. JAIR RIBEIRO DA SILVA (CIDADE DUTRA)
16-03-2020,Zona Sudeste,Ipiranga,Inativo Intransitável,AV. DO ESTADO (BOM RETIRO)
16-03-2020,Zona Sudeste,Ipiranga,Inativo Intransitável,AV. DO ESTADO (BOM RETIRO)
17-03-2020,,,,
18-03-2020,,,,
19-03-2020,,,,
20-03-2020,,,,
21-03-2020,,,,
22-03-2020,,,,
23-03-2020,,,,
24-03-2020,,,,
25-03-2020,,,,
26-03-2020,,,,
27-03-2020,,,,
28-03-2020,,,,
29-03-2020,Zona Oeste,Pinheiros,Inativo Intransitável,MARGINAL PINHEIROS - PISTA LOCAL
29-03-2020,Zona Leste,Mooca,Inativo Intransitável,AV ALCANTARA MACHADO
29-03-2020,Zona Leste,Penha,Inativo Intransitável,AV GOVERNADOR CARVALHO PINTO
29-03-2020,Zona Sudeste,Vila Mariana,Inativo Intransitável,AV. VINTE E TRES DE MAIO
30-03-2020,,,,
31-03-2020,,,,
01-04-2020,,,,
02-04-2020,,,,
03-04-2020,,,,
04-04-2020,,,,
05-04-2020,,,,
06-04-2020,,,,
07-04-2020,,,,
08-04-2020,,,,
09-04-2020,,,,
10-04-2020,,,,
11-04-2020,,,,
12-04-2020,,,,
13-04-2020,,,,
14-04-2020,,,,
15-04-2020,,,,
16-04-2020,,,,
17-04-2020,,,,
18-04-2020,,,,
19-04-2020,,,,
20-04-2020,,,,
21-04-2020,,,,
22-04-2020,,,,
23-04-2020,,,,
24-04-2020,,,,
25-04-2020,,,,
26-04-2020,,,,
27-04-2020,,,,
28-04-2020,,,,
29-04-2020,,,,
30-04-2020,,,,
01-05-2020,,,,
02-05-2020,,,,
03-05-2020,,,,
04-05-2020,,,,
05-05-2020,,,,
06-05-2020,,,,
07-05-2020,Zona Leste,Itaquera,Inativo Transitável,AV. JACU PESSEGO N TRABALHADORES
08-05-2020,,,,
09-05-2020,,,,
10-05-2020,,,,
11-05-2020,,,,
12-05-2020,,,,
13-05-2020,,,,
14-05-2020,,,,
15-05-2020,,,,
16-05-2020,,,,
17-05-2020,,,,
18-05-2020,,,,
19-05-2020,,,,
20-05-2020,,,,
21-05-2020,,,,
22-05-2020,,,,
23-05-2020,,,,
24-05-2020,,,,
25-05-2020,,,,
26-05-2020,,,,
27-05-2020,,,,
28-05-2020,,,,
29-05-2020,,,,
30-05-2020,,,,
31-05-2020,,,,
01-06-2020,,,,
02-06-2020,,,,
03-06-2020,,,,
04-06-2020,,,,
05-06-2020,,,,
06-06-2020,Zona Oeste,Pinheiros,Inativo Intransitável,VD. CAMPO BELO
06-06-2020,Zona Leste,Vila Prudente,Inativo Intransitável,AV. PROF. LUIZ IGNACIO ANHAIA MELLO
06-06-2020,Zona Leste,Vila Prudente,Inativo Transitável,AV. PROF LUIZ IGNACIO ANHAIA MELLO (SAO LUCAS)
06-06-2020,Zona Sul,Santo Amaro,Inativo Transitável,PC. DOM. FRANCISCO DE SOUSA
06-06-2020,Zona Sudeste,Vila Mariana,Inativo Intransitável,AV. VINTE E TRES DE MAIO
07-06-2020,Zona Oeste,Butantã,Inativo Intransitável,AV. MAGALHAES DE CASTRO
07-06-2020,Zona Oeste,Pinheiros,Inativo Transitável,VD. CAMPO BELO (ITAIM BIBI)
07-06-2020,Zona Sul,Santo Amaro,Inativo Transitável,AV. VER. JOSE DINIZ
08-06-2020,,,,
09-06-2020,,,,
10-06-2020,,,,
11-06-2020,,,,
12-06-2020,,,,
13-06-2020,,,,
14-06-2020,,,,
15-06-2020,,,,
16-06-2020,,,,
17-06-2020,,,,
18-06-2020,,,,
19-06-2020,,,,
20-06-2020,,,,
21-06-2020,,,,
22-06-2020,,,,
23-06-2020,,,,
24-06-2020,,,,
25-06-2020,,,,
26-06-2020,Centro,Sé,Inativo Transitável,R. DA FIGUEIRA (BRAS)
26-06-2020,Centro,Sé,Inativo Intransitável,AV. PRES CASTELO BRANCO (BARRA FUNDA)
26-06-2020,Zona Oeste,Pinheiros,Inativo Transitável,AV. DAS. NACOES UNIDAS
26-06-2020,Zona Oeste,Pinheiros,Inativo Transitável,AV. PRES. JUSCELINO KUBITSCHEK
27-06-2020,Zona Norte,Casa Verde,Inativo Transitável,MARGINAL TIETE
27-06-2020,Zona Norte,Casa Verde,Inativo Transitável,MARGINAL TIETE
27-06-2020,Zona Norte,Casa Verde,Inativo Intransitável,MARGINAL TIETE
27-06-2020,Zona Norte,Casa Verde,Inativo Intransitável,MARGINAL TIETE
27-06-2020,Zona Norte,Freguesia do Ó,Inativo Transitável,AV. SANTA MARINA
27-06-2020,Zona Norte,Vila Maria/ Vila Guilherme,Inativo Intransitável,AV. MORVAN DIAS DE FIGUEIREDO
27-06-2020,Zona Norte,Vila Maria/ Vila Guilherme,Inativo Intransitável,AV. MORVAN DIAS DE FIGUEIREDO
27-06-2020,Zona Norte,Vila Maria/ Vila Guilherme,Inativo Transitável,AV. MORVAN DIAS DE FIGUEIREDO
27-06-2020,Zona Norte,Santana,Inativo Intransitável,MARGINAL TIETE
27-06-2020,Zona Norte,Santana,Inativo Transitável,MARGINAL TIETE
27-06-2020,Zona Norte,Santana,Inativo Transitável,MARGINAL TIETE
27-06-2020,Zona Norte,Santana,Inativo Intransitável,MARGINAL TIETE
27-06-2020,Zona Norte,Santana,Inativo Transitável,MARGINAL TIETE
27-06-2020,Centro,Sé,Inativo Transitável,AV. PAULISTA
27-06-2020,Centro,Sé,Inativo Transitável,AV. PRES. CASTELO BRANCO
27-06-2020,Centro,Sé,Inativo Intransitável,MARGINAL TIETE
27-06-2020,Zona Oeste,Lapa,Inativo Transitável,PC. DR. PEDRO CORAZZA
27-06-2020,Zona Oeste,Lapa,Inativo Intransitável,AV. CARDEAL SANTIAGO LUIS CAPELLO
27-06-2020,Zona Oeste,Lapa,Inativo Intransitável,AV. MOFARREJ
27-06-2020,Zona Oeste,Pinheiros,Inativo Intransitável,VD. CAMPO BELO
27-06-2020,Zona Oeste,Pinheiros,Inativo Intransitável,AV. DAS. NACOES UNIDAS
27-06-2020,Zona Oeste,Pinheiros,Inativo Intransitável,AV. DAS. NACOES UNIDAS
27-06-2020,Zona Oeste,Pinheiros,Inativo Intransitável,VD. CAMPO BELO
27-06-2020,Zona Leste,Itaim Paulista,Inativo Intransitável,AV. BRAZ DA ROCHA CARDOSO
27-06-2020,Zona Leste,Itaim Paulista,Inativo Intransitável,R. TITE LEMOS
27-06-2020,Zona Leste,Mooca,Inativo Transitável,AV. ALCANTARA MACHADO
27-06-2020,Zona Leste,Mooca,Inativo Transitável,AV. ALCANTARA MACHADO
27-06-2020,Zona Sul,Campo Limpo,Inativo Transitável,MARGINAL PINHEIROS
27-06-2020,Zona Sul,Santo Amaro,Inativo Intransitável,AV. JORN. ROBERTO MARINHO
27-06-2020,Zona Sul,Santo Amaro,Inativo Transitável,AV. DAS NACOES UNIDAS
27-06-2020,Zona Sudeste,Vila Mariana,Inativo Intransitável,AV. SANTO AMARO
28-06-2020,Zona Oeste,Pinheiros,Inativo Intransitável,VD. CAMPO BELO
29-06-2020,Zona Oeste,Pinheiros,Inativo Intransitável,VD. CAMPO BELO
30-06-2020,,,,
01-07-2020,Zona Oeste,Pinheiros,Inativo Transitável,VD. CAMPO BELO
01-07-2020,Zona Oeste,Pinheiros,Inativo Intransitável,VD. CAMPO BELO
02-07-2020,,,,
03-07-2020,Zona Oeste,Pinheiros,Inativo Intransitável,VD. CAMPO BELO
04-07-2020,Zona Oeste,Pinheiros,Inativo Intransitável,VD. CAMPO BELO
05-07-2020,Zona Oeste,Pinheiros,Inativo Intransitável,AV. JORN. ROBERTO MARINHO
06-07-2020,,,,
07-07-2020,,,,
08-07-2020,Zona Oeste,Pinheiros,Inativo Transitável,VD. CAMPO BELO
09-07-2020,,,,
10-07-2020,,,,
11-07-2020,,,,
12-07-2020,,,,
13-07-2020,,,,
14-07-2020,,,,
15-07-2020,,,,
16-07-2020,,,,
17-07-2020,,,,
18-07-2020,,,,
19-07-2020,,,,
20-07-2020,,,,
21-07-2020,,,,
22-07-2020,,,,
23-07-2020,,,,
24-07-2020,,,,
25-07-2020,,,,
26-07-2020,,,,
27-07-2020,,,,
28-07-2020,,,,
29-07-2020,,,,
30-07-2020,,,,
31-07-2020,,,,
01-08-2020,,,,
02-08-2020,,,,
03-08-2020,,,,
04-08-2020,,,,
05-08-2020,,,,
06-08-2020,,,,
07-08-2020,,,,
08-08-2020,,,,
09-08-2020,,,,
10-08-2020,,,,
11-08-2020,,,,
12-08-2020,,,,
13-08-2020,,,,
14-08-2020,,,,
15-08-2020,,,,
16-08-2020,Zona Oeste,Butantã,Inativo Transitável,MARGINAL PINHEIROS
16-08-2020,Zona Oeste,Pinheiros,Inativo Intransitável,R. MICHIGAN
16-08-2020,Zona Oeste,Pinheiros,Inativo Transitável,VD. CAMPO BELO
17-08-2020,Centro,Sé,Inativo Transitável,MARGINAL TIETE
17-08-2020,Zona Oeste,Pinheiros,Inativo Intransitável,VD. CAMPO BELO
18-08-2020,Zona Oeste,Butantã,Inativo Transitável,AV. ENG. BILLINGS
19-08-2020,Zona Sul,M'Boi Mirim,Inativo Transitável,ES. M BOI MIRIM
20-08-2020,,,,
21-08-2020,Zona Norte,Pirituba/Jaraguá,Inativo Transitável,AV. RAIMUNDO PEREIRA DE MAGALHÃES
21-08-2020,Centro,Sé,Inativo Transitável,VD. DO. CHÁ
21-08-2020,Centro,Sé,Inativo Transitável,R. BR. DE. CAMPINAS
21-08-2020,Zona Leste,São Miguel Paulista,Inativo Transitável,AV. BRÁS DA ROCHA CARDOSO
21-08-2020,Zona Sul,Campo Limpo,Inativo Transitável,ES. DE. ITAPECERICA
22-08-2020,Zona Norte,Santana,Inativo Intransitável,AL. NOTHMANN
22-08-2020,Centro,Sé,Inativo Intransitável,R. ANHAIA (BOM RETIRO)
22-08-2020,Zona Leste,São Miguel Paulista,Inativo Transitável,AV. BRÁS DA ROCHA CARDOSO
23-08-2020,Zona Norte,Pirituba/Jaraguá,Inativo Transitável,AV. ALEXIOS JAFET
24-08-2020,,,,
25-08-2020,,,,
26-08-2020,,,,
27-08-2020,,,,
28-08-2020,,,,
29-08-2020,,,,
30-08-2020,,,,
31-08-2020,,,,
01-09-2020,,,,
02-09-2020,,,,
03-09-2020,,,,
04-09-2020,,,,
05-09-2020,,,,
06-09-2020,,,,
07-09-2020,,,,
08-09-2020,,,,
09-09-2020,,,,
10-09-2020,,,,
11-09-2020,,,,
12-09-2020,,,,
13-09-2020,,,,
14-09-2020,,,,
15-09-2020,,,,
16-09-2020,,,,
17-09-2020,,,,
18-09-2020,,,,
19-09-2020,,,,
20-09-2020,,,,
21-09-2020,,,,
22-09-2020,Zona Sul,M'Boi Mirim,Inativo Transitável,R. JOAO ALFREDO
23-09-2020,,,,
24-09-2020,,,,
25-09-2020,,,,
26-09-2020,,,,
27-09-2020,,,,
28-09-2020,,,,
29-09-2020,,,,
30-09-2020,,,,
01-10-2020,,,,
02-10-2020,,,,
03-10-2020,,,,
04-10-2020,,,,
05-10-2020,,,,
06-10-2020,,,,
07-10-2020,,,,
08-10-2020,,,,
09-10-2020,Zona Norte,Pirituba/Jaraguá,Inativo Intransitável,AV. RAIMUNDO PEREIRA DE MAGALHÃES
09-10-2020,Zona Norte,Pirituba/Jaraguá,Inativo Intransitável,AV. RAIMUNDO PEREIRA DE MAGALHÃES
09-10-2020,Zona Norte,Santana,Inativo Transitável,AV. CRUZEIRO DO SUL
09-10-2020,Centro,Sé,Inativo Transitável,R. JUSTO AZAMBUJA
09-10-2020,Centro,Sé,Inativo Transitável,AL. NORTHMANN
09-10-2020,Centro,Sé,Inativo Transitável,AV. SÃO JOÃO
09-10-2020,Centro,Sé,Inativo Transitável,AV. RIO BRANCO
09-10-2020,Zona Oeste,Butantã,Inativo Transitável,AV. VITAL BRASIL
09-10-2020,Zona Oeste,Butantã,Inativo Transitável,AV. VITAL BRASIL
09-10-2020,Zona Oeste,Lapa,Inativo Transitável,VEL. PRES. JOÃO GOULART
09-10-2020,Zona Oeste,Lapa,Inativo Transitável,R. PALESTRA ITALIA
09-10-2020,Zona Oeste,Pinheiros,Inativo Transitável,AV. DRA. RUTH CARDOSO
09-10-2020,Zona Leste,Itaquera,Inativo Transitável,R. ITALINA
09-10-2020,Zona Leste,Mooca,Inativo Intransitável,PTE. PRES JANIO QUADROS (BELEM)
09-10-2020,Zona Sul,M'Boi Mirim,Inativo Intransitável,R. JOÃO ALFREDO
10-10-2020,,,,
11-10-2020,,,,
12-10-2020,,,,
13-10-2020,,,,
14-10-2020,,,,
15-10-2020,,,,
16-10-2020,,,,
17-10-2020,,,,
18-10-2020,,,,
19-10-2020,Zona Norte,Vila Maria/ Vila Guilherme,Inativo Intransitável,R. CHICO PONTES (VILA GUILHERME)
19-10-2020,Centro,Sé,Inativo Transitável,AV. RIO BRANCO (REPUBLICA)
19-10-2020,Zona Oeste,Pinheiros,Inativo Transitável,AV. STO AMARO (CAMPO BELO)
19-10-2020,Zona Oeste,Pinheiros,Inativo Intransitável,AV. STO. AMARO
19-10-2020,Zona Oeste,Pinheiros,Inativo Transitável,VD. ENG ANTONIO MOLITERNO (ITAIM BIBI)
19-10-2020,Zona Leste,Itaquera,Inativo Transitável,R. VICTORIO SANTIM
19-10-2020,Zona Leste,Mooca,Inativo Transitável,AV. CELSO GARCIA
19-10-2020,Zona Leste,Penha,Inativo Transitável,R. DR LUIZ AYRES (ARTUR ALVIM)
19-10-2020,Zona Leste,Vila Prudente,Inativo Intransitável,R. GOMES
19-10-2020,Zona Sul,Santo Amaro,Inativo Transitável,AV. NSRA. DE. SABARA
20-10-2020,Zona Norte,Casa Verde,Inativo Intransitável,PC. DEL AMOROSO NETO (CASA VERDE)
20-10-2020,Zona Norte,Casa Verde,Inativo Transitável,R. CÉSAR PENNA RAMOS
20-10-2020,Zona Norte,Casa Verde,Inativo Intransitável,R. QUIRINÓPOLIS
20-10-2020,Zona Norte,Casa Verde,Inativo Transitável,MARGINAL TIETE
20-10-2020,Zona Norte,Casa Verde,Inativo Intransitável,AV. ORDEM E PROGRESSO
20-10-2020,Zona Norte,Casa Verde,Inativo Intransitável,AV. INAJAR DE SOUZA (BRASILANDIA)
20-10-2020,Zona Norte,Freguesia do Ó,Inativo Transitável,AV. GAL EDGAR FACO (FREGUESIA DO O)
20-10-2020,Zona Norte,Jaçanã/ Tremembé,Inativo Intransitável,R. CONCHILIA
20-10-2020,Zona Norte,Jaçanã/ Tremembé,Inativo Transitável,AV. ANTONELO DA MESSINA
20-10-2020,Zona Norte,Jaçanã/ Tremembé,Inativo Transitável,R. USHIKICHI KAMIYA
20-10-2020,Zona Norte,Jaçanã/ Tremembé,Inativo Transitável,AV. CEL. SEZEFREDO FAGUNDES
20-10-2020,Zona Norte,Jaçanã/ Tremembé,Inativo Transitável,AV. CEL. SEZEFREDO FAGUNDES
20-10-2020,Zona Norte,Pirituba/Jaraguá,Inativo Intransitável,PC. FENELON GUEDES PEREIRA (SAO DOMINGOS)
20-10-2020,Zona Norte,Santana,Inativo Intransitável,AV. CRUZEIRO DO SUL (BOM RETIRO)
20-10-2020,Zona Norte,Santana,Inativo Intransitável,AV. ZAKI NARCHI (SANTANA)
20-10-2020,Centro,Sé,Inativo Transitável,AV. PRES CASTELO BRANCO (BARRA FUNDA)
20-10-2020,Centro,Sé,Inativo Transitável,MARGINAL TIETE
20-10-2020,Centro,Sé,Inativo Intransitável,PC. DA BANDEIRA (REPUBLICA)
20-10-2020,Centro,Sé,Inativo Intransitável,PC. QUATORZE BIS (BELA VISTA)
20-10-2020,Centro,Sé,Inativo Transitável,AV. SANTOS DUMONT (BOM RETIRO)
20-10-2020,Zona Oeste,Butantã,Inativo Transitável,MARGINAL PINHEIROS
20-10-2020,Zona Oeste,Lapa,Inativo Transitável,AV. MARQ DE SAO VICENTE (BARRA FUNDA)
20-10-2020,Zona Oeste,Lapa,Inativo Intransitável,R. BR DO BANANAL (PERDIZES)
20-10-2020,Zona Oeste,Lapa,Inativo Intransitável,AV. POMPEIA (BARRA FUNDA)
20-10-2020,Zona Oeste,Pinheiros,Inativo Transitável,VD. ENG ANTONIO MOLITERNO (ITAIM BIBI)
20-10-2020,Zona Oeste,Pinheiros,Inativo Transitável,MARGINAL PINHEIROS
20-10-2020,Zona Oeste,Pinheiros,Inativo Transitável,MARGINAL PINHEIROS
20-10-2020,Zona Oeste,Pinheiros,Inativo Intransitável,AV. STO AMARO (CAMPO BELO)
20-10-2020,Zona Oeste,Pinheiros,Inativo Intransitável,PC. FENELON GUEDES PEREIRA
20-10-2020,Zona Sudeste,Ipiranga,Inativo Transitável,RV. DOS IMIGRANTES (CURSINO)
20-10-2020,Zona Sudeste,Ipiranga,Inativo Intransitável,PC. LEONOR KAUPA (CURSINO)
20-10-2020,Zona Sudeste,Vila Mariana,Inativo Intransitável,AV. VINTE E TRES DE MAIO (LIBERDADE)
20-10-2020,Zona Sudeste,Vila Mariana,Inativo Intransitável,AV. PROF ABRAAO DE MORAIS (CURSINO)
21-10-2020,,,,
22-10-2020,,,,
23-10-2020,,,,
24-10-2020,Zona Norte,Santana,Inativo Transitável,AV. OLAVO FONTOURA
25-10-2020,Zona Norte,Vila Maria/ Vila Guilherme,Inativo Transitável,R. GIUSEPPE MARINO
25-10-2020,Zona Norte,Vila Maria/ Vila Guilherme,Inativo Transitável,AV. MORVAN DIAS DE FIGUEIREDO
25-10-2020,Zona Norte,Santana,Inativo Transitável,PC. DA. BANDEIRA
25-10-2020,Centro,Sé,Inativo Transitável,PC. DA BANDEIRA (REPUBLICA)
25-10-2020,Centro,Sé,Inativo Transitável,PQ. ANHANGABAU (REPUBLICA)
25-10-2020,Centro,Sé,Inativo Transitável,AV. PROF. FRANCISCO MORATO
25-10-2020,Centro,Sé,Inativo Intransitável,AV. DO. ESTADO
25-10-2020,Zona Oeste,Butantã,Inativo Transitável,AV. PROF FRANCISCO MORATO (BUTANTA)
25-10-2020,Zona Oeste,Butantã,Inativo Transitável,AV. DOS TAJURAS (MORUMBI)
25-10-2020,Zona Oeste,Pinheiros,Inativo Transitável,AV. NOVE DE JULHO
25-10-2020,Zona Oeste,Pinheiros,Inativo Transitável,TN. MAX FEFFER (ITAIM BIBI)
25-10-2020,Zona Oeste,Pinheiros,Inativo Transitável,MARGINAL PINHEIROS
25-10-2020,Zona Oeste,Pinheiros,Inativo Transitável,AV. DAS NACOES UNIDAS (ALTO DE PINHEIROS)
25-10-2020,Zona Oeste,Pinheiros,Inativo Intransitável,AV. DAS NACOES UNIDAS (ALTO DE PINHEIROS)
25-10-2020,Zona Leste,Mooca,Inativo Transitável,AV. RANGEL PESTANA (BRAS)
25-10-2020,Zona Leste,Mooca,Inativo Intransitável,AV. ALCANTARA MACHADO
25-10-2020,Zona Leste,Mooca,Inativo Transitável,VD. BRESSER
25-10-2020,Zona Sudeste,Ipiranga,Inativo Intransitável,R. PRES. BATISTA PEREIRA
25-10-2020,Zona Sudeste,Vila Mariana,Inativo Intransitável,AV. VINTE E TRES DE MAIO
25-10-2020,Zona Sudeste,Vila Mariana,Inativo Transitável,AV. REPUBLICA DO LIBANO (MOEMA)
25-10-2020,Zona Sudeste,Vila Mariana,Inativo Transitável,AV. ANTONIO J. DE MOURA ANDRADE (ITAIM BIBI)
25-10-2020,Zona Sudeste,Vila Mariana,Inativo Transitável,AV. ANTONIO J. DE MOURA ANDRADE
26-10-2020,,,,
27-10-2020,,,,
28-10-2020,,,,
29-10-2020,,,,
30-10-2020,Zona Norte,Pirituba/Jaraguá,Inativo Transitável,AV. RAIMUNDO PEREIRA DE MAGALHAES (JARAGUA)
30-10-2020,Zona Norte,Santana,Inativo Transitável,AV. OLAVO FONTOURA
30-10-2020,Zona Norte,Santana,Inativo Transitável,R. DARZAN
30-10-2020,Zona Oeste,Pinheiros,Inativo Transitável,AV. DAS NACOES UNIDAS (ALTO DE PINHEIROS)
30-10-2020,Zona Oeste,Pinheiros,Inativo Transitável,AV. SANTO AMARO (CAMPO BELO)
30-10-2020,Zona Leste,Mooca,Inativo Transitável,AV. DO ESTADO (BOM RETIRO)
30-10-2020,Zona Leste,Mooca,Inativo Intransitável,AV. DO. ESTADO
30-10-2020,Zona Sul,M'Boi Mirim,Inativo Transitável,AV. JOAO DIAS
30-10-2020,Zona Sul,Santo Amaro,Inativo Intransitável,AV. JORN. ROBERTO MARINHO
31-10-2020,,,,
01-11-2020,,,,
02-11-2020,,,,
03-11-2020,,,,
04-11-2020,,,,
05-11-2020,,,,
06-11-2020,,,,
07-11-2020,,,,
08-11-2020,,,,
09-11-2020,,,,
10-11-2020,,,,
11-11-2020,Zona Norte,Casa Verde,Inativo Intransitável,AV. ANTONIO MUNHOZ BONILHA
11-11-2020,Zona Norte,Casa Verde,Inativo Transitável,MARGINAL TIETE
11-11-2020,Zona Norte,Vila Maria/ Vila Guilherme,Inativo Transitável,R. CEL. MARQUES RIBEIRO
11-11-2020,Centro,Sé,Inativo Intransitável,PC. DA BANDEIRA (REPUBLICA)
11-11-2020,Centro,Sé,Inativo Transitável,VEL. PRES JOAO GOULART (BARRA FUNDA)
11-11-2020,Centro,Sé,Inativo Transitável,R. MATARAZZO
11-11-2020,Centro,Sé,Inativo Intransitável,AV. MERCURIO
11-11-2020,Zona Oeste,Butantã,Inativo Transitável,R. SAPETUBA
11-11-2020,Zona Oeste,Lapa,Inativo Intransitável,R. PALESTRA ITALIA (BARRA FUNDA)
11-11-2020,Zona Oeste,Pinheiros,Inativo Transitável,AV. DAS NACOES UNIDAS (ALTO DE PINHEIROS)
11-11-2020,Zona Oeste,Pinheiros,Inativo Transitável,PC. PAN-AMERICANA
11-11-2020,Zona Oeste,Pinheiros,Inativo Intransitável,AV. STO AMARO (CAMPO BELO)
11-11-2020,Zona Leste,Mooca,Inativo Intransitável,R. BRESSER (BRAS)
11-11-2020,Zona Leste,Mooca,Inativo Transitável,R. DA MOOCA (AGUA RASA)
11-11-2020,Zona Leste,Mooca,Inativo Intransitável,AV. ALCANTARA MACHADO (BELEM)
11-11-2020,Zona Leste,Mooca,Inativo Transitável,AV. ALCANTARA MACHADO (BELEM)
11-11-2020,Zona Leste,Mooca,Inativo Intransitável,AV. MERCURIO (SE)
11-11-2020,Zona Sudeste,Ipiranga,Inativo Intransitável,AV. DO. ESTADO
12-11-2020,Zona Norte,Santana,Inativo Transitável,R. DARZAN
12-11-2020,Zona Oeste,Pinheiros,Inativo Transitável,R. OLIVIA FEDER (ITAIM BIBI)
12-11-2020,Zona Oeste,Pinheiros,Inativo Transitável,AV. DAS NACOES UNIDAS (ALTO DE PINHEIROS)
13-11-2020,Zona Oeste,Pinheiros,Inativo Intransitável,AV. STO AMARO (CAMPO BELO)
14-11-2020,,,,
15-11-2020,,,,
16-11-2020,,,,
17-11-2020,Zona Norte,Pirituba/Jaraguá,Inativo Transitável,AV. ELISIO TEIXEIRA LEITE
17-11-2020,Zona Norte,Pirituba/Jaraguá,Inativo Transitável,AV. RAIMUNDO PEREIRA DE MAGALHAES
17-11-2020,Centro,Sé,Inativo Transitável,AV. MERCURIO
17-11-2020,Centro,Sé,Inativo Transitável,AV. DO. ESTADO
17-11-2020,Centro,Sé,Inativo Transitável,AV. RIO BRANCO
17-11-2020,Zona Oeste,Pinheiros,Inativo Transitável,AV. DR. ENEAS CARVALHO DE AGUIAR
17-11-2020,Zona Leste,Itaquera,Inativo Transitável,AV. JOSE PINHEIRO BORGES
17-11-2020,Zona Leste,Mooca,Inativo Transitável,AV. DO. ESTADO
17-11-2020,Zona Leste,Mooca,Inativo Transitável,AV. ALCANTARA MACHADO
17-11-2020,Zona Sul,M'Boi Mirim,Inativo Transitável,R. JOAO ALFREDO
17-11-2020,Zona Sul,M'Boi Mirim,Inativo Transitável,AV. VITOR MANZINI
17-11-2020,Zona Sul,Santo Amaro,Inativo Transitável,AV. VITOR MANZINI (SANTO AMARO)
17-11-2020,Zona Sul,Santo Amaro,Inativo Transitável,R. JOAO ALFREDO (SANTO AMARO)
17-11-2020,Zona Sul,Santo Amaro,Inativo Transitável,VD. ENG ANTONIO MOLITERNO (ITAIM BIBI)
18-11-2020,Zona Norte,Vila Maria/ Vila Guilherme,Inativo Transitável,R. JOSE BERNARDO PINTO
18-11-2020,Zona Norte,Pirituba/Jaraguá,Inativo Transitável,R. COMEN. J. DE MATOS
18-11-2020,Zona Norte,Santana,Inativo Transitável,AV. DO. ESTADO
18-11-2020,Centro,Sé,Inativo Transitável,AV. DO. ESTADO
18-11-2020,Centro,Sé,Inativo Transitável,AV. DO ESTADO
18-11-2020,Centro,Sé,Inativo Transitável,PC. S VITO
18-11-2020,Zona Oeste,Lapa,Inativo Transitável,PC. DR PEDRO CORAZZA
18-11-2020,Zona Sul,Santo Amaro,Inativo Transitável,VD. ENG. ANTONIO MOLITERNO
19-11-2020,,,,
20-11-2020,,,,
21-11-2020,,,,
22-11-2020,,,,
23-11-2020,,,,
24-11-2020,,,,
25-11-2020,,,,
26-11-2020,,,,
27-11-2020,,,,
28-11-2020,,,,
29-11-2020,,,,
30-11-2020,Centro,Sé,Inativo Intransitável,AV. VINTE E TRES DE MAIO (LIBERDADE)
30-11-2020,Centro,Sé,Inativo Transitável,AV. S. JOAO
30-11-2020,Centro,Sé,Inativo Intransitável,R. S PAULO (LIBERDADE)
30-11-2020,Centro,Sé,Inativo Intransitável,TN. PAPA JOAO PAULO II (REPUBLICA)
30-11-2020,Centro,Sé,Inativo Transitável,AV. SANTOS DUMONT (BOM RETIRO)
30-11-2020,Centro,Sé,Inativo Transitável,VEL. PRES JOAO GOULART (BARRA FUNDA)
30-11-2020,Centro,Sé,Inativo Transitável,AV. RIO BRANCO
30-11-2020,Centro,Sé,Inativo Transitável,VEL. PRES. JOAO GOULART
30-11-2020,Centro,Sé,Inativo Transitável,R. BRA. DE. PORTO CARREIRO
30-11-2020,Zona Oeste,Lapa,Inativo Intransitável,VEL. PRES JOAO GOULART (BARRA FUNDA)
30-11-2020,Zona Oeste,Lapa,Inativo Transitável,PC. PASCOAL MARTINS (BARRA FUNDA)
30-11-2020,Zona Oeste,Pinheiros,Inativo Transitável,AV. DAS NACOES UNIDAS (ALTO DE PINHEIROS)
30-11-2020,Zona Sul,Campo Limpo,Inativo Intransitável,AV. ELLIS MAAS
30-11-2020,Zona Sul,Santo Amaro,Inativo Transitável,R. JOAO ALFREDO
01-12-2020,Zona Norte,Casa Verde,Inativo Transitável,AV. INAJAR DE SOUZA (BRASILANDIA)
01-12-2020,Zona Oeste,Pinheiros,Inativo Transitável,AV. DAS NACOES UNIDAS (ALTO DE PINHEIROS)
01-12-2020,Zona Leste,Mooca,Inativo Transitável,AV. CELSO GARCIA
01-12-2020,Zona Leste,Vila Prudente,Inativo Intransitável,AV. PROF LUIZ IGNACIO ANHAIA MELLO (SAO LUCAS)
01-12-2020,Zona Sudeste,Vila Mariana,Inativo Intransitável,AV. VINTE E TRES DE MAIO (LIBERDADE)
01-12-2020,Zona Sudeste,Vila Mariana,Inativo Intransitável,AV. RUBEM BERTA (MOEMA)
01-12-2020,Zona Sudeste,Vila Mariana,Inativo Transitável,AV. PROF ABRAAO DE MORAIS (CURSINO)
02-12-2020,,,,
03-12-2020,,,,
04-12-2020,,,,
05-12-2020,,,,
06-12-2020,,,,
07-12-2020,,,,
08-12-2020,Zona Norte,Casa Verde,Inativo Transitável,AV. ORDEM E PROGRESSO
08-12-2020,Zona Norte,Casa Verde,Inativo Intransitável,AV. ANTONIO MUNHOZ BONILHA (LIMAO)
08-12-2020,Zona Norte,Casa Verde,Inativo Intransitável,AV. NSRA. DO. O
08-12-2020,Zona Norte,Vila Maria/ Vila Guilherme,Inativo Transitável,MARGINAL TIETE (CASA VERDE)
08-12-2020,Zona Norte,Santana,Inativo Transitável,AV. ZAKI NARCHI
08-12-2020,Centro,Sé,Inativo Transitável,VEL. PRES JOAO GOULART (BARRA FUNDA)
08-12-2020,Centro,Sé,Inativo Transitável,AV. SANTOS DUMONT
08-12-2020,Centro,Sé,Inativo Transitável,AV. DO. ESTADO
08-12-2020,Centro,Sé,Inativo Transitável,AV. RIO BRANCO (REPUBLICA)
08-12-2020,Centro,Sé,Inativo Transitável,AV. PRES CASTELO BRANCO (BARRA FUNDA)
08-12-2020,Centro,Sé,Inativo Transitável,PC. DA BANDEIRA (REPUBLICA)
08-12-2020,Centro,Sé,Inativo Transitável,R. CAPISTRANO DE ABREU
08-12-2020,Zona Oeste,Lapa,Inativo Intransitável,R. JEROAQUARA (LAPA)
08-12-2020,Zona Oeste,Lapa,Inativo Intransitável,PC. PASCOAL MARTINS (BARRA FUNDA)
08-12-2020,Zona Oeste,Lapa,Inativo Intransitável,AV. POMPEIA (BARRA FUNDA)
08-12-2020,Zona Oeste,Lapa,Inativo Intransitável,VD. POMPEIA (BARRA FUNDA)
08-12-2020,Zona Oeste,Lapa,Inativo Transitável,PC. MARREY JUNIOR (PERDIZES)
08-12-2020,Zona Oeste,Pinheiros,Inativo Transitável,AV. PEDROSO DE MORAIS (ALTO DE PINHEIROS)
08-12-2020,Zona Oeste,Pinheiros,Inativo Transitável,AV. DAS NACOES UNIDAS (ALTO DE PINHEIROS)
08-12-2020,Zona Leste,Mooca,Inativo Transitável,AV. CELSO GARCIA (BELEM)
09-12-2020,,,,
10-12-2020,,,,
11-12-2020,Zona Leste,Itaquera,Inativo Intransitável,R. PDE VIEGAS DE MENEZES
11-12-2020,Zona Leste,Itaquera,Inativo Intransitável,AV. DOS CAMPANELLAS
11-12-2020,Zona Leste,Itaim Paulista,Inativo Transitável,RUA MANUEL BARBALHO DE LIMA
12-12-2020,,,,
13-12-2020,,,,
14-12-2020,,,,
15-12-2020,Zona Norte,Vila Maria/ Vila Guilherme,Inativo Intransitável,AV. ZAKI NARCHI
15-12-2020,Zona Norte,Vila Maria/ Vila Guilherme,Inativo Transitável,R. CEL. MARQUES RIBEIRO
15-12-2020,Centro,Sé,Inativo Transitável,VD. DO. GLICERIO
15-12-2020,Centro,Sé,Inativo Transitável,VEL. PRES JOÃO GOULART (BARRA FUNDA)
15-12-2020,Centro,Sé,Inativo Transitável,AV. RIO BRANCO (REPUBLICA)
15-12-2020,Centro,Sé,Inativo Transitável,AV. RIO BRANCO
15-12-2020,Zona Oeste,Pinheiros,Inativo Transitável,AV. STO AMARO (CAMPO BELO)
15-12-2020,Zona Leste,Mooca,Inativo Transitável,AV. RANGEL PESTANA
15-12-2020,Zona Leste,Mooca,Inativo Transitável,AV. ALCANTARA MACHADO
15-12-2020,Zona Leste,Mooca,Inativo Transitável,VD. BRESSER-ROMUALDO HATTY (BRAS)
15-12-2020,Zona Sul,Santo Amaro,Inativo Transitável,R. JOÃO ALFREDO
15-12-2020,Zona Sul,Santo Amaro,Inativo Transitável,AV. VITOR MANZINI (SANTO AMARO)
16-12-2020,Zona Norte,Vila Maria/ Vila Guilherme,Inativo Transitável,R. CEL. MARQUES RIBEIRO
16-12-2020,Zona Norte,Vila Maria/ Vila Guilherme,Inativo Transitável,AL. PSARG. BASILIO NOGUEIRA DA COSTA
16-12-2020,Zona Norte,Santana,Inativo Transitável,AV. GAL. ATALIBA LEONEL
16-12-2020,Zona Norte,Santana,Inativo Transitável,VEL. PRES. JOAO GOULART
16-12-2020,Centro,Sé,Inativo Transitável,VEL. PRES JOAO GOULART (BARRA FUNDA)
17-12-2020,,,,
18-12-2020,Zona Oeste,Pinheiros,Inativo Transitável,AV. DAS NACOES UNIDAS
18-12-2020,Zona Leste,Itaquera,Inativo Transitável,VD. LADEIRA DO XISTO
18-12-2020,Zona Leste,Itaquera,Inativo Transitável,AV. JOSE PINHEIRO BORGES
18-12-2020,Zona Leste,Mooca,Inativo Transitável,R. DR. LUIZ AYRES
18-12-2020,Zona Leste,Mooca,Inativo Transitável,AV. CELSO GARCIA
18-12-2020,Zona Leste,Penha,Inativo Transitável,R. CRISPIM DO AMARAL
18-12-2020,Zona Leste,Vila Prudente,Inativo Transitável,AV. PROF LUIZ IGNACIO ANHAIA MELLO
19-12-2020,Zona Norte,Vila Maria/ Vila Guilherme,Inativo Transitável,AV. EDUC. PAULO FREIRE
19-12-2020,Zona Norte,Pirituba/Jaraguá,Inativo Transitável,AV. RAIMUNDO PEREIRA DE MAGALHAES
19-12-2020,Zona Sul,M'Boi Mirim,Inativo Transitável,AV. VITOR MANZINI
19-12-2020,Zona Sudeste,Vila Mariana,Inativo Intransitável,AV. VINTE E TRES DE MAIO
20-12-2020,Zona Norte,Vila Maria/ Vila Guilherme,Inativo Transitável,R. CHICO PONTES
20-12-2020,Centro,Sé,Inativo Transitável,AV. RIO BRANCO
20-12-2020,Centro,Sé,Inativo Transitável,AV. MERCURIO
20-12-2020,Zona Oeste,Pinheiros,Inativo Intransitável,AV. STO AMARO (CAMPO BELO)
20-12-2020,Zona Oeste,Pinheiros,Inativo Transitável,AV. DAS. NACOES UNIDAS
20-12-2020,Zona Sul,Santo Amaro,Inativo Transitável,AV. JORN. ROBERTO MARINHO
20-12-2020,Zona Sudeste,Vila Mariana,Inativo Transitável,R. VERGUEIRO
20-12-2020,Zona Sudeste,Vila Mariana,Inativo Transitável,AV. VINTE E TRES DE MAIO
21-12-2020,Zona Norte,Vila Maria/ Vila Guilherme,Inativo Transitável,AV. ZAKI NARCHI
21-12-2020,Zona Leste,São Miguel Paulista,Inativo Transitável,AV. MARECHAL TITO
21-12-2020,Zona Leste,São Miguel Paulista,Inativo Intransitável,R. MANOEL B. DE LIMA
21-12-2020,Zona Leste,São Miguel Paulista,Inativo Intransitável,AV. BRAS DA ROCHA CARDOSO
22-12-2020,Zona Norte,Pirituba/Jaraguá,Inativo Intransitável,AV. RAIMUNDO PEREIRA DE MAGALHAES
22-12-2020,Zona Oeste,Pinheiros,Inativo Transitável,VD. ENG ANTONIO MOLITERNO (ITAIM BIBI)
22-12-2020,Zona Sul,M'Boi Mirim,Inativo Transitável,R. JOAO ALFREDO
23-12-2020,,,,
24-12-2020,,,,
25-12-2020,,,,
26-12-2020,,,,
27-12-2020,Zona Oeste,Pinheiros,Inativo Intransitável,VD. ENG ANTONIO MOLITERNO (ITAIM BIBI)
27-12-2020,Zona Sul,Santo Amaro,Inativo Transitável,R. JOAO ALFREDO
28-12-2020,Zona Norte,Casa Verde,Inativo Intransitável,AV. NSRA. DO. O
28-12-2020,Zona Norte,Vila Maria/ Vila Guilherme,Inativo Transitável,R. CEL. MARQUES RIBEIRO
28-12-2020,Zona Norte,Perus,Inativo Intransitável,R BERNARDO JOSE DE LORENA
28-12-2020,Zona Norte,Perus,Inativo Intransitável,R JOAO JOSE DE GODOI
28-12-2020,Zona Norte,Perus,Inativo Intransitável,R JOAQUIM DE SOUSA
28-12-2020,Zona Norte,Perus,Inativo Intransitável,PRAÇA INÁCIO DIAS
29-12-2020,Zona Norte,Vila Maria/ Vila Guilherme,Inativo Intransitável,R. MARIA CANDIDA (VILA GUILHERME)
29-12-2020,Zona Norte,Pirituba/Jaraguá,Inativo Intransitável,AV. RAIMUNDO PEREIRA DE MAGALHAES
29-12-2020,Zona Norte,Pirituba/Jaraguá,Inativo Intransitável,AV. RAIMUNDO PEREIRA DE MAGALHÃES
29-12-2020,Zona Norte,Perus,Inativo Intransitável,AV. RAIMUNDO PEREIRA DE MAGALHAES
29-12-2020,Centro,Sé,Inativo Intransitável,MARGINAL TIETE(BARRA FUNDA)
29-12-2020,Zona Oeste,Butantã,Inativo Intransitável,PC. ROBERTO GOMES PEDROSA (MORUMBI)
29-12-2020,Zona Oeste,Butantã,Inativo Intransitável,MARGINAL PINHEIROS (BUTANTÃ)
29-12-2020,Zona Oeste,Butantã,Inativo Intransitável,AV. JULES RIMET
29-12-2020,Zona Oeste,Pinheiros,Inativo Intransitável,MARGINAL PINHEIROS (ALTO DE PINHEIROS)
29-12-2020,Zona Oeste,Pinheiros,Inativo Intransitável,R. STA JUSTINA (ITAIM BIBI)
29-12-2020,Zona Oeste,Pinheiros,Inativo Intransitável,R. STA. JUSTINA
29-12-2020,Zona Oeste,Pinheiros,Inativo Intransitável,R. MICHEL MILAN (ITAIM BIBI)
29-12-2020,Zona Oeste,Pinheiros,Inativo Intransitável,AV. DAS NACOES UNIDAS (ALTO DE PINHEIROS)
29-12-2020,Zona Oeste,Pinheiros,Inativo Intransitável,MARGINAL PINHEIROS (ALTO DE PINHEIROS)
29-12-2020,Zona Leste,Ermelino Matarazzo,Inativo Intransitável,R. DONA. MARIA CANDIDA
29-12-2020,Zona Leste,Itaquera,Inativo Intransitável,R. PDE VIEGAS DE MENEZES (ITAQUERA)
29-12-2020,Zona Leste,Penha,Inativo Transitável,AV. CD. DE. FRONTIN
29-12-2020,Zona Leste,Vila Prudente,Inativo Intransitável,AV. PROF LUIZ IGNÁCIO ANHAIA MELLO (SAO LUCAS)
29-12-2020,Zona Leste,Vila Prudente,Inativo Intransitável,AV. PROF LUIZ IGNACIO ANHAIA MELLO
29-12-2020,Zona Sul,Cidade Ademar,Inativo Intransitável,AV. INTERLAGOS
29-12-2020,Zona Sul,Campo Limpo,Inativo Intransitável,ES. DO CAMPO LIMPO (CAMPO LIMPO)
29-12-2020,Zona Sul,Campo Limpo,Inativo Intransitável,ES. DO CAMPO LIMPO (CAMPO LIMPO)
29-12-2020,Zona Sul,Campo Limpo,Inativo Intransitável,R. DOS. MERCANTEIS
29-12-2020,Zona Sul,Campo Limpo,Inativo Transitável,R. INTEGRADA
29-12-2020,Zona Sul,Campo Limpo,Inativo Intransitável,AV. ELLIS MAAS
29-12-2020,Zona Sul,Campo Limpo,Inativo Intransitável,AV. ALBERTO AUGUSTO ALVES (JARDIM SAO LUIS)
29-12-2020,Zona Sul,Campo Limpo,Inativo Intransitável,AV. GIOVANNI GRONCHI (JARDIM SAO LUIS)
29-12-2020,Zona Sul,Capela do Socorro,Inativo Intransitável,AV. GUARAPIRANGA (JARDIM SAO LUÍS)
29-12-2020,Zona Sul,M'Boi Mirim,Inativo Intransitável,AV. MARIA COELHO AGUIAR
29-12-2020,Zona Sul,Santo Amaro,Inativo Transitável,R. CHAFIC MALUF
29-12-2020,Zona Sul,Santo Amaro,Inativo Intransitável,AV. ROQUE PETRONI JUNIOR (ITAIM BIBI)
29-12-2020,Zona Sul,Santo Amaro,Inativo Intransitável,AV. DOS BANDEIRANTES (CAMPO BELO)
29-12-2020,Zona Sul,Santo Amaro,Inativo Intransitável,AV. DAS. NACÕES UNIDAS
29-12-2020,Zona Sul,Santo Amaro,Inativo Intransitável,AV. DAS NACOES UNIDAS (ALTO DE PINHEIROS)
29-12-2020,Zona Sudeste,Vila Mariana,Inativo Intransitável,AV. VINTE E TRÊS DE MAIO (LIBERDADE)
29-12-2020,Zona Sudeste,Vila Mariana,Inativo Intransitável,AV. PROF. ABRAAO DE MORAIS
29-12-2020,Zona Sudeste,Vila Mariana,Inativo Intransitável,AV. IBIRAPUERA (MOEMA)
29-12-2020,Zona Sudeste,Vila Mariana,Inativo Intransitável,AV. RUBEM BERTA (MOEMA)
29-12-2020,Zona Sudeste,Vila Mariana,Inativo Intransitável,AV. ARATAS
29-12-2020,Zona Sudeste,Vila Mariana,Inativo Intransitável,AV. PROF ABRAÃO DE MORAIS (CURSINO)
30-12-2020,Zona Norte,Santana,Inativo Transitável,R. DA FIGUEIRA
30-12-2020,Zona Oeste,Pinheiros,Inativo Intransitável,AV. STO. AMARO
30-12-2020,Zona Sul,Campo Limpo,Inativo Intransitável,AV. ALBERTO AUGUSTO ALVES
30-12-2020,Zona Sul,Campo Limpo,Inativo Intransitável,AV. GIOVANNI GRONCHI
30-12-2020,Zona Sul,M'Boi Mirim,Inativo Intransitável,AV. ALBERTO AUGUSTO ALVES
31-12-2020,Zona Oeste,Pinheiros,Inativo Intransitável,VD. STO AMARO (ITAIM BIBI)
31-12-2020,Zona Oeste,Pinheiros,Inativo Transitável,AV. STO. AMARO
01-01-2021,Zona Norte,Casa Verde,Inativo Intransitável,AV. ANTONIO MUNHOZ BONILHA
01-01-2021,Zona Norte,Casa Verde,Inativo Transitável,MARGINAL TIETE
01-01-2021,Zona Norte,Vila Maria/ Vila Guilherme,Inativo Transitável,R. JOSE BERNARDO PINTO
01-01-2021,Zona Norte,Vila Maria/ Vila Guilherme,Inativo Intransitável,R. CEL MARQUES RIBEIRO
01-01-2021,Zona Norte,Santana,Inativo Intransitável,AV. CRUZEIRO DO SUL
01-01-2021,Zona Norte,Santana,Inativo Transitável,AV. ZAKI NARCHI
01-01-2021,Zona Norte,Santana,Inativo Intransitável,AV. PRES CASTELO BRANCO
01-01-2021,Zona Norte,Santana,Inativo Transitável,AV. MORVAN DIAS DE FIGUEIREDO
01-01-2021,Centro,Sé,Inativo Transitável,AV. RIO BRANCO
01-01-2021,Centro,Sé,Inativo Transitável,AV. SANTOS DUMONT
01-01-2021,Centro,Sé,Inativo Intransitável,TN. PAPA JOAO PAULO II
01-01-2021,Zona Oeste,Lapa,Inativo Transitável,R. CORIOLANO
01-01-2021,Zona Oeste,Lapa,Inativo Transitável,AV. POMPEIA
01-01-2021,Zona Oeste,Pinheiros,Inativo Intransitável,TN. JORN FERNANDO VIEIRA DE MELLO
01-01-2021,Zona Oeste,Pinheiros,Inativo Transitável,R. HARMONIA
01-01-2021,Zona Oeste,Pinheiros,Inativo Intransitável,TN. MAX FEFFER
01-01-2021,Zona Leste,Mooca,Inativo Transitável,AV. RANGEL PESTANA
01-01-2021,Zona Leste,Mooca,Inativo Intransitável,AV. ALCANTARA MACHADO
01-01-2021,Zona Leste,Mooca,Inativo Transitável,AV. ALCANTARA MACHADO
01-01-2021,Zona Leste,Mooca,Inativo Transitável,AV. CELSO GARCIA
01-01-2021,Zona Sul,Santo Amaro,Inativo Transitável,AV. STO AMARO
01-01-2021,Zona Sudeste,Vila Mariana,Inativo Transitável,AV. VINTE E TRES DE MAIO
02-01-2021,,,,
03-01-2021,,,,
04-01-2021,,,,
05-01-2021,,,,
06-01-2021,,,,
07-01-2021,,,,
08-01-2021,,,,
09-01-2021,Zona Leste,Penha,Inativo Transitável,AV. CD DE FRONTIN (CARRÃO)
10-01-2021,Zona Norte,Jaçanã/ Tremembé,Inativo Intransitável,AV. SANATÓRIO
10-01-2021,Centro,Sé,Inativo Intransitável,R. PRES. BATISTA PEREIRA
10-01-2021,Centro,Sé,Inativo Intransitável,AV. DO ESTADO (BOM RETIRO)
10-01-2021,Centro,Sé,Inativo Intransitável,R. PEDRA AZUL (LIBERDADE)
10-01-2021,Zona Leste,Mooca,Inativo Intransitável,AV. ALCANTARA MACHADO (BELEM)
10-01-2021,Zona Sudeste,Ipiranga,Inativo Intransitável,AV. DO ESTADO (BOM RETIRO)
10-01-2021,Zona Sudeste,Ipiranga,Inativo Intransitável,AV. PROF. ABRAÃO DE MORAIS
10-01-2021,Zona Sudeste,Ipiranga,Inativo Intransitável,AV. TERESA CRISTINA (IPIRANGA)
10-01-2021,Zona Sudeste,Vila Mariana,Inativo Intransitável,AV. VINTE E TRES DE MAIO
10-01-2021,Zona Sudeste,Vila Mariana,Inativo Intransitável,AV. VINTE E TRES DE MAIO (LIBERDADE)
11-01-2021,Zona Leste,Itaquera,Inativo Transitável,AV. ITAQUERA
11-01-2021,Zona Sul,Campo Limpo,Inativo Transitável,AV. ELLIS MAAS
12-01-2021,Zona Norte,Casa Verde,Inativo Transitável,AV. NSRA DO O (FREGUESIA DO O)
12-01-2021,Zona Norte,Casa Verde,Inativo Transitável,R. JOAO ROMEIRO
12-01-2021,Zona Norte,Casa Verde,Inativo Transitável,AV. ORDEM E PROGRESS
12-01-2021,Zona Norte,Casa Verde,Inativo Transitável,AV. ANTONIO MUNHOZ BONILHA
12-01-2021,Zona Norte,Casa Verde,Inativo Transitável,MARGINAL TIETE
12-01-2021,Zona Norte,Casa Verde,Inativo Intransitável,AV. ENG CAETANO ALVARES (CASA VERDE)
12-01-2021,Zona Norte,Jaçanã/ Tremembé,Inativo Intransitável,AV. EDU CHAVES (JACANA)
12-01-2021,Zona Norte,Vila Maria/ Vila Guilherme,Inativo Intransitável,R. CEL. MARQUES RIBEIRO
12-01-2021,Zona Norte,Perus,Inativo Intransitável,PC. INACIA DIAS (PERUS)
12-01-2021,Zona Norte,Santana,Inativo Transitável,AV. OLAVO FONTOURA
12-01-2021,Zona Norte,Santana,Inativo Intransitável,AV. LUIS STAMATIS
12-01-2021,Centro,Sé,Inativo Transitável,VEL. PRES JOAO GOULART (BARRA FUNDA)
12-01-2021,Centro,Sé,Inativo Transitável,AV. RIO BRANCO (REPUBLICA)
12-01-2021,Centro,Sé,Inativo Transitável,AV. MERCURIO
12-01-2021,Centro,Sé,Inativo Transitável,AV. SANTOS DUMONT
12-01-2021,Zona Oeste,Butantã,Inativo Transitável,AV. JULES RIMET
12-01-2021,Zona Oeste,Butantã,Inativo Transitável,AV. PROF FRANCISCO MORATO (BUTANTA)
12-01-2021,Zona Oeste,Butantã,Inativo Transitável,AV. PROF FRANCISCO MORATO (BUTANTA)
12-01-2021,Zona Oeste,Lapa,Inativo Transitável,PC. MARREY JUNIOR
12-01-2021,Zona Oeste,Lapa,Inativo Intransitável,PC. PASCOAL MARTINS
12-01-2021,Zona Oeste,Lapa,Inativo Transitável,AV. MARQ DE SAO VICENTE (BARRA FUNDA)
12-01-2021,Zona Oeste,Pinheiros,Inativo Transitável,R. BRIG. HAROLDO VELOSO
12-01-2021,Zona Leste,Itaquera,Inativo Transitável,R. VICTORIO SANTIM
12-01-2021,Zona Leste,Mooca,Inativo Transitável,AV. CELSO GARCIA
12-01-2021,Zona Leste,Vila Prudente,Inativo Transitável,AV. PROF LUIZ IGNACIO ANHAIA MELLO
12-01-2021,Zona Leste,Vila Prudente,Inativo Intransitável,AV. PROF LUIZ IGNACIO ANHAIA MELLO (SAO LUCAS)
12-01-2021,Zona Sudeste,Ipiranga,Inativo Transitável,AV. TERESA CRISTINA (IPIRANGA)
12-01-2021,Zona Sudeste,Vila Mariana,Inativo Transitável,AV. VINTE E TRES DE MAIO (LIBERDADE)
12-01-2021,Zona Sudeste,Vila Mariana,Inativo Transitável,AV. ANTONIO J. DE MOURA ANDRADE
12-01-2021,Zona Sudeste,Vila Mariana,Inativo Intransitável,AV. VINTE E TRES DE MAIO
13-01-2021,Zona Norte,Pirituba/Jaraguá,Inativo Transitável,AV. RAIMUNDO PEREIRA DE MAGALHAES
14-01-2021,Zona Norte,Freguesia do Ó,Inativo Intransitável,AV. MANOEL BOLIVAR
14-01-2021,Zona Norte,Jaçanã/ Tremembé,Inativo Intransitável,TRAV. ANTONIO CAMILO
14-01-2021,Zona Norte,Jaçanã/ Tremembé,Inativo Intransitável,R. JOSÉ ALVES
14-01-2021,Zona Norte,Pirituba/Jaraguá,Inativo Intransitável,AV. ELISIO CORDEIRO DE SIQUEIRA
14-01-2021,Zona Norte,Pirituba/Jaraguá,Inativo Intransitável,R. VIG. GODOI
14-01-2021,Zona Norte,Pirituba/Jaraguá,Inativo Intransitável,AV. CABO ADAO PEREIRA (PIRITUBA)
14-01-2021,Zona Norte,Pirituba/Jaraguá,Inativo Intransitável,AV. CABO ADAO PEREIRA (PIRITUBA)
14-01-2021,Zona Norte,Santana,Inativo Transitável,AV. DO. ESTADO
14-01-2021,Centro,Sé,Inativo Transitável,R. SEN. FEIJO
14-01-2021,Centro,Sé,Inativo Transitável,AV. MERCURIO
14-01-2021,Zona Oeste,Pinheiros,Inativo Transitável,AV. SANTO AMARO (CAMPO BELO)
14-01-2021,Zona Oeste,Pinheiros,Inativo Transitável,VD. ENG ANTONIO MOLITERNO (ITAIM BIBI)
14-01-2021,Zona Sul,Santo Amaro,Inativo Transitável,R. JOAO ALFREDO
15-01-2021,Centro,Sé,Inativo Transitável,AV. VINTE E TRÊS DE MAIO (LIBERDADE)
15-01-2021,Zona Oeste,Butantã,Inativo Transitável,AV. PDE LEBRET (MORUMBI)
15-01-2021,Zona Oeste,Butantã,Inativo Transitável,AV. VITAL BRASIL
15-01-2021,Zona Oeste,Lapa,Inativo Transitável,AV. POMPEIA (BARRA FUNDA)
15-01-2021,Zona Oeste,Pinheiros,Inativo Transitável,AV. DAS NAÇÕES UNIDAS (ALTO DE PINHEIROS)
15-01-2021,Zona Oeste,Pinheiros,Inativo Intransitável,VD. ENG ANTONIO MOLITERNO (ITAIM BIBI)
15-01-2021,Zona Sul,Campo Limpo,Inativo Transitável,AV. ELLIS MAAS (CAPAO REDONDO)
15-01-2021,Zona Sul,Santo Amaro,Inativo Transitável,R. JOÃO ALFREDO
15-01-2021,Zona Sul,Santo Amaro,Inativo Transitável,AV. STO AMARO (CAMPO BELO)
15-01-2021,Zona Sudeste,Ipiranga,Inativo Intransitável,AV. DO ESTADO (BOM RETIRO)
16-01-2021,,,,
17-01-2021,,,,
18-01-2021,,,,
19-01-2021,Zona Norte,Jaçanã/ Tremembé,Inativo Intransitável,TRAV. FOZ DO TEJO
19-01-2021,Zona Norte,Vila Maria/ Vila Guilherme,Inativo Transitável,R. CEL. MARQUES RIBEIRO
19-01-2021,Zona Oeste,Butantã,Inativo Transitável,AV. PROF FRANCISCO MORATO
19-01-2021,Zona Oeste,Butantã,Inativo Transitável,AV. MAGALHAES DE CASTRO
19-01-2021,Zona Oeste,Butantã,Inativo Transitável,R. ENG. OSCAR AMERICANO
19-01-2021,Zona Oeste,Lapa,Inativo Transitável,R. CORIOLANO
19-01-2021,Zona Oeste,Pinheiros,Inativo Transitável,AV. DAS NACOES UNIDAS (ALTO DE PINHEIROS)
19-01-2021,Zona Oeste,Pinheiros,Inativo Transitável,MARGINAL PINHEIROS
19-01-2021,Zona Sul,Cidade Ademar,Inativo Transitável,AV. INTERLAGOS (CAMPO GRANDE)
19-01-2021,Zona Sul,Capela do Socorro,Inativo Transitável,R. PTOLOMEU (SOCORRO)
19-01-2021,Zona Sul,Capela do Socorro,Inativo Intransitável,AV. GUARAPIRANGA
19-01-2021,Zona Sul,Santo Amaro,Inativo Intransitável,AV. DAS NACOES UNIDAS (ALTO DE PINHEIROS)
19-01-2021,Zona Sul,Santo Amaro,Inativo Transitável,AV. ROQUE PETRONI JUNIOR (ITAIM BIBI)
19-01-2021,Zona Sudeste,Vila Mariana,Inativo Transitável,CV. JOAO JORGE SAAD
20-01-2021,,,,
21-01-2021,Zona Norte,Casa Verde,Inativo Intransitável,AV. ANTONIO MUNHOZ BONILHA
21-01-2021,Zona Norte,Casa Verde,Inativo Transitável,R. NELSON FRANCISCO (LIMÃO)
21-01-2021,Zona Oeste,Butantã,Inativo Transitável,R. ENG. OSCAR AMERICANO
21-01-2021,Zona Oeste,Butantã,Inativo Transitável,AV. DOS. TAJURAS
21-01-2021,Zona Oeste,Pinheiros,Inativo Transitável,AV. PEDROSO DE MORAIS (ALTO DE PINHEIROS)
22-01-2021,Zona Oeste,Lapa,Inativo Intransitável,PSS. FANDI CHAQUIB KALIL
23-01-2021,Zona Leste,Aricanduva/ Vila Formosa,Inativo Transitável,AV. ARICANDUVA
23-01-2021,Zona Leste,Aricanduva/ Vila Formosa,Inativo Transitável,R. COMEN GIL PINHEIRO
23-01-2021,Zona Leste,Aricanduva/ Vila Formosa,Inativo Transitável,AV. ARICANDUVA
23-01-2021,Zona Leste,Mooca,Inativo Transitável,AV. JOSE PINHEIRO BORGES
23-01-2021,Zona Leste,Mooca,Inativo Intransitável,R. PINHALZINHO
23-01-2021,Zona Leste,Penha,Inativo Transitável,AV. BUENOS AIRES
23-01-2021,Zona Leste,Penha,Inativo Transitável,AV. S MIGUEL
23-01-2021,Zona Sul,Campo Limpo,Inativo Transitável,AV CARLOS CALDEIRA FILHO
24-01-2021,Zona Norte,Jaçanã/ Tremembé,Inativo Intransitável,AV. EDU CHAVES
24-01-2021,Zona Leste,Vila Prudente,Inativo Intransitável,AV. PROF LUIZ IGNACIO ANHAIA MELLO
24-01-2021,Zona Leste,Vila Prudente,Inativo Intransitável,AV. PROF LUIZ IGNACIO ANHAIA MELLO
24-01-2021,Zona Leste,Vila Prudente,Inativo Intransitável,AV. PROF LUIZ IGNACIO ANHAIA MELLO
24-01-2021,Zona Leste,Vila Prudente,Inativo Intransitável,AV. PROF. LUIZ IGNACIO ANHAIA MELLO
25-01-2021,Zona Norte,Casa Verde,Inativo Intransitável,AV. ANTONIO MUNHOZ BONILHA
25-01-2021,Zona Norte,Casa Verde,Inativo Intransitável,AV. ORDEM E PROGRESSO
25-01-2021,Zona Norte,Casa Verde,Inativo Intransitável,AV. OLAVO FONTOURA (CASA VERDE)
25-01-2021,Zona Norte,Santana,Inativo Intransitável,AV. OLAVO FONTOURA
25-01-2021,Centro,Sé,Inativo Intransitável,PQ. ANHANGABAÚ
25-01-2021,Centro,Sé,Inativo Intransitável,R. MANOEL DUTRA
25-01-2021,Centro,Sé,Inativo Transitável,AV. NOVE DE JULHO
25-01-2021,Centro,Sé,Inativo Transitável,AV. RIO BRANCO
25-01-2021,Zona Oeste,Lapa,Inativo Intransitável,AV. POMPÉIA (BARRA FUNDA)
25-01-2021,Zona Oeste,Lapa,Inativo Intransitável,AV. MARQ DE SÃO VICENTE (BARRA FUNDA)
25-01-2021,Zona Oeste,Pinheiros,Inativo Transitável,TN. MAX FEFFER (PINHEIROS)
25-01-2021,Zona Oeste,Pinheiros,Inativo Transitável,R. OLIMPÍADAS (ITAIM BIBI)
25-01-2021,Zona Oeste,Pinheiros,Inativo Transitável,R. OLIMPIADAS (ITAIM BIBI)
25-01-2021,Zona Oeste,Pinheiros,Inativo Transitável,PSS. FANDI CHAQUIB KALIL
25-01-2021,Zona Leste,Itaim Paulista,Inativo Transitável,ES. DOM JOAO NERY (ITAIM PAULISTA)
25-01-2021,Zona Leste,Mooca,Inativo Transitável,MARGINAL TIETE
25-01-2021,Zona Sul,Cidade Ademar,Inativo Intransitável,AV. INTERLAGOS (CAMPO GRANDE)
25-01-2021,Zona Sul,Santo Amaro,Inativo Intransitável,AV. ROQUE PETRONI JÚNIOR
25-01-2021,Zona Sul,Santo Amaro,Inativo Transitável,R. JOAO ALFREDO
25-01-2021,Zona Sudeste,Vila Mariana,Inativo Intransitável,AV. VINTE E TRES DE MAIO
26-01-2021,Zona Oeste,Pinheiros,Inativo Transitável,AV. CIDADE JARDIM
26-01-2021,Zona Sudeste,Vila Mariana,Inativo Intransitável,AV. AFFONSO D'ESCRAGNOLLE TAUNAY (SAUDE)
27-01-2021,,,,
28-01-2021,Zona Norte,Casa Verde,Inativo Transitável,MARGINAL TIETE
28-01-2021,Zona Norte,Casa Verde,Inativo Intransitável,AV. ORDEM E PROGRESSO (BARRA FUNDA)
28-01-2021,Zona Norte,Casa Verde,Inativo Intransitável,AV. ORDEM E PROGRESSO
28-01-2021,Zona Norte,Jaçanã/ Tremembé,Inativo Intransitável,AV. SANATORIO
28-01-2021,Zona Norte,Pirituba/Jaraguá,Inativo Transitável,AV. RAIMUNDO PEREIRA DE MAGALHAES
28-01-2021,Zona Norte,Santana,Inativo Intransitável,TN. PAPA. JOAO PAULO II
28-01-2021,Centro,Sé,Inativo Intransitável,PC. DA BANDEIRA
28-01-2021,Centro,Sé,Inativo Transitável,AV. NOVE DE JULHO
28-01-2021,Zona Oeste,Lapa,Inativo Transitável,AV. PRES CASTELO BRANCO
28-01-2021,Zona Sudeste,Vila Mariana,Inativo Transitável,AV. VINTE E TRES DE MAIO
28-01-2021,Zona Sudeste,Vila Mariana,Inativo Transitável,TN TRIB DE JUSTICA
29-01-2021,,,,
30-01-2021,,,,
31-01-2021,Zona Leste,Itaquera,Inativo Intransitável,R. PDE. VIEGAS DE MENEZES
31-01-2021,Zona Leste,Itaquera,Inativo Intransitável,R. TOMAZZO FERRARA
31-01-2021,Zona Leste,Itaquera,Inativo Intransitável,R. PDE VIEGAS DE MENEZES (ITAQUERA)
31-01-2021,Zona Leste,Itaquera,Inativo Intransitável,R. SALIM JORGE ID
31-01-2021,Zona Leste,Penha,Inativo Intransitável,AV. GOV. CARVALHO PINTO
01-02-2021,Centro,Sé,Inativo Transitável,AV. DAS. NACOES UNIDAS
01-02-2021,Zona Oeste,Butantã,Inativo Transitável,AV. PROF FRANCISCO MORATO
01-02-2021,Zona Oeste,Butantã,Inativo Intransitável,AV. JULES RIMET
01-02-2021,Zona Oeste,Butantã,Inativo Transitável,PC. ROBERTO GOMES PEDROSA
01-02-2021,Zona Oeste,Butantã,Inativo Transitável,AV. MAGALHAES DE CASTRO
01-02-2021,Zona Oeste,Butantã,Inativo Transitável,PC. ROBERTO GOMES PEDROSA
01-02-2021,Zona Oeste,Butantã,Inativo Transitável,R. ALVARENGA
01-02-2021,Zona Oeste,Pinheiros,Inativo Transitável,AV. DAS. NACOES UNIDAS
01-02-2021,Zona Oeste,Pinheiros,Inativo Transitável,AV. CIDADE JARDIM
01-02-2021,Zona Oeste,Pinheiros,Inativo Intransitável,AV. DAS. NACOES UNIDAS
01-02-2021,Zona Leste,Itaim Paulista,Inativo Intransitável,R. MANUEL BARBALHO DE LIMA
01-02-2021,Zona Leste,Itaim Paulista,Inativo Transitável,R. MANUEL BARBALHO DE LIMA
01-02-2021,Zona Leste,São Miguel Paulista,Inativo Transitável,AV. BRAS DA ROCHA CARDOSO
02-02-2021,Zona Norte,Jaçanã/ Tremembé,Inativo Transitável,AV. EDU CHAVES (JACANA)
02-02-2021,Zona Norte,Vila Maria/ Vila Guilherme,Inativo Intransitável,R. CHICO PONTES (VILA GUILHERME)
02-02-2021,Zona Norte,Vila Maria/ Vila Guilherme,Inativo Intransitável,R. CHICO PONTES
02-02-2021,Zona Norte,Santana,Inativo Transitável,VEL. PRES. JOAO GOULART
02-02-2021,Centro,Sé,Inativo Transitável,AV. RIO BRANCO (REPUBLICA)
02-02-2021,Centro,Sé,Inativo Transitável,AV. RIO BRANCO (REPUBLICA)
02-02-2021,Centro,Sé,Inativo Transitável,AV. VINTE E TRES DE MAIO (LIBERDADE)
02-02-2021,Centro,Sé,Inativo Transitável,AV. DO ESTADO (BOM RETIRO)
02-02-2021,Centro,Sé,Inativo Intransitável,R. MANOEL DUTRA (BELA VISTA)
02-02-2021,Centro,Sé,Inativo Intransitável,R. S PAULO (LIBERDADE)
02-02-2021,Centro,Sé,Inativo Transitável,PTE. DAS BANDEIRAS SEN ROMEU TUMA
02-02-2021,Centro,Sé,Inativo Transitável,VEL. PRES. JOAO GOULART
02-02-2021,Zona Leste,Aricanduva/ Vila Formosa,Inativo Transitável,R. BAQUIA (CARRAO)
02-02-2021,Zona Leste,Itaim Paulista,Inativo Transitável,AV. BRAS DA ROCHA CARDOSO
02-02-2021,Zona Leste,Mooca,Inativo Intransitável,R. JOSE DE ALENCAR (BRAS)
02-02-2021,Zona Leste,Mooca,Inativo Intransitável,R. BRESSER (BRAS)
02-02-2021,Zona Leste,Mooca,Inativo Transitável,R. ORIENTE (BRAS)
02-02-2021,Zona Leste,Mooca,Inativo Intransitável,AV. ALCANTARA MACHADO (BELEM)
02-02-2021,Zona Leste,Mooca,Inativo Transitável,AV. RANGEL PESTANA (BRAS)
02-02-2021,Zona Leste,Mooca,Inativo Intransitável,R. CARLOS SILVA
02-02-2021,Zona Leste,Mooca,Inativo Intransitável,R. PINHALZINHO
02-02-2021,Zona Leste,Vila Prudente,Inativo Transitável,AV. PAES DE BARROS (MOOCA)
02-02-2021,Zona Sul,Capela do Socorro,Inativo Intransitável,AV. JAIR RIBEIRO DA SILVA
02-02-2021,Zona Sul,M'Boi Mirim,Inativo Transitável,ES. M BOI MIRIM (JARDIM ANGELA)
02-02-2021,Zona Sudeste,Ipiranga,Inativo Transitável,R. PRES BATISTA PEREIRA (CAMBUCI)
03-02-2021,,,,
04-02-2021,,,,
05-02-2021,Zona Sul,Cidade Ademar,Inativo Transitável,AV. INTERLAGOS
05-02-2021,Zona Sul,Santo Amaro,Inativo Transitável,AV. STO. AMARO
05-02-2021,Zona Sul,Santo Amaro,Inativo Transitável,AV. STO AMARO (CAMPO BELO)
06-02-2021,,,,
07-02-2021,,,,
08-02-2021,,,,
09-02-2021,,,,
10-02-2021,Zona Norte,Perus,Inativo Intransitável,TV. TABULEIROS DE VALENCA
11-02-2021,Zona Norte,Casa Verde,Inativo Intransitável,AV. ANTONIO MUNHOZ BONILHA (LIMAO)
11-02-2021,Zona Norte,Freguesia do Ó,Inativo Transitável,LG. DA MATRIZ DE NOSSA SENHORA DO O (FREGUESIA DO O)
11-02-2021,Zona Norte,Perus,Inativo Transitável,TV. TABULEIROS DE VALENCA
11-02-2021,Zona Oeste,Lapa,Inativo Transitável,PC. MARREY JUNIOR (PERDIZES)
11-02-2021,Zona Oeste,Lapa,Inativo Transitável,AV. MARQ DE SAO VICENTE (BARRA FUNDA)
11-02-2021,Zona Oeste,Lapa,Inativo Transitável,AV. POMPEIA
11-02-2021,Zona Oeste,Lapa,Inativo Transitável,AV. POMPEIA (BARRA FUNDA)
11-02-2021,Zona Oeste,Lapa,Inativo Intransitável,R. VENANCIO AIRES
11-02-2021,Zona Oeste,Pinheiros,Inativo Intransitável,R. HARMONIA (PINHEIROS)
11-02-2021,Zona Sul,Campo Limpo,Inativo Transitável,AV. ELLIS MAAS
11-02-2021,Zona Sul,M'Boi Mirim,Inativo Transitável,ES. M BOI MIRIM (JARDIM ANGELA)
11-02-2021,Zona Sul,Santo Amaro,Inativo Intransitável,R. JOAO ALFREDO
12-02-2021,Zona Leste,Mooca,Inativo Transitável,AV. CELSO GARCIA (BELÉM)
12-02-2021,Zona Sudeste,Ipiranga,Inativo Intransitável,ES. DAS. LAGRIMAS
13-02-2021,Zona Norte,Vila Maria/ Vila Guilherme,Inativo Transitável,R. MARIA CANDIDA
13-02-2021,Zona Norte,Pirituba/Jaraguá,Inativo Intransitável,AV. RAIMUNDO PEREIRA DE MAGALHAES
13-02-2021,Zona Norte,Pirituba/Jaraguá,Inativo Intransitável,AV. RAIMUNDO PEREIRA DE MAGALHAES
13-02-2021,Zona Norte,Pirituba/Jaraguá,Inativo Intransitável,AV. RAIMUNDO PEREIRA DE MAGALHAES
13-02-2021,Centro,Sé,Inativo Intransitável,AV. MERCURIO
13-02-2021,Zona Oeste,Pinheiros,Inativo Transitável,PC. WENDELL WILKIE
13-02-2021,Zona Sul,Santo Amaro,Inativo Intransitável,AV. STO. AMARO
13-02-2021,Zona Sudeste,Vila Mariana,Inativo Transitável,VD. DOS. BANDEIRANTES
14-02-2021,Zona Sul,Santo Amaro,Inativo Transitável,R. JOAO ALFREDO
15-02-2021,,,,
16-02-2021,Zona Sul,Campo Limpo,Inativo Transitável,AV. ELLIS MAAS
16-02-2021,Zona Sul,Campo Limpo,Inativo Transitável,AV. CARLOS CALDEIRA FILHO
16-02-2021,Zona Sul,M'Boi Mirim,Inativo Transitável,ES. M BOI MIRIM
16-02-2021,Zona Sul,Santo Amaro,Inativo Transitável,R. JOAO ALFREDO
16-02-2021,Zona Sul,Santo Amaro,Inativo Transitável,AV. VITOR MANZINI
16-02-2021,Zona Sul,Santo Amaro,Inativo Transitável,AV. VITOR MANZINI
17-02-2021,Zona Norte,Vila Maria/ Vila Guilherme,Inativo Intransitável,R. CHICO PONTES (VILA GUILHERME)
17-02-2021,Zona Norte,Vila Maria/ Vila Guilherme,Inativo Intransitável,R. CEL MARQUES RIBEIRO (VILA GUILHERME)
17-02-2021,Zona Norte,Vila Maria/ Vila Guilherme,Inativo Transitável,R. MARIA CANDIDA (VILA GUILHERME)
17-02-2021,Centro,Sé,Inativo Intransitável,TN. PAPA JOAO PAULO II (REPUBLICA)
17-02-2021,Centro,Sé,Inativo Intransitável,VEL. PRES JOAO GOULART (BARRA FUNDA)
17-02-2021,Centro,Sé,Inativo Transitável,AV. DO ESTADO (BOM RETIRO)
17-02-2021,Centro,Sé,Inativo Transitável,AV. MERCURIO
17-02-2021,Zona Oeste,Butantã,Inativo Intransitável,AV. VITAL BRASIL
17-02-2021,Zona Oeste,Butantã,Inativo Transitável,AV. MAGALHAES DE CASTRO
17-02-2021,Zona Oeste,Butantã,Inativo Intransitável,AV. JULES RIMET (MORUMBI)
17-02-2021,Zona Oeste,Lapa,Inativo Intransitável,AV. DRA RUTH CARDOSO (ALTO DE PINHEIROS)
17-02-2021,Zona Oeste,Pinheiros,Inativo Transitável,R. STA JUSTINA (ITAIM BIBI)
17-02-2021,Zona Oeste,Pinheiros,Inativo Intransitável,MARGINAL PINHEIROS
17-02-2021,Zona Oeste,Pinheiros,Inativo Transitável,R. OLIMPIADAS (ITAIM BIBI)
17-02-2021,Zona Oeste,Pinheiros,Inativo Intransitável,R. BRIG. HAROLDO VELOSO
17-02-2021,Zona Oeste,Pinheiros,Inativo Intransitável,AV. SANTO AMARO (CAMPO BELO)
17-02-2021,Zona Oeste,Pinheiros,Inativo Transitável,AL. LORENA
17-02-2021,Zona Leste,Itaquera,Inativo Transitável,AV. JACU PESSEGO N TRABALHADORES
17-02-2021,Zona Leste,Itaquera,Inativo Intransitável,R. PDE VIEGAS DE MENEZES (ITAQUERA)
17-02-2021,Zona Leste,Itaquera,Inativo Intransitável,R. PDE. VIEGAS DE MENEZES
17-02-2021,Zona Leste,Mooca,Inativo Intransitável,R. HIPODROMO
17-02-2021,Zona Leste,Mooca,Inativo Transitável,R. ORIENTE (BRAS)
17-02-2021,Zona Leste,Mooca,Inativo Transitável,AV. ALCANTARA MACHADO (BELEM)
17-02-2021,Zona Leste,Mooca,Inativo Transitável,AV. CD. DE. FRONTIN
17-02-2021,Zona Leste,Mooca,Inativo Intransitável,AV. ALCANTARA MACHADO (BELEM)
17-02-2021,Zona Leste,Mooca,Inativo Intransitável,AV. ALCANTARA MACHADO (BELEM)
17-02-2021,Zona Leste,Mooca,Inativo Intransitável,AV. CD DE FRONTIN (CARRAO)
17-02-2021,Zona Leste,Vila Prudente,Inativo Intransitável,AV. PROF. LUIZ IGNACIO ANHAIA MELLO
17-02-2021,Zona Leste,Vila Prudente,Inativo Intransitável,AV. PROF LUIZ IGNACIO ANHAIA MELLO (SAO LUCAS)
17-02-2021,Zona Leste,Vila Prudente,Inativo Intransitável,R. GUAMIRANGA (VILA PRUDENTE)
17-02-2021,Zona Leste,Vila Prudente,Inativo Transitável,AV. DR. FRANCISCO MESQUITA
17-02-2021,Zona Sul,Campo Limpo,Inativo Intransitável,ES. DO CAMPO LIMPO (CAMPO LIMPO)
17-02-2021,Zona Sul,Campo Limpo,Inativo Intransitável,R. DR LUIZ MIGLIANO (VILA ANDRADE)
17-02-2021,Zona Sul,Campo Limpo,Inativo Intransitável,ES. DO. CAMPO LIMPO
17-02-2021,Zona Sul,Campo Limpo,Inativo Intransitável,ES. DO. CAMPO LIMPO
17-02-2021,Zona Sul,Capela do Socorro,Inativo Intransitável,AV. ATLANTICA
17-02-2021,Zona Sul,M'Boi Mirim,Inativo Intransitável,AV. MARIA COELHO AGUIAR (JARDIM SAO LUIS)
17-02-2021,Zona Sul,M'Boi Mirim,Inativo Transitável,AV. GUARAPIRANGA (JARDIM SAO LUIS)
17-02-2021,Zona Sul,M'Boi Mirim,Inativo Intransitável,AV. LUIZ GUSHIKEN
17-02-2021,Zona Sul,Santo Amaro,Inativo Transitável,AV. JORN ROBERTO MARINHO (CAMPO BELO)
17-02-2021,Zona Sul,Santo Amaro,Inativo Intransitável,AV. STO AMARO (CAMPO BELO)
17-02-2021,Zona Sul,Santo Amaro,Inativo Transitável,AV. JOAO DIAS (JARDIM SAO LUIS)
17-02-2021,Zona Sul,Santo Amaro,Inativo Intransitável,AV. ROQUE PETRONI JUNIOR (ITAIM BIBI)
17-02-2021,Zona Sul,Santo Amaro,Inativo Transitável,AV. VITOR MANZINI (SANTO AMARO)
17-02-2021,Zona Sul,Santo Amaro,Inativo Transitável,AV. DAS. NACOES UNIDAS
17-02-2021,Zona Sudeste,Ipiranga,Inativo Intransitável,AV. PROF. ASCENDINO REIS
17-02-2021,Zona Sudeste,Ipiranga,Inativo Intransitável,VD. GRANDE SAO PAULO VER M O SALA (IPIRANGA)
17-02-2021,Zona Sudeste,Ipiranga,Inativo Transitável,AV. TERESA CRISTINA (IPIRANGA)
17-02-2021,Zona Sudeste,Ipiranga,Inativo Intransitável,R. PRES. BATISTA PEREIRA
17-02-2021,Zona Sudeste,Vila Mariana,Inativo Intransitável,AV. VINTE E TRES DE MAIO (LIBERDADE)
17-02-2021,Zona Sudeste,Vila Mariana,Inativo Transitável,AV. RUBEM BERTA (MOEMA)
17-02-2021,Zona Sudeste,Vila Mariana,Inativo Intransitável,AV. IBIRAPUERA (MOEMA)
17-02-2021,Zona Sudeste,Vila Mariana,Inativo Intransitável,AV. DR RICARDO JAFET (IPIRANGA)
18-02-2021,Zona Sul,Santo Amaro,Inativo Transitável,R. JOAO ALFREDO
19-02-2021,,,,
20-02-2021,,,,
21-02-2021,,,,
22-02-2021,,,,
23-02-2021,,,,
24-02-2021,Centro,Sé,Inativo Intransitável,TN. PAPA JOAO PAULO II
24-02-2021,Centro,Sé,Inativo Transitável,AV. SANTOS DUMONT
24-02-2021,Centro,Sé,Inativo Transitável,AV. DO ESTADO
24-02-2021,Zona Leste,Mooca,Inativo Transitável,AV. ALCANTARA MACHADO
24-02-2021,Zona Leste,Mooca,Inativo Transitável,AV. RANGEL PESTANA
24-02-2021,Zona Leste,Mooca,Inativo Intransitável,R. MELO FREIRE
24-02-2021,Zona Sul,Cidade Ademar,Inativo Transitável,AV. INTERLAGOS
24-02-2021,Zona Sul,Santo Amaro,Inativo Transitável,R. JOAO ALFREDO
24-02-2021,Zona Sul,Santo Amaro,Inativo Transitável,AV. SANTO AMARO
24-02-2021,Zona Sul,Santo Amaro,Inativo Transitável,AV. JORN ROBERTO MARINHO
24-02-2021,Zona Sul,Santo Amaro,Inativo Transitável,VD. WASHINGTON LUIS
24-02-2021,Zona Sudeste,Ipiranga,Inativo Transitável,PC. LEONOR KAUPA
24-02-2021,Zona Sudeste,Ipiranga,Inativo Transitável,R. PRES BATISTA PEREIRA
24-02-2021,Zona Sudeste,Vila Mariana,Inativo Transitável,AV. PROF ASCENDINO REIS
24-02-2021,Zona Sudeste,Vila Mariana,Inativo Intransitável,AV. PROF ABRAAO DE MORAIS
24-02-2021,Zona Sudeste,Vila Mariana,Inativo Transitável,AV. VINTE E TRES DE MAIO
24-02-2021,Zona Sudeste,Vila Mariana,Inativo Transitável,AV. VINTE E TRES DE MAIO
24-02-2021,Zona Sudeste,Vila Mariana,Inativo Transitável,AV. PROF. ABRAAO DE MORAIS
25-02-2021,Zona Norte,Santana,Inativo Transitável,R. DARZAN
25-02-2021,Zona Norte,Santana,Inativo Transitável,R. DR. ZUQUIM
25-02-2021,Centro,Sé,Inativo Transitável,AV. MERCURIO
25-02-2021,Centro,Sé,Inativo Transitável,VEL. PRES JOÃO GOULART (BARRA FUNDA)
25-02-2021,Centro,Sé,Inativo Transitável,AV. VINTE E TRÊS DE MAIO (LIBERDADE)
25-02-2021,Centro,Sé,Inativo Transitável,AV. S. JOAO
25-02-2021,Zona Leste,Itaquera,Inativo Transitável,R. PDE VIEGAS DE MENEZES (ITAQUERA)
25-02-2021,Zona Leste,Mooca,Inativo Transitável,R. DA MOÓCA (AGUA RASA)
25-02-2021,Zona Leste,Mooca,Inativo Transitável,R. ASDRUBAL
25-02-2021,Zona Sul,Cidade Ademar,Inativo Intransitável,AV. INTERLAGOS
25-02-2021,Zona Sul,Parelheiros,Inativo Transitável,ES. ECOTURISTICA DE PARELHEIROS
25-02-2021,Zona Sul,Santo Amaro,Inativo Transitável,AV. VITOR MANZINI
26-02-2021,Centro,Sé,Inativo Transitável,AV. MERCURIO
26-02-2021,Zona Oeste,Butantã,Inativo Transitável,AV. JULES RIMET
26-02-2021,Zona Sul,Cidade Ademar,Inativo Transitável,AV. INTERLAGOS
26-02-2021,Zona Sul,Cidade Ademar,Inativo Transitável,R. MIGUEL YUNES
26-02-2021,Zona Sul,Campo Limpo,Inativo Transitável,ES. DO CAMPO LIMPO
26-02-2021,Zona Sul,M'Boi Mirim,Inativo Transitável,AV. MARIA COELHO AGUIAR
26-02-2021,Zona Sul,Santo Amaro,Inativo Transitável,R. VERBO DIVINO
26-02-2021,Zona Sul,Santo Amaro,Inativo Transitável,AV. STO AMARO
26-02-2021,Zona Sul,Santo Amaro,Inativo Transitável,AV. VITOR MANZINI
26-02-2021,Zona Sul,Santo Amaro,Inativo Transitável,AV. DAS NACOES UNIDAS
27-02-2021,Centro,Sé,Inativo Intransitável,AV. DO ESTADO (BOM RETIRO)
27-02-2021,Centro,Sé,Inativo Intransitável,TN. S JOAO PAULO II (REPUBLICA)
27-02-2021,Centro,Sé,Inativo Intransitável,AV. DO. ESTADO
27-02-2021,Zona Leste,Mooca,Inativo Transitável,R. ORIENTE (BRAS)
27-02-2021,Zona Sul,Capela do Socorro,Inativo Transitável,AV. GUARAPIRANGA (JARDIM SAO LUIS)
27-02-2021,Zona Sul,Santo Amaro,Inativo Intransitável,AV. DAS NACOES UNIDAS (ALTO DE PINHEIROS)
27-02-2021,Zona Sul,Santo Amaro,Inativo Transitável,AV. VITOR MANZINI (SANTO AMARO)
27-02-2021,Zona Sul,Santo Amaro,Inativo Transitável,AV. DAS NACOES UNIDAS (ALTO DE PINHEIROS)
28-02-2021,Zona Oeste,Butantã,Inativo Intransitável,AV. PROF FRANCISCO MORATO (BUTANTA)
28-02-2021,Zona Oeste,Butantã,Inativo Intransitável,AV. PROF. FRANCISCO MORATO
28-02-2021,Zona Oeste,Butantã,Inativo Intransitável,PC. ALFREDO GOMES
28-02-2021,Zona Oeste,Pinheiros,Inativo Transitável,AV. DAS NACOES UNIDAS (ALTO DE PINHEIROS)
28-02-2021,Zona Sudeste,Vila Mariana,Inativo Transitável,AV. IBIRAPUERA (MOEMA)
01-03-2021,Centro,Sé,Inativo Transitável,AV. MERCURIO
01-03-2021,Zona Oeste,Pinheiros,Inativo Transitável,AV. STO AMARO
01-03-2021,Zona Sul,Santo Amaro,Inativo Transitável,AV. JORN ROBERTO MARINHO
01-03-2021,Zona Sudeste,Vila Mariana,Inativo Intransitável,AV. IBIRAPUERA
02-03-2021,Zona Sul,M'Boi Mirim,Inativo Transitável,R. JOAO ALFREDO
02-03-2021,Zona Sul,Santo Amaro,Inativo Transitável,AV. INTERLAGOS
02-03-2021,Zona Sul,Santo Amaro,Inativo Transitável,AV. VITOR MANZINI
02-03-2021,Zona Sul,Santo Amaro,Inativo Intransitável,AV. DAS NACOES UNIDAS (ALTO DE PINHEIROS)
03-03-2021,Zona Leste,Itaquera,Inativo Transitável,R. TOMAZZO FERRARA (ITAQUERA)
03-03-2021,Zona Sul,Santo Amaro,Inativo Transitável,AV. NSRA. DE. SABARA
04-03-2021,,,,
05-03-2021,,,,
06-03-2021,Zona Norte,Casa Verde,Inativo Transitável,R. NELSON FRANCISCO (LIMAO)
06-03-2021,Zona Norte,Casa Verde,Inativo Transitável,AV. ANTONIO MUNHOZ BONILHA (LIMAO)
06-03-2021,Zona Norte,Casa Verde,Inativo Intransitável,AV. ORDEM E PROGRESSO (BARRA FUNDA)
06-03-2021,Zona Norte,Jaçanã/ Tremembé,Inativo Transitável,AV. EDU CHAVES
06-03-2021,Zona Norte,Santana,Inativo Transitável,R. DA. FIGUEIRA
06-03-2021,Zona Oeste,Butantã,Inativo Transitável,MARGINAL PINHEIROS
06-03-2021,Zona Oeste,Lapa,Inativo Intransitável,R. JEROAQUARA (LAPA)
06-03-2021,Zona Oeste,Pinheiros,Inativo Transitável,AV. STO. AMARO
06-03-2021,Zona Oeste,Pinheiros,Inativo Transitável,R. OLIVIA FEDER (ITAIM BIBI)
06-03-2021,Zona Oeste,Pinheiros,Inativo Transitável,VD. ENG. ANTONIO MOLITERNO
06-03-2021,Zona Oeste,Pinheiros,Inativo Transitável,AV. DAS. NACOES UNIDAS
06-03-2021,Zona Leste,Mooca,Inativo Transitável,AV. SALIM FARAH MALUF (AGUA RASA)
06-03-2021,Zona Sul,Santo Amaro,Inativo Transitável,R. JOAO ALFREDO
07-03-2021,Zona Norte,Casa Verde,Inativo Transitável,AV. ANTONIO MUNHOZ BONILHA
07-03-2021,Centro,Sé,Inativo Intransitável,R. PRES. BATISTA PEREIRA
07-03-2021,Centro,Sé,Inativo Transitável,AV. MERCURIO
07-03-2021,Centro,Sé,Inativo Transitável,MARGINAL TIETE ASCB CENTRAL
07-03-2021,Zona Oeste,Pinheiros,Inativo Transitável,MARGINAL PINHEIROS INTCB
07-03-2021,Zona Oeste,Pinheiros,Inativo Transitável,AV. DRA RUTH CARDOSO (ALTO DE PINHEIROS)
07-03-2021,Zona Oeste,Pinheiros,Inativo Transitável,AV. DAS NACOES UNIDAS (ALTO DE PINHEIROS)
07-03-2021,Zona Leste,Mooca,Inativo Intransitável,AV. SALIM FARAH MALUF
07-03-2021,Zona Leste,Mooca,Inativo Transitável,AV. ALCANTARA MACHADO
07-03-2021,Zona Leste,Vila Prudente,Inativo Transitável,AV. PROF LUIZ IGNACIO ANHAIA MELLO (SAO LUCAS)
07-03-2021,Zona Sudeste,Vila Mariana,Inativo Transitável,AV. DR. RICARDO JAFET
08-03-2021,Zona Norte,Perus,Inativo Intransitável,R. FIORELLI PECCICACCO
08-03-2021,Zona Norte,Perus,Inativo Intransitável,R. BERNARDO JOSÉ DE LORENA
09-03-2021,Zona Leste,Itaquera,Inativo Intransitável,AV. JOSE PINHEIRO BORGES
10-03-2021,,,,
11-03-2021,Zona Norte,Casa Verde,Inativo Transitável,MARGINAL TIETE ASCB EXPRESSA (CASA VERDE)
11-03-2021,Zona Norte,Casa Verde,Inativo Intransitável,AV. NSRA DO O (FREGUESIA DO O)
12-03-2021,,,,
13-03-2021,,,,
14-03-2021,,,,
15-03-2021,,,,
16-03-2021,,,,
17-03-2021,Zona Oeste,Pinheiros,Inativo Intransitável,AV. STO AMARO
17-03-2021,Zona Oeste,Pinheiros,Inativo Intransitável,AV. STO AMARO
17-03-2021,Zona Leste,Mooca,Inativo Transitável,R. SILVA JARDIM
17-03-2021,Zona Leste,Mooca,Inativo Intransitável,AV. CELSO GARCIA
17-03-2021,Zona Leste,Mooca,Inativo Transitável,VD. DO GLICERIO (BRAS)
17-03-2021,Zona Leste,Mooca,Inativo Transitável,AV. ALCANTARA MACHADO (BELEM)
17-03-2021,Zona Leste,Mooca,Inativo Transitável,R. DOS TRILHOS (MOOCA)
17-03-2021,Zona Leste,Mooca,Inativo Transitável,AV. CD. DE. FRONTIN
17-03-2021,Zona Sul,Santo Amaro,Inativo Transitável,AV. VITOR MANZINI
17-03-2021,Zona Sul,Santo Amaro,Inativo Intransitável,AV. STO AMARO
17-03-2021,Zona Sul,Santo Amaro,Inativo Transitável,AV. ROQUE PETRONI JUNIOR
17-03-2021,Zona Sul,Santo Amaro,Inativo Transitável,AV. STO AMARO
18-03-2021,Zona Norte,Jaçanã/ Tremembé,Inativo Intransitável,AV. CEL. SEZEFREDO FAGUNDES
18-03-2021,Zona Norte,Vila Maria/ Vila Guilherme,Inativo Transitável,MARGINAL TIETE ASCB EXPRESSA
18-03-2021,Centro,Sé,Inativo Transitável,VEL. PRES. JOAO GOULART
18-03-2021,Centro,Sé,Inativo Transitável,VEL. PRES. JOAO GOULART
18-03-2021,Centro,Sé,Inativo Transitável,AV. MERCURIO
18-03-2021,Centro,Sé,Inativo Transitável,AV. MERCURIO
18-03-2021,Zona Oeste,Pinheiros,Inativo Intransitável,AV. STO AMARO (CAMPO BELO)
18-03-2021,Zona Oeste,Pinheiros,Inativo Intransitável,AV. DAS. NACOES UNIDAS
18-03-2021,Zona Oeste,Pinheiros,Inativo Intransitável,AV. JORN ROBERTO MARINHO
18-03-2021,Zona Oeste,Pinheiros,Inativo Transitável,MARGINAL PINHEIROS
18-03-2021,Zona Sul,Santo Amaro,Inativo Transitável,R. JOAO ALFREDO
18-03-2021,Zona Sul,Santo Amaro,Inativo Transitável,AV. ROQUE PETRONI JUNIOR
18-03-2021,Zona Sudeste,Ipiranga,Inativo Transitável,AV. DO ESTADO
18-03-2021,Zona Sudeste,Vila Mariana,Inativo Intransitável,AV. VINTE E TRES DE MAIO
18-03-2021,Zona Sudeste,Vila Mariana,Inativo Intransitável,AV. IBIRAPUERA
18-03-2021,Zona Sudeste,Vila Mariana,Inativo Intransitável,AV. MOREIRA GUIMARAES
18-03-2021,Zona Sudeste,Vila Mariana,Inativo Intransitável,AV. IBIRAPUERA
18-03-2021,Zona Sudeste,Vila Mariana,Inativo Intransitável,AV. RUBEM BERTA
18-03-2021,Zona Sudeste,Vila Mariana,Inativo Intransitável,AV. ANTONIO J. DE MOURA ANDRADE
19-03-2021,Zona Norte,Casa Verde,Inativo Transitável,AV. NSRA DO O (FREGUESIA DO O)
19-03-2021,Zona Norte,Casa Verde,Inativo Intransitável,AV. NSRA. DO. O
19-03-2021,Zona Norte,Santana,Inativo Intransitável,R. COMEN. JOAQUIM MONTEIRO
19-03-2021,Centro,Sé,Inativo Transitável,AV. MERCURIO
19-03-2021,Centro,Sé,Inativo Transitável,VEL. PRES JOAO GOULART (BARRA FUNDA)
19-03-2021,Centro,Sé,Inativo Transitável,AV. RIO BRANCO
19-03-2021,Centro,Sé,Inativo Intransitável,AVENIDA 9 DE JULHO
19-03-2021,Centro,Sé,Inativo Intransitável,R. MANOEL DUTRA (BELA VISTA)
19-03-2021,Centro,Sé,Inativo Intransitável,VEL. PRES JOAO GOULART (BARRA FUNDA)
19-03-2021,Centro,Sé,Inativo Intransitável,TN. S JOAO PAULO II (REPUBLICA)
19-03-2021,Centro,Sé,Inativo Intransitável,VEL. PRES JOAO GOULART (BARRA FUNDA)
19-03-2021,Centro,Sé,Inativo Intransitável,AV. PRES CASTELO BRANCO (BARRA FUNDA)
19-03-2021,Centro,Sé,Inativo Intransitável,"PC. DA BANDEIRA (REPUBLICA), 15: SENTIDO SANT"
19-03-2021,Centro,Sé,Inativo Intransitável,R. TEIXEIRA LEITE (LIBERDADE)
19-03-2021,Centro,Sé,Inativo Intransitável,R. ANA CINTRA (SANTA CECILIA)
19-03-2021,Centro,Sé,Inativo Intransitável,PC. DA BANDEIRA (REPUBLICA)
19-03-2021,Centro,Sé,Inativo Transitável,AV. MERCURIO
19-03-2021,Zona Oeste,Lapa,Inativo Transitável,PC. PASCOAL MARTINS (BARRA FUNDA)
19-03-2021,Zona Oeste,Lapa,Inativo Intransitável,R. BR. DO. BANANAL
19-03-2021,Zona Oeste,Lapa,Inativo Intransitável,R. BR DO BANANAL (PERDIZES)
19-03-2021,Zona Leste,Ermelino Matarazzo,Inativo Intransitável,AV. CALIM EID
19-03-2021,Zona Leste,Mooca,Inativo Transitável,AV. RANGEL PESTANA (BRAS)
20-03-2021,,,,
21-03-2021,,,,
22-03-2021,Zona Sul,Santo Amaro,Inativo Transitável,R. JOAO ALFREDO
23-03-2021,,,,
24-03-2021,Zona Sul,Santo Amaro,Inativo Intransitável,R. LAGUNA (SANTO AMARO)
25-03-2021,,,,
26-03-2021,,,,
27-03-2021,,,,
28-03-2021,Zona Leste,Itaquera,Inativo Intransitável,AV. JACU PESSEGO N TRABALHADORES (IGUATEMI ACESSO P
28-03-2021,Zona Leste,Itaim Paulista,Inativo Transitável,RUA MANUEL BARBALHO DE LIMA
28-03-2021,Zona Leste,Penha,Inativo Transitável,AV. CD DE FRONTIN (CARRÃO)
28-03-2021,Zona Leste,Penha,Inativo Intransitável,AV. CD DE FRONTIN (CARRÃO)
28-03-2021,Zona Leste,Penha,Inativo Intransitável,AV. S. MIGUEL
29-03-2021,Zona Leste,Mooca,Inativo Intransitável,R. MELO FREIRE
29-03-2021,Zona Sul,Santo Amaro,Inativo Transitável,R. JOAO ALFREDO
30-03-2021,Zona Sul,Santo Amaro,Inativo Transitável,R. JOAO ALFREDO
30-03-2021,Zona Sul,Santo Amaro,Inativo Transitável,R. JOAO ALFREDO
31-03-2021,,,,
01-04-2021,,,,
02-04-2021,,,,
03-04-2021,,,,
04-04-2021,,,,
05-04-2021,,,,
06-04-2021,Zona Norte,Vila Maria/ Vila Guilherme,Inativo Transitável,AV. GUILHERME
06-04-2021,Zona Norte,Vila Maria/ Vila Guilherme,Inativo Transitável,R. MARIA CANDIDA
06-04-2021,Centro,Sé,Inativo Transitável,R. BARRA DO TIBAJI
06-04-2021,Zona Oeste,Pinheiros,Inativo Transitável,R. ESTADOS UNIDOS
06-04-2021,Zona Oeste,Pinheiros,Inativo Transitável,AV. DAS NACOES UNIDAS
06-04-2021,Zona Leste,Mooca,Inativo Transitável,R. MELO FREIRE
06-04-2021,Zona Sul,Santo Amaro,Inativo Transitável,AV. DAS. NACOES UNIDAS
07-04-2021,,,,
08-04-2021,,,,
09-04-2021,,,,
10-04-2021,,,,
11-04-2021,,,,
12-04-2021,,,,
13-04-2021,,,,
14-04-2021,,,,
15-04-2021,,,,
16-04-2021,,,,
17-04-2021,Zona Oeste,Pinheiros,Inativo Intransitável,AV. DAS NAÇÕES UNIDAS (ALTO DE PINHEIROS)
17-04-2021,Zona Sudeste,Vila Mariana,Inativo Intransitável,AV. JOSÉ MARIA WHITAKER (MOEMA)
18-04-2021,Zona Norte,Vila Maria/ Vila Guilherme,Inativo Transitável,AV. MORVAN DIAS DE FIGUEIREDO
18-04-2021,Centro,Sé,Inativo Transitável,AV. S. JOAO
18-04-2021,Zona Oeste,Butantã,Inativo Transitável,AV. DOS TAJURAS (MORUMBI)
18-04-2021,Zona Oeste,Pinheiros,Inativo Transitável,VD. SANTO AMARO
18-04-2021,Zona Leste,Mooca,Inativo Transitável,VD. PIRES DO RIO
18-04-2021,Zona Sudeste,Vila Mariana,Inativo Transitável,AV. IBIRAPUERA (MOEMA)
18-04-2021,Zona Sudeste,Vila Mariana,Inativo Transitável,AV. JAMARIS (MOEMA)
19-04-2021,,,,
20-04-2021,,,,
21-04-2021,,,,
22-04-2021,,,,
23-04-2021,,,,
24-04-2021,,,,
25-04-2021,,,,
26-04-2021,,,,
27-04-2021,,,,
28-04-2021,,,,
29-04-2021,,,,
30-04-2021,,,,
01-05-2021,,,,
02-05-2021,,,,
03-05-2021,,,,
04-05-2021,,,,
05-05-2021,,,,
06-05-2021,,,,
07-05-2021,,,,
08-05-2021,,,,
09-05-2021,,,,
10-05-2021,,,,
11-05-2021,,,,
12-05-2021,,,,
13-05-2021,Zona Oeste,Lapa,Inativo Transitável,AV. DRA RUTH CARDOSO (ALTO DE PINHEIROS)
13-05-2021,Zona Oeste,Lapa,Inativo Intransitável,MARGINAL PINHEIROS CBINT
13-05-2021,Zona Oeste,Pinheiros,Inativo Intransitável,AV. DAS. NACOES UNIDAS
13-05-2021,Zona Oeste,Pinheiros,Inativo Transitável,VD. ENG ANTONIO MOLITERNO (ITAIM BIBI)
13-05-2021,Zona Oeste,Pinheiros,Inativo Intransitável,VD. SANTO AMARO
13-05-2021,Zona Sul,Santo Amaro,Inativo Transitável,R. JOAO ALFREDO
14-05-2021,,,,
15-05-2021,,,,
16-05-2021,,,,
17-05-2021,,,,
18-05-2021,,,,
19-05-2021,,,,
20-05-2021,,,,
21-05-2021,,,,
22-05-2021,,,,
23-05-2021,Zona Sul,Santo Amaro,Inativo Transitável,R. JOAO ALFREDO
24-05-2021,,,,
25-05-2021,,,,
26-05-2021,,,,
27-05-2021,,,,
28-05-2021,,,,
29-05-2021,,,,
30-05-2021,,,,
31-05-2021,,,,
01-06-2021,,,,
02-06-2021,,,,
03-06-2021,,,,
04-06-2021,,,,
05-06-2021,,,,
06-06-2021,,,,
07-06-2021,,,,
08-06-2021,,,,
09-06-2021,,,,
10-06-2021,,,,
11-06-2021,,,,
12-06-2021,,,,
13-06-2021,,,,
14-06-2021,,,,
15-06-2021,,,,
16-06-2021,,,,
17-06-2021,,,,
18-06-2021,,,,
19-06-2021,,,,
20-06-2021,,,,
21-06-2021,,,,
22-06-2021,Zona Norte,Santana,Ativo Transitável,AV. ASSIS CHATEAUBRIAND
23-06-2021,,,,
24-06-2021,,,,
25-06-2021,,,,
26-06-2021,,,,
27-06-2021,,,,
28-06-2021,,,,
29-06-2021,,,,
30-06-2021,,,,
01-07-2021,,,,
02-07-2021,,,,
03-07-2021,,,,
04-07-2021,,,,
05-07-2021,,,,
06-07-2021,,,,
07-07-2021,,,,
08-07-2021,,,,
09-07-2021,,,,
10-07-2021,,,,
11-07-2021,,,,
12-07-2021,,,,
13-07-2021,,,,
14-07-2021,,,,
15-07-2021,,,,
16-07-2021,,,,
17-07-2021,,,,
18-07-2021,,,,
19-07-2021,,,,
20-07-2021,,,,
21-07-2021,,,,
22-07-2021,,,,
23-07-2021,,,,
24-07-2021,,,,
25-07-2021,,,,
26-07-2021,,,,
27-07-2021,,,,
28-07-2021,Zona Norte,Santana,Inativo Transitável,R. DARZAN
28-07-2021,Zona Norte,Santana,Inativo Transitável,AV. GAL. ATALIBA LEONEL
28-07-2021,Centro,Sé,Inativo Transitável,AV. MERCURIO
28-07-2021,Centro,Sé,Inativo Transitável,VEL. PRES. JOAO GOULART
28-07-2021,Centro,Sé,Inativo Transitável,AV. DO ESTADO (BOM RETIRO)
28-07-2021,Centro,Sé,Inativo Transitável,R. CONS. BROTERO
28-07-2021,Centro,Sé,Inativo Transitável,AL. GLETE
28-07-2021,Centro,Sé,Inativo Transitável,AV. DO. ESTADO
28-07-2021,Zona Oeste,Pinheiros,Inativo Transitável,AV. DAS. NACOES UNIDAS
28-07-2021,Zona Oeste,Pinheiros,Inativo Transitável,AV. BRASIL
28-07-2021,Zona Oeste,Pinheiros,Inativo Transitável,VD. ENG ANTONIO MOLITERNO (ITAIM BIBI)
29-07-2021,,,,
30-07-2021,,,,
31-07-2021,,,,
01-08-2021,,,,
02-08-2021,,,,
03-08-2021,,,,
04-08-2021,,,,
05-08-2021,,,,
06-08-2021,,,,
07-08-2021,,,,
08-08-2021,,,,
09-08-2021,,,,
10-08-2021,,,,
11-08-2021,,,,
12-08-2021,,,,
13-08-2021,,,,
14-08-2021,,,,
15-08-2021,,,,
16-08-2021,,,,
17-08-2021,,,,
18-08-2021,,,,
19-08-2021,,,,
20-08-2021,,,,
21-08-2021,,,,
22-08-2021,,,,
23-08-2021,,,,
24-08-2021,,,,
25-08-2021,,,,
26-08-2021,,,,
27-08-2021,,,,
28-08-2021,Centro,Sé,Inativo Transitável,AV. DO ESTADO
28-08-2021,Centro,Sé,Inativo Transitável,AV. 23 DE MAIO
29-08-2021,,,,
30-08-2021,Centro,Sé,Inativo Transitável,AV. DO ESTADO
31-08-2021,,,,
01-09-2021,,,,
02-09-2021,,,,
03-09-2021,,,,
04-09-2021,,,,
05-09-2021,,,,
06-09-2021,,,,
07-09-2021,,,,
08-09-2021,,,,
09-09-2021,,,,
10-09-2021,Zona Sul,Santo Amaro,Inativo Transitável,AV. SANTO AMARO
11-09-2021,,,,
12-09-2021,,,,
13-09-2021,,,,
14-09-2021,,,,
15-09-2021,,,,
16-09-2021,Zona Sul,Santo Amaro,Inativo Transitável,AV. DO ESTADO
17-09-2021,,,,
18-09-2021,,,,
19-09-2021,,,,
20-09-2021,,,,
21-09-2021,,,,
22-09-2021,,,,
23-09-2021,,,,
24-09-2021,,,,
25-09-2021,,,,
26-09-2021,,,,
27-09-2021,,,,
28-09-2021,,,,
29-09-2021,,,,
30-09-2021,,,,
01-10-2021,,,,
02-10-2021,,,,
03-10-2021,Centro,Sé,Inativo Transitável,AV. VINTE E TRÊS DE MAIO
03-10-2021,Centro,Sé,Inativo Transitável,AV. DO ESTADO
03-10-2021,Centro,Sé,Inativo Transitável,AV. MERCURIO
04-10-2021,,,,
05-10-2021,,,,
06-10-2021,,,,
07-10-2021,,,,
08-10-2021,,,,
09-10-2021,,,,
10-10-2021,,,,
11-10-2021,Centro,Sé,Inativo Transitável,AV. RIO BRANCO
12-10-2021,Zona Oeste,Butantã,Inativo Transitável,AV.ENG BILLINGS - MARG. PINHEIROS - LOCAL
12-10-2021,Zona Leste,Itaquera,Inativo Transitável,"AV. JOSE PINHEIRO BORGES, 1000"
13-10-2021,,,,
14-10-2021,Centro,Sé,Inativo Transitável,AV. RIO BRANCO
14-10-2021,Zona Leste,Itaquera,Inativo Transitável,AV. JOSE PINHEIRO BORGES
15-10-2021,Centro,Sé,Inativo Transitável,VEL.PRES JOÃO GOULART
15-10-2021,Centro,Sé,Inativo Transitável,AV. SÃO JOÃO
15-10-2021,Centro,Sé,Inativo Transitável,AV. VINTE E TRES DE MAIO
15-10-2021,Centro,Sé,Inativo Transitável,AV. RIO BRANCO
15-10-2021,Centro,Sé,Inativo Transitável,AV. RIO BRANCO
15-10-2021,Zona Leste,Mooca,Inativo Transitável,R. GONCALVES DIAS
15-10-2021,Zona Sul,Santo Amaro,Inativo Transitável,AV.STO AMARO
16-10-2021,Zona Sul,Cidade Ademar,Inativo Transitável,R. MIGUEL YUNES
17-10-2021,,,,
18-10-2021,Centro,Sé,Inativo Intransitável,"VEL.PRES JOAO GOULART,"
18-10-2021,Zona Sul,M'Boi Mirim,Inativo Transitável,AV. GUARAPIRANGA
18-10-2021,Zona Sul,Santo Amaro,Inativo Transitável,VD. DOS BANDEIRANTES
19-10-2021,,,,
20-10-2021,,,,
21-10-2021,,,,
22-10-2021,,,,
23-10-2021,,,,
24-10-2021,Zona Norte,Freguesia do Ó,Inativo Transitável,MARGINAL TIETE - PISTA EXPRESSA
24-10-2021,Zona Oeste,Pinheiros,Inativo Transitável,VD.ENG ANTONIO MOLITERNO
24-10-2021,Zona Leste,Mooca,Inativo Transitável,MARGINAL TIETE - PISTA EXPRESSA
24-10-2021,Zona Sudeste,Vila Mariana,Inativo Transitável,AV. IBIRAPUERA
25-10-2021,,,,
26-10-2021,,,,
27-10-2021,,,,
28-10-2021,,,,
29-10-2021,,,,
30-10-2021,,,,
31-10-2021,,,,
01-11-2021,Centro,Sé,Inativo Transitável,AV. RIO BRANCO
01-11-2021,Centro,Sé,Inativo Transitável,AV. RIO BRANCO
01-11-2021,Zona Oeste,Lapa,Inativo Transitável,R. JOAO TIBIRICA
01-11-2021,Zona Oeste,Lapa,Inativo Transitável,VD. POMPEIA MANOEL DE MELLO
01-11-2021,Zona Leste,Itaquera,Inativo Transitável,AV. JOSE PINHEIRO BORGES
02-11-2021,,,,
03-11-2021,,,,
04-11-2021,,,,
05-11-2021,,,,
06-11-2021,,,,
07-11-2021,,,,
08-11-2021,,,,
09-11-2021,,,,
10-11-2021,,,,
11-11-2021,,,,
12-11-2021,,,,
13-11-2021,,,,
14-11-2021,,,,
15-11-2021,,,,
16-11-2021,,,,
17-11-2021,,,,
18-11-2021,Zona Norte,Santana,Inativo Transitável,AV. CRUZEIRO DO SUL
18-11-2021,Centro,Sé,Inativo Transitável,AV. RIO BRANCO
18-11-2021,Zona Oeste,Butantã,Inativo Intransitável,AV.PROF FRANCISCO MORATO
18-11-2021,Zona Oeste,Lapa,Inativo Transitável,AV.ENG BILLINGS
18-11-2021,Zona Oeste,Pinheiros,Inativo Transitável,AV. MARGINAL PINHEIROS
18-11-2021,Zona Sudeste,Vila Mariana,Inativo Transitável,AV. VINTE E TRES DE MAIO
18-11-2021,Zona Sudeste,Vila Mariana,Inativo Transitável,AV.DR RICARDO JAFET
19-11-2021,Zona Oeste,Butantã,Inativo Transitável,AV.PROF FRANCISCO MORATO
19-11-2021,Zona Oeste,Lapa,Inativo Transitável,AC. AV ENG BILLINGS
19-11-2021,Zona Oeste,Pinheiros,Inativo Transitável,AV.STO AMARO
19-11-2021,Zona Leste,Mooca,Inativo Transitável,R. BRESSER
19-11-2021,Zona Sul,M'Boi Mirim,Inativo Transitável,ES. M BOI MIRIM
19-11-2021,Zona Sul,Santo Amaro,Inativo Transitável,AV. VITOR MANZINI
19-11-2021,Zona Sul,Santo Amaro,Inativo Transitável,AV. MARGINAL PINHEIROS
20-11-2021,,,,
21-11-2021,,,,
22-11-2021,,,,
23-11-2021,,,,
24-11-2021,Zona Oeste,Pinheiros,Inativo Transitável,R CARUMBE
25-11-2021,,,,
26-11-2021,,,,
27-11-2021,,,,
28-11-2021,,,,
29-11-2021,,,,
30-11-2021,Zona Norte,Casa Verde,Inativo Transitável,AV.INAJAR DE SOUZA
30-11-2021,Zona Norte,Freguesia do Ó,Inativo Transitável,R JOAO DUARTE
30-11-2021,Zona Norte,Vila Maria/ Vila Guilherme,Inativo Intransitável,R MARIA CANDIDA
30-11-2021,Zona Sul,Cidade Ademar,Inativo Intransitável,AV.CUPECÊ
30-11-2021,Zona Sudeste,Vila Mariana,Inativo Transitável,AV STO AMARO
01-12-2021,,,,
02-12-2021,,,,
03-12-2021,,,,
04-12-2021,,,,
05-12-2021,,,,
06-12-2021,,,,
07-12-2021,Zona Sul,Parelheiros,Inativo Intransitável,R ELIAS XAVIER DE PAULA
08-12-2021,,,,
09-12-2021,,,,
10-12-2021,,,,
11-12-2021,,,,
12-12-2021,Zona Oeste,Lapa,Inativo Intransitável,AV POMPEIA
12-12-2021,Zona Leste,Vila Prudente,Inativo Intransitável,AV PROF LUIZ IGNACIO ANHAIA MELLO
12-12-2021,Zona Leste,Vila Prudente,Inativo Transitável,AV PROF LUIZ IGNACIO ANHAIA MELLO
13-12-2021,Centro,Sé,Inativo Intransitável,R PRES BATISTA PEREIRA
13-12-2021,Centro,Sé,Inativo Intransitável,R PRES BATISTA PEREIRA
13-12-2021,Zona Leste,São Miguel Paulista,Inativo Transitável,R BERALDO MARCONDES
13-12-2021,Zona Leste,Penha,Inativo Transitável,AV S MIGUEL
13-12-2021,Zona Leste,Penha,Inativo Transitável,R DR LUIZ AYRES
13-12-2021,Zona Leste,Sapopemba,Inativo Transitável,AV SAPOPEMBA
13-12-2021,Zona Leste,Vila Prudente,Inativo Transitável,AV PROF LUIZ IGNACIO ANHAIA MELLO
13-12-2021,Zona Leste,Vila Prudente,Inativo Intransitável,R DA PRECE
13-12-2021,Zona Leste,Vila Prudente,Inativo Intransitável,AV PROF LUIZ IGNACIO ANHAIA MELLO
13-12-2021,Zona Leste,Vila Prudente,Inativo Intransitável,AV PROF LUIZ IGNACIO ANHAIA MELLO
13-12-2021,Zona Sul,M'Boi Mirim,Inativo Transitável,AV GUARAPIRANGA
13-12-2021,Zona Sul,M'Boi Mirim,Inativo Transitável,AV FRANCISCO NOBREGA BARBOSA
13-12-2021,Zona Sul,Santo Amaro,Inativo Intransitável,R MIGUEL YUNES
14-12-2021,Zona Norte,Pirituba/Jaraguá,Inativo Transitável,
14-12-2021,Centro,Sé,Inativo Transitável,AC A VEL PRES ARTHUR DA C E SILVA (SANTA CECILIA)
14-12-2021,Zona Oeste,Butantã,Inativo Transitável,AV MAGALHAES DE CASTRO
14-12-2021,Zona Oeste,Lapa,Inativo Transitável,R JOSE BENEDITO BONELI
14-12-2021,Zona Leste,Itaquera,Inativo Transitável,R S TEODORO
14-12-2021,Zona Leste,Itaquera,Inativo Intransitável,R TOMAZZO FERRARA
14-12-2021,Zona Leste,Itaquera,Inativo Intransitável,R PDE VIEGAS DE MENEZES
14-12-2021,Zona Leste,Itaquera,Inativo Transitável,AV ITAQUERA
14-12-2021,Zona Leste,Penha,Inativo Intransitável,R DR LUIZ AYRES
14-12-2021,Zona Leste,Penha,Inativo Transitável,R DR LUIZ AYRES
15-12-2021,Zona Norte,Freguesia do Ó,Inativo Intransitável,R JOAO DUARTE
15-12-2021,Zona Norte,Freguesia do Ó,Inativo Transitável,AV INAJAR DE SOUZA
15-12-2021,Zona Norte,Jaçanã/ Tremembé,Inativo Intransitável,AV SANATÓRIO
15-12-2021,Zona Norte,Vila Maria/ Vila Guilherme,Inativo Intransitável,AV JOAQUINA RAMALHO
15-12-2021,Zona Norte,Santana,Inativo Transitável,AV CRUZEIRO DO SUL
15-12-2021,Zona Norte,Santana,Inativo Intransitável,AV ZAKI NARCHI
15-12-2021,Centro,Sé,Inativo Transitável,AV S JOAO
15-12-2021,Centro,Sé,Inativo Transitável,R AURORA
15-12-2021,Centro,Sé,Inativo Transitável,AV RIO BRANCO
15-12-2021,Centro,Sé,Inativo Transitável,R. BRARÃO DE JUNDIAI
15-12-2021,Zona Oeste,Lapa,Inativo Transitável,R DOM JOAO V
15-12-2021,Zona Leste,São Miguel Paulista,Inativo Transitável,R RIO SAO FRANCISCO DO MOGIANO
15-12-2021,Zona Leste,Penha,Inativo Intransitável,R DR LUIZ AYRES
16-12-2021,Zona Norte,Santana,Inativo Transitável,AV CRUZEIRO DO SUL
16-12-2021,Centro,Sé,Inativo Transitável,AC A VEL PRES ARTHUR DA C E SILVA (SANTA CECILIA)
16-12-2021,Zona Oeste,Lapa,Inativo Transitável,R BRIG GAVIAO PEIXOTO
17-12-2021,Zona Norte,Jaçanã/ Tremembé,Inativo Intransitável,AV ANTONELLO DA MESSINA
17-12-2021,Zona Norte,Perus,Inativo Intransitável,R FIORELLI PECCICACCO
17-12-2021,Centro,Sé,Inativo Transitável,AV FRANCISCO MATARAZZO
17-12-2021,Zona Leste,Itaquera,Inativo Intransitável,AV JOSE PINHEIRO BORGES
17-12-2021,Zona Leste,Itaquera,Inativo Transitável,TN JORN ODON PEREIRA
18-12-2021,,,,
19-12-2021,,,,
20-12-2021,,,,
21-12-2021,,,,
22-12-2021,,,,
23-12-2021,,,,
24-12-2021,,,,
25-12-2021,,,,
26-12-2021,,,,
27-12-2021,Zona Norte,Casa Verde,Inativo Transitável,AV NSRA.DO O
28-12-2021,Zona Leste,Aricanduva/ Vila Formosa,Inativo Transitável,R JOÃO JOSÉ RODRIGUES
28-12-2021,Zona Leste,Penha,Inativo Transitável,AV CALIM EID
28-12-2021,Zona Sul,Parelheiros,Inativo Transitável,R ELIAS XAVIER DE PAULA
28-12-2021,Zona Sul,Parelheiros,Inativo Transitável,ES. ECOTURISTICA DE PARELHEIROS
28-12-2021,Zona Sudeste,Vila Mariana,Inativo Transitável,AV VINTE E TRES DE MAIO
28-12-2021,Zona Sudeste,Vila Mariana,Inativo Transitável,AV VINTE E TRES DE MAIO
29-12-2021,,,,
30-12-2021,Zona Oeste,Butantã,Inativo Transitável,AV VITAL BRASIL
30-12-2021,Zona Oeste,Butantã,Inativo Transitável,TV IRMA DOLORES BALDI
30-12-2021,Zona Oeste,Butantã,Inativo Transitável,AVENIDA PROF. FRANCISCO MORATO
30-12-2021,Zona Oeste,Butantã,Inativo Intransitável,AV JULES RIMET
30-12-2021,Zona Oeste,Butantã,Inativo Intransitável,PC ROBERTO GOMES PEDROSA
30-12-2021,Zona Oeste,Butantã,Inativo Transitável,AVENIDA JULES RIMET
30-12-2021,Zona Oeste,Lapa,Inativo Transitável,AV ENG BILLINGS
30-12-2021,Zona Oeste,Lapa,Inativo Transitável,AV ENG BILLINGS
30-12-2021,Zona Sul,M'Boi Mirim,Inativo Intransitável,AV FRANCISCO NOBREGA BARBOSA
30-12-2021,Zona Sul,M'Boi Mirim,Inativo Transitável,AVENIDA GUARAPIRANGA
30-12-2021,Zona Sul,Santo Amaro,Inativo Transitável,MARGINAL PINHEIROS INTCB
30-12-2021,Zona Sul,Santo Amaro,Inativo Intransitável,
30-12-2021,Zona Sudeste,Vila Mariana,Inativo Intransitável,AV DR RICARDO JAFET
30-12-2021,Zona Sudeste,Vila Mariana,Inativo Transitável,VD AUSTREGESILO DE ATAÍDE
31-12-2021,Zona Sul,M'Boi Mirim,Inativo Transitável,R SETE DE JULHO
31-12-2021,Zona Sul,M'Boi Mirim,Inativo Transitável,AV GUIDO CALOI
31-12-2021,Zona Sul,Santo Amaro,Inativo Intransitável,AV DAS NACOES UNIDAS
31-12-2021,Zona Sul,Santo Amaro,Inativo Intransitável,AV DAS NAÇÕES UNIDAS
31-12-2021,Zona Sul,Santo Amaro,Inativo Transitável,R JOAO ALFREDO
31-12-2021,Zona Sudeste,Vila Mariana,Inativo Intransitável,AV VINTE E TRES DE MAIO
31-12-2021,Zona Sudeste,Vila Mariana,Inativo Intransitável,AV DR RICARDO JAFET
31-12-2021,Zona Sudeste,Vila Mariana,Inativo Transitável,AV STO AMARO
01-01-2022,,,,
02-01-2022,Centro,Sé,Inativo Intransitável,R MANOEL DUTRA
02-01-2022,Centro,Sé,Inativo Intransitável,AV9 DE JULHO
02-01-2022,Centro,Sé,Inativo Intransitável,AV9 DE JULHO
02-01-2022,Zona Oeste,Butantã,Inativo Intransitável,AV LINEU DE PAULA MACHADO
02-01-2022,Zona Oeste,Lapa,Inativo Transitável,AV POMPEIA
02-01-2022,Zona Oeste,Lapa,Inativo Intransitável,AVPOMPEIA
02-01-2022,Zona Oeste,Lapa,Inativo Intransitável,AV QUEIROZ FILHO
02-01-2022,Zona Oeste,Pinheiros,Inativo Intransitável,MARGINAL PINHEIROS
02-01-2022,Zona Oeste,Pinheiros,Inativo Intransitável,PC APECATU
02-01-2022,Zona Oeste,Pinheiros,Inativo Intransitável,R BRIG HAROLDO VELOSO
02-01-2022,Zona Oeste,Pinheiros,Inativo Transitável,AV STO AMARO
02-01-2022,Zona Sul,Santo Amaro,Inativo Intransitável,AV DAS NACOES UNIDAS
02-01-2022,Zona Sudeste,Vila Mariana,Inativo Intransitável,AV23 DE MAIO
03-01-2022,Zona Norte,Jaçanã/ Tremembé,Inativo Intransitável,AV SANATORIO
03-01-2022,Zona Leste,Itaquera,Inativo Intransitável,AV JOSE PINHEIRO BORGES
03-01-2022,Zona Leste,Itaquera,Inativo Transitável,AV ITAQUERA
03-01-2022,Zona Leste,São Mateus,Inativo Transitável,AV ARICANDUVA
03-01-2022,Zona Leste,São Mateus,Inativo Transitável,R MENINO DEUS
03-01-2022,Zona Leste,São Mateus,Inativo Transitável,AV RAGUEB CHOHFI
03-01-2022,Zona Leste,Vila Prudente,Inativo Transitável,PTE DO RIO TAMANDUATEI
03-01-2022,Zona Sudeste,Vila Mariana,Inativo Intransitável,AV DR RICARDO JAFET
04-01-2022,Zona Leste,Mooca,Inativo Intransitável,AV ALCANTARA MACHADO
04-01-2022,Zona Leste,Mooca,Inativo Transitável,R BRESSER
04-01-2022,Zona Leste,Penha,Inativo Transitável,R DR LUIZ AYRES
04-01-2022,Zona Leste,Penha,Inativo Transitável,AV CD.DE FRONTIN
04-01-2022,Zona Sul,M'Boi Mirim,Inativo Transitável,R PROF ANTONIO AUSTREGESILO
04-01-2022,Zona Sul,Santo Amaro,Inativo Intransitável,ES DE ITAPECERICA
04-01-2022,Zona Sul,Santo Amaro,Inativo Transitável,AV JOAO DIAS
04-01-2022,Zona Sul,Santo Amaro,Inativo Intransitável,AV DAS NACOES UNIDAS
05-01-2022,,,,
06-01-2022,Zona Norte,Santana,Inativo Transitável,R CEL ANTONIO DE CARVALHO
06-01-2022,Zona Norte,Santana,Inativo Transitável,AV CRUZEIRO DO SUL
06-01-2022,Zona Oeste,Butantã,Inativo Intransitável,R DO SIMBOLO
06-01-2022,Zona Sul,Santo Amaro,Inativo Transitável,R MIGUEL YUNES
07-01-2022,,,,
08-01-2022,Zona Oeste,Butantã,Inativo Transitável,R JOSE FELIX
08-01-2022,Zona Oeste,Butantã,Inativo Transitável,AV PROF FRANCISCO MORATO
08-01-2022,Zona Oeste,Pinheiros,Inativo Transitável,AV PEDROSO DE MORAIS
09-01-2022,Centro,Sé,Inativo Transitável,R BARRA DO TIBAJI
09-01-2022,Centro,Sé,Inativo Transitável,R BARRA DO TIBAJI
10-01-2022,,,,
11-01-2022,Zona Norte,Vila Maria/ Vila Guilherme,Inativo Transitável,AV OTTO BAUMGART
11-01-2022,Centro,Sé,Inativo Transitável,R PRES BATISTA PEREIRA
11-01-2022,Centro,Sé,Inativo Intransitável,AV MERCURIO
11-01-2022,Zona Oeste,Butantã,Inativo Intransitável,AV JULES RIMET
11-01-2022,Zona Oeste,Butantã,Inativo Intransitável,R NAIR FERRAZ DE MESQUITA
11-01-2022,Zona Oeste,Butantã,Inativo Transitável,AV PROF FRANCISCO MORATO
11-01-2022,Zona Oeste,Lapa,Inativo Intransitável,AV ENG BILLINGS
11-01-2022,Zona Sul,Capela do Socorro,Inativo Transitável,AV GUARAPIRANGA
11-01-2022,Zona Sul,M'Boi Mirim,Inativo Intransitável,R SETE DE JULHO
11-01-2022,Zona Sul,M'Boi Mirim,Inativo Transitável,ES DO CAMPO LIMPO
11-01-2022,Zona Sul,M'Boi Mirim,Inativo Transitável,AV MAJ SYLVIO DE MAGALHAES PADILHA
11-01-2022,Zona Sul,Santo Amaro,Inativo Intransitável,AV DAS NAÇÕES UNIDAS
11-01-2022,Zona Sul,Santo Amaro,Inativo Intransitável,AV DAS NACOES UNIDAS
11-01-2022,Zona Sudeste,Ipiranga,Inativo Transitável,AV PROF. ABRAÃO DE MORAIS
11-01-2022,Zona Sudeste,Ipiranga,Inativo Transitável,R DAS JUNTAS PROVISORIAS
11-01-2022,Zona Sudeste,Vila Mariana,Inativo Transitável,AV MOREIRA GUIMARAES
12-01-2022,Zona Norte,Perus,Inativo Transitável,R ODOANEL MAIO COVAS (PERUS)
12-01-2022,Centro,Sé,Inativo Transitável,AV DO ESTADO
12-01-2022,Zona Leste,Vila Prudente,Inativo Transitável,PTE DO RIO TAMANDUATEI
13-01-2022,Zona Norte,Vila Maria/ Vila Guilherme,Inativo Transitável,R JOSE BERNARDO PINTO
13-01-2022,Zona Leste,Mooca,Inativo Transitável,AV ALCANTARA MACHADO
14-01-2022,,,,
15-01-2022,,,,
16-01-2022,Zona Norte,Casa Verde,Inativo Intransitável,AV ANTONIO MUNHOZ BONILHA
16-01-2022,Zona Norte,Casa Verde,Inativo Intransitável,R CEL. JOAQUIM DE FREITAS
16-01-2022,Zona Norte,Casa Verde,Inativo Intransitável,R BARTHOLOMEU DO CANTO
16-01-2022,Zona Norte,Santana,Inativo Intransitável,R CEL ANTONIO DE CARVALHO
16-01-2022,Centro,Sé,Inativo Intransitável,R CAPISTRANO DE ABREU
16-01-2022,Centro,Sé,Inativo Transitável,AV RANGEL PESTANA
16-01-2022,Centro,Sé,Inativo Transitável,AV MARQUÊS DE SÃO VICENTE
16-01-2022,Centro,Sé,Inativo Transitável,AV PRES CASTELO BRANCO
16-01-2022,Zona Oeste,Pinheiros,Inativo Intransitável,R OLIMPÍADAS
16-01-2022,Zona Leste,Itaquera,Inativo Transitável,R CUNHA PORA
16-01-2022,Zona Leste,Itaquera,Inativo Transitável,R ITAGIMIRIM
16-01-2022,Zona Leste,Itaim Paulista,Inativo Transitável,AV MARECHAL TITO
16-01-2022,Zona Leste,Itaim Paulista,Inativo Transitável,R MANUEL BARBALHO DE LIMA
16-01-2022,Zona Leste,Itaim Paulista,Inativo Transitável,R MANUEL BARBALHO DE LIMA
16-01-2022,Zona Leste,Mooca,Inativo Intransitável,R MELO FREIRE
16-01-2022,Zona Leste,Mooca,Inativo Transitável,AV ALCANTARA MACHADO
16-01-2022,Zona Leste,Mooca,Inativo Intransitável,AV ALCANTARA MACHADO
16-01-2022,Zona Leste,Penha,Inativo Transitável,R DR LUIZ AYRES
16-01-2022,Zona Leste,Penha,Inativo Transitável,AV CD DE FRONTIN
16-01-2022,Zona Leste,São Mateus,Inativo Intransitável,AV ARICANDUVA
16-01-2022,Zona Leste,Vila Prudente,Inativo Transitável,AV DO ESTADO
16-01-2022,Zona Leste,Vila Prudente,Inativo Intransitável,AV DO ESTADO
16-01-2022,Zona Sudeste,Ipiranga,Inativo Intransitável,R TABOR
16-01-2022,Zona Sudeste,Ipiranga,Inativo Transitável,R DOIS DE JULHO
16-01-2022,Zona Sudeste,Vila Mariana,Inativo Intransitável,AV RUBEM BERTA
16-01-2022,Zona Sudeste,Vila Mariana,Inativo Intransitável,AV PROF ABRAAO DE MORAIS
16-01-2022,Zona Sudeste,Vila Mariana,Inativo Intransitável,AV ABRAÃO DE MORAIS
16-01-2022,Zona Sudeste,Vila Mariana,Inativo Intransitável,AV VINTE E TRÊS DE MAIO
16-01-2022,Zona Sudeste,Vila Mariana,Inativo Transitável,AV DOS BANDEIRANTES
17-01-2022,Centro,Sé,Inativo Transitável,AL GLETE
18-01-2022,Zona Norte,Casa Verde,Inativo Intransitável,AV INAJAR DE SOUZA
18-01-2022,Zona Norte,Casa Verde,Inativo Intransitável,AV ENG. CAETANO ALVARES
18-01-2022,Zona Norte,Freguesia do Ó,Inativo Intransitável,AV JOÃO PAULO I
18-01-2022,Zona Norte,Santana,Inativo Transitável,TV OSWALDO NAZARENO LUPATTELLI
18-01-2022,Centro,Sé,Inativo Intransitável,AV MARQ.DE SAO VICENTE
18-01-2022,Centro,Sé,Inativo Transitável,AV RIO BRANCO
18-01-2022,Zona Oeste,Lapa,Inativo Transitável,AV ORDEM E PROGRESSO
18-01-2022,Zona Oeste,Lapa,Inativo Transitável,R VENANCIO AIRES
18-01-2022,Zona Oeste,Lapa,Inativo Intransitável,AV POMPEIA
18-01-2022,Zona Oeste,Lapa,Inativo Intransitável,R JOSE DE OLIVEIRA COUTINHO
18-01-2022,Zona Oeste,Lapa,Inativo Intransitável,R GUSTAV WILLI BORGHOFF
18-01-2022,Zona Oeste,Lapa,Inativo Transitável,R MONTEIRO DE MELO
19-01-2022,Zona Norte,Vila Maria/ Vila Guilherme,Inativo Intransitável,R CHICO PONTES
19-01-2022,Zona Norte,Vila Maria/ Vila Guilherme,Inativo Transitável,AV SANATORIO
19-01-2022,Zona Norte,Pirituba/Jaraguá,Inativo Intransitável,AV ELISIO CORDEIRO DE SIQUEIRA
19-01-2022,Zona Norte,Perus,Inativo Intransitável,PC INACIO DIAS
19-01-2022,Zona Norte,Santana,Inativo Transitável,AV SANTOS DUMONT
19-01-2022,Centro,Sé,Inativo Transitável,R LIBERO BADARO
19-01-2022,Centro,Sé,Inativo Transitável,AV PRES CASTELO BRANCO
19-01-2022,Centro,Sé,Inativo Transitável,MARGINAL TIETE CBAS CENTRAL
19-01-2022,Zona Oeste,Butantã,Inativo Intransitável,AV PROF GIOIA MARTINS
19-01-2022,Zona Oeste,Butantã,Inativo Intransitável,AV VITAL BRASIL
19-01-2022,Zona Oeste,Butantã,Inativo Intransitável,AV ELISEU DE ALMEIDA
19-01-2022,Zona Oeste,Pinheiros,Inativo Intransitável,PC APECATU
19-01-2022,Zona Leste,Itaquera,Inativo Transitável,TUNEL JORN ODON PEREIRA
19-01-2022,Zona Leste,Itaquera,Inativo Transitável,AV MIGUEL INÁCIO CURY ALTURA Nº 802
19-01-2022,Zona Leste,Itaquera,Inativo Intransitável,AV PROF FRANCISCO MORATO
19-01-2022,Zona Leste,Penha,Inativo Intransitável,AV CELSO GARCIA
19-01-2022,Zona Leste,Penha,Inativo Intransitável,R BERNARDO JOSE DE LORENA
20-01-2022,Zona Norte,Casa Verde,Inativo Transitável,AV ANTONIO MUNHOZ BONILHA
20-01-2022,Zona Norte,Santana,Inativo Transitável,AV CRUZEIRO DO SUL
20-01-2022,Centro,Sé,Inativo Intransitável,PC DA BANDEIRA
20-01-2022,Centro,Sé,Inativo Intransitável,R PRES COSTA PEREIRA
20-01-2022,Centro,Sé,Inativo Intransitável,AV RANGEL PESTANA
20-01-2022,Centro,Sé,Inativo Transitável,AV RUDGE
20-01-2022,Centro,Sé,Inativo Intransitável,R TEIXEIRA LEITE
20-01-2022,Zona Oeste,Butantã,Inativo Transitável,AV CORIFEU DE AZEVEDO NARQUES
20-01-2022,Zona Oeste,Lapa,Inativo Transitável,R ARMANDO D'ALMEIDA
20-01-2022,Zona Oeste,Lapa,Inativo Intransitável,AV KENKITI SIMOMOTO
20-01-2022,Zona Oeste,Lapa,Inativo Transitável,AV JAGUARE
20-01-2022,Zona Oeste,Lapa,Inativo Intransitável,AV DR GASTAO VIDIGAL
20-01-2022,Zona Oeste,Pinheiros,Inativo Intransitável,PC APECATU
20-01-2022,Zona Oeste,Pinheiros,Inativo Intransitável,R HENRIQUE SCHAUMANN
20-01-2022,Zona Leste,Mooca,Inativo Intransitável,AV ALCANTARA MACHADO
20-01-2022,Zona Leste,Mooca,Inativo Intransitável,R BRESSER
20-01-2022,Zona Leste,Mooca,Inativo Intransitável,AV ALCANTARA MACHADO
20-01-2022,Zona Leste,Mooca,Inativo Intransitável,AV ALCANTARA MACHADO
20-01-2022,Zona Leste,Penha,Inativo Transitável,AV ANTONIO ESTEVAO DE CARVALHO
20-01-2022,Zona Leste,Penha,Inativo Transitável,R DR LUIZ AYRES
20-01-2022,Zona Leste,Penha,Inativo Intransitável,AV DOM HELDER CAMARA
20-01-2022,Zona Sudeste,Vila Mariana,Inativo Intransitável,AV VINTE E TRES DE MAIO
21-01-2022,Zona Oeste,Lapa,Inativo Transitável,AV ENG BILLINGS
22-01-2022,,,,
23-01-2022,,,,
24-01-2022,,,,
25-01-2022,Zona Leste,Penha,Inativo Transitável,AV PROEN ARDEVAN MACHADO
26-01-2022,Centro,Sé,Inativo Intransitável,AV DO ESTADO
26-01-2022,Zona Leste,Itaquera,Inativo Transitável,AV JACU PESSEGO
26-01-2022,Zona Leste,Itaquera,Inativo Intransitável,R CUNHA PORÃ
26-01-2022,Zona Leste,Itaquera,Inativo Intransitável,AV ITAQUERA
26-01-2022,Zona Leste,Mooca,Inativo Transitável,AV ALCANTARA MACHADO
26-01-2022,Zona Leste,Penha,Inativo Intransitável,R PDE VIEGAS DE MENEZES
26-01-2022,Zona Leste,Penha,Inativo Intransitável,AV DOM HELDER CÂMARA
26-01-2022,Zona Leste,Penha,Inativo Intransitável,R MARIA LEOCADIA
26-01-2022,Zona Leste,Penha,Inativo Intransitável,AV CD.DE FRONTIN
26-01-2022,Zona Leste,Penha,Inativo Intransitável,AV CD.DE FRONTIN
26-01-2022,Zona Leste,Penha,Inativo Intransitável,AV BERNARDINO BRITO FONSECA DE CARVALHO
26-01-2022,Zona Leste,Penha,Inativo Transitável,AV CD.DE FRONTIN
26-01-2022,Zona Leste,Vila Prudente,Inativo Intransitável,AV PROF LUIZ IGNACIO ANHAIA MELLO
26-01-2022,Zona Leste,Vila Prudente,Inativo Intransitável,AV PROF LUIZ IGNACIO ANHAIA MELLO
26-01-2022,Zona Sudeste,Ipiranga,Inativo Intransitável,R DOIS DE JULHO
26-01-2022,Zona Sudeste,Ipiranga,Inativo Intransitável,R ALENCAR DE ARARIPE
26-01-2022,Zona Sudeste,Ipiranga,Inativo Intransitável,AV PROF ABRAAO DE MORAIS
26-01-2022,Zona Sudeste,Ipiranga,Inativo Transitável,R SILVA BUENO
26-01-2022,Zona Sudeste,Ipiranga,Inativo Transitável,AV TERESA CRISTINA
26-01-2022,Zona Sudeste,Ipiranga,Inativo Intransitável,PC ALTEMAR DUTRA
26-01-2022,Zona Sudeste,Ipiranga,Inativo Intransitável,PA REMEDIOS D. CALANDRIELLO
26-01-2022,Zona Sudeste,Vila Mariana,Inativo Intransitável,AV PROF ABRAAO DE MORAIS
26-01-2022,Zona Sudeste,Vila Mariana,Inativo Intransitável,AV PROF ABRAAO DE MORAIS
26-01-2022,Zona Sudeste,Vila Mariana,Inativo Intransitável,AV RUBEM BERTA
27-01-2022,Zona Sul,Campo Limpo,Inativo Intransitável,AV ELLIS MAAS
27-01-2022,Zona Sul,Campo Limpo,Inativo Intransitável,AV ELLIS MAAS
27-01-2022,Zona Sudeste,Ipiranga,Inativo Transitável,PC ALTEMAR DUTRA
28-01-2022,Zona Norte,Freguesia do Ó,Inativo Intransitável,R JOAO DUARTE
28-01-2022,Zona Norte,Pirituba/Jaraguá,Inativo Transitável,PSS FANDI CHAQUIB KALIL
28-01-2022,Zona Norte,Perus,Inativo Transitável,R FRANCIS DE CASTEUNAL
28-01-2022,Centro,Sé,Inativo Intransitável,AV MERCURIO
28-01-2022,Centro,Sé,Inativo Intransitável,R PRES COSTA PINTO
28-01-2022,Centro,Sé,Inativo Transitável,R ROBERTO SIMONSEN
28-01-2022,Centro,Sé,Inativo Transitável,R SEN FEIJO
28-01-2022,Centro,Sé,Inativo Transitável,AV RIO BRANCO
28-01-2022,Centro,Sé,Inativo Transitável,AV FRANCISCO MATARAZZO
28-01-2022,Centro,Sé,Inativo Transitável,AV RIO BRANCO
28-01-2022,Centro,Sé,Inativo Transitável,AV RIO BRANCO
28-01-2022,Centro,Sé,Inativo Intransitável,AV MERCURIO
28-01-2022,Centro,Sé,Inativo Transitável,R DOS TIMBIRAS
28-01-2022,Zona Oeste,Butantã,Inativo Transitável,AV PROF FRANCISCO MORATO
28-01-2022,Zona Oeste,Lapa,Inativo Intransitável,AV ENG BILLINGS
28-01-2022,Zona Oeste,Lapa,Inativo Transitável,AV ENG. BILLINGS
28-01-2022,Zona Oeste,Lapa,Inativo Intransitável,R JOSE DE OLIVEIRA COUTINHO
28-01-2022,Zona Oeste,Lapa,Inativo Transitável,R GUSTAV WILLI BORGHOFF
28-01-2022,Zona Oeste,Lapa,Inativo Transitável,AV THOMAS EDISON
28-01-2022,Zona Oeste,Pinheiros,Inativo Intransitável,VD ENG ANTONIO MOLITERNO
28-01-2022,Zona Leste,Itaquera,Inativo Transitável,R ITALINA
28-01-2022,Zona Leste,Penha,Inativo Transitável,AV CD.DE FRONTIN
28-01-2022,Zona Sudeste,Ipiranga,Inativo Intransitável,AV PRES TANCREDO NEVES
28-01-2022,Zona Sudeste,Vila Mariana,Inativo Intransitável,R EDSON
28-01-2022,Zona Sudeste,Vila Mariana,Inativo Intransitável,AV STO AMARO
28-01-2022,Zona Sudeste,Vila Mariana,Inativo Intransitável,AV STO AMARO
28-01-2022,Zona Sudeste,Vila Mariana,Inativo Transitável,R RIBEIRO LACERDA
28-01-2022,Zona Sudeste,Vila Mariana,Inativo Intransitável,AV STO AMARO
29-01-2022,Zona Norte,Santana,Inativo Transitável,AV DO ESTADO
29-01-2022,Centro,Sé,Inativo Transitável,AV CRUZEIRO DO SUL
29-01-2022,Centro,Sé,Inativo Transitável,AV MERCURIO
29-01-2022,Zona Oeste,Butantã,Inativo Intransitável,AV PROF FRANCISCO MORATO
29-01-2022,Zona Oeste,Butantã,Inativo Transitável,AV JULES RIMET
29-01-2022,Zona Oeste,Lapa,Inativo Transitável,R JOSE DE OLIVEIRA COUTINHO
29-01-2022,Zona Oeste,Lapa,Inativo Transitável,R GUSTAV WILLI BORGHOFF
29-01-2022,Zona Sul,Santo Amaro,Inativo Transitável,MARGINAL PINHEIROS INTCB
29-01-2022,Zona Sul,Santo Amaro,Inativo Transitável,R MIGUEL YUNES
29-01-2022,Zona Sudeste,Vila Mariana,Inativo Intransitável,AV STO AMARO
30-01-2022,Centro,Sé,Inativo Intransitável,AV RIO BRANCO
30-01-2022,Centro,Sé,Inativo Transitável,AV MERCURIO
30-01-2022,Centro,Sé,Inativo Transitável,R DA FIGUEIRA
30-01-2022,Zona Oeste,Lapa,Inativo Intransitável,AV ENG BILLINGS
30-01-2022,Zona Oeste,Lapa,Inativo Transitável,AV ENG BILLINGS
30-01-2022,Zona Oeste,Lapa,Inativo Transitável,AV ENG BILLINGS
30-01-2022,Zona Oeste,Pinheiros,Inativo Intransitável,AV STO AMARO
30-01-2022,Zona Oeste,Pinheiros,Inativo Intransitável,R LEOPOLDO COUTO MAGALHAES JR
30-01-2022,Zona Leste,Itaquera,Inativo Intransitável,AV JOSE PINHEIRO BORGES
30-01-2022,Zona Leste,Penha,Inativo Transitável,AV CD.DE FRONTIN
30-01-2022,Zona Leste,Penha,Inativo Transitável,TV RIBEIRO VIANA
30-01-2022,Zona Leste,Penha,Inativo Transitável,AV CELSO GARCIA
30-01-2022,Zona Sul,Santo Amaro,Inativo Transitável,MARGINAL PINHEIROS INTCB
31-01-2022,Centro,Sé,Inativo Intransitável,AV MERCURIO
31-01-2022,Zona Oeste,Lapa,Inativo Transitável,AV ENG BILLINGS
31-01-2022,Zona Leste,Vila Prudente,Inativo Transitável,PTE DO RIO TAMANDUATEI
31-01-2022,Zona Leste,Vila Prudente,Inativo Transitável,AV DO ESTADO
31-01-2022,Zona Sul,Santo Amaro,Inativo Transitável,R MIGUEL YUNES
01-02-2022,Zona Norte,Perus,Inativo Intransitável,PC INACIO DIAS
01-02-2022,Centro,Sé,Inativo Transitável,PC DA BANDEIRA
01-02-2022,Centro,Sé,Inativo Transitável,AV RIO BRANCO
01-02-2022,Centro,Sé,Inativo Transitável,AV RIO BRANCO
01-02-2022,Zona Sul,Santo Amaro,Inativo Transitável,MARGINAL PINHEIROS INTCB
02-02-2022,Centro,Sé,Inativo Intransitável,AV MERCURIO
02-02-2022,Zona Oeste,Butantã,Inativo Transitável,R DR ULPIANO DA COSTA MANSO
02-02-2022,Zona Oeste,Butantã,Inativo Transitável,AV MIN LAUDO FERREIRA DE CAMARGO
02-02-2022,Zona Oeste,Butantã,Inativo Intransitável,R SALVADOR RISOLEU
02-02-2022,Zona Oeste,Butantã,Inativo Intransitável,AV MIN LAUDO FERREIRA DE CAMARGO
02-02-2022,Zona Leste,São Miguel Paulista,Inativo Transitável,R RIO SAO FRANCISCO DO MOGIANO
02-02-2022,Zona Leste,São Miguel Paulista,Inativo Transitável,AV PIRES DO RIO
02-02-2022,Zona Sul,Parelheiros,Inativo Transitável,R ELIAS XAVIER DE PAULA
02-02-2022,Zona Sul,Parelheiros,Inativo Transitável,ES ECOTURISTICA DE PARELHEIROS
02-02-2022,Zona Sul,Parelheiros,Inativo Transitável,ES ECOTURISTICA DE PARELHEIROS
02-02-2022,Zona Sul,Santo Amaro,Inativo Intransitável,R MIGUEL YUNES
02-02-2022,Zona Sudeste,Vila Mariana,Inativo Intransitável,AV PROF ASCENDINO REIS
03-02-2022,Zona Leste,São Miguel Paulista,Inativo Transitável,R DR ASSIS RIBEIRO
03-02-2022,Zona Leste,Penha,Inativo Transitável,R ANTONIO DE SOUZA LANDIM
03-02-2022,Zona Sul,Santo Amaro,Inativo Transitável,R MIGUEL YUNES
04-02-2022,Centro,Sé,Inativo Intransitável,R DONA ANTONIA DE QUEIROS
04-02-2022,Centro,Sé,Inativo Intransitável,R BELA CINTRA
05-02-2022,,,,
06-02-2022,,,,
07-02-2022,Zona Leste,Penha,Inativo Transitável,R DR LUIZ AYRES
07-02-2022,Zona Leste,Penha,Inativo Intransitável,AV CD.DE FRONTIN
07-02-2022,Zona Leste,São Mateus,Inativo Intransitável,AV ARICANDUVA
07-02-2022,Zona Sul,Santo Amaro,Inativo Transitável,AV DAS NACOES UNIDAS
07-02-2022,Zona Sul,Santo Amaro,Inativo Transitável,MARGINAL PINHEIROS INTCB
07-02-2022,Zona Sul,Santo Amaro,Inativo Intransitável,AV DAS NACOES UNIDAS
07-02-2022,Zona Sul,Santo Amaro,Inativo Transitável,R MIGUEL YUNES
07-02-2022,Zona Sudeste,Vila Mariana,Inativo Transitável,AV STO AMARO
08-02-2022,,,,
09-02-2022,,,,
10-02-2022,,,,
11-02-2022,,,,
12-02-2022,,,,
13-02-2022,,,,
14-02-2022,,,,
15-02-2022,,,,
16-02-2022,,,,
17-02-2022,Zona Leste,Mooca,Inativo Transitável,AV ALCANTARA MACHADO
17-02-2022,Zona Leste,Vila Prudente,Inativo Transitável,R VISC.DE GOIANA
17-02-2022,Zona Leste,Vila Prudente,Inativo Intransitável,AV PROF LUIZ IGNACIO ANHAIA MELLO
18-02-2022,,,,
19-02-2022,,,,
20-02-2022,,,,
21-02-2022,,,,
22-02-2022,Zona Norte,Jaçanã/ Tremembé,Inativo Transitável,R USHIKICHI KAMIYA
23-02-2022,Centro,Sé,Inativo Transitável,PQ ANHANGABAU
23-02-2022,Centro,Sé,Inativo Transitável,PÇA DA BANDEIRA
23-02-2022,Zona Oeste,Pinheiros,Inativo Intransitável,R BRIG HAROLDO VELOSO
23-02-2022,Zona Leste,Itaquera,Inativo Transitável,R DR AURELIANO BARREIROS
23-02-2022,Zona Leste,Penha,Inativo Transitável,R DR LUIZ AYRES
23-02-2022,Zona Leste,Penha,Inativo Transitável,AV CD.DE FRONTIN
24-02-2022,,,,
25-02-2022,,,,
26-02-2022,,,,
27-02-2022,,,,
28-02-2022,,,,
01-03-2022,Zona Norte,Casa Verde,Inativo Intransitável,AV ANTONIO MUNHOZ BONILHA
01-03-2022,Zona Norte,Pirituba/Jaraguá,Inativo Intransitável,AV RAIMUNDO PEREIRA DE MAGALHAES
01-03-2022,Zona Norte,Pirituba/Jaraguá,Inativo Intransitável,PSS FANDI CHAQUIB KALIL
01-03-2022,Zona Norte,Perus,Inativo Intransitável,AV EMB MACEDO SOARES
01-03-2022,Centro,Sé,Inativo Intransitável,R DA MOOCA
01-03-2022,Centro,Sé,Inativo Intransitável,AV MARQ.DE SAO VICENTE
01-03-2022,Centro,Sé,Inativo Intransitável,PC DO CORREIO
01-03-2022,Centro,Sé,Inativo Intransitável,AV REBOUCAS
01-03-2022,Centro,Sé,Inativo Intransitável,R CAPM JERONIMO LEITAO
01-03-2022,Centro,Sé,Inativo Intransitável,VEL PRES JOAO GOULART
01-03-2022,Centro,Sé,Inativo Intransitável,R CAPISTRANO DE ABREU
01-03-2022,Centro,Sé,Inativo Intransitável,R MANOEL DUTRA
01-03-2022,Zona Oeste,Butantã,Inativo Intransitável,R ALVARENGA
01-03-2022,Zona Oeste,Butantã,Inativo Transitável,AV PROF FRANCISCO MORATO
01-03-2022,Zona Oeste,Butantã,Inativo Intransitável,AV MAGALHAES DE CASTRO
01-03-2022,Zona Oeste,Lapa,Inativo Intransitável,PC PASCOAL MARTINS
01-03-2022,Zona Oeste,Lapa,Inativo Intransitável,R GUSTAV WILLI BORGHOFF
01-03-2022,Zona Oeste,Lapa,Inativo Intransitável,R JOSE DE OLIVEIRA COUTINHO
01-03-2022,Zona Oeste,Lapa,Inativo Intransitável,AV THOMAS EDISON
01-03-2022,Zona Oeste,Lapa,Inativo Transitável,AV ORDEM E PROGRESSO
01-03-2022,Zona Oeste,Pinheiros,Inativo Intransitável,AV DIOGENES RIBEIRO DE LIMA
01-03-2022,Zona Oeste,Pinheiros,Inativo Transitável,VD ENG ANTONIO MOLITERNO
01-03-2022,Zona Leste,Mooca,Inativo Intransitável,R FREI BERTOLDO
01-03-2022,Zona Leste,Mooca,Inativo Transitável,AV ALCANTARA MACHADO
01-03-2022,Zona Leste,Mooca,Inativo Intransitável,R BRESSER
01-03-2022,Zona Leste,São Miguel Paulista,Inativo Intransitável,R DR ASSIS RIBEIRO
01-03-2022,Zona Leste,Penha,Inativo Transitável,AV DR BERNARDINO BRITO F.DE CARVALHO
01-03-2022,Zona Leste,Penha,Inativo Intransitável,AV ANTONIO ESTEVAO DE CARVALHO
01-03-2022,Zona Leste,Penha,Inativo Transitável,R SARTORIO
01-03-2022,Zona Leste,Penha,Inativo Transitável,AV CD.DE FRONTIN
01-03-2022,Zona Leste,Vila Prudente,Inativo Intransitável,AV PAES DE BARROS
01-03-2022,Zona Leste,Vila Prudente,Inativo Intransitável,AV PROF LUIZ IGNACIO ANHAIA MELLO
01-03-2022,Zona Sul,M'Boi Mirim,Inativo Transitável,R DAS TRES MARIAS
01-03-2022,Zona Sul,M'Boi Mirim,Inativo Intransitável,ES M'BOI MIRIM
01-03-2022,Zona Sul,M'Boi Mirim,Inativo Transitável,R RIBERALTA
01-03-2022,Zona Sul,M'Boi Mirim,Inativo Transitável,ES M'BOI MIRIM
01-03-2022,Zona Sul,Santo Amaro,Inativo Transitável,AV VITOR MANZINI
01-03-2022,Zona Sul,Santo Amaro,Inativo Intransitável,MARGINAL PINHEIROS INTCB
01-03-2022,Zona Sudeste,Ipiranga,Inativo Intransitável,AV TERESA CRISTINA
01-03-2022,Zona Sudeste,Ipiranga,Inativo Intransitável,AV TERESA CRISTINA
01-03-2022,Zona Sudeste,Vila Mariana,Inativo Intransitável,AV VINTE E TRES DE MAIO
01-03-2022,Zona Sudeste,Vila Mariana,Inativo Intransitável,AV VINTE E TRES DE MAIO
01-03-2022,Zona Sudeste,Vila Mariana,Inativo Intransitável,AV RUBEM BERTA
01-03-2022,Zona Sudeste,Vila Mariana,Inativo Intransitável,AV SANTO AMARO
02-03-2022,Zona Oeste,Lapa,Inativo Intransitável,R JOSE DE OLIVEIRA COUTINHO
02-03-2022,Zona Oeste,Pinheiros,Inativo Intransitável,R BRIG HAROLDO VELOSO
02-03-2022,Zona Sul,Santo Amaro,Inativo Transitável,MARGINAL PINHEIROS INTCB
03-03-2022,Zona Norte,Freguesia do Ó,Inativo Intransitável,R BONIFACIO CUBAS
03-03-2022,Zona Norte,Freguesia do Ó,Inativo Intransitável,AV MIGUEL CONEJO
03-03-2022,Zona Norte,Freguesia do Ó,Inativo Transitável,R ANTONIETA LEITAO
03-03-2022,Zona Norte,Freguesia do Ó,Inativo Intransitável,R ENEIAS LUIS CARLOS BARBANTI
03-03-2022,Centro,Sé,Inativo Transitável,R MAJ SERTORIO
03-03-2022,Centro,Sé,Inativo Transitável,R DR CESARIO MOTA JUNIOR
04-03-2022,Zona Norte,Vila Maria/ Vila Guilherme,Inativo Transitável,AV GAL ATALIBA LEONEL
04-03-2022,Zona Norte,Santana,Inativo Transitável,R GUANAPUS
04-03-2022,Centro,Sé,Inativo Transitável,R MAJ SERTORIO
04-03-2022,Centro,Sé,Inativo Transitável,R DR CESARIO MOTA JUNIOR
04-03-2022,Zona Oeste,Butantã,Inativo Intransitável,TV IRMA DOLORES BALDI
04-03-2022,Zona Oeste,Pinheiros,Inativo Intransitável,VD ENG ANTONIO MOLITERNO
04-03-2022,Zona Oeste,Pinheiros,Inativo Transitável,VD ENG ANTONIO MOLITERNO
04-03-2022,Zona Leste,Aricanduva/ Vila Formosa,Inativo Intransitável,R CARLOS SILVA
04-03-2022,Zona Leste,Mooca,Inativo Transitável,R SILVA JARDIM
04-03-2022,Zona Leste,Mooca,Inativo Intransitável,R PRES BATISTA PEREIRA
04-03-2022,Zona Leste,São Miguel Paulista,Inativo Intransitável,R DR ASSIS RIBEIRO
04-03-2022,Zona Leste,Penha,Inativo Intransitável,R ANTONIO DE SOUZA LANDIM
04-03-2022,Zona Leste,Vila Prudente,Inativo Intransitável,AV PROF. LUIZ IGNACIO DE ANHAIA MELO
04-03-2022,Zona Sul,Capela do Socorro,Inativo Transitável,AV ATLANTICA
04-03-2022,Zona Sul,M'Boi Mirim,Inativo Intransitável,R SETE DE JULHO
04-03-2022,Zona Sul,M'Boi Mirim,Inativo Intransitável,AV GUARAPIRANGA
04-03-2022,Zona Sul,Santo Amaro,Inativo Intransitável,AV ROQUE PETRONI JUNIOR
04-03-2022,Zona Sul,Santo Amaro,Inativo Transitável,AV DR CHUCRI ZAIDAN
04-03-2022,Zona Sul,Santo Amaro,Inativo Intransitável,AV DR LINO DE MORAES LEME
05-03-2022,Centro,Sé,Inativo Intransitável,AV MARQ.DE SAO VICENTE
05-03-2022,Zona Oeste,Butantã,Inativo Intransitável,AV PROF FRANCISCO MORATO
05-03-2022,Zona Oeste,Lapa,Inativo Intransitável,AV POMPEIA
05-03-2022,Zona Oeste,Lapa,Inativo Intransitável,AV ANTARTICA
05-03-2022,Zona Oeste,Lapa,Inativo Intransitável,AV POMPEIA
05-03-2022,Zona Oeste,Lapa,Inativo Intransitável,R CLELIA
05-03-2022,Zona Oeste,Lapa,Inativo Intransitável,R TRAJANO
05-03-2022,Zona Oeste,Pinheiros,Inativo Intransitável,R LUIS MURAT
05-03-2022,Zona Sul,Santo Amaro,Inativo Intransitável,R CRISTALINO ROLIM DE FREITAS
05-03-2022,Zona Sul,Santo Amaro,Inativo Intransitável,AV VITOR MANZINI
06-03-2022,Zona Oeste,Pinheiros,Inativo Transitável,AV STO AMARO
07-03-2022,Zona Leste,Itaquera,Inativo Transitável,R DR AURELIANO BARREIROS
07-03-2022,Zona Leste,São Miguel Paulista,Inativo Transitável,R DR ASSIS RIBEIRO
07-03-2022,Zona Leste,São Miguel Paulista,Inativo Transitável,PC LIONS CLUBE ITAIM PAULISTA
07-03-2022,Zona Leste,São Miguel Paulista,Inativo Transitável,AV MAL TITO
07-03-2022,Zona Leste,Penha,Inativo Transitável,R DR LUIZ AYRES
07-03-2022,Zona Leste,Penha,Inativo Transitável,R ANTONIO DE SOUZA LANDIM
07-03-2022,Zona Leste,São Mateus,Inativo Transitável,AV JACU PESSEGO N TRABALHADORES
07-03-2022,Zona Leste,São Mateus,Inativo Intransitável,AV JACU PESSEGO N TRABALHADORES
07-03-2022,Zona Sul,M'Boi Mirim,Inativo Transitável,AV GUARAPIRANGA
07-03-2022,Zona Sul,Santo Amaro,Inativo Transitável,AV DAS NAÇÕES UNIDAS
08-03-2022,,,,
09-03-2022,Zona Norte,Vila Maria/ Vila Guilherme,Inativo Transitável,AV ATALIBA LEONEL
09-03-2022,Zona Norte,Santana,Inativo Transitável,R GUANAPUS
10-03-2022,Zona Leste,Mooca,Inativo Intransitável,R SERRA DE BRAGANÇA
10-03-2022,Zona Leste,Penha,Inativo Intransitável,AV CELSO GARCIA
10-03-2022,Zona Leste,Penha,Inativo Intransitável,AV PDE ESTANISLAU DE CAMPOS
11-03-2022,Centro,Sé,Inativo Transitável,AV S JOAO
12-03-2022,Zona Norte,Vila Maria/ Vila Guilherme,Inativo Intransitável,R MARIA CANDIDA
12-03-2022,Zona Norte,Santana,Inativo Transitável,R DARZAN
12-03-2022,Zona Norte,Santana,Inativo Transitável,AV ZAKI NARCHI
12-03-2022,Zona Norte,Santana,Inativo Transitável,AV GAL ATALIBA LEONEL
12-03-2022,Zona Norte,Santana,Inativo Intransitável,MARGINAL TIETE ASCB CENTRAL
12-03-2022,Centro,Sé,Inativo Intransitável,R DR LOURENCO GRANATO
12-03-2022,Centro,Sé,Inativo Intransitável,PRAÇA 14 BIS
12-03-2022,Centro,Sé,Inativo Intransitável,PRAÇA 14 BIS
12-03-2022,Centro,Sé,Inativo Transitável,MARGINAL TIETE CBAS EXPRESSA
12-03-2022,Zona Oeste,Butantã,Inativo Transitável,AV MAGALHAES DE CASTRO
12-03-2022,Zona Oeste,Butantã,Inativo Transitável,TV IRMA DOLORES BALDI
12-03-2022,Zona Oeste,Butantã,Inativo Transitável,AV PROF FRANCOSCO MORATO
12-03-2022,Zona Oeste,Lapa,Inativo Transitável,R ALBION
12-03-2022,Zona Oeste,Pinheiros,Inativo Intransitável,R JACURICI
12-03-2022,Zona Oeste,Pinheiros,Inativo Intransitável,AV BRIG. HAROLDO VELOSO
12-03-2022,Zona Leste,Aricanduva/ Vila Formosa,Inativo Intransitável,R COMEN GIL PINHEIRO
12-03-2022,Zona Leste,Itaquera,Inativo Intransitável,R TOMAZZO FERRARA
12-03-2022,Zona Leste,Itaquera,Inativo Intransitável,R ITAGIMIRIM
12-03-2022,Zona Leste,Itaquera,Inativo Intransitável,R PDE VIEGAS DE MENEZES
12-03-2022,Zona Leste,Itaim Paulista,Inativo Transitável,AV MARECHAL TITO
12-03-2022,Zona Leste,Itaim Paulista,Inativo Transitável,R MANUEL BARBALHO DE LIMA
12-03-2022,Zona Leste,Penha,Inativo Intransitável,R DR LUIZ AYRES
12-03-2022,Zona Leste,Penha,Inativo Intransitável,R DR LUIZ AYRES
12-03-2022,Zona Leste,São Mateus,Inativo Intransitável,AV ARICANDUVA
12-03-2022,Zona Leste,São Mateus,Inativo Intransitável,AV ARICANDUVA
12-03-2022,Zona Leste,Vila Prudente,Inativo Intransitável,AV PROF LUIZ IGNACIO ANHAIA MELLO
12-03-2022,Zona Leste,Vila Prudente,Inativo Intransitável,AV PROF LUIZ IGNACIO ANHAIA MELLO
12-03-2022,Zona Sul,Campo Limpo,Inativo Intransitável,R JOAQUIM NUNES TEIXEIRA
12-03-2022,Zona Sul,M'Boi Mirim,Inativo Intransitável,AV CARLOS CALDEIRA FILHO
12-03-2022,Zona Sul,M'Boi Mirim,Inativo Intransitável,AV CARLOS CALDEIRA FILHO
12-03-2022,Zona Sul,M'Boi Mirim,Inativo Intransitável,AV GIOVANNI GRONCHI
12-03-2022,Zona Sul,M'Boi Mirim,Inativo Intransitável,AV CARLOS CALDEIRA FILHO
12-03-2022,Zona Sul,Santo Amaro,Inativo Intransitável,AV DAS NACOES UNIDAS
12-03-2022,Zona Sul,Santo Amaro,Inativo Intransitável,AV JOAO DIAS
12-03-2022,Zona Sul,Santo Amaro,Inativo Transitável,MARGINAL PINHEIROS INTCB
12-03-2022,Zona Sul,Santo Amaro,Inativo Intransitável,AV DAS NACOES UNIDAS
12-03-2022,Zona Sudeste,Ipiranga,Inativo Intransitável,AV TERESA CRISTINA
12-03-2022,Zona Sudeste,Vila Mariana,Inativo Transitável,AV VINTE E TRES DE MAIO
12-03-2022,Zona Sudeste,Vila Mariana,Inativo Intransitável,AV DOS BANDEIRANTES
12-03-2022,Zona Sudeste,Vila Mariana,Inativo Intransitável,AV PROF ABRAAO DE MORAIS
12-03-2022,Zona Sudeste,Vila Mariana,Inativo Intransitável,AV MOREIRA GUIMARAES
12-03-2022,Zona Sudeste,Vila Mariana,Inativo Intransitável,AV STO AMARO
12-03-2022,Zona Sudeste,Vila Mariana,Inativo Intransitável,AV RUBEM BERTA
12-03-2022,Zona Sudeste,Vila Mariana,Inativo Intransitável,AV STO AMARO
12-03-2022,Zona Sudeste,Vila Mariana,Inativo Transitável,AV STO AMARO
13-03-2022,Zona Norte,Vila Maria/ Vila Guilherme,Inativo Transitável,AV GUILHERME
13-03-2022,Zona Norte,Vila Maria/ Vila Guilherme,Inativo Intransitável,R CORONEL MARQUES RIBEIRO
13-03-2022,Zona Norte,Santana,Inativo Intransitável,R CEL MARQUES RIBEIRO
13-03-2022,Zona Norte,Santana,Inativo Intransitável,AV MORVAN DIAS DE FIGUEIREDO
13-03-2022,Zona Norte,Santana,Inativo Intransitável,R CEL MARQUES RIBEIRO
13-03-2022,Centro,Sé,Inativo Intransitável,AV DO ESTADO
13-03-2022,Zona Leste,Mooca,Inativo Intransitável,AV ALCANTARA MACHADO
13-03-2022,Zona Leste,Penha,Inativo Intransitável,R DR LUIZ AYRES
13-03-2022,Zona Leste,Vila Prudente,Inativo Intransitável,TV RIO GRANDE DO PIAUI
13-03-2022,Zona Leste,Vila Prudente,Inativo Intransitável,AV SAPOBEMBA
13-03-2022,Zona Sul,Santo Amaro,Inativo Intransitável,AV INTERLAGOS
13-03-2022,Zona Sul,Santo Amaro,Inativo Intransitável,AV DAS NACOES UNIDAS
13-03-2022,Zona Sudeste,Vila Mariana,Inativo Intransitável,AV DOS BANDEIRANTES
13-03-2022,Zona Sudeste,Vila Mariana,Inativo Transitável,AV STO AMARO
13-03-2022,Zona Sudeste,Vila Mariana,Inativo Transitável,AV SANTO AMARO
13-03-2022,Zona Sudeste,Vila Mariana,Inativo Intransitável,AV MOREIRA GUIMARAES
13-03-2022,Zona Sudeste,Vila Mariana,Inativo Transitável,AV IBIRAPUERA
14-03-2022,Centro,Sé,Inativo Transitável,AV RIO BRANCO
14-03-2022,Centro,Sé,Inativo Transitável,AV RIO BRANCO
14-03-2022,Centro,Sé,Inativo Intransitável,R PRES BATISTA PEREIRA
14-03-2022,Centro,Sé,Inativo Transitável,R MAJ SERTORIO
14-03-2022,Centro,Sé,Inativo Transitável,R DR CESARIO MOTA JUNIOR
14-03-2022,Zona Oeste,Butantã,Inativo Intransitável,TV IRMA DOLORES BALDI
14-03-2022,Zona Oeste,Butantã,Inativo Intransitável,AV PROF FRANCISCO MORATO
14-03-2022,Zona Leste,Penha,Inativo Intransitável,AV PDE SENA FREITAS
14-03-2022,Zona Leste,Penha,Inativo Intransitável,R DR LUIZ AYRES
14-03-2022,Zona Leste,Penha,Inativo Intransitável,AV S MIGUEL
14-03-2022,Zona Sul,Cidade Ademar,Inativo Transitável,R MADRE EMILIE DE VILLENEUVE
14-03-2022,Zona Sul,Cidade Ademar,Inativo Transitável,R DAS FLECHAS
14-03-2022,Zona Sul,Santo Amaro,Inativo Transitável,AV ROQUE PETRONI JUNIOR
14-03-2022,Zona Sudeste,Vila Mariana,Inativo Transitável,AV VINTE E TRES DE MAIO
14-03-2022,Zona Sudeste,Vila Mariana,Inativo Transitável,AV IBIRAPUERA
14-03-2022,Zona Sudeste,Vila Mariana,Inativo Intransitável,AV DOS BANDEIRANTES
15-03-2022,Zona Norte,Casa Verde,Inativo Intransitável,AV ANTONIO MUNHOZ BONILHA
15-03-2022,Zona Norte,Jaçanã/ Tremembé,Inativo Intransitável,AV EDU CHAVES
15-03-2022,Zona Norte,Vila Maria/ Vila Guilherme,Inativo Intransitável,R CHICO PONTES
15-03-2022,Zona Norte,Pirituba/Jaraguá,Inativo Intransitável,AV RAIMUNDO PEREIRA DE MAGALHÃES
15-03-2022,Zona Norte,Pirituba/Jaraguá,Inativo Intransitável,AV CBO ADAO PEREIRA
15-03-2022,Zona Norte,Pirituba/Jaraguá,Inativo Transitável,AV RAIMUNDO PEREIRA DE MAGALHÃES
15-03-2022,Zona Norte,Perus,Inativo Intransitável,R TOLLENARE
15-03-2022,Zona Norte,Perus,Inativo Transitável,R GIACOMO CRESPI
15-03-2022,Zona Norte,Perus,Inativo Intransitável,ESTRADA DE LIGAÇÃO
15-03-2022,Zona Norte,Santana,Inativo Intransitável,AV SANTOS DUMONT
15-03-2022,Zona Norte,Santana,Inativo Transitável,AV CRUZEIRO DO SUL
15-03-2022,Zona Norte,Santana,Inativo Transitável,R IGUACU
15-03-2022,Centro,Sé,Inativo Intransitável,R SEBASTIAO PEREIRA
15-03-2022,Centro,Sé,Inativo Intransitável,R DR PLINIO BARRETO
15-03-2022,Centro,Sé,Inativo Transitável,MARGINAL TIETE CBAS CENTRAL
15-03-2022,Centro,Sé,Inativo Transitável,AV PRES CASTELO BRANCO
15-03-2022,Centro,Sé,Inativo Intransitável,PC DA BANDEIRA
15-03-2022,Zona Oeste,Lapa,Inativo Intransitável,R GUSTAV WILLI BORGHOFF
15-03-2022,Zona Oeste,Lapa,Inativo Transitável,AV DR GASTAO VIDIGAL
15-03-2022,Zona Oeste,Lapa,Inativo Transitável,R JOSE DE OLIVEIRA COUTINHO
15-03-2022,Zona Oeste,Lapa,Inativo Intransitável,R GUSTAV WILLI BORGHOFF
15-03-2022,Zona Oeste,Lapa,Inativo Transitável,R QUIRINO DOS SANTOS
15-03-2022,Zona Oeste,Lapa,Inativo Transitável,R GASPAR RICARDO JUNIOR
15-03-2022,Zona Oeste,Lapa,Inativo Transitável,AV DR BENTO TEOBALDO FERRAZ
15-03-2022,Zona Oeste,Lapa,Inativo Intransitável,R BARÃO DE POMBALINHO
15-03-2022,Zona Oeste,Pinheiros,Inativo Intransitável,R JOAO MOURA
15-03-2022,Zona Oeste,Pinheiros,Inativo Intransitável,PC PAN-AMERICANA
15-03-2022,Zona Oeste,Pinheiros,Inativo Intransitável,R PAULISTANIA
15-03-2022,Zona Oeste,Pinheiros,Inativo Intransitável,R LUIS MURAT
15-03-2022,Zona Oeste,Pinheiros,Inativo Intransitável,R HARMONIA
15-03-2022,Zona Oeste,Pinheiros,Inativo Transitável,R BRIG HAROLDO VELOSO
15-03-2022,Zona Leste,São Mateus,Inativo Intransitável,R S PAULO
15-03-2022,Zona Leste,Vila Prudente,Inativo Transitável,PTE DO RIO TAMANDUATEI
15-03-2022,Zona Leste,Vila Prudente,Inativo Transitável,AV DO ESTADO
15-03-2022,Zona Sul,Santo Amaro,Inativo Transitável,R MIGUEL YUNES
15-03-2022,Zona Sudeste,Vila Mariana,Inativo Transitável,CV JOAO JORGE SAAD
15-03-2022,Zona Sudeste,Vila Mariana,Inativo Intransitável,AL SANTOS
16-03-2022,Zona Norte,Vila Maria/ Vila Guilherme,Inativo Intransitável,R JOSE BERNARDO PINTO
16-03-2022,Zona Norte,Vila Maria/ Vila Guilherme,Inativo Transitável,AV EDU CHAVES
16-03-2022,Zona Oeste,Butantã,Inativo Intransitável,TV IRMA DOLORES BALDI
16-03-2022,Zona Oeste,Pinheiros,Inativo Transitável,AV CIDADE JARDIM
16-03-2022,Zona Oeste,Pinheiros,Inativo Transitável,AV CIDADE JARDIM
16-03-2022,Zona Leste,Aricanduva/ Vila Formosa,Inativo Intransitável,R PINHALZINHO
16-03-2022,Zona Leste,Aricanduva/ Vila Formosa,Inativo Intransitável,AV CD.DE FRONTIN
16-03-2022,Zona Leste,Penha,Inativo Intransitável,AV PDE ESTANISLAU DE CAMPOS
16-03-2022,Zona Leste,Penha,Inativo Intransitável,AV CD.DE FRONTIN
16-03-2022,Zona Leste,Penha,Inativo Transitável,AV CD.DE FRONTIN
16-03-2022,Zona Leste,Vila Prudente,Inativo Transitável,R SUSANA
16-03-2022,Zona Sul,M'Boi Mirim,Inativo Intransitável,R SETE DE JULHO
16-03-2022,Zona Sul,M'Boi Mirim,Inativo Intransitável,AV GUARAPIRANGA
16-03-2022,Zona Sul,Santo Amaro,Inativo Transitável,AV INTERLAGOS
16-03-2022,Zona Sudeste,Vila Mariana,Inativo Intransitável,AL SANTOS
16-03-2022,Zona Sudeste,Vila Mariana,Inativo Intransitável,AV STO AMARO
17-03-2022,,,,
18-03-2022,,,,
19-03-2022,,,,
20-03-2022,,,,
21-03-2022,Zona Norte,Freguesia do Ó,Inativo Intransitável,R JOAO DUARTE
21-03-2022,Zona Norte,Freguesia do Ó,Inativo Intransitável,AV INAJAR DE SOUZA
22-03-2022,,,,
23-03-2022,,,,
24-03-2022,,,,
25-03-2022,Zona Norte,Vila Maria/ Vila Guilherme,Inativo Transitável,R MARIA CANDIDA
26-03-2022,Centro,Sé,Inativo Transitável,PRAÇA DA BANDEIRA
27-03-2022,,,,
28-03-2022,Zona Sul,Santo Amaro,Inativo Transitável,AV DAS NACOES UNIDAS
28-03-2022,Zona Sul,Santo Amaro,Inativo Transitável,AV DAS NACOES UNIDAS
29-03-2022,,,,
30-03-2022,,,,
31-03-2022,,,,
01-04-2022,,,,
02-04-2022,,,,
03-04-2022,,,,
04-04-2022,Zona Norte,Vila Maria/ Vila Guilherme,Inativo Transitável,R MAGARINOS TORRES
05-04-2022,,,,
06-04-2022,,,,
07-04-2022,,,,
08-04-2022,Zona Norte,Vila Maria/ Vila Guilherme,Inativo Intransitável,RUA CEL MARQUES
08-04-2022,Zona Leste,Penha,Inativo Intransitável,AV PDE ESTANISLAU DE CAMPOS
09-04-2022,,,,
10-04-2022,,,,
11-04-2022,,,,
12-04-2022,,,,
13-04-2022,,,,
14-04-2022,,,,
15-04-2022,Zona Norte,Vila Maria/ Vila Guilherme,Inativo Transitável,R MARIA CANDIDA
16-04-2022,,,,
17-04-2022,,,,
18-04-2022,,,,
19-04-2022,,,,
20-04-2022,,,,
21-04-2022,,,,
22-04-2022,,,,
23-04-2022,,,,
24-04-2022,,,,
25-04-2022,,,,
26-04-2022,,,,
27-04-2022,,,,
28-04-2022,,,,
29-04-2022,,,,
30-04-2022,,,,
01-05-2022,,,,
02-05-2022,,,,
03-05-2022,,,,
04-05-2022,,,,
05-05-2022,,,,
06-05-2022,,,,
07-05-2022,,,,
08-05-2022,,,,
09-05-2022,,,,
10-05-2022,,,,
11-05-2022,Centro,Sé,Inativo Transitável,AV RIO BRANCO
12-05-2022,,,,
13-05-2022,,,,
14-05-2022,,,,
15-05-2022,,,,
16-05-2022,,,,
17-05-2022,,,,
18-05-2022,,,,
19-05-2022,,,,
20-05-2022,,,,
21-05-2022,,,,
22-05-2022,,,,
23-05-2022,,,,
24-05-2022,,,,
25-05-2022,,,,
26-05-2022,,,,
27-05-2022,,,,
28-05-2022,,,,
29-05-2022,,,,
30-05-2022,Zona Norte,Casa Verde,Inativo Transitável,AV ANTONIO MUNHOZ BONILHA
30-05-2022,Zona Norte,Casa Verde,Inativo Transitável,R BENEDITO AUGUSTO FERREIRA
30-05-2022,Centro,Sé,Inativo Intransitável,AV RIO BRANCO
30-05-2022,Centro,Sé,Inativo Transitável,R TEODORO SAMPAIO
30-05-2022,Zona Oeste,Butantã,Inativo Intransitável,AV PROF FRANCISCO MORATO
30-05-2022,Zona Sul,Santo Amaro,Inativo Transitável,AV DAS NACOES UNIDAS
30-05-2022,Zona Sudeste,Vila Mariana,Inativo Intransitável,AV STO AMARO
31-05-2022,,,,
01-06-2022,,,,
02-06-2022,,,,
03-06-2022,,,,
04-06-2022,,,,
05-06-2022,,,,
06-06-2022,,,,
07-06-2022,,,,
08-06-2022,,,,
09-06-2022,,,,
10-06-2022,Zona Oeste,Pinheiros,Inativo Intransitável,AV STO AMARO
10-06-2022,Zona Sul,Santo Amaro,Inativo Transitável,R MIGUEL YUNES
11-06-2022,,,,
12-06-2022,,,,
13-06-2022,,,,
14-06-2022,,,,
15-06-2022,,,,
16-06-2022,,,,
17-06-2022,,,,
18-06-2022,,,,
19-06-2022,,,,
20-06-2022,,,,
21-06-2022,,,,
22-06-2022,,,,
23-06-2022,,,,
24-06-2022,,,,
25-06-2022,,,,
26-06-2022,,,,
27-06-2022,,,,
28-06-2022,,,,
29-06-2022,,,,
30-06-2022,,,,
01-07-2022,,,,
02-07-2022,,,,
03-07-2022,,,,
04-07-2022,,,,
05-07-2022,,,,
06-07-2022,,,,
07-07-2022,,,,
08-07-2022,,,,
09-07-2022,,,,
10-07-2022,,,,
11-07-2022,,,,
12-07-2022,,,,
13-07-2022,,,,
14-07-2022,,,,
15-07-2022,,,,
16-07-2022,,,,
17-07-2022,,,,
18-07-2022,,,,
19-07-2022,,,,
20-07-2022,,,,
21-07-2022,,,,
22-07-2022,,,,
23-07-2022,,,,
24-07-2022,,,,
25-07-2022,,,,
26-07-2022,,,,
27-07-2022,,,,
28-07-2022,,,,
29-07-2022,,,,
30-07-2022,,,,
31-07-2022,,,,
01-08-2022,,,,
02-08-2022,,,,
03-08-2022,,,,
04-08-2022,,,,
05-08-2022,,,,
06-08-2022,,,,
07-08-2022,,,,
08-08-2022,,,,
09-08-2022,,,,
10-08-2022,,,,
11-08-2022,,,,
12-08-2022,,,,
13-08-2022,,,,
14-08-2022,,,,
15-08-2022,,,,
16-08-2022,,,,
17-08-2022,,,,
18-08-2022,,,,
19-08-2022,,,,
20-08-2022,,,,
21-08-2022,,,,
22-08-2022,,,,
23-08-2022,,,,
24-08-2022,,,,
25-08-2022,,,,
26-08-2022,,,,
27-08-2022,,,,
28-08-2022,,,,
29-08-2022,,,,
30-08-2022,,,,
31-08-2022,,,,
01-09-2022,,,,
02-09-2022,,,,
03-09-2022,,,,
04-09-2022,,,,
05-09-2022,,,,
06-09-2022,,,,
07-09-2022,Centro,Sé,Inativo Transitável,R BRDE CAMPINAS
08-09-2022,,,,
09-09-2022,,,,
10-09-2022,,,,
11-09-2022,,,,
12-09-2022,,,,
13-09-2022,,,,
14-09-2022,Zona Leste,Vila Prudente,Inativo Transitável,AV DO ESTADO
15-09-2022,,,,
16-09-2022,,,,
17-09-2022,,,,
18-09-2022,Zona Oeste,Lapa,Inativo Transitável,AV MARQ.DE SAO VICENTE
19-09-2022,,,,
20-09-2022,Centro,Sé,Inativo Transitável,AV RIO BRANCO
20-09-2022,Zona Leste,São Miguel Paulista,Inativo Transitável,AV JACU PESSEGO N TRABALHADORES
20-09-2022,Zona Leste,Penha,Inativo Intransitável,CV ARIETA CALFAT KHOURY FARAH
20-09-2022,Zona Sul,M'Boi Mirim,Inativo Transitável,AV CARLOS CALDEIRA FILHO
21-09-2022,,,,
22-09-2022,Zona Leste,São Miguel Paulista,Inativo Transitável,AV JACUPESSEGO N TRABALHADORES
23-09-2022,,,,
24-09-2022,,,,
25-09-2022,,,,
26-09-2022,Zona Leste,Penha,Inativo Transitável,TV RIBEIRO VIANA
26-09-2022,Zona Sul,Parelheiros,Inativo Transitável,AV SEN TEOTONIO VILELA
26-09-2022,Zona Sul,Santo Amaro,Inativo Intransitável,R MIGUEL YUNES
27-09-2022,Zona Norte,Casa Verde,Inativo Intransitável,AV DEP EMILIO CARLOS
27-09-2022,Centro,Sé,Inativo Intransitável,R PRES BATISTA PEREIRA
27-09-2022,Centro,Sé,Inativo Intransitável,R PRES BATISTA PEREIRA
27-09-2022,Centro,Sé,Inativo Transitável,TN S JOAO PAULO II
27-09-2022,Centro,Sé,Inativo Transitável,TN JOSE ROBERTO F. MELHEM
27-09-2022,Centro,Sé,Inativo Transitável,AV RUDGE
27-09-2022,Centro,Sé,Inativo Transitável,AV RUDGE
27-09-2022,Centro,Sé,Inativo Transitável,AV PRES CASTELO BRANCO
27-09-2022,Centro,Sé,Inativo Intransitável,AV REBOUCAS
27-09-2022,Zona Oeste,Butantã,Inativo Intransitável,R MIN EDMUNDO LINS
27-09-2022,Zona Oeste,Butantã,Inativo Intransitável,TV IRMA DOLORES BALDI
27-09-2022,Zona Oeste,Lapa,Inativo Intransitável,AV FRANCISCO MATARAZZO
27-09-2022,Zona Oeste,Lapa,Inativo Transitável,AV ANTARTICA
27-09-2022,Zona Oeste,Lapa,Inativo Transitável,R ROBERT BOSCH
27-09-2022,Zona Oeste,Lapa,Inativo Intransitável,R JOSE DE OLIVEIRA COUTINHO
27-09-2022,Zona Oeste,Lapa,Inativo Intransitável,PC PASCOAL MARTINS
27-09-2022,Zona Oeste,Pinheiros,Inativo Transitável,R HENRIQUE SCHAUMANN
27-09-2022,Zona Leste,Itaquera,Inativo Transitável,R ARARA AZUL
27-09-2022,Zona Leste,Itaquera,Inativo Intransitável,R CUNHA PORÃ
27-09-2022,Zona Leste,Itaquera,Inativo Intransitável,AV ITAQUERA
27-09-2022,Zona Leste,Itaquera,Inativo Intransitável,AV ITAQUERA
27-09-2022,Zona Leste,Itaquera,Inativo Intransitável,R ITAGIMIRIM
27-09-2022,Zona Leste,Mooca,Inativo Intransitável,R BRESSER
27-09-2022,Zona Leste,Mooca,Inativo Intransitável,AV ALCANTARA MACHADO
27-09-2022,Zona Leste,Mooca,Inativo Transitável,R FREI BERTOLDO
27-09-2022,Zona Leste,Penha,Inativo Intransitável,AV DOM HELDER CAMARA
27-09-2022,Zona Leste,Penha,Inativo Intransitável,R DR LUIS AIRES
27-09-2022,Zona Sudeste,Vila Mariana,Inativo Transitável,AV VINTE E TRES DE MAIO
28-09-2022,Zona Norte,Pirituba/Jaraguá,Inativo Transitável,R DOMINGOS ANTONIO GOMES
28-09-2022,Zona Leste,Penha,Inativo Intransitável,AV SALIM FARAH MALUF
28-09-2022,Zona Sudeste,Vila Mariana,Inativo Intransitável,AV STO AMARO
29-09-2022,Centro,Sé,Inativo Transitável,R PEDRO TAQUES
29-09-2022,Zona Sul,Capela do Socorro,Inativo Transitável,AV JAIR RIBEIRO DA SILVA
29-09-2022,Zona Sul,Santo Amaro,Inativo Intransitável,R MIGUEL YUNES
30-09-2022,Centro,Sé,Inativo Transitável,AL NOTHMANN
30-09-2022,Centro,Sé,Inativo Transitável,AL NOTHMANN
30-09-2022,Zona Leste,Penha,Inativo Transitável,CV ARIETA CALFATKHOURY FARAH
01-10-2022,,,,
02-10-2022,,,,
03-10-2022,,,,
04-10-2022,,,,
05-10-2022,,,,
06-10-2022,,,,
07-10-2022,,,,
08-10-2022,,,,
09-10-2022,Zona Norte,Vila Maria/ Vila Guilherme,Inativo Intransitável,AV MORVAN DIAS DE FIGUEIREDO
09-10-2022,Zona Sudeste,Vila Mariana,Inativo Transitável,AV STO AMARO
10-10-2022,Centro,Sé,Inativo Transitável,AV RUDGE
10-10-2022,Centro,Sé,Inativo Intransitável,AV MERCURIO
10-10-2022,Zona Sudeste,Vila Mariana,Inativo Transitável,AV DOS BANDEIRANTES
11-10-2022,,,,
12-10-2022,,,,
13-10-2022,,,,
14-10-2022,,,,
15-10-2022,,,,
16-10-2022,,,,
17-10-2022,,,,
18-10-2022,,,,
19-10-2022,,,,
20-10-2022,,,,
21-10-2022,Centro,Sé,Inativo Transitável,VEL PRES JOAO GOULART
21-10-2022,Centro,Sé,Inativo Transitável,VEL PRES JOAO GOULART
21-10-2022,Zona Oeste,Lapa,Inativo Transitável,PC MARREY JUNIOR
22-10-2022,,,,
23-10-2022,,,,
24-10-2022,,,,
25-10-2022,,,,
26-10-2022,,,,
27-10-2022,,,,
28-10-2022,,,,
29-10-2022,Zona Norte,Casa Verde,Inativo Transitável,AV ANTONIO MUNHOZ BONILHA
29-10-2022,Zona Norte,Pirituba/Jaraguá,Inativo Intransitável,AV ELISIO CORDEIRO DE SIQUEIRA
29-10-2022,Centro,Sé,Inativo Transitável,PC DA BANDEIRA
29-10-2022,Zona Oeste,Lapa,Inativo Intransitável,PC PASCOAL MARTINS
30-10-2022,,,,
31-10-2022,Zona Norte,Pirituba/Jaraguá,Inativo Transitável,AV DEP CANTIDIO SAMPAIO
31-10-2022,Zona Norte,Pirituba/Jaraguá,Inativo Transitável,AV JERIMANDUBA
31-10-2022,Zona Norte,Perus,Inativo Transitável,R BERNARDO JOSE DE LORENA
31-10-2022,Centro,Sé,Inativo Transitável,VEL PRES JOAO GOULART
31-10-2022,Centro,Sé,Inativo Intransitável,AV IPIRANGA
31-10-2022,Centro,Sé,Inativo Intransitável,R PAULA SOUSA
31-10-2022,Centro,Sé,Inativo Transitável,AL NOTHMANN
31-10-2022,Zona Oeste,Lapa,Inativo Transitável,PC MARREY JUNIOR
31-10-2022,Zona Oeste,Lapa,Inativo Transitável,R SEN JOAQUIM RIBEIRO DO VALLE
31-10-2022,Zona Oeste,Lapa,Inativo Transitável,R BRDE POMBALINHO
31-10-2022,Zona Leste,Itaquera,Inativo Transitável,AV ITAQUERA
31-10-2022,Zona Sul,Capela do Socorro,Inativo Transitável,AV IPANEMA
31-10-2022,Zona Sul,Santo Amaro,Inativo Transitável,AV INTERLAGOS
31-10-2022,Zona Sudeste,Vila Mariana,Inativo Intransitável,AV SANTO AMARO
01-11-2022,,,,
02-11-2022,,,,
03-11-2022,,,,
04-11-2022,,,,
05-11-2022,,,,
06-11-2022,,,,
07-11-2022,,,,
08-11-2022,,,,
09-11-2022,,,,
10-11-2022,,,,
11-11-2022,Zona Norte,Jaçanã/ Tremembé,Inativo Transitável,AV STA INES
11-11-2022,Zona Norte,Vila Maria/ Vila Guilherme,Inativo Intransitável,R CEL MARQUES RIBEIRO
11-11-2022,Zona Oeste,Pinheiros,Inativo Transitável,AV DAS NACOES UNIDAS
11-11-2022,Zona Leste,Aricanduva/ Vila Formosa,Inativo Intransitável,R TUMUCUMAQUE
11-11-2022,Zona Leste,Itaquera,Inativo Intransitável,R CUNHA PORÃ
11-11-2022,Zona Leste,Penha,Inativo Intransitável,AV DOM HELDER CAMARA
11-11-2022,Zona Leste,Penha,Inativo Transitável,AV GOV CARVALHO PINTO
11-11-2022,Zona Sul,Santo Amaro,Inativo Intransitável,AV STO AMARO
12-11-2022,,,,
13-11-2022,,,,
14-11-2022,,,,
15-11-2022,,,,
16-11-2022,,,,
17-11-2022,,,,
18-11-2022,,,,
19-11-2022,,,,
20-11-2022,,,,
21-11-2022,,,,
22-11-2022,Zona Leste,Itaquera,Inativo Transitável,R TOMAZZO FERRARA
22-11-2022,Zona Sul,Santo Amaro,Inativo Transitável,AV DAS NACOES UNIDAS
23-11-2022,Zona Norte,Freguesia do Ó,Inativo Transitável,R BARTHOLOMEU DO CANTO
23-11-2022,Zona Norte,Jaçanã/ Tremembé,Inativo Intransitável,AV LUIS STAMATIS
23-11-2022,Zona Norte,Pirituba/Jaraguá,Inativo Intransitável,AV CANDIDO PORTINARI
23-11-2022,Centro,Sé,Inativo Transitável,AV FRANCISCO MATARAZZO
23-11-2022,Centro,Sé,Inativo Intransitável,AV PRES CASTELO BRANCO
23-11-2022,Centro,Sé,Inativo Transitável,AV DAS NACOES UNIDAS
23-11-2022,Zona Oeste,Butantã,Inativo Intransitável,AV ENG BILLINGS
23-11-2022,Zona Oeste,Lapa,Inativo Transitável,R CLELIA
23-11-2022,Zona Oeste,Lapa,Inativo Intransitável,R JEROAQUARA
23-11-2022,Zona Oeste,Lapa,Inativo Transitável,PC PASCOAL MARTINS
23-11-2022,Zona Oeste,Lapa,Inativo Intransitável,PC MARREY JUNIOR
23-11-2022,Zona Oeste,Lapa,Inativo Intransitável,AV ANTONIO MUNHOZ BONILHA
23-11-2022,Zona Oeste,Lapa,Inativo Intransitável,AV POMPEIA
23-11-2022,Zona Oeste,Lapa,Inativo Transitável,AV QUEIROZ FILHO
23-11-2022,Zona Leste,Mooca,Inativo Intransitável,AV ALCANTARA MACHADO
23-11-2022,Zona Leste,Mooca,Inativo Intransitável,R BRESSER
23-11-2022,Zona Sul,Santo Amaro,Inativo Intransitável,AV STO AMARO
24-11-2022,Centro,Sé,Inativo Intransitável,R CARLOS SPERA
24-11-2022,Centro,Sé,Inativo Intransitável,R VLADIMIR HERZOG
25-11-2022,Zona Norte,Vila Maria/ Vila Guilherme,Inativo Transitável,R PAULO LORENZANI
25-11-2022,Centro,Sé,Inativo Intransitável,R CARLOS SPERA
25-11-2022,Zona Sul,M'Boi Mirim,Inativo Transitável,ES M'BOI MIRIM
25-11-2022,Zona Sul,Parelheiros,Inativo Intransitável,R JOSE LA TORRE
26-11-2022,,,,
27-11-2022,,,,
28-11-2022,Centro,Sé,Inativo Intransitável,R VLADIMIR HERZOG
28-11-2022,Centro,Sé,Inativo Transitável,R PRES BATISTA PEREIRA
28-11-2022,Zona Oeste,Lapa,Inativo Transitável,R CLELIA
28-11-2022,Zona Oeste,Pinheiros,Inativo Transitável,AV BRIG FARIA LIMA
28-11-2022,Zona Leste,Itaim Paulista,Inativo Transitável,R MANUEL BARBALHO DE LIMA
28-11-2022,Zona Leste,Itaim Paulista,Inativo Transitável,AV MARECHAL TITO
28-11-2022,Zona Leste,Vila Prudente,Inativo Intransitável,AV SALIM FARAH MALUF
28-11-2022,Zona Leste,Vila Prudente,Inativo Intransitável,AV PROF LUIZ IGNACIO ANHAIA MELLO
28-11-2022,Zona Leste,Vila Prudente,Inativo Intransitável,AV FRANCISCO FALCONI
28-11-2022,Zona Sul,Campo Limpo,Inativo Intransitável,AV ELLIS MAAS
28-11-2022,Zona Sudeste,Vila Mariana,Inativo Intransitável,AV VINTE E TRES DE MAIO
28-11-2022,Zona Sudeste,Vila Mariana,Inativo Transitável,AV DOS BANDEIRANTES
28-11-2022,Zona Sudeste,Vila Mariana,Inativo Transitável,AV IBIRAPUERA
29-11-2022,Zona Norte,Freguesia do Ó,Inativo Intransitável,MARGINAL TIETE
29-11-2022,Centro,Sé,Inativo Intransitável,R VLADIMIR HERZOG
29-11-2022,Centro,Sé,Inativo Intransitável,R GAL JULIO MARCONDES SALGADO
29-11-2022,Zona Oeste,Butantã,Inativo Intransitável,TV IRMA DOLORES BALDI
29-11-2022,Zona Oeste,Lapa,Inativo Transitável,R CORIOLANO
29-11-2022,Zona Oeste,Lapa,Inativo Intransitável,AV DR GASTAO VIDIGAL
29-11-2022,Zona Oeste,Pinheiros,Inativo Transitável,AV IBIRAPUERA
29-11-2022,Zona Oeste,Pinheiros,Inativo Transitável,AV IBIRAPUERA
29-11-2022,Zona Oeste,Pinheiros,Inativo Transitável,AV DAS NACOES UNIDAS
30-11-2022,Centro,Sé,Inativo Transitável,R BRESSER
30-11-2022,Centro,Sé,Inativo Intransitável,PC CIRO PONTES
30-11-2022,Zona Oeste,Butantã,Inativo Intransitável,AV DAS ACACIAS
30-11-2022,Zona Oeste,Butantã,Inativo Intransitável,TV IRMA DOLORES BALDI
30-11-2022,Zona Oeste,Butantã,Inativo Intransitável,R ALVES DOS SANTOS
30-11-2022,Zona Oeste,Lapa,Inativo Transitável,AV DR GASTAO VIDIGAL
30-11-2022,Zona Sul,Campo Limpo,Inativo Transitável,R TEODOSIO DE MATOS
01-12-2022,,,,
02-12-2022,Zona Oeste,Butantã,Inativo Transitável,AV DAS ACACIAS
02-12-2022,Zona Oeste,Lapa,Inativo Transitável,AV POMPEIA
02-12-2022,Zona Oeste,Lapa,Inativo Transitável,R ENG OSCAR AMERICANO
02-12-2022,Zona Oeste,Pinheiros,Inativo Transitável,R BRIG HAROLDO VELOSO
02-12-2022,Zona Sul,Santo Amaro,Inativo Transitável,AV DAS NACOES UNIDAS
03-12-2022,Zona Norte,Pirituba/Jaraguá,Inativo Intransitável,R PDE JOAO BEIL
03-12-2022,Zona Norte,Perus,Inativo Intransitável,R BANANALZINHO
03-12-2022,Zona Oeste,Butantã,Inativo Transitável,TV IRMA DOLORES BALDI
03-12-2022,Zona Oeste,Lapa,Inativo Intransitável,AV CANDIDO PORTINARI
03-12-2022,Zona Oeste,Lapa,Inativo Transitável,AV ENG BILLINGS
03-12-2022,Zona Oeste,Pinheiros,Inativo Intransitável,AV PEDRO ALVARES CABRAL
03-12-2022,Zona Oeste,Pinheiros,Inativo Transitável,AV PROF FONSECA RODRIGUES
03-12-2022,Zona Leste,Mooca,Inativo Intransitável,AV SALIM FARAH MALUF
03-12-2022,Zona Leste,Mooca,Inativo Intransitável,AV SALIM FARAH MALUF
03-12-2022,Zona Leste,Vila Prudente,Inativo Intransitável,AV DR FRANCISCO MESQUITA
03-12-2022,Zona Sudeste,Vila Mariana,Inativo Intransitável,AV DAS NACOES UNIDAS
03-12-2022,Zona Sudeste,Vila Mariana,Inativo Intransitável,AV DAS NACOES UNIDAS
04-12-2022,,,,
05-12-2022,Zona Oeste,Butantã,Inativo Transitável,AV MAGALHAES DE CASTRO
05-12-2022,Zona Oeste,Lapa,Inativo Transitável,AV ENG BILLINGS
05-12-2022,Zona Sul,Santo Amaro,Inativo Intransitável,AV STO AMARO
06-12-2022,Zona Norte,Jaçanã/ Tremembé,Inativo Transitável,AV SANATORIO
06-12-2022,Zona Norte,Vila Maria/ Vila Guilherme,Inativo Intransitável,R CHICO PONTES
06-12-2022,Zona Norte,Santana,Inativo Transitável,AV CRUZEIRO DO SUL
06-12-2022,Zona Norte,Santana,Inativo Intransitável,MARGINAL TIETE
06-12-2022,Centro,Sé,Inativo Intransitável,VEL PRES JOAO GOULART
06-12-2022,Centro,Sé,Inativo Transitável,AL NOTHMANN
06-12-2022,Centro,Sé,Inativo Intransitável,R MANOEL DUTRA
06-12-2022,Centro,Sé,Inativo Intransitável,R S PAULO
06-12-2022,Centro,Sé,Inativo Transitável,PC DA BANDEIRA
06-12-2022,Zona Oeste,Butantã,Inativo Transitável,R ARISTEU SEIXAS
06-12-2022,Zona Oeste,Butantã,Inativo Transitável,AV VITAL BRASIL
06-12-2022,Zona Oeste,Butantã,Inativo Intransitável,TV IRMA DOLORES BALDI
06-12-2022,Zona Oeste,Butantã,Inativo Intransitável,AV DAS NACOES UNIDAS
06-12-2022,Zona Oeste,Lapa,Inativo Transitável,R SEN JOAQUIM RIBEIRO DO VALLE
06-12-2022,Zona Oeste,Lapa,Inativo Intransitável,R CENNO SBRIGHI
06-12-2022,Zona Oeste,Lapa,Inativo Intransitável,PC PASCOAL MARTINS
06-12-2022,Zona Oeste,Pinheiros,Inativo Transitável,AV PEDROSO DE MORAIS
06-12-2022,Zona Oeste,Pinheiros,Inativo Transitável,AV IBIRAPUERA
06-12-2022,Zona Oeste,Pinheiros,Inativo Intransitável,R FUNCHAL
06-12-2022,Zona Leste,Itaquera,Inativo Intransitável,AV JOSE PINHEIRO BORGES
06-12-2022,Zona Leste,Itaquera,Inativo Transitável,AV ITAQUERA
06-12-2022,Zona Leste,Mooca,Inativo Transitável,AV CELSO GARCIA
06-12-2022,Zona Leste,Penha,Inativo Transitável,AV CDSSA ELISABETH DE ROBIANO
06-12-2022,Zona Leste,Penha,Inativo Intransitável,R ABADIANIA
06-12-2022,Zona Leste,Penha,Inativo Intransitável,AV CD.DE FRONTIN
06-12-2022,Zona Sul,Santo Amaro,Inativo Intransitável,AV SANTO AMARO
06-12-2022,Zona Sul,Santo Amaro,Inativo Transitável,AV JORN ROBERTO MARINHO
06-12-2022,Zona Sudeste,Vila Mariana,Inativo Intransitável,AV JAMARIS
06-12-2022,Zona Sudeste,Vila Mariana,Inativo Intransitável,AV VINTE E TRES DE MAIO
06-12-2022,Zona Sudeste,Vila Mariana,Inativo Transitável,AV IBIRAPUERA
06-12-2022,Zona Sudeste,Vila Mariana,Inativo Transitável,AV ANTONIO J. DE MOURA ANDRADE
07-12-2022,Centro,Sé,Inativo Transitável,AV COMEN MARTINELLI
07-12-2022,Centro,Sé,Inativo Transitável,VEL PRES JOAO GOULART
07-12-2022,Centro,Sé,Inativo Transitável,R BRDE POMBALINHO
07-12-2022,Centro,Sé,Inativo Transitável,AV CRUZEIRO DO SUL
07-12-2022,Centro,Sé,Inativo Transitável,R PORTO SEGURO
07-12-2022,Centro,Sé,Inativo Transitável,R PORTO SEGURO
07-12-2022,Zona Oeste,Butantã,Inativo Transitável,MARGINAL PINHEIROS
07-12-2022,Zona Sul,Capela do Socorro,Inativo Transitável,AV JOAO DE BARROS
08-12-2022,Centro,Sé,Inativo Intransitável,R VLADIMIR HERZOG
08-12-2022,Centro,Sé,Inativo Intransitável,R CARLOS SPERA
09-12-2022,,,,
10-12-2022,,,,
11-12-2022,Zona Leste,Itaquera,Inativo Intransitável,AV ITAQUERA
11-12-2022,Zona Leste,Itaquera,Inativo Intransitável,R TOMAZZO FERRARA
11-12-2022,Zona Leste,Itaquera,Inativo Intransitável,R ITAGIMIRIM
11-12-2022,Zona Leste,Itaquera,Inativo Intransitável,AV ITAQUERA
12-12-2022,,,,
13-12-2022,Zona Norte,Casa Verde,Inativo Transitável,TV CAPUA
13-12-2022,Zona Norte,Santana,Inativo Transitável,AV ZAKI NARCHI
13-12-2022,Centro,Sé,Inativo Transitável,VEL PRES JOAO GOULART
13-12-2022,Centro,Sé,Inativo Transitável,AV DO ESTADO
13-12-2022,Centro,Sé,Inativo Intransitável,R VLADIMIR HERZOG
13-12-2022,Centro,Sé,Inativo Intransitável,AV COMEN MARTINELLI
13-12-2022,Centro,Sé,Inativo Intransitável,R BRDE POMBALINHO
13-12-2022,Zona Oeste,Butantã,Inativo Intransitável,TV IRMA DOLORES BALDI
13-12-2022,Zona Oeste,Butantã,Inativo Intransitável,PC ALFREDO GOMES
13-12-2022,Zona Oeste,Lapa,Inativo Transitável,R NORMA DE LUCA
13-12-2022,Zona Oeste,Pinheiros,Inativo Intransitável,AV DAS ACACIAS
13-12-2022,Zona Oeste,Pinheiros,Inativo Transitável,PC PAN-AMERICANA
13-12-2022,Zona Oeste,Pinheiros,Inativo Transitável,AV PROF FONSECA RODRIGUES
13-12-2022,Zona Leste,Mooca,Inativo Intransitável,AV CD.DE FRONTIN
13-12-2022,Zona Leste,Mooca,Inativo Transitável,AV ALCANTARA MACHADO
13-12-2022,Zona Sul,M'Boi Mirim,Inativo Intransitável,AV FRANCISCO NOBREGA BARBOSA
13-12-2022,Zona Sul,Santo Amaro,Inativo Intransitável,AV STO AMARO
13-12-2022,Zona Sul,Santo Amaro,Inativo Intransitável,AV STO AMARO
13-12-2022,Zona Sul,Santo Amaro,Inativo Transitável,R JOAO ALFREDO
13-12-2022,Zona Sul,Santo Amaro,Inativo Transitável,AV DAS NACOES UNIDAS
13-12-2022,Zona Sudeste,Vila Mariana,Inativo Transitável,AV PEDRO ALVARES CABRAL
13-12-2022,Zona Sudeste,Vila Mariana,Inativo Intransitável,AV RUBEM BERTA
13-12-2022,Zona Sudeste,Vila Mariana,Inativo Intransitável,AV VINTE E TRES DE MAIO
14-12-2022,Centro,Sé,Inativo Intransitável,R VLADIMIR HERZOG
14-12-2022,Zona Sudeste,Vila Mariana,Inativo Intransitável,R FRANCISCO CRUZ
15-12-2022,,,,
16-12-2022,Zona Sul,Santo Amaro,Inativo Transitável,AV STO AMARO
17-12-2022,,,,
18-12-2022,,,,
19-12-2022,,,,
20-12-2022,,,,
21-12-2022,Centro,Sé,Inativo Transitável,R VLADIMIR HERZOG
22-12-2022,,,,
23-12-2022,,,,
24-12-2022,,,,
25-12-2022,,,,
26-12-2022,,,,
27-12-2022,,,,
28-12-2022,Centro,Sé,Inativo Transitável,R ROBERTO SIMONSEN
28-12-2022,Centro,Sé,Inativo Transitável,R VINTE E CINCO DE MARCO
28-12-2022,Centro,Sé,Inativo Transitável,PQ DOM PEDRO II
28-12-2022,Zona Sul,Capela do Socorro,Inativo Transitável,R POMELO
28-12-2022,Zona Sul,Capela do Socorro,Inativo Transitável,AV JOAO DE BARROS
28-12-2022,Zona Sul,Capela do Socorro,Inativo Transitável,R GUARATIBA
28-12-2022,Zona Sul,M'Boi Mirim,Inativo Intransitável,AV FRANCISCO NOBREGA BARBOSA
29-12-2022,Zona Norte,Perus,Inativo Transitável,ESTRADA DE LIGAÇÃO
30-12-2022,,,,
31-12-2022,Zona Leste,Penha,Inativo Intransitável,AV ANTONIO ESTEVÃO DE CARVALHO
31-12-2022,Zona Leste,Penha,Inativo Intransitável,R JOAQUIM MARRA
31-12-2022,Zona Leste,Penha,Inativo Intransitável,R MANILHA
31-12-2022,Zona Sul,Campo Limpo,Inativo Intransitável,ES DO CAMPO LIMPO
01-01-2023,Zona Leste,Itaquera,Inativo Intransitável,AVENIDA ARICANDUVA
01-01-2023,Zona Leste,Itaquera,Inativo Transitável,RUA PADRE VIEGAS DE MENEZES
02-01-2023,,,,
03-01-2023,Zona Norte,Casa Verde,Inativo Intransitável,AV. INAJAR DE SOUZA
03-01-2023,Zona Norte,Santana,Inativo Intransitável,R SARGM RAMALHO
04-01-2023,Centro,Sé,Inativo Intransitável,R MANOEL DUTRA
04-01-2023,Centro,Sé,Inativo Transitável,RUA DONA ANTONIA DE QUEIROZ
04-01-2023,Zona Oeste,Butantã,Inativo Transitável,R DOS PIEMONTESES
04-01-2023,Zona Oeste,Butantã,Inativo Transitável,AV MAGALHÃES DE CASTRO
04-01-2023,Zona Oeste,Butantã,Inativo Transitável,AV MAJ SYLVIO DE MAGALHAES PADILHA
04-01-2023,Zona Oeste,Butantã,Inativo Transitável,AV VITAL BRASIL
04-01-2023,Zona Oeste,Butantã,Inativo Transitável,AV ENGENHEIRO BILLINGS
04-01-2023,Zona Oeste,Lapa,Inativo Intransitável,R VLADIMIR HERZOG
04-01-2023,Zona Oeste,Pinheiros,Inativo Transitável,AV DAS NACOES UNIDAS
04-01-2023,Zona Sul,Santo Amaro,Inativo Transitável,AV DAS NAÇÕES UNIDAS
05-01-2023,Centro,Sé,Inativo Intransitável,AV JOAO DE BARROS
05-01-2023,Zona Oeste,Lapa,Inativo Intransitável,R VLADIMIR HERZOG
05-01-2023,Zona Oeste,Lapa,Inativo Intransitável,AV PRES CASTELO BRANCO
05-01-2023,Zona Oeste,Pinheiros,Inativo Intransitável,AV DAS NACOES UNIDAS
05-01-2023,Zona Leste,Mooca,Inativo Transitável,AV ALCANTARA MACHADO
06-01-2023,Centro,Sé,Inativo Transitável,R DA CANTAREIRA (BOM RETIRO)
07-01-2023,,,,
08-01-2023,,,,
09-01-2023,,,,
10-01-2023,Zona Norte,Freguesia do Ó,Inativo Intransitável,AV ANTONIO MUNHOZ BONILHA
10-01-2023,Zona Norte,Jaçanã/ Tremembé,Inativo Transitável,PC GIOVANNELLI LUIGI
10-01-2023,Centro,Sé,Inativo Transitável,PC DA BANDEIRA
10-01-2023,Centro,Sé,Inativo Transitável,R TEIXEIRA LEITE
10-01-2023,Centro,Sé,Inativo Transitável,PC DA BANDEIRA
10-01-2023,Centro,Sé,Inativo Transitável,AV NOVE DE JULHO
10-01-2023,Zona Oeste,Pinheiros,Inativo Intransitável,R ABEGOARIA
10-01-2023,Zona Oeste,Pinheiros,Inativo Transitável,AV PROF FONSECA RODRIGUES
10-01-2023,Zona Leste,Mooca,Inativo Intransitável,R DA MOOCA
10-01-2023,Zona Leste,Mooca,Inativo Transitável,R PRES BATISTA PEREIRA
10-01-2023,Zona Sul,Santo Amaro,Inativo Transitável,AV DAS NACOES UNIDAS
10-01-2023,Zona Sul,Santo Amaro,Inativo Intransitável,AV JULES RIMET
11-01-2023,Zona Oeste,Butantã,Inativo Intransitável,AV. PROF. FRANCISCO MORATO
12-01-2023,Zona Oeste,Butantã,Inativo Transitável,R JOSE FELIX
12-01-2023,Zona Oeste,Pinheiros,Inativo Transitável,AV DOS BANDEIRANTES
12-01-2023,Zona Leste,Mooca,Inativo Intransitável,R DA FIGUEIRA
13-01-2023,Centro,Sé,Inativo Transitável,AV TIRADENTES
13-01-2023,Centro,Sé,Inativo Intransitável,R MANOEL DUTRA
13-01-2023,Zona Leste,Mooca,Inativo Intransitável,R DA FIGUEIRA
13-01-2023,Zona Leste,Mooca,Inativo Intransitável,R PRES BATISTA PEREIRA
13-01-2023,Zona Leste,Mooca,Inativo Transitável,AV ALCANTARA MACHADO
13-01-2023,Zona Leste,Mooca,Inativo Intransitável,AV ALCANTARA MACHADO
14-01-2023,Zona Oeste,Pinheiros,Inativo Intransitável,AV DAS NACOES UNIDAS
14-01-2023,Zona Oeste,Pinheiros,Inativo Intransitável,MARGINAL PINHEIROS INTCB
14-01-2023,Zona Oeste,Pinheiros,Inativo Transitável,AV CIDADE JARDIM
14-01-2023,Zona Leste,Mooca,Inativo Transitável,AV SALIM FARAH MALUF
14-01-2023,Zona Leste,Penha,Inativo Transitável,AV CD.DE FRONTIN
14-01-2023,Zona Sul,Santo Amaro,Inativo Transitável,AV DAS NACOES UNIDAS
14-01-2023,Zona Sul,Santo Amaro,Inativo Intransitável,AV DAS NACOES UNIDAS
15-01-2023,Zona Leste,Vila Prudente,Inativo Intransitável,AV FRANCISCO FALCONI
15-01-2023,Zona Leste,Vila Prudente,Inativo Intransitável,AV PROF LUIZ IGNACIO ANHAIA MELLO
15-01-2023,Zona Sul,M'Boi Mirim,Inativo Intransitável,AV GUARAPIRANGA
15-01-2023,Zona Sul,Santo Amaro,Inativo Intransitável,AV ROQUE PETRONI JUNIOR
15-01-2023,Zona Sul,Santo Amaro,Inativo Transitável,VD ENG ANTONIO MOLITERNO
15-01-2023,Zona Sul,Santo Amaro,Inativo Intransitável,AV DAS NACOES UNIDAS
16-01-2023,Zona Oeste,Butantã,Inativo Transitável,R DOS PIEMONTESES
16-01-2023,Zona Oeste,Lapa,Inativo Intransitável,AV. MOFARREJ
16-01-2023,Zona Leste,Itaquera,Inativo Intransitável,R ZITUO KARASAWA
17-01-2023,Zona Oeste,Lapa,Inativo Intransitável,R VLADIMIR HERZOG
18-01-2023,,,,
19-01-2023,Zona Oeste,Pinheiros,Inativo Transitável,R ALASCA
20-01-2023,,,,
21-01-2023,,,,
22-01-2023,,,,
23-01-2023,Zona Norte,Santana,Inativo Transitável,MARGINAL TIETE ASCB CENTRAL
24-01-2023,Zona Norte,Jaçanã/ Tremembé,Inativo Transitável,AV. SANATORIO
24-01-2023,Zona Norte,Perus,Inativo Intransitável,PC. INACIA DIAS
24-01-2023,Zona Norte,Perus,Inativo Transitável,R BERNARDO JOSE DE LORENA
24-01-2023,Zona Norte,Perus,Inativo Intransitável,R JOAQUIM DE SOUSA
25-01-2023,,,,
26-01-2023,,,,
27-01-2023,,,,
28-01-2023,Zona Norte,Freguesia do Ó,Inativo Intransitável,AV GEN EDGAR FACO
28-01-2023,Zona Norte,Pirituba/Jaraguá,Inativo Intransitável,R RIO VERDE (PIRITUBA)
28-01-2023,Centro,Sé,Inativo Transitável,AV RANGEL PESTANA
28-01-2023,Zona Leste,Mooca,Inativo Transitável,AV ALCANTARA MACHADO
29-01-2023,Zona Norte,Perus,Inativo Intransitável,AV RAIMUNDO PEREIRA DE MAGALHAES
29-01-2023,Zona Oeste,Lapa,Inativo Intransitável,AV MOFARREJ
29-01-2023,Zona Oeste,Lapa,Inativo Intransitável,R VLADIMIR HERZOG
29-01-2023,Zona Oeste,Lapa,Inativo Transitável,AV IMP LEOPOLDINA
29-01-2023,Zona Oeste,Lapa,Inativo Transitável,R TRIPOLI
29-01-2023,Zona Oeste,Lapa,Inativo Intransitável,AV IMPERATRIZ LEOPOLDINA
29-01-2023,Zona Leste,Itaquera,Inativo Intransitável,AV ITAQUERA
29-01-2023,Zona Leste,Itaquera,Inativo Intransitável,R ITAGIMIRIM
29-01-2023,Zona Leste,Itaquera,Inativo Intransitável,R LAGOA SALGADA
29-01-2023,Zona Leste,Itaquera,Inativo Intransitável,R DR LUIZ AYRES
29-01-2023,Zona Leste,Itaquera,Inativo Intransitável,AV DAVID DOMINGUES FERREIRA
29-01-2023,Zona Leste,Itaim Paulista,Inativo Transitável,RUA MANUEL BARBALHO DE LIMA
29-01-2023,Zona Leste,Itaim Paulista,Inativo Transitável,AV MARECHAL TITO
29-01-2023,Zona Leste,Penha,Inativo Intransitável,R DR LUIZ AYRES
29-01-2023,Zona Leste,Sapopemba,Inativo Intransitável,TRAV HILARION QUINTANA
29-01-2023,Zona Leste,São Mateus,Inativo Intransitável,AV JACU PESSEGO N TRABALHADORES
29-01-2023,Zona Leste,São Mateus,Inativo Intransitável,AV ARICANDUVA
29-01-2023,Zona Leste,São Mateus,Inativo Intransitável,AV ARICANDUVA
29-01-2023,Zona Sul,Santo Amaro,Inativo Intransitável,AV INTERLAGOS
29-01-2023,Zona Sul,Santo Amaro,Inativo Intransitável,AV INTERLAGOS
29-01-2023,Zona Sul,Santo Amaro,Inativo Intransitável,AV DAS NACOES UNIDAS
30-01-2023,,,,
31-01-2023,Centro,Sé,Inativo Transitável,R PRES BATISTA PEREIRA
31-01-2023,Centro,Sé,Inativo Transitável,AV RANGEL PESTANA
31-01-2023,Zona Leste,Itaquera,Inativo Intransitável,R PROF JOAO BASTISTA CONTI
31-01-2023,Zona Leste,Itaquera,Inativo Intransitável,AV ITAQUERA
31-01-2023,Zona Leste,Itaquera,Inativo Intransitável,R PDE VIEGAS DE MENEZES
31-01-2023,Zona Leste,São Miguel Paulista,Inativo Intransitável,R AMERICO SUGAI
31-01-2023,Zona Leste,Penha,Inativo Intransitável,AV S MIGUEL
31-01-2023,Zona Sul,Capela do Socorro,Inativo Intransitável,R PTOLOMEU
31-01-2023,Zona Sul,M'Boi Mirim,Inativo Transitável,PC ALCEU AMOROSO LIMA
31-01-2023,Zona Sul,Santo Amaro,Inativo Transitável,AV DAS NACOES UNIDAS
01-02-2023,Zona Norte,Vila Maria/ Vila Guilherme,Inativo Intransitável,R SEM DENOMINACAO
01-02-2023,Centro,Sé,Inativo Intransitável,R DOM RODO
01-02-2023,Zona Oeste,Lapa,Inativo Transitável,R VLADIMIR HERZOG
01-02-2023,Zona Leste,Aricanduva/ Vila Formosa,Inativo Transitável,R CARLOS SILVA
01-02-2023,Zona Leste,Itaquera,Inativo Intransitável,AV ITAQUERA
01-02-2023,Zona Leste,Itaquera,Inativo Transitável,R PDE VIEGAS DE MENEZES
01-02-2023,Zona Leste,São Miguel Paulista,Inativo Transitável,R ASDRUBAL
01-02-2023,Zona Leste,São Mateus,Inativo Intransitável,AV AFONSO DE SAMPAIO E SOUSA
01-02-2023,Zona Sudeste,Ipiranga,Inativo Transitável,AV TERESA CRISTINA
02-02-2023,Zona Leste,Cidade Tiradentes,Inativo Intransitável,R INACIO MONTEIRO
02-02-2023,Zona Leste,Cidade Tiradentes,Inativo Intransitável,AV JOSE HIGINO NEVES
02-02-2023,Zona Leste,Cidade Tiradentes,Inativo Intransitável,AV DOS METALURGICOS
02-02-2023,Zona Leste,São Miguel Paulista,Inativo Transitável,AV BRAS DA ROCHA CARDOSO
02-02-2023,Zona Leste,São Mateus,Inativo Intransitável,R MARIA LUISA DO VAL PENTEADO
02-02-2023,Zona Leste,Vila Prudente,Inativo Intransitável,TV HILARION QUINTANA
02-02-2023,Zona Leste,Vila Prudente,Inativo Intransitável,R ARENITO
02-02-2023,Zona Sul,Parelheiros,Inativo Intransitável,ES ECOTURISTICA DE PARELHEIROS
03-02-2023,,,,
04-02-2023,,,,
05-02-2023,,,,
06-02-2023,Zona Norte,Casa Verde,Inativo Transitável,AV ANTONIO MUNHOZ BONILHA
06-02-2023,Zona Oeste,Lapa,Inativo Intransitável,R VLADIMIR HERZOG
06-02-2023,Zona Leste,São Miguel Paulista,Inativo Transitável,AV PIRES DO RIO
06-02-2023,Zona Sul,Santo Amaro,Inativo Transitável,AV DAS NACOES UNIDAS
06-02-2023,Zona Sul,Santo Amaro,Inativo Transitável,VD AUSTREGESILO DE ATHAYDE
06-02-2023,Zona Sul,Santo Amaro,Inativo Transitável,AV ROQUE PETRONI JUNIOR
06-02-2023,Zona Sul,Santo Amaro,Inativo Transitável,AV DR CHUCRI ZAIDAN
06-02-2023,Zona Sudeste,Vila Mariana,Inativo Intransitável,AV STO AMARO
07-02-2023,Zona Norte,Casa Verde,Inativo Intransitável,AV ANTONIO MUNHOZ BONILHA
07-02-2023,Zona Norte,Freguesia do Ó,Inativo Intransitável,AV MIN PETRONIO PORTELA
07-02-2023,Zona Norte,Freguesia do Ó,Inativo Intransitável,R STA ROMANA
07-02-2023,Zona Norte,Vila Maria/ Vila Guilherme,Inativo Transitável,AV SANATORIO
07-02-2023,Zona Norte,Vila Maria/ Vila Guilherme,Inativo Transitável,AV SANATORIO
07-02-2023,Zona Norte,Pirituba/Jaraguá,Inativo Intransitável,VIA ANHANGUERA
07-02-2023,Centro,Sé,Inativo Intransitável,AV PRES CASTELO BRANCO
07-02-2023,Centro,Sé,Inativo Intransitável,R PRES BATISTA PEREIRA
07-02-2023,Centro,Sé,Inativo Intransitável,VD DO CHA
07-02-2023,Centro,Sé,Inativo Transitável,AV RIO BRANCO
07-02-2023,Centro,Sé,Inativo Intransitável,R TEIXEIRA LEITE
07-02-2023,Centro,Sé,Inativo Intransitável,R ROCHA
07-02-2023,Centro,Sé,Inativo Intransitável,VEL PRES JOAO GOULART
07-02-2023,Centro,Sé,Inativo Intransitável,R GLICERIO
07-02-2023,Zona Oeste,Butantã,Inativo Intransitável,AV PROF FRANCISCO MORATO
07-02-2023,Zona Oeste,Butantã,Inativo Intransitável,AV PROF FRANCISCO MORATO
07-02-2023,Zona Oeste,Butantã,Inativo Intransitável,AV CORIFEU DE AZEVEDO MARQUES
07-02-2023,Zona Oeste,Butantã,Inativo Transitável,MARGINAL PINHEIROS CBINT
07-02-2023,Zona Oeste,Butantã,Inativo Intransitável,AV MAGALHAES DE CASTRO
07-02-2023,Zona Oeste,Lapa,Inativo Intransitável,AV POMPEIA
07-02-2023,Zona Oeste,Lapa,Inativo Transitável,PC PASCOAL MARTINS
07-02-2023,Zona Oeste,Lapa,Inativo Transitável,AV DR GASTAO VIDIGAL
07-02-2023,Zona Oeste,Lapa,Inativo Intransitável,AV ENG BILLINGS
07-02-2023,Zona Oeste,Lapa,Inativo Intransitável,R OTHAO
07-02-2023,Zona Oeste,Lapa,Inativo Intransitável,R ANTOINE BOURDELLE
07-02-2023,Zona Oeste,Lapa,Inativo Intransitável,R VLADIMIR HERZOG
07-02-2023,Zona Oeste,Lapa,Inativo Intransitável,AV ENG BILLINGS
07-02-2023,Zona Oeste,Pinheiros,Inativo Transitável,R HENRIQUE SCHAUMANN
07-02-2023,Zona Oeste,Pinheiros,Inativo Transitável,R LUIS MURAT
07-02-2023,Zona Oeste,Pinheiros,Inativo Transitável,AV QUEIROZ FILHO
07-02-2023,Zona Oeste,Pinheiros,Inativo Intransitável,R ARGENTINA
07-02-2023,Zona Oeste,Pinheiros,Inativo Intransitável,R CANADA (JD PAULISTA)
07-02-2023,Zona Oeste,Pinheiros,Inativo Intransitável,PC AMERICA
07-02-2023,Zona Oeste,Pinheiros,Inativo Transitável,R ABEGOARIA
07-02-2023,Zona Oeste,Pinheiros,Inativo Transitável,AV NOVE DE JULHO
07-02-2023,Zona Leste,Itaquera,Inativo Transitável,AV NAGIB FARAH MALUF
07-02-2023,Zona Leste,Itaquera,Inativo Intransitável,R VIRGINIA FERNI
07-02-2023,Zona Leste,Itaquera,Inativo Intransitável,R CACHOEIRA ITAGUASSAVA
07-02-2023,Zona Leste,Itaquera,Inativo Intransitável,AV ITAQUERA
07-02-2023,Zona Leste,Itaquera,Inativo Transitável,R CASTELO DO PIAUI
07-02-2023,Zona Leste,Itaquera,Inativo Transitável,R PROF JOAO BASTISTA CONTI
07-02-2023,Zona Leste,Itaquera,Inativo Intransitável,R CUNHA PORÃ
07-02-2023,Zona Leste,Itaquera,Inativo Intransitável,R PDE VIEGAS DE MENEZES
07-02-2023,Zona Leste,Itaquera,Inativo Intransitável,AV OSWALDO VALLE CORDEIRO
07-02-2023,Zona Leste,Itaquera,Inativo Intransitável,AV ITAQUERA
07-02-2023,Zona Leste,Itaquera,Inativo Transitável,AV JACU PESSEGO N TRABALHADORES
07-02-2023,Zona Leste,Mooca,Inativo Transitável,AC AO VD BRESSER
07-02-2023,Zona Leste,Mooca,Inativo Intransitável,R HIPODROMO
07-02-2023,Zona Leste,Mooca,Inativo Intransitável,AV ALCANTARA MACHADO
07-02-2023,Zona Leste,São Miguel Paulista,Inativo Transitável,AV JACU PESSEGO N TRABALHADORES
07-02-2023,Zona Leste,São Mateus,Inativo Transitável,AV JACU PESSEGO N TRABALHADORES
07-02-2023,Zona Leste,Vila Prudente,Inativo Transitável,AV DO ESTADO
07-02-2023,Zona Leste,Vila Prudente,Inativo Intransitável,AV PROF LUIZ IGNACIO ANHAIA MELLO
07-02-2023,Zona Sul,Campo Limpo,Inativo Intransitável,R MARIA BLANCHARD
07-02-2023,Zona Sul,M'Boi Mirim,Inativo Intransitável,ES DO CAMPO LIMPO
07-02-2023,Zona Sul,M'Boi Mirim,Inativo Intransitável,AV GUARAPIRANGA
07-02-2023,Zona Sul,Santo Amaro,Inativo Intransitável,AV DAS NACOES UNIDAS
07-02-2023,Zona Sul,Santo Amaro,Inativo Intransitável,AV VITOR MANZINI
07-02-2023,Zona Sul,Santo Amaro,Inativo Transitável,AV DAS NACOES UNIDAS
07-02-2023,Zona Sul,Santo Amaro,Inativo Intransitável,AV INTERLAGOS
07-02-2023,Zona Sul,Santo Amaro,Inativo Transitável,AV DAS NACOES UNIDAS
07-02-2023,Zona Sul,Santo Amaro,Inativo Intransitável,AV VITOR MANZINI
07-02-2023,Zona Sul,Santo Amaro,Inativo Intransitável,R GALENO DE CASTRO
07-02-2023,Zona Sul,Santo Amaro,Inativo Intransitável,AV ROQUE PETRONI JUNIOR
07-02-2023,Zona Sudeste,Ipiranga,Inativo Intransitável,R DOS PATRIOTAS
07-02-2023,Zona Sudeste,Ipiranga,Inativo Intransitável,R CISPLATINA
07-02-2023,Zona Sudeste,Ipiranga,Inativo Intransitável,R TABOR
07-02-2023,Zona Sudeste,Ipiranga,Inativo Intransitável,R MIL OITOCENTOS E VINTE E DOIS
07-02-2023,Zona Sudeste,Ipiranga,Inativo Intransitável,R ALENCAR DE ARARIPE
07-02-2023,Zona Sudeste,Vila Mariana,Inativo Transitável,AV VINTE E TRES DE MAIO
07-02-2023,Zona Sudeste,Vila Mariana,Inativo Intransitável,AV VINTE E TRES DE MAIO
07-02-2023,Zona Sudeste,Vila Mariana,Inativo Intransitável,AV STO AMARO
07-02-2023,Zona Sudeste,Vila Mariana,Inativo Intransitável,AV JAMARIS
07-02-2023,Zona Sudeste,Vila Mariana,Inativo Intransitável,AV IBIRAPUERA
08-02-2023,,,,
09-02-2023,,,,
10-02-2023,,,,
11-02-2023,,,,
12-02-2023,Zona Norte,Casa Verde,Inativo Intransitável,AV ANTONIO MUNHOZ BONILHA
12-02-2023,Zona Oeste,Pinheiros,Inativo Transitável,AV DAS NACOES UNIDAS
12-02-2023,Zona Oeste,Pinheiros,Inativo Transitável,AV DAS NACOES UNIDAS
12-02-2023,Zona Leste,Itaquera,Inativo Intransitável,AV ITAQUERA
12-02-2023,Zona Sul,Santo Amaro,Inativo Intransitável,AV DAS NACOES UNIDAS
12-02-2023,Zona Sul,Santo Amaro,Inativo Intransitável,AV DAS NACOES UNIDAS
12-02-2023,Zona Sul,Santo Amaro,Inativo Intransitável,AV ROQUE PETRONI JUNIOR
12-02-2023,Zona Sul,Santo Amaro,Inativo Intransitável,AV DAS NACOES UNIDAS
12-02-2023,Zona Sul,Santo Amaro,Inativo Intransitável,R HUNGRIA
12-02-2023,Zona Sudeste,Vila Mariana,Inativo Intransitável,AV DOS BANDEIRANTES
12-02-2023,Zona Sudeste,Vila Mariana,Inativo Intransitável,AV VINTE E TRES DE MAIO
12-02-2023,Zona Sudeste,Vila Mariana,Inativo Intransitável,AV DOS BANDEIRANTES
13-02-2023,Zona Leste,Itaquera,Inativo Transitável,RUA JOSÉ VIEIRA GUIMARÃES
13-02-2023,Zona Leste,Itaim Paulista,Inativo Transitável,RUA MANUEL BARBALHO DE LIMA
13-02-2023,Zona Leste,Itaim Paulista,Inativo Transitável,AV MARECHAL TITO
13-02-2023,Zona Leste,Itaim Paulista,Inativo Intransitável,AV MANUEL BARBALHO DE LIMA
13-02-2023,Zona Leste,São Miguel Paulista,Inativo Intransitável,AV MAL TITO
13-02-2023,Zona Leste,São Miguel Paulista,Inativo Intransitável,R ASDRUBAL
14-02-2023,,,,
15-02-2023,Zona Norte,Santana,Inativo Transitável,R DR CESAR
15-02-2023,Zona Leste,Itaquera,Inativo Intransitável,R CAMPINAS DO PIAUI
15-02-2023,Zona Leste,Itaquera,Inativo Intransitável,AV ITAQUERA
15-02-2023,Zona Leste,São Miguel Paulista,Inativo Intransitável,R ANTONIO DIAS DE MOURA
15-02-2023,Zona Sul,Santo Amaro,Inativo Intransitável,AV INTERLAGOS
16-02-2023,Zona Norte,Casa Verde,Inativo Intransitável,AV ANTONIO MUNHOZ BONILHA
16-02-2023,Zona Norte,Casa Verde,Inativo Intransitável,R SUSANA DE GOIS
16-02-2023,Zona Norte,Casa Verde,Inativo Intransitável,R BARTHOLOMEU DO CANTO
16-02-2023,Centro,Sé,Inativo Transitável,MARGINAL TIETE
16-02-2023,Centro,Sé,Inativo Intransitável,AV PRES CASTELO BRANCO
16-02-2023,Centro,Sé,Inativo Transitável,R CAPISTRANO DE ABREU
16-02-2023,Centro,Sé,Inativo Transitável,R PRES BATISTA PEREIRA
16-02-2023,Zona Leste,Itaquera,Inativo Intransitável,AV ITAQUERA
16-02-2023,Zona Leste,Mooca,Inativo Intransitável,AV ALCANTARA MACHADO
16-02-2023,Zona Leste,Mooca,Inativo Intransitável,R BRESSER
16-02-2023,Zona Leste,Mooca,Inativo Intransitável,AV ALCANTARA MACHADO
16-02-2023,Zona Leste,Mooca,Inativo Intransitável,R ITAQUI
16-02-2023,Zona Leste,Penha,Inativo Transitável,R DR LUIZ AYRES
16-02-2023,Zona Leste,Penha,Inativo Intransitável,R FRANCIS DE CASTELNAU
16-02-2023,Zona Sudeste,Vila Mariana,Inativo Transitável,AV STO AMARO
17-02-2023,Zona Norte,Santana,Inativo Intransitável,AV CRUZEIRO DO SUL
17-02-2023,Centro,Sé,Inativo Intransitável,R DOM RODO
17-02-2023,Centro,Sé,Inativo Transitável,R S PAULO (LIBERDADE)
17-02-2023,Zona Leste,São Mateus,Inativo Intransitável,AV JACU PESSEGO N TRABALHADORES
18-02-2023,Zona Norte,Casa Verde,Inativo Intransitável,RUA ZILDA
18-02-2023,Zona Norte,Santana,Inativo Transitável,PC CAMPO DE BAGATELLE
18-02-2023,Zona Norte,Santana,Inativo Intransitável,AC DIREITO A AV OTAVIANO ALVES (SANTANA)
18-02-2023,Zona Norte,Santana,Inativo Transitável,AV CRUZEIRO DO SUL
18-02-2023,Centro,Sé,Inativo Transitável,PC DA BANDEIRA
18-02-2023,Centro,Sé,Inativo Intransitável,R MANOEL DUTRA
18-02-2023,Centro,Sé,Inativo Transitável,AV PRES CASTELO BRANCO
18-02-2023,Centro,Sé,Inativo Intransitável,R PORTO SEGURO
18-02-2023,Centro,Sé,Inativo Intransitável,R PORTO SEGURO
18-02-2023,Centro,Sé,Inativo Intransitável,R PAULINO GUIMARAES
18-02-2023,Zona Oeste,Butantã,Inativo Intransitável,PC ELIS REGINA
18-02-2023,Zona Oeste,Butantã,Inativo Intransitável,AV LINEU DE PAULA MACHADO
18-02-2023,Zona Oeste,Butantã,Inativo Transitável,AV VITAL BRASIL
18-02-2023,Zona Oeste,Pinheiros,Inativo Intransitável,R HENRIQUE SCHAUMANN
18-02-2023,Zona Oeste,Pinheiros,Inativo Intransitável,R CARDEAL ARCOVERDE
18-02-2023,Zona Oeste,Pinheiros,Inativo Intransitável,PC APECATU
18-02-2023,Zona Oeste,Pinheiros,Inativo Transitável,R BRIG HAROLDO VELOSO
18-02-2023,Zona Oeste,Pinheiros,Inativo Transitável,R DOS PINHEIROS (PINHEIROS)
18-02-2023,Zona Leste,São Mateus,Inativo Intransitável,AV JACU PESSEGO N TRABALHADORES
18-02-2023,Zona Leste,Vila Prudente,Inativo Intransitável,RUA LUCAS DE CAMARGO
18-02-2023,Zona Leste,Vila Prudente,Inativo Transitável,PC ALBERTO LION
18-02-2023,Zona Sul,Cidade Ademar,Inativo Intransitável,AV CUPECE
18-02-2023,Zona Sul,Santo Amaro,Inativo Intransitável,AV INTERLAGOS
18-02-2023,Zona Sul,Santo Amaro,Inativo Intransitável,AV DAS NAÇÕES UNIDAS
18-02-2023,Zona Sul,Santo Amaro,Inativo Intransitável,AV ROQUE PETRONI JUNIOR
18-02-2023,Zona Sul,Santo Amaro,Inativo Transitável,AV ROQUE PETRONI JUNIOR
18-02-2023,Zona Sudeste,Vila Mariana,Inativo Transitável,R ANTONIO DE QUEIROGA
18-02-2023,Zona Sudeste,Vila Mariana,Inativo Transitável,AV IBIRAPUERA
18-02-2023,Zona Sudeste,Vila Mariana,Inativo Intransitável,AV VINTE E TRES DE MAIO
19-02-2023,Zona Norte,Santana,Inativo Transitável,MARGINAL TIETE ASCB CENTRAL
19-02-2023,Centro,Sé,Inativo Transitável,R GAL OSORIO
19-02-2023,Centro,Sé,Inativo Transitável,AV MERCURIO
19-02-2023,Centro,Sé,Inativo Transitável,MARGINAL TIETE CBAS CENTRAL
19-02-2023,Centro,Sé,Inativo Intransitável,MARGINAL TIETE CBAS EXPRESSA
19-02-2023,Centro,Sé,Inativo Transitável,R BR.DE JAGUARA
19-02-2023,Zona Leste,São Mateus,Inativo Intransitável,AV JACU PESSEGO N TRABALHADORES
19-02-2023,Zona Leste,São Mateus,Inativo Intransitável,AV JACU PESSEGO N TRABALHADORES
19-02-2023,Zona Leste,Vila Prudente,Inativo Transitável,AV DO ESTADO
19-02-2023,Zona Leste,Vila Prudente,Inativo Transitável,PC ALBERTO LION
19-02-2023,Zona Leste,Vila Prudente,Inativo Transitável,R JOAO TEODORO
20-02-2023,Zona Norte,Vila Maria/ Vila Guilherme,Inativo Intransitável,R LUCAS DE FREITAS AZEVEDO
20-02-2023,Zona Norte,Santana,Inativo Intransitável,PC ORLANDO SILVA
20-02-2023,Zona Norte,Santana,Inativo Intransitável,AV LUIZ DUMONT VILLARES
20-02-2023,Zona Norte,Santana,Inativo Intransitável,AV ZAKI NARCHI
20-02-2023,Zona Norte,Santana,Inativo Intransitável,AV LUIZ DUMONT VILLARES
20-02-2023,Centro,Sé,Inativo Intransitável,PC DA BANDEIRA
20-02-2023,Centro,Sé,Inativo Intransitável,AV NOVE DE JULHO
20-02-2023,Centro,Sé,Inativo Intransitável,AV PRES CASTELO BRANCO
20-02-2023,Zona Oeste,Lapa,Inativo Intransitável,AV ORDEM E PROGRESSO
20-02-2023,Zona Leste,Itaquera,Inativo Intransitável,AV ITAQUERA
20-02-2023,Zona Sudeste,Vila Mariana,Inativo Transitável,AV VINTE E TRES DE MAIO
21-02-2023,Centro,Sé,Inativo Transitável,MARGINAL TIETE CBAS EXPRESSA
21-02-2023,Centro,Sé,Inativo Intransitável,R MANOEL DUTRA
21-02-2023,Zona Oeste,Lapa,Inativo Intransitável,AV POMPEIA
21-02-2023,Zona Leste,Itaquera,Inativo Transitável,AV ITAQUERA
21-02-2023,Zona Leste,Mooca,Inativo Intransitável,AV CELSO GARCIA
21-02-2023,Zona Leste,Penha,Inativo Intransitável,R DR LUIZ AYRES
21-02-2023,Zona Leste,Penha,Inativo Intransitável,R TRES (V MAT)
21-02-2023,Zona Sul,M'Boi Mirim,Inativo Transitável,ES GUAVIRITUBA
21-02-2023,Zona Sul,Santo Amaro,Inativo Intransitável,AV DAS NACOES UNIDAS
21-02-2023,Zona Sul,Santo Amaro,Inativo Intransitável,AV ROQUE PETRONI JUNIOR
21-02-2023,Zona Sul,Santo Amaro,Inativo Intransitável,AV DAS NACOES UNIDAS
21-02-2023,Zona Sul,Santo Amaro,Inativo Transitável,AV STO AMARO
21-02-2023,Zona Sul,Santo Amaro,Inativo Intransitável,MARGINAL PINHEIROS INTCB
22-02-2023,Zona Oeste,Lapa,Inativo Transitável,R PALESTRA ITALIA
22-02-2023,Zona Leste,São Mateus,Inativo Intransitável,AV JACU PESSEGO N TRABALHADORES
23-02-2023,Zona Norte,Casa Verde,Inativo Transitável,R MATEUS MASCARENHAS
23-02-2023,Zona Norte,Vila Maria/ Vila Guilherme,Inativo Intransitável,AV SANATORIO
23-02-2023,Zona Oeste,Lapa,Inativo Transitável,AV ENG BILLINGS
23-02-2023,Zona Oeste,Lapa,Inativo Intransitável,R VLADIMIR HERZOG
23-02-2023,Zona Oeste,Lapa,Inativo Transitável,MARGINAL TIETE CBAS EXPRESSA
23-02-2023,Zona Oeste,Pinheiros,Inativo Intransitável,R BRIG HAROLDO VELOSO
23-02-2023,Zona Leste,Cidade Tiradentes,Inativo Intransitável,R INÁCIO MONTEIRO
23-02-2023,Zona Leste,Itaquera,Inativo Transitável,ES ITAQUERA GUAIANASES
23-02-2023,Zona Leste,Itaquera,Inativo Intransitável,R TAPURAÍBA
23-02-2023,Zona Leste,Itaim Paulista,Inativo Transitável,R ITAJUIBE
23-02-2023,Zona Leste,São Miguel Paulista,Inativo Intransitável,AV COROA DE FRADE
23-02-2023,Zona Leste,São Mateus,Inativo Intransitável,AV JACU PESSEGO N TRABALHADORES
23-02-2023,Zona Sul,Santo Amaro,Inativo Intransitável,AV INTERLAGOS
23-02-2023,Zona Sul,Santo Amaro,Inativo Intransitável,AV VITOR MANZINI
23-02-2023,Zona Sul,Santo Amaro,Inativo Transitável,R ANA MARGARIDA DAS DORES
23-02-2023,Zona Sul,Santo Amaro,Inativo Intransitável,AV ROQUE PETRONI JUNIOR
23-02-2023,Zona Sul,Santo Amaro,Inativo Intransitável,AV ROQUE PETRONI JUNIOR
23-02-2023,Zona Sul,Santo Amaro,Inativo Transitável,AV SARG LOURIVAL ALVES DE SOUZA
23-02-2023,Zona Sul,Santo Amaro,Inativo Intransitável,AV DAS NACOES UNIDAS
23-02-2023,Zona Sul,Santo Amaro,Inativo Intransitável,AV VER JOÃO DE LUCA
23-02-2023,Zona Sul,Santo Amaro,Inativo Intransitável,AV JORN ROBERTO MARINHO
23-02-2023,Zona Sul,Santo Amaro,Inativo Transitável,MARGINAL PINHEIROS INTCB
23-02-2023,Zona Sudeste,Vila Mariana,Inativo Intransitável,R DR HABERBECK BRANDAO
23-02-2023,Zona Sudeste,Vila Mariana,Inativo Transitável,AV IBIRAPUERA
23-02-2023,Zona Sudeste,Vila Mariana,Inativo Intransitável,AV STO AMARO
24-02-2023,Centro,Sé,Inativo Transitável,R HERCULES FLORENCE
24-02-2023,Zona Oeste,Pinheiros,Inativo Transitável,R ESTADOS UNIDOS
24-02-2023,Zona Leste,São Mateus,Inativo Intransitável,AV JACU PESSEGO N TRABALHADORES
25-02-2023,,,,
26-02-2023,,,,
27-02-2023,,,,
28-02-2023,Zona Oeste,Lapa,Inativo Intransitável,R VLADIMIR HERZOG
28-02-2023,Zona Leste,Ermelino Matarazzo,Inativo Intransitável,R ASDRUBAL
28-02-2023,Zona Leste,Itaquera,Inativo Intransitável,AV ITAQUERA
28-02-2023,Zona Leste,Itaquera,Inativo Intransitável,AV LIDER
28-02-2023,Zona Leste,São Miguel Paulista,Inativo Intransitável,R ENG JOSE CRUZ DE OLIVEIRA
01-03-2023,,,,
02-03-2023,,,,
03-03-2023,Centro,Sé,Inativo Intransitável,R PRES BATISTA PEREIRA
03-03-2023,Zona Sul,Cidade Ademar,Inativo Intransitável,AV SENADOR TEOTONIO VILELA
03-03-2023,Zona Sul,Campo Limpo,Inativo Intransitável,R MARIA BLANCHARD
04-03-2023,,,,
05-03-2023,,,,
06-03-2023,,,,
07-03-2023,,,,
08-03-2023,Centro,Sé,Inativo Intransitável,R MANOEL DUTRA
08-03-2023,Centro,Sé,Inativo Transitável,AV RANGEL PESTANA
08-03-2023,Zona Oeste,Butantã,Inativo Intransitável,MARGINAL PINHEIROS
08-03-2023,Zona Oeste,Pinheiros,Inativo Transitável,AV FARIA LIMA
08-03-2023,Zona Oeste,Pinheiros,Inativo Transitável,AV CIDADE JARDIM
08-03-2023,Zona Oeste,Pinheiros,Inativo Transitável,AV BRASIL
08-03-2023,Zona Oeste,Pinheiros,Inativo Intransitável,TN MAX FEFFER
08-03-2023,Zona Leste,Itaquera,Inativo Intransitável,AV JOSÉ PINHEIRO BORGES
08-03-2023,Zona Leste,Itaquera,Inativo Intransitável,R FLOR DA ESPERANÇA
08-03-2023,Zona Leste,Itaquera,Inativo Intransitável,R CAROLINA FONSECA
08-03-2023,Zona Leste,Itaquera,Inativo Intransitável,AV DR FRANCISCO MUNHOZ FILHO
08-03-2023,Zona Leste,Itaquera,Inativo Intransitável,AV PADRE VIEGAS DE MENEZES
08-03-2023,Zona Leste,Itaquera,Inativo Intransitável,R PDE VIEGAS DE MENEZES
08-03-2023,Zona Leste,Itaquera,Inativo Intransitável,AV ITAQUERA
08-03-2023,Zona Leste,Itaim Paulista,Inativo Transitável,AV MARECHAL TITO
08-03-2023,Zona Leste,Mooca,Inativo Transitável,R JOSE DE ALENCAR (BRAS)
08-03-2023,Zona Leste,São Miguel Paulista,Inativo Intransitável,R ASDRUBAL
08-03-2023,Zona Leste,São Miguel Paulista,Inativo Intransitável,R AMERICO SUGAI
08-03-2023,Zona Leste,São Miguel Paulista,Inativo Transitável,AV MAL TITO
08-03-2023,Zona Leste,Penha,Inativo Intransitável,AV S MIGUEL
08-03-2023,Zona Leste,Penha,Inativo Intransitável,AV CELSO GARCIA
08-03-2023,Zona Leste,São Mateus,Inativo Intransitável,AV ARICANDUVA
08-03-2023,Zona Leste,Vila Prudente,Inativo Intransitável,AV PROF LUIZ IGNACIO ANHAIA MELLO
08-03-2023,Zona Sul,Capela do Socorro,Inativo Intransitável,AV JOAO DE BARROS
08-03-2023,Zona Sul,M'Boi Mirim,Inativo Transitável,R AGAMENON PEREIRA DA SILVA
08-03-2023,Zona Sul,Santo Amaro,Inativo Transitável,MARGINAL PINHEIROS
08-03-2023,Zona Sul,Santo Amaro,Inativo Transitável,R CENTRO AFRICANA
08-03-2023,Zona Sul,Santo Amaro,Inativo Intransitável,AV DAS NACOES UNIDAS
08-03-2023,Zona Sul,Santo Amaro,Inativo Intransitável,AV INTERLAGOS
08-03-2023,Zona Sul,Santo Amaro,Inativo Transitável,AV JOAO DORIA
08-03-2023,Zona Sudeste,Vila Mariana,Inativo Transitável,AV DOS BANDEIRANTES
08-03-2023,Zona Sudeste,Vila Mariana,Inativo Transitável,AV DOS BANDEIRANTES
08-03-2023,Zona Sudeste,Vila Mariana,Inativo Transitável,R CLAES BERCHEM
08-03-2023,Zona Sudeste,Vila Mariana,Inativo Intransitável,AV VINTE E TRES DE MAIO
08-03-2023,Zona Sudeste,Vila Mariana,Inativo Transitável,AV DOS BANDEIRANTES
08-03-2023,Zona Sudeste,Vila Mariana,Inativo Intransitável,CV AYRTON SENNA
09-03-2023,Zona Norte,Vila Maria/ Vila Guilherme,Inativo Intransitável,AV GUILHERME
09-03-2023,Centro,Sé,Inativo Transitável,MARGINAL TIETE CBAS CENTRAL
09-03-2023,Centro,Sé,Inativo Intransitável,R PRES BATISTA PEREIRA
09-03-2023,Centro,Sé,Inativo Transitável,MARGINAL TIETE CBAS CENTRAL
09-03-2023,Centro,Sé,Inativo Transitável,R PEDRO VICENTE
09-03-2023,Zona Oeste,Butantã,Inativo Intransitável,AV MAGALHAES DE CASTRO
09-03-2023,Zona Oeste,Lapa,Inativo Intransitável,AV ORDEM E PROGRESSO
09-03-2023,Zona Oeste,Lapa,Inativo Transitável,PC PASCOAL MARTINS
09-03-2023,Zona Oeste,Pinheiros,Inativo Transitável,R HENRIQUE SCHAUMANN
09-03-2023,Zona Leste,Aricanduva/ Vila Formosa,Inativo Intransitável,R PEDRO MALAQUIAS
09-03-2023,Zona Leste,Mooca,Inativo Intransitável,AV ALCANTARA MACHADO
09-03-2023,Zona Leste,Mooca,Inativo Intransitável,AV ABEL FERREIRA
09-03-2023,Zona Leste,Sapopemba,Inativo Intransitável,TRAVESSA HILARION QUINTANA
09-03-2023,Zona Leste,Vila Prudente,Inativo Intransitável,AV PROF LUIZ IGNACIO DE ANHAIA MELLO
09-03-2023,Zona Leste,Vila Prudente,Inativo Intransitável,AV FRANCISCO FALCONI
09-03-2023,Zona Leste,Vila Prudente,Inativo Intransitável,AV JACINTO MENEZES PALHARES
10-03-2023,Zona Norte,Freguesia do Ó,Inativo Intransitável,R MATEUS MASCARENHAS
10-03-2023,Zona Norte,Vila Maria/ Vila Guilherme,Inativo Transitável,AV SANATORIO
10-03-2023,Zona Norte,Vila Maria/ Vila Guilherme,Inativo Intransitável,R CHICO PONTES
10-03-2023,Zona Norte,Vila Maria/ Vila Guilherme,Inativo Intransitável,AV SANATORIO
10-03-2023,Zona Norte,Santana,Inativo Intransitável,AV DO ESTADO
10-03-2023,Zona Norte,Santana,Inativo Transitável,MARGINAL TIETE EXPRESSA
10-03-2023,Centro,Sé,Inativo Intransitável,R MANOEL DUTRA
10-03-2023,Centro,Sé,Inativo Transitável,AV PRES CASTELO BRANCO
10-03-2023,Centro,Sé,Inativo Intransitável,AV RANGEL PESTANA
10-03-2023,Centro,Sé,Inativo Transitável,AV PRES CASTELO BRANCO
10-03-2023,Centro,Sé,Inativo Intransitável,MARGINAL TIETE CENTRAL
10-03-2023,Centro,Sé,Inativo Intransitável,AV PRES CASTELO BRANCO
10-03-2023,Centro,Sé,Inativo Transitável,PC PASCOAL MARTINS
10-03-2023,Centro,Sé,Inativo Intransitável,R S PAULO
10-03-2023,Centro,Sé,Inativo Transitável,R CARLOS GARCIA
10-03-2023,Centro,Sé,Inativo Transitável,R DA CANTAREIRA
10-03-2023,Centro,Sé,Inativo Transitável,VEL PRES JOAO GOULART
10-03-2023,Zona Oeste,Butantã,Inativo Intransitável,AV PROF FRANCISCO MORATO
10-03-2023,Zona Oeste,Butantã,Inativo Intransitável,AV PROF FRANCISCO MORATO
10-03-2023,Zona Oeste,Lapa,Inativo Intransitável,AV ORDEM E PROGRESSO
10-03-2023,Zona Oeste,Lapa,Inativo Transitável,PC PASCOAL MARTINS
10-03-2023,Zona Oeste,Lapa,Inativo Intransitável,AV ORDEM E PROGRESSO
10-03-2023,Zona Oeste,Pinheiros,Inativo Intransitável,R JOAO MOURA
10-03-2023,Zona Oeste,Pinheiros,Inativo Intransitável,R HENRIQUE SCHAUMANN
10-03-2023,Zona Oeste,Pinheiros,Inativo Intransitável,AV DRA RUTH CARDOSO
10-03-2023,Zona Leste,Aricanduva/ Vila Formosa,Inativo Transitável,R CARLOS SILVA
10-03-2023,Zona Leste,Itaquera,Inativo Intransitável,AV ITAQUERA
10-03-2023,Zona Leste,Itaquera,Inativo Intransitável,AV LIDER
10-03-2023,Zona Leste,Mooca,Inativo Intransitável,VD BRESSER
10-03-2023,Zona Leste,Mooca,Inativo Intransitável,R GUARAPUAVA
10-03-2023,Zona Leste,Mooca,Inativo Transitável,R DR JOAO ALVES DE LIMA
10-03-2023,Zona Leste,Penha,Inativo Intransitável,AV CELSO GARCIA
10-03-2023,Zona Leste,Vila Prudente,Inativo Transitável,AV PROF LUIZ IGNACIO ANHAIA MELLO
10-03-2023,Zona Leste,Vila Prudente,Inativo Intransitável,AV DO ESTADO
10-03-2023,Zona Sul,Parelheiros,Inativo Intransitável,ES ECOTURISTICA DE PARELHEIROS
10-03-2023,Zona Sul,Santo Amaro,Inativo Intransitável,AV DAS NACOES UNIDAS
10-03-2023,Zona Sul,Santo Amaro,Inativo Transitável,AV INTERLAGOS
10-03-2023,Zona Sul,Santo Amaro,Inativo Intransitável,R PROF ANISIO GONCALVES MARECO
10-03-2023,Zona Sul,Santo Amaro,Inativo Intransitável,AV DAS NACOES UNIDAS
10-03-2023,Zona Sul,Santo Amaro,Inativo Intransitável,AV ROQUE PETRONI JUNIOR
10-03-2023,Zona Sul,Santo Amaro,Inativo Intransitável,AV VITOR MANZINI
10-03-2023,Zona Sul,Santo Amaro,Inativo Intransitável,AV DAS NACOES UNIDAS
10-03-2023,Zona Sul,Santo Amaro,Inativo Intransitável,AV DAS NACOES UNIDAS
10-03-2023,Zona Sudeste,Vila Mariana,Inativo Transitável,AV VINTE E TRES DE MAIO
11-03-2023,Zona Oeste,Butantã,Inativo Intransitável,AV PROF FRANCISCO MORATO
11-03-2023,Zona Oeste,Butantã,Inativo Intransitável,AV PROF FRANCISCO MORATO
11-03-2023,Zona Oeste,Butantã,Inativo Intransitável,AV DEP JACOB SALVADOR ZVEIBIL
11-03-2023,Zona Oeste,Pinheiros,Inativo Intransitável,R BRIG HAROLDO VELOSO
11-03-2023,Zona Leste,Sapopemba,Inativo Intransitável,TRAVESSA HILARION QUINTANA
11-03-2023,Zona Leste,Vila Prudente,Inativo Intransitável,AV PROF LUIZ IGNACIO DE ANHAIA MELLO
11-03-2023,Zona Leste,Vila Prudente,Inativo Intransitável,CV SEN ANTONIO E. DE BARROS FILHO
11-03-2023,Zona Leste,Vila Prudente,Inativo Intransitável,AV PROF LUIZ IGNACIO ANHAIA MELLO
12-03-2023,Zona Norte,Vila Maria/ Vila Guilherme,Inativo Intransitável,AV BANDEIRANTES DO SUL
12-03-2023,Zona Oeste,Pinheiros,Inativo Transitável,AV BRIG FARIA LIMA
12-03-2023,Zona Leste,Itaquera,Inativo Intransitável,AV ITAQUERA
12-03-2023,Zona Leste,Penha,Inativo Intransitável,AV GOV CARVALHO PINTO
13-03-2023,Zona Norte,Vila Maria/ Vila Guilherme,Inativo Transitável,AV GUILHERME
13-03-2023,Zona Norte,Santana,Inativo Intransitável,R PROF MILTON RODRIGUES
13-03-2023,Zona Norte,Santana,Inativo Transitável,R CEL ANTONIO DE CARVALHO
13-03-2023,Zona Norte,Santana,Inativo Intransitável,AV CRUZEIRO DO SUL
13-03-2023,Zona Norte,Santana,Inativo Intransitável,AV DO ESTADO
13-03-2023,Zona Norte,Santana,Inativo Intransitável,AV SANTOS DUMONT
13-03-2023,Centro,Sé,Inativo Transitável,PC FERNANDO COSTA
13-03-2023,Centro,Sé,Inativo Transitável,AV PACAEMBU
13-03-2023,Centro,Sé,Inativo Intransitável,AV MERCURIO
13-03-2023,Centro,Sé,Inativo Intransitável,MARGINAL TIETE CBAS CENTRAL
13-03-2023,Centro,Sé,Inativo Transitável,R DJALMA DUTRA
13-03-2023,Centro,Sé,Inativo Intransitável,MARGINAL TIETE CBAS CENTRAL
13-03-2023,Centro,Sé,Inativo Transitável,R OSCAR HORTA
13-03-2023,Zona Oeste,Butantã,Inativo Intransitável,AV MAGALHAES DE CASTRO
13-03-2023,Zona Oeste,Butantã,Inativo Intransitável,PC ALFREDO GOMES
13-03-2023,Zona Oeste,Butantã,Inativo Intransitável,PC ALFREDO GOMES
13-03-2023,Zona Oeste,Lapa,Inativo Transitável,R FEDERACAO PAULISTA DE FUTEBOL
13-03-2023,Zona Oeste,Pinheiros,Inativo Transitável,R JAPIACOIA
13-03-2023,Zona Oeste,Pinheiros,Inativo Transitável,R HENRIQUE SCHAUMANN
13-03-2023,Zona Oeste,Pinheiros,Inativo Intransitável,R BRIG HAROLDO VELOSO
13-03-2023,Zona Leste,Aricanduva/ Vila Formosa,Inativo Intransitável,AV MONTEMAGNO
13-03-2023,Zona Leste,Aricanduva/ Vila Formosa,Inativo Intransitável,R COMEN GIL PINHEIRO
13-03-2023,Zona Leste,Aricanduva/ Vila Formosa,Inativo Transitável,AV DR EDUARDO COTCHING
13-03-2023,Zona Leste,Itaquera,Inativo Intransitável,AV ITAQUERA
13-03-2023,Zona Leste,Itaquera,Inativo Intransitável,R PADRE VIEGAS DE MENEZES
13-03-2023,Zona Leste,Mooca,Inativo Intransitável,R MELO FREIRE
13-03-2023,Zona Leste,Mooca,Inativo Intransitável,R ADELINO DE ALMEIDA CASTILHO
13-03-2023,Zona Leste,Mooca,Inativo Intransitável,R MARIA DOMITILA
13-03-2023,Zona Leste,Mooca,Inativo Intransitável,R MONTE SERRAT
13-03-2023,Zona Leste,Mooca,Inativo Intransitável,AV ALCANTARA MACHADO
13-03-2023,Zona Leste,Penha,Inativo Intransitável,AV CD.DE FRONTIN
13-03-2023,Zona Leste,Penha,Inativo Intransitável,AV CD.DE FRONTIN
13-03-2023,Zona Leste,São Mateus,Inativo Intransitável,AV ARICANDUVA
13-03-2023,Zona Leste,São Mateus,Inativo Intransitável,AV ARICANDUVA
13-03-2023,Zona Leste,São Mateus,Inativo Intransitável,AV ARICANDUVA
13-03-2023,Zona Leste,Vila Prudente,Inativo Intransitável,AV PROF LUIZ IGNACIO ANHAIA MELLO
13-03-2023,Zona Leste,Vila Prudente,Inativo Intransitável,AV VILA EMA
13-03-2023,Zona Leste,Vila Prudente,Inativo Intransitável,PTE DO RIO TAMANDUATEI
13-03-2023,Zona Leste,Vila Prudente,Inativo Intransitável,AV PROF LUIZ IGNACIO ANHAIA MELLO
13-03-2023,Zona Leste,Vila Prudente,Inativo Intransitável,AV FRANCISCO FALCONI
13-03-2023,Zona Leste,Vila Prudente,Inativo Intransitável,AV PROF LUIZ IGNACIO ANHAIA MELLO
13-03-2023,Zona Leste,Vila Prudente,Inativo Intransitável,AV PROF LUIZ IGNACIO ANHAIA MELLO
13-03-2023,Zona Sul,M'Boi Mirim,Inativo Transitável,R MARGINAL (JD MARIANI)
13-03-2023,Zona Sul,M'Boi Mirim,Inativo Transitável,R CARMEM ESCABIA MOTTA COELHO
13-03-2023,Zona Sul,M'Boi Mirim,Inativo Transitável,ES M'BOI MIRIM
13-03-2023,Zona Sul,M'Boi Mirim,Inativo Transitável,ES M'BOI MIRIM
13-03-2023,Zona Sul,M'Boi Mirim,Inativo Intransitável,AV ELLIS MASS
13-03-2023,Zona Sul,Santo Amaro,Inativo Transitável,AV JORN ROBERTO MARINHO
13-03-2023,Zona Sul,Santo Amaro,Inativo Transitável,AV INTERLAGOS
13-03-2023,Zona Sul,Santo Amaro,Inativo Intransitável,AV INTERLAGOS
13-03-2023,Zona Sul,Santo Amaro,Inativo Transitável,MARGINAL PINHEIROS INTCB
13-03-2023,Zona Sul,Santo Amaro,Inativo Transitável,AV DAS NACOES UNIDAS
13-03-2023,Zona Sul,Santo Amaro,Inativo Transitável,AV DAS NACOES UNIDAS
13-03-2023,Zona Sul,Santo Amaro,Inativo Transitável,AV JORN ROBERTO MARINHO
13-03-2023,Zona Sul,Santo Amaro,Inativo Transitável,AV DAS NACOES UNIDAS
13-03-2023,Zona Sul,Santo Amaro,Inativo Intransitável,AV DAS NACOES UNIDAS
13-03-2023,Zona Sul,Santo Amaro,Inativo Intransitável,AV DAS NACOES UNIDAS
13-03-2023,Zona Sudeste,Ipiranga,Inativo Transitável,R PEDROSO LOUSANO
13-03-2023,Zona Sudeste,Jabaquara,Inativo Intransitável,R JORGE DUPRAT FIGUEIREDO
13-03-2023,Zona Sudeste,Vila Mariana,Inativo Transitável,AV PROF ABRAAO DE MORAIS
13-03-2023,Zona Sudeste,Vila Mariana,Inativo Transitável,AV DOS BANDEIRANTES
13-03-2023,Zona Sudeste,Vila Mariana,Inativo Transitável,AV VINTE E TRES DE MAIO
13-03-2023,Zona Sudeste,Vila Mariana,Inativo Transitável,AV IBIJAU
14-03-2023,Zona Norte,Pirituba/Jaraguá,Inativo Intransitável,ES TURISTICA DO JARAGUA
14-03-2023,Zona Norte,Santana,Inativo Intransitável,AV CRUZEIRO DO SUL
14-03-2023,Zona Norte,Santana,Inativo Transitável,AV CRUZEIRO DO SUL
14-03-2023,Zona Norte,Santana,Inativo Transitável,AV CRUZEIRO DO SUL
14-03-2023,Zona Oeste,Lapa,Inativo Intransitável,R VLADIMIR HERZOG
14-03-2023,Zona Oeste,Lapa,Inativo Intransitável,AV POMPEIA
14-03-2023,Zona Oeste,Lapa,Inativo Intransitável,R VENANCIO AIRES
14-03-2023,Zona Oeste,Lapa,Inativo Intransitável,PC PASCOAL MARTINS
14-03-2023,Zona Leste,Itaquera,Inativo Intransitável,AV ITAQUERA
14-03-2023,Zona Leste,Itaquera,Inativo Intransitável,R PDE VIEGAS DE MENEZES
14-03-2023,Zona Leste,Penha,Inativo Intransitável,R DR LUIZ AYRES
14-03-2023,Zona Sul,Capela do Socorro,Inativo Transitável,AV ATLANTICA
15-03-2023,,,,
16-03-2023,,,,
17-03-2023,,,,
18-03-2023,,,,
19-03-2023,,,,
20-03-2023,Zona Oeste,Lapa,Inativo Intransitável,AV MOFARREJ
21-03-2023,,,,
22-03-2023,,,,
23-03-2023,,,,
24-03-2023,,,,
25-03-2023,,,,
26-03-2023,,,,
27-03-2023,Zona Sul,Santo Amaro,Inativo Intransitável,AV DAS NACOES UNIDAS
28-03-2023,,,,
29-03-2023,Zona Leste,Itaquera,Inativo Intransitável,AV ITAQUERA
29-03-2023,Zona Sudeste,Vila Mariana,Inativo Intransitável,AV ITACIRA
30-03-2023,,,,
31-03-2023,Zona Leste,Itaquera,Inativo Transitável,AV ITAQUERA
31-03-2023,Zona Leste,Itaquera,Inativo Transitável,AV ARICANDUVA
31-03-2023,Zona Leste,Mooca,Inativo Transitável,R ENG CESTARI
31-03-2023,Zona Sul,M'Boi Mirim,Inativo Transitável,AV GUARAPIRANGA
31-03-2023,Zona Sul,Santo Amaro,Inativo Transitável,AV DAS NACOES UNIDAS
01-04-2023,,,,
02-04-2023,,,,
03-04-2023,,,,
04-04-2023,,,,
05-04-2023,,,,
06-04-2023,,,,
07-04-2023,,,,
08-04-2023,,,,
09-04-2023,,,,
10-04-2023,,,,
11-04-2023,,,,
12-04-2023,,,,
13-04-2023,,,,
14-04-2023,Zona Norte,Pirituba/Jaraguá,Inativo Intransitável,AV RAIMUNDO PEREIRA DE MAGALHAES
14-04-2023,Zona Norte,Pirituba/Jaraguá,Inativo Transitável,AV RAIMUNDO PEREIRA DE MAGALHAES
14-04-2023,Centro,Sé,Inativo Transitável,VEL PRES JOAO GOULART
14-04-2023,Zona Oeste,Lapa,Inativo Intransitável,R VLADIMIR HERZOG
14-04-2023,Zona Oeste,Pinheiros,Inativo Transitável,R ESTADOS UNIDOS
14-04-2023,Zona Leste,Itaquera,Inativo Intransitável,AV ITAQUERA
14-04-2023,Zona Leste,Mooca,Inativo Transitável,AV CELSO GARCIA
14-04-2023,Zona Leste,Mooca,Inativo Transitável,MARGINAL TIETE
14-04-2023,Zona Leste,Mooca,Inativo Intransitável,AV CELSO GARCIA
15-04-2023,,,,
16-04-2023,,,,
17-04-2023,,,,
18-04-2023,Zona Norte,Casa Verde,Inativo Intransitável,R BARTHOLOMEU DO CANTO
18-04-2023,Zona Norte,Casa Verde,Inativo Intransitável,AV ORDEM E PROGRESSO
18-04-2023,Zona Norte,Freguesia do Ó,Inativo Intransitável,AV GAL EDGAR FACO
18-04-2023,Zona Norte,Vila Maria/ Vila Guilherme,Inativo Intransitável,R CEL MARQUES RIBEIRO
18-04-2023,Zona Norte,Vila Maria/ Vila Guilherme,Inativo Intransitável,AV GUILHERME
18-04-2023,Zona Norte,Vila Maria/ Vila Guilherme,Inativo Intransitável,AV EDU CHAVES
18-04-2023,Zona Norte,Vila Maria/ Vila Guilherme,Inativo Intransitável,MARGINAL TIETE
18-04-2023,Zona Norte,Pirituba/Jaraguá,Inativo Intransitável,PSS FANDI CHAQUIB KALIL
18-04-2023,Zona Norte,Pirituba/Jaraguá,Inativo Transitável,ES DE LIGAÇÃO
18-04-2023,Zona Norte,Pirituba/Jaraguá,Inativo Transitável,AV RAIMUNDO PEREIRA DE MAGALHAES
18-04-2023,Zona Norte,Santana,Inativo Intransitável,AV GAL ATALIBA LEONEL
18-04-2023,Centro,Sé,Inativo Intransitável,R MANOEL DUTRA
18-04-2023,Centro,Sé,Inativo Transitável,R BRIG TOBIAS
18-04-2023,Centro,Sé,Inativo Intransitável,PQ ANHANGABAU
18-04-2023,Centro,Sé,Inativo Intransitável,AV MERCURIO
18-04-2023,Centro,Sé,Inativo Intransitável,CV EVARISTO COMOLATTI
18-04-2023,Centro,Sé,Inativo Transitável,AV MERCURIO
18-04-2023,Zona Oeste,Butantã,Inativo Intransitável,TV IRMA DOLORES BALDI
18-04-2023,Zona Oeste,Butantã,Inativo Transitável,AV VITAL BRASIL
18-04-2023,Zona Oeste,Butantã,Inativo Intransitável,AV PROF FRANCISCO MORATO
18-04-2023,Zona Oeste,Butantã,Inativo Intransitável,AV PROF FRANCISCO MORATO
18-04-2023,Zona Oeste,Butantã,Inativo Intransitável,AV JULES RIMET
18-04-2023,Zona Oeste,Lapa,Inativo Intransitável,R ADALBERTO KEMENY
18-04-2023,Zona Oeste,Lapa,Inativo Intransitável,R FRANCISCO LUIZ DE SOUZA JUNIOR
18-04-2023,Zona Oeste,Lapa,Inativo Intransitável,R VLADIMIR HERZOG
18-04-2023,Zona Oeste,Lapa,Inativo Intransitável,PC PASCOAL MARTINS
18-04-2023,Zona Oeste,Pinheiros,Inativo Transitável,PC APECATU
18-04-2023,Zona Leste,Itaquera,Inativo Intransitável,AV ITAQUERA
18-04-2023,Zona Leste,Mooca,Inativo Intransitável,R RUBINO DE OLIVEIRA
18-04-2023,Zona Sul,Capela do Socorro,Inativo Transitável,AV PRES JOAO GOULART
18-04-2023,Zona Sul,Santo Amaro,Inativo Transitável,AV SANTO AMARO
18-04-2023,Zona Sul,Santo Amaro,Inativo Transitável,AV DAS NACOES UNIDAS
18-04-2023,Zona Sul,Santo Amaro,Inativo Intransitável,AV IBIRAPUERA
18-04-2023,Zona Sul,Santo Amaro,Inativo Intransitável,AV IBIRAPUERA
18-04-2023,Zona Sudeste,Vila Mariana,Inativo Intransitável,AV JOSE MARIA WHITAKER
18-04-2023,Zona Sudeste,Vila Mariana,Inativo Intransitável,AV RUBEM BERTA
19-04-2023,,,,
20-04-2023,,,,
21-04-2023,,,,
22-04-2023,,,,
23-04-2023,,,,
24-04-2023,,,,
25-04-2023,,,,
26-04-2023,,,,
27-04-2023,,,,
28-04-2023,,,,
29-04-2023,,,,
30-04-2023,,,,
01-05-2023,,,,
02-05-2023,,,,
03-05-2023,,,,
04-05-2023,,,,
05-05-2023,,,,
06-05-2023,,,,
07-05-2023,,,,
08-05-2023,,,,
09-05-2023,,,,
10-05-2023,,,,
11-05-2023,,,,
12-05-2023,,,,
13-05-2023,,,,
14-05-2023,,,,
15-05-2023,,,,
16-05-2023,,,,
17-05-2023,,,,
18-05-2023,,,,
19-05-2023,,,,
20-05-2023,,,,
21-05-2023,,,,
22-05-2023,,,,
23-05-2023,,,,
24-05-2023,,,,
25-05-2023,,,,
26-05-2023,,,,
27-05-2023,,,,
28-05-2023,,,,
29-05-2023,,,,
30-05-2023,,,,
31-05-2023,Zona Norte,Santana,Inativo Transitável,CV EVARISTO COMOLATTI
31-05-2023,Centro,Sé,Inativo Transitável,R ROBERTO SIMONSEN
31-05-2023,Zona Oeste,Lapa,Inativo Transitável,AV ENG BILLINGS
31-05-2023,Zona Oeste,Pinheiros,Inativo Transitável,R ANTILHAS
31-05-2023,Zona Leste,Itaquera,Inativo Transitável,AV JACU PESSEGO N TRABALHADORES
01-06-2023,,,,
02-06-2023,,,,
03-06-2023,,,,
04-06-2023,,,,
05-06-2023,,,,
06-06-2023,,,,
07-06-2023,,,,
08-06-2023,,,,
09-06-2023,,,,
10-06-2023,,,,
11-06-2023,,,,
12-06-2023,,,,
13-06-2023,,,,
14-06-2023,Zona Oeste,Pinheiros,Inativo Transitável,PC ARCIP ANSELMO DE OLIVEIRA
14-06-2023,Zona Oeste,Pinheiros,Inativo Intransitável,AV PEDROSO DE MORAIS
15-06-2023,Zona Norte,Pirituba/Jaraguá,Inativo Transitável,R MONTE PASCAL
15-06-2023,Centro,Sé,Inativo Transitável,R CARLOS DE SOUSA NAZARE
16-06-2023,,,,
17-06-2023,,,,
18-06-2023,,,,
19-06-2023,,,,
20-06-2023,,,,
21-06-2023,,,,
22-06-2023,,,,
23-06-2023,,,,
24-06-2023,,,,
25-06-2023,,,,
26-06-2023,,,,
27-06-2023,,,,
28-06-2023,,,,
29-06-2023,,,,
30-06-2023,,,,
01-07-2023,,,,
02-07-2023,,,,
03-07-2023,,,,
04-07-2023,,,,
05-07-2023,,,,
06-07-2023,,,,
07-07-2023,,,,
08-07-2023,,,,
09-07-2023,,,,
10-07-2023,,,,
11-07-2023,,,,
12-07-2023,,,,
13-07-2023,,,,
14-07-2023,,,,
15-07-2023,,,,
16-07-2023,,,,
17-07-2023,,,,
18-07-2023,,,,
19-07-2023,,,,
20-07-2023,,,,
21-07-2023,,,,
22-07-2023,,,,
23-07-2023,,,,
24-07-2023,,,,
25-07-2023,,,,
26-07-2023,,,,
27-07-2023,,,,
28-07-2023,,,,
29-07-2023,,,,
30-07-2023,,,,
31-07-2023,,,,
01-08-2023,,,,
02-08-2023,,,,
03-08-2023,,,,
04-08-2023,,,,
05-08-2023,,,,
06-08-2023,,,,
07-08-2023,,,,
08-08-2023,,,,
09-08-2023,Centro,Sé,Inativo Intransitável,R JOAO TEODORO
09-08-2023,Centro,Sé,Inativo Transitável,AV DO ESTADO
09-08-2023,Zona Leste,Mooca,Inativo Intransitável,AV ALCANTARA MACHADO
10-08-2023,Centro,Sé,Inativo Transitável,R DA CONSOLACAO
11-08-2023,,,,
12-08-2023,,,,
13-08-2023,,,,
14-08-2023,,,,
15-08-2023,,,,
16-08-2023,,,,
17-08-2023,,,,
18-08-2023,,,,
19-08-2023,,,,
20-08-2023,,,,
21-08-2023,,,,
22-08-2023,,,,
23-08-2023,,,,
24-08-2023,,,,
25-08-2023,,,,
26-08-2023,,,,
27-08-2023,,,,
28-08-2023,Centro,Sé,Inativo Transitável,R DA CONSOLACAO
29-08-2023,,,,
30-08-2023,,,,
31-08-2023,,,,
01-09-2023,,,,
02-09-2023,Centro,Sé,Inativo Intransitável,R MANOEL DUTRA
02-09-2023,Zona Oeste,Lapa,Inativo Transitável,AV POMPEIA
02-09-2023,Zona Oeste,Lapa,Inativo Intransitável,MARGINAL TIETE
02-09-2023,Zona Sul,Santo Amaro,Inativo Intransitável,AV SANTO AMARO
03-09-2023,Zona Leste,Itaquera,Inativo Intransitável,CV ARIETA CALFAT KHOURY FARAH
03-09-2023,Zona Leste,Penha,Inativo Transitável,AV CD.DE FRONTIN
04-09-2023,,,,
05-09-2023,,,,
06-09-2023,,,,
07-09-2023,,,,
08-09-2023,,,,
09-09-2023,,,,
10-09-2023,,,,
11-09-2023,,,,
12-09-2023,,,,
13-09-2023,,,,
14-09-2023,,,,
15-09-2023,,,,
16-09-2023,,,,
17-09-2023,,,,
18-09-2023,,,,
19-09-2023,,,,
20-09-2023,,,,
21-09-2023,,,,
22-09-2023,,,,
23-09-2023,,,,
24-09-2023,,,,
25-09-2023,,,,
26-09-2023,,,,
27-09-2023,Zona Norte,Vila Maria/ Vila Guilherme,Inativo Transitável,MARGINAL TIETE
27-09-2023,Centro,Sé,Inativo Transitável,VEL PRES JOAO GOULART
27-09-2023,Centro,Sé,Inativo Transitável,VEL PRES JOAO GOULART
27-09-2023,Zona Leste,Itaquera,Inativo Transitável,AV ITAQUERA
28-09-2023,,,,
29-09-2023,,,,
30-09-2023,Zona Sul,Santo Amaro,Inativo Transitável,AV STO AMARO
01-10-2023,Zona Norte,Perus,Inativo Intransitável,Rua Francis de Castelnau
01-10-2023,Centro,Sé,Inativo Transitável,R ROBERTO SIMONSEN
01-10-2023,Centro,Sé,Inativo Intransitável,PA DO PIQUES
01-10-2023,Zona Oeste,Butantã,Inativo Transitável,AV MORVAN DIAS DE FIGUEIREDO
01-10-2023,Zona Oeste,Pinheiros,Inativo Intransitável,AV REBOUCAS
01-10-2023,Zona Oeste,Pinheiros,Inativo Intransitável,AV DAS NACOES UNIDAS
01-10-2023,Zona Leste,Ermelino Matarazzo,Inativo Intransitável,R DR LUIZ AYRES
01-10-2023,Zona Leste,Itaquera,Inativo Intransitável,R ITAGIMIRIM
01-10-2023,Zona Leste,Mooca,Inativo Intransitável,AV ALCANTARA MACHADO
01-10-2023,Zona Leste,Mooca,Inativo Intransitável,AV ALCANTARA MACHADO
01-10-2023,Zona Leste,Penha,Inativo Intransitável,R PDE BENEDITO DE CAMARGO
01-10-2023,Zona Leste,Penha,Inativo Intransitável,CV ARIETA CALFAT KHOURY FARAH
01-10-2023,Zona Leste,Penha,Inativo Intransitável,R UMBO
01-10-2023,Zona Leste,Penha,Inativo Transitável,R BAIXO GUANDU
01-10-2023,Zona Leste,Penha,Inativo Transitável,AV GOV CARVALHO PINTO
01-10-2023,Zona Leste,Penha,Inativo Intransitável,AV GOV CARVALHO PINTO
01-10-2023,Zona Leste,Penha,Inativo Transitável,AV GIOVANNI GIUSTI
01-10-2023,Zona Sul,Santo Amaro,Inativo Transitável,AV STO AMARO
01-10-2023,Zona Sul,Santo Amaro,Inativo Transitável,R PDE JOSE DE ANCHIETA
01-10-2023,Zona Sudeste,Ipiranga,Inativo Transitável,R PRES BATISTA PEREIRA
02-10-2023,Zona Sudeste,Ipiranga,Inativo Transitável,R PRES BATISTA PEREIRA
03-10-2023,,,,
04-10-2023,Zona Leste,Itaquera,Inativo Transitável,AV S.C. CORINTHIANS PAULISTA
04-10-2023,Zona Leste,Mooca,Inativo Transitável,AV ALCANTARA MACHADO
05-10-2023,Zona Norte,Casa Verde,Inativo Intransitável,AV ANTONIO MUNHOZ BONILHA
05-10-2023,Centro,Sé,Inativo Transitável,AV MERCURIO
05-10-2023,Centro,Sé,Inativo Transitável,AV CRUZEIRO DO SUL
05-10-2023,Centro,Sé,Inativo Transitável,VEL PRES JOAO GOULART
05-10-2023,Centro,Sé,Inativo Transitável,AV FRANCISCO MATARAZZO
05-10-2023,Centro,Sé,Inativo Transitável,AV DO ESTADO
05-10-2023,Zona Oeste,Lapa,Inativo Transitável,PTE FREGUESIA DO O P N RODRIGUES
05-10-2023,Zona Oeste,Lapa,Inativo Transitável,R CARDOSO DE ALMEIDA
05-10-2023,Zona Oeste,Pinheiros,Inativo Transitável,R JACURICI
05-10-2023,Zona Leste,Itaquera,Inativo Transitável,AV ITAQUERA
05-10-2023,Zona Leste,Itaquera,Inativo Transitável,AV S.C. CORINTHIANS PAULISTA
05-10-2023,Zona Leste,Itaquera,Inativo Transitável,R SALIM JORGE ID
05-10-2023,Zona Leste,Mooca,Inativo Transitável,AV SALIM FARAH MALUF
05-10-2023,Zona Leste,Mooca,Inativo Transitável,R FREI BERTOLDO
05-10-2023,Zona Leste,Penha,Inativo Transitável,R DR LUIZ AYRES
05-10-2023,Zona Leste,Penha,Inativo Transitável,R BUARQUE DE MACEDO
05-10-2023,Zona Sul,Capela do Socorro,Inativo Transitável,AV SEN TEOTONIO VILELA
05-10-2023,Zona Sul,Santo Amaro,Inativo Transitável,AV STO AMARO
05-10-2023,Zona Sul,Santo Amaro,Inativo Transitável,AV STO AMARO
05-10-2023,Zona Sudeste,Ipiranga,Inativo Transitável,AV PRES JOAO GOULART
06-10-2023,,,,
07-10-2023,Zona Oeste,Butantã,Inativo Transitável,AV DR EZEQUIEL CAMPOS DIAS
07-10-2023,Zona Sul,Santo Amaro,Inativo Transitável,AV STO AMARO
07-10-2023,Zona Sudeste,Jabaquara,Inativo Transitável,AV TULIO TEODORO DE CAMPOS
08-10-2023,Zona Norte,Casa Verde,Inativo Transitável,AV ORDEM E PROGRESSO
08-10-2023,Zona Norte,Casa Verde,Inativo Intransitável,R SAMARITA
08-10-2023,Zona Norte,Jaçanã/ Tremembé,Inativo Intransitável,AV JOSINO VIEIRA DE GOES
08-10-2023,Zona Norte,Vila Maria/ Vila Guilherme,Inativo Transitável,TV ANTONIO BALZANO
08-10-2023,Zona Norte,Santana,Inativo Transitável,AV VINTE E TRES DE MAIO
08-10-2023,Zona Norte,Santana,Inativo Transitável,PQ ANHANGABAU
08-10-2023,Zona Norte,Santana,Inativo Intransitável,R IBIMIRIM
08-10-2023,Centro,Sé,Inativo Intransitável,R MANOEL DUTRA
08-10-2023,Centro,Sé,Inativo Intransitável,AV PRESTES MAIA
08-10-2023,Zona Leste,Itaquera,Inativo Transitável,RUA PADRE VIEGAS DE MENEZES
08-10-2023,Zona Leste,Itaquera,Inativo Transitável,R VIRGINIA FERNI
08-10-2023,Zona Leste,Itaquera,Inativo Transitável,R SÃO TEODORO
08-10-2023,Zona Leste,Itaquera,Inativo Intransitável,AV ITAQUERA
08-10-2023,Zona Leste,Mooca,Inativo Transitável,AV ALCANTARA MACHADO
08-10-2023,Zona Leste,Mooca,Inativo Transitável,R ELEONORA CINTRA
08-10-2023,Zona Leste,Penha,Inativo Transitável,R EVANS
08-10-2023,Zona Leste,Vila Prudente,Inativo Intransitável,AV PROF LUIZ IGNACIO ANHAIA MELLO
08-10-2023,Zona Sudeste,Ipiranga,Inativo Intransitável,R PRES BATISTA PEREIRA
09-10-2023,Zona Norte,Santana,Inativo Intransitável,MARGINAL TIETE
09-10-2023,Zona Norte,Santana,Inativo Transitável,R ALFREDO PUJOL
09-10-2023,Centro,Sé,Inativo Transitável,AV PROJETADA (CANINDE-PARI)
09-10-2023,Centro,Sé,Inativo Transitável,PC PRSA ISABEL
09-10-2023,Centro,Sé,Inativo Transitável,R IGUACU (BOM RETIRO)
09-10-2023,Centro,Sé,Inativo Intransitável,AV CRUZEIRO DO SUL
09-10-2023,Centro,Sé,Inativo Intransitável,AV CRUZEIRO DO SUL
09-10-2023,Centro,Sé,Inativo Intransitável,R TAPAJOS
09-10-2023,Centro,Sé,Inativo Transitável,VEL PRES JOAO GOULART
09-10-2023,Zona Leste,Penha,Inativo Intransitável,R ATALEIA
09-10-2023,Zona Sul,Santo Amaro,Inativo Transitável,AV DAS NACOES UNIDAS
10-10-2023,,,,
11-10-2023,,,,
12-10-2023,Centro,Sé,Inativo Transitável,AV S LUIS
12-10-2023,Centro,Sé,Inativo Transitável,AV DO ESTADO
12-10-2023,Centro,Sé,Inativo Transitável,PTE DO RIO TAMANDUATEI
12-10-2023,Centro,Sé,Inativo Transitável,AV DO ESTADO
12-10-2023,Centro,Sé,Inativo Transitável,R BR.DE CAMPINAS
12-10-2023,Centro,Sé,Inativo Transitável,R FLORIANO PEIXOTO
12-10-2023,Centro,Sé,Inativo Transitável,AV MERCURIO
12-10-2023,Centro,Sé,Inativo Transitável,MARGINAL TIETE CBAS CENTRAL
12-10-2023,Zona Oeste,Pinheiros,Inativo Transitável,R PEIXOTO GOMIDE
12-10-2023,Zona Sul,Santo Amaro,Inativo Transitável,AV STO AMARO
13-10-2023,,,,
14-10-2023,,,,
15-10-2023,,,,
16-10-2023,Zona Norte,Santana,Inativo Transitável,AV VINTE E TRES DE MAIO
16-10-2023,Zona Leste,Itaquera,Inativo Transitável,R VICTORIO SANTIM
17-10-2023,Centro,Sé,Inativo Transitável,AV SANTOS DUMONT
17-10-2023,Centro,Sé,Inativo Intransitável,AV DO ESTADO
17-10-2023,Centro,Sé,Inativo Transitável,CV EVARISTO COMOLATTI
17-10-2023,Centro,Sé,Inativo Transitável,VEL PRES JOAO GOULART
17-10-2023,Centro,Sé,Inativo Transitável,AV SEN QUEIROS
17-10-2023,Zona Oeste,Lapa,Inativo Transitável,R CAP FRANCISCO TEIXEIRA NOGUEIRA
18-10-2023,,,,
19-10-2023,,,,
20-10-2023,,,,
21-10-2023,,,,
22-10-2023,,,,
23-10-2023,,,,
24-10-2023,,,,
25-10-2023,,,,
26-10-2023,,,,
27-10-2023,Centro,Sé,Inativo Intransitável,R GLICERIO
27-10-2023,Zona Oeste,Pinheiros,Inativo Intransitável,AV DAS NACOES UNIDAS
27-10-2023,Zona Sudeste,Vila Mariana,Inativo Intransitável,AV IBIRAPUERA
28-10-2023,,,,
29-10-2023,Zona Norte,Santana,Inativo Transitável,MARGINAL TIETE
29-10-2023,Centro,Sé,Inativo Transitável,PTE DO RIO TAMANDUATEI
29-10-2023,Centro,Sé,Inativo Transitável,AV CRUZEIRO DO SUL
29-10-2023,Zona Oeste,Pinheiros,Inativo Intransitável,R ESTADOS UNIDOS
30-10-2023,,,,
31-10-2023,Centro,Sé,Inativo Transitável,AV. CRUZEIRO DO SUL
31-10-2023,Centro,Sé,Inativo Transitável,R SALESOPOLIS
31-10-2023,Zona Oeste,Butantã,Inativo Transitável,AV MAGALHAES DE CASTRO
31-10-2023,Zona Oeste,Pinheiros,Inativo Transitável,R CANADA
31-10-2023,Zona Oeste,Pinheiros,Inativo Transitável,R BASTOS PEREIRA
31-10-2023,Zona Oeste,Pinheiros,Inativo Transitável,R ROUXINOL
31-10-2023,Zona Leste,Itaquera,Inativo Transitável,AV DAVID DOMINGUES FERREIRA
31-10-2023,Zona Leste,Itaquera,Inativo Transitável,CV ARIETA CALFAT KHOURY FARAH
31-10-2023,Zona Leste,Mooca,Inativo Transitável,PTE DO TATUAPE
31-10-2023,Zona Sul,Santo Amaro,Inativo Transitável,R VISCONDE DE CASTRO
31-10-2023,Zona Sudeste,Vila Mariana,Inativo Intransitável,AV VINTE E TRES DE MAIO
31-10-2023,Zona Sudeste,Vila Mariana,Inativo Intransitável,AV IBIRAPUERA
01-11-2023,,,,
02-11-2023,,,,
03-11-2023,Zona Oeste,Butantã,Inativo Intransitável,TV IRMA DOLORES BALDI
03-11-2023,Zona Oeste,Pinheiros,Inativo Transitável,AV DAS NACOES UNIDAS
03-11-2023,Zona Leste,Aricanduva/ Vila Formosa,Inativo Intransitável,AV REG FEIJO
03-11-2023,Zona Leste,Mooca,Inativo Transitável,R BRESSER
03-11-2023,Zona Sul,Santo Amaro,Inativo Intransitável,AV STO AMARO
04-11-2023,,,,
05-11-2023,,,,
06-11-2023,,,,
07-11-2023,,,,
08-11-2023,,,,
09-11-2023,,,,
10-11-2023,,,,
11-11-2023,,,,
12-11-2023,,,,
13-11-2023,,,,
14-11-2023,,,,
15-11-2023,Zona Norte,Vila Maria/ Vila Guilherme,Inativo Intransitável,AV LUIZ DUMONT VILLARES
15-11-2023,Zona Norte,Vila Maria/ Vila Guilherme,Inativo Intransitável,R CHICO PONTES
15-11-2023,Zona Norte,Vila Maria/ Vila Guilherme,Inativo Intransitável,AV EDU CHAVES
15-11-2023,Zona Norte,Santana,Inativo Transitável,AV DO ESTADO
15-11-2023,Centro,Sé,Inativo Transitável,MARGINAL TIETE CBAS CENTRAL
15-11-2023,Centro,Sé,Inativo Transitável,AV DO ESTADO
15-11-2023,Zona Oeste,Butantã,Inativo Intransitável,R NSRA.DO MONTE SERRAT
15-11-2023,Zona Oeste,Butantã,Inativo Intransitável,AVENIDA PROFESSOR FRANCISCO MORATO
15-11-2023,Zona Oeste,Lapa,Inativo Intransitável,AV POMPEIA
15-11-2023,Zona Leste,Itaim Paulista,Inativo Transitável,AV MARECHAL TITO
15-11-2023,Zona Leste,Itaim Paulista,Inativo Transitável,RUA MANUEL BARBALHO DE LIMA
15-11-2023,Zona Leste,Mooca,Inativo Intransitável,AV ALCANTARA MACHADO
15-11-2023,Zona Leste,Penha,Inativo Intransitável,R ATALEIA
15-11-2023,Zona Leste,Penha,Inativo Intransitável,R PDE BENEDITO DE CAMARGO
15-11-2023,Zona Sul,Campo Limpo,Inativo Intransitável,AV ELLIS MAAS
15-11-2023,Zona Sul,M'Boi Mirim,Inativo Transitável,ES M'BOI MIRIM
16-11-2023,,,,
17-11-2023,,,,
18-11-2023,,,,
19-11-2023,Zona Norte,Santana,Inativo Transitável,MARGINAL TIETE
19-11-2023,Zona Oeste,Butantã,Inativo Transitável,AV ALCIDES SANGIRARDI
19-11-2023,Zona Oeste,Pinheiros,Inativo Transitável,AV CIDADE JARDIM
19-11-2023,Zona Oeste,Pinheiros,Inativo Intransitável,R JACURICI
19-11-2023,Zona Oeste,Pinheiros,Inativo Intransitável,R BRIG HAROLDO VELOSO
19-11-2023,Zona Sul,M'Boi Mirim,Inativo Transitável,ES M'BOI MIRIM
19-11-2023,Zona Sul,Santo Amaro,Inativo Intransitável,AV DAS NACOES UNIDAS
20-11-2023,,,,
21-11-2023,,,,
22-11-2023,,,,
23-11-2023,Zona Norte,Freguesia do Ó,Inativo Transitável,AV OTAVIANO ALVES DE LIMA
23-11-2023,Zona Sul,Capela do Socorro,Inativo Transitável,AV DONA BELMIRA MARIN
23-11-2023,Zona Sul,M'Boi Mirim,Inativo Transitável,AV JOAO DIAS
23-11-2023,Zona Sul,M'Boi Mirim,Inativo Transitável,ES M'BOI MIRIM
23-11-2023,Zona Sul,M'Boi Mirim,Inativo Transitável,ES M'BOI MIRIM
23-11-2023,Zona Sul,Santo Amaro,Inativo Transitável,AV STO AMARO
23-11-2023,Zona Sul,Santo Amaro,Inativo Transitável,R JOAO ALFREDO
23-11-2023,Zona Sul,Santo Amaro,Inativo Transitável,AV DAS NACOES UNIDAS
23-11-2023,Zona Sudeste,Vila Mariana,Inativo Transitável,AV IBIRAPUERA
23-11-2023,Zona Sudeste,Vila Mariana,Inativo Transitável,AV IBIRAPUERA
24-11-2023,,,,
25-11-2023,,,,
26-11-2023,,,,
27-11-2023,Zona Norte,Pirituba/Jaraguá,Inativo Transitável,AV RAIMUNDO PEREIRADE MAGALHAES
27-11-2023,Zona Oeste,Butantã,Inativo Transitável,AV VITAL BRASIL
27-11-2023,Zona Oeste,Lapa,Inativo Transitável,AV MARQ. DE SAO VICENTE
27-11-2023,Zona Leste,Itaquera,Inativo Transitável,AV JOSE PINHEIRO BORGES
27-11-2023,Zona Leste,Itaim Paulista,Inativo Transitável,AV MARECHAL TITO
27-11-2023,Zona Sudeste,Vila Mariana,Inativo Intransitável,AV VINTE E TRES DE MAIO
28-11-2023,Zona Norte,Vila Maria/ Vila Guilherme,Inativo Intransitável,RCELMARQUES RIBEIRO
28-11-2023,Zona Norte,Santana,Inativo Transitável,AV GAL ATALIBA LEONEL
28-11-2023,Zona Norte,Santana,Inativo Intransitável,MARGINAL TIETE
28-11-2023,Zona Leste,Aricanduva/ Vila Formosa,Inativo Intransitável,AV DR EDUARDO COTCHING
28-11-2023,Zona Leste,São Miguel Paulista,Inativo Transitável,R ASDRUBAL
28-11-2023,Zona Leste,Penha,Inativo Transitável,AV CD.DE FRONTIN
28-11-2023,Zona Leste,Vila Prudente,Inativo Intransitável,VD GRANDE SAO PAULO VER M O SALA
28-11-2023,Zona Leste,Vila Prudente,Inativo Intransitável,R FALCHI GIANINI
28-11-2023,Zona Leste,Vila Prudente,Inativo Intransitável,AV SALIM FARAH MALUF
28-11-2023,Zona Sul,Santo Amaro,Inativo Intransitável,AV STO AMARO
29-11-2023,Centro,Sé,Inativo Transitável,CV EVARISTO COMOLATTI
29-11-2023,Zona Leste,Ermelino Matarazzo,Inativo Intransitável,R JOAO JOSE RODRIGUES
29-11-2023,Zona Leste,Itaquera,Inativo Intransitável,VD ANTONIO SANCHEZ DE L. JUNIOR
29-11-2023,Zona Leste,Penha,Inativo Intransitável,CV ARIETA CALFAT KHOURY FARAH
29-11-2023,Zona Leste,Vila Prudente,Inativo Intransitável,R ANTONIO DE ALMEIDA
29-11-2023,Zona Sul,Cidade Ademar,Inativo Transitável,ES DO ALVARENGA
29-11-2023,Zona Sul,Santo Amaro,Inativo Intransitável,AV DAS NACOES UNIDAS
29-11-2023,Zona Sul,Santo Amaro,Inativo Intransitável,AV INTERLAGOS
29-11-2023,Zona Sul,Santo Amaro,Inativo Intransitável,AV VITOR MANZINI
29-11-2023,Zona Sul,Santo Amaro,Inativo Transitável,AV DAS NACOES UNIDAS
29-11-2023,Zona Sudeste,Jabaquara,Inativo Transitável,RV DOS IMIGRANTES
29-11-2023,Zona Sudeste,Vila Mariana,Inativo Transitável,AV AFFONSO D'ESCRAGNOLLE TAUNAY
30-11-2023,,,,
01-12-2023,,,,
02-12-2023,,,,
03-12-2023,,,,
04-12-2023,,,,
05-12-2023,,,,
06-12-2023,,,,
07-12-2023,,,,
08-12-2023,Zona Norte,Santana,Inativo Transitável,R DAS PALMEIRAS (SANTA CECILIA)
08-12-2023,Zona Sul,Capela do Socorro,Inativo Transitável,AV CARLOS BARBOSA SANTOS
09-12-2023,,,,
10-12-2023,Centro,Sé,Inativo Transitável,AV DO ESTADO
10-12-2023,Zona Oeste,Butantã,Inativo Intransitável,R MIN EDMUNDO LINS
10-12-2023,Zona Oeste,Pinheiros,Inativo Transitável,AV DAS NACOES UNIDAS
10-12-2023,Zona Leste,Itaquera,Inativo Intransitável,R PDE VIEGAS DE MENEZES
10-12-2023,Zona Sul,Santo Amaro,Inativo Intransitável,AV DAS NACOES UNIDAS
11-12-2023,,,,
12-12-2023,,,,
13-12-2023,,,,
14-12-2023,,,,
15-12-2023,,,,
16-12-2023,Zona Norte,Freguesia do Ó,Inativo Intransitável,AV EDGAR FACÓ
17-12-2023,Zona Norte,Santana,Inativo Intransitável,R JOVITA
17-12-2023,Zona Oeste,Lapa,Inativo Transitável,R CLELIA
17-12-2023,Zona Oeste,Lapa,Inativo Intransitável,R CORIOLANO
18-12-2023,,,,
19-12-2023,,,,
20-12-2023,,,,
21-12-2023,,,,
22-12-2023,,,,
23-12-2023,Zona Norte,Vila Maria/ Vila Guilherme,Inativo Transitável,AV EDU CHAVES
23-12-2023,Zona Norte,Santana,Inativo Transitável,AV ZAKI NARCHI
23-12-2023,Centro,Sé,Inativo Intransitável,R MAUA
23-12-2023,Centro,Sé,Inativo Intransitável,PC QUATORZE BIS
23-12-2023,Centro,Sé,Inativo Transitável,PQ ANHANGABAU
23-12-2023,Centro,Sé,Inativo Intransitável,PTE DO RIO TAMANDUATEI
23-12-2023,Zona Oeste,Lapa,Inativo Transitável,MARGINAL TIETE ASCB EXPRESSA
23-12-2023,Zona Leste,Aricanduva/ Vila Formosa,Inativo Transitável,MARGINAL TIETE
23-12-2023,Zona Leste,Aricanduva/ Vila Formosa,Inativo Intransitável,AV ARICANDUVA
23-12-2023,Zona Leste,Aricanduva/ Vila Formosa,Inativo Intransitável,R COMEN GIL PINHEIRO
23-12-2023,Zona Leste,Aricanduva/ Vila Formosa,Inativo Intransitável,RUA FRANCESCO MELZI
23-12-2023,Zona Leste,Aricanduva/ Vila Formosa,Inativo Intransitável,AV ARICANDUVA
23-12-2023,Zona Leste,Aricanduva/ Vila Formosa,Inativo Intransitável,AV ARICANDUVA
23-12-2023,Zona Leste,Itaquera,Inativo Intransitável,R PDE VIEGAS DE MENEZES
23-12-2023,Zona Leste,Itaquera,Inativo Intransitável,R TOMAZZO FERRARA
23-12-2023,Zona Leste,Itaquera,Inativo Intransitável,AV PIRES DO RIO
23-12-2023,Zona Leste,Itaim Paulista,Inativo Transitável,AV MARECHAL TITO
23-12-2023,Zona Leste,Mooca,Inativo Intransitável,AV ALCANTARA MACHADO
23-12-2023,Zona Leste,Penha,Inativo Intransitável,AV DR BERNADINO FONSECA DE CARVALHO BRITO
23-12-2023,Zona Leste,Vila Prudente,Inativo Intransitável,AV PROF LUIZ IGNACIO ANHAIA MELLO
23-12-2023,Zona Sul,Santo Amaro,Inativo Intransitável,AV INTERLAGOS
23-12-2023,Zona Sul,Santo Amaro,Inativo Intransitável,AV DAS NACOES UNIDAS
23-12-2023,Zona Sul,Santo Amaro,Inativo Intransitável,AV DAS NACOES UNIDAS
23-12-2023,Zona Sudeste,Vila Mariana,Inativo Transitável,AV PROF ABRAAO DE MORAIS
24-12-2023,Zona Leste,Aricanduva/ Vila Formosa,Inativo Intransitável,R ARQ HEITOR DE MELO
24-12-2023,Zona Leste,Itaquera,Inativo Transitável,R DR LUIZ AYRES
24-12-2023,Zona Leste,Penha,Inativo Transitável,AV CD.DE FRONTIN
24-12-2023,Zona Leste,São Mateus,Inativo Intransitável,AV JACU PESSEGO N TRABALHADORES
25-12-2023,,,,
26-12-2023,,,,
27-12-2023,,,,
28-12-2023,,,,
29-12-2023,,,,
30-12-2023,,,,
31-12-2023,,,,
01-01-2024,,,,
02-01-2024,,,,
03-01-2024,,,,
04-01-2024,,,,
05-01-2024,,,,
06-01-2024,,,,
07-01-2024,,,,
08-01-2024,Zona Norte,Casa Verde,Inativo Intransitável,AV ANTONIO MUNHOZ BONILHA
08-01-2024,Zona Norte,Casa Verde,Inativo Transitável,R SAMARITA
08-01-2024,Zona Norte,Santana,Inativo Transitável,PC CAMPO DE BAGATELLE
08-01-2024,Zona Norte,Santana,Inativo Intransitável,AV OLAVO FONTOURA
08-01-2024,Centro,Sé,Inativo Intransitável,PC QUATORZE BIS
08-01-2024,Centro,Sé,Inativo Transitável,PC DA BANDEIRA
08-01-2024,Centro,Sé,Inativo Transitável,VEL PRES JOAO GOULART
08-01-2024,Centro,Sé,Inativo Intransitável,AV S JOAO
08-01-2024,Centro,Sé,Inativo Intransitável,AV S JOAO
08-01-2024,Centro,Sé,Inativo Intransitável,AV PRESTES MAIA
08-01-2024,Zona Oeste,Lapa,Inativo Transitável,AV MARQUES DE SAO VICENTE
08-01-2024,Zona Oeste,Lapa,Inativo Transitável,AV MARQ.DE SAO VICENTE
08-01-2024,Zona Leste,Ermelino Matarazzo,Inativo Intransitável,VD ANTONIO SANCHEZ DE L. JUNIOR
08-01-2024,Zona Leste,Itaquera,Inativo Intransitável,AV ITAQUERA
08-01-2024,Zona Leste,São Miguel Paulista,Inativo Intransitável,RUA SERRA DO GRAO MOGOL
08-01-2024,Zona Sul,Santo Amaro,Inativo Transitável,AV DOS BANDEIRANTES
08-01-2024,Zona Sudeste,Vila Mariana,Inativo Transitável,AV IBIRAPUERA
08-01-2024,Zona Sudeste,Vila Mariana,Inativo Transitável,AV REPUBLICA DO LIBANO
09-01-2024,Zona Norte,Vila Maria/ Vila Guilherme,Inativo Intransitável,R CHICO PONTES
09-01-2024,Centro,Sé,Inativo Transitável,AV DO ESTADO
09-01-2024,Centro,Sé,Inativo Intransitável,MARGINAL TIETE CBAS EXPRESSA
09-01-2024,Centro,Sé,Inativo Transitável,VEL PRES JOAO GOULART
09-01-2024,Centro,Sé,Inativo Intransitável,AV SANTOS DUMONT
09-01-2024,Centro,Sé,Inativo Transitável,AV PRES CASTELO BRANCO
09-01-2024,Zona Leste,Aricanduva/ Vila Formosa,Inativo Transitável,R FELISBELA GONCALVES
09-01-2024,Zona Sudeste,Vila Mariana,Inativo Intransitável,AV VINTE E TRES DE MAIO
09-01-2024,Zona Sudeste,Vila Mariana,Inativo Intransitável,AV REPUBLICA DO LIBANO
09-01-2024,Zona Sudeste,Vila Mariana,Inativo Transitável,AV BRIG LUIS ANTONIO
09-01-2024,Zona Sudeste,Vila Mariana,Inativo Transitável,AV IBIRAPUERA
10-01-2024,Zona Norte,Casa Verde,Inativo Intransitável,AV ANTONIO MUNHOZ BONILHA
10-01-2024,Zona Norte,Casa Verde,Inativo Intransitável,R BARTHOLOMEU DO CANTO
10-01-2024,Zona Norte,Casa Verde,Inativo Intransitável,R NELSON FRANCISCO
10-01-2024,Zona Norte,Casa Verde,Inativo Intransitável,AV BRAZ LEME
10-01-2024,Zona Norte,Casa Verde,Inativo Intransitável,R MATEUS MASCARENHAS
10-01-2024,Zona Norte,Casa Verde,Inativo Intransitável,PC DEL AMOROSO NETO
10-01-2024,Zona Norte,Freguesia do Ó,Inativo Intransitável,R CORREIA DE SA
10-01-2024,Zona Norte,Vila Maria/ Vila Guilherme,Inativo Intransitável,AV EDU CHAVES
10-01-2024,Zona Norte,Pirituba/Jaraguá,Inativo Intransitável,AV CABO ADAO PEREIRA
10-01-2024,Zona Norte,Pirituba/Jaraguá,Inativo Intransitável,AV GAL EDGAR FACO
10-01-2024,Zona Norte,Santana,Inativo Intransitável,R TIBAES
10-01-2024,Zona Norte,Santana,Inativo Intransitável,AV ZAKI NARCHI
10-01-2024,Zona Norte,Santana,Inativo Intransitável,AV OLAVO FONTOURA
10-01-2024,Centro,Sé,Inativo Intransitável,R NORMA PIERUCCINI GIANNOTTI
10-01-2024,Centro,Sé,Inativo Intransitável,R CAPISTRANO DE ABREU
10-01-2024,Centro,Sé,Inativo Intransitável,MARGINAL TIETE CBAS CENTRAL
10-01-2024,Centro,Sé,Inativo Intransitável,AV PRES CASTELO BRANCO
10-01-2024,Centro,Sé,Inativo Intransitável,PQ ANHANGABAU
10-01-2024,Centro,Sé,Inativo Intransitável,PQ ANHANGABAU
10-01-2024,Centro,Sé,Inativo Intransitável,AV DO ESTADO
10-01-2024,Centro,Sé,Inativo Intransitável,AV DO ESTADO
10-01-2024,Centro,Sé,Inativo Intransitável,PC QUATORZE BIS
10-01-2024,Zona Oeste,Butantã,Inativo Intransitável,AV MAGALHAES DE CASTRO
10-01-2024,Zona Oeste,Lapa,Inativo Transitável,PC PASCOAL MARTINS
10-01-2024,Zona Oeste,Lapa,Inativo Intransitável,PC FENELON GUEDES PEREIRA
10-01-2024,Zona Oeste,Lapa,Inativo Intransitável,R JEROAQUARA
10-01-2024,Zona Oeste,Lapa,Inativo Intransitável,R ALBION
10-01-2024,Zona Oeste,Lapa,Inativo Transitável,MARGINAL TIETE
10-01-2024,Zona Oeste,Lapa,Inativo Intransitável,AV POMPEIA
10-01-2024,Zona Oeste,Lapa,Inativo Intransitável,AV SUMARE (PERDIZES)
10-01-2024,Zona Oeste,Pinheiros,Inativo Intransitável,PC APECATU
10-01-2024,Zona Leste,Itaquera,Inativo Intransitável,AV JACU PESSEGO N TRABALHADORES
10-01-2024,Zona Sul,Santo Amaro,Inativo Intransitável,AV ROQUE PETRONI JUNIOR
10-01-2024,Zona Sul,Santo Amaro,Inativo Intransitável,AV STO AMARO
10-01-2024,Zona Sul,Santo Amaro,Inativo Transitável,AV DAS NACOES UNIDAS
10-01-2024,Zona Sul,Santo Amaro,Inativo Transitável,AV DAS NACOES UNIDAS
10-01-2024,Zona Sudeste,Vila Mariana,Inativo Intransitável,AV VINTE E TRES DE MAIO
11-01-2024,Zona Norte,Casa Verde,Inativo Intransitável,AV BRAZ LEME
11-01-2024,Zona Norte,Casa Verde,Inativo Transitável,AV OTAVIANO ALVES
11-01-2024,Centro,Sé,Inativo Intransitável,AV PRES CASTELO BRANCO
11-01-2024,Centro,Sé,Inativo Transitável,AV PRES CASTELO BRANCO
11-01-2024,Centro,Sé,Inativo Intransitável,R NEWTON PRADO
11-01-2024,Zona Oeste,Pinheiros,Inativo Intransitável,MARGINAL PINHEIROS INTCB
11-01-2024,Zona Leste,Itaquera,Inativo Transitável,AV PIRES DO RIO
11-01-2024,Zona Leste,Penha,Inativo Transitável,AV CD.DE FRONTIN
12-01-2024,Zona Norte,Vila Maria/ Vila Guilherme,Inativo Transitável,R CEL MARQUES RIBEIRO
12-01-2024,Zona Norte,Vila Maria/ Vila Guilherme,Inativo Transitável,AV SANATORIO
12-01-2024,Zona Norte,Santana,Inativo Transitável,AV ZAKI NARCHI
12-01-2024,Centro,Sé,Inativo Intransitável,AV RIO BRANCO
12-01-2024,Centro,Sé,Inativo Transitável,AV RIO BRANCO
12-01-2024,Centro,Sé,Inativo Transitável,R CARNOT
12-01-2024,Centro,Sé,Inativo Transitável,R ROBERTO SIMONSEN
12-01-2024,Centro,Sé,Inativo Intransitável,R PORTO SEGURO
12-01-2024,Zona Oeste,Lapa,Inativo Transitável,AV MARQ.DE SAO VICENTE
12-01-2024,Zona Leste,Aricanduva/ Vila Formosa,Inativo Intransitável,AV DR EDUARDO COTCHING
12-01-2024,Zona Leste,Penha,Inativo Transitável,AV CD.DE FRONTIN
12-01-2024,Zona Leste,Vila Prudente,Inativo Intransitável,AV PROF LUIZ IGNACIO ANHAIA MELLO
12-01-2024,Zona Leste,Vila Prudente,Inativo Transitável,AV SALIM FARAH MALUF
12-01-2024,Zona Leste,Vila Prudente,Inativo Transitável,AV PROF LUIZ IGNACIO ANHAIA MELLO
12-01-2024,Zona Leste,Vila Prudente,Inativo Transitável,AV DR FRANCISCO MESQUITA
12-01-2024,Zona Sul,Capela do Socorro,Inativo Intransitável,AV GUARAPIRANGA
12-01-2024,Zona Sul,Santo Amaro,Inativo Intransitável,AV SANTO AMARO
12-01-2024,Zona Sul,Santo Amaro,Inativo Intransitável,AV SANTO AMARO
12-01-2024,Zona Sul,Santo Amaro,Inativo Intransitável,AV DAS NACOES UNIDAS
13-01-2024,Centro,Sé,Inativo Transitável,R CARLOS GARCIA
13-01-2024,Zona Oeste,Butantã,Inativo Transitável,AV MAGALHAES DE CASTRO
13-01-2024,Zona Oeste,Pinheiros,Inativo Intransitável,R SANSAO ALVES DOS SANTOS
13-01-2024,Zona Oeste,Pinheiros,Inativo Intransitável,AV DAS NACOES UNIDAS
13-01-2024,Zona Leste,Penha,Inativo Transitável,AV CD.DE FRONTIN
14-01-2024,,,,
15-01-2024,,,,
16-01-2024,,,,
17-01-2024,Centro,Sé,Inativo Transitável,R SEN FEIJO
17-01-2024,Zona Leste,Aricanduva/ Vila Formosa,Inativo Intransitável,AV ARICANDUVA
17-01-2024,Zona Leste,Aricanduva/ Vila Formosa,Inativo Intransitável,AV CD.DE FRONTIN
17-01-2024,Zona Leste,Itaquera,Inativo Intransitável,AV ITAQUERA
17-01-2024,Zona Leste,Itaquera,Inativo Intransitável,R ITAGIMIRIM
17-01-2024,Zona Leste,Itaquera,Inativo Intransitável,AV ITAQUERA
17-01-2024,Zona Leste,Itaquera,Inativo Intransitável,AV MIGUEL IGNACIO CURI
17-01-2024,Zona Leste,Itaquera,Inativo Intransitável,AV JACU PESSEGO N TRABALHADORES
17-01-2024,Zona Leste,Penha,Inativo Intransitável,R DR LUIZ AYRES
17-01-2024,Zona Leste,Penha,Inativo Intransitável,AV CALIM EID
17-01-2024,Zona Leste,Penha,Inativo Intransitável,AV PADRE ESTANISLAU DE CAMPOS
18-01-2024,Centro,Sé,Inativo Transitável,AV CRUZEIRO DO SUL
18-01-2024,Zona Leste,Itaquera,Inativo Transitável,AV MIGUEL IGNACIO CURI
19-01-2024,Centro,Sé,Inativo Transitável,R BR.DE DUPRAT (SE)
19-01-2024,Centro,Sé,Inativo Transitável,R S CAETANO (BOM RETIRO)
19-01-2024,Zona Oeste,Butantã,Inativo Transitável,AV ENG BILLINGS
19-01-2024,Zona Leste,Aricanduva/ Vila Formosa,Inativo Intransitável,R CARLOS SILVA
19-01-2024,Zona Leste,Aricanduva/ Vila Formosa,Inativo Intransitável,AV REG FEIJO
19-01-2024,Zona Leste,Aricanduva/ Vila Formosa,Inativo Intransitável,AV ARICANDUVA
19-01-2024,Zona Leste,Ermelino Matarazzo,Inativo Transitável,R SANTANA DO AGRESTE
19-01-2024,Zona Leste,Ermelino Matarazzo,Inativo Transitável,AV JACU PESSEGO N TRABALHADORES
19-01-2024,Zona Leste,Ermelino Matarazzo,Inativo Transitável,AV PIRES DO RIO
19-01-2024,Zona Leste,Itaquera,Inativo Intransitável,AV ITAQUERA
19-01-2024,Zona Leste,Penha,Inativo Intransitável,R JOAQUIM MARRA
19-01-2024,Zona Leste,Penha,Inativo Intransitável,AV CD.DE FRONTIN
19-01-2024,Zona Leste,Vila Prudente,Inativo Intransitável,AV SALIM FARAH MALUF
19-01-2024,Zona Leste,Vila Prudente,Inativo Transitável,AV PROF LUIZ IGNACIO ANHAIA MELLO
19-01-2024,Zona Sul,Santo Amaro,Inativo Intransitável,AV STO AMARO
19-01-2024,Zona Sul,Santo Amaro,Inativo Transitável,AV DAS NACOES UNIDAS
19-01-2024,Zona Sudeste,Ipiranga,Inativo Intransitável,R PRES BATISTA PEREIRA
19-01-2024,Zona Sudeste,Ipiranga,Inativo Intransitável,AV PRES TANCREDO NEVES
19-01-2024,Zona Sudeste,Jabaquara,Inativo Intransitável,R ALBA
19-01-2024,Zona Sudeste,Vila Mariana,Inativo Intransitável,R RIBEIRO LACERDA
19-01-2024,Zona Sudeste,Vila Mariana,Inativo Intransitável,AV RUBEN BERTA
19-01-2024,Zona Sudeste,Vila Mariana,Inativo Intransitável,AV PROF ABRAAO DE MORAIS
19-01-2024,Zona Sudeste,Vila Mariana,Inativo Transitável,AV PROF ABRAAO DE MORAIS
20-01-2024,Zona Norte,Santana,Inativo Transitável,R S JOSE
20-01-2024,Zona Oeste,Butantã,Inativo Transitável,TV IRMA DOLORES BALDI
20-01-2024,Zona Leste,Mooca,Inativo Intransitável,MARGINAL TIETE EXPRESSA
20-01-2024,Zona Leste,Penha,Inativo Transitável,R DR LUIZ AYRES
21-01-2024,,,,
22-01-2024,,,,
23-01-2024,Zona Norte,Pirituba/Jaraguá,Inativo Transitável,R JOAO BATISTA DIAS
23-01-2024,Centro,Sé,Inativo Intransitável,R ASSIS (SANTA CECILIA)
23-01-2024,Zona Sul,Capela do Socorro,Inativo Transitável,AV CARLOS BARBOSA SANTOS
24-01-2024,Zona Leste,Penha,Inativo Intransitável,CV ARIETA CALFAT KHOURY FARAH
25-01-2024,Centro,Sé,Inativo Transitável,R CARLOS GARCIA
26-01-2024,Centro,Sé,Inativo Transitável,AV MERCURIO
26-01-2024,Zona Oeste,Pinheiros,Inativo Transitável,AL SANTOS
26-01-2024,Zona Leste,Ermelino Matarazzo,Inativo Intransitável,CV ARIETA CALFAT KHOURY FARAH
27-01-2024,Zona Oeste,Lapa,Inativo Transitável,MARGINAL TIETE ASCB EXPRESSA
27-01-2024,Zona Leste,Itaquera,Inativo Intransitável,AV ITAQUERA
27-01-2024,Zona Leste,Penha,Inativo Transitável,CV ARIETA CALFAT KHOURY FARAH
27-01-2024,Zona Sul,Santo Amaro,Inativo Transitável,AV DAS NACOES UNIDAS
28-01-2024,Zona Oeste,Lapa,Inativo Transitável,AV MARGINAL DIREITA DO TIETE
28-01-2024,Zona Oeste,Pinheiros,Inativo Transitável,R HENRIQUE SCHAUMANN
28-01-2024,Zona Oeste,Pinheiros,Inativo Transitável,TV ALONSO
28-01-2024,Zona Sul,M'Boi Mirim,Inativo Transitável,R JACUCAIM
28-01-2024,Zona Sudeste,Ipiranga,Inativo Intransitável,PC JUCA MULATO
28-01-2024,Zona Sudeste,Vila Mariana,Inativo Intransitável,AV IBIRAPUERA
28-01-2024,Zona Sudeste,Vila Mariana,Inativo Transitável,AV MIGUEL ESTEFNO
29-01-2024,Centro,Sé,Inativo Transitável,R CARLOS GARCIA
30-01-2024,,,,
31-01-2024,Zona Leste,Aricanduva/ Vila Formosa,Inativo Intransitável,AV REG FEIJO
31-01-2024,Zona Leste,Itaquera,Inativo Intransitável,AV ITAQUERA
31-01-2024,Zona Leste,Itaquera,Inativo Intransitável,R PDE VIEGAS DE MENEZES
31-01-2024,Zona Leste,Mooca,Inativo Transitável,R BRESSER
31-01-2024,Zona Leste,Penha,Inativo Transitável,R MARIA LEOCADIA
31-01-2024,Zona Leste,Penha,Inativo Transitável,PC JOAQUIM ALVES
31-01-2024,Zona Leste,Vila Prudente,Inativo Intransitável,AV PROF LUIZ IGNACIO ANHAIA MELLO
31-01-2024,Zona Leste,Vila Prudente,Inativo Transitável,AV PROF LUIZ IGNACIO ANHAIA MELLO
31-01-2024,Zona Leste,Vila Prudente,Inativo Transitável,AV PROF LUIZ IGNACIO ANHAIA MELLO
31-01-2024,Zona Leste,Vila Prudente,Inativo Transitável,AV JACINTO MENEZES PALHARES
31-01-2024,Zona Leste,Vila Prudente,Inativo Transitável,AV PROF LUIZ IGNACIO ANHAIA MELLO
31-01-2024,Zona Sul,Cidade Ademar,Inativo Intransitável,AV NSRA.DE SABARA
31-01-2024,Zona Sul,Santo Amaro,Inativo Transitável,AV INTERLAGOS
01-02-2024,,,,
02-02-2024,Zona Norte,Santana,Inativo Intransitável,R DARZAN
02-02-2024,Zona Sudeste,Vila Mariana,Inativo Transitável,PC TULIO FONTOURA
03-02-2024,,,,
04-02-2024,Zona Sul,Capela do Socorro,Inativo Intransitável,R ESTEVAO FABRI
04-02-2024,Zona Sudeste,Vila Mariana,Inativo Intransitável,AV MOREIRA GUIMARAES
04-02-2024,Zona Sudeste,Vila Mariana,Inativo Transitável,AV RUBEM BERTA
05-02-2024,,,,
06-02-2024,,,,
07-02-2024,,,,
08-02-2024,,,,
09-02-2024,,,,
10-02-2024,,,,
11-02-2024,,,,
12-02-2024,,,,
13-02-2024,Zona Norte,Vila Maria/ Vila Guilherme,Inativo Intransitável,AV SANATORIO
13-02-2024,Centro,Sé,Inativo Intransitável,PTE DO RIO TAMANDUATEI
13-02-2024,Centro,Sé,Inativo Intransitável,R MANOEL DUTRA
13-02-2024,Zona Oeste,Butantã,Inativo Intransitável,R CAMINHO DO ENGENHO
13-02-2024,Zona Oeste,Lapa,Inativo Intransitável,AV POMPEIA
13-02-2024,Zona Leste,Vila Prudente,Inativo Intransitável,AVENIDA LUÍS INÁCIO DE ANHAIA MELO
13-02-2024,Zona Leste,Vila Prudente,Inativo Transitável,AV SALIM FARAH MALUF
13-02-2024,Zona Sul,Santo Amaro,Inativo Intransitável,AV INTERLAGOS
13-02-2024,Zona Sul,Santo Amaro,Inativo Intransitável,AV DAS NACOES UNIDAS
13-02-2024,Zona Sul,Santo Amaro,Inativo Intransitável,AV JORN ROBERTO MARINHO
13-02-2024,Zona Sudeste,Ipiranga,Inativo Transitável,AV ORDEM E PROGRESSO
14-02-2024,Zona Norte,Casa Verde,Inativo Intransitável,R BARTHOLOMEU DO CANTO
14-02-2024,Zona Norte,Vila Maria/ Vila Guilherme,Inativo Intransitável,R CHICO PONTES
14-02-2024,Zona Norte,Santana,Inativo Intransitável,MARGINAL TIETE ASCB CENTRAL
14-02-2024,Centro,Sé,Inativo Transitável,PC DA BANDEIRA
14-02-2024,Centro,Sé,Inativo Intransitável,AV CRUZEIRO DO SUL
14-02-2024,Centro,Sé,Inativo Intransitável,AV CRUZEIRO DO SUL
14-02-2024,Centro,Sé,Inativo Intransitável,AV CRUZEIRO DO SUL
14-02-2024,Zona Oeste,Lapa,Inativo Intransitável,PC PASCOAL MARTINS
14-02-2024,Zona Leste,Mooca,Inativo Intransitável,MARGINAL TIETE CBAS EXPRESSA
14-02-2024,Zona Leste,Penha,Inativo Transitável,AV CD.DE FRONTIN
14-02-2024,Zona Leste,Penha,Inativo Transitável,R ATALEIA
14-02-2024,Zona Leste,Penha,Inativo Intransitável,CV ARIETA CALFAT KHOURY FARAH
14-02-2024,Zona Leste,Vila Prudente,Inativo Intransitável,AV PROF LUIZ IGNACIO ANHAIA MELLO
14-02-2024,Zona Sul,Campo Limpo,Inativo Intransitável,ES DO CAMPO LIMPO
15-02-2024,,,,
16-02-2024,,,,
17-02-2024,,,,
18-02-2024,Zona Norte,Freguesia do Ó,Inativo Intransitável,R MATHEUS MASCARENHAS
18-02-2024,Centro,Sé,Inativo Intransitável,R CAPISTRANO DE ABREU
18-02-2024,Centro,Sé,Inativo Transitável,TN PAPA JOAO PAULO II
18-02-2024,Centro,Sé,Inativo Intransitável,R MANOEL DUTRA
18-02-2024,Centro,Sé,Inativo Intransitável,AV PRES CASTELO BRANCO
18-02-2024,Centro,Sé,Inativo Intransitável,AV DO ESTADO
18-02-2024,Zona Oeste,Butantã,Inativo Intransitável,AV PROF FRANCISCO MORATO
18-02-2024,Zona Oeste,Butantã,Inativo Transitável,AV PROF FRANCISCO MORATO
18-02-2024,Zona Oeste,Lapa,Inativo Intransitável,PC PASCOAL MARTINS
18-02-2024,Zona Oeste,Lapa,Inativo Transitável,AV MARQ.DE SAO VICENTE
18-02-2024,Zona Oeste,Lapa,Inativo Intransitável,AV FRANCISCO MATARAZZO
18-02-2024,Zona Oeste,Lapa,Inativo Transitável,R GAGO COUTINHO
18-02-2024,Zona Oeste,Pinheiros,Inativo Intransitável,R HARMONIA (PINHEIROS)
18-02-2024,Zona Oeste,Pinheiros,Inativo Intransitável,R VOTUPOCA
18-02-2024,Zona Oeste,Pinheiros,Inativo Intransitável,R BELMIRO BRAGA
18-02-2024,Zona Oeste,Pinheiros,Inativo Transitável,AV REBOUCAS
18-02-2024,Zona Leste,Aricanduva/ Vila Formosa,Inativo Intransitável,AV REG FEIJO
18-02-2024,Zona Leste,Itaquera,Inativo Intransitável,R ITAGIMIRIM
18-02-2024,Zona Leste,Itaquera,Inativo Transitável,R LUZ DO SOL
18-02-2024,Zona Leste,Itaim Paulista,Inativo Transitável,AV MARECHAL TITO
18-02-2024,Zona Leste,Itaim Paulista,Inativo Transitável,AV MARECHAL TITO
18-02-2024,Zona Leste,Mooca,Inativo Intransitável,AV SALIM FARAH MALUF
18-02-2024,Zona Leste,Mooca,Inativo Intransitável,AV VER ABEL FERREIRA
18-02-2024,Zona Leste,Mooca,Inativo Intransitável,AV ALCANTARA MACHADO
18-02-2024,Zona Leste,Mooca,Inativo Intransitável,R MELO FREIRE
18-02-2024,Zona Leste,Mooca,Inativo Intransitável,R TAUBATE
18-02-2024,Zona Leste,Mooca,Inativo Intransitável,R JARINU
18-02-2024,Zona Leste,Mooca,Inativo Intransitável,R SERRA DE JAPI
18-02-2024,Zona Leste,Mooca,Inativo Intransitável,R SERRA DE BRAGANÇA
18-02-2024,Zona Leste,Mooca,Inativo Intransitável,AV SALIM FARAH MALUF
18-02-2024,Zona Leste,Penha,Inativo Transitável,R DR LUIZ AYRES
19-02-2024,Zona Sul,M'Boi Mirim,Inativo Transitável,AV GUIDO CALOI
19-02-2024,Zona Sul,Santo Amaro,Inativo Transitável,AV DAS NACOES UNIDAS
19-02-2024,Zona Sul,Santo Amaro,Inativo Intransitável,AV DAS NACOES UNIDAS
20-02-2024,Centro,Sé,Inativo Transitável,R SERRA DE BRAGANCA
20-02-2024,Zona Oeste,Lapa,Inativo Transitável,AV POMPEIA
20-02-2024,Zona Oeste,Lapa,Inativo Intransitável,R VENANCIO AIRES
20-02-2024,Zona Oeste,Pinheiros,Inativo Transitável,AV DAS NACOES UNIDAS
20-02-2024,Zona Oeste,Pinheiros,Inativo Transitável,R HENRIQUE SCHAUMANN
20-02-2024,Zona Oeste,Pinheiros,Inativo Transitável,R HUNGRIA
20-02-2024,Zona Leste,Itaquera,Inativo Intransitável,R FORNO D'AGUA
20-02-2024,Zona Leste,Itaquera,Inativo Intransitável,AV ITAQUERA
20-02-2024,Zona Leste,Itaquera,Inativo Transitável,AV ITAQUERA
20-02-2024,Zona Sul,M'Boi Mirim,Inativo Transitável,AV GUIDO CALOI
20-02-2024,Zona Sul,Parelheiros,Inativo Intransitável,AV SEN TEOTONIO VILELA
20-02-2024,Zona Sudeste,Vila Mariana,Inativo Transitável,AV PEDRO ALVARES CABRAL
20-02-2024,Zona Sudeste,Vila Mariana,Inativo Transitável,AV PEDRO ALVARES CABRAL
21-02-2024,Zona Norte,Casa Verde,Inativo Intransitável,AV ANTONIO MUNHOZ BONILHA
21-02-2024,Centro,Sé,Inativo Transitável,AV S JOÃO
21-02-2024,Centro,Sé,Inativo Intransitável,R SÃO PAULO (LIBERDADE)
21-02-2024,Zona Oeste,Butantã,Inativo Intransitável,AV PROF FRANCISCO MORATO
21-02-2024,Zona Oeste,Lapa,Inativo Transitável,PC DR PEDRO CORAZZA
21-02-2024,Zona Oeste,Lapa,Inativo Intransitável,PC PASCOAL MARTINS
21-02-2024,Zona Oeste,Lapa,Inativo Transitável,AV COMEN MARTINELLI
21-02-2024,Zona Leste,Itaquera,Inativo Transitável,AV ITAQUERA
21-02-2024,Zona Leste,Mooca,Inativo Intransitável,AV ALCANTARA MACHADO
21-02-2024,Zona Leste,Mooca,Inativo Intransitável,R DA MOOCA
21-02-2024,Zona Leste,Mooca,Inativo Transitável,MARGINAL TIETE CBAS CENTRAL
21-02-2024,Zona Leste,Mooca,Inativo Intransitável,R BRESSER
21-02-2024,Zona Leste,Penha,Inativo Intransitável,R DR LUIZ AYRES
21-02-2024,Zona Leste,São Mateus,Inativo Transitável,AV ARICANDUVA
22-02-2024,,,,
23-02-2024,Zona Leste,Aricanduva/ Vila Formosa,Inativo Intransitável,AV REG FEIJO
23-02-2024,Zona Leste,Aricanduva/ Vila Formosa,Inativo Intransitável,AV DR EDUARDO COTCHING
23-02-2024,Zona Leste,Aricanduva/ Vila Formosa,Inativo Transitável,AV ARICANDUVA
23-02-2024,Zona Leste,Itaim Paulista,Inativo Transitável,AV MARECHAL TITO
23-02-2024,Zona Leste,Itaim Paulista,Inativo Transitável,AV MARECHAL TITO
23-02-2024,Zona Leste,Mooca,Inativo Transitável,AV ALCANTARA MACHADO
23-02-2024,Zona Leste,Mooca,Inativo Transitável,RUA ANTONIO DE BARROS
23-02-2024,Zona Leste,Mooca,Inativo Intransitável,AV. AZEVEDO SOARES
23-02-2024,Zona Leste,Penha,Inativo Transitável,AV. ANTONIO ESTEVAO DE CARVALHO
23-02-2024,Zona Leste,Penha,Inativo Transitável,AV. ANTONIO ESTEVAO DE CARVALHO
23-02-2024,Zona Sul,M'Boi Mirim,Inativo Intransitável,R MARGINAL (JD MARIANI)
23-02-2024,Zona Sul,M'Boi Mirim,Inativo Transitável,ES M'BOI MIRIM
23-02-2024,Zona Sudeste,Ipiranga,Inativo Intransitável,R PRES BATISTA PEREIRA
24-02-2024,Zona Oeste,Lapa,Inativo Transitável,PC PASCOAL MARTINS
24-02-2024,Zona Oeste,Lapa,Inativo Transitável,AV MARQ.DE SAO VICENTE
24-02-2024,Zona Oeste,Pinheiros,Inativo Transitável,AL CAMPINAS
25-02-2024,,,,
26-02-2024,,,,
27-02-2024,,,,
28-02-2024,Zona Oeste,Butantã,Inativo Transitável,R RAUL SADDI
28-02-2024,Zona Oeste,Butantã,Inativo Intransitável,TV IRMA DOLORES BALDI
28-02-2024,Zona Oeste,Pinheiros,Inativo Transitável,R BRIG HAROLDO VELOSO
29-02-2024,,,,
01-03-2024,,,,
02-03-2024,,,,
03-03-2024,,,,
04-03-2024,,,,
05-03-2024,Zona Norte,Casa Verde,Inativo Transitável,AV ORDEM E PROGRESSO
05-03-2024,Zona Norte,Jaçanã/ Tremembé,Inativo Intransitável,R LUGO
05-03-2024,Zona Norte,Jaçanã/ Tremembé,Inativo Intransitável,R MANUEL GAYA
05-03-2024,Zona Norte,Vila Maria/ Vila Guilherme,Inativo Intransitável,R CHICO PONTES
05-03-2024,Zona Norte,Vila Maria/ Vila Guilherme,Inativo Intransitável,R CEL JORDAO
05-03-2024,Zona Norte,Vila Maria/ Vila Guilherme,Inativo Intransitável,R CEL MARQUES RIBEIRO
05-03-2024,Zona Norte,Vila Maria/ Vila Guilherme,Inativo Intransitável,R JOSE BERNARDO PINTO
05-03-2024,Zona Norte,Vila Maria/ Vila Guilherme,Inativo Intransitável,AV MORVAN DIAS DE FIGUEIREDO
05-03-2024,Zona Norte,Santana,Inativo Intransitável,PC CAMPO DE BAGATELLE
05-03-2024,Centro,Sé,Inativo Intransitável,R DOM RODO
05-03-2024,Centro,Sé,Inativo Transitável,R GUAPORE
05-03-2024,Centro,Sé,Inativo Intransitável,R GLICERIO
05-03-2024,Centro,Sé,Inativo Intransitável,AV SAO JOAO
05-03-2024,Centro,Sé,Inativo Transitável,R SERGIO TOMAS
05-03-2024,Centro,Sé,Inativo Intransitável,VD DR PLINIO DE QUEIROZ
05-03-2024,Centro,Sé,Inativo Transitável,AV SANTOS DUMONT
05-03-2024,Centro,Sé,Inativo Intransitável,AV DO ESTADO
05-03-2024,Centro,Sé,Inativo Intransitável,R DA CANTAREIRA (BOM RETIRO)
05-03-2024,Centro,Sé,Inativo Intransitável,R VISC.DE TAUNAY (SANTA CECILIA)
05-03-2024,Centro,Sé,Inativo Intransitável,R CAPISTRANO DE ABREU
05-03-2024,Centro,Sé,Inativo Transitável,VEL PRES JOAO GOULART
05-03-2024,Zona Oeste,Butantã,Inativo Transitável,AV VITAL BRASIL
05-03-2024,Zona Oeste,Butantã,Inativo Intransitável,AV PROF FRANCISCO MORATO
05-03-2024,Zona Oeste,Butantã,Inativo Intransitável,AV PROF FRANCISCO MORATO
05-03-2024,Zona Oeste,Butantã,Inativo Transitável,AV DAS NACOES UNIDAS
05-03-2024,Zona Oeste,Pinheiros,Inativo Intransitável,AV NOVE DE JULHO
05-03-2024,Zona Oeste,Pinheiros,Inativo Intransitável,AV DAS NACOES UNIDAS
05-03-2024,Zona Oeste,Pinheiros,Inativo Intransitável,AV BRIG FARIA LIMA
05-03-2024,Zona Oeste,Pinheiros,Inativo Transitável,MARGINAL PINHEIROS INTCB
05-03-2024,Zona Leste,Aricanduva/ Vila Formosa,Inativo Transitável,AV ARICANDUVA
05-03-2024,Zona Leste,Aricanduva/ Vila Formosa,Inativo Intransitável,AV DR EDUARDO COTCHING
05-03-2024,Zona Leste,Mooca,Inativo Transitável,AV ALCANTARA MACHADO
05-03-2024,Zona Leste,Mooca,Inativo Transitável,R DR FOMM
05-03-2024,Zona Sul,Santo Amaro,Inativo Intransitável,AV STO AMARO
05-03-2024,Zona Sudeste,Vila Mariana,Inativo Intransitável,AV ANTONIO J. DE MOURA ANDRADE
05-03-2024,Zona Sudeste,Vila Mariana,Inativo Intransitável,AV JAMARIS
05-03-2024,Zona Sudeste,Vila Mariana,Inativo Intransitável,AV PROF ASCENDINO REIS
06-03-2024,Zona Norte,Santana,Inativo Intransitável,AV FRANCISCO MATARAZZO
06-03-2024,Centro,Sé,Inativo Transitável,VEL PRES JOAO GOULART
06-03-2024,Centro,Sé,Inativo Intransitável,R DOM RODO
06-03-2024,Zona Oeste,Butantã,Inativo Transitável,MARGINAL PINHEIROS
06-03-2024,Zona Oeste,Pinheiros,Inativo Intransitável,AV CIDADE JARDIM
06-03-2024,Zona Leste,São Miguel Paulista,Inativo Transitável,R XANXERE
06-03-2024,Zona Sul,Santo Amaro,Inativo Transitável,AV DAS NACOES UNIDAS
07-03-2024,,,,
08-03-2024,Zona Norte,Santana,Inativo Transitável,PC ORLANDO SILVA
08-03-2024,Centro,Sé,Inativo Transitável,AV VINTE E TRES DE MAIO
08-03-2024,Centro,Sé,Inativo Transitável,AV NOVE DE JULHO
08-03-2024,Zona Leste,Aricanduva/ Vila Formosa,Inativo Intransitável,AV REG FEIJO
08-03-2024,Zona Leste,Aricanduva/ Vila Formosa,Inativo Intransitável,AV DR EDUARDO COTCHING
08-03-2024,Zona Leste,Itaquera,Inativo Intransitável,AV ITAQUERA
08-03-2024,Zona Leste,Itaquera,Inativo Intransitável,R BR.DE CACELA
08-03-2024,Zona Leste,Mooca,Inativo Transitável,AV ARICANDUVA
08-03-2024,Zona Leste,Mooca,Inativo Intransitável,AV DO ESTADO
08-03-2024,Zona Leste,Mooca,Inativo Transitável,R SILVA JARDIM
08-03-2024,Zona Leste,Mooca,Inativo Intransitável,AV PROF LUIZ IGNACIO ANHAIA MELLO
08-03-2024,Zona Leste,Mooca,Inativo Transitável,AV VER ABEL FERREIRA
08-03-2024,Zona Leste,Mooca,Inativo Transitável,PC CIRO PONTES
08-03-2024,Zona Leste,Vila Prudente,Inativo Intransitável,AV PROF LUIZ IGNACIO ANHAIA MELLO
08-03-2024,Zona Sul,Campo Limpo,Inativo Intransitável,AV CARLOS CALDEIRA FILHO
08-03-2024,Zona Sul,Santo Amaro,Inativo Transitável,AV DOS BANDEIRANTES
08-03-2024,Zona Sul,Santo Amaro,Inativo Intransitável,AV VITOR MANZINI
08-03-2024,Zona Sudeste,Ipiranga,Inativo Intransitável,R PRES BATISTA PEREIRA
08-03-2024,Zona Sudeste,Vila Mariana,Inativo Transitável,AV VINTE E TRES DE MAIO
08-03-2024,Zona Sudeste,Vila Mariana,Inativo Transitável,AV VINTE E TRES DE MAIO
09-03-2024,Zona Leste,São Miguel Paulista,Inativo Intransitável,RUA PROF FLAMINIO FAVERO
10-03-2024,Centro,Sé,Inativo Transitável,AV PRES CASTELO BRANCO
11-03-2024,,,,
12-03-2024,,,,
13-03-2024,,,,
14-03-2024,,,,
15-03-2024,,,,
16-03-2024,,,,
17-03-2024,Zona Leste,Itaquera,Inativo Intransitável,R PDE VIEGAS DE MENEZES
17-03-2024,Zona Leste,Itaim Paulista,Inativo Transitável,AV MARECHAL TITO
17-03-2024,Zona Leste,Itaim Paulista,Inativo Transitável,AV MARECHAL TITO
17-03-2024,Zona Leste,Itaim Paulista,Inativo Transitável,RUA MANUEL BARBALHO DE LIMA
17-03-2024,Zona Leste,Itaim Paulista,Inativo Transitável,RUA MANUEL BARBALHO DE LIMA
17-03-2024,Zona Leste,Itaim Paulista,Inativo Intransitável,R S GONCALO DO RIO DAS PEDRAS
17-03-2024,Zona Leste,São Miguel Paulista,Inativo Transitável,AV JACU PESSEGO N TRABALHADORES
17-03-2024,Zona Leste,Penha,Inativo Intransitável,R DR LUIZ AYRES
18-03-2024,Zona Norte,Vila Maria/ Vila Guilherme,Inativo Intransitável,R CHICO PONTES
18-03-2024,Zona Norte,Vila Maria/ Vila Guilherme,Inativo Intransitável,AV LUIZ DUMONT VILLARES
18-03-2024,Zona Sul,Capela do Socorro,Inativo Transitável,PC HIROSHI SHIOZAWA
19-03-2024,Zona Norte,Vila Maria/ Vila Guilherme,Inativo Intransitável,R CEL MARQUES RIBEIRO
19-03-2024,Zona Norte,Vila Maria/ Vila Guilherme,Inativo Transitável,AV SANATORIO
19-03-2024,Zona Norte,Vila Maria/ Vila Guilherme,Inativo Intransitável,R CEL MARQUES RIBEIRO
19-03-2024,Zona Norte,Santana,Inativo Transitável,AV CRUZEIRO DO SUL
19-03-2024,Zona Norte,Santana,Inativo Transitável,R CEL ANTONIO DE CARVALHO
19-03-2024,Zona Norte,Santana,Inativo Transitável,R DARZAN
19-03-2024,Zona Norte,Santana,Inativo Transitável,R MAJ SAMPAIO
19-03-2024,Zona Norte,Santana,Inativo Transitável,AV GAL ATALIBA LEONEL
19-03-2024,Centro,Sé,Inativo Transitável,AV CRUZEIRO DO SUL
19-03-2024,Zona Oeste,Lapa,Inativo Transitável,R VENANCIO AIRES
20-03-2024,,,,
21-03-2024,Zona Leste,Itaquera,Inativo Intransitável,AV JACU PESSEGO N TRABALHADORES
22-03-2024,,,,
23-03-2024,Zona Norte,Pirituba/Jaraguá,Inativo Transitável,AV RAIMUNDO PEREIRA DE MAGALHAES
24-03-2024,Zona Norte,Santana,Inativo Transitável,R JOSE BERNARDO PINTO
24-03-2024,Centro,Sé,Inativo Intransitável,AV RIO BRANCO
24-03-2024,Centro,Sé,Inativo Intransitável,R DOM RODO
24-03-2024,Zona Oeste,Pinheiros,Inativo Transitável,AL CAMPINAS
24-03-2024,Zona Oeste,Pinheiros,Inativo Intransitável,AV DAS NACOES UNIDAS
24-03-2024,Zona Leste,Ermelino Matarazzo,Inativo Transitável,R JOSE GIORDANO
24-03-2024,Zona Leste,Itaquera,Inativo Intransitável,AV ITAQUERA
25-03-2024,,,,
26-03-2024,,,,
27-03-2024,,,,
28-03-2024,,,,
29-03-2024,,,,
30-03-2024,,,,
31-03-2024,,,,
01-04-2024,,,,
02-04-2024,,,,
03-04-2024,,,,
04-04-2024,,,,
05-04-2024,,,,
06-04-2024,,,,
07-04-2024,,,,
08-04-2024,Zona Leste,Aricanduva/ Vila Formosa,Inativo Transitável,AV DR EDUARDO COTCHING
08-04-2024,Zona Leste,Itaquera,Inativo Intransitável,PS SEM DENOMINACAO
08-04-2024,Zona Leste,Penha,Inativo Transitável,R DR LUIZ AYRES
09-04-2024,,,,
10-04-2024,,,,
11-04-2024,,,,
12-04-2024,,,,
13-04-2024,,,,
14-04-2024,,,,
15-04-2024,,,,
16-04-2024,,,,
17-04-2024,Zona Leste,Itaquera,Inativo Intransitável,R FORNO D'AGUA
17-04-2024,Zona Leste,Mooca,Inativo Transitável,AV ALCANTARA MACHADO
18-04-2024,,,,
19-04-2024,,,,
20-04-2024,,,,
21-04-2024,,,,
22-04-2024,,,,
23-04-2024,,,,
24-04-2024,,,,
25-04-2024,,,,
26-04-2024,,,,
27-04-2024,,,,
28-04-2024,,,,
29-04-2024,,,,
30-04-2024,,,,
01-05-2024,,,,
02-05-2024,,,,
03-05-2024,,,,
04-05-2024,,,,
05-05-2024,,,,
06-05-2024,,,,
07-05-2024,,,,
08-05-2024,,,,
09-05-2024,,,,
10-05-2024,,,,
11-05-2024,,,,
12-05-2024,,,,
13-05-2024,,,,
14-05-2024,,,,
15-05-2024,,,,
16-05-2024,,,,
17-05-2024,,,,
18-05-2024,,,,
19-05-2024,,,,
20-05-2024,,,,
21-05-2024,,,,
22-05-2024,,,,
23-05-2024,,,,
24-05-2024,,,,
25-05-2024,,,,
26-05-2024,,,,
27-05-2024,Zona Norte,Santana,Inativo Transitável,AV SANTOS DUMONT
27-05-2024,Centro,Sé,Inativo Intransitável,AV RIO BRANCO
27-05-2024,Centro,Sé,Inativo Transitável,VEL PRES JOAO GOULART
27-05-2024,Centro,Sé,Inativo Intransitável,R DOM RODO
27-05-2024,Centro,Sé,Inativo Intransitável,AV MERCURIO
27-05-2024,Centro,Sé,Inativo Intransitável,R DOS GUSMOES
27-05-2024,Centro,Sé,Inativo Intransitável,AV RIO BRANCO
27-05-2024,Centro,Sé,Inativo Intransitável,R GAL OSORIO
27-05-2024,Zona Leste,Ermelino Matarazzo,Inativo Transitável,AV PARANAGUA
27-05-2024,Zona Leste,Itaquera,Inativo Intransitável,AV MUSGO-DE-FLOR
27-05-2024,Zona Leste,Itaquera,Inativo Intransitável,AV MUSGO-DE-FLOR
27-05-2024,Zona Leste,Itaquera,Inativo Transitável,AV ITAQUERA
27-05-2024,Zona Leste,Itaquera,Inativo Transitável,R CASTELO DO PIAUI
27-05-2024,Zona Leste,São Miguel Paulista,Inativo Intransitável,AV PIRES DO RIO
27-05-2024,Zona Leste,São Mateus,Inativo Transitável,AV JACU PESSEGO N TRABALHADORES
27-05-2024,Zona Sudeste,Vila Mariana,Inativo Transitável,AV VINTE E TRES DE MAIO
28-05-2024,,,,
29-05-2024,,,,
30-05-2024,,,,
31-05-2024,,,,
01-06-2024,,,,
02-06-2024,,,,
03-06-2024,,,,
04-06-2024,,,,
05-06-2024,,,,
06-06-2024,,,,
07-06-2024,,,,
08-06-2024,,,,
09-06-2024,,,,
10-06-2024,,,,
11-06-2024,,,,
12-06-2024,,,,
13-06-2024,,,,
14-06-2024,,,,
15-06-2024,,,,
16-06-2024,,,,
17-06-2024,,,,
18-06-2024,,,,
19-06-2024,,,,
20-06-2024,,,,
21-06-2024,,,,
22-06-2024,,,,
23-06-2024,,,,
24-06-2024,,,,
25-06-2024,,,,
26-06-2024,,,,
27-06-2024,,,,
28-06-2024,,,,
29-06-2024,,,,
30-06-2024,,,,
01-07-2024,,,,
02-07-2024,,,,
03-07-2024,,,,
04-07-2024,,,,
05-07-2024,,,,
06-07-2024,,,,
07-07-2024,,,,
08-07-2024,,,,
09-07-2024,Zona Oeste,Pinheiros,Inativo Transitável,AL SANTOS
09-07-2024,Zona Oeste,Pinheiros,Inativo Transitável,AL CAMPINAS
09-07-2024,Zona Leste,Itaquera,Inativo Transitável,CV ARIETA CALFAT KHOURY FARAH
09-07-2024,Zona Sul,Campo Limpo,Inativo Transitável,R ALVES DOS SANTOS
10-07-2024,Zona Norte,Santana,Inativo Transitável,PTE DAS BANDEIRAS SEN ROMEU TUMA
10-07-2024,Centro,Sé,Inativo Intransitável,AV DO ESTADO
10-07-2024,Centro,Sé,Inativo Intransitável,PTE DO RIO TAMANDUATEI
10-07-2024,Centro,Sé,Inativo Intransitável,AV RIO BRANCO
10-07-2024,Centro,Sé,Inativo Intransitável,AV MERCURIO
10-07-2024,Centro,Sé,Inativo Intransitável,AV MERCURIO
10-07-2024,Zona Oeste,Pinheiros,Inativo Transitável,AV DAS NACOES UNIDAS
11-07-2024,,,,
12-07-2024,,,,
13-07-2024,,,,
14-07-2024,,,,
15-07-2024,,,,
16-07-2024,,,,
17-07-2024,,,,
18-07-2024,,,,
19-07-2024,,,,
20-07-2024,,,,
21-07-2024,,,,
22-07-2024,,,,
23-07-2024,,,,
24-07-2024,,,,
25-07-2024,,,,
26-07-2024,,,,
27-07-2024,,,,
28-07-2024,,,,
29-07-2024,,,,
30-07-2024,,,,
31-07-2024,,,,
01-08-2024,,,,
02-08-2024,,,,
03-08-2024,,,,
04-08-2024,,,,
05-08-2024,,,,
06-08-2024,,,,
07-08-2024,,,,
08-08-2024,,,,
09-08-2024,,,,
10-08-2024,,,,
11-08-2024,,,,
12-08-2024,,,,
13-08-2024,,,,
14-08-2024,,,,
15-08-2024,,,,
16-08-2024,,,,
17-08-2024,,,,
18-08-2024,,,,
19-08-2024,,,,
20-08-2024,,,,
21-08-2024,,,,
22-08-2024,,,,
23-08-2024,,,,
24-08-2024,,,,
25-08-2024,,,,
26-08-2024,,,,
27-08-2024,,,,
28-08-2024,,,,
29-08-2024,,,,
30-08-2024,,,,
31-08-2024,,,,
01-09-2024,,,,
02-09-2024,,,,
03-09-2024,,,,
04-09-2024,,,,
05-09-2024,,,,
06-09-2024,,,,
07-09-2024,,,,
08-09-2024,,,,
09-09-2024,,,,
10-09-2024,,,,
11-09-2024,,,,
12-09-2024,,,,
13-09-2024,,,,
14-09-2024,,,,
15-09-2024,,,,
16-09-2024,Centro,Sé,Inativo Intransitável,R IGUACU (BOM RETIRO)
16-09-2024,Zona Oeste,Pinheiros,Inativo Transitável,AL SANTOS
16-09-2024,Zona Oeste,Pinheiros,Inativo Intransitável,AL CAMPINAS
16-09-2024,Zona Leste,Itaquera,Inativo Transitável,AV JOSE PINHEIRO BORGES
17-09-2024,,,,
18-09-2024,,,,
19-09-2024,,,,
20-09-2024,,,,
21-09-2024,,,,
22-09-2024,,,,
23-09-2024,,,,
24-09-2024,,,,
25-09-2024,,,,
26-09-2024,,,,
27-09-2024,,,,
28-09-2024,,,,
29-09-2024,,,,
30-09-2024,,,,
01-10-2024,,,,
02-10-2024,,,,
03-10-2024,,,,
04-10-2024,,,,
05-10-2024,,,,
06-10-2024,,,,
07-10-2024,,,,
08-10-2024,,,,
09-10-2024,,,,
10-10-2024,,,,
11-10-2024,Zona Norte,Casa Verde,Inativo Transitável,R CORREIA DE SA
11-10-2024,Centro,Sé,Inativo Transitável,R CARLOS GARCIA
11-10-2024,Centro,Sé,Inativo Transitável,R CRUZEIRO (SANTA CECILIA)
11-10-2024,Zona Oeste,Butantã,Inativo Intransitável,AV PROF FRANCISCO MORATO
11-10-2024,Zona Oeste,Lapa,Inativo Intransitável,AV TORRES DE OLIVEIRA
11-10-2024,Zona Oeste,Pinheiros,Inativo Transitável,AV DAS NACOES UNIDAS
11-10-2024,Zona Leste,Itaquera,Inativo Intransitável,AV JACU PESSEGO N TRABALHADORES
12-10-2024,Zona Oeste,Pinheiros,Inativo Transitável,R BALTAZAR FERNANDES
12-10-2024,Zona Sul,Santo Amaro,Inativo Intransitável,R CEL LUIS BARROSO
13-10-2024,,,,
14-10-2024,,,,
15-10-2024,,,,
16-10-2024,,,,
17-10-2024,,,,
18-10-2024,,,,
19-10-2024,,,,
20-10-2024,,,,
21-10-2024,,,,
22-10-2024,,,,
23-10-2024,Zona Norte,Casa Verde,Inativo Transitável,R DR FREIRE CISNEIRO
23-10-2024,Zona Norte,Vila Maria/ Vila Guilherme,Inativo Intransitável,AV ZAKI NARCHI
23-10-2024,Zona Norte,Santana,Inativo Transitável,MARGINAL TIETE ASCB CENTRAL
23-10-2024,Zona Norte,Santana,Inativo Transitável,AC A VEL PRES ARTHUR DA C E SILVA (SANTA CECILIA)
23-10-2024,Zona Norte,Santana,Inativo Transitável,AV ZAKI NARCHI
23-10-2024,Zona Norte,Santana,Inativo Transitável,R CEL ANTONIO DE CARVALHO
23-10-2024,Zona Norte,Santana,Inativo Transitável,R CEL ANTONIO DE CARVALHO
23-10-2024,Centro,Sé,Inativo Intransitável,R DOM RODO
23-10-2024,Centro,Sé,Inativo Intransitável,R PAULINO GUIMARAES
23-10-2024,Centro,Sé,Inativo Intransitável,AV S JOAO
23-10-2024,Centro,Sé,Inativo Intransitável,AV NOVE DE JULHO
23-10-2024,Centro,Sé,Inativo Transitável,VEL PRES JOAO GOULART
23-10-2024,Centro,Sé,Inativo Transitável,R PORTO SEGURO
23-10-2024,Centro,Sé,Inativo Intransitável,AV CRUZEIRO DO SUL
23-10-2024,Zona Oeste,Lapa,Inativo Transitável,AV COMEN MARTINELLI
23-10-2024,Zona Oeste,Lapa,Inativo Transitável,PC RENE BARRETO
23-10-2024,Zona Leste,Aricanduva/ Vila Formosa,Inativo Intransitável,AV DR EDUARDO COTCHING
23-10-2024,Zona Leste,Mooca,Inativo Transitável,AV VER ABEL FERREIRA
23-10-2024,Zona Leste,Mooca,Inativo Intransitável,AV ALCANTARA MACHADO
23-10-2024,Zona Leste,Mooca,Inativo Intransitável,R BRESSER
23-10-2024,Zona Sudeste,Ipiranga,Inativo Intransitável,R PRES COSTA PINTO
24-10-2024,Zona Norte,Santana,Inativo Intransitável,AV ZAKI NARCHI
24-10-2024,Zona Norte,Santana,Inativo Intransitável,AV GAL ATALIBA LEONEL
24-10-2024,Zona Norte,Santana,Inativo Transitável,MARGINAL TIETE ASCB EXPRESSA
24-10-2024,Centro,Sé,Inativo Intransitável,CV TRIBUNAL DE JUSTIÇA DO E SP
24-10-2024,Centro,Sé,Inativo Transitável,AV CRUZEIRO DO SUL
24-10-2024,Centro,Sé,Inativo Intransitável,R GUAPORE
24-10-2024,Centro,Sé,Inativo Transitável,R PAULINO GUIMARAES
24-10-2024,Centro,Sé,Inativo Intransitável,R PAULINO GUIMARAES
24-10-2024,Centro,Sé,Inativo Intransitável,R TAPAJOS
24-10-2024,Centro,Sé,Inativo Intransitável,R IGUACU (BOM RETIRO)
24-10-2024,Centro,Sé,Inativo Intransitável,R PORTO SEGURO
24-10-2024,Zona Oeste,Butantã,Inativo Transitável,AV ENG BILLINGS
24-10-2024,Zona Oeste,Lapa,Inativo Transitável,R PALESTRA ITALIA
24-10-2024,Zona Sul,Santo Amaro,Inativo Intransitável,AV DAS NACOES UNIDAS
24-10-2024,Zona Sul,Santo Amaro,Inativo Intransitável,AV VER JOSE DINIZ
24-10-2024,Zona Sudeste,Ipiranga,Inativo Transitável,AV VINTE E TRES DE MAIO
25-10-2024,Zona Norte,Vila Maria/ Vila Guilherme,Inativo Transitável,R JOSE BERNARDO PINTO
25-10-2024,Zona Norte,Santana,Inativo Transitável,MARGINAL TIETE ASCB CENTRAL
25-10-2024,Centro,Sé,Inativo Intransitável,R DOM RODO
25-10-2024,Centro,Sé,Inativo Transitável,AV CRUZEIRO DO SUL
25-10-2024,Centro,Sé,Inativo Transitável,AV CRUZEIRO DO SUL
25-10-2024,Centro,Sé,Inativo Transitável,AV CRUZEIRO DO SUL
25-10-2024,Centro,Sé,Inativo Transitável,MARGINAL TIETE CBAS EXPRESSA
25-10-2024,Centro,Sé,Inativo Transitável,VEL PRES JOÃO GOULART
25-10-2024,Zona Oeste,Lapa,Inativo Transitável,R TRIPOLI
25-10-2024,Zona Oeste,Lapa,Inativo Transitável,AV DOMINGOS DE SOUZA MARQUES
25-10-2024,Zona Leste,Itaquera,Inativo Transitável,AV ITAQUERA
25-10-2024,Zona Leste,Itaquera,Inativo Transitável,AV JOSE PINHEIRO BORGES
25-10-2024,Zona Leste,Mooca,Inativo Transitável,AV MORVAN DIAS DE FIGUEIREDO
26-10-2024,,,,
27-10-2024,,,,
28-10-2024,,,,
29-10-2024,,,,
30-10-2024,,,,
31-10-2024,,,,
01-11-2024,,,,
02-11-2024,Zona Norte,Pirituba/Jaraguá,Inativo Intransitável,AV CBO ADAO PEREIRA
02-11-2024,Zona Norte,Pirituba/Jaraguá,Inativo Intransitável,AV GAL EDGAR FACO
02-11-2024,Zona Oeste,Butantã,Inativo Intransitável,AV ENG BILLINGS
02-11-2024,Zona Oeste,Lapa,Inativo Transitável,R ROBERT BOSCH
02-11-2024,Zona Oeste,Lapa,Inativo Transitável,MARGINAL TIETE ASCB EXPRESSA
02-11-2024,Zona Oeste,Lapa,Inativo Transitável,VIA ANHANGUERA
02-11-2024,Zona Oeste,Lapa,Inativo Transitável,PC PASCOAL MARTINS
02-11-2024,Zona Leste,Itaquera,Inativo Intransitável,R PDE VIEGAS DE MENEZES
02-11-2024,Zona Leste,Itaim Paulista,Inativo Transitável,AV MARECHAL TITO
02-11-2024,Zona Sul,Campo Limpo,Inativo Transitável,AV ELLIS MAAS
02-11-2024,Zona Sul,Santo Amaro,Inativo Transitável,AV JORN ROBERTO MARINHO
02-11-2024,Zona Sul,Santo Amaro,Inativo Intransitável,AV DAS NACOES UNIDAS
02-11-2024,Zona Sul,Santo Amaro,Inativo Transitável,AV JORN ROBERTO MARINHO
02-11-2024,Zona Sudeste,Vila Mariana,Inativo Transitável,AV PROF ABRAAO DE MORAIS
03-11-2024,Zona Norte,Santana,Inativo Transitável,AV GAL ATALIBA LEONEL
04-11-2024,Centro,Sé,Inativo Transitável,AV PAULISTA
04-11-2024,Zona Leste,São Miguel Paulista,Inativo Intransitável,AV JACU PESSEGO N TRABALHADORES
05-11-2024,,,,
06-11-2024,Zona Norte,Casa Verde,Inativo Intransitável,AV ANTONIO MUNHOZ BONILHA
06-11-2024,Zona Norte,Casa Verde,Inativo Intransitável,AV NSRA.DO O
06-11-2024,Zona Norte,Freguesia do Ó,Inativo Intransitável,AV INAJAR DE SOUZA
06-11-2024,Zona Norte,Freguesia do Ó,Inativo Intransitável,R RIBEIRO DE MORAIS
06-11-2024,Zona Norte,Jaçanã/ Tremembé,Inativo Intransitável,R BENTO FRANCO
06-11-2024,Zona Norte,Vila Maria/ Vila Guilherme,Inativo Transitável,AV SANATORIO
06-11-2024,Zona Norte,Pirituba/Jaraguá,Inativo Intransitável,AV ELISIO CORDEIRO DE SIQUEIRA
06-11-2024,Zona Norte,Pirituba/Jaraguá,Inativo Transitável,AV DR FELIPE PINEL
06-11-2024,Zona Norte,Perus,Inativo Intransitável,AV DR SYLVIO DE CAMPOS
06-11-2024,Zona Norte,Perus,Inativo Intransitável,R FRANCIS DE CASTELNAU
06-11-2024,Zona Norte,Perus,Inativo Intransitável,ESTRADA DE PIRAPORA
06-11-2024,Zona Norte,Perus,Inativo Intransitável,R BINGA
06-11-2024,Centro,Sé,Inativo Transitável,VEL PRES JOAO GOULART
06-11-2024,Zona Oeste,Butantã,Inativo Transitável,AV VITAL BRASIL
06-11-2024,Zona Oeste,Lapa,Inativo Intransitável,MARGINAL TIETE
06-11-2024,Zona Oeste,Lapa,Inativo Intransitável,PC PASCOAL MARTINS
06-11-2024,Zona Oeste,Lapa,Inativo Intransitável,R GUAICURUS
06-11-2024,Zona Oeste,Lapa,Inativo Intransitável,AV NICOLAS BOER
06-11-2024,Zona Oeste,Lapa,Inativo Intransitável,AV POMPEIA
06-11-2024,Zona Oeste,Lapa,Inativo Transitável,R TEN ALBERTO SPICCIATI
06-11-2024,Zona Oeste,Lapa,Inativo Transitável,R VENANCIO AIRES
06-11-2024,Zona Oeste,Lapa,Inativo Intransitável,PSS FANDI CHAQUIB KALIL
06-11-2024,Zona Oeste,Pinheiros,Inativo Intransitável,AV REBOUCAS
06-11-2024,Zona Oeste,Pinheiros,Inativo Transitável,AV DAS NACOES UNIDAS
06-11-2024,Zona Leste,Aricanduva/ Vila Formosa,Inativo Intransitável,AV ARICANDUVA
06-11-2024,Zona Leste,Itaquera,Inativo Transitável,R RIO BOM
06-11-2024,Zona Leste,Itaquera,Inativo Intransitável,AV JACU PESSEGO N TRABALHADORES
06-11-2024,Zona Leste,Itaim Paulista,Inativo Transitável,AV MARECHAL TITO
06-11-2024,Zona Leste,Itaim Paulista,Inativo Transitável,RUA MANUEL BARBALHO DE LIMA
06-11-2024,Zona Leste,Itaim Paulista,Inativo Transitável,AV MARECHAL TITO
06-11-2024,Zona Leste,Itaim Paulista,Inativo Transitável,AV MARECHAL TITO
06-11-2024,Zona Leste,Itaim Paulista,Inativo Transitável,AV MAL TITO
06-11-2024,Zona Leste,Mooca,Inativo Transitável,AV SALIM FARAH MALUF
06-11-2024,Zona Leste,Penha,Inativo Transitável,R JOAQUIM MARRA
06-11-2024,Zona Sul,Santo Amaro,Inativo Intransitável,AV STO AMARO
06-11-2024,Zona Sudeste,Vila Mariana,Inativo Intransitável,AV VINTE E TRES DE MAIO
06-11-2024,Zona Sudeste,Vila Mariana,Inativo Transitável,AV PEDRO ALVARES CABRAL
07-11-2024,Zona Oeste,Lapa,Inativo Transitável,AV COMEN MARTINELLI
08-11-2024,Zona Norte,Pirituba/Jaraguá,Inativo Transitável,AV RAIMUNDO PEREIRA DE MAGALHAES ALTURA DO NUMERO 12877
08-11-2024,Zona Norte,Santana,Inativo Intransitável,AV DO ESTADO
08-11-2024,Centro,Sé,Inativo Intransitável,AV MERCURIO
08-11-2024,Centro,Sé,Inativo Transitável,VEL PRES JOAO GOULART
08-11-2024,Centro,Sé,Inativo Intransitável,AV MERCURIO
08-11-2024,Centro,Sé,Inativo Transitável,VEL PRES JOAO GOULART
08-11-2024,Zona Oeste,Butantã,Inativo Transitável,R ALVARENGA
08-11-2024,Zona Oeste,Butantã,Inativo Transitável,R CEL PALIMERCIO DE REZENDE
08-11-2024,Zona Oeste,Lapa,Inativo Intransitável,R BR.DE POMBALINHO
08-11-2024,Zona Oeste,Lapa,Inativo Transitável,AV ERMANO MARCHETTI
08-11-2024,Zona Oeste,Lapa,Inativo Transitável,AV ERMANO MARCHETTI
08-11-2024,Zona Oeste,Pinheiros,Inativo Transitável,AV DAS NACOES UNIDAS
08-11-2024,Zona Leste,Aricanduva/ Vila Formosa,Inativo Transitável,VD ENG ALBERTO BADRA
08-11-2024,Zona Leste,Cidade Tiradentes,Inativo Intransitável,R CORDAS DE ACO
08-11-2024,Zona Leste,Itaquera,Inativo Intransitável,R KEICHI MATSUMOTO
08-11-2024,Zona Leste,Mooca,Inativo Transitável,AV SALIM FARAH MALUF
08-11-2024,Zona Leste,Penha,Inativo Transitável,R ATALEIA
08-11-2024,Zona Sul,Campo Limpo,Inativo Transitável,R FRANCISCO TRAMONTANO
08-11-2024,Zona Sul,Campo Limpo,Inativo Transitável,AV GIOVANNI GRONCHI
08-11-2024,Zona Sul,Santo Amaro,Inativo Transitável,AV JORN ROBERTO MARINHO
08-11-2024,Zona Sudeste,Vila Mariana,Inativo Transitável,AV PEDRO ALVARES CABRAL
08-11-2024,Zona Sudeste,Vila Mariana,Inativo Transitável,AV PEDRO ALVARES CABRAL
09-11-2024,,,,
10-11-2024,,,,
11-11-2024,,,,
12-11-2024,,,,
13-11-2024,,,,
14-11-2024,,,,
15-11-2024,Zona Norte,Perus,Inativo Transitável,R FRANCIS DE CASTELNAU
16-11-2024,,,,
17-11-2024,,,,
18-11-2024,,,,
19-11-2024,,,,
20-11-2024,,,,
21-11-2024,,,,
22-11-2024,,,,
23-11-2024,,,,
24-11-2024,,,,
25-11-2024,,,,
26-11-2024,,,,
27-11-2024,,,,
28-11-2024,Zona Oeste,Butantã,Inativo Transitável,AV JULES RIMET
28-11-2024,Zona Oeste,Pinheiros,Inativo Transitável,AV DOS BANDEIRANTES
28-11-2024,Zona Sul,Campo Limpo,Inativo Intransitável,R JOSE RAMON URTIZA
28-11-2024,Zona Sul,Campo Limpo,Inativo Intransitável,AV GIOVANNI GRONCHI
28-11-2024,Zona Sul,Campo Limpo,Inativo Transitável,R JOAO FRANCISCO DELMAS
28-11-2024,Zona Sul,Capela do Socorro,Inativo Intransitável,AV GUARAPIRANGA
28-11-2024,Zona Sul,Capela do Socorro,Inativo Intransitável,AV GUARAPIRANGA
28-11-2024,Zona Sul,M'Boi Mirim,Inativo Transitável,AV LUIZ GUSHIKEN
28-11-2024,Zona Sul,M'Boi Mirim,Inativo Transitável,PC ALCEU AMOROSO LIMA
28-11-2024,Zona Sul,Santo Amaro,Inativo Intransitável,AV VITOR MANZINI
28-11-2024,Zona Sul,Santo Amaro,Inativo Transitável,R PIRANCHIN
28-11-2024,Zona Sudeste,Jabaquara,Inativo Intransitável,R ALBA
29-11-2024,,,,
30-11-2024,,,,
01-12-2024,,,,
02-12-2024,,,,
03-12-2024,Centro,Sé,Inativo Intransitável,R ROBERTO SIMONSEN
03-12-2024,Centro,Sé,Inativo Transitável,VEL PRES JOAO GOULART
03-12-2024,Zona Oeste,Butantã,Inativo Transitável,AV VITAL BRASIL
03-12-2024,Zona Sul,Santo Amaro,Inativo Transitável,AV STO AMARO
03-12-2024,Zona Sudeste,Vila Mariana,Inativo Transitável,AV PEDRO ALVARES CABRAL
03-12-2024,Zona Sudeste,Vila Mariana,Inativo Transitável,AV PEDRO ALVARES CABRAL
04-12-2024,,,,
05-12-2024,Zona Norte,Casa Verde,Inativo Intransitável,AV ANTONIO MUNHOZ BONILHA
05-12-2024,Zona Norte,Casa Verde,Inativo Intransitável,R CORREIA DE SA
05-12-2024,Zona Norte,Freguesia do Ó,Inativo Intransitável,R BEIRA RIO
05-12-2024,Zona Norte,Vila Maria/ Vila Guilherme,Inativo Transitável,R CEL MARQUES RIBEIRO
05-12-2024,Zona Norte,Vila Maria/ Vila Guilherme,Inativo Transitável,R CHICO PONTES
05-12-2024,Centro,Sé,Inativo Intransitável,VEL PRES JOAO GOULART
05-12-2024,Centro,Sé,Inativo Transitável,AV CRUZEIRO DO SUL
05-12-2024,Centro,Sé,Inativo Intransitável,AV FRANCISCO MATARAZZO
05-12-2024,Zona Oeste,Lapa,Inativo Transitável,AV POMPEIA
05-12-2024,Zona Oeste,Lapa,Inativo Intransitável,AV MARQ.DE SAO VICENTE
05-12-2024,Zona Oeste,Pinheiros,Inativo Transitável,R ESTADOS UNIDOS (JD PAULISTA)
05-12-2024,Zona Leste,Aricanduva/ Vila Formosa,Inativo Intransitável,AV ARICANDUVA
05-12-2024,Zona Leste,Itaquera,Inativo Transitável,AV MARGINAL ESQUERDA ANCHIETA
05-12-2024,Zona Leste,Mooca,Inativo Transitável,AV AIRTON PRETINI
06-12-2024,,,,
07-12-2024,,,,
08-12-2024,,,,
09-12-2024,,,,
10-12-2024,Zona Leste,São Mateus,Inativo Transitável,R JOSE AUGUSTO CESAR SALGADO
10-12-2024,Zona Leste,São Mateus,Inativo Transitável,R JOSE AUGUSTO CESAR SALGADO
10-12-2024,Zona Sul,Santo Amaro,Inativo Transitável,AV STO AMARO
11-12-2024,,,,
12-12-2024,,,,
13-12-2024,,,,
14-12-2024,,,,
15-12-2024,,,,
16-12-2024,,,,
17-12-2024,,,,
18-12-2024,,,,
19-12-2024,,,,
20-12-2024,Zona Norte,Casa Verde,Inativo Intransitável,AV ANTONIO MUNHOZ BONILHA
20-12-2024,Zona Norte,Jaçanã/ Tremembé,Inativo Transitável,AV SANATORIO
20-12-2024,Zona Leste,Aricanduva/ Vila Formosa,Inativo Intransitável,AV ARICANDUVA
20-12-2024,Zona Leste,Itaquera,Inativo Intransitável,AV ITAQUERA
20-12-2024,Zona Leste,Itaquera,Inativo Intransitável,AV JACU PESSEGO N TRABALHADORES
20-12-2024,Zona Leste,Itaquera,Inativo Intransitável,R ITAGIMIRIM
20-12-2024,Zona Leste,Itaquera,Inativo Intransitável,AV MUSGO-DE-FLOR
20-12-2024,Zona Leste,Itaquera,Inativo Intransitável,AV ÁGUIA DE HAIA
20-12-2024,Zona Leste,Itaquera,Inativo Intransitável,AV DAVID DOMINGUES FERREIRA
20-12-2024,Zona Leste,Itaquera,Inativo Intransitável,AV S.C. CORINTHIANS PAULISTA
20-12-2024,Zona Leste,Itaquera,Inativo Intransitável,R BRESSER
20-12-2024,Zona Leste,Itaquera,Inativo Intransitável,R SEN AMARAL FURLAN
20-12-2024,Zona Leste,Itaquera,Inativo Transitável,AV AFONSO DE SAMPAIO E SOUZA
20-12-2024,Zona Leste,Itaquera,Inativo Transitável,R CAROLINA FONSECA
20-12-2024,Zona Leste,Itaquera,Inativo Intransitável,AV JACU PESSEGO N TRABALHADORES
20-12-2024,Zona Leste,Itaquera,Inativo Intransitável,AV DR FRANCISCO MUNHOZ FILHO
20-12-2024,Zona Leste,Itaim Paulista,Inativo Transitável,AV MAL TITO
20-12-2024,Zona Leste,Itaim Paulista,Inativo Transitável,AV MARECHAL TITO
20-12-2024,Zona Leste,Itaim Paulista,Inativo Transitável,AV MARECHAL TITO
20-12-2024,Zona Leste,Itaim Paulista,Inativo Transitável,AV MARECHAL TITO
20-12-2024,Zona Leste,Mooca,Inativo Intransitável,AV ALCANTARA MACHADO
20-12-2024,Zona Leste,Penha,Inativo Intransitável,AV PDE SENA FREITAS
20-12-2024,Zona Leste,Penha,Inativo Intransitável,AV ANTONIO ESTEVAO DE CARVALHO
20-12-2024,Zona Leste,Penha,Inativo Intransitável,AV S MIGUEL
20-12-2024,Zona Leste,Penha,Inativo Intransitável,AV REGENTE FEIJO
20-12-2024,Zona Leste,Penha,Inativo Intransitável,AV NAGIB FARAH MALUF
20-12-2024,Zona Leste,Penha,Inativo Intransitável,AV DOM HELDER CAMARA
20-12-2024,Zona Leste,Penha,Inativo Transitável,R DR LUIZ AYRES
21-12-2024,Zona Norte,Vila Maria/ Vila Guilherme,Inativo Intransitável,R CHICO PONTES
21-12-2024,Centro,Sé,Inativo Intransitável,TN JOÃO PAULO II
21-12-2024,Centro,Sé,Inativo Transitável,AV PRES CASTELO BRANCO
21-12-2024,Centro,Sé,Inativo Intransitável,PC QUATORZE BIS
21-12-2024,Centro,Sé,Inativo Transitável,AV CRUZEIRO DO SUL
21-12-2024,Zona Oeste,Butantã,Inativo Intransitável,R GERIVATIBA
21-12-2024,Zona Oeste,Lapa,Inativo Transitável,AV POMPEIA
21-12-2024,Zona Oeste,Pinheiros,Inativo Transitável,AV NOVE DE JULHO
21-12-2024,Zona Oeste,Pinheiros,Inativo Transitável,AV REBOUCAS
21-12-2024,Zona Oeste,Pinheiros,Inativo Intransitável,AV NOVE DE JULHO
21-12-2024,Zona Oeste,Pinheiros,Inativo Transitável,AV BRASIL
21-12-2024,Zona Leste,Guaianases,Inativo Intransitável,R LEOPOLDO DELISLE
21-12-2024,Zona Leste,Guaianases,Inativo Intransitável,R JOSÉ VIEIRA GUIMARÃES
21-12-2024,Zona Leste,Itaquera,Inativo Intransitável,AV ITAQUERA
21-12-2024,Zona Leste,Itaquera,Inativo Intransitável,R PDE VIEGAS DE MENEZES
21-12-2024,Zona Leste,Itaquera,Inativo Intransitável,R VIRGINIA FERNI
21-12-2024,Zona Leste,Itaquera,Inativo Intransitável,AV JACU PÊSSEGO
21-12-2024,Zona Leste,Mooca,Inativo Intransitável,AV ALCANTARA MACHADO
21-12-2024,Zona Leste,Mooca,Inativo Intransitável,AV CRUZEIRO DO SUL
21-12-2024,Zona Leste,Penha,Inativo Intransitável,R JOAQUIM MARRA
21-12-2024,Zona Leste,Penha,Inativo Intransitável,R CIRENE JORGE RIBEIRO
21-12-2024,Zona Leste,Penha,Inativo Intransitável,AV GOV CARVALHO PINTO
21-12-2024,Zona Leste,Vila Prudente,Inativo Intransitável,RUA JOSÉ ZAPPI
22-12-2024,,,,
23-12-2024,,,,
24-12-2024,,,,
25-12-2024,Centro,Sé,Inativo Intransitável,AV DO ESTADO
25-12-2024,Centro,Sé,Inativo Intransitável,TN S JOAO PAULO II
25-12-2024,Centro,Sé,Inativo Intransitável,AV CANTAREIRA
25-12-2024,Centro,Sé,Inativo Intransitável,PC QUATORZE BIS
25-12-2024,Centro,Sé,Inativo Transitável,TN S JOAO PAULO II
25-12-2024,Zona Oeste,Butantã,Inativo Transitável,R NSRA.DAS GRACAS
25-12-2024,Zona Oeste,Butantã,Inativo Transitável,R ALVARENGA
25-12-2024,Zona Oeste,Butantã,Inativo Transitável,TN PRES JANIO QUADROS
25-12-2024,Zona Oeste,Lapa,Inativo Transitável,AV POMPEIA
25-12-2024,Zona Oeste,Lapa,Inativo Intransitável,R DR AUGUSTO MIRANDA
25-12-2024,Zona Oeste,Lapa,Inativo Intransitável,AV DO ESTADO
25-12-2024,Zona Oeste,Lapa,Inativo Intransitável,R DR MIRANDA DE AZEVEDO
25-12-2024,Zona Oeste,Lapa,Inativo Intransitável,PC MARREYJUNIOR
25-12-2024,Zona Oeste,Lapa,Inativo Transitável,MARGINAL TIETE
25-12-2024,Zona Oeste,Pinheiros,Inativo Intransitável,TN MAX FEFFER
25-12-2024,Zona Oeste,Pinheiros,Inativo Intransitável,TN FERNANDO VIEIRA DE MELLO
25-12-2024,Zona Oeste,Pinheiros,Inativo Intransitável,AV NOVE DE JULHO
25-12-2024,Zona Oeste,Pinheiros,Inativo Intransitável,R LEOPOLDO COUTO MAGALHÃES JR
25-12-2024,Zona Oeste,Pinheiros,Inativo Transitável,AV DAS NACOES UNIDAS
25-12-2024,Zona Oeste,Pinheiros,Inativo Transitável,AV CIDADE JARDIM
25-12-2024,Zona Oeste,Pinheiros,Inativo Intransitável,AV DAS NACOES UNIDAS
25-12-2024,Zona Leste,Ermelino Matarazzo,Inativo Transitável,R DR LUIZ AYRES
25-12-2024,Zona Leste,Itaquera,Inativo Intransitável,AV ITAQUERA
25-12-2024,Zona Leste,Itaquera,Inativo Intransitável,R PDE VIEGAS DE MENEZES
25-12-2024,Zona Leste,Itaquera,Inativo Intransitável,AV ARICANDUVA
25-12-2024,Zona Leste,Mooca,Inativo Transitável,AV ALCANTARA MACHADO
25-12-2024,Zona Leste,Mooca,Inativo Transitável,R SILVA JARDIM
25-12-2024,Zona Leste,Mooca,Inativo Intransitável,R MONTE SERRAT
25-12-2024,Zona Leste,Mooca,Inativo Intransitável,R EUCLIDES PACHECO
25-12-2024,Zona Leste,Penha,Inativo Intransitável,R ATALEIA
25-12-2024,Zona Leste,Penha,Inativo Transitável,AV ANTONIO ESTEVAO DE CARVALHO
25-12-2024,Zona Leste,Penha,Inativo Transitável,AV ANTONIO ESTEVAO DE CARVALHO
25-12-2024,Zona Leste,Penha,Inativo Transitável,AV GOV CARVALHO PINTO
25-12-2024,Zona Sul,Capela do Socorro,Inativo Transitável,AV SEN TEOTONIO VILELA
25-12-2024,Zona Sul,Santo Amaro,Inativo Intransitável,AV STO AMARO
25-12-2024,Zona Sul,Santo Amaro,Inativo Intransitável,AV VITOR MANZINI
25-12-2024,Zona Sul,Santo Amaro,Inativo Intransitável,AV DOS BANDEIRANTES
25-12-2024,Zona Sul,Santo Amaro,Inativo Intransitável,AV ROQUE PETRONI JUNIOR
25-12-2024,Zona Sudeste,Vila Mariana,Inativo Intransitável,AV VINTE E TRES DE MAIO
25-12-2024,Zona Sudeste,Vila Mariana,Inativo Intransitável,AV RUBEM BERTA
25-12-2024,Zona Sudeste,Vila Mariana,Inativo Intransitável,AV PROF ASCENDINO REIS
25-12-2024,Zona Sudeste,Vila Mariana,Inativo Intransitável,AV PROF ABRAAO DE MORAIS
25-12-2024,Zona Sudeste,Vila Mariana,Inativo Intransitável,TN AYRTON SENNA
25-12-2024,Zona Sudeste,Vila Mariana,Inativo Transitável,R GAIVOTA
25-12-2024,Zona Sudeste,Vila Mariana,Inativo Intransitável,AV DR RICARDO JAFET
25-12-2024,Zona Sudeste,Vila Mariana,Inativo Intransitável,R SENA MADUREIRA
26-12-2024,Zona Oeste,Pinheiros,Inativo Transitável,MARGINAL PINHEIROS
26-12-2024,Zona Leste,Aricanduva/ Vila Formosa,Inativo Transitável,AV ARICANDUVA
26-12-2024,Zona Leste,Itaquera,Inativo Intransitável,R SEN AMARAL FURLAN
26-12-2024,Zona Leste,Itaquera,Inativo Transitável,AV ITAQUERA
26-12-2024,Zona Leste,Mooca,Inativo Transitável,AV AIRTON PRETINI
26-12-2024,Zona Leste,Mooca,Inativo Transitável,R MILLER
26-12-2024,Zona Leste,Mooca,Inativo Transitável,R XAVANTES
27-12-2024,Zona Norte,Santana,Inativo Intransitável,MARGINAL TIETE
27-12-2024,Zona Norte,Santana,Inativo Transitável,AL GLETE
27-12-2024,Zona Oeste,Lapa,Inativo Intransitável,AV DRA RUTH CARDOSO
27-12-2024,Zona Oeste,Pinheiros,Inativo Intransitável,MARGINAL PINHEIROS
27-12-2024,Zona Oeste,Pinheiros,Inativo Intransitável,AV HAROLDO VELOSO
27-12-2024,Zona Oeste,Pinheiros,Inativo Intransitável,R BRIG HAROLDO VELOSO
27-12-2024,Zona Leste,Itaim Paulista,Inativo Transitável,AV MARECHAL TITO
27-12-2024,Zona Leste,Itaim Paulista,Inativo Transitável,AV MARECHAL TITO
27-12-2024,Zona Leste,Mooca,Inativo Intransitável,AV CELSO GARCIA
27-12-2024,Zona Leste,Penha,Inativo Intransitável,R ATALEIA
27-12-2024,Zona Leste,Penha,Inativo Intransitável,R PDE BENEDITO DE CAMARGO
27-12-2024,Zona Leste,Penha,Inativo Intransitável,R ATALEIA
27-12-2024,Zona Sul,Santo Amaro,Inativo Transitável,AV JORN ROBERTO MARINHO
27-12-2024,Zona Sudeste,Vila Mariana,Inativo Transitável,AV REPUBLICA DO LIBANO
28-12-2024,,,,
29-12-2024,,,,
30-12-2024,,,,
31-12-2024,Zona Sul,Santo Amaro,Inativo Intransitável,AV. INTERLAGOS
31-12-2024,Zona Sul,Santo Amaro,Inativo Intransitável,PRAÇA DOM FRANCISCO DE SOUZA
01-01-2025,,,,
02-01-2025,Zona Norte,Vila Maria/ Vila Guilherme,Inativo Intransitável,AV MORVAN DIAS DE FIGUEIREDO
02-01-2025,Centro,Sé,Inativo Intransitável,AV DO ESTADO
02-01-2025,Zona Leste,Aricanduva/ Vila Formosa,Inativo Intransitável,R APIO CLAUDIO
02-01-2025,Zona Leste,Itaquera,Inativo Transitável,AV ITAQUERA
02-01-2025,Zona Leste,Itaquera,Inativo Transitável,R CASTELO DO PIAUI
02-01-2025,Zona Leste,Itaim Paulista,Inativo Transitável,AV MARECHAL TITO
02-01-2025,Zona Leste,Itaim Paulista,Inativo Transitável,AV MAL TITO
02-01-2025,Zona Leste,Mooca,Inativo Intransitável,R BRESSER
02-01-2025,Zona Leste,Mooca,Inativo Intransitável,AV ALCANTARA MACHADO
02-01-2025,Zona Leste,Penha,Inativo Intransitável,R ATALEIA
02-01-2025,Zona Leste,Penha,Inativo Transitável,AV CD.DE FRONTIN
02-01-2025,Zona Leste,Vila Prudente,Inativo Intransitável,AV PROF LUIZ IGNACIO DE ANAHIA MELLO
02-01-2025,Zona Leste,Vila Prudente,Inativo Intransitável,AV PROF LUIZ IGNACIO DE ANAHIA MELLO
02-01-2025,Zona Sudeste,Ipiranga,Inativo Transitável,AV DO ESTADO
03-01-2025,Zona Norte,Vila Maria/ Vila Guilherme,Inativo Intransitável,AV BANDEIRANTES DO SUL
03-01-2025,Centro,Sé,Inativo Transitável,AV PRES CASTELO BRANCO
03-01-2025,Centro,Sé,Inativo Transitável,R GUAIANASES
03-01-2025,Centro,Sé,Inativo Intransitável,AV DO ESTADO
03-01-2025,Centro,Sé,Inativo Intransitável,AV PROJETADA (CANINDE-PARI)
03-01-2025,Zona Leste,Aricanduva/ Vila Formosa,Inativo Transitável,AV ITAQUERA
03-01-2025,Zona Leste,Mooca,Inativo Intransitável,MARGINAL TIETE CBAS EXPRESSA
03-01-2025,Zona Leste,Penha,Inativo Transitável,R ATALEIA
03-01-2025,Zona Leste,São Mateus,Inativo Transitável,AV AFONSO DE SAMPAIO E SOUSA
03-01-2025,Zona Sul,Santo Amaro,Inativo Transitável,AV JORN ROBERTO MARINHO
03-01-2025,Zona Sudeste,Ipiranga,Inativo Intransitável,R PRES BATISTA PEREIRA
04-01-2025,Zona Leste,Penha,Inativo Intransitável,R ATALEIA
05-01-2025,Zona Leste,Itaquera,Inativo Intransitável,AV ITAQUERA
05-01-2025,Zona Leste,Itaquera,Inativo Transitável,R PDE VIEGAS DE MENEZES
05-01-2025,Zona Leste,Itaquera,Inativo Transitável,R CASTELO DO PIAUI
05-01-2025,Zona Leste,Itaim Paulista,Inativo Transitável,AV MARECHAL TITO
05-01-2025,Zona Leste,Itaim Paulista,Inativo Transitável,AV MARECHAL TITO
06-01-2025,,,,
07-01-2025,Zona Leste,Aricanduva/ Vila Formosa,Inativo Intransitável,AV REG FEIJO
07-01-2025,Zona Leste,Itaquera,Inativo Intransitável,AV. CIDADE LIDER
07-01-2025,Zona Leste,Itaquera,Inativo Intransitável,RUA HARRY DANNENBERG
07-01-2025,Zona Leste,Itaquera,Inativo Intransitável,AV.DR. FRANCISCO MUNHOZ FILHO
07-01-2025,Zona Leste,Itaquera,Inativo Intransitável,AV ITAQUERA
07-01-2025,Zona Leste,Itaquera,Inativo Intransitável,R PADRE VIEGAS DE MENEZES
08-01-2025,Zona Norte,Vila Maria/ Vila Guilherme,Inativo Intransitável,R CEL MARQUES RIBEIRO
08-01-2025,Centro,Sé,Inativo Intransitável,AV DO ESTADO
08-01-2025,Zona Oeste,Pinheiros,Inativo Transitável,AL CAMPINAS
08-01-2025,Zona Leste,Penha,Inativo Transitável,R ATALEIA
09-01-2025,,,,
10-01-2025,,,,
11-01-2025,,,,
12-01-2025,,,,
13-01-2025,,,,
14-01-2025,,,,
15-01-2025,,,,
16-01-2025,Zona Norte,Vila Maria/ Vila Guilherme,Inativo Intransitável,AV GUILHERME
16-01-2025,Zona Norte,Vila Maria/ Vila Guilherme,Inativo Intransitável,ESC ESCADARIA
16-01-2025,Zona Norte,Vila Maria/ Vila Guilherme,Inativo Intransitável,R CEL MARQUES RIBEIRO
16-01-2025,Zona Norte,Vila Maria/ Vila Guilherme,Inativo Intransitável,AV EDU CHAVES
16-01-2025,Centro,Sé,Inativo Intransitável,AC A RUA ANA CINTRA
16-01-2025,Centro,Sé,Inativo Intransitável,AV VINTE E TRES DE MAIO
16-01-2025,Centro,Sé,Inativo Intransitável,VEL PRES JOAO GOULART
16-01-2025,Centro,Sé,Inativo Intransitável,AV DO ESTADO
16-01-2025,Centro,Sé,Inativo Intransitável,AV DO ESTADO
16-01-2025,Zona Oeste,Butantã,Inativo Intransitável,AV PROF FRANCISCO MORATO
16-01-2025,Zona Oeste,Butantã,Inativo Transitável,AV MAGALHAES DE CASTRO
16-01-2025,Zona Oeste,Butantã,Inativo Intransitável,AV MAGALHAES DE CASTRO
16-01-2025,Zona Oeste,Lapa,Inativo Transitável,AV POMPEIA
16-01-2025,Zona Oeste,Lapa,Inativo Transitável,AV ANTARTICA
16-01-2025,Zona Oeste,Lapa,Inativo Transitável,AV D (V. LEOPOLDINA-LAPA)
16-01-2025,Zona Oeste,Lapa,Inativo Intransitável,AV MARQ.DE SAO VICENTE
16-01-2025,Zona Oeste,Lapa,Inativo Intransitável,AV POMPEIA
16-01-2025,Zona Oeste,Pinheiros,Inativo Transitável,AV EUSEBIO MATOSO
16-01-2025,Zona Oeste,Pinheiros,Inativo Intransitável,R HENRIQUE SCHAUMANN
16-01-2025,Zona Leste,Ermelino Matarazzo,Inativo Intransitável,AV CELSO GARCIA
16-01-2025,Zona Leste,Penha,Inativo Transitável,R ATALEIA
16-01-2025,Zona Sul,Campo Limpo,Inativo Intransitável,ES DE ITAPECERICA
16-01-2025,Zona Sul,M'Boi Mirim,Inativo Intransitável,ES DE ITAPECERICA
16-01-2025,Zona Sul,M'Boi Mirim,Inativo Intransitável,R JOSE BARROS MAGALDI
16-01-2025,Zona Sul,Santo Amaro,Inativo Intransitável,AV STO AMARO
16-01-2025,Zona Sul,Santo Amaro,Inativo Intransitável,AV STO AMARO
16-01-2025,Zona Sul,Santo Amaro,Inativo Intransitável,AV DAS NACOES UNIDAS
16-01-2025,Zona Sul,Santo Amaro,Inativo Intransitável,AV ROQUE PETRONI JUNIOR
16-01-2025,Zona Sul,Santo Amaro,Inativo Intransitável,AV DAS NACOES UNIDAS
16-01-2025,Zona Sudeste,Ipiranga,Inativo Intransitável,R PRES BATISTA PEREIRA
16-01-2025,Zona Sudeste,Vila Mariana,Inativo Intransitável,AV RUBEM BERTA
17-01-2025,Zona Norte,Vila Maria/ Vila Guilherme,Inativo Transitável,R CEL MARQUES RIBEIRO
17-01-2025,Zona Oeste,Butantã,Inativo Transitável,CV ESCOLA DE ENGENHARIA MACKENZIE
17-01-2025,Zona Oeste,Lapa,Inativo Transitável,R ATIBAIA
17-01-2025,Zona Sudeste,Ipiranga,Inativo Transitável,R MALVINA FERRARA SAMARONE
18-01-2025,Zona Leste,Aricanduva/ Vila Formosa,Inativo Transitável,AV ARICANDUVA
19-01-2025,Zona Leste,Itaquera,Inativo Intransitável,AV ITAQUERA
20-01-2025,,,,
21-01-2025,,,,
22-01-2025,Zona Leste,Itaquera,Inativo Transitável,R VICTORIO SANTIM
22-01-2025,Zona Leste,Itaquera,Inativo Intransitável,AV ITAQUERA
23-01-2025,Zona Norte,Vila Maria/ Vila Guilherme,Inativo Transitável,R FRANCISCO DUARTE
24-01-2025,Zona Norte,Casa Verde,Inativo Intransitável,AV ORDEM E PROGRESSO
24-01-2025,Zona Norte,Casa Verde,Inativo Intransitável,AV PROF CELESTINO BOURROUL
24-01-2025,Zona Norte,Casa Verde,Inativo Transitável,AV BRAZ LEME
24-01-2025,Zona Norte,Casa Verde,Inativo Intransitável,AV BRAZ LEME
24-01-2025,Zona Norte,Casa Verde,Inativo Transitável,AV ANTONIO MUNHOZ BONILHA
24-01-2025,Zona Norte,Casa Verde,Inativo Intransitável,AV ORDEM E PROGRESSO
24-01-2025,Zona Norte,Vila Maria/ Vila Guilherme,Inativo Intransitável,PC ORLANDO SILVA
24-01-2025,Zona Norte,Vila Maria/ Vila Guilherme,Inativo Intransitável,R CEL MARQUES RIBEIRO
24-01-2025,Zona Norte,Santana,Inativo Intransitável,R VOLUNTARIOS DA PATRIA
24-01-2025,Zona Norte,Santana,Inativo Intransitável,MARGINAL TIETE ASCB CENTRAL
24-01-2025,Centro,Sé,Inativo Intransitável,AV DO ESTADO
24-01-2025,Centro,Sé,Inativo Transitável,R STA ISABEL
24-01-2025,Centro,Sé,Inativo Intransitável,AV DO ESTADO
24-01-2025,Centro,Sé,Inativo Intransitável,AV PRES CASTELO BRANCO
24-01-2025,Zona Oeste,Butantã,Inativo Intransitável,AV DOS TAJURAS
24-01-2025,Zona Oeste,Butantã,Inativo Transitável,AV ENG BILLINGS
24-01-2025,Zona Oeste,Lapa,Inativo Intransitável,R JEROAQUARA
24-01-2025,Zona Oeste,Lapa,Inativo Intransitável,AV MARQ DE SAO VICENTE
24-01-2025,Zona Oeste,Lapa,Inativo Intransitável,PC MARREY JUNIOR
24-01-2025,Zona Oeste,Lapa,Inativo Intransitável,R CARAIBAS
24-01-2025,Zona Oeste,Lapa,Inativo Intransitável,R GUAICURUS
24-01-2025,Zona Oeste,Lapa,Inativo Intransitável,AV PRES CASTELO BRANCO
24-01-2025,Zona Oeste,Lapa,Inativo Intransitável,AV ERMANO MARCHETTI
24-01-2025,Zona Oeste,Lapa,Inativo Intransitável,AV POMPEIA
24-01-2025,Zona Oeste,Lapa,Inativo Transitável,MARGINAL PINHEIROS CBINT
24-01-2025,Zona Oeste,Pinheiros,Inativo Intransitável,R CARD ARCOVERDE
24-01-2025,Zona Oeste,Pinheiros,Inativo Intransitável,MARGINAL PINHEIROS INTCB
24-01-2025,Zona Leste,Aricanduva/ Vila Formosa,Inativo Intransitável,R APIO CLAUDIO
24-01-2025,Zona Leste,Aricanduva/ Vila Formosa,Inativo Intransitável,AV CD.DE FRONTIN
24-01-2025,Zona Leste,Itaquera,Inativo Intransitável,AV ITAQUERA
24-01-2025,Zona Leste,Itaquera,Inativo Intransitável,R DR AURELIANO BARREIROS
24-01-2025,Zona Leste,Itaquera,Inativo Intransitável,R PDE VIEGAS DE MENEZES
24-01-2025,Zona Leste,Mooca,Inativo Intransitável,AV ALCANTARA MACHADO
24-01-2025,Zona Leste,Mooca,Inativo Intransitável,AV ALCANTARA MACHADO
24-01-2025,Zona Leste,Mooca,Inativo Transitável,R DA MOOCA
24-01-2025,Zona Leste,Mooca,Inativo Intransitável,AV SALIM FARAH MALUF
24-01-2025,Zona Leste,Penha,Inativo Intransitável,AV S MIGUEL
24-01-2025,Zona Leste,Vila Prudente,Inativo Intransitável,AV PROF LUIZ IGNACIO ANHAIA MELLO
24-01-2025,Zona Sudeste,Ipiranga,Inativo Intransitável,R PRES BATISTA PEREIRA
25-01-2025,Zona Leste,Itaim Paulista,Inativo Transitável,AV MARECHAL TITO
25-01-2025,Zona Leste,Itaim Paulista,Inativo Transitável,AV MARECHAL TITO
25-01-2025,Zona Leste,Itaim Paulista,Inativo Transitável,RUA MANUEL BARBALHO DE LIMA
26-01-2025,Zona Norte,Casa Verde,Inativo Intransitável,AV ANTONIO MUNHOZ BONILHA
26-01-2025,Zona Norte,Pirituba/Jaraguá,Inativo Intransitável,R ODUVALDO VIANA
26-01-2025,Zona Norte,Pirituba/Jaraguá,Inativo Intransitável,ES DAS TAIPAS
26-01-2025,Zona Norte,Pirituba/Jaraguá,Inativo Intransitável,R CAP OLIVEIRA CARVALHO
26-01-2025,Zona Norte,Santana,Inativo Transitável,PC CAMPO DE BAGATELLE
26-01-2025,Zona Oeste,Butantã,Inativo Intransitável,AV DRA RUTH CARDOSO
26-01-2025,Zona Oeste,Butantã,Inativo Intransitável,AV ENG BILLINGS
26-01-2025,Zona Oeste,Pinheiros,Inativo Intransitável,AV DAS NACOES UNIDAS
26-01-2025,Zona Leste,Itaquera,Inativo Intransitável,R PDE VIEGAS DE MENEZES
26-01-2025,Zona Leste,Itaquera,Inativo Transitável,AV ITAQUERA
26-01-2025,Zona Leste,Itaim Paulista,Inativo Transitável,AV MARECHAL TITO
26-01-2025,Zona Leste,Penha,Inativo Intransitável,R FREI BERTOLDO
26-01-2025,Zona Leste,Penha,Inativo Intransitável,R ATALEIA
26-01-2025,Zona Leste,Penha,Inativo Intransitável,R ATALEIA
26-01-2025,Zona Sul,Santo Amaro,Inativo Transitável,AV MOREIRA GUIMARAES
26-01-2025,Zona Sudeste,Vila Mariana,Inativo Transitável,AV RUBEM BERTA
27-01-2025,Centro,Sé,Inativo Transitável,R SEN FEIJO
28-01-2025,Zona Leste,Itaquera,Inativo Transitável,AV ITAQUERA
28-01-2025,Zona Leste,Itaquera,Inativo Intransitável,R PDE VIEGAS DE MENEZES
28-01-2025,Zona Leste,Itaquera,Inativo Intransitável,R JOAQUIM MEIRA DE SIQUEIRA
28-01-2025,Zona Leste,Itaquera,Inativo Intransitável,AV ITAQUERA
29-01-2025,Zona Norte,Casa Verde,Inativo Transitável,AV ORDEM E PROGRESSO
29-01-2025,Zona Norte,Casa Verde,Inativo Intransitável,AV ANTONIO MUNHOZ BONILHA
29-01-2025,Zona Norte,Casa Verde,Inativo Intransitável,AV ORDEM E PROGRESSO
29-01-2025,Zona Norte,Pirituba/Jaraguá,Inativo Intransitável,R PRAIA TIPITI-MIRIM
29-01-2025,Zona Norte,Pirituba/Jaraguá,Inativo Intransitável,AV RAIMUNDO PEREIRA DE MAGALHAES
29-01-2025,Zona Norte,Santana,Inativo Transitável,MARGINAL TIETE ASCB CENTRAL
29-01-2025,Centro,Sé,Inativo Intransitável,AV PRES CASTELO BRANCO
29-01-2025,Centro,Sé,Inativo Transitável,AV PRESTES MAIA
29-01-2025,Centro,Sé,Inativo Intransitável,PC QUATORZE BIS
29-01-2025,Zona Oeste,Lapa,Inativo Intransitável,MARGINAL TIETE ASCB EXPRESSA
29-01-2025,Zona Leste,Itaquera,Inativo Intransitável,AV ITAQUERA
29-01-2025,Zona Leste,Itaim Paulista,Inativo Transitável,AV MARECHAL TITO
29-01-2025,Zona Sudeste,Vila Mariana,Inativo Transitável,AV PEDRO ALVARES CABRAL
29-01-2025,Zona Sudeste,Vila Mariana,Inativo Transitável,AV PEDRO ALVARES CABRAL
29-01-2025,Zona Sudeste,Vila Mariana,Inativo Transitável,AV RUBEM BERTA
29-01-2025,Zona Sudeste,Vila Mariana,Inativo Intransitável,AV RUBEM BERTA
30-01-2025,Zona Leste,Itaim Paulista,Inativo Transitável,AV MARECHAL TITO
30-01-2025,Zona Leste,Itaim Paulista,Inativo Transitável,AV MARECHAL TITO
30-01-2025,Zona Leste,Itaim Paulista,Inativo Intransitável,AV MARECHAL TITO
30-01-2025,Zona Sul,Parelheiros,Inativo Intransitável,EST ECOTURISTICA DE PARELHEIROS
31-01-2025,Zona Norte,Vila Maria/ Vila Guilherme,Inativo Intransitável,AV SANATORIO
31-01-2025,Centro,Sé,Inativo Transitável,R DO GLICERIO
31-01-2025,Centro,Sé,Inativo Intransitável,PC QUATORZE BIS
31-01-2025,Centro,Sé,Inativo Intransitável,AV PRES CASTELO BRANCO
31-01-2025,Zona Oeste,Butantã,Inativo Intransitável,TV IRMA DOLORES BALDI
31-01-2025,Zona Oeste,Butantã,Inativo Transitável,AV MAGALHAES DE CASTRO
31-01-2025,Zona Oeste,Butantã,Inativo Intransitável,AV PROF FRANCISCO MORATO
31-01-2025,Zona Oeste,Butantã,Inativo Transitável,AV AFRANIO PEIXOTO
31-01-2025,Zona Oeste,Pinheiros,Inativo Transitável,R PDE JOAO MANUEL
31-01-2025,Zona Oeste,Pinheiros,Inativo Intransitável,PC PAN-AMERICANA
31-01-2025,Zona Oeste,Pinheiros,Inativo Intransitável,R PAULISTANIA
31-01-2025,Zona Oeste,Pinheiros,Inativo Intransitável,R ASPICUELTA
31-01-2025,Zona Oeste,Pinheiros,Inativo Intransitável,R HARMONIA
31-01-2025,Zona Oeste,Pinheiros,Inativo Intransitável,R ABEGOARIA
31-01-2025,Zona Oeste,Pinheiros,Inativo Intransitável,AV NOVE DE JULHO
31-01-2025,Zona Oeste,Pinheiros,Inativo Intransitável,AV PEDROSO DE MORAIS
31-01-2025,Zona Oeste,Pinheiros,Inativo Transitável,AV EUSEBIO MATOSO
31-01-2025,Zona Oeste,Pinheiros,Inativo Intransitável,AV DAS NACOES UNIDAS
31-01-2025,Zona Oeste,Pinheiros,Inativo Transitável,AV DAS NACOES UNIDAS
31-01-2025,Zona Leste,Aricanduva/ Vila Formosa,Inativo Intransitável,AV DR EDUARDO COTCHING
31-01-2025,Zona Leste,Mooca,Inativo Intransitável,R HIPIAS
31-01-2025,Zona Leste,Mooca,Inativo Intransitável,R BENTA DIAS
31-01-2025,Zona Leste,Mooca,Inativo Intransitável,AV ALCANTARA MACHADO
31-01-2025,Zona Leste,São Miguel Paulista,Inativo Intransitável,AV CAIO DE ALMEIDA PRADO
31-01-2025,Zona Sul,Santo Amaro,Inativo Transitável,AV VITOR MANZINI
31-01-2025,Zona Sul,Santo Amaro,Inativo Intransitável,AV PROF VICENTE RAO
31-01-2025,Zona Sudeste,Ipiranga,Inativo Intransitável,R PRES BATISTA PEREIRA
31-01-2025,Zona Sudeste,Ipiranga,Inativo Intransitável,R PRES BATISTA PEREIRA
31-01-2025,Zona Sudeste,Vila Mariana,Inativo Transitável,AV VINTE E TRES DE MAIO
31-01-2025,Zona Sudeste,Vila Mariana,Inativo Intransitável,AV VINTE E TRÊS DE MAIO
01-02-2025,Zona Norte,Casa Verde,Inativo Intransitável,MARGINAL TIETE ASCB EXPRESSA
01-02-2025,Zona Norte,Casa Verde,Inativo Transitável,AV ORDEM E PROGRESSO
01-02-2025,Zona Norte,Casa Verde,Inativo Intransitável,PC DEL AMOROSO NETO
01-02-2025,Zona Norte,Jaçanã/ Tremembé,Inativo Intransitável,R MANUEL GAYA
01-02-2025,Zona Norte,Vila Maria/ Vila Guilherme,Inativo Intransitável,MARGINAL TIETE ASCB EXPRESSA
01-02-2025,Zona Norte,Pirituba/Jaraguá,Inativo Transitável,AV RAIMUNDO PEREIRA DE MAGALHAES
01-02-2025,Zona Norte,Santana,Inativo Intransitável,MARGINAL TIETE ASCB CENTRAL
01-02-2025,Zona Norte,Santana,Inativo Intransitável,R MANUEL GAYA
01-02-2025,Zona Norte,Santana,Inativo Intransitável,AV ASSIS CHATEAUBRIAND
01-02-2025,Zona Norte,Santana,Inativo Transitável,AV ZAKI NARCHI
01-02-2025,Zona Norte,Santana,Inativo Intransitável,AV OLAVO FONTOURA
01-02-2025,Centro,Sé,Inativo Intransitável,MARGINAL TIETE ASCB EXPRESSA
01-02-2025,Centro,Sé,Inativo Intransitável,AV PRES CASTELO BRANCO
01-02-2025,Centro,Sé,Inativo Transitável,AV PRES CASTELO BRANCO
01-02-2025,Zona Oeste,Butantã,Inativo Transitável,AV ELISEU DE ALMEIDA
01-02-2025,Zona Oeste,Lapa,Inativo Intransitável,AV EMB MACEDO SOARES
01-02-2025,Zona Oeste,Lapa,Inativo Intransitável,MARGINAL TIETE CBAS CENTRAL
01-02-2025,Zona Oeste,Pinheiros,Inativo Transitável,R BRIG HAROLDO VELOSO
01-02-2025,Zona Leste,Aricanduva/ Vila Formosa,Inativo Intransitável,AV ARICANDUVA
01-02-2025,Zona Leste,Aricanduva/ Vila Formosa,Inativo Intransitável,AV ARICANDUVA
01-02-2025,Zona Leste,Aricanduva/ Vila Formosa,Inativo Intransitável,AV ARICANDUVA
01-02-2025,Zona Leste,Aricanduva/ Vila Formosa,Inativo Intransitável,AV ARICANDUVA
01-02-2025,Zona Leste,Ermelino Matarazzo,Inativo Intransitável,AV S MIGUEL
01-02-2025,Zona Leste,Guaianases,Inativo Intransitável,ESTRADA ITAQUERA GUAINASES
01-02-2025,Zona Leste,Itaquera,Inativo Intransitável,R PDE VIEGAS DE MENEZES
01-02-2025,Zona Leste,Itaquera,Inativo Intransitável,R TOMAZZO FERRARA
01-02-2025,Zona Leste,Itaim Paulista,Inativo Transitável,AV MARECHAL TITO
01-02-2025,Zona Leste,Mooca,Inativo Intransitável,R BRESSER
01-02-2025,Zona Leste,Mooca,Inativo Transitável,AV CDSSA ELISABETH DE ROBIANO
01-02-2025,Zona Leste,Mooca,Inativo Intransitável,AV SALIM FARAH MALUF
01-02-2025,Zona Leste,São Miguel Paulista,Inativo Intransitável,Rua Amazonas
01-02-2025,Zona Leste,São Miguel Paulista,Inativo Intransitável,Rua Tietê
01-02-2025,Zona Leste,São Miguel Paulista,Inativo Intransitável,Rua Tite de Lemos
01-02-2025,Zona Leste,São Miguel Paulista,Inativo Intransitável,Rua Professor Firmínio Favero
01-02-2025,Zona Leste,São Miguel Paulista,Inativo Intransitável,Av. Caio de Almeida Prado
01-02-2025,Zona Leste,São Miguel Paulista,Inativo Intransitável,Rua Primeiro de Maio
01-02-2025,Zona Leste,São Miguel Paulista,Inativo Intransitável,Travessa Rio Pinhal
01-02-2025,Zona Leste,São Miguel Paulista,Inativo Intransitável,Rua Rio Belo
01-02-2025,Zona Leste,São Miguel Paulista,Inativo Intransitável,TRAVESSA RIO GAVIÃO
01-02-2025,Zona Leste,Penha,Inativo Intransitável,AV ANTONIO ESTEVAO DE CARVALHO
01-02-2025,Zona Leste,Vila Prudente,Inativo Intransitável,AV PROF LUIZ IGNACIO ANHAIA MELLO
01-02-2025,Zona Leste,Vila Prudente,Inativo Intransitável,R S GOTARDO
01-02-2025,Zona Leste,Vila Prudente,Inativo Intransitável,AV PROF LUIZ IGNACIO ANHAIA MELLO
01-02-2025,Zona Sul,Santo Amaro,Inativo Transitável,AV VER JOSE DINIZ
02-02-2025,Zona Norte,Casa Verde,Inativo Intransitável,R CORREIA DE SA
02-02-2025,Zona Norte,Santana,Inativo Transitável,AV CRUZEIRO DO SUL
02-02-2025,Zona Oeste,Butantã,Inativo Intransitável,AV PROF FRANCISCO MORATO
02-02-2025,Zona Oeste,Butantã,Inativo Intransitável,RUA JOÃO SANTUCCI
02-02-2025,Zona Oeste,Lapa,Inativo Transitável,AV JOSE MARIA DE FARIA
02-02-2025,Zona Oeste,Lapa,Inativo Transitável,AV MARQ.DE SAO VICENTE
02-02-2025,Zona Oeste,Lapa,Inativo Transitável,AV EMB MACEDO SOARES
02-02-2025,Zona Oeste,Lapa,Inativo Transitável,MARGINAL TIETE ASCB CENTRAL
02-02-2025,Zona Oeste,Lapa,Inativo Intransitável,MARGINAL TIETE CBAS EXPRESSA
02-02-2025,Zona Oeste,Lapa,Inativo Intransitável,AV MARGINAL ESQ DO RIO PINHEIROS
02-02-2025,Zona Oeste,Pinheiros,Inativo Intransitável,AV DAS NACOES UNIDAS
02-02-2025,Zona Leste,Itaquera,Inativo Intransitável,ES DO IMPERADOR
02-02-2025,Zona Leste,Mooca,Inativo Transitável,R BRESSER
02-02-2025,Zona Leste,São Miguel Paulista,Inativo Intransitável,*R AMAZONAS
02-02-2025,Zona Leste,São Miguel Paulista,Inativo Intransitável,*R TIETE
02-02-2025,Zona Leste,São Miguel Paulista,Inativo Intransitável,*R TITE DE LEMOS
02-02-2025,Zona Leste,São Miguel Paulista,Inativo Intransitável,*R PROF FIRMINIOBFAVERO
02-02-2025,Zona Leste,São Miguel Paulista,Inativo Intransitável,*AV CAIO DE ALMEIDA PRADO
02-02-2025,Zona Leste,São Miguel Paulista,Inativo Intransitável,*R PRIMEIRO DE MAIO
02-02-2025,Zona Leste,São Miguel Paulista,Inativo Intransitável,*TRAVESSA RIO PINHAL
02-02-2025,Zona Leste,São Miguel Paulista,Inativo Intransitável,*R RIO BELO
02-02-2025,Zona Leste,São Miguel Paulista,Inativo Intransitável,*TRAVESSA RIO GAVIÃO
02-02-2025,Zona Sul,Campo Limpo,Inativo Intransitável,ES DO CAMPO LIMPO
02-02-2025,Zona Sul,Campo Limpo,Inativo Intransitável,AV ELLIS MAAS
02-02-2025,Zona Sul,Campo Limpo,Inativo Intransitável,R FRANCISCO JOSÉ SALES
02-02-2025,Zona Sul,M'Boi Mirim,Inativo Transitável,R DR LUIZ FERNANDO FERREIRA
02-02-2025,Zona Sul,Santo Amaro,Inativo Intransitável,AV VITOR MANZINI
02-02-2025,Zona Sul,Santo Amaro,Inativo Transitável,R JOAO ALFREDO
02-02-2025,Zona Sudeste,Ipiranga,Inativo Intransitável,R PRES BATISTA PEREIRA
03-02-2025,Zona Norte,Vila Maria/ Vila Guilherme,Inativo Transitável,R ARARITAGUABA
03-02-2025,Zona Norte,Pirituba/Jaraguá,Inativo Transitável,AV OTAVIANO ALVES DE LIMA
03-02-2025,Zona Norte,Santana,Inativo Transitável,MARGINAL TIETE ASCB CENTRAL
03-02-2025,Centro,Sé,Inativo Intransitável,AV PRES CASTELO BRANCO
03-02-2025,Centro,Sé,Inativo Intransitável,MARGINAL TIETE CBAS EXPRESSA
03-02-2025,Centro,Sé,Inativo Transitável,AV DO ESTADO
03-02-2025,Centro,Sé,Inativo Transitável,AV DO ESTADO
03-02-2025,Zona Oeste,Butantã,Inativo Intransitável,AV DAS NACOES UNIDAS
03-02-2025,Zona Oeste,Lapa,Inativo Transitável,MARGINAL TIETE ASCB EXPRESSA
03-02-2025,Zona Oeste,Lapa,Inativo Transitável,R CATADUPAS
03-02-2025,Zona Oeste,Pinheiros,Inativo Intransitável,AV CIDADE JARDIM
03-02-2025,Zona Oeste,Pinheiros,Inativo Transitável,AV HENRIQUE CHAMMA
03-02-2025,Zona Oeste,Pinheiros,Inativo Transitável,R ANTONIO DE GOUVEIA GIUDICE
03-02-2025,Zona Leste,Itaquera,Inativo Transitável,R VICTORIO SANTIM
03-02-2025,Zona Leste,Mooca,Inativo Intransitável,MARGINAL TIETE CBAS EXPRESSA
03-02-2025,Zona Leste,São Miguel Paulista,Inativo Intransitável,*TRAVESSA RIO GAVIÃO
03-02-2025,Zona Leste,São Miguel Paulista,Inativo Intransitável,*R AMAZONAS
03-02-2025,Zona Leste,São Miguel Paulista,Inativo Intransitável,*R TIETE
03-02-2025,Zona Leste,São Miguel Paulista,Inativo Intransitável,*R TITE DE LEMOS
03-02-2025,Zona Leste,São Miguel Paulista,Inativo Intransitável,*R PROF FIRMINIOBFAVERO
03-02-2025,Zona Leste,São Miguel Paulista,Inativo Intransitável,*AV CAIO DE ALMEIDA PRADO
03-02-2025,Zona Leste,São Miguel Paulista,Inativo Intransitável,*R PRIMEIRO DE MAIO
03-02-2025,Zona Leste,São Miguel Paulista,Inativo Intransitável,*TRAVESSA RIO PINHAL
03-02-2025,Zona Leste,São Miguel Paulista,Inativo Intransitável,*R RIO BELO
03-02-2025,Zona Leste,São Miguel Paulista,Inativo Transitável,R AMERICO SUGAI
03-02-2025,Zona Leste,Vila Prudente,Inativo Intransitável,R TOCACHI
04-02-2025,Zona Norte,Santana,Inativo Transitável,R ANA BENVINDA DE ANDRADE
04-02-2025,Zona Leste,Guaianases,Inativo Intransitável,RUA CARMEM SILVA
04-02-2025,Zona Leste,Itaquera,Inativo Transitável,R VIRGINIA FERNI
04-02-2025,Zona Leste,Itaim Paulista,Inativo Intransitável,AV MARECHAL TITO
04-02-2025,Zona Leste,Itaim Paulista,Inativo Transitável,AV MARECHAL TITO
04-02-2025,Zona Leste,Itaim Paulista,Inativo Transitável,AV MARECHAL TITO
04-02-2025,Zona Leste,Itaim Paulista,Inativo Intransitável,AV MARECHAL TITO
04-02-2025,Zona Leste,São Miguel Paulista,Inativo Intransitável,*R AMAZONAS
04-02-2025,Zona Leste,São Miguel Paulista,Inativo Intransitável,*R TIETE
04-02-2025,Zona Leste,São Miguel Paulista,Inativo Intransitável,*R TITE DE LEMOS
04-02-2025,Zona Leste,São Miguel Paulista,Inativo Intransitável,*R PROF FIRMINIOBFAVERO
04-02-2025,Zona Leste,São Miguel Paulista,Inativo Intransitável,*AV CAIO DE ALMEIDA PRADO
04-02-2025,Zona Leste,São Miguel Paulista,Inativo Intransitável,*R PRIMEIRO DE MAIO
04-02-2025,Zona Leste,São Miguel Paulista,Inativo Intransitável,*TRAVESSA RIO PINHAL
04-02-2025,Zona Leste,São Miguel Paulista,Inativo Intransitável,*R RIO BELO
04-02-2025,Zona Leste,São Miguel Paulista,Inativo Intransitável,*TRAVESSA RIO GAVIÃO
05-02-2025,,,,
06-02-2025,Zona Norte,Casa Verde,Inativo Intransitável,AV ANTONIO MUNHOZ BONILHA
06-02-2025,Zona Norte,Freguesia do Ó,Inativo Intransitável,R BARTHOLOMEU DO CANTO
06-02-2025,Zona Norte,Jaçanã/ Tremembé,Inativo Transitável,AV EDU CHAVES
06-02-2025,Zona Norte,Vila Maria/ Vila Guilherme,Inativo Transitável,AV EDU CHAVES
06-02-2025,Zona Norte,Santana,Inativo Intransitável,AV PRES CASTELO BRANCO
06-02-2025,Zona Norte,Santana,Inativo Transitável,AV SANTOS DUMONT
06-02-2025,Centro,Sé,Inativo Intransitável,MARGINAL TIETE CBAS EXPRESSA
06-02-2025,Zona Oeste,Lapa,Inativo Intransitável,AV POMPEIA
06-02-2025,Zona Oeste,Lapa,Inativo Intransitável,AV DR GASTAO VIDIGAL
06-02-2025,Zona Oeste,Lapa,Inativo Intransitável,AV ANTARTICA
06-02-2025,Zona Oeste,Lapa,Inativo Intransitável,R TRAJANO
06-02-2025,Zona Oeste,Lapa,Inativo Intransitável,MARGINAL TIETE CBAS CENTRAL
06-02-2025,Zona Oeste,Lapa,Inativo Intransitável,MARGINAL TIETE ASCB EXPRESSA
06-02-2025,Zona Oeste,Lapa,Inativo Intransitável,AV OTAVIANO ALVES DE LIMA
06-02-2025,Zona Oeste,Lapa,Inativo Intransitável,AV ALEXANDRE COLARES
06-02-2025,Zona Oeste,Lapa,Inativo Intransitável,AV EMB MACEDO SOARES
06-02-2025,Zona Leste,Itaquera,Inativo Intransitável,AV ITAQUERA
06-02-2025,Zona Leste,Mooca,Inativo Intransitável,R APIO CLAUDIO
06-02-2025,Zona Leste,Penha,Inativo Intransitável,AV S MIGUEL
06-02-2025,Zona Sul,Campo Limpo,Inativo Intransitável,AV ELLIS MAAS
06-02-2025,Zona Sul,Campo Limpo,Inativo Intransitável,AV CARLOS CALDEIRA FILHO
07-02-2025,,,,
08-02-2025,,,,
09-02-2025,,,,
10-02-2025,Zona Norte,Vila Maria/ Vila Guilherme,Inativo Intransitável,R CEL MARQUES RIBEIRO
10-02-2025,Zona Norte,Vila Maria/ Vila Guilherme,Inativo Intransitável,R CEL MARQUES RIBEIRO
10-02-2025,Zona Norte,Vila Maria/ Vila Guilherme,Inativo Intransitável,AV LUIZ DUMONT VILLARES
10-02-2025,Zona Norte,Pirituba/Jaraguá,Inativo Intransitável,AV CABO ADAO PEREIRA
10-02-2025,Zona Norte,Pirituba/Jaraguá,Inativo Intransitável,R MANOEL BARBOSA
10-02-2025,Zona Norte,Santana,Inativo Transitável,AV OLAVO FONTOURA
10-02-2025,Zona Oeste,Butantã,Inativo Intransitável,AV PROF FRANCISCO MORATO
10-02-2025,Zona Leste,Penha,Inativo Transitável,R DR ASSIS RIBEIRO
11-02-2025,,,,
12-02-2025,,,,
13-02-2025,Centro,Sé,Inativo Intransitável,AV SANTOS DUMONT
13-02-2025,Zona Oeste,Lapa,Inativo Transitável,R CLELIA
13-02-2025,Zona Oeste,Lapa,Inativo Intransitável,AV QUEIROZ FILHO
13-02-2025,Zona Oeste,Lapa,Inativo Intransitável,R GUAICURUS
13-02-2025,Zona Oeste,Lapa,Inativo Intransitável,AV MOFARREJ
14-02-2025,Zona Norte,Vila Maria/ Vila Guilherme,Inativo Intransitável,R JOSE BERNARDO PINTO
14-02-2025,Zona Norte,Santana,Inativo Intransitável,AV OLAVO FONTOURA
14-02-2025,Zona Norte,Santana,Inativo Intransitável,R VIRI
14-02-2025,Centro,Sé,Inativo Transitável,"R ANA CINTRA, 225 SANTA CECILIA"
14-02-2025,Centro,Sé,Inativo Intransitável,AV SANTOS DUMONT
14-02-2025,Centro,Sé,Inativo Intransitável,AV PRES CASTELO BRANCO
14-02-2025,Centro,Sé,Inativo Transitável,AV SANTOS DUMONT
14-02-2025,Zona Oeste,Lapa,Inativo Intransitável,AV MARQ DE SAO VICENTE
14-02-2025,Zona Leste,Mooca,Inativo Intransitável,RUA VILELA
14-02-2025,Zona Leste,Mooca,Inativo Intransitável,AV RADIAL LESTE
14-02-2025,Zona Leste,Mooca,Inativo Intransitável,RUA SERRA DE JAPI
14-02-2025,Zona Sudeste,Ipiranga,Inativo Intransitável,AV TERESA CRISTINA
14-02-2025,Zona Sudeste,Vila Mariana,Inativo Intransitável,AV RUBEM BERTA
14-02-2025,Zona Sudeste,Vila Mariana,Inativo Intransitável,AV IBIJAU
14-02-2025,Zona Sudeste,Vila Mariana,Inativo Intransitável,AV JOSE MARIA WHITAKER
15-02-2025,,,,
16-02-2025,,,,
17-02-2025,,,,
18-02-2025,Zona Norte,Casa Verde,Inativo Intransitável,AV ANTONIO MUNHOZ BONILHA
18-02-2025,Zona Norte,Casa Verde,Inativo Intransitável,AV ORDEM E PROGRESSO
18-02-2025,Zona Norte,Freguesia do Ó,Inativo Intransitável,AV GEN EDGAR FACO
18-02-2025,Zona Norte,Freguesia do Ó,Inativo Intransitável,AV GEN EDGAR FACO
18-02-2025,Zona Norte,Vila Maria/ Vila Guilherme,Inativo Intransitável,AV SANATORIO
18-02-2025,Zona Norte,Perus,Inativo Intransitável,R ROUXINOL
18-02-2025,Zona Norte,Perus,Inativo Intransitável,R FRANCIS DE CASTELNAU
18-02-2025,Zona Norte,Santana,Inativo Transitável,R CEL ANTONIO DE CARVALHO
18-02-2025,Zona Norte,Santana,Inativo Intransitável,AV OLAVO FONTOURA
18-02-2025,Centro,Sé,Inativo Transitável,AV PRESTES MAIA
18-02-2025,Centro,Sé,Inativo Intransitável,AV SANTOS DUMONT
18-02-2025,Centro,Sé,Inativo Transitável,R BENTO FREITAS
18-02-2025,Centro,Sé,Inativo Transitável,R GAL OSORIO
18-02-2025,Centro,Sé,Inativo Intransitável,AV SANTOS DUMONT
18-02-2025,Centro,Sé,Inativo Intransitável,AV PRES CASTELO BRANCO
18-02-2025,Centro,Sé,Inativo Intransitável,MARGINAL TIETE
18-02-2025,Zona Oeste,Pinheiros,Inativo Intransitável,R JOAO MOURA
18-02-2025,Zona Leste,Aricanduva/ Vila Formosa,Inativo Intransitável,AV DR EDUARDO COTCHING
18-02-2025,Zona Leste,Mooca,Inativo Intransitável,R BRESSER
18-02-2025,Zona Sudeste,Ipiranga,Inativo Intransitável,R PRES BATISTA PEREIRA
18-02-2025,Zona Sudeste,Ipiranga,Inativo Intransitável,R PRES BATISTA PEREIRA
19-02-2025,,,,
20-02-2025,,,,
21-02-2025,,,,
22-02-2025,,,,
23-02-2025,,,,
24-02-2025,,,,
25-02-2025,,,,
26-02-2025,Zona Norte,Casa Verde,Inativo Intransitável,"AV NSRA DO O / AV ANTONIO MUNHOZ BONILHA, LIMAO"
26-02-2025,Zona Oeste,Lapa,Inativo Intransitável,"PC PASCOAL MARTINS / AV MARQ DE SAO VICENTE, BARRA FUNDA"
27-02-2025,Zona Sudeste,Ipiranga,Inativo Intransitável,R PRES BATISTA PEREIRA
28-02-2025,,,,
01-03-2025,,,,
02-03-2025,,,,
03-03-2025,,,,
04-03-2025,,,,
05-03-2025,,,,
06-03-2025,,,,
07-03-2025,,,,
08-03-2025,,,,
09-03-2025,,,,
10-03-2025,,,,
11-03-2025,Centro,Sé,Inativo Transitável,AV VINTE E TRES DE MAIO
11-03-2025,Centro,Sé,Inativo Intransitável,RUA MANUEL DUTRA
11-03-2025,Zona Leste,Itaim Paulista,Inativo Transitável,AV MARECHAL TITO
11-03-2025,Zona Leste,Itaim Paulista,Inativo Transitável,AV MARECHAL TITO
11-03-2025,Zona Leste,Itaim Paulista,Inativo Intransitável,RUA BEIJA FLOR
11-03-2025,Zona Leste,Itaim Paulista,Inativo Intransitável,RUA BERNARDO CHAVES CABRAL
12-03-2025,Centro,Sé,Inativo Transitável,PC DA BANDEIRA
12-03-2025,Centro,Sé,Inativo Transitável,R MARIA PAULA
12-03-2025,Zona Oeste,Lapa,Inativo Intransitável,AV POMPEIA
12-03-2025,Zona Leste,Mooca,Inativo Intransitável,RUA ITAPURA
13-03-2025,,,,
14-03-2025,,,,
15-03-2025,,,,
16-03-2025,,,,
17-03-2025,,,,
18-03-2025,Zona Norte,Casa Verde,Inativo Intransitável,AV ORDEM E PROGRESSO
18-03-2025,Zona Norte,Vila Maria/ Vila Guilherme,Inativo Transitável,R MIGUEL MENTEM
18-03-2025,Zona Norte,Santana,Inativo Intransitável,MARGINAL TIETE ASCB CENTRAL
18-03-2025,Zona Norte,Santana,Inativo Intransitável,MARGINAL TIETE
18-03-2025,Centro,Sé,Inativo Intransitável,R DOM BOSCO
18-03-2025,Centro,Sé,Inativo Transitável,"PC MIGUEL FORTE, 1"
18-03-2025,Centro,Sé,Inativo Intransitável,R NEWTON PRADO
18-03-2025,Centro,Sé,Inativo Intransitável,AV PRES CASTELO BRANCO
18-03-2025,Centro,Sé,Inativo Transitável,R CRUZEIRO
18-03-2025,Zona Oeste,Lapa,Inativo Transitável,"R BR DE POMBALINHO, 100"
18-03-2025,Zona Oeste,Lapa,Inativo Transitável,R BR DE POMBALINHO
18-03-2025,Zona Oeste,Pinheiros,Inativo Transitável,TN MAX FEFFER
18-03-2025,Zona Oeste,Pinheiros,Inativo Transitável,AV BRIG FARIA LIMA
18-03-2025,Zona Oeste,Pinheiros,Inativo Intransitável,AV STO AMARO
18-03-2025,Zona Oeste,Pinheiros,Inativo Transitável,MARGINAL PINHEIROS INTCB
18-03-2025,Zona Leste,Aricanduva/ Vila Formosa,Inativo Intransitável,R CARLOS SILVA
18-03-2025,Zona Leste,Aricanduva/ Vila Formosa,Inativo Intransitável,R ACANGATARA
18-03-2025,Zona Leste,Aricanduva/ Vila Formosa,Inativo Transitável,AV DR EDUARDO COTCHING
18-03-2025,Zona Leste,Guaianases,Inativo Intransitável,R COROA DE FRADE
18-03-2025,Zona Leste,Guaianases,Inativo Intransitável,R JOSÉ VIEIRA GUIMARÃES
18-03-2025,Zona Leste,Itaquera,Inativo Transitável,R SÃO TEODORO
18-03-2025,Zona Leste,Itaquera,Inativo Intransitável,R FLOR DA VERDADE
18-03-2025,Zona Leste,Itaquera,Inativo Intransitável,R TAJ MAHAL
18-03-2025,Zona Leste,Itaquera,Inativo Intransitável,R URSULINA D'ANGELO
18-03-2025,Zona Leste,Itaquera,Inativo Intransitável,AV ITAQUERA
18-03-2025,Zona Leste,Itaim Paulista,Inativo Transitável,AV MARECHAL TITO
18-03-2025,Zona Leste,Itaim Paulista,Inativo Transitável,AV MARECHAL TITO
18-03-2025,Zona Leste,Itaim Paulista,Inativo Transitável,AV MAL TITO
18-03-2025,Zona Leste,Itaim Paulista,Inativo Intransitável,ESTRADA DOM JOÃO NERY
18-03-2025,Zona Leste,Itaim Paulista,Inativo Transitável,RUA MANUEL BARBALHO DE LIMA
18-03-2025,Zona Leste,Mooca,Inativo Transitável,AV ALCANTARA MACHADO
18-03-2025,Zona Leste,Mooca,Inativo Transitável,VD PIRES DO RIO
18-03-2025,Zona Leste,Mooca,Inativo Transitável,R MELO FREIRE
18-03-2025,Zona Leste,Mooca,Inativo Transitável,MARGINAL TIETE
18-03-2025,Zona Leste,Mooca,Inativo Transitável,AV ALCANTARA MACHADO
18-03-2025,Zona Leste,São Miguel Paulista,Inativo Intransitável,AV NORDESTINA
18-03-2025,Zona Leste,Vila Prudente,Inativo Intransitável,AV PROF LUIZ IGNACIO ANHAIA MELLO
18-03-2025,Zona Sul,Santo Amaro,Inativo Intransitável,AV ROQUE PETRONI JUNIOR
18-03-2025,Zona Sudeste,Vila Mariana,Inativo Intransitável,AV IBIRAPUERA
18-03-2025,Zona Sudeste,Vila Mariana,Inativo Transitável,AV PEDRO ALVARES CABRAL
18-03-2025,Zona Sudeste,Vila Mariana,Inativo Transitável,AV PEDRO ALVARES CABRAL
19-03-2025,,,,
20-03-2025,,,,
21-03-2025,,,,
22-03-2025,,,,
23-03-2025,Zona Norte,Santana,Inativo Intransitável,AV ZAKI NARCHI
23-03-2025,Zona Norte,Santana,Inativo Intransitável,MARGINAL TIETE ASCB CENTRAL
23-03-2025,Centro,Sé,Inativo Intransitável,R MANOEL DUTRA
23-03-2025,Centro,Sé,Inativo Transitável,PC DA BANDEIRA
23-03-2025,Zona Oeste,Butantã,Inativo Intransitável,AV PROF FRANCISCO MORATO
23-03-2025,Zona Oeste,Lapa,Inativo Intransitável,MARGINAL PINHEIROS CBINT
23-03-2025,Zona Oeste,Pinheiros,Inativo Intransitável,AV DRA RUTH CARDOSO
23-03-2025,Zona Leste,Mooca,Inativo Intransitável,R BRESSER
23-03-2025,Zona Sudeste,Ipiranga,Inativo Intransitável,R PRES BATISTA PEREIRA
24-03-2025,,,,
25-03-2025,,,,
26-03-2025,,,,
27-03-2025,,,,
28-03-2025,Zona Norte,Vila Maria/ Vila Guilherme,Inativo Transitável,AV JULIO BUONO
28-03-2025,Zona Oeste,Pinheiros,Inativo Transitável,R BRIG HAROLDO VELOSO
28-03-2025,Zona Leste,Itaim Paulista,Inativo Transitável,AV MARECHAL TITO
28-03-2025,Zona Sudeste,Ipiranga,Inativo Transitável,R MAEST EDMUNDO PERUZZI
29-03-2025,,,,
30-03-2025,,,,
31-03-2025,Zona Oeste,Butantã,Inativo Transitável,AV PROF FRANCISCO MORATO
31-03-2025,Zona Oeste,Pinheiros,Inativo Transitável,R BRIG HAROLDO VELOSO
31-03-2025,Zona Oeste,Pinheiros,Inativo Transitável,AV DRA RUTH CARDOSO
31-03-2025,Zona Leste,Itaquera,Inativo Intransitável,AV OSVALDO VALLE CORDEIRO
31-03-2025,Zona Leste,Mooca,Inativo Intransitável,R PROFESSORA SEBASTIANA SILVA MINHOTO
31-03-2025,Zona Leste,Vila Prudente,Inativo Intransitável,AV PROF LUIZ IGNACIO ANHAIA MELLO
31-03-2025,Zona Sudeste,Ipiranga,Inativo Intransitável,ESTRADA DAS LAGRIMAS
31-03-2025,Zona Sudeste,Ipiranga,Inativo Intransitável,AV ALM DELAMARE
31-03-2025,Zona Sudeste,Ipiranga,Inativo Intransitável,ES DAS LAGRIMAS
01-04-2025,Zona Oeste,Pinheiros,Inativo Transitável,AL SANTOS
02-04-2025,,,,
03-04-2025,Zona Leste,São Mateus,Inativo Transitável,AV JACU PESSEGO N TRABALHADORES
04-04-2025,Zona Norte,Jaçanã/ Tremembé,Inativo Intransitável,AV PAULO LINCOLN DO VALLE PONTIN
04-04-2025,Zona Norte,Jaçanã/ Tremembé,Inativo Transitável,AV ANTONELO DA MESSINA
04-04-2025,Zona Norte,Santana,Inativo Transitável,PTE DAS BANDEIRAS SEN ROMEU TUMA
04-04-2025,Zona Norte,Santana,Inativo Transitável,R CEL ANTONIO DE CARVALHO
04-04-2025,Centro,Sé,Inativo Transitável,AV DO ESTADO
04-04-2025,Centro,Sé,Inativo Transitável,R DA CONSOLACAO
04-04-2025,Centro,Sé,Inativo Transitável,AL DINO BUENO
05-04-2025,,,,
06-04-2025,,,,
07-04-2025,,,,
08-04-2025,,,,
09-04-2025,,,,
10-04-2025,Centro,Sé,Inativo Transitável,AV RIO BRANCO
10-04-2025,Zona Oeste,Butantã,Inativo Intransitável,AV VITAL BRASIL
10-04-2025,Zona Leste,Aricanduva/ Vila Formosa,Inativo Intransitável,AV REG FEIJO
10-04-2025,Zona Leste,Itaquera,Inativo Intransitável,AV ITAQUERA
10-04-2025,Zona Leste,Itaquera,Inativo Intransitável,AV OSVALDO VALLE CORDEIRO
10-04-2025,Zona Sul,M'Boi Mirim,Inativo Intransitável,ES M'BOI MIRIM
11-04-2025,,,,
12-04-2025,,,,
13-04-2025,Centro,Sé,Inativo Transitável,AV VINTE E TRES DE MAIO
14-04-2025,Zona Norte,Casa Verde,Inativo Transitável,AV ORDEM E PROGRESSO
14-04-2025,Zona Norte,Casa Verde,Inativo Transitável,AV ORDEM E PROGRESSO
14-04-2025,Zona Norte,Santana,Inativo Intransitável,MARGINAL TIETE ASCB CENTRAL
14-04-2025,Centro,Sé,Inativo Intransitável,R DR RODRIGO DE BARROS
14-04-2025,Centro,Sé,Inativo Transitável,PC DA REPUBLICA
14-04-2025,Zona Oeste,Lapa,Inativo Intransitável,PC PASCOAL MARTINS
14-04-2025,Zona Oeste,Lapa,Inativo Intransitável,PTE DO PIQUERI JOELMIR BETING
14-04-2025,Zona Leste,Guaianases,Inativo Transitável,RUA ALEXANDRE LEGRAND
14-04-2025,Zona Leste,Itaim Paulista,Inativo Transitável,AV MARECHAL TITO
14-04-2025,Zona Leste,Itaim Paulista,Inativo Transitável,AV MARECHAL TITO
15-04-2025,,,,
16-04-2025,,,,
17-04-2025,,,,
18-04-2025,Zona Leste,São Mateus,Inativo Transitável,AV ARICANDUVA
19-04-2025,Zona Oeste,Lapa,Inativo Transitável,VD GAL OLIMPIO DA SILVEIRA
19-04-2025,Zona Leste,Penha,Inativo Transitável,AV CD DE FRONTIN
20-04-2025,Zona Leste,Mooca,Inativo Transitável,AV CELSO GARCIA
20-04-2025,Zona Leste,Sapopemba,Inativo Transitável,AV SAPOPEMBA
21-04-2025,Centro,Sé,Inativo Transitável,AV S JOAO
22-04-2025,,,,
23-04-2025,,,,
24-04-2025,,,,
25-04-2025,Zona Leste,Itaim Paulista,Inativo Transitável,AV MARECHAL TITO
26-04-2025,,,,
27-04-2025,,,,
28-04-2025,,,,
29-04-2025,,,,
30-04-2025,,,,
01-05-2025,,,,
02-05-2025,,,,
03-05-2025,,,,
04-05-2025,,,,
05-05-2025,,,,
06-05-2025,,,,
07-05-2025,,,,
08-05-2025,,,,
09-05-2025,,,,
10-05-2025,,,,
11-05-2025,,,,
12-05-2025,,,,
13-05-2025,,,,
14-05-2025,,,,
15-05-2025,,,,
16-05-2025,,,,
17-05-2025,,,,
18-05-2025,,,,
19-05-2025,,,,
20-05-2025,,,,
21-05-2025,,,,
22-05-2025,Zona Leste,Itaquera,Inativo Transitável,AV JACU PESSEGO N TRABALHADORES
23-05-2025,,,,
24-05-2025,,,,
25-05-2025,,,,
26-05-2025,,,,
27-05-2025,,,,
28-05-2025,,,,
29-05-2025,,,,
30-05-2025,,,,
31-05-2025,,,,
01-06-2025,Zona Oeste,Pinheiros,Inativo Transitável,AV PEDROSO DE MORAIS
02-06-2025,,,,
03-06-2025,,,,
04-06-2025,,,,
05-06-2025,Zona Norte,Casa Verde,Inativo Transitável,R REIMS
05-06-2025,Zona Oeste,Butantã,Inativo Intransitável,AV ALCIDES SANGIRARDI
05-06-2025,Zona Oeste,Butantã,Inativo Intransitável,AV ALCIDES SANGIRARDI
05-06-2025,Zona Leste,Penha,Inativo Transitável,R DR LUIZ AYRES
06-06-2025,,,,
07-06-2025,,,,
08-06-2025,,,,
09-06-2025,Zona Norte,Santana,Inativo Intransitável,R DR GABRIEL PIZA
09-06-2025,Centro,Sé,Inativo Transitável,VEL PRES JOAO GOULART
09-06-2025,Zona Leste,Aricanduva/ Vila Formosa,Inativo Transitável,VD ENG ALBERTO BADRA
10-06-2025,,,,
11-06-2025,,,,
12-06-2025,,,,
13-06-2025,,,,
14-06-2025,,,,
15-06-2025,,,,
16-06-2025,,,,
17-06-2025,,,,
18-06-2025,,,,
19-06-2025,,,,
20-06-2025,,,,
21-06-2025,,,,
22-06-2025,,,,
23-06-2025,Zona Oeste,Lapa,Inativo Transitável,AV MARQ DE SAO VICENTE
24-06-2025,Centro,Sé,Inativo Transitável,AV DO ESTADO
24-06-2025,Zona Oeste,Pinheiros,Inativo Transitável,AV PEDROSO DE MORAIS
25-06-2025,,,,
26-06-2025,,,,
27-06-2025,,,,
28-06-2025,,,,
29-06-2025,,,,
30-06-2025,,,,
01-07-2025,,,,
02-07-2025,,,,
03-07-2025,,,,
04-07-2025,,,,
05-07-2025,,,,
06-07-2025,,,,
07-07-2025,,,,
08-07-2025,,,,
09-07-2025,,,,
10-07-2025,,,,
11-07-2025,,,,
12-07-2025,,,,
13-07-2025,,,,
14-07-2025,,,,
15-07-2025,,,,
16-07-2025,,,,
17-07-2025,,,,
18-07-2025,,,,
19-07-2025,,,,
20-07-2025,,,,
21-07-2025,,,,
22-07-2025,,,,
23-07-2025,,,,
24-07-2025,,,,
25-07-2025,,,,
26-07-2025,,,,
27-07-2025,,,,
28-07-2025,,,,
29-07-2025,,,,
30-07-2025,,,,
31-07-2025,,,,
01-08-2025,,,,
02-08-2025,,,,
03-08-2025,,,,
04-08-2025,,,,
05-08-2025,,,,
06-08-2025,,,,
07-08-2025,,,,
08-08-2025,,,,
09-08-2025,,,,
10-08-2025,,,,
11-08-2025,,,,
12-08-2025,,,,
13-08-2025,,,,
14-08-2025,,,,
15-08-2025,,,,
16-08-2025,,,,
17-08-2025,,,,
18-08-2025,,,,
19-08-2025,,,,
20-08-2025,,,,
21-08-2025,,,,
22-08-2025,,,,
23-08-2025,,,,
24-08-2025,,,,
25-08-2025,,,,
26-08-2025,,,,
27-08-2025,Zona Norte,Santana,Inativo Transitável,AV GAL ATALIBA LEONEL
28-08-2025,,,,
29-08-2025,,,,
30-08-2025,,,,
31-08-2025,,,,
01-09-2025,,,,
02-09-2025,,,,
03-09-2025,,,,
04-09-2025,,,,
05-09-2025,,,,
06-09-2025,,,,
07-09-2025,Centro,Sé,Inativo Transitável,R NORMA PIERUCCINI GIANNOTTI
08-09-2025,,,,
09-09-2025,,,,
10-09-2025,,,,
11-09-2025,,,,
12-09-2025,,,,
13-09-2025,,,,
14-09-2025,,,,
15-09-2025,,,,
16-09-2025,,,,
17-09-2025,,,,
18-09-2025,,,,
19-09-2025,,,,
20-09-2025,,,,
21-09-2025,,,,
22-09-2025,Zona Norte,Pirituba/Jaraguá,Inativo Transitável,AV OTAVIANO ALVES DE LIMA
22-09-2025,Zona Norte,Pirituba/Jaraguá,Inativo Intransitável,AV OTAVIANO ALVES DE LIMA
22-09-2025,Centro,Sé,Inativo Intransitável,AL NOTHMANN
22-09-2025,Centro,Sé,Inativo Intransitável,R PRES BATISTA PEREIRA
22-09-2025,Zona Oeste,Lapa,Inativo Transitável,PC PASCOAL MARTINS
22-09-2025,Zona Oeste,Pinheiros,Inativo Transitável,AV DOS BANDEIRANTES
22-09-2025,Zona Oeste,Pinheiros,Inativo Transitável,R HENRIQUE SCHAUMANN
22-09-2025,Zona Oeste,Pinheiros,Inativo Intransitável,AV DAS NACOES UNIDAS
22-09-2025,Zona Oeste,Pinheiros,Inativo Transitável,AV PEDROSO DE MORAIS
22-09-2025,Zona Leste,São Mateus,Inativo Transitável,AV JACU PESSEGO N TRABALHADORES
22-09-2025,Zona Leste,São Mateus,Inativo Transitável,PC FELISBERTO FERNANDES DA SILVA
22-09-2025,Zona Sul,Campo Limpo,Inativo Intransitável,R ALVES DOS SANTOS
22-09-2025,Zona Sul,Capela do Socorro,Inativo Transitável,AV GUARAPIRANGA
22-09-2025,Zona Sul,Capela do Socorro,Inativo Intransitável,AV GUARAPIRANGA
22-09-2025,Zona Sul,M'Boi Mirim,Inativo Transitável,ES M'BOI MIRIM
22-09-2025,Zona Sul,Santo Amaro,Inativo Intransitável,AV DAS NACOES UNIDAS
22-09-2025,Zona Sul,Santo Amaro,Inativo Intransitável,AV ROQUE PETRONI JUNIOR
22-09-2025,Zona Sudeste,Ipiranga,Inativo Transitável,R DOS PATRIOTAS
22-09-2025,Zona Sudeste,Vila Mariana,Inativo Transitável,AV PROF ABRAAO DE MORAIS
22-09-2025,Zona Sudeste,Vila Mariana,Inativo Transitável,AV VINTE E TRES DE MAIO
22-09-2025,Zona Sudeste,Vila Mariana,Inativo Intransitável,PC LEONOR KAUPA
22-09-2025,Zona Sudeste,Vila Mariana,Inativo Transitável,AV PROF ABRAAO DE MORAIS
23-09-2025,Zona Oeste,Lapa,Inativo Transitável,AV QUEIROZ FILHO
24-09-2025,,,,
25-09-2025,,,,
26-09-2025,,,,
27-09-2025,,,,
28-09-2025,,,,
29-09-2025,,,,
30-09-2025,,,,
01-10-2025,,,,
02-10-2025,,,,
03-10-2025,,,,
04-10-2025,,,,
05-10-2025,,,,
06-10-2025,,,,
07-10-2025,,,,
08-10-2025,,,,
09-10-2025,,,,
10-10-2025,Zona Norte,Freguesia do Ó,Inativo Transitável,AV OTAVIANO ALVES DE LIMA
10-10-2025,Zona Norte,Freguesia do Ó,Inativo Transitável,MARGINAL TIETE
10-10-2025,Zona Norte,Pirituba/Jaraguá,Inativo Intransitável,MARGINAL TIETE ASCB EXPRESSA
10-10-2025,Centro,Sé,Inativo Transitável,R PAULA SOUSA
10-10-2025,Centro,Sé,Inativo Transitável,AV DO ESTADO
10-10-2025,Centro,Sé,Inativo Transitável,AV DO ESTADO
10-10-2025,Zona Oeste,Lapa,Inativo Transitável,PC PASCOAL MARTINS
10-10-2025,Zona Leste,Aricanduva/ Vila Formosa,Inativo Transitável,AV ARICANDUVA
10-10-2025,Zona Leste,Itaim Paulista,Inativo Transitável,AV MARECHAL TITO
10-10-2025,Zona Leste,Mooca,Inativo Intransitável,AV SALIM FARAH MALUF
10-10-2025,Zona Sul,Santo Amaro,Inativo Transitável,AV DAS NACOES UNIDAS
10-10-2025,Zona Sul,Santo Amaro,Inativo Transitável,AV SANTO AMARO
10-10-2025,Zona Sudeste,Vila Mariana,Inativo Transitável,AV DR RICARDO JAFET
10-10-2025,Zona Sudeste,Vila Mariana,Inativo Transitável,AV PEDRO ALVARES CABRAL
11-10-2025,,,,
12-10-2025,,,,
13-10-2025,,,,
14-10-2025,,,,
15-10-2025,,,,
16-10-2025,,,,
17-10-2025,,,,
18-10-2025,Zona Norte,Freguesia do Ó,Inativo Intransitável,MARGINAL TIETE
18-10-2025,Zona Oeste,Lapa,Inativo Transitável,PC PASCOAL MARTINS
19-10-2025,,,,
20-10-2025,Zona Oeste,Lapa,Inativo Transitável,PC LUIZ CARLOS MESQUITA
21-10-2025,,,,
22-10-2025,,,,
23-10-2025,,,,
24-10-2025,Zona Oeste,Lapa,Inativo Transitável,AV MARIO DE ANDRADE
25-10-2025,,,,
26-10-2025,,,,
27-10-2025,,,,
28-10-2025,,,,
29-10-2025,Zona Norte,Freguesia do Ó,Inativo Intransitável,MARGINAL TIETE
29-10-2025,Centro,Sé,Inativo Transitável,VEL PRES JOAO GOULART
29-10-2025,Centro,Sé,Inativo Transitável,R PAULA SOUSA
29-10-2025,Centro,Sé,Inativo Intransitável,R DOM RODO
29-10-2025,Zona Oeste,Butantã,Inativo Transitável,AV JULES RIMET
29-10-2025,Zona Oeste,Lapa,Inativo Transitável,VEL PRES JOAO GOULART
29-10-2025,Zona Oeste,Lapa,Inativo Transitável,AV COMEN MARTINELLI
29-10-2025,Zona Leste,Itaim Paulista,Inativo Transitável,AV MARECHAL TITO
29-10-2025,Zona Leste,Penha,Inativo Transitável,VD ENG ALBERTO BADRA
29-10-2025,Zona Leste,São Mateus,Inativo Transitável,AV JACU PESSEGO N TRABALHADORES
29-10-2025,Zona Sul,M'Boi Mirim,Inativo Transitável,ES DE ITAPECERICA
29-10-2025,Zona Sul,M'Boi Mirim,Inativo Intransitável,ES M'BOI MIRIM
29-10-2025,Zona Sul,Santo Amaro,Inativo Transitável,AV SANTO AMARO
29-10-2025,Zona Sudeste,Vila Mariana,Inativo Transitável,AV VINTE E TRES DE MAIO
30-10-2025,,,,
31-10-2025,,,,
01-11-2025,,,,
02-11-2025,Zona Norte,Santana,Inativo Transitável,AV GAL ATALIBA LEONEL
02-11-2025,Zona Leste,Itaim Paulista,Inativo Transitável,AV MARECHAL TITO
02-11-2025,Zona Sul,Cidade Ademar,Inativo Transitável,PÇ TUNEY ARANTES
03-11-2025,Zona Oeste,Lapa,Inativo Transitável,R ZIMON LEIRNER
03-11-2025,Zona Oeste,Pinheiros,Inativo Intransitável,AL SANTOS
04-11-2025,,,,
05-11-2025,,,,
06-11-2025,,,,
07-11-2025,,,,
08-11-2025,,,,
09-11-2025,,,,
10-11-2025,,,,
11-11-2025,,,,
12-11-2025,,,,
13-11-2025,,,,
14-11-2025,,,,
15-11-2025,,,,
16-11-2025,,,,
17-11-2025,Zona Oeste,Butantã,Inativo Transitável,AV MAGALHAES DE CASTRO
17-11-2025,Zona Oeste,Butantã,Inativo Transitável,AV ALCIDES SANGIRARDI
17-11-2025,Zona Oeste,Pinheiros,Inativo Transitável,AV DAS NACOES UNIDAS
17-11-2025,Zona Leste,Itaquera,Inativo Transitável,AV JACU PESSEGO N TRABALHADORES
17-11-2025,Zona Sul,Santo Amaro,Inativo Intransitável,AV STO AMARO
18-11-2025,,,,
19-11-2025,,,,
20-11-2025,,,,
21-11-2025,,,,
22-11-2025,,,,
23-11-2025,,,,
24-11-2025,Zona Leste,São Mateus,Inativo Transitável,AV JACU PESSEGO N TRABALHADORES
25-11-2025,,,,
26-11-2025,,,,
27-11-2025,,,,
28-11-2025,,,,
29-11-2025,,,,
30-11-2025,,,,
01-12-2025,,,,
02-12-2025,Zona Sul,Parelheiros,Inativo Intransitável,ES ECOTURISTICA DE PARELHEIROS
02-12-2025,Zona Sul,Parelheiros,Inativo Transitável,ES ECOTURISTICA DE PARELHEIROS
03-12-2025,,,,
04-12-2025,,,,
05-12-2025,,,,
06-12-2025,,,,
07-12-2025,,,,
08-12-2025,Zona Norte,Vila Maria/ Vila Guilherme,Inativo Transitável,PTE PRES JANIO QUADROS
08-12-2025,Zona Oeste,Butantã,Inativo Transitável,AV PROF FRANCISCO MORATO
08-12-2025,Zona Oeste,Butantã,Inativo Intransitável,AV JULES RIMET
08-12-2025,Zona Oeste,Butantã,Inativo Transitável,TN PRES JANIO QUADROS
08-12-2025,Zona Oeste,Pinheiros,Inativo Intransitável,TN MAX FEFFER
08-12-2025,Zona Oeste,Pinheiros,Inativo Intransitável,MARGINAL PINHEIROS INTCB
08-12-2025,Zona Oeste,Pinheiros,Inativo Intransitável,PTE OCTAVIO FRIAS DE OLIVEIRA
08-12-2025,Zona Oeste,Pinheiros,Inativo Intransitável,MARGINAL PINHEIROS INTCB
08-12-2025,Zona Leste,Penha,Inativo Intransitável,AV CD DE FRONTIN
08-12-2025,Zona Sul,Santo Amaro,Inativo Intransitável,AL STO AMARO
08-12-2025,Zona Sudeste,Ipiranga,Inativo Intransitável,VD GRANDE SAO PAULO VER M O SALA
08-12-2025,Zona Sudeste,Vila Mariana,Inativo Intransitável,PC JUCA MULATO
09-12-2025,Zona Norte,Freguesia do Ó,Inativo Intransitável,AV OTAVIANO ALVES DE LIMA
09-12-2025,Zona Leste,Aricanduva/ Vila Formosa,Inativo Transitável,AV ARICANDUVA
09-12-2025,Zona Sudeste,Vila Mariana,Inativo Transitável,AV IBIRAPUERA
10-12-2025,Centro,Sé,Inativo Transitável,PTE DAS BANDEIRAS SEN ROMEU TUMA
10-12-2025,Zona Leste,São Mateus,Inativo Transitável,AV ARICANDUVA
10-12-2025,Zona Leste,São Mateus,Inativo Intransitável,AV JACU PESSEGO N TRABALHADORES
10-12-2025,Zona Sudeste,Vila Mariana,Inativo Transitável,CV JOAO JORGE SAAD
11-12-2025,,,,
12-12-2025,Zona Leste,Itaquera,Inativo Intransitável,AV JACU PESSEGO N TRABALHADORES
13-12-2025,Centro,Sé,Inativo Intransitável,AV RIO BRANCO
13-12-2025,Centro,Sé,Inativo Transitável,AV RIO BRANCO
13-12-2025,Zona Oeste,Butantã,Inativo Transitável,AV MAGALHAES DE CASTRO
13-12-2025,Zona Leste,Itaquera,Inativo Intransitável,AV JACU PESSEGO N TRABALHADORES
13-12-2025,Zona Leste,São Mateus,Inativo Intransitável,AV JACU PESSEGO N TRABALHADORES
14-12-2025,Zona Norte,Casa Verde,Inativo Transitável,R REIMS
14-12-2025,Zona Norte,Vila Maria/ Vila Guilherme,Inativo Transitável,R MIGUEL MENTEM
15-12-2025,,,,
16-12-2025,Centro,Sé,Inativo Intransitável,TN S JOAO PAULO II
16-12-2025,Centro,Sé,Inativo Transitável,R CRUZEIRO
16-12-2025,Centro,Sé,Inativo Transitável,R NORMA PIERUCCINI GIANNOTTI
16-12-2025,Centro,Sé,Inativo Transitável,R ANHANGUERA
16-12-2025,Centro,Sé,Inativo Transitável,R ANHANGUERA
16-12-2025,Centro,Sé,Inativo Transitável,AV RIO BRANCO
16-12-2025,Zona Oeste,Butantã,Inativo Intransitável,AV ALCIDES SANGIRARDI
16-12-2025,Zona Oeste,Butantã,Inativo Intransitável,AV JULES RIMET
16-12-2025,Zona Leste,Itaim Paulista,Inativo Intransitável,AV MARECHAL TITO
16-12-2025,Zona Leste,Itaim Paulista,Inativo Intransitável,RUA MANUEL BARBALHO DE LIMA
16-12-2025,Zona Leste,Itaim Paulista,Inativo Intransitável,AV MARECHAL TITO
16-12-2025,Zona Leste,Itaim Paulista,Inativo Intransitável,AV MARECHAL TITO
16-12-2025,Zona Leste,Mooca,Inativo Transitável,AV CRUZEIRO DO SUL
16-12-2025,Zona Sul,Santo Amaro,Inativo Intransitável,AV STO AMARO
16-12-2025,Zona Sudeste,Vila Mariana,Inativo Intransitável,CV TRIBUNAL DE JUSTICA DO E. SP
17-12-2025,,,,
18-12-2025,,,,
19-12-2025,,,,
20-12-2025,,,,
21-12-2025,,,,
22-12-2025,,,,
23-12-2025,,,,
24-12-2025,,,,
25-12-2025,,,,
26-12-2025,,,,
27-12-2025,Zona Norte,Freguesia do Ó,Inativo Intransitável,R MANOEL BARBOSA
27-12-2025,Zona Norte,Pirituba/Jaraguá,Inativo Intransitável,AV OTAVIANO ALVES DE LIMA
27-12-2025,Zona Oeste,Butantã,Inativo Intransitável,AV PDE LEBRET
27-12-2025,Zona Oeste,Butantã,Inativo Intransitável,AV PROF FRANCISCO MORATO
27-12-2025,Zona Oeste,Butantã,Inativo Intransitável,R DOS PIEMONTESES
27-12-2025,Zona Sudeste,Ipiranga,Inativo Transitável,R PRES BATISTA PEREIRA
28-12-2025,,,,
29-12-2025,Zona Norte,Casa Verde,Inativo Intransitável,AV ANTONIO MUNHOZ BONILHA
29-12-2025,Zona Norte,Pirituba/Jaraguá,Inativo Intransitável,MARGINAL TIETE
29-12-2025,Zona Oeste,Butantã,Inativo Intransitável,AV PROF FRANCISCO MORATO
29-12-2025,Zona Oeste,Pinheiros,Inativo Transitável,PC PAN-AMERICANA
30-12-2025,Zona Norte,Pirituba/Jaraguá,Inativo Intransitável,MARGINAL TIETE
30-12-2025,Centro,Sé,Inativo Transitável,AV MERCURIO
30-12-2025,Centro,Sé,Inativo Transitável,R DOM RODO
30-12-2025,Zona Oeste,Butantã,Inativo Transitável,AV ENG BILLINGS
30-12-2025,Zona Oeste,Lapa,Inativo Intransitável,AV PRES CASTELO BRANCO
30-12-2025,Zona Oeste,Pinheiros,Inativo Transitável,AV DAS NACOES UNIDAS
30-12-2025,Zona Oeste,Pinheiros,Inativo Intransitável,MARGINAL PINHEIROS
30-12-2025,Zona Leste,Mooca,Inativo Transitável,VD GUADALAJARA-JOAO BEHISNELIAN
31-12-2025,Centro,Sé,Inativo Transitável,R DA FIGUEIRA
31-12-2025,Zona Sul,M'Boi Mirim,Inativo Transitável,AV GUARAPIRANGA
01-01-2026,,,,
02-01-2026,,,,
03-01-2026,,,,
04-01-2026,,,,
05-01-2026,,,,
06-01-2026,,,,
07-01-2026,Zona Norte,Freguesia do Ó,Inativo Transitável,R BONIFACIO CUBAS
07-01-2026,Zona Norte,Freguesia do Ó,Inativo Transitável,AV STA MARINA
07-01-2026,Zona Norte,Vila Maria/ Vila Guilherme,Inativo Intransitável,R CHICO PONTES
07-01-2026,Zona Norte,Pirituba/Jaraguá,Inativo Transitável,AV OTAVIANO ALVES DE LIMA
07-01-2026,Zona Norte,Santana,Inativo Transitável,PTE DAS BANDEIRAS SEN ROMEU TUMA
07-01-2026,Zona Norte,Santana,Inativo Intransitável,AV CRUZEIRO DO SUL
07-01-2026,Zona Norte,Santana,Inativo Intransitável,MARGINAL TIETE
07-01-2026,Zona Norte,Santana,Inativo Intransitável,MARGINAL TIETE
07-01-2026,Centro,Sé,Inativo Transitável,AV MERCURIO
07-01-2026,Centro,Sé,Inativo Intransitável,AV PRES CASTELO BRANCO
07-01-2026,Centro,Sé,Inativo Intransitável,MARGINAL TIETE CBAS EXPRESSA
07-01-2026,Centro,Sé,Inativo Transitável,AV SANTOS DUMONT
07-01-2026,Zona Oeste,Lapa,Inativo Transitável,AV EMB MACEDO SOARES
07-01-2026,Zona Leste,Aricanduva/ Vila Formosa,Inativo Intransitável,AV ARICANDUVA
07-01-2026,Zona Leste,Aricanduva/ Vila Formosa,Inativo Intransitável,R CARLOS SILVA
07-01-2026,Zona Leste,Aricanduva/ Vila Formosa,Inativo Intransitável,AV ARICANDUVA
07-01-2026,Zona Leste,Aricanduva/ Vila Formosa,Inativo Intransitável,AV ARICANDUVA
07-01-2026,Zona Leste,Mooca,Inativo Intransitável,R HIPODROMO
07-01-2026,Zona Leste,Mooca,Inativo Intransitável,AV ALCANTARA MACHADO
07-01-2026,Zona Leste,Mooca,Inativo Transitável,AV CRUZEIRO DO SUL
07-01-2026,Zona Leste,Mooca,Inativo Transitável,AV PRES CASTELO BRANCO
07-01-2026,Zona Leste,Penha,Inativo Intransitável,AV AIRTON PRETINI
07-01-2026,Zona Leste,Penha,Inativo Transitável,AV CD DE FRONTIN
07-01-2026,Zona Leste,São Mateus,Inativo Transitável,AV ARICANDUVA
08-01-2026,Zona Norte,Santana,Inativo Transitável,AV CRUZEIRO DO SUL
08-01-2026,Zona Norte,Santana,Inativo Transitável,PTE DAS BANDEIRAS SEN ROMEU TUMA
08-01-2026,Centro,Sé,Inativo Transitável,AV RUDGE
08-01-2026,Centro,Sé,Inativo Transitável,AV SANTOS DUMONT
08-01-2026,Zona Oeste,Butantã,Inativo Transitável,AV JULES RIMET
08-01-2026,Zona Oeste,Pinheiros,Inativo Transitável,R HUNGRIA
08-01-2026,Zona Leste,Aricanduva/ Vila Formosa,Inativo Intransitável,AV DR EDUARDO COTCHING
08-01-2026,Zona Leste,Aricanduva/ Vila Formosa,Inativo Intransitável,AV DR EDUARDO COTCHING
08-01-2026,Zona Leste,Cidade Tiradentes,Inativo Intransitável,AV JOSE HIGINO NEVES
08-01-2026,Zona Leste,Cidade Tiradentes,Inativo Intransitável,AV DOS METALURGICOS
08-01-2026,Zona Leste,Cidade Tiradentes,Inativo Intransitável,R INACIO MONTEIRO
08-01-2026,Zona Leste,Guaianases,Inativo Intransitável,RUA ALEXANDRE LEGRAND
08-01-2026,Zona Leste,Guaianases,Inativo Intransitável,RUA ANDREAS RASELIUS
08-01-2026,Zona Leste,Itaquera,Inativo Intransitável,VD LADEIRA DO XISTO
08-01-2026,Zona Leste,Itaquera,Inativo Intransitável,AV ITAQUERA
08-01-2026,Zona Leste,Itaquera,Inativo Intransitável,R PDE VIEGAS DE MENEZES
08-01-2026,Zona Leste,Itaquera,Inativo Intransitável,AV JOSE PINHEIRO BORGES
08-01-2026,Zona Leste,Itaquera,Inativo Intransitável,AV JACU PESSEGO N TRABALHADORES
08-01-2026,Zona Leste,Itaim Paulista,Inativo Transitável,AV MARECHAL TITO
08-01-2026,Zona Leste,Penha,Inativo Intransitável,AV CD DE FRONTIN
08-01-2026,Zona Sul,Santo Amaro,Inativo Intransitável,AV SANTO AMARO
08-01-2026,Zona Sudeste,Ipiranga,Inativo Intransitável,AV PRES TANCREDO NEVES
08-01-2026,Zona Sudeste,Vila Mariana,Inativo Intransitável,R GAL CHAGAS SANTOS
08-01-2026,Zona Sudeste,Vila Mariana,Inativo Intransitável,AV PROF ABRAAO DE MORAIS
08-01-2026,Zona Sudeste,Vila Mariana,Inativo Intransitável,16-PC JUCA MULATO X AV ASCENDINO REIS (C/B): AV PROF ASCENDINO REIS
08-01-2026,Zona Sudeste,Vila Mariana,Inativo Intransitável,AV IBIRAPUERA
08-01-2026,Zona Sudeste,Vila Mariana,Inativo Intransitável,AV IBIRAPUERA
08-01-2026,Zona Sudeste,Vila Mariana,Inativo Intransitável,AV MOREIRA GUIMARAES
09-01-2026,Zona Norte,Pirituba/Jaraguá,Inativo Transitável,PSS FANDI CHAQUIB KALIL
09-01-2026,Zona Norte,Pirituba/Jaraguá,Inativo Transitável,MARGINAL TIETE ASCB EXPRESSA
09-01-2026,Zona Oeste,Butantã,Inativo Intransitável,AV JULES RIMET
09-01-2026,Zona Oeste,Lapa,Inativo Intransitável,PC APECATU
09-01-2026,Zona Oeste,Lapa,Inativo Transitável,AV MARGINAL DIREITA DO TIETE
09-01-2026,Zona Leste,São Mateus,Inativo Intransitável,AV JACU PESSEGO N TRABALHADORES
10-01-2026,Zona Sul,Santo Amaro,Inativo Transitável,AV VITOR MANZINI
11-01-2026,,,,
12-01-2026,,,,
13-01-2026,Zona Norte,Casa Verde,Inativo Intransitável,AV ANTONIO MUNHOZ BONILHA
13-01-2026,Zona Norte,Casa Verde,Inativo Intransitável,AV ORDEM E PROGRESSO
13-01-2026,Zona Norte,Jaçanã/ Tremembé,Inativo Intransitável,AV EDU CHAVES
13-01-2026,Zona Norte,Vila Maria/ Vila Guilherme,Inativo Intransitável,AV MORVAN DIAS DE FIGUEIREDO
13-01-2026,Zona Norte,Vila Maria/ Vila Guilherme,Inativo Intransitável,AV MORVAN DIAS DE FIGUEIREDO
13-01-2026,Zona Norte,Vila Maria/ Vila Guilherme,Inativo Intransitável,AV MORVAN DIAS DE FIGUEIREDO
13-01-2026,Centro,Sé,Inativo Intransitável,R GLICERIO
13-01-2026,Centro,Sé,Inativo Intransitável,AV SANTOS DUMONT
13-01-2026,Centro,Sé,Inativo Transitável,AV PAULISTA
13-01-2026,Centro,Sé,Inativo Transitável,AV PRES CASTELO BRANCO
13-01-2026,Zona Oeste,Butantã,Inativo Intransitável,R SERGIO PAULO FREDDI
13-01-2026,Zona Oeste,Butantã,Inativo Intransitável,AV VITAL BRAZIL
13-01-2026,Zona Oeste,Lapa,Inativo Intransitável,AV ANTARTICA
13-01-2026,Zona Oeste,Lapa,Inativo Intransitável,AV MARQ DE SAO VICENTE
13-01-2026,Zona Oeste,Lapa,Inativo Intransitável,AV MARQ DE SAO VICENTE
13-01-2026,Zona Oeste,Lapa,Inativo Intransitável,R TAGIPURU
13-01-2026,Zona Oeste,Lapa,Inativo Intransitável,AV MARQ DE SAO VICENTE
13-01-2026,Zona Oeste,Lapa,Inativo Intransitável,AV PRES CASTELO BRANCO
13-01-2026,Zona Oeste,Pinheiros,Inativo Transitável,R ABEGOARIA
13-01-2026,Zona Oeste,Pinheiros,Inativo Transitável,TN MAX FEFFER
13-01-2026,Zona Leste,Aricanduva/ Vila Formosa,Inativo Intransitável,AV DR EDUARDO COTCHING
13-01-2026,Zona Leste,Mooca,Inativo Transitável,R TIERS
13-01-2026,Zona Leste,Mooca,Inativo Transitável,AV ALCANTARA MACHADO
13-01-2026,Zona Leste,Mooca,Inativo Intransitável,R SALIM FARAH MALUF
13-01-2026,Zona Leste,Mooca,Inativo Intransitável,AV CELSO GARCIA
13-01-2026,Zona Leste,Mooca,Inativo Transitável,R MELO FREIRE
13-01-2026,Zona Leste,Mooca,Inativo Intransitável,R BRESSER
13-01-2026,Zona Leste,Mooca,Inativo Transitável,AV CDSSA ELISABETH DE ROBIANO
13-01-2026,Zona Leste,Vila Prudente,Inativo Intransitável,AV PROF LUIZ IGNACIO ANHAIA MELLO
13-01-2026,Zona Leste,Vila Prudente,Inativo Intransitável,R SALIM FARAH MALUF
13-01-2026,Zona Leste,Vila Prudente,Inativo Intransitável,AV PROF LUIZ IGNACIO ANHAIA MELLO
13-01-2026,Zona Leste,Vila Prudente,Inativo Intransitável,R AMERICO VESPUCCI
13-01-2026,Zona Sul,Santo Amaro,Inativo Intransitável,AV SANTO AMARO
14-01-2026,Zona Oeste,Butantã,Inativo Intransitável,AV LINEU DE PAULA MACHADO
14-01-2026,Zona Oeste,Butantã,Inativo Intransitável,AV JULES RIMET
14-01-2026,Zona Oeste,Butantã,Inativo Intransitável,AV JULES RIMET
14-01-2026,Zona Oeste,Pinheiros,Inativo Intransitável,AV EUSEBIO MATOSO
14-01-2026,Zona Oeste,Pinheiros,Inativo Transitável,AV DRA RUTH CARDOSO
14-01-2026,Zona Oeste,Pinheiros,Inativo Intransitável,AV DRA RUTH CARDOSO
14-01-2026,Zona Sul,Campo Limpo,Inativo Intransitável,AV CARLOS CALDEIRA FILHO
14-01-2026,Zona Sul,Campo Limpo,Inativo Intransitável,AV CARLOS CALDEIRA FILHO
14-01-2026,Zona Sul,Capela do Socorro,Inativo Intransitável,AV GUARAPIRANGA
14-01-2026,Zona Sudeste,Vila Mariana,Inativo Transitável,CV JOAO JORGE SAAD
15-01-2026,Zona Norte,Casa Verde,Inativo Transitável,R REIMS
15-01-2026,Zona Norte,Santana,Inativo Transitável,PTE DAS BANDEIRAS SEN ROMEU TUMA
15-01-2026,Zona Oeste,Butantã,Inativo Intransitável,R MONCORVO FILHO
15-01-2026,Zona Oeste,Lapa,Inativo Intransitável,AV MARQ DE SAO VICENTE
15-01-2026,Zona Leste,Sapopemba,Inativo Intransitável,TRAV HILARION QUINTANA
16-01-2026,Zona Norte,Vila Maria/ Vila Guilherme,Inativo Transitável,AV EDUC PAULO FREIRE
16-01-2026,Zona Oeste,Butantã,Inativo Intransitável,AV JULES RIMET
16-01-2026,Zona Oeste,Lapa,Inativo Transitável,AV COMEN MARTINELLI
16-01-2026,Zona Leste,Guaianases,Inativo Intransitável,RUA ALEXANDRE LEGRAND
16-01-2026,Zona Leste,Mooca,Inativo Transitável,AV CRUZEIRO DO SUL
16-01-2026,Zona Leste,Mooca,Inativo Intransitável,AV ALCANTARA MACHADO
16-01-2026,Zona Leste,Sapopemba,Inativo Intransitável,TRAV HILARION QUINTANA
16-01-2026,Zona Sul,Campo Limpo,Inativo Intransitável,AV CARLOS CALDEIRA FILHO
16-01-2026,Zona Sul,Campo Limpo,Inativo Intransitável,AV CARLOS CALDEIRA FILHO
16-01-2026,Zona Sul,Campo Limpo,Inativo Intransitável,AV CARLOS CALDEIRA FILHO
16-01-2026,Zona Sul,Campo Limpo,Inativo Intransitável,AV ELLIS MAAS
16-01-2026,Zona Sul,M'Boi Mirim,Inativo Intransitável,AV JOAO DIAS
16-01-2026,Zona Sul,Santo Amaro,Inativo Intransitável,AV DAS NACOES UNIDAS
16-01-2026,Zona Sul,Santo Amaro,Inativo Intransitável,AV STO AMARO
16-01-2026,Zona Sul,Santo Amaro,Inativo Intransitável,AV VITOR MANZINI
16-01-2026,Zona Sudeste,Jabaquara,Inativo Transitável,AV ENG ARMANDO DE ARRUDA PEREIRA
17-01-2026,Zona Oeste,Butantã,Inativo Transitável,AV VITAL BRAZIL
17-01-2026,Zona Leste,Vila Prudente,Inativo Intransitável,AV VILA EMA
17-01-2026,Zona Leste,Vila Prudente,Inativo Intransitável,AV PROF LUIZ IGNACIO ANHAIA MELLO
17-01-2026,Zona Leste,Vila Prudente,Inativo Intransitável,R SALIM FARAH MALUF
17-01-2026,Zona Leste,Vila Prudente,Inativo Intransitável,R IBITIRAMA
17-01-2026,Zona Leste,Vila Prudente,Inativo Intransitável,AV PROF LUIZ IGNACIO ANHAIA MELLO
17-01-2026,Zona Sul,Santo Amaro,Inativo Intransitável,AC A AV DAS NACOES UNIDAS (CAMPO GRANDE)
17-01-2026,Zona Sul,Santo Amaro,Inativo Transitável,PC DOM FRANCISCO DE SOUSA
17-01-2026,Zona Sul,Santo Amaro,Inativo Intransitável,RUA JORGE DUPRAT
17-01-2026,Zona Sul,Santo Amaro,Inativo Intransitável,AV DAS NACOES UNIDAS
17-01-2026,Zona Sul,Santo Amaro,Inativo Intransitável,AV DAS NACOES UNIDAS
17-01-2026,Zona Sudeste,Ipiranga,Inativo Intransitável,AV DO ESTADO
17-01-2026,Zona Sudeste,Ipiranga,Inativo Intransitável,VD JOSE COLASUONNO
17-01-2026,Zona Sudeste,Vila Mariana,Inativo Transitável,AV PEDRO ALVARES CABRAL
17-01-2026,Zona Sudeste,Vila Mariana,Inativo Transitável,AV PROF ABRAAO DE MORAIS
18-01-2026,,,,
19-01-2026,,,,
20-01-2026,,,,
21-01-2026,,,,
22-01-2026,,,,
23-01-2026,,,,
24-01-2026,,,,
25-01-2026,Zona Norte,Vila Maria/ Vila Guilherme,Inativo Intransitável,AV EDU CHAVES
25-01-2026,Zona Norte,Santana,Inativo Transitável,AV ZAKI NARCHI
25-01-2026,Zona Leste,Aricanduva/ Vila Formosa,Inativo Intransitável,AV REG FEIJO
25-01-2026,Zona Leste,Mooca,Inativo Intransitável,AV ALCANTARA MACHADO
25-01-2026,Zona Leste,Mooca,Inativo Transitável,R MELO FREIRE
25-01-2026,Zona Leste,Mooca,Inativo Transitável,VD PIRES DO RIO
25-01-2026,Zona Leste,Mooca,Inativo Intransitável,R ARNALDO CINTRA
25-01-2026,Zona Leste,Mooca,Inativo Intransitável,AV CD DE FRONTIN
25-01-2026,Zona Leste,Penha,Inativo Intransitável,AV CD DE FRONTIN
25-01-2026,Zona Leste,Vila Prudente,Inativo Intransitável,AV EDU CHAVES
25-01-2026,Zona Leste,Vila Prudente,Inativo Intransitável,AV VILA EMA
25-01-2026,Zona Leste,Vila Prudente,Inativo Intransitável,AV SALIM FARAH MALUF
25-01-2026,Zona Leste,Vila Prudente,Inativo Intransitável,AV FRANCISCO FALCONI
25-01-2026,Zona Leste,Vila Prudente,Inativo Intransitável,R ARACATI-MIRIM
25-01-2026,Zona Leste,Vila Prudente,Inativo Intransitável,AV PROF LUIZ IGNACIO ANHAIA MELLO
26-01-2026,,,,
27-01-2026,Zona Norte,Vila Maria/ Vila Guilherme,Inativo Intransitável,AV MORVAN DIAS DE FIGUEIREDO
27-01-2026,Zona Norte,Santana,Inativo Transitável,AV OLAVO FONTOURA
27-01-2026,Zona Norte,Santana,Inativo Intransitável,AV OLAVO FONTOURA
27-01-2026,Centro,Sé,Inativo Intransitável,AV VINTE E TRES DE MAIO
27-01-2026,Centro,Sé,Inativo Intransitável,AV PRES CASTELO BRANCO
27-01-2026,Centro,Sé,Inativo Intransitável,TN S JOAO PAULO II
27-01-2026,Centro,Sé,Inativo Intransitável,PC DA BANDEIRA
27-01-2026,Zona Oeste,Butantã,Inativo Intransitável,AV JULES RIMET
27-01-2026,Zona Oeste,Pinheiros,Inativo Intransitável,MARGINAL PINHEIROS INTCB
27-01-2026,Zona Oeste,Pinheiros,Inativo Intransitável,AV DRA RUTH CARDOSO
27-01-2026,Zona Oeste,Pinheiros,Inativo Transitável,R COLOMBIA
27-01-2026,Zona Leste,Aricanduva/ Vila Formosa,Inativo Intransitável,R ARNALDO ROSA
27-01-2026,Zona Leste,Mooca,Inativo Intransitável,R TIERS
27-01-2026,Zona Leste,Mooca,Inativo Intransitável,AV CELSO GARCIA
27-01-2026,Zona Sul,Capela do Socorro,Inativo Intransitável,AV GUARAPIRANGA
27-01-2026,Zona Sul,Santo Amaro,Inativo Intransitável,AV VITOR MANZINI
27-01-2026,Zona Sul,Santo Amaro,Inativo Intransitável,AV VITOR MANZINI
27-01-2026,Zona Sudeste,Ipiranga,Inativo Intransitável,R PRES BATISTA PEREIRA
28-01-2026,Zona Leste,Itaim Paulista,Inativo Intransitável,R RAFAEL CORREIA DA SILVA
28-01-2026,Zona Leste,Itaim Paulista,Inativo Intransitável,AV MAL TITO
28-01-2026,Zona Leste,Itaim Paulista,Inativo Intransitável,RUA MARIA LAZZARI
28-01-2026,Zona Leste,Itaim Paulista,Inativo Intransitável,RUA ITAJUIBE
28-01-2026,Zona Leste,Itaim Paulista,Inativo Intransitável,AV MAL TITO
28-01-2026,Zona Leste,Itaim Paulista,Inativo Intransitável,AV MAL TITO
28-01-2026,Zona Leste,Itaim Paulista,Inativo Intransitável,AV CÓRREGO TIJUCO PRETO
28-01-2026,Zona Leste,São Miguel Paulista,Inativo Intransitável,RUA CORDÃO DE SÃO FRANCISCO
29-01-2026,Zona Oeste,Pinheiros,Inativo Transitável,AV STO AMARO
29-01-2026,Zona Leste,Mooca,Inativo Intransitável,AV ALCANTARA MACHADO
29-01-2026,Zona Sul,Cidade Ademar,Inativo Intransitável,AV INTERLAGOS
29-01-2026,Zona Sul,Santo Amaro,Inativo Intransitável,AV STO AMARO
29-01-2026,Zona Sul,Santo Amaro,Inativo Intransitável,AV VITOR MANZINI
29-01-2026,Zona Sudeste,Vila Mariana,Inativo Transitável,AV DR RICARDO JAFET
30-01-2026,Zona Norte,Santana,Inativo Intransitável,AV ZAKI NARCHI
30-01-2026,Zona Oeste,Lapa,Inativo Transitável,AV QUEIROZ FILHO
30-01-2026,Zona Oeste,Lapa,Inativo Transitável,PC APECATU
31-01-2026,,,,
01-02-2026,Zona Norte,Casa Verde,Inativo Transitável,AV NSRA DO O
01-02-2026,Zona Norte,Casa Verde,Inativo Transitável,AV NSRA DO O
01-02-2026,Zona Oeste,Butantã,Inativo Transitável,AV VITAL BRAZIL
01-02-2026,Zona Oeste,Butantã,Inativo Intransitável,AV JULES RIMET
01-02-2026,Zona Oeste,Lapa,Inativo Transitável,R CORIOLANO
01-02-2026,Zona Oeste,Lapa,Inativo Transitável,PC PASCOAL MARTINS
01-02-2026,Zona Leste,Guaianases,Inativo Intransitável,RUA ALEXANDRE LEGRAND
01-02-2026,Zona Leste,Itaquera,Inativo Intransitável,RUA CUNHA PORÃ
01-02-2026,Zona Leste,Itaim Paulista,Inativo Intransitável,AV MARECHAL TITO
01-02-2026,Zona Leste,Penha,Inativo Transitável,AV AIRTON PRETINI
01-02-2026,Zona Leste,Penha,Inativo Intransitável,R FREI BERTOLDO
01-02-2026,Zona Leste,Vila Prudente,Inativo Intransitável,AV VILA EMMA
01-02-2026,Zona Sul,Campo Limpo,Inativo Intransitável,AV CARLOS CALDEIRA FILHO
01-02-2026,Zona Sul,Campo Limpo,Inativo Intransitável,AV CARLOS CALDEIRA FILHO
01-02-2026,Zona Sul,Santo Amaro,Inativo Intransitável,AV INTERLAGOS
01-02-2026,Zona Sudeste,Vila Mariana,Inativo Transitável,CV TRIBUNAL DE JUSTICA DO E. SP
01-02-2026,Zona Sudeste,Vila Mariana,Inativo Intransitável,AV VINTE E TRES DE MAIO
01-02-2026,Zona Sudeste,Vila Mariana,Inativo Intransitável,PC JUCA MULATO
01-02-2026,Zona Sudeste,Vila Mariana,Inativo Intransitável,R DR HABERBECK BRANDAO
01-02-2026,Zona Sudeste,Vila Mariana,Inativo Intransitável,PC JUCA MULATO
02-02-2026,,,,
03-02-2026,Zona Oeste,Lapa,Inativo Intransitável,R VENANCIO AIRES
03-02-2026,Zona Oeste,Lapa,Inativo Intransitável,AV POMPEIA
03-02-2026,Zona Leste,Guaianases,Inativo Intransitável,RUA ALEXANDRE LEGRAND
03-02-2026,Zona Leste,Itaquera,Inativo Intransitável,AV ITAQUERA
03-02-2026,Zona Leste,Itaquera,Inativo Intransitável,R PDE VIEGAS DE MENEZES
03-02-2026,Zona Leste,Itaquera,Inativo Intransitável,RUA CUNHA PORÃ
03-02-2026,Zona Leste,Itaim Paulista,Inativo Intransitável,AV MARECHAL TITO
03-02-2026,Zona Leste,Itaim Paulista,Inativo Intransitável,AV MARECHAL TITO
03-02-2026,Zona Leste,Mooca,Inativo Transitável,R BRESSER
03-02-2026,Zona Leste,São Miguel Paulista,Inativo Intransitável,R BERNARDO DE CHAVES CABRAL
03-02-2026,Zona Leste,São Miguel Paulista,Inativo Transitável,AV S MIGUEL
03-02-2026,Zona Sudeste,Vila Mariana,Inativo Intransitável,AV DR RICARDO JAFET
04-02-2026,Zona Leste,Penha,Inativo Transitável,R DR LUIZ AYRES
04-02-2026,Zona Leste,São Mateus,Inativo Intransitável,AV JACU PESSEGO N TRABALHADORES
05-02-2026,,,,
06-02-2026,,,,
07-02-2026,Centro,Sé,Inativo Transitável,R MANOEL DUTRA
07-02-2026,Centro,Sé,Inativo Transitável,R S PAULO (LIBERDADE)
07-02-2026,Centro,Sé,Inativo Intransitável,PC DA BANDEIRA
07-02-2026,Zona Leste,Itaim Paulista,Inativo Intransitável,AV MARECHAL TITO
07-02-2026,Zona Sudeste,Ipiranga,Inativo Intransitável,R PRES BATISTA PEREIRA
07-02-2026,Zona Sudeste,Vila Mariana,Inativo Intransitável,AV VINTE E TRES DE MAIO
07-02-2026,Zona Sudeste,Vila Mariana,Inativo Transitável,AV VINTE E TRES DE MAIO
08-02-2026,,,,
09-02-2026,Centro,Sé,Inativo Transitável,AV RIO BRANCO
09-02-2026,Zona Leste,Itaquera,Inativo Transitável,R DAMASIO PINTO
09-02-2026,Zona Leste,Mooca,Inativo Transitável,AV CELSO GARCIA
09-02-2026,Zona Leste,Mooca,Inativo Intransitável,R BRESSER
09-02-2026,Zona Sul,Campo Limpo,Inativo Transitável,AV ELLIS MAAS
10-02-2026,,,,
11-02-2026,,,,
12-02-2026,,,,
13-02-2026,,,,
14-02-2026,,,,
15-02-2026,,,,
16-02-2026,Zona Norte,Pirituba/Jaraguá,Inativo Intransitável,AV BENEDITO ANDRADE
16-02-2026,Zona Norte,Pirituba/Jaraguá,Inativo Intransitável,AV OTAVIANO ALVES DE LIMA
16-02-2026,Zona Norte,Pirituba/Jaraguá,Inativo Transitável,MARGINAL TIETE ASCB EXPRESSA
16-02-2026,Zona Norte,Santana,Inativo Transitável,AV AVENIDA CRUZEIRO DO SUL
16-02-2026,Zona Oeste,Butantã,Inativo Transitável,AV PROF FRANCISCO MORATO
16-02-2026,Zona Oeste,Butantã,Inativo Intransitável,AV JULES RIMET
16-02-2026,Zona Oeste,Lapa,Inativo Transitável,MARGINAL TIETE CBAS CENTRAL
17-02-2026,Zona Leste,Aricanduva/ Vila Formosa,Inativo Intransitável,AV REG FEIJO
17-02-2026,Zona Leste,Aricanduva/ Vila Formosa,Inativo Intransitável,AV REG FEIJO
17-02-2026,Zona Leste,Penha,Inativo Intransitável,R PDE COSTA
17-02-2026,Zona Leste,Penha,Inativo Intransitável,R FREI BERTOLDO
18-02-2026,Zona Oeste,Lapa,Inativo Transitável,MARGINAL TIETE CBAS EXPRESSA
19-02-2026,,,,
20-02-2026,,,,
21-02-2026,,,,
22-02-2026,,,,
23-02-2026,,,,
24-02-2026,Zona Norte,Santana,Inativo Intransitável,MARGINAL TIETE ASCB CENTRAL
24-02-2026,Zona Norte,Santana,Inativo Intransitável,AV CRUZEIRO DO SUL
24-02-2026,Centro,Sé,Inativo Intransitável,AV SANTOS DUMONT
24-02-2026,Zona Oeste,Butantã,Inativo Intransitável,AV VITAL BRAZIL
24-02-2026,Zona Oeste,Butantã,Inativo Intransitável,R ALVARENGA
24-02-2026,Zona Oeste,Butantã,Inativo Intransitável,AV JULES RIMET
24-02-2026,Zona Leste,Mooca,Inativo Transitável,AV CRUZEIRO DO SUL
24-02-2026,Zona Leste,Mooca,Inativo Transitável,R PEDRO VICENTE
24-02-2026,Zona Sul,Campo Limpo,Inativo Intransitável,AV CARLOS CALDEIRA FILHO
25-02-2026,Zona Oeste,Butantã,Inativo Transitável,AV GIOVANI GRONCHI
25-02-2026,Zona Oeste,Butantã,Inativo Intransitável,AV PROF FRANCISCO MORATO
25-02-2026,Zona Oeste,Pinheiros,Inativo Transitável,R ARGENTINA
25-02-2026,Zona Sul,M'Boi Mirim,Inativo Transitável,ES DE ITAPECERICA
25-02-2026,Zona Sul,M'Boi Mirim,Inativo Intransitável,ES M'BOI MIRIM
25-02-2026,Zona Sudeste,Vila Mariana,Inativo Transitável,AV VINTE E TRES DE MAIO
26-02-2026,,,,
27-02-2026,,,,
28-02-2026,,,,
01-03-2026,,,,
02-03-2026,,,,
03-03-2026,,,,
04-03-2026,,,,
05-03-2026,,,,
06-03-2026,Zona Norte,Pirituba/Jaraguá,Inativo Transitável,MARGINAL TIETE ASCB EXPRESSA
06-03-2026,Zona Oeste,Butantã,Inativo Transitável,AV ENG BILLINGS
06-03-2026,Zona Oeste,Butantã,Inativo Intransitável,AV JULES RIMET
06-03-2026,Zona Leste,Itaim Paulista,Inativo Intransitável,AV MARECHAL TITO
06-03-2026,Zona Leste,Itaim Paulista,Inativo Transitável,AV MAL TITO
06-03-2026,Zona Leste,Mooca,Inativo Intransitável,R HIPODROMO
06-03-2026,Zona Leste,Mooca,Inativo Intransitável,R BRESSER
06-03-2026,Zona Sul,Cidade Ademar,Inativo Transitável,AV INTERLAGOS
06-03-2026,Zona Sul,Campo Limpo,Inativo Intransitável,AV ELLIS MAAS
06-03-2026,Zona Sul,Campo Limpo,Inativo Intransitável,"AV ELIS MAAS, 940"
06-03-2026,Zona Sul,Campo Limpo,Inativo Transitável,R INTEGRADA
06-03-2026,Zona Sul,Santo Amaro,Inativo Intransitável,RUA MONSENHOR NALINE
06-03-2026,Zona Sul,Santo Amaro,Inativo Transitável,AV STO AMARO
07-03-2026,Zona Norte,Casa Verde,Inativo Transitável,MARGINAL TIETE ASCB EXPRESSA
07-03-2026,Zona Leste,Aricanduva/ Vila Formosa,Inativo Intransitável,AV REG FEIJO
08-03-2026,Zona Norte,Santana,Inativo Transitável,AV MORVAN DIAS DE FIGUEIREDO
08-03-2026,Zona Oeste,Butantã,Inativo Transitável,AV VITAL BRAZIL
08-03-2026,Zona Oeste,Butantã,Inativo Intransitável,R ALVARENGA
08-03-2026,Zona Oeste,Pinheiros,Inativo Intransitável,AV DAS NACOES UNIDAS
08-03-2026,Zona Oeste,Pinheiros,Inativo Intransitável,TN MAX FEFFER
08-03-2026,Zona Oeste,Pinheiros,Inativo Intransitável,TN JORN FERNANDO VIEIRA DE MELLO
08-03-2026,Zona Leste,Guaianases,Inativo Intransitável,RUA ALEXANDRE LEGRAND
08-03-2026,Zona Leste,Itaquera,Inativo Intransitável,AV ITAQUERA
08-03-2026,Zona Leste,Itaquera,Inativo Intransitável,AV JOSE PINHEIRO BORGES
08-03-2026,Zona Leste,Mooca,Inativo Intransitável,AV VILA EMA
08-03-2026,Zona Sul,Santo Amaro,Inativo Intransitável,RUA MONSENHOR NALINE
08-03-2026,Zona Sudeste,Ipiranga,Inativo Intransitável,RUA DAS JUNTAS PROVISÓRIAS
08-03-2026,Zona Sudeste,Ipiranga,Inativo Intransitável,AV ABRAÃO DE MORAIS
08-03-2026,Zona Sudeste,Ipiranga,Inativo Intransitável,AV TERESA CRISTINA
08-03-2026,Zona Sudeste,Vila Mariana,Inativo Intransitável,AV PROF ABRAAO DE MORAIS
09-03-2026,,,,
10-03-2026,,,,
11-03-2026,,,,
12-03-2026,,,,
13-03-2026,,,,
14-03-2026,,,,
15-03-2026,,,,
16-03-2026,,,,
17-03-2026,,,,
18-03-2026,Zona Norte,Casa Verde,Inativo Transitável,AV OTAVIANO ALVES DE LIMA
19-03-2026,Zona Norte,Santana,Inativo Transitável,AV ZAKI NARCHI
19-03-2026,Centro,Sé,Inativo Transitável,PC DA BANDEIRA
19-03-2026,Centro,Sé,Inativo Intransitável,AV SANTOS DUMONT
19-03-2026,Zona Oeste,Lapa,Inativo Intransitável,PC PASCOAL MARTINS
19-03-2026,Zona Leste,Mooca,Inativo Transitável,AV ALCANTARA MACHADO
19-03-2026,Zona Leste,Mooca,Inativo Transitável,R PEDRO VICENTE
19-03-2026,Zona Sul,Campo Limpo,Inativo Intransitável,"AV ELIS MAAS, 940"
20-03-2026,,,,
21-03-2026,,,,
22-03-2026,,,,
23-03-2026,,,,
24-03-2026,,,,
25-03-2026,,,,
26-03-2026,Centro,Sé,Inativo Transitável,R BARRA DO TIBAGI
27-03-2026,,,,
28-03-2026,,,,
29-03-2026,,,,
30-03-2026,,,,
31-03-2026,,,,
01-04-2026,Zona Leste,São Mateus,Inativo Intransitável,AV JOSE ALENCAR GOMES DA SILVA
01-04-2026,Zona Leste,Vila Prudente,Inativo Intransitável,R ANTONIO DE ALMEIDA
01-04-2026,Zona Leste,Vila Prudente,Inativo Transitável,AV PROF LUIZ IGNACIO ANHAIA MELLO
02-04-2026,,,,
03-04-2026,,,,
04-04-2026,,,,
05-04-2026,,,,
06-04-2026,,,,
07-04-2026,,,,
08-04-2026,,,,
09-04-2026,,,,
10-04-2026,,,,
11-04-2026,,,,
12-04-2026,,,,
13-04-2026,,,,
14-04-2026,,,,
15-04-2026,,,,
16-04-2026,,,,
17-04-2026,,,,
18-04-2026,,,,
19-04-2026,,,,
20-04-2026,,,,
21-04-2026,,,,
22-04-2026,,,,
23-04-2026,,,,
24-04-2026,,,,
25-04-2026,,,,
26-04-2026,,,,
27-04-2026,,,,
28-04-2026,,,,
29-04-2026,,,,
30-04-2026,,,,
01-05-2026,,,,
02-05-2026,,,,
03-05-2026,,,,
04-05-2026,,,,
05-05-2026,,,,
06-05-2026,,,,
07-05-2026,,,,
08-05-2026,,,,
09-05-2026,,,,
10-05-2026,,,,
11-05-2026,,,,
12-05-2026,,,,
13-05-2026,,,,
14-05-2026,,,,
15-05-2026,,,,
16-05-2026,,,,
17-05-2026,,,,
18-05-2026,,,,
19-05-2026,,,,
20-05-2026,,,,
21-05-2026,,,,
22-05-2026,,,,
23-05-2026,,,,
24-05-2026,,,,
25-05-2026,,,,
26-05-2026,,,,
27-05-2026,,,,
28-05-2026,,,,
29-05-2026,,,,
30-05-2026,,,,
31-05-2026,,,,
