date,precipitation,precipitation_previous_day1,precipitation_previous_day2,precipitation_previous_day3,temperature_2m_mean,temperature_2m_previous_day1_mean,temperature_2m_previous_day2_mean,temperature_2m_previous_day3_mean,temperature_2m_max,temperature_2m_previous_day1_max,temperature_2m_previous_day2_max,temperature_2m_previous_day3_max,temperature_2m_min,temperature_2m_previous_day1_min,temperature_2m_previous_day2_min,temperature_2m_previous_day3_min,wind_speed_10m,wind_speed_10m_previous_day1,wind_speed_10m_previous_day2,wind_speed_10m_previous_day3,precipitation_error_day1,precipitation_abs_error_day1,precipitation_error_day2,precipitation_abs_error_day2,precipitation_error_day3,precipitation_abs_error_day3
2024-01-01,0.30000000000000004,,,,21.283333333333335,,,,26.9,,,,17.2,,,,21.0,,,,,,,,,
2024-01-02,2.5,,,,21.96666666666667,,,,28.5,,,,17.5,,,,19.7,,,,,,,,,
2024-01-03,32.7,,,,22.016666666666666,,,,28.9,,,,18.9,,,,16.6,,,,,,,,,
2024-01-04,3.4,,,,21.483333333333334,,,,25.1,,,,19.4,,,,26.1,,,,,,,,,
2024-01-05,1.5,,,,21.020833333333332,,,,25.0,,,,18.7,,,,22.7,,,,,,,,,
2024-01-06,0.30000000000000004,,,,21.4375,,,,26.4,,,,18.2,,,,18.3,,,,,,,,,
2024-01-07,0.4,,,,22.7625,,,,29.7,,,,16.9,,,,17.4,,,,,,,,,
2024-01-08,0.2,,,,25.295833333333334,,,,31.8,,,,19.3,,,,18.2,,,,,,,,,
2024-01-09,1.2,,,,24.84583333333333,,,,31.5,,,,19.4,,,,13.9,,,,,,,,,
2024-01-10,17.5,,,,24.104166666666668,,,,30.7,,,,18.8,,,,15.1,,,,,,,,,
2024-01-11,8.0,,,,25.045833333333334,,,,30.2,,,,21.1,,,,25.5,,,,,,,,,
2024-01-12,18.0,,,,22.745833333333334,,,,25.6,,,,20.8,,,,22.2,,,,,,,,,
2024-01-13,22.4,,,,20.266666666666666,,,,22.6,,,,18.0,,,,23.6,,,,,,,,,
2024-01-14,0.5,,,,22.254166666666666,,,,28.8,,,,16.1,,,,10.5,,,,,,,,,
2024-01-15,0.0,,,,24.5625,,,,29.2,,,,20.2,,,,24.5,,,,,,,,,
2024-01-16,1.2,,,,25.645833333333332,,,,30.6,,,,21.0,,,,22.5,,,,,,,,,
2024-01-17,1.0,,,,25.587500000000002,,,,31.8,,,,21.4,,,,22.8,,,,,,,,,
2024-01-18,0.4,,,,25.3,,,,31.9,,,,20.0,,,,17.6,,,,,,,,,
2024-01-19,17.3,,,,24.504166666666666,28.259999999999998,,,29.6,32.2,,,21.2,23.8,,,23.9,14.9,,,,,,,,
2024-01-20,7.7,24.0,,,23.433333333333334,24.183333333333334,24.913333333333334,,29.0,27.3,27.9,,21.1,22.4,22.5,,26.9,14.0,13.6,,16.3,16.3,,,,
2024-01-21,9.1,6.1000000000000005,7.0,,21.954166666666666,22.974999999999998,23.3,23.56,25.8,26.3,26.9,25.9,19.6,20.6,20.6,20.6,26.3,15.0,15.5,14.5,-2.999999999999999,2.999999999999999,-2.0999999999999996,2.0999999999999996,,
2024-01-22,0.9,0.30000000000000004,0.0,0.7,20.366666666666667,21.604166666666668,21.375,21.045833333333334,24.5,25.7,25.4,23.4,18.1,19.0,18.8,19.2,22.8,15.9,16.6,15.6,-0.6,0.6,-0.9,0.9,-0.20000000000000007,0.20000000000000007
2024-01-23,11.1,21.1,5.0,0.1,18.3625,18.695833333333333,19.441666666666666,20.025000000000002,20.2,19.3,23.4,23.5,16.5,18.3,18.1,18.2,27.5,13.2,12.8,16.1,10.000000000000002,10.000000000000002,-6.1,6.1,-11.0,11.0
2024-01-24,10.799999999999999,3.5,2.8,5.4,18.154166666666665,19.787499999999998,19.025,18.675,22.8,22.3,21.8,20.6,13.9,18.4,17.9,17.0,21.0,14.3,14.7,12.5,-7.299999999999999,7.299999999999999,-7.999999999999999,7.999999999999999,-5.399999999999999,5.399999999999999
2024-01-25,11.1,3.5,1.5,2.9,18.116666666666667,19.5625,19.816666666666666,19.970833333333335,21.2,22.2,23.1,23.4,16.3,17.8,18.2,17.6,28.5,18.6,17.1,16.7,-7.6,7.6,-9.6,9.6,-8.2,8.2
2024-01-26,2.2,0.8,0.30000000000000004,0.1,18.195833333333333,19.691666666666666,19.974999999999998,20.145833333333332,21.6,23.2,24.0,24.5,15.9,17.5,17.6,17.0,22.6,17.6,17.4,15.7,-1.4000000000000001,1.4000000000000001,-1.9000000000000001,1.9000000000000001,-2.1,2.1
2024-01-27,2.3000000000000003,2.3000000000000003,0.4,1.2,19.754166666666666,21.0125,21.254166666666666,21.3,24.1,27.3,27.3,27.7,17.0,17.1,17.5,17.1,15.9,16.2,16.0,15.3,0.0,0.0,-1.9000000000000004,1.9000000000000004,-1.1000000000000003,1.1000000000000003
2024-01-28,5.3,13.799999999999999,16.9,30.0,20.104166666666668,22.05,22.116666666666664,21.808333333333334,25.1,28.6,27.3,27.0,17.0,18.3,18.5,19.4,15.1,10.2,12.7,15.1,8.5,8.5,11.599999999999998,11.599999999999998,24.7,24.7
2024-01-29,0.2,0.7000000000000001,1.1,2.4,22.09166666666667,23.395833333333332,23.295833333333334,23.370833333333334,27.6,28.4,28.8,29.3,17.0,18.1,18.5,17.9,23.3,15.0,13.6,16.4,0.5,0.5,0.9000000000000001,0.9000000000000001,2.1999999999999997,2.1999999999999997
2024-01-30,0.30000000000000004,0.8999999999999999,0.0,0.0,23.15833333333333,24.629166666666666,24.795833333333334,24.4375,28.5,30.3,30.9,30.9,17.2,20.3,19.8,19.7,16.9,15.0,16.3,17.1,0.5999999999999999,0.5999999999999999,-0.30000000000000004,0.30000000000000004,-0.30000000000000004,0.30000000000000004
2024-01-31,6.9,3.5,1.6,7.9,22.066666666666666,24.400000000000002,23.84166666666667,23.291666666666668,27.3,29.6,27.5,28.1,18.4,21.2,21.3,21.1,12.7,14.7,9.1,7.9,-3.4000000000000004,3.4000000000000004,-5.300000000000001,5.300000000000001,1.0,1.0
2024-02-01,3.6,15.0,10.0,10.5,20.504166666666666,22.608333333333334,22.383333333333336,22.995833333333334,25.0,25.9,25.5,27.0,17.4,20.3,21.0,20.7,17.1,12.4,11.8,15.0,11.4,11.4,6.4,6.4,6.9,6.9
2024-02-02,13.700000000000001,4.8999999999999995,7.9,3.9,20.204166666666666,22.054166666666664,22.183333333333334,22.425,25.1,27.2,26.1,27.8,18.0,18.9,20.0,19.9,16.0,16.9,13.6,13.3,-8.8,8.8,-5.800000000000001,5.800000000000001,-9.8,9.8
2024-02-03,0.30000000000000004,9.0,3.7,2.7,21.5,22.670833333333334,22.891666666666666,23.3875,25.1,27.3,27.7,28.7,17.8,19.8,19.7,20.4,12.0,6.4,9.3,7.2,8.7,8.7,3.4000000000000004,3.4000000000000004,2.4000000000000004,2.4000000000000004
2024-02-04,5.3999999999999995,3.8000000000000003,13.5,4.7,21.704166666666666,23.5125,23.333333333333332,23.27916666666667,27.2,26.9,27.8,28.3,18.2,21.0,20.8,19.8,25.3,7.7,8.9,11.3,-1.5999999999999992,1.5999999999999992,8.100000000000001,8.100000000000001,-0.6999999999999993,0.6999999999999993
2024-02-05,0.2,2.6,13.5,5.800000000000001,21.854166666666668,23.833333333333332,23.120833333333334,23.483333333333334,27.8,27.9,27.2,29.5,15.8,19.9,20.4,20.1,16.1,10.2,9.2,10.9,2.4,2.4,13.3,13.3,5.6000000000000005,5.6000000000000005
2024-02-06,0.30000000000000004,0.0,0.0,0.6,22.037499999999998,23.633333333333336,23.683333333333334,23.141666666666666,27.5,30.3,30.2,28.2,16.6,18.7,20.4,20.4,17.1,14.8,15.8,12.7,-0.30000000000000004,0.30000000000000004,-0.30000000000000004,0.30000000000000004,0.29999999999999993,0.29999999999999993
2024-02-07,0.0,0.0,0.0,0.0,22.5125,23.849999999999998,23.599999999999998,23.8625,29.6,31.5,31.3,30.8,17.2,18.4,17.5,19.5,23.5,16.4,15.1,13.4,0.0,0.0,0.0,0.0,0.0,0.0
2024-02-08,0.0,0.0,0.3,0.3,22.3625,24.02916666666667,23.900000000000002,24.087500000000002,29.0,32.0,31.9,31.6,17.1,17.8,18.6,18.1,20.2,18.2,18.0,16.5,0.0,0.0,0.3,0.3,0.3,0.3
2024-02-09,0.0,0.0,0.0,0.0,23.166666666666668,23.708333333333332,23.683333333333334,23.537499999999998,30.6,31.0,31.3,30.6,18.1,17.8,18.2,18.4,22.9,18.4,17.6,16.9,0.0,0.0,0.0,0.0,0.0,0.0
2024-02-10,0.0,0.6,0.30000000000000004,0.1,23.541666666666668,24.65833333333333,24.025000000000002,24.208333333333332,30.4,31.4,30.6,31.0,19.0,19.9,19.1,19.0,22.3,16.0,15.5,17.7,0.6,0.6,0.30000000000000004,0.30000000000000004,0.1,0.1
2024-02-11,0.1,0.0,0.0,1.2000000000000002,23.883333333333336,25.295833333333334,25.087500000000002,25.208333333333332,30.6,32.0,30.4,31.5,18.1,19.7,19.8,20.3,22.6,16.0,12.9,10.9,-0.1,0.1,-0.1,0.1,1.1,1.1
2024-02-12,2.1,0.30000000000000004,0.1,0.0,24.625,26.287499999999998,26.4375,26.570833333333336,30.5,31.6,31.5,31.1,20.5,22.2,22.3,22.4,23.2,15.4,17.1,16.7,-1.8,1.8,-2.0,2.0,-2.1,2.1
2024-02-13,17.1,2.1,1.1,0.30000000000000004,25.270833333333332,26.4375,26.2625,26.75,32.7,31.8,31.8,32.0,21.1,22.5,22.5,21.8,28.9,17.1,18.7,18.3,-15.000000000000002,15.000000000000002,-16.0,16.0,-16.8,16.8
2024-02-14,28.7,13.7,15.7,17.8,21.849999999999998,23.59583333333333,22.912499999999998,23.383333333333336,24.5,26.2,26.5,25.3,19.6,21.3,20.9,21.9,19.3,10.8,15.5,10.6,-15.0,15.0,-13.0,13.0,-10.899999999999999,10.899999999999999
2024-02-15,8.5,8.4,4.6,9.1,19.766666666666666,20.554166666666667,20.349999999999998,21.129166666666666,21.9,21.2,21.2,22.3,18.0,19.7,19.0,18.9,20.9,12.0,12.1,13.7,-0.09999999999999964,0.09999999999999964,-3.9000000000000004,3.9000000000000004,0.5999999999999996,0.5999999999999996
2024-02-16,0.30000000000000004,0.0,0.0,0.0,19.95,21.400000000000002,20.458333333333332,20.195833333333333,25.0,25.3,24.6,24.0,16.2,19.2,18.2,17.5,19.0,13.7,14.0,14.2,-0.30000000000000004,0.30000000000000004,-0.30000000000000004,0.30000000000000004,-0.30000000000000004,0.30000000000000004
2024-02-17,4.1,0.4,0.1,0.1,20.020833333333332,21.554166666666664,21.670833333333334,21.491666666666664,26.0,28.0,28.1,27.0,16.0,16.9,18.1,17.0,15.7,14.2,15.7,13.9,-3.6999999999999997,3.6999999999999997,-3.9999999999999996,3.9999999999999996,-3.9999999999999996,3.9999999999999996
2024-02-18,6.3,4.2,1.5999999999999999,0.8,20.55,21.34166666666667,22.258333333333336,22.191666666666666,26.0,25.3,28.2,26.6,17.4,17.9,18.4,18.3,14.2,11.8,13.1,13.4,-2.0999999999999996,2.0999999999999996,-4.7,4.7,-5.5,5.5
2024-02-19,2.0999999999999996,1.5,0.7,1.1,21.641666666666666,22.620833333333334,22.47083333333333,22.47083333333333,27.3,27.9,28.1,28.0,18.6,18.7,18.6,17.7,16.9,12.3,12.3,14.0,-0.5999999999999996,0.5999999999999996,-1.3999999999999997,1.3999999999999997,-0.9999999999999996,0.9999999999999996
2024-02-20,26.8,10.0,11.0,8.5,20.504166666666666,21.854166666666668,21.695833333333336,22.275000000000002,24.5,25.4,25.4,27.5,17.9,19.3,19.7,19.5,15.9,13.2,13.6,16.2,-16.8,16.8,-15.8,15.8,-18.3,18.3
2024-02-21,23.4,8.8,10.3,2.2,20.8125,22.0125,22.1125,22.245833333333334,25.8,26.0,26.1,26.8,18.5,19.5,20.3,20.1,22.4,13.2,14.2,14.6,-14.599999999999998,14.599999999999998,-13.099999999999998,13.099999999999998,-21.2,21.2
2024-02-22,2.8,7.300000000000001,3.9,14.3,22.53333333333333,22.97083333333333,22.933333333333334,22.900000000000002,27.9,27.2,27.0,27.0,18.3,20.1,19.5,19.9,17.1,13.1,11.1,11.2,4.500000000000001,4.500000000000001,1.1,1.1,11.5,11.5
2024-02-23,5.8,3.1,4.9,1.5,23.77916666666667,24.25,24.308333333333334,24.15416666666667,29.5,28.4,28.8,28.6,20.3,20.5,20.4,19.8,18.4,16.1,16.1,15.3,-2.6999999999999997,2.6999999999999997,-0.8999999999999995,0.8999999999999995,-4.3,4.3
2024-02-24,6.1,5.2,7.2,2.8,23.266666666666666,24.829166666666666,24.316666666666666,24.754166666666666,28.6,29.6,28.3,29.2,20.4,21.2,20.7,20.7,16.6,11.2,10.1,13.1,-0.8999999999999995,0.8999999999999995,1.1000000000000005,1.1000000000000005,-3.3,3.3
2024-02-25,3.1,0.39999999999999997,4.2,2.3,22.691666666666666,24.195833333333336,24.254166666666666,24.099999999999998,27.2,29.6,29.4,28.7,20.2,21.3,21.3,20.8,18.9,14.2,12.3,14.4,-2.7,2.7,1.1,1.1,-0.8000000000000003,0.8000000000000003
2024-02-26,2.3,0.7,0.7,0.6000000000000001,22.5125,23.662499999999998,23.7625,24.1875,26.2,28.4,29.1,30.2,19.7,21.0,21.0,21.5,19.1,12.6,12.5,14.9,-1.5999999999999999,1.5999999999999999,-1.5999999999999999,1.5999999999999999,-1.6999999999999997,1.6999999999999997
2024-02-27,0.0,1.3,0.2,0.2,24.545833333333334,25.570833333333336,25.666666666666668,25.462500000000002,29.8,31.2,31.2,31.2,19.7,20.6,20.9,20.8,21.7,14.9,16.4,15.0,1.3,1.3,0.2,0.2,0.2,0.2
2024-02-28,5.3,9.6,2.8,2.8,24.208333333333332,25.891666666666666,26.22083333333333,26.258333333333336,29.6,30.7,31.2,31.8,21.5,22.9,22.4,21.9,19.9,14.1,13.5,11.2,4.3,4.3,-2.5,2.5,-2.5,2.5
2024-02-29,6.3,10.1,8.200000000000001,4.1,23.59166666666667,25.47083333333333,25.3625,25.65833333333333,29.2,30.8,31.0,31.8,20.5,22.5,22.3,21.8,15.9,9.9,12.2,12.6,3.8,3.8,1.9000000000000012,1.9000000000000012,-2.2,2.2
2024-03-01,8.0,13.1,16.6,6.7,22.479166666666668,24.525000000000002,24.599999999999998,24.5625,26.9,30.0,29.7,30.1,20.2,21.5,21.9,22.0,20.9,11.7,13.3,13.4,5.1,5.1,8.600000000000001,8.600000000000001,-1.2999999999999998,1.2999999999999998
2024-03-02,0.0,0.0,1.3,0.1,20.916666666666668,23.633333333333336,24.016666666666666,23.599999999999998,26.3,29.6,28.5,28.8,17.9,19.6,21.5,21.0,18.4,15.5,10.6,11.7,0.0,0.0,1.3,1.3,0.1,0.1
2024-03-03,0.0,0.0,0.0,0.2,22.308333333333334,23.72083333333333,24.520833333333332,24.604166666666668,29.2,31.6,31.2,30.8,17.2,17.5,20.0,20.8,16.6,15.9,12.7,13.4,0.0,0.0,0.0,0.0,0.2,0.2
2024-03-04,0.0,0.5,0.2,0.0,23.320833333333336,24.870833333333334,24.84583333333333,25.733333333333334,29.4,30.9,31.7,32.4,17.5,20.1,18.6,20.2,18.4,13.8,10.3,11.8,0.5,0.5,0.2,0.2,0.0,0.0
2024-03-05,24.3,10.700000000000001,3.8,4.8999999999999995,22.883333333333336,24.5125,25.037499999999998,25.354166666666668,28.2,28.8,29.7,30.5,19.9,21.5,21.7,21.9,21.2,14.8,16.7,16.1,-13.6,13.6,-20.5,20.5,-19.400000000000002,19.400000000000002
2024-03-06,17.5,7.8,9.4,14.7,21.245833333333334,22.816666666666666,22.816666666666666,22.858333333333334,24.5,26.5,26.3,25.7,19.4,20.8,21.6,21.3,19.7,13.6,15.1,13.5,-9.7,9.7,-8.1,8.1,-2.8000000000000007,2.8000000000000007
2024-03-07,2.6,5.9,4.3,4.9,21.983333333333334,23.395833333333332,23.412499999999998,23.045833333333334,26.7,29.1,27.8,27.2,19.2,20.7,21.3,20.7,19.8,13.0,12.5,13.3,3.3000000000000003,3.3000000000000003,1.6999999999999997,1.6999999999999997,2.3000000000000003,2.3000000000000003
2024-03-08,10.4,13.399999999999999,7.2,4.5,22.745833333333334,23.96666666666667,23.72083333333333,23.733333333333334,27.5,29.3,28.1,28.6,20.0,21.1,21.0,21.2,20.3,10.7,11.4,11.8,2.9999999999999982,2.9999999999999982,-3.2,3.2,-5.9,5.9
2024-03-09,3.2,14.7,15.4,11.3,23.900000000000002,24.21666666666667,24.491666666666664,24.4875,28.2,28.5,28.8,28.7,20.4,21.9,21.4,21.2,25.1,15.0,13.2,11.3,11.5,11.5,12.2,12.2,8.100000000000001,8.100000000000001
2024-03-10,3.5,0.0,2.7,0.8,23.083333333333332,24.875,24.620833333333334,24.7625,26.9,30.2,30.0,29.2,20.5,22.2,22.2,22.2,17.4,19.1,13.7,14.1,-3.5,3.5,-0.7999999999999998,0.7999999999999998,-2.7,2.7
2024-03-11,0.2,0.0,0.1,0.0,21.491666666666664,22.979166666666668,23.7,23.620833333333334,26.6,27.9,28.6,28.9,17.4,20.3,20.0,19.3,19.7,13.9,15.2,16.4,-0.2,0.2,-0.1,0.1,-0.2,0.2
2024-03-12,0.0,0.0,0.0,0.0,20.120833333333334,22.495833333333334,21.816666666666666,23.920833333333334,27.0,29.6,29.0,30.8,16.3,18.1,15.6,19.4,22.0,12.3,11.3,13.3,0.0,0.0,0.0,0.0,0.0,0.0
2024-03-13,0.0,0.0,0.0,0.0,22.724999999999998,24.1375,24.058333333333334,24.27916666666667,30.2,31.3,31.7,31.2,18.5,18.9,18.4,17.9,20.4,9.3,10.8,8.1,0.0,0.0,0.0,0.0,0.0,0.0
2024-03-14,0.0,0.0,0.0,0.0,24.2,25.254166666666666,25.495833333333334,25.729166666666668,30.5,31.8,32.6,32.8,19.4,19.4,19.2,19.5,16.3,12.4,11.7,10.1,0.0,0.0,0.0,0.0,0.0,0.0
2024-03-15,0.0,0.0,0.1,0.2,25.275000000000002,26.5625,26.633333333333336,26.775000000000002,31.8,32.8,32.7,32.7,19.5,20.2,20.3,20.3,16.1,13.4,12.2,12.3,0.0,0.0,0.1,0.1,0.2,0.2
2024-03-16,0.0,0.0,0.39999999999999997,0.1,25.90833333333333,27.495833333333334,26.875,26.704166666666666,30.7,33.9,32.1,32.1,20.6,22.5,21.9,22.0,16.7,14.6,13.8,10.2,0.0,0.0,0.39999999999999997,0.39999999999999997,0.1,0.1
2024-03-17,9.9,13.2,10.1,3.3,25.7625,27.295833333333334,26.829166666666666,26.825,31.5,33.3,32.9,32.6,22.0,22.6,22.4,22.5,20.7,14.8,15.0,12.7,3.299999999999999,3.299999999999999,0.1999999999999993,0.1999999999999993,-6.6000000000000005,6.6000000000000005
2024-03-18,9.5,7.0,2.9,2.0,23.583333333333332,25.712500000000002,26.008333333333336,25.825,29.3,31.0,30.6,30.7,20.0,23.2,22.8,22.2,18.8,10.5,10.4,10.6,-2.5,2.5,-6.6,6.6,-7.5,7.5
2024-03-19,1.0,22.2,3.0,3.6999999999999997,23.71666666666667,24.954166666666666,25.745833333333334,25.97083333333333,29.8,29.7,30.7,31.2,20.0,22.0,22.4,22.4,20.4,11.3,11.3,8.8,21.2,21.2,2.0,2.0,2.6999999999999997,2.6999999999999997
2024-03-20,0.5,0.1,9.0,0.7,24.474999999999998,25.804166666666664,25.754166666666666,26.7625,29.8,31.5,31.2,31.7,20.0,21.0,21.7,22.6,13.6,7.9,9.8,12.5,-0.4,0.4,8.5,8.5,0.19999999999999996,0.19999999999999996
2024-03-21,10.3,20.9,25.0,22.7,25.304166666666664,26.349999999999998,26.116666666666664,26.53333333333333,30.8,31.2,31.2,31.6,22.1,22.9,23.4,23.6,29.6,21.7,18.8,18.8,10.599999999999998,10.599999999999998,14.7,14.7,12.399999999999999,12.399999999999999
2024-03-22,5.6000000000000005,2.4,2.3,5.4,19.8625,21.495833333333334,21.258333333333333,21.170833333333334,22.2,24.0,23.8,23.6,17.1,18.8,18.6,18.5,28.5,17.9,20.9,19.2,-3.2000000000000006,3.2000000000000006,-3.3000000000000007,3.3000000000000007,-0.20000000000000018,0.20000000000000018
2024-03-23,9.1,3.3,0.6000000000000001,0.8,17.7375,18.583333333333332,19.095833333333335,19.504166666666666,19.5,19.6,20.3,20.8,16.6,17.2,18.3,18.3,26.0,16.1,16.0,18.0,-5.8,5.8,-8.5,8.5,-8.299999999999999,8.299999999999999
2024-03-24,11.2,4.3,0.4,1.4000000000000001,19.229166666666668,19.166666666666668,20.383333333333333,20.179166666666667,23.6,21.2,23.5,22.5,16.5,17.2,18.5,18.0,16.3,8.9,12.7,11.2,-6.8999999999999995,6.8999999999999995,-10.799999999999999,10.799999999999999,-9.799999999999999,9.799999999999999
2024-03-25,0.30000000000000004,0.7,0.0,0.6000000000000001,20.150000000000002,21.308333333333334,21.599999999999998,21.712500000000002,25.9,25.1,26.2,26.3,16.8,18.3,18.8,17.9,20.0,7.7,9.7,8.9,0.3999999999999999,0.3999999999999999,-0.30000000000000004,0.30000000000000004,0.30000000000000004,0.30000000000000004
2024-03-26,0.8,0.0,0.0,0.0,19.283333333333335,21.066666666666666,20.883333333333333,21.504166666666666,25.1,26.6,25.3,25.1,15.2,17.5,18.5,19.3,19.5,16.3,12.2,12.9,-0.8,0.8,-0.8,0.8,-0.8,0.8
2024-03-27,1.1,1.2,1.3,0.0,19.191666666666666,19.925,20.287499999999998,20.108333333333334,22.1,22.6,23.5,22.2,17.2,18.4,18.6,19.0,15.8,12.0,10.3,11.2,0.09999999999999987,0.09999999999999987,0.19999999999999996,0.19999999999999996,-1.1,1.1
2024-03-28,8.5,3.9,4.300000000000001,6.9,19.058333333333334,20.1875,20.575,21.25,22.0,22.2,23.0,24.4,17.2,19.2,19.2,19.1,12.1,4.6,7.7,6.4,-4.6,4.6,-4.199999999999999,4.199999999999999,-1.5999999999999996,1.5999999999999996
2024-03-29,4.6,0.5,2.6,0.2,20.333333333333332,21.629166666666666,21.366666666666664,21.895833333333332,25.9,26.1,26.4,27.0,16.5,18.1,18.8,18.7,12.9,9.0,10.7,12.4,-4.1,4.1,-1.9999999999999996,1.9999999999999996,-4.3999999999999995,4.3999999999999995
2024-03-30,0.30000000000000004,0.9,0.0,0.0,20.650000000000002,22.166666666666668,21.854166666666668,22.041666666666668,25.9,27.1,27.9,27.7,17.4,19.7,17.9,18.5,16.6,14.0,14.8,13.0,0.6,0.6,-0.30000000000000004,0.30000000000000004,-0.30000000000000004,0.30000000000000004
2024-03-31,0.0,0.0,0.0,0.0,20.058333333333334,22.070833333333336,21.55,21.429166666666664,26.6,28.1,28.1,27.9,15.1,15.9,15.7,16.1,15.1,12.3,11.5,13.5,0.0,0.0,0.0,0.0,0.0,0.0
2024-04-01,0.0,0.0,0.0,0.0,20.2,22.9375,23.1125,22.491666666666664,26.4,29.2,28.6,28.0,15.7,18.0,17.9,17.3,17.0,11.0,8.0,7.7,0.0,0.0,0.0,0.0,0.0,0.0
2024-04-02,0.1,0.1,0.0,4.800000000000001,21.974999999999998,23.3875,24.370833333333334,23.46666666666667,27.1,29.4,29.2,28.7,17.3,18.1,19.2,20.4,10.6,7.7,11.2,11.1,0.0,0.0,-0.1,0.1,4.700000000000001,4.700000000000001
2024-04-03,0.0,0.0,0.0,0.0,21.59583333333333,23.27916666666667,23.445833333333336,23.125,27.6,29.2,28.7,28.3,17.1,19.5,20.0,20.4,15.9,14.0,13.9,15.2,0.0,0.0,0.0,0.0,0.0,0.0
2024-04-04,0.0,0.30000000000000004,0.2,0.0,22.2625,24.308333333333334,23.875,23.895833333333332,28.9,31.3,30.9,30.8,17.5,18.7,18.5,18.8,15.7,13.8,13.9,13.4,0.30000000000000004,0.30000000000000004,0.2,0.2,0.0,0.0
2024-04-05,0.0,0.1,0.0,0.2,21.6375,24.083333333333332,24.483333333333334,24.4375,28.9,31.6,31.8,31.0,16.5,18.3,18.8,20.2,17.5,15.4,14.5,12.4,0.1,0.1,0.0,0.0,0.2,0.2
2024-04-06,1.1,0.0,0.7,1.1,19.529166666666665,21.724999999999998,21.4375,20.279166666666665,24.2,27.2,25.9,22.1,16.1,18.9,19.6,18.2,17.9,17.2,18.1,16.2,-1.1,1.1,-0.40000000000000013,0.40000000000000013,0.0,0.0
2024-04-07,1.1,0.0,0.0,0.0,21.087500000000002,22.5125,22.96666666666667,21.883333333333336,27.0,28.0,28.9,28.3,17.5,19.3,19.5,17.6,19.7,11.0,10.4,13.4,-1.1,1.1,-1.1,1.1,-1.1,1.1
2024-04-08,3.0,0.5,13.8,4.9,21.07916666666667,23.5,22.808333333333334,23.879166666666666,25.7,28.6,28.5,30.0,17.0,19.2,18.5,19.8,11.8,14.5,12.5,12.7,-2.5,2.5,10.8,10.8,1.9000000000000004,1.9000000000000004
2024-04-09,3.7,2.2,17.0,7.0,21.670833333333334,23.21666666666667,21.791666666666668,22.295833333333334,26.1,27.0,24.4,25.0,18.5,20.9,20.5,20.4,16.6,11.8,11.9,12.3,-1.5,1.5,13.3,13.3,3.3,3.3
2024-04-10,0.0,0.6000000000000001,0.6,0.2,21.295833333333334,22.575,22.945833333333336,22.825,27.0,27.9,28.3,27.4,17.0,18.4,19.1,18.2,15.9,11.4,9.1,11.8,0.6000000000000001,0.6000000000000001,0.6,0.6,0.2,0.2
2024-04-11,4.0,0.0,0.0,2.7,20.629166666666666,22.025000000000002,21.962500000000002,22.454166666666666,26.6,28.3,27.0,27.2,17.9,18.1,19.2,20.6,19.3,14.7,15.5,12.8,-4.0,4.0,-4.0,4.0,-1.2999999999999998,1.2999999999999998
2024-04-12,0.1,0.0,0.0,0.0,20.641666666666666,22.141666666666666,21.958333333333332,22.025000000000002,26.4,27.4,27.9,26.6,17.2,19.3,18.2,19.8,19.2,13.5,13.8,15.5,-0.1,0.1,-0.1,0.1,-0.1,0.1
2024-04-13,0.1,0.0,0.30000000000000004,0.0,20.98333333333333,22.6125,22.5625,22.254166666666666,26.7,27.7,27.6,27.5,16.4,19.0,19.2,19.2,15.8,10.5,9.4,10.2,-0.1,0.1,0.20000000000000004,0.20000000000000004,-0.1,0.1
2024-04-14,4.4,7.0,0.0,2.1,21.495833333333334,22.6875,23.0125,23.34583333333333,25.8,27.2,26.6,29.4,18.0,20.4,20.0,19.5,10.8,7.9,7.8,8.0,2.5999999999999996,2.5999999999999996,-4.4,4.4,-2.3000000000000003,2.3000000000000003
2024-04-15,5.8,1.4,2.5,3.6,21.458333333333332,22.34583333333333,23.541666666666668,23.916666666666668,25.5,25.5,27.1,28.4,19.2,20.4,21.4,20.9,13.7,8.3,7.9,6.2,-4.4,4.4,-3.3,3.3,-2.1999999999999997,2.1999999999999997
2024-04-16,0.1,0.2,0.0,0.1,23.483333333333334,24.254166666666666,24.15833333333333,24.474999999999998,28.6,28.6,28.7,28.5,19.5,19.7,19.4,21.5,15.5,9.7,10.1,9.3,0.1,0.1,-0.1,0.1,0.0,0.0
2024-04-17,28.2,10.2,11.7,16.0,22.454166666666666,24.020833333333332,23.974999999999998,23.491666666666664,27.4,27.7,27.9,27.9,19.5,21.4,20.7,21.1,22.6,14.3,10.1,12.7,-18.0,18.0,-16.5,16.5,-12.2,12.2
2024-04-18,2.0,0.0,2.1,0.4,17.675,18.670833333333334,19.220833333333335,19.754166666666666,19.5,20.3,21.8,23.4,14.9,16.0,15.9,16.8,17.2,14.6,13.7,14.2,-2.0,2.0,0.10000000000000009,0.10000000000000009,-1.6,1.6
2024-04-19,0.0,0.0,0.0,0.0,15.729166666666666,18.0,17.895833333333332,18.1875,21.7,23.0,23.7,24.2,11.6,15.1,14.2,14.7,18.4,13.2,13.2,13.6,0.0,0.0,0.0,0.0,0.0,0.0
2024-04-20,0.0,0.0,0.0,0.0,17.400000000000002,19.354166666666668,19.445833333333333,19.962500000000002,24.0,26.2,26.2,26.9,13.1,14.8,15.1,15.6,18.8,10.4,10.2,10.5,0.0,0.0,0.0,0.0,0.0,0.0
2024-04-21,0.0,0.0,0.0,0.0,19.0625,20.974999999999998,20.962500000000002,20.666666666666668,25.6,26.8,27.3,26.6,14.6,16.6,15.8,16.4,9.4,6.3,6.8,9.3,0.0,0.0,0.0,0.0,0.0,0.0
2024-04-22,0.0,0.0,0.0,0.0,19.849999999999998,21.554166666666664,21.166666666666668,21.25,27.0,27.4,27.2,27.4,14.2,17.0,16.4,17.0,16.4,14.0,13.3,12.7,0.0,0.0,0.0,0.0,0.0,0.0
2024-04-23,0.0,0.0,0.0,0.0,20.833333333333332,22.258333333333336,21.77916666666667,21.820833333333336,28.0,29.4,29.0,28.9,14.1,15.9,15.0,15.5,17.4,12.3,13.5,13.5,0.0,0.0,0.0,0.0,0.0,0.0
2024-04-24,0.0,0.0,0.0,0.0,21.325,22.849999999999998,23.09583333333333,22.983333333333334,28.5,30.1,29.8,30.0,14.8,16.8,17.9,17.1,15.2,12.7,12.9,12.7,0.0,0.0,0.0,0.0,0.0,0.0
2024-04-25,0.4,0.0,0.0,0.0,21.087500000000002,22.287499999999998,22.116666666666664,21.808333333333334,26.4,27.0,27.6,26.8,18.9,20.0,19.9,19.8,17.1,12.5,13.5,13.5,-0.4,0.4,-0.4,0.4,-0.4,0.4
2024-04-26,0.1,0.0,0.0,0.0,21.84166666666667,23.6375,23.804166666666664,23.787499999999998,26.9,30.0,30.1,30.5,18.9,19.7,19.5,19.6,14.6,9.3,12.0,9.1,-0.1,0.1,-0.1,0.1,-0.1,0.1
2024-04-27,0.0,0.0,0.0,0.0,23.041666666666668,23.991666666666664,24.916666666666668,25.09166666666667,29.7,30.3,30.7,31.0,17.5,18.6,19.9,19.9,17.4,14.3,14.5,14.8,0.0,0.0,0.0,0.0,0.0,0.0
2024-04-28,0.0,0.0,0.0,0.0,23.6125,24.433333333333334,24.925,25.570833333333336,29.8,30.3,30.6,31.4,19.0,19.7,20.2,20.2,22.4,12.0,10.2,13.8,0.0,0.0,0.0,0.0,0.0,0.0
2024-04-29,0.1,0.0,0.0,0.0,23.2625,24.349999999999998,24.537499999999998,24.983333333333334,29.9,30.3,30.9,31.7,18.0,19.5,18.7,19.4,10.0,8.1,9.3,7.4,-0.1,0.1,-0.1,0.1,-0.1,0.1
2024-04-30,0.0,0.0,0.0,0.0,23.604166666666668,24.541666666666668,24.5625,24.870833333333334,30.5,30.6,30.9,31.3,17.2,19.4,18.5,18.8,13.0,14.2,11.3,12.4,0.0,0.0,0.0,0.0,0.0,0.0
2024-05-01,0.0,0.0,0.0,0.0,23.570833333333336,24.0,24.170833333333334,24.575,30.1,30.8,31.2,31.4,17.1,17.7,17.9,18.6,14.8,12.8,12.8,12.6,0.0,0.0,0.0,0.0,0.0,0.0
2024-05-02,0.0,0.0,0.0,0.0,24.083333333333332,24.795833333333334,25.150000000000002,25.183333333333334,30.6,31.1,31.7,32.3,18.8,19.5,19.5,18.5,25.3,20.6,21.4,20.9,0.0,0.0,0.0,0.0,0.0,0.0
2024-05-03,0.0,0.0,0.0,0.0,23.125,24.383333333333336,23.8,24.15833333333333,29.9,30.8,31.0,32.4,16.9,18.4,18.3,18.2,11.7,11.6,11.2,13.0,0.0,0.0,0.0,0.0,0.0,0.0
2024-05-04,0.0,0.0,0.0,0.0,23.21666666666667,24.77916666666667,24.712500000000002,25.22083333333333,31.0,31.3,31.9,31.6,16.5,17.9,18.8,18.8,18.2,12.3,12.4,14.6,0.0,0.0,0.0,0.0,0.0,0.0
2024-05-05,0.0,0.0,0.0,0.0,22.354166666666668,24.316666666666666,24.8125,25.008333333333336,30.4,31.2,31.5,32.0,15.8,17.2,19.4,18.3,13.7,7.1,8.3,9.0,0.0,0.0,0.0,0.0,0.0,0.0
2024-05-06,0.0,0.0,0.0,0.0,22.208333333333332,23.65833333333333,24.287499999999998,24.03333333333333,29.4,30.0,30.9,30.7,15.1,16.3,17.1,16.9,15.3,11.2,7.6,11.5,0.0,0.0,0.0,0.0,0.0,0.0
2024-05-07,0.0,0.0,0.0,0.0,23.429166666666664,24.058333333333334,24.349999999999998,24.516666666666666,29.8,30.5,30.8,30.9,17.5,17.6,18.1,18.1,13.7,10.5,11.9,12.4,0.0,0.0,0.0,0.0,0.0,0.0
2024-05-08,0.0,0.0,0.0,0.0,24.104166666666668,24.462500000000002,24.816666666666666,25.150000000000002,29.6,29.9,30.4,31.1,19.4,20.1,19.7,20.0,25.0,15.4,15.5,14.3,0.0,0.0,0.0,0.0,0.0,0.0
2024-05-09,0.1,0.0,0.0,0.0,22.483333333333334,23.958333333333332,24.90416666666667,24.808333333333334,29.2,30.2,31.6,31.7,17.7,19.5,20.4,19.8,22.5,14.4,13.5,16.1,-0.1,0.1,-0.1,0.1,-0.1,0.1
2024-05-10,0.2,0.0,0.0,0.0,22.770833333333332,23.3125,23.6875,23.96666666666667,28.6,29.2,29.7,29.9,19.5,19.5,19.9,20.2,14.5,10.2,10.4,10.2,-0.2,0.2,-0.2,0.2,-0.2,0.2
2024-05-11,0.0,0.0,0.0,0.0,22.866666666666664,23.2375,23.795833333333334,23.854166666666668,29.0,29.2,30.0,29.8,16.8,17.7,18.5,18.4,21.7,14.8,15.4,16.2,0.0,0.0,0.0,0.0,0.0,0.0
2024-05-12,0.0,0.0,0.0,0.0,23.304166666666664,23.175,23.920833333333334,23.8625,29.4,29.0,29.8,30.2,18.1,17.9,18.9,18.1,21.9,17.9,17.5,15.3,0.0,0.0,0.0,0.0,0.0,0.0
2024-05-13,0.0,0.0,0.0,0.0,23.90416666666667,24.075,23.895833333333332,24.53333333333333,29.6,29.2,29.6,30.5,19.9,19.2,18.7,18.8,34.9,19.3,22.7,20.3,0.0,0.0,0.0,0.0,0.0,0.0
2024-05-14,2.7,0.2,0.2,0.2,19.05,20.349999999999998,20.433333333333334,21.320833333333333,21.5,22.3,25.4,24.7,17.0,18.7,18.2,18.1,17.4,9.0,12.9,14.8,-2.5,2.5,-2.5,2.5,-2.5,2.5
2024-05-15,1.7,0.0,0.0,0.0,17.195833333333333,19.145833333333332,19.099999999999998,19.108333333333334,19.3,21.0,21.5,21.5,16.0,18.0,18.1,17.6,15.3,9.3,10.4,11.6,-1.7,1.7,-1.7,1.7,-1.7,1.7
2024-05-16,0.0,0.0,0.0,0.0,21.087500000000002,21.270833333333332,21.804166666666664,22.037499999999998,28.6,28.1,28.8,29.4,15.3,16.8,17.4,17.2,23.0,15.9,15.4,13.5,0.0,0.0,0.0,0.0,0.0,0.0
2024-05-17,0.0,0.0,0.0,0.0,23.40416666666667,22.90833333333333,23.004166666666666,23.808333333333334,29.5,29.7,30.5,30.7,18.8,17.0,17.6,17.8,25.9,17.9,17.8,15.9,0.0,0.0,0.0,0.0,0.0,0.0
2024-05-18,0.0,0.0,0.0,0.1,21.65416666666667,22.65833333333333,22.4875,21.458333333333332,29.4,29.1,29.5,27.1,16.0,18.2,17.1,17.1,16.3,11.3,15.3,16.5,0.0,0.0,0.0,0.0,0.1,0.1
2024-05-19,0.2,0.0,0.0,0.0,20.454166666666666,22.425,22.78333333333333,22.65416666666667,25.1,28.6,29.0,29.0,18.4,19.1,19.0,19.6,15.7,12.4,13.8,16.5,-0.2,0.2,-0.2,0.2,-0.2,0.2
2024-05-20,1.6,0.2,0.2,0.1,19.866666666666667,20.904166666666665,21.158333333333335,21.295833333333334,25.4,27.1,27.8,25.7,17.0,17.3,17.8,18.7,18.2,13.8,15.4,14.5,-1.4000000000000001,1.4000000000000001,-1.4000000000000001,1.4000000000000001,-1.5,1.5
2024-05-21,0.0,0.0,0.0,0.0,18.866666666666667,20.516666666666666,21.325,21.90416666666667,24.2,25.4,26.8,27.2,16.1,18.0,18.1,19.0,14.9,11.7,13.5,11.0,0.0,0.0,0.0,0.0,0.0,0.0
2024-05-22,0.0,0.0,0.0,0.0,20.7,21.545833333333334,21.754166666666666,21.97083333333333,27.3,27.7,28.2,28.8,16.4,16.9,16.3,16.6,14.3,7.9,9.4,11.2,0.0,0.0,0.0,0.0,0.0,0.0
2024-05-23,0.0,0.0,0.0,0.0,20.858333333333334,20.858333333333334,21.3875,22.2625,27.0,26.8,27.8,28.2,15.4,16.2,15.8,17.4,22.0,14.7,15.0,16.7,0.0,0.0,0.0,0.0,0.0,0.0
2024-05-24,0.39999999999999997,0.1,0.30000000000000004,0.4,20.520833333333332,21.729166666666668,22.145833333333332,21.929166666666664,25.5,28.0,28.2,27.4,17.4,17.4,18.1,18.5,30.6,19.9,21.6,20.7,-0.29999999999999993,0.29999999999999993,-0.09999999999999992,0.09999999999999992,5.551115123125783e-17,5.551115123125783e-17
2024-05-25,1.1,1.4,3.7,1.5,16.849999999999998,17.529166666666665,17.537499999999998,17.866666666666667,20.8,19.1,19.7,19.6,13.9,15.5,15.2,15.7,21.6,11.2,12.0,11.2,0.2999999999999998,0.2999999999999998,2.6,2.6,0.3999999999999999,0.3999999999999999
2024-05-26,11.600000000000001,16.3,15.1,8.4,14.9625,15.958333333333334,16.025000000000002,15.741666666666667,17.5,16.5,16.5,16.3,13.5,15.6,15.1,14.8,16.5,9.4,11.1,10.5,4.699999999999999,4.699999999999999,3.4999999999999982,3.4999999999999982,-3.200000000000001,3.200000000000001
2024-05-27,18.6,11.0,22.8,7.5,17.058333333333334,18.079166666666666,18.108333333333334,18.283333333333335,21.3,20.7,21.3,21.5,14.5,15.5,16.0,15.4,19.3,8.9,10.2,11.8,-7.600000000000001,7.600000000000001,4.199999999999999,4.199999999999999,-11.100000000000001,11.100000000000001
2024-05-28,0.2,0.1,0.2,1.7000000000000002,17.216666666666665,18.245833333333334,18.725,17.849999999999998,19.0,21.7,21.0,20.3,12.8,14.2,16.3,12.2,31.0,19.2,17.2,19.0,-0.1,0.1,0.0,0.0,1.5000000000000002,1.5000000000000002
2024-05-29,0.0,0.0,0.0,0.0,12.549999999999999,13.566666666666668,14.716666666666667,14.204166666666667,18.1,18.1,18.2,19.6,8.5,10.1,11.9,10.4,13.0,15.2,10.8,10.8,0.0,0.0,0.0,0.0,0.0,0.0
2024-05-30,0.0,0.0,0.0,0.0,11.766666666666666,13.729166666666666,13.9,14.041666666666666,17.6,18.3,18.4,18.5,6.5,10.7,10.9,10.5,16.8,10.2,12.0,11.1,0.0,0.0,0.0,0.0,0.0,0.0
2024-05-31,0.0,0.0,0.0,0.0,13.983333333333334,14.545833333333334,14.65,15.237499999999999,19.1,19.8,19.4,19.5,11.2,10.6,11.7,12.4,17.3,14.4,11.7,13.2,0.0,0.0,0.0,0.0,0.0,0.0
2024-06-01,0.0,0.0,0.0,0.0,15.445833333333333,16.383333333333333,16.045833333333334,16.558333333333334,22.1,22.7,22.8,23.1,11.3,11.8,11.7,12.1,17.1,7.4,7.0,6.3,0.0,0.0,0.0,0.0,0.0,0.0
2024-06-02,0.0,0.0,0.0,0.0,16.3,17.208333333333332,16.708333333333332,17.3125,24.0,24.5,24.3,24.2,9.5,11.0,10.1,10.5,13.8,11.6,10.9,9.5,0.0,0.0,0.0,0.0,0.0,0.0
2024-06-03,0.1,0.0,0.0,0.0,16.925,18.325,18.720833333333335,18.325,22.8,24.0,24.5,24.7,11.4,14.0,14.6,13.6,15.4,12.5,14.4,13.7,-0.1,0.1,-0.1,0.1,-0.1,0.1
2024-06-04,0.5,0.0,0.0,0.0,15.633333333333333,16.825,16.416666666666668,16.770833333333332,17.0,20.1,18.3,19.2,14.1,14.8,14.9,15.0,22.9,15.4,12.7,14.3,-0.5,0.5,-0.5,0.5,-0.5,0.5
2024-06-05,0.6000000000000001,0.0,0.0,0.0,16.858333333333334,17.854166666666668,17.758333333333333,17.370833333333334,21.2,22.7,22.4,22.3,14.6,14.8,14.9,14.0,15.8,10.2,9.7,9.2,-0.6000000000000001,0.6000000000000001,-0.6000000000000001,0.6000000000000001,-0.6000000000000001,0.6000000000000001
2024-06-06,0.0,0.0,0.0,0.0,16.508333333333333,18.020833333333332,17.704166666666666,17.570833333333333,23.9,24.6,24.2,24.2,10.7,13.3,12.7,12.6,10.5,6.2,4.8,5.6,0.0,0.0,0.0,0.0,0.0,0.0
2024-06-07,0.0,0.0,0.0,0.0,16.704166666666666,18.658333333333335,18.791666666666668,18.354166666666668,24.0,24.9,25.3,25.1,11.1,13.2,13.5,13.2,11.4,4.6,4.9,4.8,0.0,0.0,0.0,0.0,0.0,0.0
2024-06-08,0.0,0.0,0.0,0.0,17.654166666666665,19.0,18.908333333333335,19.295833333333334,24.4,26.0,25.3,25.7,12.1,13.5,13.1,13.6,12.3,4.5,4.8,5.8,0.0,0.0,0.0,0.0,0.0,0.0
2024-06-09,0.0,0.0,0.0,0.0,18.3,18.733333333333334,18.991666666666667,19.195833333333333,26.0,26.3,26.4,26.0,11.1,11.7,13.2,12.9,17.0,12.3,13.6,15.8,0.0,0.0,0.0,0.0,0.0,0.0
2024-06-10,0.0,0.0,0.0,0.0,19.783333333333335,20.5125,20.441666666666666,20.7,26.1,26.4,26.5,26.5,14.7,16.3,16.2,16.5,19.4,12.8,13.8,15.6,0.0,0.0,0.0,0.0,0.0,0.0
2024-06-11,0.0,0.0,0.0,0.0,18.337500000000002,19.745833333333334,19.5625,19.525000000000002,24.9,26.6,26.0,26.3,13.6,13.3,13.7,13.4,10.5,6.3,6.9,8.0,0.0,0.0,0.0,0.0,0.0,0.0
2024-06-12,0.0,0.0,0.0,0.0,18.516666666666666,19.766666666666666,19.658333333333335,19.620833333333334,26.1,26.1,26.3,26.1,12.6,14.7,13.8,14.0,12.7,7.8,7.3,11.8,0.0,0.0,0.0,0.0,0.0,0.0
2024-06-13,0.0,0.0,0.0,0.0,17.379166666666666,18.666666666666668,18.495833333333334,18.658333333333335,25.4,26.4,26.4,26.3,10.0,11.6,12.0,11.8,20.3,15.4,13.6,14.1,0.0,0.0,0.0,0.0,0.0,0.0
2024-06-14,0.0,0.0,0.0,0.0,19.491666666666667,20.704166666666666,20.412499999999998,20.979166666666668,26.1,26.6,26.4,26.6,15.1,17.0,16.2,17.3,25.1,15.0,15.7,17.8,0.0,0.0,0.0,0.0,0.0,0.0
2024-06-15,0.0,0.0,0.0,0.0,20.254166666666666,20.791666666666668,20.558333333333334,20.533333333333335,26.8,26.6,26.7,26.5,14.4,16.3,15.8,16.2,22.0,16.7,13.8,15.8,0.0,0.0,0.0,0.0,0.0,0.0
2024-06-16,0.0,0.0,0.0,0.0,19.270833333333332,20.370833333333334,20.666666666666668,20.295833333333334,26.5,26.7,27.0,27.1,12.6,15.3,15.8,14.5,13.0,12.5,10.1,10.3,0.0,0.0,0.0,0.0,0.0,0.0
2024-06-17,0.0,0.0,0.0,0.0,20.083333333333332,20.620833333333334,20.908333333333335,20.8125,25.8,26.0,26.2,26.7,15.8,16.3,17.4,16.2,24.7,15.4,14.3,16.1,0.0,0.0,0.0,0.0,0.0,0.0
2024-06-18,0.0,0.0,0.0,0.0,18.929166666666667,19.633333333333333,19.804166666666667,19.995833333333334,25.0,25.3,25.7,25.8,14.2,15.9,15.9,15.3,25.4,17.9,17.3,15.5,0.0,0.0,0.0,0.0,0.0,0.0
2024-06-19,0.0,0.0,0.0,0.0,18.566666666666666,19.212500000000002,19.491666666666667,19.345833333333335,25.6,26.1,25.9,26.2,12.6,14.0,14.2,14.5,24.2,14.8,14.5,16.8,0.0,0.0,0.0,0.0,0.0,0.0
2024-06-20,0.0,0.0,0.0,0.0,17.64166666666667,19.474999999999998,19.545833333333334,19.05,25.8,26.7,26.9,26.6,10.5,13.7,12.3,12.1,11.2,5.8,6.9,6.4,0.0,0.0,0.0,0.0,0.0,0.0
2024-06-21,0.0,0.0,0.0,0.0,17.570833333333333,18.979166666666668,19.3875,19.741666666666667,24.9,26.0,26.0,26.5,12.1,12.4,12.6,13.2,14.0,6.6,7.3,7.0,0.0,0.0,0.0,0.0,0.0,0.0
2024-06-22,0.0,0.0,0.0,0.0,18.929166666666667,19.325,19.958333333333332,19.733333333333334,26.0,26.5,27.1,26.4,11.8,12.8,14.0,13.4,23.6,16.7,15.1,16.3,0.0,0.0,0.0,0.0,0.0,0.0
2024-06-23,0.0,0.0,0.0,0.0,21.483333333333334,21.400000000000002,21.212500000000002,21.175,27.4,27.1,27.3,27.3,17.0,17.0,16.9,17.0,24.9,17.1,17.7,14.7,0.0,0.0,0.0,0.0,0.0,0.0
2024-06-24,0.0,0.0,0.0,0.0,20.770833333333332,21.633333333333336,21.320833333333333,21.445833333333336,27.4,27.3,27.5,27.8,14.7,16.5,15.8,15.5,25.0,14.3,14.8,15.0,0.0,0.0,0.0,0.0,0.0,0.0
2024-06-25,0.4,0.0,0.0,0.0,17.629166666666666,18.533333333333335,18.495833333333334,19.058333333333334,21.0,20.4,21.5,23.3,15.9,17.3,16.7,17.4,18.6,12.9,14.2,14.3,-0.4,0.4,-0.4,0.4,-0.4,0.4
2024-06-26,0.0,0.0,0.0,0.0,20.929166666666667,21.033333333333335,21.275000000000002,20.825,27.5,27.6,27.4,27.3,15.2,15.4,15.6,14.4,30.2,19.4,18.6,20.7,0.0,0.0,0.0,0.0,0.0,0.0
2024-06-27,1.0,0.0,0.0,0.0,19.3875,20.329166666666666,20.125,20.7,23.2,24.9,25.2,25.8,16.4,16.4,16.6,17.4,22.1,13.2,12.3,11.4,-1.0,1.0,-1.0,1.0,-1.0,1.0
2024-06-28,0.0,0.0,0.0,0.0,19.854166666666668,19.8125,20.104166666666668,20.391666666666666,25.5,25.7,26.7,26.6,15.0,15.0,13.4,14.5,29.1,16.9,19.0,15.6,0.0,0.0,0.0,0.0,0.0,0.0
2024-06-29,2.4,0.0,0.0,0.0,18.020833333333332,19.2625,20.587500000000002,20.3,24.9,24.4,26.2,25.7,14.5,15.7,16.5,17.1,19.0,12.0,15.2,14.0,-2.4,2.4,-2.4,2.4,-2.4,2.4
2024-06-30,1.0,0.4,2.7,2.5,13.554166666666667,14.133333333333333,14.887500000000001,15.133333333333333,15.6,15.6,16.4,16.9,11.8,13.0,12.7,13.5,15.8,7.7,8.5,9.2,-0.6,0.6,1.7000000000000002,1.7000000000000002,1.5,1.5
2024-07-01,0.2,0.0,0.0,4.0,13.512500000000001,15.379166666666668,15.766666666666666,16.425,17.2,20.3,21.7,21.8,11.6,12.5,11.9,13.4,16.3,7.8,7.9,7.6,-0.2,0.2,-0.2,0.2,3.8,3.8
2024-07-02,0.0,0.0,0.0,0.0,16.008333333333333,16.341666666666665,17.795833333333334,17.55,24.0,23.8,24.6,24.4,11.2,11.9,13.9,12.5,11.3,9.4,9.9,7.8,0.0,0.0,0.0,0.0,0.0,0.0
2024-07-03,0.0,0.0,0.0,0.0,17.483333333333334,17.454166666666666,17.537499999999998,18.712500000000002,24.8,24.7,24.6,25.3,11.8,11.2,11.4,12.9,17.5,13.6,12.4,11.6,0.0,0.0,0.0,0.0,0.0,0.0
2024-07-04,0.0,0.0,0.0,0.0,18.6375,19.1125,19.2,18.958333333333332,25.4,25.2,25.5,25.8,11.9,13.6,13.9,14.8,14.0,8.0,9.2,8.8,0.0,0.0,0.0,0.0,0.0,0.0
2024-07-05,0.0,0.0,0.0,0.0,18.108333333333334,19.545833333333334,19.462500000000002,18.795833333333334,25.3,25.2,25.8,25.5,10.6,15.2,13.9,12.9,13.7,10.8,13.6,9.9,0.0,0.0,0.0,0.0,0.0,0.0
2024-07-06,0.2,0.0,0.0,0.0,16.445833333333333,17.279166666666665,18.245833333333334,18.195833333333333,21.7,21.8,24.1,24.8,14.4,14.6,15.5,14.2,18.9,14.6,13.8,12.6,-0.2,0.2,-0.2,0.2,-0.2,0.2
2024-07-07,0.0,0.0,0.0,0.0,17.9375,19.162499999999998,19.212500000000002,19.541666666666668,26.1,26.4,26.7,26.6,12.9,12.8,13.5,13.7,21.4,17.6,16.8,15.0,0.0,0.0,0.0,0.0,0.0,0.0
2024-07-08,2.1,0.4,0.0,0.1,14.75,16.804166666666667,16.079166666666666,15.795833333333334,19.0,21.6,20.0,19.4,12.9,14.2,14.5,13.9,16.1,12.5,12.9,12.6,-1.7000000000000002,1.7000000000000002,-2.1,2.1,-2.0,2.0
2024-07-09,24.3,11.2,4.1,16.8,13.387500000000001,14.458333333333334,15.25,14.704166666666666,15.0,16.0,17.6,16.2,11.7,13.7,14.0,13.8,10.2,8.7,8.8,9.2,-13.100000000000001,13.100000000000001,-20.200000000000003,20.200000000000003,-7.5,7.5
2024-07-10,5.4,1.9,5.3,3.7,16.745833333333334,17.254166666666666,17.295833333333334,18.054166666666667,21.2,21.4,22.4,23.1,13.1,14.0,13.7,14.6,23.9,18.8,16.3,18.5,-3.5000000000000004,3.5000000000000004,-0.10000000000000053,0.10000000000000053,-1.7000000000000002,1.7000000000000002
2024-07-11,0.0,0.0,1.0,0.0,18.116666666666667,18.991666666666667,19.520833333333332,20.404166666666665,25.5,24.8,25.7,27.3,13.1,15.0,15.2,15.0,10.9,6.9,8.3,15.7,0.0,0.0,1.0,1.0,0.0,0.0
2024-07-12,0.7,0.0,0.5,0.2,16.3625,17.099999999999998,17.154166666666665,16.166666666666668,20.4,20.2,19.4,19.9,14.1,14.5,15.0,13.8,23.7,12.8,12.2,14.8,-0.7,0.7,-0.19999999999999996,0.19999999999999996,-0.49999999999999994,0.49999999999999994
2024-07-13,0.1,0.1,0.0,0.0,13.5,15.245833333333332,15.195833333333333,15.625,15.2,17.8,16.8,17.6,12.2,14.1,14.4,14.2,19.2,11.7,10.7,13.0,0.0,0.0,-0.1,0.1,-0.1,0.1
2024-07-14,0.0,0.0,0.0,0.2,17.066666666666666,18.958333333333332,18.995833333333334,18.733333333333334,24.0,24.7,24.7,24.4,13.3,14.9,14.6,14.6,19.9,15.2,16.6,14.1,0.0,0.0,0.0,0.0,0.2,0.2
2024-07-15,0.1,0.0,0.0,0.0,15.8375,16.858333333333334,16.695833333333333,17.037499999999998,20.5,21.2,21.9,22.2,13.4,15.2,14.9,14.8,15.4,12.7,11.6,12.9,-0.1,0.1,-0.1,0.1,-0.1,0.1
2024-07-16,0.0,0.0,0.0,0.0,15.825000000000001,17.483333333333334,17.295833333333334,17.833333333333332,20.8,22.9,22.7,23.1,13.6,15.0,14.6,15.3,18.0,12.7,11.7,11.9,0.0,0.0,0.0,0.0,0.0,0.0
2024-07-17,0.2,0.0,0.0,0.0,16.733333333333334,18.108333333333334,18.233333333333334,18.170833333333334,22.4,23.7,24.1,23.8,12.8,14.3,13.8,14.1,8.7,6.8,7.6,7.9,-0.2,0.2,-0.2,0.2,-0.2,0.2
2024-07-18,0.0,0.0,0.0,0.0,16.129166666666666,17.545833333333334,17.4875,17.670833333333334,22.8,24.3,24.4,24.5,12.2,13.3,12.4,13.3,16.8,13.4,11.1,12.6,0.0,0.0,0.0,0.0,0.0,0.0
2024-07-19,0.0,0.0,0.0,0.0,14.0375,17.270833333333332,17.533333333333335,16.904166666666665,20.0,23.2,23.2,22.4,10.4,14.3,14.4,14.1,11.2,8.1,7.2,8.2,0.0,0.0,0.0,0.0,0.0,0.0
2024-07-20,0.0,0.0,0.0,0.0,13.670833333333334,15.570833333333333,15.791666666666666,16.0625,20.0,22.7,22.3,22.1,10.1,10.2,11.9,12.8,11.6,10.8,10.2,9.3,0.0,0.0,0.0,0.0,0.0,0.0
2024-07-21,0.0,0.0,0.0,0.0,15.487499999999999,16.670833333333334,16.908333333333335,17.266666666666666,22.1,24.1,24.7,24.5,10.9,11.1,11.0,12.6,17.5,5.8,7.8,7.3,0.0,0.0,0.0,0.0,0.0,0.0
2024-07-22,0.0,0.0,0.0,0.0,15.775,17.337500000000002,17.4875,17.883333333333333,24.5,25.4,25.9,25.7,9.1,11.1,11.5,11.3,17.1,12.7,12.4,11.3,0.0,0.0,0.0,0.0,0.0,0.0
2024-07-23,0.0,0.0,0.0,0.0,14.8375,17.741666666666667,17.233333333333334,17.175,23.0,25.1,24.0,24.5,6.3,12.5,12.6,12.2,11.9,11.5,9.8,8.4,0.0,0.0,0.0,0.0,0.0,0.0
2024-07-24,0.0,0.0,0.0,0.0,15.866666666666667,18.520833333333332,17.8875,17.816666666666666,23.0,26.0,25.6,25.2,10.2,12.4,11.2,11.4,15.2,7.3,7.4,8.1,0.0,0.0,0.0,0.0,0.0,0.0
2024-07-25,0.0,0.0,0.0,0.0,17.141666666666666,18.95,18.695833333333333,18.474999999999998,24.8,26.0,26.3,26.0,9.1,11.5,10.6,10.2,15.8,12.3,13.1,12.9,0.0,0.0,0.0,0.0,0.0,0.0
2024-07-26,0.0,0.0,0.0,0.0,17.854166666666668,19.5125,19.7375,20.070833333333333,24.7,25.4,26.2,26.3,11.2,12.7,12.9,12.5,9.7,5.8,8.5,8.0,0.0,0.0,0.0,0.0,0.0,0.0
2024-07-27,0.0,0.0,0.0,0.0,18.470833333333335,18.758333333333333,19.895833333333332,20.287499999999998,25.7,25.1,25.9,27.1,12.5,12.8,14.4,13.9,10.9,7.5,6.6,9.3,0.0,0.0,0.0,0.0,0.0,0.0
2024-07-28,0.0,0.0,0.0,0.0,19.087500000000002,20.4375,20.358333333333334,21.391666666666666,27.5,27.7,27.4,27.8,11.2,13.0,13.7,15.2,20.7,17.0,15.3,16.6,0.0,0.0,0.0,0.0,0.0,0.0
2024-07-29,0.5,0.0,0.2,0.0,17.583333333333332,19.920833333333334,19.345833333333335,18.741666666666667,26.4,28.5,28.5,28.2,13.4,15.3,14.6,12.9,24.1,19.1,20.7,18.7,-0.5,0.5,-0.3,0.3,-0.5,0.5
2024-07-30,3.1,4.5,9.1,0.2,14.554166666666667,14.9125,14.987499999999999,14.6625,16.2,15.8,16.2,16.2,13.4,14.2,14.1,12.9,20.1,14.0,15.6,16.4,1.4,1.4,6.0,6.0,-2.9,2.9
2024-07-31,0.0,0.0,0.0,0.0,16.195833333333333,17.629166666666666,17.9875,17.808333333333334,22.0,22.8,23.5,23.4,13.2,14.2,14.5,14.4,24.7,14.8,15.2,16.3,0.0,0.0,0.0,0.0,0.0,0.0
2024-08-01,0.0,0.0,0.0,0.0,16.966666666666665,18.599999999999998,18.875,19.0,24.1,24.8,24.6,25.6,12.8,14.6,15.0,14.5,15.0,9.1,7.3,9.4,0.0,0.0,0.0,0.0,0.0,0.0
2024-08-02,0.0,0.0,0.0,0.0,17.3625,18.858333333333334,19.2375,19.329166666666666,24.9,25.4,25.4,25.3,11.8,12.8,13.5,14.3,14.8,10.2,9.4,9.2,0.0,0.0,0.0,0.0,0.0,0.0
2024-08-03,0.0,0.0,0.0,0.0,18.766666666666666,20.204166666666666,20.320833333333333,20.575,26.8,27.1,27.2,27.0,12.1,14.6,15.8,15.4,14.7,11.9,14.1,8.8,0.0,0.0,0.0,0.0,0.0,0.0
2024-08-04,0.0,0.0,0.0,0.0,19.608333333333334,20.733333333333334,20.525000000000002,21.083333333333332,27.0,27.2,26.9,27.5,12.7,14.8,14.4,15.3,19.7,12.1,13.3,14.1,0.0,0.0,0.0,0.0,0.0,0.0
2024-08-05,0.0,0.0,0.0,0.0,20.400000000000002,21.53333333333333,22.0,21.224999999999998,27.7,27.6,27.5,27.5,14.4,16.8,18.0,15.7,12.0,12.2,12.8,13.0,0.0,0.0,0.0,0.0,0.0,0.0
2024-08-06,0.0,0.0,0.0,0.0,20.42083333333333,21.333333333333332,20.979166666666668,21.0375,27.6,28.2,28.2,28.1,13.4,15.2,14.0,14.9,19.8,9.7,12.1,10.0,0.0,0.0,0.0,0.0,0.0,0.0
2024-08-07,0.0,0.0,0.0,0.0,21.90833333333333,21.729166666666668,21.9875,22.204166666666666,27.5,28.2,28.1,27.8,16.5,16.3,17.2,17.4,25.8,17.1,15.8,15.6,0.0,0.0,0.0,0.0,0.0,0.0
2024-08-08,0.0,0.0,0.2,0.0,22.787499999999998,22.84166666666667,23.4375,23.420833333333334,30.9,28.7,29.6,29.5,17.9,18.4,18.1,18.6,25.2,17.1,19.2,17.6,0.0,0.0,0.2,0.2,0.0,0.0
2024-08-09,12.1,25.099999999999998,33.6,35.8,17.8,18.533333333333335,17.9375,17.375,19.5,20.2,19.6,20.3,14.6,15.2,14.0,13.0,15.5,10.0,11.1,10.8,12.999999999999998,12.999999999999998,21.5,21.5,23.699999999999996,23.699999999999996
2024-08-10,33.0,17.6,15.6,9.9,11.079166666666666,12.5625,12.454166666666666,13.116666666666667,14.6,14.6,15.0,17.0,6.4,11.3,10.4,9.7,20.1,12.3,12.6,11.6,-15.399999999999999,15.399999999999999,-17.4,17.4,-23.1,23.1
2024-08-11,0.0,0.0,0.0,0.0,11.512500000000001,13.012500000000001,12.945833333333333,12.600000000000001,19.5,18.5,19.2,19.6,5.8,8.7,7.0,6.7,13.6,10.0,9.2,10.1,0.0,0.0,0.0,0.0,0.0,0.0
2024-08-12,0.0,0.0,0.0,0.0,12.341666666666667,13.570833333333333,13.8375,14.2875,18.6,19.4,18.6,19.9,7.8,10.3,9.8,10.1,19.8,14.8,13.1,11.8,0.0,0.0,0.0,0.0,0.0,0.0
2024-08-13,0.1,0.0,0.0,0.0,9.108333333333333,10.695833333333333,10.762500000000001,10.745833333333332,13.8,14.8,14.8,14.8,6.1,7.6,8.6,8.2,18.9,14.4,14.3,14.0,-0.1,0.1,-0.1,0.1,-0.1,0.1
2024-08-14,0.0,0.0,0.0,0.0,12.254166666666668,15.004166666666665,14.620833333333332,14.424999999999999,20.8,23.4,23.3,23.6,6.1,8.4,8.4,8.3,15.6,7.0,8.3,6.4,0.0,0.0,0.0,0.0,0.0,0.0
2024-08-15,0.0,0.0,0.0,0.0,16.825,18.791666666666668,18.270833333333332,18.0625,27.0,27.6,27.3,27.4,8.6,10.8,9.2,8.6,12.1,11.2,9.9,9.8,0.0,0.0,0.0,0.0,0.0,0.0
2024-08-16,0.0,0.0,0.0,0.0,19.416666666666668,21.191666666666666,21.070833333333333,21.3125,28.3,29.6,29.7,29.5,11.2,12.8,13.6,14.6,11.0,8.9,9.7,9.8,0.0,0.0,0.0,0.0,0.0,0.0
2024-08-17,0.0,0.0,0.0,0.0,20.133333333333333,22.375,21.829166666666666,22.008333333333336,28.9,30.7,30.3,30.6,13.2,14.9,14.2,14.4,11.1,5.4,9.4,7.2,0.0,0.0,0.0,0.0,0.0,0.0
2024-08-18,0.0,0.0,0.0,0.0,20.891666666666666,23.245833333333334,22.77916666666667,22.620833333333334,29.2,31.5,31.2,31.3,12.9,15.5,14.7,13.5,12.5,8.7,9.1,9.7,0.0,0.0,0.0,0.0,0.0,0.0
2024-08-19,0.0,0.0,0.0,0.0,20.8625,23.375,23.5,23.058333333333334,29.7,31.2,31.4,31.2,12.4,14.5,15.3,15.1,13.0,10.4,9.7,12.0,0.0,0.0,0.0,0.0,0.0,0.0
2024-08-20,0.0,0.0,0.0,0.0,19.633333333333333,22.233333333333334,22.258333333333336,22.308333333333334,29.0,30.7,30.5,31.3,13.4,16.7,16.9,15.6,17.6,13.5,17.8,15.2,0.0,0.0,0.0,0.0,0.0,0.0
2024-08-21,0.0,0.0,0.0,0.0,19.3125,20.7375,21.329166666666666,21.616666666666664,27.5,28.3,29.1,30.4,13.9,15.2,15.6,15.6,18.4,10.6,10.2,10.6,0.0,0.0,0.0,0.0,0.0,0.0
2024-08-22,0.0,0.0,0.0,0.0,21.120833333333334,23.316666666666666,23.625,23.837500000000002,30.3,31.2,31.6,31.9,12.6,16.5,17.5,16.5,20.0,17.8,17.3,20.9,0.0,0.0,0.0,0.0,0.0,0.0
2024-08-23,0.0,0.0,0.0,0.0,23.195833333333336,24.566666666666666,24.8125,25.34583333333333,32.1,32.1,32.3,32.3,15.1,17.1,17.2,19.6,29.8,20.6,19.9,21.6,0.0,0.0,0.0,0.0,0.0,0.0
2024-08-24,6.3,3.8000000000000003,4.1000000000000005,5.5,17.058333333333334,18.4625,18.304166666666667,17.0,22.6,25.6,24.7,22.4,14.5,15.2,15.4,13.0,31.5,15.8,15.9,15.4,-2.4999999999999996,2.4999999999999996,-2.1999999999999993,2.1999999999999993,-0.7999999999999998,0.7999999999999998
2024-08-25,6.7,3.2,24.599999999999998,21.6,12.008333333333333,13.404166666666667,13.433333333333332,13.5875,14.9,15.4,15.3,15.2,8.9,10.5,10.6,12.0,17.3,11.8,12.9,12.0,-3.5,3.5,17.9,17.9,14.900000000000002,14.900000000000002
2024-08-26,0.0,0.0,0.0,0.0,9.808333333333334,11.195833333333333,11.720833333333333,11.716666666666667,15.1,15.4,16.6,15.3,5.4,8.6,8.7,8.6,15.8,12.2,14.1,13.3,0.0,0.0,0.0,0.0,0.0,0.0
2024-08-27,0.0,0.0,0.0,0.0,8.670833333333333,11.375,11.541666666666666,11.8125,18.1,18.2,17.9,18.6,1.4,6.7,7.0,7.0,20.0,15.3,14.8,14.3,0.0,0.0,0.0,0.0,0.0,0.0
2024-08-28,0.0,0.0,0.0,0.0,11.979166666666666,14.079166666666666,14.566666666666668,14.879166666666668,20.4,21.4,21.9,21.5,6.1,9.6,9.4,9.8,17.7,14.2,13.8,12.6,0.0,0.0,0.0,0.0,0.0,0.0
2024-08-29,0.0,0.0,0.0,0.0,16.504166666666666,17.929166666666667,17.404166666666665,18.170833333333334,25.3,26.1,24.4,25.1,11.1,12.2,12.7,13.5,15.2,9.8,11.6,10.4,0.0,0.0,0.0,0.0,0.0,0.0
2024-08-30,0.0,0.0,0.0,0.0,18.6375,20.645833333333332,20.233333333333334,19.912499999999998,27.2,28.4,27.8,27.5,11.1,13.2,13.3,14.3,8.7,7.7,6.1,8.9,0.0,0.0,0.0,0.0,0.0,0.0
2024-08-31,0.0,0.0,0.0,0.0,18.958333333333332,21.825,21.4375,20.912499999999998,27.6,29.6,29.0,28.9,11.7,15.3,15.1,12.4,14.3,9.2,10.3,10.2,0.0,0.0,0.0,0.0,0.0,0.0
2024-09-01,0.0,0.0,0.0,0.0,21.229166666666668,22.72083333333333,22.78333333333333,22.349999999999998,30.8,30.9,30.6,30.7,12.8,14.1,14.4,13.9,19.7,19.0,20.7,20.6,0.0,0.0,0.0,0.0,0.0,0.0
2024-09-02,0.0,0.0,0.0,0.0,19.483333333333334,22.866666666666664,22.6125,22.825,29.9,30.9,31.1,31.5,14.3,17.2,17.1,16.7,22.1,19.3,19.0,20.4,0.0,0.0,0.0,0.0,0.0,0.0
2024-09-03,0.0,0.0,0.0,0.0,21.025,23.054166666666664,23.1375,23.099999999999998,31.6,31.3,32.0,31.8,13.9,15.7,15.7,16.1,20.6,10.8,13.0,15.1,0.0,0.0,0.0,0.0,0.0,0.0
2024-09-04,0.0,0.0,0.0,0.0,23.020833333333332,24.28333333333333,24.7,24.429166666666664,31.3,31.1,32.3,31.9,16.0,18.1,18.3,18.8,24.0,13.3,10.0,13.2,0.0,0.0,0.0,0.0,0.0,0.0
2024-09-05,0.30000000000000004,0.0,0.0,0.0,19.570833333333333,21.004166666666666,20.366666666666667,21.416666666666668,25.7,29.6,28.5,31.7,15.4,15.4,15.3,14.2,24.2,20.3,21.2,18.5,-0.30000000000000004,0.30000000000000004,-0.30000000000000004,0.30000000000000004,-0.30000000000000004,0.30000000000000004
2024-09-06,0.1,0.0,0.0,0.0,17.833333333333332,19.241666666666667,19.079166666666666,18.162499999999998,23.9,26.3,25.8,25.2,14.9,15.2,15.2,14.1,21.7,14.6,15.0,15.5,-0.1,0.1,-0.1,0.1,-0.1,0.1
2024-09-07,0.0,0.0,0.0,0.0,23.27916666666667,24.099999999999998,24.104166666666668,23.891666666666666,32.6,31.8,31.7,32.0,15.6,17.1,17.0,16.8,13.4,6.6,7.3,7.2,0.0,0.0,0.0,0.0,0.0,0.0
2024-09-08,0.0,0.0,0.0,0.0,24.650000000000002,26.34583333333333,26.462500000000002,26.4875,32.2,32.5,32.5,32.4,16.5,20.6,20.8,21.2,15.3,13.3,11.7,13.3,0.0,0.0,0.0,0.0,0.0,0.0
2024-09-09,0.0,0.0,0.0,0.0,24.3875,25.691666666666666,25.820833333333336,25.866666666666664,32.7,32.4,31.7,32.0,16.8,19.5,20.8,20.2,19.1,11.7,15.2,9.9,0.0,0.0,0.0,0.0,0.0,0.0
2024-09-10,0.0,0.0,0.0,0.0,24.516666666666666,24.745833333333334,24.45,25.28333333333333,32.8,31.4,31.2,31.2,15.1,16.9,16.7,19.9,19.5,14.3,12.7,11.2,0.0,0.0,0.0,0.0,0.0,0.0
2024-09-11,0.0,0.0,0.0,0.0,25.558333333333334,25.52916666666667,25.3875,25.358333333333334,32.5,31.8,31.7,32.0,18.1,17.9,19.4,19.3,17.7,12.2,14.2,14.4,0.0,0.0,0.0,0.0,0.0,0.0
2024-09-12,0.0,0.0,0.0,0.0,26.05,25.329166666666666,25.5,25.900000000000002,32.8,32.1,32.2,32.5,19.0,18.7,19.0,20.0,19.2,13.8,14.0,12.9,0.0,0.0,0.0,0.0,0.0,0.0
2024-09-13,0.0,0.0,0.0,0.0,26.179166666666664,26.037499999999998,26.379166666666666,26.170833333333334,33.3,33.4,33.3,33.1,17.9,19.5,20.2,19.7,20.2,15.3,14.1,14.0,0.0,0.0,0.0,0.0,0.0,0.0
2024-09-14,0.0,0.0,0.0,0.0,24.583333333333332,26.270833333333332,25.929166666666664,26.45,33.1,33.0,33.2,32.5,19.8,20.2,19.7,20.9,24.3,15.3,15.3,15.9,0.0,0.0,0.0,0.0,0.0,0.0
2024-09-15,0.8,0.0,0.0,0.30000000000000004,18.441666666666666,19.766666666666666,19.220833333333335,19.7625,21.5,23.7,21.7,22.2,16.8,18.5,17.6,18.3,23.4,16.5,17.3,16.7,-0.8,0.8,-0.8,0.8,-0.5,0.5
2024-09-16,8.5,4.3,1.7000000000000002,14.1,16.400000000000002,18.333333333333332,19.366666666666667,18.308333333333334,17.9,20.5,23.0,21.2,13.9,15.8,16.9,16.1,22.8,10.8,11.6,12.6,-4.2,4.2,-6.8,6.8,5.6,5.6
2024-09-17,1.2,0.0,0.0,0.0,15.254166666666668,16.866666666666667,17.425,17.55,19.1,20.0,21.3,20.9,12.6,14.4,15.4,15.4,24.7,20.4,17.8,16.3,-1.2,1.2,-1.2,1.2,-1.2,1.2
2024-09-18,0.0,0.0,0.0,0.0,16.366666666666667,17.337500000000002,18.383333333333333,18.133333333333333,21.9,23.1,24.1,21.7,13.1,13.6,14.9,15.4,25.1,17.7,15.1,15.0,0.0,0.0,0.0,0.0,0.0,0.0
2024-09-19,0.6,0.0,0.0,0.0,19.091666666666665,20.754166666666666,20.379166666666666,20.916666666666668,27.0,27.3,27.7,28.7,14.4,16.0,15.2,15.7,17.0,9.2,10.6,12.1,-0.6,0.6,-0.6,0.6,-0.6,0.6
2024-09-20,0.1,0.0,0.0,0.0,22.741666666666664,24.15416666666667,24.03333333333333,24.037499999999998,32.4,31.8,31.5,31.8,15.1,17.5,17.2,16.7,20.9,14.1,15.5,14.2,-0.1,0.1,-0.1,0.1,-0.1,0.1
2024-09-21,0.8,0.7000000000000001,1.4,0.30000000000000004,21.120833333333334,22.3125,20.23333333333333,20.683333333333334,27.6,26.4,21.6,23.1,16.9,19.6,19.1,19.2,18.9,11.1,14.3,13.1,-0.09999999999999998,0.09999999999999998,0.5999999999999999,0.5999999999999999,-0.5,0.5
2024-09-22,0.0,0.0,0.0,0.0,22.3,23.729166666666668,23.670833333333334,22.7625,31.1,30.9,31.0,29.9,16.0,18.1,18.7,18.4,18.6,11.8,10.1,12.6,0.0,0.0,0.0,0.0,0.0,0.0
2024-09-23,0.0,0.0,0.0,0.0,23.508333333333336,25.333333333333332,24.599999999999998,24.879166666666666,32.2,32.7,31.9,32.8,16.4,19.1,17.3,17.8,23.7,13.2,13.9,11.9,0.0,0.0,0.0,0.0,0.0,0.0
2024-09-24,0.0,0.0,0.0,0.0,23.229166666666668,26.333333333333332,25.662499999999998,24.587500000000002,33.8,34.0,33.2,33.3,16.7,19.7,18.5,15.4,22.7,11.8,9.4,11.3,0.0,0.0,0.0,0.0,0.0,0.0
2024-09-25,0.0,0.0,0.0,0.0,25.95,27.341666666666665,27.058333333333334,26.491666666666664,35.1,34.8,34.3,33.8,17.2,19.4,19.0,18.2,17.8,13.4,16.3,16.8,0.0,0.0,0.0,0.0,0.0,0.0
2024-09-26,0.0,0.0,0.0,0.0,27.78333333333333,28.133333333333336,27.745833333333334,27.704166666666666,35.8,36.1,35.4,35.1,18.6,19.4,20.5,20.8,15.2,15.3,17.4,18.3,0.0,0.0,0.0,0.0,0.0,0.0
2024-09-27,1.8,1.9000000000000001,2.1,0.6,20.795833333333334,22.891666666666666,24.495833333333334,24.474999999999998,27.7,31.3,33.9,33.1,15.8,18.0,18.4,17.0,27.1,17.1,17.1,20.9,0.10000000000000009,0.10000000000000009,0.30000000000000004,0.30000000000000004,-1.2000000000000002,1.2000000000000002
2024-09-28,0.0,0.0,0.0,0.0,17.816666666666666,18.8,18.120833333333334,18.3875,23.5,24.0,21.1,23.8,14.4,16.0,16.3,16.7,23.9,19.1,16.4,18.3,0.0,0.0,0.0,0.0,0.0,0.0
2024-09-29,0.0,0.0,0.0,0.0,19.45,20.7625,21.2625,20.608333333333334,29.0,28.1,28.9,28.7,15.3,16.3,17.0,16.7,22.6,15.0,14.2,15.3,0.0,0.0,0.0,0.0,0.0,0.0
2024-09-30,0.1,0.0,0.0,0.0,22.054166666666664,23.474999999999998,23.891666666666666,23.929166666666664,32.3,32.0,32.0,31.7,15.1,16.7,16.8,17.2,25.7,9.2,7.4,8.3,-0.1,0.1,-0.1,0.1,-0.1,0.1
2024-10-01,0.0,0.0,0.0,0.0,26.495833333333334,26.287499999999998,26.0125,26.066666666666666,34.3,33.8,33.6,33.8,17.8,19.3,18.6,18.3,19.7,13.8,13.0,13.3,0.0,0.0,0.0,0.0,0.0,0.0
2024-10-02,0.0,0.0,0.0,0.0,25.883333333333336,26.09583333333333,26.96666666666667,27.27916666666667,36.3,34.8,35.1,35.2,18.4,20.3,20.3,20.7,21.7,17.7,16.7,17.2,0.0,0.0,0.0,0.0,0.0,0.0
2024-10-03,7.2,1.7,0.9,0.7000000000000001,18.95,18.591666666666665,19.462500000000002,19.05,23.1,20.6,24.7,21.5,15.0,16.3,15.6,15.7,31.4,16.4,18.4,15.6,-5.5,5.5,-6.3,6.3,-6.5,6.5
2024-10-04,4.5,1.6,0.1,0.0,15.708333333333334,16.729166666666668,16.416666666666668,16.8,19.0,17.8,17.7,18.2,14.1,15.3,15.2,15.7,23.7,16.6,16.6,17.4,-2.9,2.9,-4.4,4.4,-4.5,4.5
2024-10-05,0.2,0.0,0.0,0.0,17.220833333333335,18.529166666666665,19.162499999999998,19.354166666666668,23.6,25.1,25.3,26.4,14.1,14.8,15.6,15.5,21.5,15.9,14.3,15.6,-0.2,0.2,-0.2,0.2,-0.2,0.2
2024-10-06,0.0,0.0,0.0,0.0,17.545833333333334,19.416666666666668,19.820833333333333,20.400000000000002,25.2,27.0,29.0,30.1,13.6,14.9,15.1,15.4,20.2,12.7,13.0,15.7,0.0,0.0,0.0,0.0,0.0,0.0
2024-10-07,0.0,0.0,0.0,0.0,17.8,19.345833333333335,19.2,19.241666666666667,26.5,26.2,26.4,26.0,12.8,14.9,14.1,15.3,18.6,14.4,14.0,15.1,0.0,0.0,0.0,0.0,0.0,0.0
2024-10-08,0.0,0.0,0.0,0.0,20.204166666666666,22.84166666666667,23.458333333333332,22.95,33.7,35.2,34.6,34.5,13.5,15.3,15.9,15.4,19.8,17.7,15.5,17.7,0.0,0.0,0.0,0.0,0.0,0.0
2024-10-09,0.4,0.2,0.0,0.9,18.245833333333334,20.0125,20.650000000000002,20.087500000000002,23.5,25.2,24.9,23.1,14.3,17.0,17.7,17.6,25.1,22.4,22.5,20.4,-0.2,0.2,-0.4,0.4,0.5,0.5
2024-10-10,10.7,9.1,11.799999999999999,17.3,19.958333333333332,20.158333333333335,20.233333333333334,20.045833333333334,27.4,22.8,22.5,23.8,16.5,18.3,18.9,17.7,19.1,13.2,13.0,13.1,-1.5999999999999996,1.5999999999999996,1.0999999999999996,1.0999999999999996,6.600000000000001,6.600000000000001
2024-10-11,7.4,25.4,30.3,19.5,21.791666666666668,22.275000000000002,21.770833333333332,23.3875,27.3,26.7,24.6,28.9,18.8,19.2,19.6,19.5,27.9,15.5,18.4,21.7,18.0,18.0,22.9,22.9,12.1,12.1
2024-10-12,2.4,7.1,13.4,8.0,21.01666666666667,22.191666666666666,21.491666666666664,21.583333333333332,26.8,27.7,26.7,26.8,16.1,18.1,17.1,16.8,31.1,20.0,18.6,20.9,4.699999999999999,4.699999999999999,11.0,11.0,5.6,5.6
2024-10-13,0.2,0.0,0.0,0.0,18.662499999999998,19.358333333333334,19.545833333333334,19.325,24.9,26.1,25.5,25.6,15.7,16.3,16.2,15.9,25.6,15.8,15.5,17.0,-0.2,0.2,-0.2,0.2,-0.2,0.2
2024-10-14,0.2,0.0,0.0,0.0,18.570833333333333,19.279166666666665,19.295833333333334,19.879166666666666,25.1,25.4,26.1,26.1,15.4,15.7,15.7,16.5,22.7,15.3,15.8,15.2,-0.2,0.2,-0.2,0.2,-0.2,0.2
2024-10-15,0.0,0.0,0.0,0.0,19.620833333333334,20.866666666666667,19.895833333333332,20.420833333333334,27.8,28.9,28.0,28.3,14.6,15.9,15.3,15.2,19.3,13.1,14.2,11.1,0.0,0.0,0.0,0.0,0.0,0.0
2024-10-16,2.5999999999999996,1.3,0.9,2.8,21.0125,22.366666666666664,22.183333333333334,21.795833333333334,27.5,28.5,28.5,28.2,15.1,16.8,16.5,15.4,21.8,8.5,10.2,9.0,-1.2999999999999996,1.2999999999999996,-1.6999999999999997,1.6999999999999997,0.20000000000000018,0.20000000000000018
2024-10-17,0.0,0.0,0.9000000000000001,3.5,20.608333333333334,22.516666666666666,22.925,22.545833333333334,29.2,29.4,29.2,30.0,15.9,18.6,19.0,18.0,22.8,17.9,10.2,10.0,0.0,0.0,0.9000000000000001,0.9000000000000001,3.5,3.5
2024-10-18,0.0,0.0,3.5,3.5,19.683333333333334,22.183333333333334,22.545833333333334,22.704166666666666,28.7,33.2,30.8,30.0,14.9,15.8,17.8,19.1,23.7,18.1,14.3,12.5,0.0,0.0,3.5,3.5,3.5,3.5
2024-10-19,8.7,6.2,23.900000000000002,41.8,17.366666666666667,17.8875,18.133333333333333,19.629166666666666,19.5,20.8,20.8,22.0,14.1,15.9,15.4,17.8,23.7,18.8,16.0,12.5,-2.499999999999999,2.499999999999999,15.200000000000003,15.200000000000003,33.099999999999994,33.099999999999994
2024-10-20,8.4,0.5,0.5,1.8,16.775000000000002,18.1875,19.25,18.45,20.2,22.5,25.2,22.1,14.1,16.2,15.9,15.8,21.3,14.0,16.2,17.7,-7.9,7.9,-7.9,7.9,-6.6000000000000005,6.6000000000000005
2024-10-21,0.30000000000000004,0.0,0.0,0.1,20.55,21.125,21.495833333333334,22.004166666666666,25.9,25.3,25.5,26.0,16.7,17.8,18.0,18.4,20.8,14.1,14.4,16.3,-0.30000000000000004,0.30000000000000004,-0.30000000000000004,0.30000000000000004,-0.20000000000000004,0.20000000000000004
2024-10-22,4.4,0.6000000000000001,2.7,1.5,22.90833333333333,23.45,23.0,23.770833333333332,29.4,28.2,27.9,28.9,17.6,19.5,18.8,20.0,14.9,10.8,13.2,12.2,-3.8000000000000003,3.8000000000000003,-1.7000000000000002,1.7000000000000002,-2.9000000000000004,2.9000000000000004
2024-10-23,13.9,8.200000000000001,10.5,13.4,22.291666666666668,23.675,22.900000000000002,22.645833333333332,27.0,28.3,26.4,26.4,18.5,20.8,19.9,20.5,11.2,8.0,8.7,10.7,-5.699999999999999,5.699999999999999,-3.4000000000000004,3.4000000000000004,-0.5,0.5
2024-10-24,8.4,4.9,4.1000000000000005,2.6,23.412499999999998,24.525000000000002,24.525000000000002,23.712500000000002,28.0,29.4,28.1,27.5,20.1,21.3,21.7,20.6,29.5,19.3,20.0,20.9,-3.5,3.5,-4.3,4.3,-5.800000000000001,5.800000000000001
2024-10-25,4.7,2.5,4.6,2.6,22.679166666666664,23.208333333333332,23.6375,23.75,26.0,26.1,26.6,27.9,20.5,21.5,21.6,21.8,41.9,21.4,25.8,26.8,-2.2,2.2,-0.10000000000000053,0.10000000000000053,-2.1,2.1
2024-10-26,2.6,0.0,0.6,0.8,22.058333333333334,23.650000000000002,23.52916666666667,22.516666666666666,28.9,30.7,29.5,28.6,17.6,18.5,18.8,18.9,25.0,14.3,14.5,13.3,-2.6,2.6,-2.0,2.0,-1.8,1.8
2024-10-27,1.3,0.0,0.0,0.0,17.216666666666665,18.287499999999998,18.20416666666667,18.25,19.5,20.3,20.3,21.4,15.8,16.9,16.8,16.3,21.6,12.5,15.0,14.7,-1.3,1.3,-1.3,1.3,-1.3,1.3
2024-10-28,0.0,3.5,0.6,0.0,18.1125,19.5,19.958333333333332,19.741666666666667,22.1,23.2,24.3,24.5,14.8,17.4,16.9,15.7,17.1,11.4,11.3,12.5,3.5,3.5,0.6,0.6,0.0,0.0
2024-10-29,0.9,0.0,0.0,1.2,18.795833333333334,20.849999999999998,21.295833333333334,20.645833333333332,23.4,26.1,27.1,25.4,15.7,18.1,18.2,18.0,20.0,16.6,16.9,12.5,-0.9,0.9,-0.9,0.9,0.29999999999999993,0.29999999999999993
2024-10-30,0.1,0.0,0.0,0.0,19.179166666666667,20.529166666666665,20.3,20.104166666666668,25.0,26.4,26.4,25.1,15.6,17.3,17.3,16.5,21.1,17.2,18.3,17.4,-0.1,0.1,-0.1,0.1,-0.1,0.1
2024-10-31,1.8,0.0,0.0,0.0,18.3875,19.8,19.545833333333334,19.058333333333334,24.8,25.3,25.4,24.7,14.1,16.8,16.1,16.0,21.5,18.1,19.7,18.4,-1.8,1.8,-1.8,1.8,-1.8,1.8
2024-11-01,1.4,0.30000000000000004,0.0,0.0,19.849999999999998,21.162499999999998,20.408333333333335,20.075,27.5,27.4,27.0,27.3,14.6,16.4,15.5,15.5,17.0,13.6,14.5,14.6,-1.0999999999999999,1.0999999999999999,-1.4,1.4,-1.4,1.4
2024-11-02,13.299999999999999,0.7000000000000001,1.2999999999999998,0.8,21.358333333333334,23.166666666666668,23.204166666666666,22.366666666666664,29.1,29.3,30.7,29.1,17.3,18.4,18.1,17.0,16.5,12.5,12.1,12.2,-12.6,12.6,-12.0,12.0,-12.499999999999998,12.499999999999998
2024-11-03,19.9,16.5,21.9,14.7,19.854166666666668,21.075,23.125,22.541666666666668,22.0,22.8,28.4,26.7,18.8,19.7,20.3,20.1,17.0,6.4,11.5,13.9,-3.3999999999999986,3.3999999999999986,2.0,2.0,-5.199999999999999,5.199999999999999
2024-11-04,7.0,9.5,7.2,5.0,20.5125,21.033333333333335,21.308333333333334,22.712500000000002,23.2,23.4,23.6,27.0,18.5,19.4,19.7,20.4,16.6,6.8,9.7,12.3,2.5,2.5,0.20000000000000018,0.20000000000000018,-2.0,2.0
2024-11-05,17.6,11.9,10.9,16.8,21.1375,22.27916666666667,22.366666666666664,23.108333333333334,25.2,26.5,25.4,26.8,18.0,19.2,19.9,20.7,16.4,11.2,9.4,11.5,-5.700000000000001,5.700000000000001,-6.700000000000001,6.700000000000001,-0.8000000000000007,0.8000000000000007
2024-11-06,25.8,22.8,17.5,13.7,21.47083333333333,22.754166666666666,22.7,23.320833333333336,25.9,26.3,26.4,27.1,19.1,20.3,20.1,19.5,14.8,10.1,11.9,12.6,-3.0,3.0,-8.3,8.3,-12.100000000000001,12.100000000000001
2024-11-07,16.3,14.2,11.3,25.8,20.666666666666668,22.325,22.479166666666668,22.104166666666668,23.5,25.4,25.0,23.3,19.1,21.0,20.8,20.9,28.8,19.2,17.4,17.4,-2.1000000000000014,2.1000000000000014,-5.0,5.0,9.5,9.5
2024-11-08,40.7,28.900000000000002,54.2,89.2,19.745833333333334,20.55,20.441666666666666,20.195833333333333,23.0,22.9,22.2,21.7,17.1,18.0,18.5,18.9,26.3,15.6,16.3,16.1,-11.8,11.8,13.5,13.5,48.5,48.5
2024-11-09,0.8,0.0,0.0,0.1,18.0125,18.670833333333334,18.345833333333335,18.0125,21.0,21.4,19.7,19.2,15.1,16.3,16.2,16.1,19.2,13.1,12.8,14.5,-0.8,0.8,-0.8,0.8,-0.7000000000000001,0.7000000000000001
2024-11-10,0.1,0.0,0.0,0.0,16.8125,18.929166666666667,19.125,18.733333333333334,22.2,25.2,25.1,25.0,12.6,15.0,15.0,14.5,17.4,13.7,11.9,11.7,-0.1,0.1,-0.1,0.1,-0.1,0.1
2024-11-11,0.0,0.0,0.0,0.0,20.408333333333335,21.129166666666666,21.075,21.46666666666667,27.5,28.8,28.4,28.5,13.5,12.9,13.5,14.0,19.2,16.6,14.2,11.9,0.0,0.0,0.0,0.0,0.0,0.0
2024-11-12,2.0,0.1,3.6,0.8,21.95,22.2,21.599999999999998,22.516666666666666,31.2,30.5,30.1,30.4,14.8,17.9,16.3,16.9,14.7,20.6,19.2,15.8,-1.9,1.9,1.6,1.6,-1.2,1.2
2024-11-13,11.1,12.9,10.0,6.0,17.5625,17.333333333333332,17.670833333333334,18.970833333333335,21.0,20.7,20.0,25.4,15.0,15.3,16.1,15.9,12.5,14.1,13.6,14.1,1.8000000000000007,1.8000000000000007,-1.0999999999999996,1.0999999999999996,-5.1,5.1
2024-11-14,0.1,0.0,0.4,0.4,17.5625,17.829166666666666,17.745833333333334,17.754166666666666,21.3,21.5,20.7,20.7,14.5,15.4,16.0,15.8,12.6,16.6,14.3,15.6,-0.1,0.1,0.30000000000000004,0.30000000000000004,0.30000000000000004,0.30000000000000004
2024-11-15,4.9,5.5,0.6000000000000001,6.9,19.9875,20.291666666666668,20.091666666666665,20.770833333333332,26.8,24.5,23.9,25.9,16.1,17.0,16.8,17.3,14.3,13.0,13.3,12.9,0.5999999999999996,0.5999999999999996,-4.300000000000001,4.300000000000001,2.0,2.0
2024-11-16,18.5,42.300000000000004,12.9,6.6,20.55,21.129166666666666,20.462500000000002,20.920833333333334,24.0,25.0,23.2,24.8,18.5,19.1,18.3,18.7,7.6,8.4,8.3,6.2,23.800000000000004,23.800000000000004,-5.6,5.6,-11.9,11.9
2024-11-17,0.4,0.6000000000000001,2.3000000000000003,0.5,20.941666666666666,22.09166666666667,21.370833333333334,21.741666666666664,25.8,28.4,25.6,26.5,17.1,18.7,18.1,17.9,10.4,14.7,9.2,10.9,0.20000000000000007,0.20000000000000007,1.9000000000000004,1.9000000000000004,0.09999999999999998,0.09999999999999998
2024-11-18,0.0,0.0,0.0,0.0,23.141666666666666,23.6375,23.191666666666666,22.95,29.5,29.4,29.0,28.6,16.2,17.6,17.1,17.4,10.0,14.5,12.7,11.5,0.0,0.0,0.0,0.0,0.0,0.0
2024-11-19,0.0,0.0,0.0,0.0,22.84166666666667,22.3625,22.941666666666666,22.34166666666667,30.6,29.4,29.6,28.7,17.1,17.3,18.3,16.9,14.4,17.8,19.6,16.8,0.0,0.0,0.0,0.0,0.0,0.0
2024-11-20,1.9000000000000001,0.1,0.30000000000000004,0.2,23.708333333333332,22.90416666666667,22.879166666666666,22.545833333333334,31.0,31.0,30.6,30.8,17.1,16.8,16.8,18.4,11.9,15.0,13.7,16.1,-1.8,1.8,-1.6,1.6,-1.7000000000000002,1.7000000000000002
2024-11-21,1.0,0.1,0.0,0.0,21.941666666666666,22.008333333333336,22.329166666666666,21.2,26.6,26.8,27.1,27.1,19.0,18.3,19.3,17.8,16.1,17.6,18.4,19.2,-0.9,0.9,-1.0,1.0,-1.0,1.0
2024-11-22,2.0,1.8,0.5,2.6,20.587500000000002,20.275000000000002,20.333333333333332,19.833333333333332,23.5,22.5,22.0,21.2,18.5,18.4,18.2,18.1,14.7,14.5,12.7,17.1,-0.19999999999999996,0.19999999999999996,-1.5,1.5,0.6000000000000001,0.6000000000000001
2024-11-23,2.5,0.0,0.0,0.2,19.970833333333335,19.508333333333333,19.754166666666666,20.141666666666666,24.0,23.4,24.1,25.0,16.9,16.9,17.1,17.0,17.5,19.5,19.3,17.9,-2.5,2.5,-2.5,2.5,-2.3,2.3
2024-11-24,0.2,0.0,0.0,0.0,18.795833333333334,19.195833333333333,18.829166666666666,19.079166666666666,24.6,24.5,23.4,24.8,14.9,16.1,16.2,15.6,13.8,18.4,18.4,18.2,-0.2,0.2,-0.2,0.2,-0.2,0.2
2024-11-25,0.2,0.0,0.0,0.0,21.454166666666666,20.9875,20.916666666666668,20.416666666666668,29.2,28.6,28.5,28.0,14.6,15.0,15.1,15.2,10.2,14.9,15.8,14.5,-0.2,0.2,-0.2,0.2,-0.2,0.2
2024-11-26,0.0,0.0,0.0,0.0,25.3875,24.09583333333333,23.962500000000002,23.891666666666666,31.4,30.8,30.8,30.5,17.5,16.7,16.5,16.3,13.4,15.9,15.3,15.6,0.0,0.0,0.0,0.0,0.0,0.0
2024-11-27,0.0,0.0,0.0,0.0,27.78333333333333,26.3,26.195833333333336,26.46666666666667,33.5,32.6,32.8,32.3,20.9,18.6,18.6,20.1,13.6,17.3,14.3,14.8,0.0,0.0,0.0,0.0,0.0,0.0
2024-11-28,5.8,5.8999999999999995,0.5,2.0,26.900000000000002,26.816666666666666,27.458333333333332,27.241666666666664,33.9,33.5,34.3,33.9,22.0,22.0,20.5,20.4,17.5,21.1,21.1,21.8,0.09999999999999964,0.09999999999999964,-5.3,5.3,-3.8,3.8
2024-11-29,4.2,16.8,8.9,16.8,23.0625,25.183333333333334,25.02916666666667,25.462500000000002,26.6,30.1,28.7,29.1,20.5,22.2,22.4,22.5,14.5,17.7,18.1,14.4,12.600000000000001,12.600000000000001,4.7,4.7,12.600000000000001,12.600000000000001
2024-11-30,1.7,0.30000000000000004,2.0,3.9000000000000004,23.02916666666667,24.3,24.325,24.075,28.3,29.8,28.2,28.0,20.4,21.3,21.5,21.2,13.2,14.2,12.9,13.8,-1.4,1.4,0.30000000000000004,0.30000000000000004,2.2,2.2
2024-12-01,0.2,0.0,0.4,0.8,23.34583333333333,24.695833333333336,25.349999999999998,23.875,30.4,32.4,32.4,29.4,18.9,20.0,20.4,21.2,13.0,11.2,9.3,9.5,-0.2,0.2,0.2,0.2,0.6000000000000001,0.6000000000000001
2024-12-02,6.2,7.5,4.8,6.5,24.304166666666664,25.604166666666668,25.59583333333333,24.849999999999998,30.6,31.1,29.4,29.1,20.8,22.1,23.2,21.9,21.6,21.4,21.0,20.9,1.2999999999999998,1.2999999999999998,-1.4000000000000004,1.4000000000000004,0.2999999999999998,0.2999999999999998
2024-12-03,20.3,35.0,13.9,20.1,21.433333333333334,22.379166666666666,22.275000000000002,22.320833333333336,24.1,23.4,25.1,25.7,19.5,20.6,19.0,19.6,15.6,13.5,12.4,10.5,14.7,14.7,-6.4,6.4,-0.1999999999999993,0.1999999999999993
2024-12-04,2.3,4.7,9.6,9.0,18.724999999999998,18.691666666666666,18.383333333333333,18.758333333333333,20.7,20.5,20.5,20.0,17.1,17.0,17.3,17.8,15.1,14.8,12.7,10.5,2.4000000000000004,2.4000000000000004,7.3,7.3,6.7,6.7
2024-12-05,15.6,4.6,4.4,6.0,21.1875,21.220833333333335,21.59583333333333,21.816666666666666,27.5,27.2,26.6,26.1,16.9,17.2,16.9,17.7,13.2,8.2,10.0,9.0,-11.0,11.0,-11.2,11.2,-9.6,9.6
2024-12-06,2.5999999999999996,0.30000000000000004,0.6,0.30000000000000004,24.5625,25.383333333333336,25.2,24.883333333333336,29.6,31.3,30.7,30.0,19.6,20.3,20.1,20.4,17.8,17.7,18.2,19.6,-2.3,2.3,-1.9999999999999996,1.9999999999999996,-2.3,2.3
2024-12-07,0.2,0.0,0.0,0.0,26.183333333333334,27.516666666666666,27.745833333333334,27.3625,31.2,33.0,33.9,32.9,21.9,23.2,22.9,23.5,20.2,20.9,21.3,19.7,-0.2,0.2,-0.2,0.2,-0.2,0.2
2024-12-08,4.4,0.3,2.3,0.1,23.333333333333332,25.391666666666666,25.108333333333334,25.712500000000002,28.2,31.1,31.7,33.0,20.6,22.7,21.6,21.8,8.5,12.2,15.8,17.4,-4.1000000000000005,4.1000000000000005,-2.1000000000000005,2.1000000000000005,-4.300000000000001,4.300000000000001
2024-12-09,3.5,4.0,9.899999999999999,13.100000000000001,23.229166666666668,23.616666666666664,23.25,22.974999999999998,27.2,27.5,27.5,27.4,20.5,21.5,20.4,20.6,12.6,9.7,10.1,15.7,0.5,0.5,6.399999999999999,6.399999999999999,9.600000000000001,9.600000000000001
2024-12-10,21.9,17.5,9.4,14.4,21.90833333333333,22.208333333333332,21.879166666666666,22.266666666666666,26.9,24.5,26.6,27.8,17.4,20.0,20.3,20.3,19.2,17.7,14.9,14.1,-4.399999999999999,4.399999999999999,-12.499999999999998,12.499999999999998,-7.499999999999998,7.499999999999998
2024-12-11,1.2000000000000002,0.0,0.0,0.1,19.166666666666668,20.929166666666667,21.05,20.679166666666667,23.3,25.2,25.2,26.2,16.1,18.1,17.7,16.8,15.9,17.8,18.6,17.1,-1.2000000000000002,1.2000000000000002,-1.2000000000000002,1.2000000000000002,-1.1,1.1
2024-12-12,0.1,0.0,0.0,0.0,19.6875,20.466666666666665,20.483333333333334,20.370833333333334,25.5,26.3,26.4,26.9,15.6,17.1,16.8,16.1,14.5,15.8,15.7,16.3,-0.1,0.1,-0.1,0.1,-0.1,0.1
2024-12-13,1.3,0.0,0.0,0.0,21.354166666666668,21.462500000000002,21.787499999999998,22.616666666666664,26.5,27.4,28.2,29.1,16.8,16.9,17.8,18.0,11.7,12.9,12.9,14.8,-1.3,1.3,-1.3,1.3,-1.3,1.3
2024-12-14,4.0,22.9,17.8,20.6,21.504166666666666,21.941666666666666,21.650000000000002,21.712500000000002,25.5,24.4,23.8,25.0,19.2,19.5,19.7,19.2,23.4,18.7,19.5,18.9,18.9,18.9,13.8,13.8,16.6,16.6
2024-12-15,7.0,3.1,16.0,6.2,21.829166666666666,23.004166666666666,21.795833333333334,23.97083333333333,26.2,27.5,23.9,29.2,19.0,20.4,20.6,20.7,22.2,20.0,18.6,20.6,-3.9,3.9,9.0,9.0,-0.7999999999999998,0.7999999999999998
2024-12-16,0.6000000000000001,0.7000000000000001,1.1,2.4,23.337500000000002,23.545833333333334,23.683333333333334,23.320833333333336,28.5,29.0,28.7,27.6,18.9,19.9,20.5,20.3,23.4,20.2,22.7,21.1,0.09999999999999998,0.09999999999999998,0.5,0.5,1.7999999999999998,1.7999999999999998
2024-12-17,0.7999999999999999,0.0,0.0,0.1,22.304166666666664,22.104166666666668,21.645833333333332,21.525000000000002,30.0,29.8,28.1,27.7,18.0,18.0,18.3,18.0,15.2,16.9,18.0,19.1,-0.7999999999999999,0.7999999999999999,-0.7999999999999999,0.7999999999999999,-0.7,0.7
2024-12-18,0.2,0.0,0.0,0.0,21.84166666666667,21.366666666666664,21.520833333333332,20.95,29.4,29.1,29.0,27.6,16.6,17.0,17.3,16.7,13.5,15.1,16.3,16.3,-0.2,0.2,-0.2,0.2,-0.2,0.2
2024-12-19,0.0,0.0,0.0,0.0,24.741666666666664,23.162499999999998,23.59583333333333,23.883333333333336,31.6,30.4,31.0,32.1,17.7,17.5,17.9,18.5,12.0,13.3,12.0,14.8,0.0,0.0,0.0,0.0,0.0,0.0
2024-12-20,8.1,13.7,9.0,1.2,24.391666666666666,23.849999999999998,23.445833333333336,23.525000000000002,31.2,29.1,27.7,27.7,21.0,20.2,19.8,19.8,19.3,22.2,21.7,23.2,5.6,5.6,0.9000000000000004,0.9000000000000004,-6.8999999999999995,6.8999999999999995
2024-12-21,18.0,25.5,33.2,34.1,22.379166666666666,23.05,22.52916666666667,21.837500000000002,28.0,25.5,25.2,24.3,19.1,21.1,21.3,19.7,15.6,14.3,14.7,9.8,7.5,7.5,15.200000000000003,15.200000000000003,16.1,16.1
2024-12-22,14.0,4.2,1.7,1.8,21.650000000000002,22.587500000000002,23.170833333333334,22.008333333333336,26.2,26.0,27.7,25.1,18.6,20.5,20.7,19.0,11.8,8.9,10.6,12.8,-9.8,9.8,-12.3,12.3,-12.2,12.2
2024-12-23,4.6,0.1,0.1,0.6000000000000001,21.004166666666666,22.129166666666666,22.183333333333334,22.133333333333336,24.5,25.6,26.0,25.4,18.8,19.7,19.8,19.7,16.9,16.5,14.8,15.5,-4.5,4.5,-4.5,4.5,-3.9999999999999996,3.9999999999999996
2024-12-24,2.8,0.0,0.1,0.1,20.966666666666665,21.991666666666664,22.458333333333332,22.287499999999998,25.9,27.7,28.6,28.2,17.0,18.9,19.4,19.0,14.8,15.9,17.4,14.8,-2.8,2.8,-2.6999999999999997,2.6999999999999997,-2.6999999999999997,2.6999999999999997
2024-12-25,9.3,1.0,2.5,15.399999999999999,23.233333333333334,24.0125,23.479166666666668,23.683333333333334,30.1,30.4,29.8,29.7,18.1,18.4,18.8,19.0,10.5,12.1,11.2,11.9,-8.3,8.3,-6.800000000000001,6.800000000000001,6.099999999999998,6.099999999999998
2024-12-26,37.7,35.1,26.2,65.0,21.25,21.712500000000002,21.8125,21.641666666666666,25.1,22.8,23.2,23.0,20.2,20.7,21.0,20.9,13.3,16.4,14.7,14.4,-2.6000000000000014,2.6000000000000014,-11.500000000000004,11.500000000000004,27.299999999999997,27.299999999999997
2024-12-27,30.1,13.100000000000001,13.5,101.1,21.59583333333333,21.8125,21.829166666666666,21.78333333333333,25.5,24.3,24.1,23.9,19.8,20.5,20.7,20.5,15.1,12.2,15.4,12.6,-17.0,17.0,-16.6,16.6,71.0,71.0
2024-12-28,3.6,7.5,5.6,1.1,22.34166666666667,22.72083333333333,22.21666666666667,22.6875,28.1,27.3,26.1,27.7,19.0,20.2,20.0,20.1,14.0,12.0,12.9,13.4,3.9,3.9,1.9999999999999996,1.9999999999999996,-2.5,2.5
2024-12-29,4.8,3.9,1.1,0.0,21.866666666666664,22.079166666666666,21.675,20.645833333333332,27.8,27.2,26.5,23.2,19.3,19.4,18.4,17.8,16.1,15.2,15.5,18.4,-0.8999999999999999,0.8999999999999999,-3.6999999999999997,3.6999999999999997,-4.8,4.8
2024-12-30,5.9,3.1,2.0,0.1,21.095833333333335,21.458333333333332,21.191666666666666,20.991666666666667,26.5,26.8,27.2,26.9,18.4,18.2,17.1,16.7,15.0,13.1,13.1,14.3,-2.8000000000000003,2.8000000000000003,-3.9000000000000004,3.9000000000000004,-5.800000000000001,5.800000000000001
2024-12-31,4.2,2.7,1.8,0.7,21.858333333333334,22.116666666666664,21.775000000000002,21.858333333333334,28.0,28.2,27.9,28.0,17.8,17.8,17.2,17.5,10.5,11.8,12.1,11.5,-1.5,1.5,-2.4000000000000004,2.4000000000000004,-3.5,3.5
2025-01-01,5.1,7.8,4.5,3.8,22.3,22.5625,22.6375,22.21666666666667,28.5,28.1,28.7,28.6,18.0,18.9,18.5,18.0,11.7,12.3,10.5,11.8,2.7,2.7,-0.5999999999999996,0.5999999999999996,-1.2999999999999998,1.2999999999999998
2025-01-02,1.4,0.9,1.3,2.7,23.349999999999998,22.883333333333336,23.645833333333332,23.575,28.6,27.6,29.3,29.1,19.0,17.7,18.7,18.4,15.0,11.8,14.4,10.1,-0.4999999999999999,0.4999999999999999,-0.09999999999999987,0.09999999999999987,1.3000000000000003,1.3000000000000003
2025-01-03,4.3,1.8,2.1999999999999997,8.6,22.520833333333332,22.241666666666664,22.241666666666664,23.46666666666667,27.6,27.8,27.8,28.3,19.4,18.6,18.6,20.0,15.6,15.0,15.0,19.0,-2.5,2.5,-2.1,2.1,4.3,4.3
2025-01-04,14.399999999999999,7.6,7.1000000000000005,4.6,22.320833333333336,22.204166666666666,22.204166666666666,22.204166666666666,27.0,26.5,26.5,26.5,18.5,19.4,19.4,19.4,12.9,13.2,13.2,13.2,-6.799999999999999,6.799999999999999,-7.299999999999998,7.299999999999998,-9.799999999999999,9.799999999999999
2025-01-05,3.6,3.1,5.6000000000000005,3.1,22.479166666666668,21.079166666666666,21.079166666666666,21.079166666666666,29.5,26.2,26.2,26.2,17.3,18.2,18.2,18.2,16.1,13.8,13.8,13.8,-0.5,0.5,2.0000000000000004,2.0000000000000004,-0.5,0.5
2025-01-06,1.7000000000000002,0.2,1.4000000000000001,0.6,23.25,20.791666666666668,20.79583333333333,20.916666666666668,30.7,25.5,25.5,25.5,18.6,16.6,16.6,16.6,15.3,9.9,10.4,10.2,-1.5000000000000002,1.5000000000000002,-0.30000000000000004,0.30000000000000004,-1.1,1.1
2025-01-07,9.7,1.0,1.0,3.5,21.729166666666668,22.02916666666667,22.275000000000002,22.90416666666667,29.4,27.3,28.4,29.4,19.1,19.3,19.4,19.9,13.0,12.4,12.5,14.1,-8.7,8.7,-8.7,8.7,-6.199999999999999,6.199999999999999
2025-01-08,9.1,1.4,2.0,1.6,21.275000000000002,21.8,21.858333333333334,22.245833333333334,27.5,27.2,27.2,28.7,18.5,19.1,19.1,19.0,15.6,15.9,15.8,15.0,-7.699999999999999,7.699999999999999,-7.1,7.1,-7.5,7.5
2025-01-09,1.5999999999999999,0.9,0.8999999999999999,1.2,20.483333333333334,21.029166666666665,21.441666666666666,21.5125,25.0,25.8,27.9,27.2,17.9,18.3,18.5,18.9,15.5,18.7,16.4,15.0,-0.6999999999999998,0.6999999999999998,-0.7,0.7,-0.3999999999999999,0.3999999999999999
2025-01-10,0.0,0.2,0.0,1.2000000000000002,20.675,20.283333333333335,20.320833333333333,21.029166666666665,27.1,25.9,24.7,25.7,16.6,16.9,17.3,18.3,12.9,16.6,17.2,15.2,0.2,0.2,0.0,0.0,1.2000000000000002,1.2000000000000002
2025-01-11,0.7,0.7,0.0,0.1,21.212500000000002,21.0625,20.2125,20.3875,29.6,27.0,26.3,26.9,15.7,16.7,15.9,16.8,15.0,15.6,18.0,18.6,0.0,0.0,-0.7,0.7,-0.6,0.6
2025-01-12,1.4000000000000001,0.4,0.5,0.0,20.458333333333332,20.195833333333333,19.958333333333332,19.879166666666666,25.9,24.0,23.7,25.7,17.3,17.7,17.5,16.6,16.1,18.2,18.1,19.7,-1.0,1.0,-0.9000000000000001,0.9000000000000001,-1.4000000000000001,1.4000000000000001
2025-01-13,0.0,0.0,0.0,0.0,20.041666666666668,20.283333333333335,20.125,19.920833333333334,25.8,25.9,25.3,25.5,16.0,17.3,16.8,16.1,16.3,20.1,19.8,19.7,0.0,0.0,0.0,0.0,0.0,0.0
2025-01-14,1.1,0.0,0.0,0.0,19.779166666666665,20.433333333333334,20.474999999999998,20.583333333333332,24.5,27.1,26.5,26.5,15.4,16.4,16.0,16.1,14.8,20.1,19.5,18.5,-1.1,1.1,-1.1,1.1,-1.1,1.1
2025-01-15,1.8,1.1,0.1,0.6,22.170833333333334,20.8,21.25,21.72083333333333,28.6,24.5,26.4,27.7,17.5,17.6,18.3,17.7,14.8,14.6,16.1,16.7,-0.7,0.7,-1.7,1.7,-1.2000000000000002,1.2000000000000002
2025-01-16,11.100000000000001,10.6,13.5,4.6,22.974999999999998,21.925,21.929166666666664,22.52916666666667,29.2,24.8,25.3,25.9,19.5,19.6,19.5,19.9,13.2,9.2,9.7,12.9,-0.5000000000000018,0.5000000000000018,2.3999999999999986,2.3999999999999986,-6.500000000000002,6.500000000000002
2025-01-17,4.6,12.0,12.9,15.4,23.479166666666668,24.354166666666668,24.183333333333334,22.979166666666668,27.1,29.2,29.4,26.4,20.5,21.2,21.1,20.8,17.1,17.6,16.8,11.7,7.4,7.4,8.3,8.3,10.8,10.8
2025-01-18,2.7,0.7999999999999999,2.0,3.0999999999999996,25.133333333333336,25.587500000000002,25.633333333333336,24.65416666666667,29.4,30.9,29.9,28.3,20.0,20.9,22.0,21.0,18.1,17.3,20.0,18.1,-1.9000000000000004,1.9000000000000004,-0.7000000000000002,0.7000000000000002,0.39999999999999947,0.39999999999999947
2025-01-19,3.0,0.5,0.2,5.8,25.879166666666666,26.212500000000002,26.270833333333332,26.291666666666668,31.4,30.8,31.2,31.7,21.3,21.2,21.4,21.7,11.2,12.2,12.2,15.9,-2.5,2.5,-2.8,2.8,2.8,2.8
2025-01-20,0.0,1.9000000000000001,0.8,0.1,26.34166666666667,26.5625,26.3875,26.433333333333334,31.1,31.5,31.6,31.1,21.6,21.9,22.2,22.6,16.9,20.4,18.3,20.2,1.9000000000000001,1.9000000000000001,0.8,0.8,0.1,0.1
2025-01-21,0.2,0.0,0.1,0.6000000000000001,27.245833333333334,27.108333333333334,27.400000000000002,27.041666666666668,31.9,32.8,32.9,31.8,22.9,22.7,23.0,23.0,20.4,19.2,20.4,19.9,-0.2,0.2,-0.1,0.1,0.4000000000000001,0.4000000000000001
2025-01-22,8.8,3.5999999999999996,7.7,2.9,26.2,26.099999999999998,25.7625,26.258333333333336,33.5,31.9,31.7,33.0,21.6,22.0,22.4,22.3,10.1,10.9,9.7,15.1,-5.200000000000001,5.200000000000001,-1.1000000000000005,1.1000000000000005,-5.9,5.9
2025-01-23,10.4,6.1,7.9,6.199999999999999,23.895833333333332,24.575,24.900000000000002,24.425,30.5,30.3,30.8,30.0,21.4,21.4,21.9,21.6,12.1,11.1,9.9,11.2,-4.300000000000001,4.300000000000001,-2.5,2.5,-4.200000000000001,4.200000000000001
2025-01-24,22.5,3.5,9.0,9.4,23.479166666666668,25.208333333333332,24.84166666666667,24.391666666666666,29.9,30.7,30.0,30.6,20.2,21.1,21.7,21.2,11.0,10.6,9.4,8.6,-19.0,19.0,-13.5,13.5,-13.1,13.1
2025-01-25,13.700000000000001,3.6,18.5,8.1,24.070833333333336,25.59166666666667,25.462500000000002,25.3875,30.5,30.9,31.1,30.3,19.2,21.6,21.1,21.1,12.8,13.6,13.2,12.5,-10.100000000000001,10.100000000000001,4.799999999999999,4.799999999999999,-5.600000000000001,5.600000000000001
2025-01-26,23.200000000000003,20.4,18.2,26.7,22.900000000000002,23.837500000000002,24.083333333333332,24.037499999999998,29.4,26.7,27.9,27.9,20.5,22.1,22.0,21.6,11.3,10.7,9.4,8.5,-2.8000000000000043,2.8000000000000043,-5.0000000000000036,5.0000000000000036,3.4999999999999964,3.4999999999999964
2025-01-27,14.499999999999998,13.0,18.3,9.5,21.77916666666667,22.979166666666668,23.46666666666667,23.90416666666667,25.8,26.8,27.6,28.6,18.9,21.0,20.9,21.6,8.3,10.6,10.5,11.9,-1.4999999999999982,1.4999999999999982,3.8000000000000025,3.8000000000000025,-4.999999999999998,4.999999999999998
2025-01-28,13.7,10.1,7.7,5.7,21.8875,22.808333333333334,23.270833333333332,23.84166666666667,26.5,27.4,28.1,27.6,19.2,19.6,20.4,20.9,8.7,8.6,9.2,9.4,-3.5999999999999996,3.5999999999999996,-5.999999999999999,5.999999999999999,-7.999999999999999,7.999999999999999
2025-01-29,51.8,22.099999999999998,4.6,4.1,22.054166666666664,23.066666666666666,23.054166666666664,23.575,26.2,26.3,28.2,29.4,20.4,20.9,20.4,21.1,8.4,8.3,12.6,12.0,-29.7,29.7,-47.199999999999996,47.199999999999996,-47.699999999999996,47.699999999999996
2025-01-30,47.5,21.0,15.0,16.8,21.570833333333336,22.84166666666667,22.587500000000002,22.34166666666667,25.5,26.2,26.6,25.9,20.0,20.8,19.8,20.8,12.7,11.8,10.4,13.0,-26.5,26.5,-32.5,32.5,-30.7,30.7
2025-01-31,24.3,19.4,36.0,30.7,21.2375,22.099999999999998,22.1375,22.333333333333332,25.0,24.8,24.8,25.6,19.5,20.6,20.7,20.1,17.8,14.0,12.2,14.2,-4.900000000000002,4.900000000000002,11.7,11.7,6.399999999999999,6.399999999999999
2025-02-01,19.6,13.0,13.8,23.2,20.991666666666667,21.941666666666666,21.520833333333332,21.304166666666667,23.6,24.0,22.8,22.6,19.6,20.9,20.8,20.5,13.5,14.1,13.0,15.2,-6.600000000000001,6.600000000000001,-5.800000000000001,5.800000000000001,3.599999999999998,3.599999999999998
2025-02-02,18.8,20.8,11.0,17.2,21.97083333333333,22.837500000000002,22.608333333333334,21.833333333333332,26.4,26.6,25.8,23.2,19.2,20.3,20.5,20.7,18.1,12.8,12.7,10.2,2.0,2.0,-7.800000000000001,7.800000000000001,-1.6000000000000014,1.6000000000000014
2025-02-03,6.5,4.9,5.2,3.6,22.320833333333336,21.96666666666667,22.724999999999998,22.570833333333336,25.6,23.2,25.7,24.8,20.5,20.8,21.0,20.8,19.9,14.8,14.4,12.5,-1.5999999999999996,1.5999999999999996,-1.2999999999999998,1.2999999999999998,-2.9,2.9
2025-02-04,5.4,1.8,3.8000000000000003,4.0,23.320833333333336,23.429166666666664,23.933333333333334,24.05,28.2,27.4,28.2,28.6,19.8,20.0,20.0,20.6,16.3,12.1,11.2,11.0,-3.6000000000000005,3.6000000000000005,-1.6,1.6,-1.4000000000000004,1.4000000000000004
2025-02-05,1.4000000000000001,5.9,4.5,0.8,23.5625,24.40416666666667,24.212500000000002,24.28333333333333,28.5,29.8,29.8,28.9,19.5,19.8,20.0,20.3,12.3,14.3,10.7,9.8,4.5,4.5,3.0999999999999996,3.0999999999999996,-0.6000000000000001,0.6000000000000001
2025-02-06,1.0,0.0,0.0,1.7000000000000002,24.52916666666667,24.650000000000002,24.245833333333334,24.5,29.4,30.1,29.1,30.1,19.4,18.8,19.4,19.6,10.3,14.3,12.8,11.8,-1.0,1.0,-1.0,1.0,0.7000000000000002,0.7000000000000002
2025-02-07,1.7,8.8,6.2,1.2000000000000002,24.525000000000002,24.46666666666667,24.508333333333336,24.2625,30.9,30.2,30.1,30.4,19.5,20.7,20.7,19.0,9.5,9.7,8.9,9.3,7.1000000000000005,7.1000000000000005,4.5,4.5,-0.4999999999999998,0.4999999999999998
2025-02-08,3.9,1.2,1.2,0.0,23.625,23.545833333333334,23.462500000000002,23.412499999999998,29.2,29.2,29.4,29.1,20.8,20.6,20.3,19.5,14.4,15.9,15.0,15.1,-2.7,2.7,-2.7,2.7,-3.9,3.9
2025-02-09,1.9,0.0,0.0,0.0,24.258333333333336,24.099999999999998,23.804166666666664,23.083333333333332,32.0,31.5,30.2,29.6,19.3,19.6,18.9,17.4,14.4,16.9,13.8,12.7,-1.9,1.9,-1.9,1.9,-1.9,1.9
2025-02-10,2.2,2.5,3.8,2.7,24.78333333333333,23.77916666666667,23.833333333333332,23.329166666666666,31.0,30.4,30.7,29.4,19.5,18.6,18.8,19.4,7.2,7.7,7.2,6.1,0.2999999999999998,0.2999999999999998,1.5999999999999996,1.5999999999999996,0.5,0.5
2025-02-11,0.0,0.0,1.2,0.0,25.991666666666664,25.875,25.75,25.412499999999998,32.0,31.8,32.3,31.8,19.6,21.6,20.3,19.7,10.6,11.4,11.4,11.3,0.0,0.0,1.2,1.2,0.0,0.0
2025-02-12,0.8,0.0,0.6,0.39999999999999997,26.71666666666667,26.02916666666667,25.608333333333334,25.96666666666667,32.0,31.0,30.5,30.9,21.1,21.8,21.6,21.8,13.4,15.0,14.0,13.2,-0.8,0.8,-0.20000000000000007,0.20000000000000007,-0.4000000000000001,0.4000000000000001
2025-02-13,14.200000000000001,4.2,3.9999999999999996,1.3,24.458333333333332,25.087500000000002,25.162499999999998,25.879166666666666,31.8,30.1,30.2,31.3,20.5,20.6,21.0,22.2,11.0,12.1,10.9,12.3,-10.0,10.0,-10.200000000000001,10.200000000000001,-12.9,12.9
2025-02-14,2.9,4.6,8.2,11.7,23.245833333333334,23.95,24.420833333333334,24.4375,29.0,27.6,29.4,29.6,20.2,21.2,22.0,21.6,9.1,7.7,8.7,8.0,1.6999999999999997,1.6999999999999997,5.299999999999999,5.299999999999999,8.799999999999999,8.799999999999999
2025-02-15,1.0,5.0,4.8,10.299999999999999,23.71666666666667,24.083333333333332,24.03333333333333,24.545833333333334,28.9,29.7,28.7,29.5,19.4,20.7,21.3,21.6,6.5,6.7,7.3,8.0,4.0,4.0,3.8,3.8,9.299999999999999,9.299999999999999
2025-02-16,0.1,0.30000000000000004,0.0,0.0,26.683333333333334,26.191666666666666,25.78333333333333,26.329166666666666,32.0,31.4,31.4,32.0,21.1,20.6,19.9,20.6,13.8,14.0,14.5,17.7,0.20000000000000004,0.20000000000000004,-0.1,0.1,-0.1,0.1
2025-02-17,0.0,0.0,0.0,0.0,28.479166666666668,27.175,26.5,26.520833333333332,33.6,32.9,32.3,32.7,21.8,20.7,20.4,20.2,13.9,16.5,17.2,16.8,0.0,0.0,0.0,0.0,0.0,0.0
2025-02-18,10.2,0.8,0.30000000000000004,0.6,26.041666666666668,26.40833333333333,26.650000000000002,26.2,33.1,33.2,33.2,32.9,21.9,20.8,20.5,19.8,10.8,14.7,12.6,16.3,-9.399999999999999,9.399999999999999,-9.899999999999999,9.899999999999999,-9.6,9.6
2025-02-19,9.3,1.8,4.2,2.0,25.025000000000002,25.708333333333332,26.47083333333333,26.629166666666666,31.0,31.9,32.8,32.5,20.4,21.9,22.4,21.5,12.4,11.5,9.7,13.8,-7.500000000000001,7.500000000000001,-5.1000000000000005,5.1000000000000005,-7.300000000000001,7.300000000000001
2025-02-20,9.899999999999999,2.8,0.5,0.3,25.104166666666668,25.6375,26.3,27.3875,31.1,31.3,31.7,32.8,20.8,21.5,21.9,22.7,12.1,10.1,9.9,12.0,-7.099999999999999,7.099999999999999,-9.399999999999999,9.399999999999999,-9.599999999999998,9.599999999999998
2025-02-21,2.4,5.800000000000001,2.8,2.6,24.53333333333333,24.7,24.5625,25.191666666666666,29.9,29.2,28.8,30.3,21.8,22.6,22.5,22.0,12.5,12.8,11.6,11.0,3.400000000000001,3.400000000000001,0.3999999999999999,0.3999999999999999,0.20000000000000018,0.20000000000000018
2025-02-22,2.8000000000000003,3.1,1.4,5.5,23.445833333333336,24.224999999999998,24.179166666666664,23.175,28.1,28.9,29.3,26.0,20.6,21.6,21.8,21.4,10.9,14.0,13.1,12.1,0.2999999999999998,0.2999999999999998,-1.4000000000000004,1.4000000000000004,2.6999999999999997,2.6999999999999997
2025-02-23,3.9,4.7,3.6,4.6,23.599999999999998,23.579166666666666,23.608333333333334,23.900000000000002,29.5,29.1,29.2,29.5,20.1,20.0,20.6,21.3,9.9,12.7,14.8,12.6,0.8000000000000003,0.8000000000000003,-0.2999999999999998,0.2999999999999998,0.6999999999999997,0.6999999999999997
2025-02-24,2.2,2.5999999999999996,7.5,11.0,24.729166666666668,24.72083333333333,24.28333333333333,23.958333333333332,30.5,30.7,30.1,29.6,19.9,20.9,20.5,20.3,9.2,11.8,11.0,11.2,0.39999999999999947,0.39999999999999947,5.3,5.3,8.8,8.8
2025-02-25,0.3,2.3,5.1000000000000005,1.6,25.77916666666667,25.241666666666664,24.816666666666666,24.758333333333336,32.8,30.9,30.4,30.5,20.0,20.7,21.0,20.3,12.6,12.5,13.6,11.8,1.9999999999999998,1.9999999999999998,4.800000000000001,4.800000000000001,1.3,1.3
2025-02-26,0.1,5.5,3.8,2.2,26.016666666666666,25.27916666666667,25.166666666666668,25.141666666666666,33.3,32.0,30.6,30.6,20.4,20.7,21.3,21.1,11.2,11.9,11.2,9.6,5.4,5.4,3.6999999999999997,3.6999999999999997,2.1,2.1
2025-02-27,0.30000000000000004,0.9,2.6,2.0999999999999996,26.120833333333334,25.587500000000002,25.241666666666664,25.358333333333334,33.2,32.8,31.3,31.9,21.0,21.0,21.0,21.1,12.1,19.6,12.0,12.6,0.6,0.6,2.3,2.3,1.7999999999999996,1.7999999999999996
2025-02-28,1.1,2.9,5.9,2.0,25.270833333333332,25.083333333333332,24.724999999999998,25.141666666666666,32.0,31.8,31.3,31.4,20.5,20.6,20.4,20.4,11.1,13.7,11.4,13.4,1.7999999999999998,1.7999999999999998,4.800000000000001,4.800000000000001,0.8999999999999999,0.8999999999999999
2025-03-01,0.0,0.1,0.0,1.6,25.587500000000002,25.520833333333332,25.854166666666668,26.037499999999998,33.2,32.3,32.8,33.1,20.4,20.5,20.7,20.9,16.1,15.3,14.4,15.3,0.1,0.1,0.0,0.0,1.6,1.6
2025-03-02,0.0,0.0,0.0,0.0,26.337500000000002,25.316666666666666,25.770833333333332,25.795833333333334,34.3,32.1,32.9,32.9,21.0,20.4,21.9,21.5,17.0,17.3,19.0,15.5,0.0,0.0,0.0,0.0,0.0,0.0
2025-03-03,0.0,0.0,0.0,0.0,25.150000000000002,25.075,24.7,24.962500000000002,32.8,31.7,31.3,31.6,20.2,20.4,20.1,20.1,16.6,18.8,19.7,18.3,0.0,0.0,0.0,0.0,0.0,0.0
2025-03-04,0.0,3.3,0.39999999999999997,1.2,25.27916666666667,24.741666666666664,24.579166666666666,24.395833333333332,31.9,30.9,31.4,30.0,20.1,20.5,19.5,20.2,12.7,9.9,16.4,16.6,3.3,3.3,0.39999999999999997,0.39999999999999997,1.2,1.2
2025-03-05,0.7000000000000001,0.1,0.0,0.0,24.370833333333334,24.383333333333336,24.712500000000002,24.620833333333334,30.4,30.4,30.8,30.9,20.0,20.3,20.8,20.2,11.6,15.5,17.0,17.4,-0.6000000000000001,0.6000000000000001,-0.7000000000000001,0.7000000000000001,-0.7000000000000001,0.7000000000000001
2025-03-06,0.8,0.1,1.0,0.0,23.745833333333334,23.741666666666664,23.7625,24.34583333333333,31.1,30.1,30.5,31.4,19.2,19.6,19.6,20.1,14.5,17.3,18.6,19.6,-0.7000000000000001,0.7000000000000001,0.19999999999999996,0.19999999999999996,-0.8,0.8
2025-03-07,0.0,0.0,0.0,0.0,23.77916666666667,23.5,23.670833333333334,23.879166666666666,31.6,30.0,29.6,30.7,18.9,19.9,19.9,19.7,15.8,17.6,16.5,17.4,0.0,0.0,0.0,0.0,0.0,0.0
2025-03-08,0.8,0.2,0.0,0.1,24.275000000000002,23.916666666666668,23.675,23.995833333333334,32.5,30.3,30.2,30.8,19.0,19.8,19.1,20.0,13.5,13.8,14.5,13.8,-0.6000000000000001,0.6000000000000001,-0.8,0.8,-0.7000000000000001,0.7000000000000001
2025-03-09,0.0,0.0,0.5,0.0,25.5,25.287499999999998,24.879166666666666,25.008333333333336,32.8,32.1,32.7,32.3,19.2,20.0,19.4,19.9,14.0,16.2,15.1,14.0,0.0,0.0,0.5,0.5,0.0,0.0
2025-03-10,14.1,1.1,0.5,0.39999999999999997,23.175,22.837500000000002,23.21666666666667,23.208333333333332,31.0,28.1,28.4,29.5,20.0,19.7,20.3,19.6,11.2,15.7,14.9,17.1,-13.0,13.0,-13.6,13.6,-13.7,13.7
2025-03-11,13.999999999999998,8.9,6.1,5.8999999999999995,22.733333333333334,23.325,23.59166666666667,23.775000000000002,30.5,31.0,30.7,30.8,19.9,19.5,20.0,20.0,8.5,13.6,12.7,9.2,-5.099999999999998,5.099999999999998,-7.899999999999999,7.899999999999999,-8.099999999999998,8.099999999999998
2025-03-12,2.6,10.5,14.9,20.0,23.462500000000002,23.90416666666667,23.90416666666667,23.991666666666664,29.2,30.2,30.5,30.1,19.6,20.1,20.2,20.2,11.0,11.6,12.8,13.5,7.9,7.9,12.3,12.3,17.4,17.4
2025-03-13,4.7,11.899999999999999,7.6,15.9,22.979166666666668,24.2625,24.34583333333333,23.504166666666666,28.5,29.6,29.9,28.7,20.0,21.0,20.7,21.1,11.5,13.3,13.4,11.9,7.199999999999998,7.199999999999998,2.8999999999999995,2.8999999999999995,11.2,11.2
2025-03-14,6.0,3.0,2.2,1.2,22.05,23.71666666666667,23.2375,23.53333333333333,27.0,29.3,28.8,28.8,19.0,20.8,20.3,21.0,10.7,13.0,14.1,12.9,-3.0,3.0,-3.8,3.8,-4.8,4.8
2025-03-15,6.1000000000000005,3.5,2.5,0.7,22.099999999999998,22.929166666666664,22.925,22.712500000000002,27.8,28.1,28.5,28.2,19.6,20.4,19.9,19.4,15.4,14.1,14.0,14.8,-2.6000000000000005,2.6000000000000005,-3.6000000000000005,3.6000000000000005,-5.4,5.4
2025-03-16,14.7,0.4,2.2,0.9,20.825,21.479166666666668,22.2,22.770833333333332,24.5,25.5,26.2,27.8,18.5,19.3,19.2,20.4,16.4,15.4,13.6,14.5,-14.299999999999999,14.299999999999999,-12.5,12.5,-13.799999999999999,13.799999999999999
2025-03-17,1.9,0.6000000000000001,0.4,5.9,21.1875,21.875,21.837500000000002,23.05,26.5,27.8,27.5,28.2,17.9,18.4,18.1,19.9,9.4,13.1,13.5,10.0,-1.2999999999999998,1.2999999999999998,-1.5,1.5,4.0,4.0
2025-03-18,9.1,8.0,4.0,1.7,22.349999999999998,23.09166666666667,22.675,22.8,29.8,28.6,28.8,28.8,19.4,19.6,19.4,19.2,8.7,9.0,11.6,12.8,-1.0999999999999996,1.0999999999999996,-5.1,5.1,-7.3999999999999995,7.3999999999999995
2025-03-19,2.3000000000000003,2.1,1.1,0.0,20.470833333333335,21.295833333333334,21.3125,21.962500000000002,24.9,23.3,26.2,27.2,18.1,19.0,19.1,19.6,16.0,16.2,16.4,16.1,-0.20000000000000018,0.20000000000000018,-1.2000000000000002,1.2000000000000002,-2.3000000000000003,2.3000000000000003
2025-03-20,0.1,0.0,0.0,0.0,19.970833333333335,20.666666666666668,20.695833333333333,20.570833333333333,25.2,25.9,25.1,25.1,16.9,17.7,18.5,18.4,13.2,17.3,16.8,15.5,-0.1,0.1,-0.1,0.1,-0.1,0.1
2025-03-21,0.1,0.0,0.0,0.0,20.287499999999998,20.441666666666666,21.079166666666666,20.925,27.9,27.5,27.4,26.5,16.1,15.6,17.9,18.1,16.4,14.8,16.4,16.3,-0.1,0.1,-0.1,0.1,-0.1,0.1
2025-03-22,0.0,0.0,0.0,0.0,23.05,22.3,22.070833333333336,22.320833333333336,30.8,29.2,29.4,29.7,18.1,17.8,17.0,18.6,16.1,13.3,14.8,18.7,0.0,0.0,0.0,0.0,0.0,0.0
2025-03-23,8.200000000000001,7.0,9.4,10.0,21.775000000000002,23.224999999999998,23.09166666666667,23.083333333333332,27.5,28.9,28.3,29.0,18.6,18.6,19.1,18.8,10.9,12.0,9.8,9.6,-1.200000000000001,1.200000000000001,1.1999999999999993,1.1999999999999993,1.799999999999999,1.799999999999999
2025-03-24,2.8000000000000003,2.8000000000000003,3.8,4.7,21.866666666666664,22.991666666666664,23.233333333333334,23.020833333333332,27.0,27.5,27.6,26.9,18.0,20.2,19.7,19.9,9.0,9.0,13.0,7.6,0.0,0.0,0.9999999999999996,0.9999999999999996,1.9,1.9
2025-03-25,0.7,0.5,1.0,1.4,21.954166666666666,22.462500000000002,22.84166666666667,23.6875,27.8,28.6,27.8,28.3,18.0,18.3,19.2,20.7,11.4,12.8,10.4,15.5,-0.19999999999999996,0.19999999999999996,0.30000000000000004,0.30000000000000004,0.7,0.7
2025-03-26,10.0,0.0,0.6,4.5,20.6875,22.349999999999998,22.429166666666664,22.295833333333334,25.2,28.1,28.0,26.8,19.0,18.8,19.9,19.8,10.6,16.1,16.9,11.8,-10.0,10.0,-9.4,9.4,-5.5,5.5
2025-03-27,0.4,0.2,0.4,0.2,21.541666666666668,22.40416666666667,22.429166666666664,22.587500000000002,27.3,27.5,27.7,27.9,17.4,19.5,19.2,19.4,12.0,13.6,13.3,14.2,-0.2,0.2,0.0,0.0,-0.2,0.2
2025-03-28,2.4,0.9,0.6,1.8,22.4875,22.90416666666667,23.09583333333333,23.03333333333333,29.1,28.4,29.7,29.1,18.4,18.4,18.8,18.5,14.1,11.8,10.5,10.6,-1.5,1.5,-1.7999999999999998,1.7999999999999998,-0.5999999999999999,0.5999999999999999
2025-03-29,1.6,0.2,0.8,0.30000000000000004,22.791666666666668,23.875,23.883333333333336,24.016666666666666,29.1,30.1,30.2,29.8,18.5,19.6,18.6,19.6,9.6,12.2,14.2,10.7,-1.4000000000000001,1.4000000000000001,-0.8,0.8,-1.3,1.3
2025-03-30,0.4,0.1,0.5,1.8,22.90416666666667,22.941666666666666,23.708333333333332,24.004166666666666,29.6,28.8,29.4,29.4,18.6,19.2,20.0,20.1,11.5,12.2,11.8,7.7,-0.30000000000000004,0.30000000000000004,0.09999999999999998,0.09999999999999998,1.4,1.4
2025-03-31,11.0,16.0,4.0,6.8,22.041666666666668,23.5625,23.412499999999998,24.133333333333336,28.0,29.0,29.6,29.5,19.0,19.5,18.8,19.9,14.4,7.7,10.0,11.2,5.0,5.0,-7.0,7.0,-4.2,4.2
2025-04-01,2.0,4.6,11.0,13.9,22.6125,23.670833333333334,23.879166666666666,23.708333333333332,28.0,28.5,29.3,29.1,18.9,20.0,20.1,20.4,9.5,9.2,7.9,12.5,2.5999999999999996,2.5999999999999996,9.0,9.0,11.9,11.9
2025-04-02,7.7,0.9,0.7000000000000001,7.1,23.4375,24.025000000000002,24.358333333333334,23.895833333333332,29.8,28.4,28.8,28.8,19.6,20.3,21.2,20.6,10.7,10.9,10.3,10.1,-6.8,6.8,-7.0,7.0,-0.6000000000000005,0.6000000000000005
2025-04-03,9.0,19.4,14.1,18.1,22.77916666666667,24.1875,23.616666666666664,24.27916666666667,27.5,29.2,29.2,29.3,19.9,20.7,20.1,21.2,9.7,12.0,12.3,12.1,10.399999999999999,10.399999999999999,5.1,5.1,9.100000000000001,9.100000000000001
2025-04-04,6.5,16.4,4.8,4.7,21.900000000000002,22.2375,22.008333333333336,22.695833333333336,27.1,25.5,25.2,27.9,18.9,19.3,19.8,19.9,17.0,18.8,18.0,18.8,9.899999999999999,9.899999999999999,-1.7000000000000002,1.7000000000000002,-1.7999999999999998,1.7999999999999998
2025-04-05,4.0,0.2,0.5,0.0,17.329166666666666,17.995833333333334,18.279166666666665,18.579166666666666,18.6,19.2,19.7,20.0,15.5,16.7,16.7,16.9,18.4,20.3,21.9,21.9,-3.8,3.8,-3.5,3.5,-4.0,4.0
2025-04-06,1.0,0.0,0.0,0.0,17.295833333333334,17.966666666666665,18.125,18.154166666666665,21.0,21.2,22.3,22.2,14.8,16.3,16.3,16.2,19.3,18.5,19.9,20.3,-1.0,1.0,-1.0,1.0,-1.0,1.0
2025-04-07,0.1,0.0,0.0,0.0,18.041666666666668,18.599999999999998,18.954166666666666,18.704166666666666,22.0,22.9,24.2,23.7,15.6,16.3,16.1,15.9,17.3,15.6,16.3,17.3,-0.1,0.1,-0.1,0.1,-0.1,0.1
2025-04-08,0.30000000000000004,0.0,0.0,0.0,20.241666666666667,20.7,20.491666666666667,20.895833333333332,27.5,26.4,26.3,27.1,14.4,15.4,15.3,15.6,9.3,9.7,11.8,14.3,-0.30000000000000004,0.30000000000000004,-0.30000000000000004,0.30000000000000004,-0.30000000000000004,0.30000000000000004
2025-04-09,11.7,6.1,4.6,8.5,21.833333333333332,21.758333333333336,21.77916666666667,22.037499999999998,28.8,27.5,27.1,26.1,17.3,17.0,17.1,18.6,15.7,12.0,13.7,13.0,-5.6,5.6,-7.1,7.1,-3.1999999999999993,3.1999999999999993
2025-04-10,6.1,2.5,5.5,1.2,20.116666666666667,21.141666666666666,20.64166666666667,21.0125,25.2,25.1,24.7,26.2,17.5,19.2,18.3,18.4,14.0,12.4,11.9,11.7,-3.5999999999999996,3.5999999999999996,-0.5999999999999996,0.5999999999999996,-4.8999999999999995,4.8999999999999995
2025-04-11,0.6,0.0,0.0,0.0,20.145833333333332,20.604166666666668,20.541666666666668,20.099999999999998,25.5,25.1,25.3,24.8,17.4,18.6,18.0,17.3,12.0,15.9,15.3,16.3,-0.6,0.6,-0.6,0.6,-0.6,0.6
2025-04-12,0.4,0.0,0.0,0.0,20.675,20.866666666666667,20.537499999999998,20.270833333333332,26.1,26.5,25.9,25.7,17.4,17.5,17.0,16.6,11.5,12.3,13.9,14.0,-0.4,0.4,-0.4,0.4,-0.4,0.4
2025-04-13,3.2,5.5,0.2,0.2,22.129166666666666,21.84583333333333,21.662499999999998,21.691666666666666,28.2,27.1,26.7,27.7,17.9,17.8,17.6,17.4,14.2,11.3,9.4,9.2,2.3,2.3,-3.0,3.0,-3.0,3.0
2025-04-14,2.5,10.1,7.2,26.1,19.858333333333334,20.45,20.912499999999998,20.841666666666665,23.2,22.6,23.7,23.9,17.4,18.5,18.9,19.1,13.4,13.3,12.8,9.4,7.6,7.6,4.7,4.7,23.6,23.6
2025-04-15,0.0,0.6,0.0,0.1,19.758333333333333,20.708333333333332,20.608333333333334,20.325,25.2,26.4,26.0,25.2,16.5,18.1,18.0,18.2,11.2,14.7,15.6,15.5,0.6,0.6,0.0,0.0,0.1,0.1
2025-04-16,2.6,7.6000000000000005,6.6,2.6,20.629166666666666,20.1375,20.420833333333334,20.775000000000002,25.5,23.0,24.6,25.8,17.4,18.0,17.5,17.7,8.9,6.2,6.2,10.2,5.0,5.0,3.9999999999999996,3.9999999999999996,0.0,0.0
2025-04-17,0.5,3.3,2.0,8.5,20.829166666666666,21.016666666666666,20.704166666666666,20.712500000000002,25.9,24.9,25.2,23.9,17.1,19.2,18.5,18.7,10.1,11.5,11.1,9.8,2.8,2.8,1.5,1.5,8.0,8.0
2025-04-18,16.8,10.700000000000001,0.30000000000000004,0.0,20.837500000000002,21.033333333333335,21.537499999999998,21.275000000000002,27.4,24.8,26.7,26.9,17.8,18.5,18.4,18.1,10.2,7.7,11.2,12.0,-6.1,6.1,-16.5,16.5,-16.8,16.8
2025-04-19,5.7,8.9,6.1000000000000005,8.7,20.575,21.325,21.304166666666667,21.025000000000002,25.8,24.3,25.1,25.1,17.3,19.3,19.1,18.1,15.9,16.0,16.7,12.5,3.2,3.2,0.40000000000000036,0.40000000000000036,2.999999999999999,2.999999999999999
2025-04-20,2.2,0.0,0.0,0.7,19.558333333333334,19.8625,19.479166666666668,19.429166666666667,22.9,22.7,22.2,22.2,17.8,17.6,18.1,17.1,13.7,17.9,16.7,15.5,-2.2,2.2,-2.2,2.2,-1.5000000000000002,1.5000000000000002
2025-04-21,1.1,0.0,0.0,0.0,18.2375,18.795833333333334,18.941666666666666,18.3,22.0,24.2,23.6,22.7,15.8,16.3,16.1,15.8,13.1,14.5,14.7,15.5,-1.1,1.1,-1.1,1.1,-1.1,1.1
2025-04-22,0.1,0.0,0.0,0.0,17.470833333333335,18.316666666666666,18.587500000000002,18.6875,22.9,23.5,24.2,24.4,14.2,15.6,15.9,15.8,10.9,12.8,12.9,13.6,-0.1,0.1,-0.1,0.1,-0.1,0.1
2025-04-23,0.0,0.0,0.0,0.0,18.570833333333333,19.0125,18.820833333333333,19.366666666666667,25.2,24.6,25.0,25.6,14.1,15.5,15.3,14.9,13.0,11.5,12.1,10.5,0.0,0.0,0.0,0.0,0.0,0.0
2025-04-24,25.8,9.1,7.3,12.8,19.945833333333333,19.775000000000002,19.837500000000002,19.787499999999998,26.0,23.9,24.2,24.9,16.5,17.4,17.4,16.8,11.1,11.8,10.0,11.9,-16.700000000000003,16.700000000000003,-18.5,18.5,-13.0,13.0
2025-04-25,20.3,26.2,26.1,19.7,18.875,20.045833333333334,19.508333333333333,19.3625,22.1,21.7,21.6,20.9,17.7,18.8,18.3,17.4,9.7,8.9,9.7,12.7,5.899999999999999,5.899999999999999,5.800000000000001,5.800000000000001,-0.6000000000000014,0.6000000000000014
2025-04-26,2.0,1.8,0.4,0.9,19.795833333333334,20.474999999999998,21.254166666666666,20.466666666666665,24.8,23.9,25.4,24.4,16.5,18.2,18.9,17.8,9.0,10.8,10.9,9.7,-0.19999999999999996,0.19999999999999996,-1.6,1.6,-1.1,1.1
2025-04-27,0.2,0.0,0.0,0.0,20.879166666666666,21.287499999999998,21.375,21.441666666666666,25.6,26.9,26.2,26.6,17.5,17.4,17.7,17.0,7.6,10.8,10.5,11.6,-0.2,0.2,-0.2,0.2,-0.2,0.2
2025-04-28,6.5,5.0,6.8,5.7,19.954166666666666,20.170833333333334,20.420833333333334,20.5125,24.0,22.8,24.6,24.5,18.0,18.1,18.2,17.2,11.8,18.5,13.7,12.9,-1.5,1.5,0.2999999999999998,0.2999999999999998,-0.7999999999999998,0.7999999999999998
2025-04-29,0.30000000000000004,0.2,0.1,0.0,18.05,18.474999999999998,18.287499999999998,18.108333333333334,22.1,22.9,21.4,20.8,15.7,16.2,15.6,15.6,11.2,13.4,14.5,14.2,-0.10000000000000003,0.10000000000000003,-0.20000000000000004,0.20000000000000004,-0.30000000000000004,0.30000000000000004
2025-04-30,0.0,0.0,0.0,0.0,16.779166666666665,17.454166666666666,17.358333333333334,17.45,21.6,22.9,22.6,23.2,14.3,14.6,14.9,14.4,12.4,14.2,14.7,15.6,0.0,0.0,0.0,0.0,0.0,0.0
2025-05-01,0.0,0.0,0.0,0.0,16.708333333333332,17.870833333333334,18.3,18.416666666666668,22.4,23.7,24.4,24.6,13.2,14.3,14.8,14.9,11.8,13.3,13.3,14.1,0.0,0.0,0.0,0.0,0.0,0.0
2025-05-02,0.0,0.0,0.0,0.0,17.791666666666668,18.404166666666665,18.695833333333333,19.14166666666667,23.5,24.3,24.1,25.8,14.3,14.3,15.6,15.6,10.1,12.7,12.5,12.5,0.0,0.0,0.0,0.0,0.0,0.0
2025-05-03,0.0,0.0,0.0,0.0,18.491666666666667,18.545833333333334,18.466666666666665,19.070833333333333,25.5,24.5,25.1,25.3,13.2,12.9,13.0,13.9,10.4,10.0,10.8,11.4,0.0,0.0,0.0,0.0,0.0,0.0
2025-05-04,0.0,0.0,0.0,0.0,18.583333333333332,18.891666666666666,18.95,18.891666666666666,24.5,24.2,24.4,24.0,14.5,14.7,15.2,15.4,10.7,11.3,11.7,12.0,0.0,0.0,0.0,0.0,0.0,0.0
2025-05-05,0.0,0.0,0.0,0.0,18.7,19.8875,19.579166666666666,19.779166666666665,24.4,24.7,24.9,25.3,13.7,16.2,15.2,15.9,8.9,8.4,8.2,7.3,0.0,0.0,0.0,0.0,0.0,0.0
2025-05-06,0.0,0.0,0.0,0.0,19.587500000000002,19.895833333333332,20.4875,20.216666666666665,25.5,24.9,25.5,25.5,14.4,14.8,16.6,16.0,9.0,8.2,7.8,6.7,0.0,0.0,0.0,0.0,0.0,0.0
2025-05-07,0.0,0.0,0.0,0.0,21.079166666666666,20.579166666666666,20.816666666666666,21.120833333333334,28.0,26.0,26.4,26.6,15.4,15.4,15.5,16.0,7.9,7.0,5.9,6.7,0.0,0.0,0.0,0.0,0.0,0.0
2025-05-08,0.0,0.0,0.0,0.0,22.6875,21.3,21.6125,21.445833333333336,29.0,27.0,27.5,27.6,16.0,15.9,15.6,15.4,9.5,9.7,10.3,8.8,0.0,0.0,0.0,0.0,0.0,0.0
2025-05-09,0.0,0.0,0.0,0.0,24.104166666666668,23.133333333333336,22.95,22.912499999999998,29.0,27.8,27.8,27.9,19.3,19.0,18.6,18.8,15.6,18.7,19.3,16.3,0.0,0.0,0.0,0.0,0.0,0.0
2025-05-10,7.8,1.2000000000000002,0.1,4.8,21.679166666666664,22.587500000000002,22.354166666666668,22.46666666666667,27.9,27.4,26.3,28.6,17.1,18.3,19.7,19.1,16.0,13.0,13.9,16.8,-6.6,6.6,-7.7,7.7,-3.0,3.0
2025-05-11,0.5,11.3,0.30000000000000004,10.2,16.675,17.279166666666665,17.4875,17.716666666666665,18.0,18.3,19.5,19.2,15.1,15.7,16.0,16.4,14.3,16.4,14.0,15.3,10.8,10.8,-0.19999999999999996,0.19999999999999996,9.7,9.7
2025-05-12,0.0,0.0,0.0,0.0,16.900000000000002,17.758333333333333,18.233333333333334,17.708333333333332,21.4,21.1,21.7,20.0,14.1,15.7,15.9,16.2,15.0,15.2,16.0,14.5,0.0,0.0,0.0,0.0,0.0,0.0
2025-05-13,0.30000000000000004,0.0,0.2,0.0,17.279166666666665,18.3,18.133333333333333,18.529166666666665,21.9,23.0,22.4,22.6,14.4,15.7,16.0,16.1,10.7,13.8,13.0,13.3,-0.30000000000000004,0.30000000000000004,-0.10000000000000003,0.10000000000000003,-0.30000000000000004,0.30000000000000004
2025-05-14,0.0,0.0,0.0,0.0,16.724999999999998,17.974999999999998,17.808333333333334,17.658333333333335,22.2,22.8,22.7,22.4,12.9,15.0,14.5,14.3,12.8,13.7,14.2,14.4,0.0,0.0,0.0,0.0,0.0,0.0
2025-05-15,0.0,0.0,0.0,0.0,16.816666666666666,17.979166666666668,17.970833333333335,17.408333333333335,22.2,22.6,23.0,22.6,12.1,14.6,14.0,12.5,9.6,10.8,11.6,11.9,0.0,0.0,0.0,0.0,0.0,0.0
2025-05-16,0.0,0.0,0.0,0.0,18.370833333333334,19.045833333333334,19.058333333333334,18.958333333333332,24.9,24.4,24.1,24.2,13.4,14.0,14.3,13.9,10.0,7.4,6.9,7.3,0.0,0.0,0.0,0.0,0.0,0.0
2025-05-17,0.0,0.0,0.0,0.0,19.48333333333333,19.229166666666668,19.529166666666665,20.075,26.5,25.1,25.6,25.5,13.5,13.8,14.8,14.8,8.1,6.0,5.8,6.9,0.0,0.0,0.0,0.0,0.0,0.0
2025-05-18,0.0,0.0,0.0,0.0,20.533333333333335,19.4875,19.224999999999998,20.458333333333332,26.6,25.4,24.5,25.6,14.3,14.2,14.3,15.9,9.8,11.2,11.2,10.4,0.0,0.0,0.0,0.0,0.0,0.0
2025-05-19,0.0,0.0,0.0,0.0,21.120833333333334,19.8,19.545833333333334,19.716666666666665,26.8,26.0,25.3,25.5,14.9,14.0,13.7,14.6,7.6,5.3,6.2,7.4,0.0,0.0,0.0,0.0,0.0,0.0
2025-05-20,0.0,0.0,0.0,0.0,21.104166666666668,19.7375,19.39166666666667,19.641666666666666,26.5,25.4,25.2,25.2,15.1,14.0,14.1,14.5,8.5,11.5,13.8,14.3,0.0,0.0,0.0,0.0,0.0,0.0
2025-05-21,0.30000000000000004,0.0,0.2,0.9,20.604166666666668,20.108333333333334,19.766666666666666,19.337500000000002,26.1,25.6,24.9,23.3,16.5,16.0,16.0,16.7,9.4,8.3,10.0,7.4,-0.30000000000000004,0.30000000000000004,-0.10000000000000003,0.10000000000000003,0.6,0.6
2025-05-22,11.2,4.2,1.5,1.7000000000000002,19.662499999999998,19.645833333333332,18.712500000000002,19.041666666666668,25.5,24.0,22.0,22.4,17.5,16.8,17.2,17.3,9.9,11.4,11.9,12.1,-6.999999999999999,6.999999999999999,-9.7,9.7,-9.5,9.5
2025-05-23,0.8,1.3,0.0,0.0,18.341666666666665,18.662499999999998,18.479166666666668,18.3625,21.1,20.9,21.9,21.7,16.4,17.2,17.0,16.6,11.6,11.5,13.8,12.6,0.5,0.5,-0.8,0.8,-0.8,0.8
2025-05-24,0.8,0.0,1.2,0.0,17.825,18.658333333333335,18.891666666666666,19.016666666666666,22.1,22.5,23.1,24.1,15.3,16.7,16.5,15.8,14.9,12.9,10.9,12.4,-0.8,0.8,0.3999999999999999,0.3999999999999999,-0.8,0.8
2025-05-25,0.0,0.0,0.0,0.0,18.825,19.120833333333334,19.241666666666667,19.983333333333334,25.5,24.4,24.6,24.9,13.2,15.5,15.5,16.4,11.9,8.7,8.0,9.6,0.0,0.0,0.0,0.0,0.0,0.0
2025-05-26,0.0,0.0,0.0,0.0,19.720833333333335,19.787499999999998,19.445833333333333,19.829166666666666,26.0,25.3,25.4,25.5,13.5,14.5,13.7,14.7,9.9,6.3,7.6,5.9,0.0,0.0,0.0,0.0,0.0,0.0
2025-05-27,0.0,0.0,0.0,0.0,20.379166666666666,19.662499999999998,19.795833333333334,19.379166666666666,25.5,24.8,24.5,25.2,15.8,14.9,15.6,14.3,16.7,16.1,16.2,16.6,0.0,0.0,0.0,0.0,0.0,0.0
2025-05-28,0.8,0.0,0.5,0.0,21.033333333333335,20.995833333333334,21.008333333333333,21.325,25.0,24.2,24.1,25.4,18.9,19.1,19.1,18.5,29.4,20.1,20.5,23.2,-0.8,0.8,-0.30000000000000004,0.30000000000000004,-0.8,0.8
2025-05-29,2.0,0.30000000000000004,1.0,0.7,15.4375,15.658333333333333,15.450000000000001,15.85,18.6,19.1,18.9,18.7,11.9,12.8,12.5,12.9,20.9,18.3,17.7,20.2,-1.7,1.7,-1.0,1.0,-1.3,1.3
2025-05-30,0.0,0.0,0.0,0.0,13.508333333333333,13.991666666666667,13.987499999999999,13.85,19.7,20.3,19.3,19.4,8.4,9.2,9.6,9.5,9.9,10.2,9.4,9.2,0.0,0.0,0.0,0.0,0.0,0.0
2025-05-31,0.0,0.0,0.0,0.0,16.775000000000002,16.533333333333335,17.320833333333333,16.091666666666665,23.4,23.2,24.0,23.2,11.9,12.4,12.5,11.0,11.5,12.5,10.7,10.9,0.0,0.0,0.0,0.0,0.0,0.0
2025-06-01,0.1,0.0,0.0,0.0,16.766666666666666,16.875,16.770833333333332,17.541666666666668,23.4,22.8,22.9,24.2,12.4,12.7,11.1,13.5,11.0,12.7,11.1,12.5,-0.1,0.1,-0.1,0.1,-0.1,0.1
2025-06-02,0.0,0.0,0.0,0.0,18.516666666666666,18.291666666666668,18.441666666666666,18.05,23.5,23.4,23.5,23.7,15.6,15.2,15.4,14.6,12.3,10.5,12.6,10.6,0.0,0.0,0.0,0.0,0.0,0.0
2025-06-03,1.8,1.8,0.0,1.9,17.820833333333333,17.433333333333334,17.216666666666665,17.970833333333335,22.6,21.4,21.9,22.9,14.8,14.8,13.5,14.1,10.9,8.5,6.6,12.4,0.0,0.0,-1.8,1.8,0.09999999999999987,0.09999999999999987
2025-06-04,0.0,0.0,0.0,0.0,19.962500000000002,20.125,19.529166666666665,19.825,25.4,26.4,25.8,26.5,14.6,14.5,13.1,14.8,15.8,13.5,14.0,12.5,0.0,0.0,0.0,0.0,0.0,0.0
2025-06-05,4.8,1.4000000000000001,1.3,0.1,19.912499999999998,20.962500000000002,21.191666666666666,20.945833333333333,26.0,26.1,26.4,26.3,16.5,16.4,16.5,15.1,17.2,18.1,18.0,23.0,-3.3999999999999995,3.3999999999999995,-3.5,3.5,-4.7,4.7
2025-06-06,2.2,1.7,1.1,7.300000000000001,17.604166666666668,19.075,19.754166666666666,20.029166666666665,19.5,20.1,21.5,22.4,16.4,17.5,17.6,18.3,9.8,9.2,10.6,10.0,-0.5000000000000002,0.5000000000000002,-1.1,1.1,5.1000000000000005,5.1000000000000005
2025-06-07,0.0,0.6,0.1,0.0,17.575,18.475,18.808333333333334,20.2625,20.7,21.6,23.5,26.0,15.2,16.4,15.5,17.0,8.4,5.1,7.2,8.9,0.6,0.6,0.1,0.1,0.0,0.0
2025-06-08,4.0,6.7,4.4,9.1,17.45,18.058333333333334,17.70416666666667,18.045833333333334,21.9,21.1,21.1,22.5,14.8,15.9,15.3,14.9,15.0,12.3,8.0,9.8,2.7,2.7,0.40000000000000036,0.40000000000000036,5.1,5.1
2025-06-09,8.1,8.1,10.6,2.7,15.583333333333334,16.129166666666666,16.675,17.383333333333333,18.8,17.5,18.0,19.1,14.2,15.1,15.0,15.2,11.4,10.6,9.5,10.1,0.0,0.0,2.5,2.5,-5.3999999999999995,5.3999999999999995
2025-06-10,1.8,0.0,0.0,0.0,14.454166666666666,15.375,15.320833333333333,15.174999999999999,17.3,18.2,18.6,18.0,12.9,13.6,13.1,12.9,9.0,12.1,11.3,11.3,-1.8,1.8,-1.8,1.8,-1.8,1.8
2025-06-11,0.4,0.0,0.0,0.0,12.916666666666666,13.799999999999999,14.004166666666668,14.262500000000001,15.8,17.8,18.1,18.6,10.2,11.0,12.1,11.9,12.7,14.9,15.6,13.4,-0.4,0.4,-0.4,0.4,-0.4,0.4
2025-06-12,0.4,0.0,0.0,0.0,11.6625,12.566666666666668,12.570833333333333,12.641666666666666,14.9,16.1,15.5,15.9,9.8,10.8,10.9,10.7,14.0,15.3,14.8,14.8,-0.4,0.4,-0.4,0.4,-0.4,0.4
2025-06-13,0.0,0.0,0.0,0.0,12.575000000000001,13.370833333333332,13.125,13.320833333333333,17.5,18.8,18.5,19.0,8.9,9.2,9.2,9.3,14.4,13.6,14.8,12.6,0.0,0.0,0.0,0.0,0.0,0.0
2025-06-14,0.0,0.0,0.0,0.0,13.829166666666666,14.829166666666666,14.483333333333334,14.25,20.5,21.2,20.7,20.2,9.1,10.1,9.6,9.4,13.3,8.9,11.4,13.0,0.0,0.0,0.0,0.0,0.0,0.0
2025-06-15,1.0999999999999999,0.0,0.0,0.30000000000000004,15.441666666666668,16.366666666666667,16.650000000000002,15.345833333333333,19.8,21.9,21.8,21.0,12.1,11.8,12.2,11.4,12.8,17.1,13.3,10.8,-1.0999999999999999,1.0999999999999999,-1.0999999999999999,1.0999999999999999,-0.7999999999999998,0.7999999999999998
2025-06-16,0.0,0.0,0.0,0.0,16.704166666666666,17.529166666666665,18.179166666666667,18.079166666666666,22.5,23.1,23.9,24.5,10.9,13.0,13.7,13.3,9.1,6.4,5.3,6.1,0.0,0.0,0.0,0.0,0.0,0.0
2025-06-17,0.0,0.0,0.0,0.0,17.329166666666666,17.9875,17.841666666666665,18.495833333333334,23.8,24.1,23.9,24.5,11.7,12.2,12.8,13.0,9.3,7.4,7.6,11.6,0.0,0.0,0.0,0.0,0.0,0.0
2025-06-18,0.0,0.0,0.0,0.0,17.370833333333334,18.287499999999998,18.1125,17.508333333333333,22.6,24.5,24.1,23.4,11.8,12.3,12.1,10.3,12.9,13.8,14.7,13.8,0.0,0.0,0.0,0.0,0.0,0.0
2025-06-19,0.0,0.0,0.0,0.0,18.891666666666666,18.537499999999998,19.254166666666666,18.733333333333334,24.9,25.6,25.4,24.8,13.0,12.5,14.0,14.2,8.4,13.5,13.0,9.7,0.0,0.0,0.0,0.0,0.0,0.0
2025-06-20,0.0,0.0,0.0,0.0,19.087500000000002,18.933333333333334,18.533333333333335,19.783333333333335,24.9,26.0,25.8,25.7,12.5,11.4,11.1,14.7,13.9,15.6,15.4,14.8,0.0,0.0,0.0,0.0,0.0,0.0
2025-06-21,2.8,0.0,0.5,0.0,18.720833333333335,19.445833333333333,19.1125,18.004166666666666,23.2,23.6,24.2,23.2,16.0,16.5,15.7,14.0,14.1,14.4,14.1,10.2,-2.8,2.8,-2.3,2.3,-2.8,2.8
2025-06-22,1.3,0.1,0.0,0.5,19.208333333333332,19.566666666666666,19.479166666666668,18.358333333333334,23.5,24.6,25.0,22.3,16.0,15.9,15.3,14.4,11.9,10.7,12.9,7.3,-1.2,1.2,-1.3,1.3,-0.8,0.8
2025-06-23,7.9,12.2,6.7,20.9,19.295833333333334,20.212500000000002,20.070833333333333,19.270833333333332,24.6,26.2,25.7,26.0,16.9,17.0,17.1,16.6,23.7,21.2,19.9,26.4,4.299999999999999,4.299999999999999,-1.2000000000000002,1.2000000000000002,12.999999999999998,12.999999999999998
2025-06-24,4.6,6.5,10.9,14.4,13.483333333333334,15.3375,14.200000000000001,13.070833333333333,16.7,18.0,18.3,17.0,7.8,11.7,9.8,10.0,16.9,14.9,19.1,17.2,1.9000000000000004,1.9000000000000004,6.300000000000001,6.300000000000001,9.8,9.8
2025-06-25,0.0,0.0,0.0,0.0,11.0,12.991666666666667,12.65,12.070833333333333,17.1,18.3,17.9,18.0,5.4,8.8,8.0,7.1,10.7,9.6,9.4,9.2,0.0,0.0,0.0,0.0,0.0,0.0
2025-06-26,0.0,0.0,0.0,0.0,17.791666666666668,17.3625,17.400000000000002,17.245833333333334,24.9,25.3,24.2,25.2,10.7,10.4,11.2,10.2,15.7,15.5,13.8,16.7,0.0,0.0,0.0,0.0,0.0,0.0
2025-06-27,7.6000000000000005,5.4,1.9,1.9,18.241666666666667,18.341666666666665,18.837500000000002,19.129166666666666,23.6,23.3,23.8,23.5,15.7,15.6,16.5,17.1,13.5,10.6,10.6,9.6,-2.2,2.2,-5.700000000000001,5.700000000000001,-5.700000000000001,5.700000000000001
2025-06-28,0.0,0.0,0.0,0.0,18.979166666666668,20.108333333333334,20.404166666666665,19.525000000000002,24.9,25.3,26.4,25.1,15.4,16.8,16.9,16.4,12.3,9.8,9.4,8.4,0.0,0.0,0.0,0.0,0.0,0.0
2025-06-29,0.0,0.0,0.0,0.0,21.016666666666666,21.229166666666668,20.666666666666668,20.833333333333332,25.4,25.9,25.0,26.0,17.7,17.4,17.4,17.2,21.4,22.1,21.4,22.2,0.0,0.0,0.0,0.0,0.0,0.0
2025-06-30,0.1,0.1,0.2,0.0,16.991666666666667,17.283333333333335,17.570833333333333,16.870833333333334,21.6,22.1,22.0,21.2,14.8,15.1,15.0,15.2,13.2,12.9,12.8,12.6,0.0,0.0,0.1,0.1,-0.1,0.1
2025-07-01,0.4,0.0,0.0,0.0,13.629166666666668,14.549999999999999,14.387500000000001,14.070833333333333,14.9,15.1,15.0,15.2,11.4,13.3,13.7,12.4,11.6,13.4,12.1,12.8,-0.4,0.4,-0.4,0.4,-0.4,0.4
2025-07-02,0.6000000000000001,0.0,0.0,0.0,11.3375,12.616666666666667,13.029166666666667,12.4,12.5,13.4,13.6,13.5,10.6,11.4,12.2,11.4,12.0,13.9,13.6,12.3,-0.6000000000000001,0.6000000000000001,-0.6000000000000001,0.6000000000000001,-0.6000000000000001,0.6000000000000001
2025-07-03,2.0,0.0,0.1,5.6,11.979166666666666,12.366666666666667,13.016666666666666,13.333333333333334,14.2,13.1,13.8,14.4,10.6,11.3,11.9,12.7,10.6,13.0,13.7,11.9,-2.0,2.0,-1.9,1.9,3.5999999999999996,3.5999999999999996
2025-07-04,0.4,0.0,0.0,1.4,13.762500000000001,14.391666666666666,14.15,14.379166666666668,18.5,19.2,18.5,18.8,11.8,12.2,11.9,12.0,11.2,14.1,13.1,12.9,-0.4,0.4,-0.4,0.4,0.9999999999999999,0.9999999999999999
2025-07-05,0.0,0.0,0.0,0.0,14.758333333333333,14.470833333333333,14.454166666666666,14.183333333333332,20.4,20.4,20.7,20.9,11.2,9.9,9.6,9.3,8.4,7.9,8.7,9.0,0.0,0.0,0.0,0.0,0.0,0.0
2025-07-06,0.0,0.0,0.0,0.0,13.620833333333332,13.950000000000001,13.762500000000001,14.345833333333333,19.3,19.0,19.1,19.9,10.1,10.4,9.5,10.9,12.7,11.9,11.2,11.6,0.0,0.0,0.0,0.0,0.0,0.0
2025-07-07,0.0,0.0,0.0,0.0,14.079166666666666,14.791666666666666,15.1625,15.15,19.5,19.4,20.9,21.2,10.6,12.3,12.0,10.7,9.9,10.3,12.1,9.5,0.0,0.0,0.0,0.0,0.0,0.0
2025-07-08,0.0,0.0,0.0,0.0,15.920833333333334,14.816666666666668,15.083333333333334,15.5875,22.2,22.3,22.0,22.6,11.4,9.9,10.6,10.9,11.8,10.8,9.6,12.1,0.0,0.0,0.0,0.0,0.0,0.0
2025-07-09,0.0,0.0,0.0,0.0,13.854166666666666,13.904166666666667,13.954166666666666,13.879166666666665,20.0,19.0,18.9,19.0,9.1,10.6,10.4,10.5,12.2,13.8,12.8,13.8,0.0,0.0,0.0,0.0,0.0,0.0
2025-07-10,0.0,0.0,0.0,0.0,15.200000000000001,14.924999999999999,15.308333333333332,14.966666666666667,21.4,20.5,20.9,20.7,11.6,11.1,12.5,11.5,12.0,13.1,12.8,12.3,0.0,0.0,0.0,0.0,0.0,0.0
2025-07-11,0.1,0.0,0.0,0.0,16.6125,16.462500000000002,16.400000000000002,16.595833333333335,22.0,21.4,22.0,22.7,12.1,13.2,13.0,13.0,9.1,10.0,10.8,11.3,-0.1,0.1,-0.1,0.1,-0.1,0.1
2025-07-12,0.0,0.0,0.0,0.0,17.620833333333334,16.425,16.6125,16.583333333333332,22.9,21.8,21.4,22.2,13.6,13.1,13.4,12.6,13.1,11.3,12.1,12.4,0.0,0.0,0.0,0.0,0.0,0.0
2025-07-13,0.0,0.0,0.0,0.0,16.8875,16.495833333333334,16.641666666666666,16.429166666666667,22.5,20.8,21.1,21.4,14.0,14.2,14.3,13.0,12.1,9.3,9.8,11.3,0.0,0.0,0.0,0.0,0.0,0.0
2025-07-14,0.0,0.0,0.1,0.0,15.85,16.366666666666667,17.120833333333334,17.05,21.8,22.2,22.4,22.6,11.6,12.4,13.8,13.7,11.0,10.5,8.0,8.9,0.0,0.0,0.1,0.1,0.0,0.0
2025-07-15,0.0,0.0,0.0,0.0,15.908333333333333,15.758333333333333,15.637500000000001,16.520833333333332,22.5,22.5,22.9,23.1,9.3,9.5,10.1,11.3,8.5,7.1,10.0,8.4,0.0,0.0,0.0,0.0,0.0,0.0
2025-07-16,0.0,0.0,0.0,0.0,16.6875,16.933333333333334,16.625,16.954166666666666,22.9,23.5,23.2,24.7,10.9,11.5,10.9,11.7,9.2,10.7,9.5,9.4,0.0,0.0,0.0,0.0,0.0,0.0
2025-07-17,0.0,0.0,0.0,0.0,17.587500000000002,17.270833333333332,17.608333333333334,17.883333333333333,23.8,24.7,24.7,24.9,10.4,10.5,10.8,11.2,13.4,17.1,17.3,15.9,0.0,0.0,0.0,0.0,0.0,0.0
2025-07-18,0.0,0.0,0.0,0.0,18.125,17.558333333333334,17.979166666666668,17.791666666666668,24.0,24.2,25.3,24.0,13.6,12.8,12.9,12.9,20.2,17.1,21.1,17.6,0.0,0.0,0.0,0.0,0.0,0.0
2025-07-19,0.0,0.0,0.0,0.0,14.408333333333333,14.2125,14.529166666666667,14.708333333333334,20.5,20.1,20.4,19.9,10.2,10.5,10.6,11.3,9.3,10.0,11.1,12.0,0.0,0.0,0.0,0.0,0.0,0.0
2025-07-20,0.0,0.0,0.0,0.0,14.254166666666668,14.916666666666666,14.858333333333334,15.116666666666667,21.2,21.1,21.1,21.2,9.2,11.3,10.5,11.1,9.4,9.5,8.9,10.3,0.0,0.0,0.0,0.0,0.0,0.0
2025-07-21,0.0,0.0,0.0,0.0,17.095833333333335,16.541666666666668,16.666666666666668,17.408333333333335,24.9,24.6,25.5,26.0,11.6,11.3,10.8,11.9,10.6,6.6,7.9,11.0,0.0,0.0,0.0,0.0,0.0,0.0
2025-07-22,0.0,0.0,0.0,0.0,18.770833333333332,17.929166666666667,17.258333333333333,18.05,25.2,24.9,25.1,26.1,13.3,13.4,12.5,12.6,13.7,13.2,13.5,12.5,0.0,0.0,0.0,0.0,0.0,0.0
2025-07-23,0.0,0.0,0.0,0.0,16.729166666666668,15.3375,15.533333333333333,14.983333333333334,21.5,21.8,22.2,21.1,12.9,10.0,10.6,9.8,10.1,13.4,14.4,13.7,0.0,0.0,0.0,0.0,0.0,0.0
2025-07-24,0.1,0.0,0.0,0.0,16.016666666666666,16.129166666666666,16.141666666666666,15.4375,22.0,21.1,20.6,18.8,12.5,13.2,13.1,12.5,13.8,13.0,14.0,16.0,-0.1,0.1,-0.1,0.1,-0.1,0.1
2025-07-25,5.1,2.1,0.30000000000000004,0.0,15.791666666666666,17.120833333333334,17.216666666666665,16.766666666666666,18.6,22.2,21.0,21.6,13.6,14.1,14.1,13.6,8.6,9.2,7.0,9.9,-2.9999999999999996,2.9999999999999996,-4.8,4.8,-5.1,5.1
2025-07-26,0.0,0.0,0.0,0.0,17.429166666666667,18.033333333333335,19.291666666666668,19.104166666666668,23.8,24.7,26.2,26.2,12.4,13.7,13.0,12.9,8.4,3.8,7.8,6.6,0.0,0.0,0.0,0.0,0.0,0.0
2025-07-27,0.0,0.0,0.0,0.0,19.804166666666667,19.604166666666668,21.116666666666667,21.55,26.5,26.4,28.0,28.4,12.6,13.0,15.9,15.1,15.7,15.1,16.3,17.4,0.0,0.0,0.0,0.0,0.0,0.0
2025-07-28,1.7000000000000002,0.1,0.0,0.5,20.191666666666666,20.775000000000002,20.625,20.108333333333334,23.2,25.3,25.2,23.5,17.2,17.3,17.1,16.6,30.4,28.8,29.0,23.4,-1.6,1.6,-1.7000000000000002,1.7000000000000002,-1.2000000000000002,1.2000000000000002
2025-07-29,0.1,0.0,0.0,0.0,14.387500000000001,14.220833333333333,14.229166666666666,14.3375,18.8,18.1,19.0,18.3,10.5,10.6,10.7,10.9,14.5,10.0,11.6,12.1,-0.1,0.1,-0.1,0.1,-0.1,0.1
2025-07-30,0.0,0.0,0.0,0.0,11.429166666666667,11.85,11.620833333333332,12.108333333333334,16.4,16.6,15.4,17.0,7.6,8.4,8.6,8.7,9.9,10.9,11.0,11.9,0.0,0.0,0.0,0.0,0.0,0.0
2025-07-31,0.0,0.0,0.0,0.0,12.637500000000001,12.845833333333333,12.916666666666666,12.666666666666666,19.8,18.8,19.2,18.5,6.9,8.3,8.2,8.2,10.8,13.7,12.3,14.4,0.0,0.0,0.0,0.0,0.0,0.0
2025-08-01,0.0,0.0,0.0,0.0,15.758333333333333,15.920833333333334,16.104166666666668,16.091666666666665,23.7,23.7,24.4,24.2,9.2,10.0,10.5,10.0,11.1,7.3,6.8,6.2,0.0,0.0,0.0,0.0,0.0,0.0
2025-08-02,0.0,0.0,0.0,0.0,18.287499999999998,18.912499999999998,18.329166666666666,18.474999999999998,26.3,26.2,25.7,26.2,10.5,12.1,11.1,10.6,8.8,9.0,8.8,10.3,0.0,0.0,0.0,0.0,0.0,0.0
2025-08-03,0.0,0.0,0.0,0.0,18.925,18.858333333333334,18.3875,18.008333333333333,25.2,26.2,25.9,25.4,12.1,11.6,11.2,10.7,14.8,15.5,14.5,14.7,0.0,0.0,0.0,0.0,0.0,0.0
2025-08-04,0.0,0.0,0.0,0.0,17.229166666666668,17.704166666666666,17.754166666666666,17.854166666666668,22.5,23.4,24.3,23.4,12.4,12.2,12.5,12.9,9.4,8.7,9.9,9.2,0.0,0.0,0.0,0.0,0.0,0.0
2025-08-05,0.8,0.7,0.6,1.7,15.916666666666666,15.341666666666667,15.483333333333334,15.241666666666667,20.0,19.0,16.9,17.4,13.4,13.2,14.1,13.7,12.3,13.2,11.5,11.9,-0.10000000000000009,0.10000000000000009,-0.20000000000000007,0.20000000000000007,0.8999999999999999,0.8999999999999999
2025-08-06,0.5,0.0,0.0,0.0,15.454166666666666,15.158333333333333,15.654166666666667,16.058333333333334,18.9,18.7,19.4,19.2,13.6,13.2,13.9,14.3,12.8,14.0,13.6,13.4,-0.5,0.5,-0.5,0.5,-0.5,0.5
2025-08-07,0.0,0.0,0.0,0.8,17.579166666666666,17.037499999999998,17.287499999999998,17.241666666666667,25.2,24.2,24.7,23.1,12.7,12.1,13.5,13.8,10.0,10.7,9.5,10.2,0.0,0.0,0.0,0.0,0.8,0.8
2025-08-08,6.6000000000000005,6.2,4.0,0.8,17.891666666666666,18.645833333333332,17.8,18.275000000000002,25.3,25.6,24.8,26.2,12.4,14.3,14.4,13.7,21.0,17.3,16.3,18.3,-0.40000000000000036,0.40000000000000036,-2.6000000000000005,2.6000000000000005,-5.800000000000001,5.800000000000001
2025-08-09,2.3000000000000003,3.0,3.1999999999999997,1.4,14.125,14.125,13.8125,14.549999999999999,18.2,19.1,16.1,19.1,10.1,10.2,10.4,10.0,15.4,13.7,13.7,12.9,0.6999999999999997,0.6999999999999997,0.8999999999999995,0.8999999999999995,-0.9000000000000004,0.9000000000000004
2025-08-10,0.5,0.0,0.0,0.0,11.275,11.504166666666668,11.825000000000001,11.595833333333333,15.1,15.2,15.4,16.1,8.8,9.0,9.1,9.0,11.0,14.9,15.9,14.3,-0.5,0.5,-0.5,0.5,-0.5,0.5
2025-08-11,0.0,0.0,0.0,0.0,11.275,12.25,12.3375,12.008333333333333,17.1,17.1,16.6,17.0,7.2,9.5,9.8,8.7,13.0,13.4,13.9,14.4,0.0,0.0,0.0,0.0,0.0,0.0
2025-08-12,0.0,0.0,0.0,0.0,13.245833333333332,13.308333333333332,13.433333333333332,13.875,19.4,19.5,19.8,20.3,10.1,9.3,9.6,10.5,10.1,10.7,10.4,12.0,0.0,0.0,0.0,0.0,0.0,0.0
2025-08-13,0.0,0.0,0.0,0.0,16.641666666666666,15.424999999999999,15.762500000000001,15.799999999999999,24.9,24.4,24.6,24.7,9.6,9.5,9.8,10.2,10.3,10.3,9.4,9.0,0.0,0.0,0.0,0.0,0.0,0.0
2025-08-14,0.0,0.0,0.0,0.0,14.625,13.775,13.799999999999999,13.558333333333332,19.1,18.6,18.3,17.6,11.7,9.3,9.9,10.2,13.0,17.3,16.7,16.8,0.0,0.0,0.0,0.0,0.0,0.0
2025-08-15,0.0,0.0,0.0,0.0,14.829166666666666,14.970833333333333,14.791666666666666,14.533333333333333,20.6,20.1,18.9,18.4,10.6,12.5,12.7,12.8,14.4,15.7,16.0,16.4,0.0,0.0,0.0,0.0,0.0,0.0
2025-08-16,0.0,0.0,0.0,0.0,16.349999999999998,16.162499999999998,15.954166666666666,16.520833333333332,23.4,21.8,20.1,23.1,12.8,12.5,13.2,13.2,12.2,12.9,13.4,14.7,0.0,0.0,0.0,0.0,0.0,0.0
2025-08-17,0.0,0.0,0.0,0.0,17.925,17.841666666666665,17.712500000000002,17.4375,25.5,24.4,25.6,26.0,13.6,13.9,13.9,13.5,8.9,13.1,13.0,13.7,0.0,0.0,0.0,0.0,0.0,0.0
2025-08-18,0.0,0.0,0.0,0.0,16.716666666666665,16.645833333333332,16.954166666666666,17.3125,23.6,22.2,22.9,23.6,12.5,12.2,13.1,13.5,13.6,14.5,14.5,13.4,0.0,0.0,0.0,0.0,0.0,0.0
2025-08-19,0.0,0.0,0.0,0.0,18.55,18.279166666666665,18.345833333333335,19.224999999999998,26.8,23.9,25.2,26.2,12.5,13.8,14.1,14.6,13.9,9.5,10.9,10.7,0.0,0.0,0.0,0.0,0.0,0.0
2025-08-20,0.1,0.1,0.4,0.2,22.445833333333336,22.425,22.474999999999998,22.03333333333333,28.8,28.4,29.7,27.8,16.5,17.3,17.2,18.4,15.0,12.1,15.3,12.3,0.0,0.0,0.30000000000000004,0.30000000000000004,0.1,0.1
2025-08-21,0.4,0.0,0.0,0.0,23.066666666666666,22.495833333333334,22.90416666666667,22.983333333333334,29.8,29.7,30.0,30.2,18.4,18.3,18.9,19.2,12.3,10.8,11.1,13.7,-0.4,0.4,-0.4,0.4,-0.4,0.4
2025-08-22,0.0,0.0,0.0,0.0,24.162499999999998,23.879166666666666,23.570833333333336,24.270833333333332,31.0,31.6,31.3,32.0,17.5,17.8,17.4,18.1,11.0,7.9,10.1,9.7,0.0,0.0,0.0,0.0,0.0,0.0
2025-08-23,0.0,0.0,0.0,0.0,24.958333333333332,24.670833333333334,24.09166666666667,24.116666666666664,31.2,31.0,30.2,30.5,19.1,18.3,17.5,18.2,16.0,15.8,15.1,17.4,0.0,0.0,0.0,0.0,0.0,0.0
2025-08-24,0.1,0.0,0.0,0.0,18.14166666666667,17.7625,18.116666666666667,17.912499999999998,21.7,22.8,22.6,25.6,14.9,15.5,15.7,15.1,13.6,14.0,14.5,13.8,-0.1,0.1,-0.1,0.1,-0.1,0.1
2025-08-25,0.0,0.0,0.0,0.1,18.179166666666667,18.033333333333335,18.558333333333334,19.354166666666668,28.2,25.9,26.0,28.1,14.2,14.3,14.6,15.2,13.3,14.0,15.6,12.6,0.0,0.0,0.0,0.0,0.1,0.1
2025-08-26,3.5,16.2,4.2,0.8,16.833333333333332,17.095833333333335,17.3625,18.283333333333335,23.0,21.1,22.7,24.1,13.6,14.5,15.6,16.2,11.9,16.3,15.4,14.2,12.7,12.7,0.7000000000000002,0.7000000000000002,-2.7,2.7
2025-08-27,5.0,1.7,4.2,0.4,16.9375,18.416666666666668,18.154166666666665,18.470833333333335,21.5,24.6,23.9,25.7,14.1,16.0,15.9,15.3,11.6,13.2,13.1,13.8,-3.3,3.3,-0.7999999999999998,0.7999999999999998,-4.6,4.6
2025-08-28,0.5,0.0,0.0,0.0,17.474999999999998,17.804166666666667,18.583333333333332,18.958333333333332,24.0,22.8,24.8,25.6,15.0,16.1,16.0,15.8,14.4,12.6,13.7,13.2,-0.5,0.5,-0.5,0.5,-0.5,0.5
2025-08-29,8.799999999999999,6.2,3.3000000000000003,3.7,16.579166666666666,17.879166666666666,17.962500000000002,18.195833333333333,21.2,22.4,21.2,22.1,13.9,15.8,15.7,15.4,9.4,10.4,8.9,8.5,-2.5999999999999988,2.5999999999999988,-5.499999999999998,5.499999999999998,-5.099999999999999,5.099999999999999
2025-08-30,0.30000000000000004,0.1,0.0,0.0,17.279166666666665,18.670833333333334,18.820833333333333,18.787499999999998,22.5,24.2,24.1,24.9,14.6,16.1,16.3,15.5,12.6,15.0,13.7,13.8,-0.20000000000000004,0.20000000000000004,-0.30000000000000004,0.30000000000000004,-0.30000000000000004,0.30000000000000004
2025-08-31,0.0,0.0,0.0,0.0,17.291666666666668,18.570833333333333,19.154166666666665,19.145833333333332,24.2,24.5,25.1,25.3,13.2,14.8,15.6,15.3,13.5,14.5,14.6,14.8,0.0,0.0,0.0,0.0,0.0,0.0
2025-09-01,0.2,0.0,0.0,0.0,18.645833333333332,19.308333333333334,19.55,19.7,24.7,25.7,25.9,25.8,15.0,15.5,15.8,16.0,15.4,14.5,14.8,15.2,-0.2,0.2,-0.2,0.2,-0.2,0.2
2025-09-02,2.2,0.0,0.0,0.1,19.754166666666666,20.099999999999998,19.991666666666667,20.329166666666666,25.0,25.9,25.9,26.2,15.4,16.7,16.6,16.4,14.1,10.9,11.5,10.8,-2.2,2.2,-2.2,2.2,-2.1,2.1
2025-09-03,0.0,0.0,0.0,0.0,20.383333333333333,21.420833333333334,21.291666666666668,21.558333333333334,27.3,27.8,27.5,27.6,14.4,16.0,16.4,16.3,13.3,8.9,9.8,10.8,0.0,0.0,0.0,0.0,0.0,0.0
2025-09-04,0.0,0.0,0.0,0.0,21.224999999999998,22.729166666666668,22.2625,22.2625,27.7,28.6,28.5,28.0,14.4,17.2,16.4,16.6,10.2,12.0,11.6,13.1,0.0,0.0,0.0,0.0,0.0,0.0
2025-09-05,0.0,0.0,0.0,0.0,20.154166666666665,19.979166666666668,20.058333333333334,19.816666666666666,30.2,27.0,28.5,25.0,15.2,15.8,15.8,16.4,12.4,16.7,16.5,15.0,0.0,0.0,0.0,0.0,0.0,0.0
2025-09-06,0.30000000000000004,0.0,0.0,0.1,16.245833333333334,15.958333333333334,16.0,16.995833333333334,18.5,17.7,17.6,19.7,14.9,14.2,14.8,15.8,13.6,15.1,13.8,14.2,-0.30000000000000004,0.30000000000000004,-0.30000000000000004,0.30000000000000004,-0.20000000000000004,0.20000000000000004
2025-09-07,0.30000000000000004,0.0,0.0,0.0,17.033333333333335,17.866666666666667,17.775000000000002,17.220833333333335,21.0,23.5,22.8,20.7,14.7,15.3,15.2,15.1,12.5,13.9,13.7,13.1,-0.30000000000000004,0.30000000000000004,-0.30000000000000004,0.30000000000000004,-0.30000000000000004,0.30000000000000004
2025-09-08,0.0,0.0,0.0,0.0,21.3125,21.141666666666666,21.120833333333334,21.45,29.2,28.3,28.6,28.8,15.4,16.5,16.6,16.5,12.0,10.9,12.0,10.7,0.0,0.0,0.0,0.0,0.0,0.0
2025-09-09,0.0,0.0,0.0,0.0,22.804166666666664,24.145833333333332,24.34166666666667,24.212500000000002,26.5,30.9,31.9,31.0,19.2,18.1,18.0,18.3,30.4,22.1,24.0,23.3,0.0,0.0,0.0,0.0,0.0,0.0
2025-09-10,0.0,0.0,0.0,0.0,19.116666666666667,18.833333333333332,19.075,19.341666666666665,26.6,26.3,26.4,27.1,14.1,15.2,14.4,14.8,11.4,14.3,13.2,13.7,0.0,0.0,0.0,0.0,0.0,0.0
2025-09-11,0.0,0.0,0.0,0.0,19.604166666666668,20.241666666666667,19.329166666666666,20.154166666666665,30.2,30.8,29.3,31.3,11.4,12.3,11.9,12.4,9.6,14.1,10.2,11.7,0.0,0.0,0.0,0.0,0.0,0.0
2025-09-12,0.0,0.0,0.0,0.0,16.966666666666665,17.104166666666668,16.8625,16.416666666666668,21.9,21.8,22.1,20.9,13.6,13.9,13.7,12.8,13.5,16.9,18.1,16.0,0.0,0.0,0.0,0.0,0.0,0.0
2025-09-13,0.0,0.0,0.0,0.0,16.133333333333333,16.708333333333332,16.395833333333332,15.65,22.8,22.3,20.1,20.6,12.2,14.1,13.8,13.2,15.3,17.9,16.8,18.0,0.0,0.0,0.0,0.0,0.0,0.0
2025-09-14,0.0,0.0,0.0,0.0,17.233333333333334,17.416666666666668,17.037499999999998,17.279166666666665,25.5,24.5,24.0,25.4,13.6,13.9,13.3,13.2,15.7,15.4,15.7,16.3,0.0,0.0,0.0,0.0,0.0,0.0
2025-09-15,0.0,0.0,0.0,0.0,18.741666666666667,18.6125,18.654166666666665,18.408333333333335,28.2,25.7,26.1,26.6,14.1,14.3,14.5,13.1,12.9,13.1,13.4,13.7,0.0,0.0,0.0,0.0,0.0,0.0
2025-09-16,1.5,1.9000000000000001,1.0,0.4,19.720833333333335,20.5,18.933333333333334,18.7625,25.9,27.9,24.7,24.0,14.9,15.9,15.0,15.0,19.2,13.8,10.7,9.7,0.40000000000000013,0.40000000000000013,-0.5,0.5,-1.1,1.1
2025-09-17,0.1,0.0,0.0,0.0,18.337500000000002,18.816666666666666,18.8125,18.520833333333332,23.9,25.0,24.1,23.6,15.4,15.6,15.7,15.7,16.3,15.1,17.1,17.4,-0.1,0.1,-0.1,0.1,-0.1,0.1
2025-09-18,0.0,0.0,0.0,0.0,18.170833333333334,18.820833333333333,19.070833333333333,19.008333333333333,24.5,24.4,26.5,25.2,14.5,16.0,14.6,15.7,12.6,13.3,11.8,15.7,0.0,0.0,0.0,0.0,0.0,0.0
2025-09-19,0.0,0.0,0.0,0.0,21.804166666666664,21.383333333333336,22.233333333333334,23.2625,31.1,29.9,31.5,33.1,14.8,15.7,15.6,16.0,13.5,9.7,12.1,16.9,0.0,0.0,0.0,0.0,0.0,0.0
2025-09-20,0.0,0.0,0.2,0.6000000000000001,25.224999999999998,24.21666666666667,24.7,25.016666666666666,31.1,32.0,30.8,31.7,19.9,17.5,19.3,19.3,15.6,15.4,13.5,17.6,0.0,0.0,0.2,0.2,0.6000000000000001,0.6000000000000001
2025-09-21,0.30000000000000004,0.30000000000000004,0.0,0.0,26.21666666666667,26.5125,25.875,26.979166666666668,33.0,33.0,32.9,33.6,20.5,21.0,20.7,21.3,24.6,21.8,23.6,20.5,0.0,0.0,-0.30000000000000004,0.30000000000000004,-0.30000000000000004,0.30000000000000004
2025-09-22,9.1,19.5,22.9,35.8,21.566666666666666,24.370833333333334,23.458333333333332,23.629166666666666,24.6,29.9,28.2,28.2,18.3,16.8,17.1,16.7,26.8,28.3,27.6,30.4,10.4,10.4,13.799999999999999,13.799999999999999,26.699999999999996,26.699999999999996
2025-09-23,3.1,0.0,0.0,0.0,15.9,17.220833333333335,17.633333333333333,16.891666666666666,19.4,21.6,22.2,21.5,13.1,14.6,14.6,14.4,13.6,12.3,15.5,15.9,-3.1,3.1,-3.1,3.1,-3.1,3.1
2025-09-24,0.5,0.1,0.0,0.1,15.504166666666668,16.258333333333333,16.795833333333334,16.275000000000002,19.2,19.5,20.3,18.7,13.4,14.1,13.9,14.2,16.5,15.5,13.0,15.0,-0.4,0.4,-0.5,0.5,-0.4,0.4
2025-09-25,0.2,0.0,0.0,0.0,14.516666666666666,15.279166666666667,15.137500000000001,14.762500000000001,17.0,17.6,16.2,15.8,13.0,13.8,14.2,13.9,17.4,17.1,14.5,13.5,-0.2,0.2,-0.2,0.2,-0.2,0.2
2025-09-26,0.5,0.0,0.0,0.1,14.258333333333333,15.129166666666668,15.166666666666666,15.316666666666668,18.0,18.9,19.6,20.2,12.1,12.7,12.5,12.8,17.2,16.6,15.1,14.3,-0.5,0.5,-0.5,0.5,-0.4,0.4
2025-09-27,0.0,0.0,0.0,0.0,16.037499999999998,16.091666666666665,16.2375,16.483333333333334,24.0,23.3,23.3,23.6,10.1,11.5,12.1,12.3,14.7,14.0,12.8,12.8,0.0,0.0,0.0,0.0,0.0,0.0
2025-09-28,0.0,0.1,0.2,0.30000000000000004,19.537499999999998,19.633333333333333,18.55,19.116666666666667,29.6,29.2,27.1,26.9,11.4,12.6,11.7,13.2,12.5,13.0,11.9,11.8,0.1,0.1,0.2,0.2,0.30000000000000004,0.30000000000000004
2025-09-29,0.0,0.0,0.0,0.0,22.083333333333332,21.787499999999998,21.729166666666668,21.929166666666664,30.1,29.0,29.6,29.5,15.7,17.6,17.2,17.4,12.8,13.8,15.0,12.2,0.0,0.0,0.0,0.0,0.0,0.0
2025-09-30,0.0,0.0,0.0,0.0,24.09166666666667,22.829166666666666,21.59583333333333,22.766666666666666,33.0,32.0,30.8,32.4,16.4,15.9,15.9,16.0,13.2,13.2,12.8,10.9,0.0,0.0,0.0,0.0,0.0,0.0
2025-10-01,0.4,0.0,0.0,0.0,21.220833333333335,22.545833333333334,21.8,22.037499999999998,28.2,30.8,30.1,30.6,16.4,17.5,16.2,17.3,12.0,13.0,16.0,15.0,-0.4,0.4,-0.4,0.4,-0.4,0.4
2025-10-02,0.0,0.6,0.2,0.0,19.9125,20.016666666666666,20.166666666666668,20.058333333333334,26.6,28.0,28.8,25.3,16.6,15.9,15.8,16.9,12.7,12.0,14.9,15.6,0.6,0.6,0.2,0.2,0.0,0.0
2025-10-03,2.8,5.7,4.1,0.0,21.095833333333335,21.40416666666667,21.208333333333332,21.175,28.5,30.0,30.0,29.6,16.9,16.6,16.1,15.7,12.5,13.8,12.0,12.0,2.9000000000000004,2.9000000000000004,1.2999999999999998,1.2999999999999998,-2.8,2.8
2025-10-04,2.7,1.7,0.0,1.0,20.104166666666668,21.575,22.320833333333336,21.858333333333334,23.9,26.6,28.9,30.2,17.4,17.8,18.3,17.9,10.4,9.4,9.6,12.2,-1.0000000000000002,1.0000000000000002,-2.7,2.7,-1.7000000000000002,1.7000000000000002
2025-10-05,0.0,0.0,0.0,0.0,24.504166666666666,24.2,24.791666666666668,25.40833333333333,30.7,29.8,31.5,32.7,18.1,18.6,18.2,19.5,9.6,9.3,9.9,9.0,0.0,0.0,0.0,0.0,0.0,0.0
2025-10-06,0.0,0.0,0.0,0.0,27.52916666666667,26.770833333333332,26.77916666666667,27.22083333333333,33.8,34.5,33.8,34.5,20.5,18.8,18.6,18.5,12.4,14.1,11.1,12.6,0.0,0.0,0.0,0.0,0.0,0.0
2025-10-07,1.0,0.8,1.1,1.8,19.029166666666665,19.466666666666665,19.175,18.841666666666665,22.8,26.8,26.5,27.2,15.5,15.6,15.5,15.1,19.8,19.2,18.7,18.8,-0.19999999999999996,0.19999999999999996,0.10000000000000009,0.10000000000000009,0.8,0.8
2025-10-08,13.8,4.0,4.3,1.8,15.458333333333334,15.579166666666666,16.1375,15.304166666666667,18.5,17.8,18.8,17.2,13.6,13.9,14.6,13.6,16.9,17.8,16.9,18.5,-9.8,9.8,-9.5,9.5,-12.0,12.0
2025-10-09,1.0,3.2,24.3,20.5,16.454166666666666,15.308333333333332,15.066666666666668,14.9125,22.5,18.2,18.6,17.5,12.6,13.4,13.1,13.2,19.6,17.9,16.2,16.3,2.2,2.2,23.3,23.3,19.5,19.5
2025-10-10,18.5,34.8,9.4,10.5,17.070833333333333,16.170833333333334,16.029166666666665,16.383333333333333,22.5,20.3,19.2,20.0,14.4,14.1,14.1,13.8,13.2,12.8,12.0,12.8,16.299999999999997,16.299999999999997,-9.1,9.1,-8.0,8.0
2025-10-11,6.6,2.4000000000000004,1.3,1.1,18.7375,19.154166666666665,18.466666666666665,18.5,24.6,25.5,23.0,23.1,14.6,15.0,14.6,15.2,8.3,9.7,9.9,11.2,-4.199999999999999,4.199999999999999,-5.3,5.3,-5.5,5.5
2025-10-12,2.4,0.0,2.0,2.5,21.516666666666666,22.141666666666666,21.379166666666666,21.004166666666666,28.5,28.5,28.2,28.1,16.4,16.3,16.5,16.3,13.8,10.8,14.1,14.7,-2.4,2.4,-0.3999999999999999,0.3999999999999999,0.10000000000000009,0.10000000000000009
2025-10-13,5.1,8.4,10.6,10.0,20.566666666666666,21.454166666666666,21.325,21.279166666666665,24.9,24.6,25.7,25.5,18.0,19.6,18.2,18.6,20.2,22.5,27.4,24.6,3.3000000000000007,3.3000000000000007,5.5,5.5,4.9,4.9
2025-10-14,0.6,0.5,1.1,1.0,19.620833333333334,19.566666666666666,19.908333333333335,20.083333333333332,23.5,24.8,24.5,25.0,16.9,15.6,16.5,16.2,15.1,16.3,15.3,15.2,-0.09999999999999998,0.09999999999999998,0.5000000000000001,0.5000000000000001,0.4,0.4
2025-10-15,0.1,0.0,0.0,1.1,18.1125,17.712500000000002,18.158333333333335,17.820833333333333,22.7,24.1,23.6,21.4,14.8,13.5,15.3,15.3,12.5,13.0,12.3,12.0,-0.1,0.1,-0.1,0.1,1.0,1.0
2025-10-16,0.0,0.0,0.0,0.1,20.691666666666666,19.845833333333335,19.162499999999998,20.295833333333334,30.1,28.0,27.6,28.4,16.2,15.6,15.2,16.1,13.6,11.4,13.5,13.0,0.0,0.0,0.0,0.0,0.1,0.1
2025-10-17,7.9,0.6,0.0,0.0,23.925,23.229166666666668,23.270833333333332,23.400000000000002,32.3,31.2,31.4,31.8,16.7,15.7,15.9,15.8,8.3,9.3,8.7,6.9,-7.300000000000001,7.300000000000001,-7.9,7.9,-7.9,7.9
2025-10-18,26.3,40.7,15.9,33.1,19.595833333333335,21.424999999999997,22.445833333333336,22.287499999999998,21.6,26.8,28.5,27.5,16.0,15.1,15.4,17.4,23.1,22.4,23.8,19.4,14.400000000000002,14.400000000000002,-10.4,10.4,6.800000000000001,6.800000000000001
2025-10-19,2.1,2.6,5.2,5.3,13.674999999999999,14.016666666666666,13.791666666666666,14.608333333333334,15.9,16.4,15.4,16.7,11.2,11.5,10.9,11.3,19.9,22.3,20.6,21.6,0.5,0.5,3.1,3.1,3.1999999999999997,3.1999999999999997
2025-10-20,0.30000000000000004,0.5,0.4,0.7000000000000001,13.158333333333333,12.954166666666666,12.716666666666667,12.6875,16.8,16.6,16.6,16.4,10.3,10.6,10.4,10.3,17.6,18.5,18.0,17.8,0.19999999999999996,0.19999999999999996,0.09999999999999998,0.09999999999999998,0.4,0.4
2025-10-21,0.0,0.0,0.0,0.0,14.0625,13.908333333333333,13.945833333333333,13.970833333333333,20.1,19.3,20.0,19.9,9.5,10.1,10.3,10.4,16.6,16.6,16.4,17.2,0.0,0.0,0.0,0.0,0.0,0.0
2025-10-22,0.0,0.0,0.0,0.0,15.341666666666667,14.891666666666666,14.841666666666667,14.725,22.3,21.7,21.5,21.9,10.4,10.1,10.6,10.5,14.1,14.3,15.0,15.7,0.0,0.0,0.0,0.0,0.0,0.0
2025-10-23,0.0,0.0,0.0,0.0,16.775000000000002,16.383333333333333,15.966666666666667,15.845833333333333,24.0,23.9,23.6,23.6,11.2,11.3,10.9,10.8,14.5,15.1,14.8,14.7,0.0,0.0,0.0,0.0,0.0,0.0
2025-10-24,0.0,0.0,0.0,0.0,18.870833333333334,18.395833333333332,18.320833333333333,18.216666666666665,26.8,26.1,26.2,25.6,12.5,12.1,12.1,11.9,13.7,16.2,16.2,14.7,0.0,0.0,0.0,0.0,0.0,0.0
2025-10-25,0.0,0.0,0.0,0.0,22.145833333333332,21.995833333333334,21.53333333333333,21.383333333333336,28.8,30.0,29.4,28.0,14.2,13.7,13.3,13.3,12.2,12.6,12.9,12.0,0.0,0.0,0.0,0.0,0.0,0.0
2025-10-26,0.0,0.0,0.0,0.0,24.145833333333332,25.295833333333334,25.516666666666666,25.229166666666668,32.2,32.7,33.3,33.2,16.7,16.9,17.1,16.2,10.6,11.4,12.5,12.7,0.0,0.0,0.0,0.0,0.0,0.0
2025-10-27,1.8,1.1,1.1,5.1,20.158333333333335,23.3625,23.358333333333334,23.8,22.2,30.8,30.8,32.2,18.5,19.4,19.4,18.7,7.6,15.5,15.5,18.5,-0.7,0.7,-0.7,0.7,3.3,3.3
2025-10-28,13.7,21.3,21.2,21.3,19.625,19.995833333333334,19.400000000000002,19.320833333333333,22.9,25.4,23.1,23.1,17.5,17.7,17.8,17.8,8.7,12.4,11.1,11.1,7.600000000000001,7.600000000000001,7.5,7.5,7.600000000000001,7.600000000000001
2025-10-29,17.6,15.700000000000001,9.8,23.5,20.695833333333333,20.608333333333334,20.554166666666667,16.875,25.5,26.6,27.9,19.2,16.6,16.2,16.8,14.0,19.9,20.1,16.8,17.5,-1.9000000000000004,1.9000000000000004,-7.800000000000001,7.800000000000001,5.899999999999999,5.899999999999999
2025-10-30,7.6,7.5,5.7,5.2,16.420833333333334,15.8375,15.954166666666666,15.441666666666668,19.2,17.6,18.0,17.2,15.0,14.7,14.2,13.6,10.5,11.7,13.5,13.1,-0.09999999999999964,0.09999999999999964,-1.8999999999999995,1.8999999999999995,-2.3999999999999995,2.3999999999999995
2025-10-31,18.5,4.6000000000000005,7.7,4.3999999999999995,17.212500000000002,17.775000000000002,16.716666666666665,16.3625,22.0,23.2,21.9,19.6,14.6,14.4,13.9,14.1,11.4,12.8,11.2,11.2,-13.899999999999999,13.899999999999999,-10.8,10.8,-14.100000000000001,14.100000000000001
2025-11-01,1.1,1.2,4.300000000000001,4.2,20.845833333333335,20.708333333333332,20.308333333333334,19.470833333333335,26.9,25.9,25.6,24.8,16.4,16.6,16.3,15.4,10.8,8.7,8.0,9.7,0.09999999999999987,0.09999999999999987,3.2000000000000006,3.2000000000000006,3.1,3.1
2025-11-02,22.5,21.6,44.4,30.0,18.8625,20.474999999999998,20.099999999999998,20.224999999999998,21.4,25.1,22.6,24.0,17.8,18.0,18.0,17.8,16.4,14.5,18.9,14.1,-0.8999999999999986,0.8999999999999986,21.9,21.9,7.5,7.5
2025-11-03,9.1,6.8,4.8,11.6,20.558333333333334,20.791666666666668,21.1125,20.933333333333334,25.9,24.2,25.2,24.9,18.1,18.6,19.6,18.4,17.0,14.8,16.2,18.2,-2.3,2.3,-4.3,4.3,2.5,2.5
2025-11-04,3.0,0.8,2.8000000000000003,1.4,21.2375,20.849999999999998,21.108333333333334,21.383333333333336,28.1,25.6,25.7,26.5,17.2,16.9,18.4,18.7,10.7,12.8,11.2,12.2,-2.2,2.2,-0.19999999999999973,0.19999999999999973,-1.6,1.6
2025-11-05,4.8,0.8999999999999999,0.5,0.0,22.96666666666667,22.629166666666666,22.329166666666666,23.295833333333334,28.4,28.5,28.6,28.6,18.9,18.4,17.1,18.1,19.0,17.1,14.5,12.0,-3.9,3.9,-4.3,4.3,-4.8,4.8
2025-11-06,1.3,1.0,0.8,1.2000000000000002,18.141666666666666,17.75,18.0375,19.3875,21.1,20.1,19.6,21.7,15.6,15.4,15.1,15.9,14.6,14.6,15.4,14.4,-0.30000000000000004,0.30000000000000004,-0.5,0.5,-0.09999999999999987,0.09999999999999987
2025-11-07,0.8,0.2,0.0,0.7,19.995833333333334,21.058333333333334,21.183333333333334,20.958333333333332,28.9,30.4,30.4,28.1,13.9,13.9,13.6,14.6,12.9,13.0,16.1,16.7,-0.6000000000000001,0.6000000000000001,-0.8,0.8,-0.10000000000000009,0.10000000000000009
2025-11-08,7.2,4.8,7.0,5.2,21.325,22.40416666666667,22.608333333333334,20.875,25.5,26.9,27.7,28.2,16.1,17.3,16.1,14.9,25.6,29.3,33.6,36.0,-2.4000000000000004,2.4000000000000004,-0.20000000000000018,0.20000000000000018,-2.0,2.0
2025-11-09,0.4,0.5,0.8,0.8,16.620833333333334,16.608333333333334,16.791666666666668,16.283333333333335,21.0,20.5,20.4,20.4,14.1,14.0,14.4,14.1,15.1,17.5,16.6,14.6,0.09999999999999998,0.09999999999999998,0.4,0.4,0.4,0.4
2025-11-10,0.0,0.0,0.0,0.0,16.400000000000002,16.208333333333332,16.6125,16.454166666666666,22.6,22.5,22.4,22.6,12.2,11.6,12.6,12.3,14.5,14.4,16.0,14.6,0.0,0.0,0.0,0.0,0.0,0.0
2025-11-11,0.0,0.0,0.0,0.0,18.016666666666666,17.525000000000002,17.7375,17.866666666666667,26.8,26.5,25.4,26.0,11.9,11.2,12.1,12.2,14.3,12.5,12.6,13.3,0.0,0.0,0.0,0.0,0.0,0.0
2025-11-12,0.0,0.0,0.0,0.0,21.795833333333334,21.6875,21.75,22.041666666666668,31.1,31.5,31.2,30.8,13.9,13.4,13.2,13.6,13.6,14.5,13.5,12.5,0.0,0.0,0.0,0.0,0.0,0.0
2025-11-13,1.3,3.0,0.0,0.0,22.53333333333333,22.599999999999998,23.15416666666667,23.758333333333336,28.0,32.0,32.0,31.6,18.5,17.9,18.1,18.1,9.2,14.7,10.8,12.1,1.7,1.7,-1.3,1.3,-1.3,1.3
2025-11-14,13.200000000000001,0.1,3.4,0.8,19.091666666666665,20.658333333333335,20.595833333333335,21.1875,22.8,25.8,24.9,26.6,17.6,17.3,18.4,18.5,11.7,13.4,8.6,12.9,-13.100000000000001,13.100000000000001,-9.8,9.8,-12.4,12.4
2025-11-15,0.0,0.30000000000000004,1.7,2.9,20.416666666666668,20.212500000000002,20.858333333333334,21.2625,25.2,27.0,25.8,27.5,16.6,16.5,17.5,18.0,11.9,12.7,10.3,7.3,0.30000000000000004,0.30000000000000004,1.7,1.7,2.9,2.9
2025-11-16,11.0,5.6,8.6,18.0,20.954166666666666,21.712500000000002,20.95,21.233333333333334,24.2,25.1,24.2,24.8,18.2,18.2,19.0,18.7,15.4,10.4,9.6,14.4,-5.4,5.4,-2.4000000000000004,2.4000000000000004,7.0,7.0
2025-11-17,21.6,7.0,2.5,11.8,21.625,21.916666666666668,22.3125,22.275000000000002,26.5,25.8,26.0,26.0,19.0,20.1,20.2,20.6,13.8,14.5,16.3,22.8,-14.600000000000001,14.600000000000001,-19.1,19.1,-9.8,9.8
2025-11-18,12.5,25.7,26.0,13.9,20.7375,20.658333333333335,21.650000000000002,22.479166666666668,25.0,25.2,26.5,26.5,17.6,17.2,17.7,18.6,23.6,21.5,25.4,25.4,13.2,13.2,13.5,13.5,1.4000000000000004,1.4000000000000004
2025-11-19,0.1,0.1,0.2,0.0,18.541666666666668,18.158333333333335,18.55,19.0625,24.4,24.3,24.8,25.4,14.8,14.2,14.4,14.8,13.7,13.4,14.3,12.1,0.0,0.0,0.1,0.1,-0.1,0.1
2025-11-20,0.2,0.0,0.2,0.0,17.754166666666666,17.712500000000002,17.537499999999998,17.395833333333332,23.2,23.1,23.1,23.1,14.4,13.9,14.0,13.6,15.1,14.8,14.8,15.7,-0.2,0.2,0.0,0.0,-0.2,0.2
2025-11-21,0.0,0.0,0.0,0.0,21.708333333333332,21.016666666666666,20.820833333333333,20.45,30.4,30.1,29.5,29.0,13.4,12.9,12.6,13.1,14.2,14.2,14.3,13.9,0.0,0.0,0.0,0.0,0.0,0.0
2025-11-22,2.0,0.5,0.7999999999999999,0.4,23.208333333333332,23.15833333333333,22.150000000000002,21.90416666666667,29.4,29.9,29.8,29.1,18.5,17.8,17.8,17.1,10.9,12.2,11.6,11.9,-1.5,1.5,-1.2000000000000002,1.2000000000000002,-1.6,1.6
2025-11-23,13.1,11.2,9.8,1.5,20.058333333333334,19.979166666666668,19.579166666666666,19.395833333333332,25.5,25.8,23.6,25.2,17.5,17.6,17.0,16.1,14.6,14.7,14.3,16.3,-1.9000000000000004,1.9000000000000004,-3.299999999999999,3.299999999999999,-11.6,11.6
2025-11-24,27.0,16.1,22.5,24.5,18.745833333333334,19.033333333333335,19.158333333333335,18.7625,23.0,23.0,22.5,22.0,16.7,16.9,16.9,16.5,12.8,12.4,11.6,17.2,-10.899999999999999,10.899999999999999,-4.5,4.5,-2.5,2.5
2025-11-25,1.0,1.5,2.4000000000000004,1.9000000000000001,18.008333333333333,18.341666666666665,18.183333333333334,18.270833333333332,22.7,21.7,22.0,22.7,15.1,15.8,15.2,15.6,12.5,15.2,19.6,17.4,0.5,0.5,1.4000000000000004,1.4000000000000004,0.9000000000000001,0.9000000000000001
2025-11-26,0.0,0.0,0.0,0.1,17.8625,18.145833333333332,17.979166666666668,18.179166666666667,22.4,23.1,22.5,22.0,14.4,14.6,14.3,15.6,13.7,14.0,14.5,15.4,0.0,0.0,0.0,0.0,0.1,0.1
2025-11-27,0.0,0.0,0.0,0.0,17.954166666666666,17.441666666666666,17.212500000000002,18.099999999999998,26.6,24.4,24.2,25.4,12.0,11.6,12.1,14.2,14.3,13.2,13.3,13.3,0.0,0.0,0.0,0.0,0.0,0.0
2025-11-28,0.8999999999999999,0.0,0.0,0.0,22.416666666666668,22.09166666666667,21.066666666666666,21.004166666666666,30.3,30.4,30.1,29.6,16.1,15.0,13.6,14.0,13.9,11.8,10.9,10.3,-0.8999999999999999,0.8999999999999999,-0.8999999999999999,0.8999999999999999,-0.8999999999999999,0.8999999999999999
2025-11-29,0.0,0.0,0.1,0.0,24.191666666666666,24.087500000000002,24.441666666666666,23.516666666666666,31.6,31.0,31.3,30.3,17.3,17.5,17.7,16.9,13.2,11.0,11.8,12.0,0.0,0.0,0.1,0.1,0.0,0.0
2025-11-30,0.1,0.2,0.1,0.0,24.77916666666667,24.233333333333334,24.141666666666666,25.05,34.0,33.5,34.0,34.7,18.4,18.2,17.1,18.5,11.3,14.2,14.0,15.7,0.1,0.1,0.0,0.0,-0.1,0.1
2025-12-01,0.3,0.0,0.3,0.0,23.854166666666668,24.545833333333334,24.258333333333336,26.375,33.5,34.8,34.7,35.5,19.2,18.0,17.2,18.2,11.9,14.1,12.2,13.5,-0.3,0.3,0.0,0.0,-0.3,0.3
2025-12-02,16.5,11.700000000000001,9.2,19.900000000000002,22.991666666666664,23.066666666666666,24.866666666666664,25.758333333333336,28.4,30.4,32.2,32.9,20.5,19.8,20.5,20.4,14.4,13.8,16.2,19.0,-4.799999999999999,4.799999999999999,-7.300000000000001,7.300000000000001,3.400000000000002,3.400000000000002
2025-12-03,5.6,2.7,25.6,15.4,22.516666666666666,21.770833333333332,21.129166666666666,20.616666666666667,29.3,26.9,26.9,25.0,18.5,19.0,17.2,16.5,13.4,13.3,14.6,13.1,-2.8999999999999995,2.8999999999999995,20.0,20.0,9.8,9.8
2025-12-04,0.4,0.1,0.5,0.0,20.0,19.537499999999998,18.754166666666666,18.4875,25.0,23.1,23.2,23.2,17.3,17.2,16.1,15.9,15.3,16.6,15.6,16.3,-0.30000000000000004,0.30000000000000004,0.09999999999999998,0.09999999999999998,-0.4,0.4
2025-12-05,0.2,0.0,0.0,0.0,21.095833333333335,20.520833333333332,19.908333333333335,19.145833333333332,30.4,28.6,26.7,25.6,15.9,15.4,14.6,15.1,16.9,13.9,14.1,14.5,-0.2,0.2,-0.2,0.2,-0.2,0.2
2025-12-06,0.9,0.2,0.4,0.0,23.508333333333336,22.854166666666668,22.28333333333333,21.84166666666667,32.1,32.0,31.8,30.7,17.4,17.0,17.0,16.6,12.5,14.2,13.7,13.7,-0.7,0.7,-0.5,0.5,-0.9,0.9
2025-12-07,1.6,0.5,0.9,1.7000000000000002,24.954166666666666,24.808333333333334,24.208333333333332,23.691666666666666,32.1,32.3,32.2,32.8,19.9,18.9,18.5,18.0,10.8,10.8,11.2,13.0,-1.1,1.1,-0.7000000000000001,0.7000000000000001,0.10000000000000009,0.10000000000000009
2025-12-08,16.8,7.8999999999999995,11.7,9.9,22.833333333333332,24.004166666666666,23.90833333333333,22.979166666666668,27.5,31.0,31.4,31.4,19.7,20.5,21.0,19.0,17.0,11.8,18.8,12.0,-8.900000000000002,8.900000000000002,-5.100000000000001,5.100000000000001,-6.9,6.9
2025-12-09,15.4,22.0,9.2,25.8,20.370833333333334,20.516666666666666,21.054166666666667,20.879166666666666,21.6,23.0,22.7,23.9,18.9,19.4,19.8,19.5,28.7,25.7,27.2,23.7,6.6,6.6,-6.200000000000001,6.200000000000001,10.4,10.4
2025-12-10,4.0,15.7,19.8,5.8,22.770833333333332,22.354166666666668,22.454166666666666,22.333333333333332,26.7,26.3,26.4,26.4,19.2,19.2,19.4,19.5,38.6,34.1,37.3,31.8,11.7,11.7,15.8,15.8,1.7999999999999998,1.7999999999999998
2025-12-11,0.0,0.2,0.5,0.30000000000000004,24.141666666666666,23.245833333333334,23.0625,23.083333333333332,29.2,27.8,27.6,27.6,20.0,19.8,19.6,19.5,21.6,25.7,26.5,24.8,0.2,0.2,0.5,0.5,0.30000000000000004,0.30000000000000004
2025-12-12,3.5,0.4,1.3,0.0,23.27916666666667,24.058333333333334,23.333333333333332,23.787499999999998,29.9,29.0,28.3,28.4,18.1,18.1,18.5,18.3,16.8,15.3,13.4,13.3,-3.1,3.1,-2.2,2.2,-3.5,3.5
2025-12-13,24.5,4.6000000000000005,4.5,9.1,21.583333333333332,22.920833333333334,23.037499999999998,23.108333333333334,26.9,25.4,26.0,27.1,18.9,21.5,21.7,21.1,19.2,22.6,19.5,20.2,-19.9,19.9,-20.0,20.0,-15.4,15.4
2025-12-14,7.5,11.6,15.0,8.6,22.2,22.129166666666666,22.3125,22.354166666666668,26.5,26.4,26.2,25.0,19.4,20.5,20.5,21.2,18.5,16.5,18.4,19.5,4.1,4.1,7.5,7.5,1.0999999999999996,1.0999999999999996
2025-12-15,2.2,6.5,2.2,6.1,24.145833333333332,23.579166666666666,23.229166666666668,23.270833333333332,28.4,28.3,27.6,27.5,20.2,20.1,20.2,20.6,14.5,13.3,12.7,15.0,4.3,4.3,0.0,0.0,3.8999999999999995,3.8999999999999995
2025-12-16,10.8,16.2,12.8,18.6,23.295833333333334,23.245833333333334,22.979166666666668,23.004166666666666,29.7,29.8,28.9,28.0,19.2,19.0,18.6,19.0,16.1,18.1,17.8,17.5,5.399999999999999,5.399999999999999,2.0,2.0,7.800000000000001,7.800000000000001
2025-12-17,7.4,1.6,0.2,2.6999999999999997,17.016666666666666,17.566666666666666,17.6375,18.154166666666665,19.0,19.3,19.8,20.5,15.2,15.2,15.6,15.8,19.1,18.1,19.3,18.3,-5.800000000000001,5.800000000000001,-7.2,7.2,-4.700000000000001,4.700000000000001
2025-12-18,0.0,0.0,0.0,0.1,18.466666666666665,18.508333333333333,18.170833333333334,18.358333333333334,23.8,23.9,23.6,23.1,14.6,14.6,14.9,14.9,13.0,13.9,13.2,13.8,0.0,0.0,0.0,0.0,0.1,0.1
2025-12-19,0.4,0.6000000000000001,0.4,1.4000000000000001,20.170833333333334,20.083333333333332,19.470833333333335,19.454166666666666,24.5,24.9,24.5,24.5,17.5,17.1,16.0,16.3,12.9,15.0,13.6,12.2,0.20000000000000007,0.20000000000000007,0.0,0.0,1.0,1.0
2025-12-20,0.5,0.6000000000000001,0.4,0.9,21.516666666666666,21.058333333333334,21.070833333333333,21.458333333333332,27.1,26.6,26.9,27.8,17.8,18.1,18.0,17.8,12.4,13.6,14.0,13.6,0.10000000000000009,0.10000000000000009,-0.09999999999999998,0.09999999999999998,0.4,0.4
2025-12-21,0.30000000000000004,0.3,0.1,0.2,24.5,22.7625,22.745833333333334,23.358333333333334,33.2,30.5,28.6,29.4,18.3,17.8,18.5,18.6,13.3,11.9,11.4,11.7,-5.551115123125783e-17,5.551115123125783e-17,-0.20000000000000004,0.20000000000000004,-0.10000000000000003,0.10000000000000003
2025-12-22,1.1,0.7,0.0,0.1,26.45,25.3125,24.666666666666668,24.962500000000002,31.9,31.5,31.4,30.6,20.6,19.5,18.6,19.5,11.6,11.9,12.6,12.4,-0.40000000000000013,0.40000000000000013,-1.1,1.1,-1.0,1.0
2025-12-23,0.2,0.6000000000000001,0.6000000000000001,0.0,27.695833333333336,26.929166666666664,26.224999999999998,26.170833333333334,32.8,31.3,30.9,31.9,22.8,22.2,21.0,20.4,12.5,13.1,14.3,12.7,0.4000000000000001,0.4000000000000001,0.4000000000000001,0.4000000000000001,-0.2,0.2
2025-12-24,1.6,0.6,0.8,0.6000000000000001,28.275000000000002,28.204166666666666,27.991666666666664,27.175,33.5,33.5,33.2,31.6,23.1,22.3,23.1,22.5,9.4,11.0,13.6,15.2,-1.0,1.0,-0.8,0.8,-1.0,1.0
2025-12-25,1.4,0.1,0.6,1.0,28.670833333333334,28.425,28.6125,27.96666666666667,33.8,34.1,34.4,34.0,23.0,22.6,22.4,23.5,9.3,10.9,9.7,10.1,-1.2999999999999998,1.2999999999999998,-0.7999999999999999,0.7999999999999999,-0.3999999999999999,0.3999999999999999
2025-12-26,0.4,0.1,2.0999999999999996,2.0,28.008333333333336,27.150000000000002,27.604166666666668,27.8125,34.0,33.6,34.5,35.0,23.0,23.3,23.4,23.0,12.1,8.4,9.6,11.8,-0.30000000000000004,0.30000000000000004,1.6999999999999997,1.6999999999999997,1.6,1.6
2025-12-27,4.3999999999999995,17.0,0.0,5.6,27.104166666666668,26.883333333333336,27.337500000000002,27.683333333333334,35.0,35.8,34.5,35.8,22.7,22.9,23.5,22.5,9.7,9.4,10.0,10.8,12.600000000000001,12.600000000000001,-4.3999999999999995,4.3999999999999995,1.2000000000000002,1.2000000000000002
2025-12-28,13.2,0.5,0.3,1.9,27.879166666666666,26.837500000000002,26.704166666666666,26.495833333333334,35.0,33.1,32.5,33.2,23.1,21.8,21.2,22.5,12.6,10.6,8.2,6.7,-12.7,12.7,-12.899999999999999,12.899999999999999,-11.299999999999999,11.299999999999999
2025-12-29,5.0,10.6,10.5,49.7,26.2,25.349999999999998,25.004166666666666,24.858333333333334,33.3,30.5,31.8,31.1,22.6,22.2,21.5,21.0,13.6,9.8,14.3,7.3,5.6,5.6,5.5,5.5,44.7,44.7
2025-12-30,8.0,11.1,11.9,1.6,24.925,24.770833333333332,25.125,24.554166666666664,31.2,30.5,29.8,29.6,21.0,20.8,22.0,21.6,12.2,9.3,11.3,12.2,3.0999999999999996,3.0999999999999996,3.9000000000000004,3.9000000000000004,-6.4,6.4
2025-12-31,8.0,9.9,9.6,18.9,23.875,24.141666666666666,24.641666666666666,24.349999999999998,29.5,28.7,30.0,29.8,20.1,20.3,21.2,20.3,14.9,10.9,9.7,10.5,1.9000000000000004,1.9000000000000004,1.5999999999999996,1.5999999999999996,10.899999999999999,10.899999999999999
2026-01-01,3.4,22.400000000000002,33.9,19.099999999999998,24.3125,23.95,24.34583333333333,23.991666666666664,29.0,28.6,30.2,30.2,21.1,21.1,21.0,21.0,18.1,13.7,12.7,16.1,19.000000000000004,19.000000000000004,30.5,30.5,15.699999999999998,15.699999999999998
2026-01-02,17.5,7.2,12.1,15.1,22.766666666666666,22.7,22.358333333333334,22.77916666666667,26.7,27.0,25.8,27.4,20.5,20.0,20.6,20.4,18.3,18.8,16.8,18.1,-10.3,10.3,-5.4,5.4,-2.4000000000000004,2.4000000000000004
2026-01-03,2.8,1.5,4.3,7.2,24.27916666666667,23.729166666666668,23.287499999999998,22.775000000000002,29.6,28.0,27.5,26.6,19.9,19.7,19.8,19.9,14.9,14.5,12.9,12.1,-1.2999999999999998,1.2999999999999998,1.5,1.5,4.4,4.4
2026-01-04,2.0,1.1,1.3,1.9000000000000001,21.05,20.525000000000002,20.079166666666666,20.316666666666666,24.2,22.3,22.2,23.5,18.0,18.6,17.5,17.6,14.4,14.5,14.8,16.5,-0.8999999999999999,0.8999999999999999,-0.7,0.7,-0.09999999999999987,0.09999999999999987
2026-01-05,0.2,0.30000000000000004,1.1,1.0,19.087500000000002,18.808333333333334,18.645833333333332,18.258333333333333,22.4,21.0,21.8,20.4,17.2,17.5,16.9,16.5,17.4,17.3,18.1,15.7,0.10000000000000003,0.10000000000000003,0.9000000000000001,0.9000000000000001,0.8,0.8
2026-01-06,1.2000000000000002,0.4,1.5,1.6,21.099999999999998,21.279166666666665,20.883333333333333,20.558333333333334,27.0,28.4,27.9,27.0,16.2,16.3,15.4,15.8,15.2,15.3,14.5,14.2,-0.8000000000000002,0.8000000000000002,0.2999999999999998,0.2999999999999998,0.3999999999999999,0.3999999999999999
2026-01-07,4.5,4.299999999999999,6.3999999999999995,17.3,22.791666666666668,22.545833333333334,22.2625,21.575,28.0,30.2,30.1,29.0,18.8,17.8,17.4,17.1,12.7,8.6,12.0,8.3,-0.20000000000000107,0.20000000000000107,1.8999999999999995,1.8999999999999995,12.8,12.8
2026-01-08,14.700000000000001,12.200000000000001,19.6,15.8,22.912499999999998,23.395833333333332,22.900000000000002,22.84166666666667,29.4,30.9,29.1,29.0,19.0,19.7,19.5,19.1,13.6,11.4,10.9,14.2,-2.5,2.5,4.9,4.9,1.0999999999999996,1.0999999999999996
2026-01-09,12.8,0.6000000000000001,0.1,0.2,24.27916666666667,23.920833333333334,24.2375,24.3125,32.2,32.5,30.1,29.7,20.0,18.8,19.1,19.5,12.5,11.3,10.0,9.8,-12.200000000000001,12.200000000000001,-12.700000000000001,12.700000000000001,-12.600000000000001,12.600000000000001
2026-01-10,6.1,0.0,0.0,0.0,26.433333333333334,26.7375,26.420833333333334,25.775000000000002,32.8,32.9,32.5,31.5,20.5,20.4,19.9,20.0,13.5,10.6,11.0,10.7,-6.1,6.1,-6.1,6.1,-6.1,6.1
2026-01-11,0.4,0.0,0.0,0.0,27.008333333333336,27.84583333333333,27.583333333333332,27.400000000000002,32.6,33.4,33.8,34.0,20.3,22.9,21.8,21.0,15.0,15.4,16.7,14.3,-0.4,0.4,-0.4,0.4,-0.4,0.4
2026-01-12,6.3,8.1,1.3,3.7,26.84166666666667,25.59583333333333,27.229166666666668,27.391666666666666,33.8,33.0,34.5,34.2,20.4,20.8,22.7,21.9,14.5,14.2,15.8,16.1,1.7999999999999998,1.7999999999999998,-5.0,5.0,-2.5999999999999996,2.5999999999999996
2026-01-13,1.7,3.6,10.0,6.2,23.087500000000002,24.366666666666664,24.583333333333332,24.758333333333336,29.4,31.1,33.1,30.6,19.8,20.7,20.2,21.7,11.1,10.0,14.3,14.7,1.9000000000000001,1.9000000000000001,8.3,8.3,4.5,4.5
2026-01-14,18.6,14.8,23.9,13.399999999999999,22.183333333333334,22.441666666666666,22.458333333333332,23.4875,28.5,28.4,27.8,29.7,19.2,19.5,20.2,20.5,10.2,8.7,12.9,14.3,-3.8000000000000007,3.8000000000000007,5.299999999999997,5.299999999999997,-5.200000000000003,5.200000000000003
2026-01-15,15.4,18.3,18.6,14.899999999999999,21.795833333333334,22.079166666666666,21.958333333333332,22.045833333333334,26.2,27.5,26.5,26.6,19.5,19.8,20.0,19.5,15.8,12.4,16.5,12.5,2.9000000000000004,2.9000000000000004,3.200000000000001,3.200000000000001,-0.5000000000000018,0.5000000000000018
2026-01-16,21.5,12.299999999999999,17.8,12.1,22.166666666666668,21.75,22.016666666666666,21.6375,28.5,27.4,26.5,26.6,19.2,18.7,19.5,18.5,10.9,8.7,11.2,12.4,-9.200000000000001,9.200000000000001,-3.6999999999999993,3.6999999999999993,-9.4,9.4
2026-01-17,22.0,11.6,15.0,8.5,21.920833333333334,21.84583333333333,21.945833333333336,22.295833333333334,26.8,26.6,28.2,28.1,18.9,19.0,18.4,18.8,14.2,10.5,10.2,9.8,-10.4,10.4,-7.0,7.0,-13.5,13.5
2026-01-18,16.6,2.7,27.6,10.4,22.22083333333333,21.7,21.579166666666666,22.104166666666668,25.8,26.4,26.0,26.4,19.5,18.6,18.9,19.8,16.7,17.2,15.5,14.1,-13.900000000000002,13.900000000000002,11.0,11.0,-6.200000000000001,6.200000000000001
2026-01-19,21.4,17.7,17.0,26.7,20.133333333333333,20.366666666666667,20.370833333333334,20.6375,24.4,23.9,22.9,25.2,17.5,17.9,18.0,17.9,23.4,20.2,23.8,20.0,-3.6999999999999993,3.6999999999999993,-4.399999999999999,4.399999999999999,5.300000000000001,5.300000000000001
2026-01-20,1.3,1.3,1.3,1.2,17.816666666666666,18.016666666666666,17.945833333333333,17.770833333333332,20.5,21.5,20.5,20.5,15.6,15.4,15.4,15.9,16.2,18.0,18.0,17.5,0.0,0.0,0.0,0.0,-0.10000000000000009,0.10000000000000009
2026-01-21,10.6,0.5,0.5,0.7000000000000001,16.891666666666666,17.220833333333335,16.912499999999998,16.995833333333334,19.2,19.7,19.3,19.4,14.9,15.1,14.8,15.0,14.6,16.1,15.0,15.9,-10.1,10.1,-10.1,10.1,-9.9,9.9
2026-01-22,13.200000000000001,3.5,1.9000000000000001,0.6,17.504166666666666,17.900000000000002,17.158333333333335,17.433333333333334,20.8,21.5,21.0,21.0,15.4,15.6,13.9,14.4,14.2,16.3,16.2,14.6,-9.700000000000001,9.700000000000001,-11.3,11.3,-12.600000000000001,12.600000000000001
2026-01-23,3.3000000000000003,2.7,3.5,1.6,19.116666666666667,18.933333333333334,18.445833333333333,18.804166666666667,23.4,23.6,22.1,22.4,15.9,16.0,15.4,16.1,14.8,15.7,18.3,15.4,-0.6000000000000001,0.6000000000000001,0.19999999999999973,0.19999999999999973,-1.7000000000000002,1.7000000000000002
2026-01-24,3.3000000000000003,5.5,2.3,2.3000000000000003,20.125,19.895833333333332,19.929166666666667,19.837500000000002,24.1,23.8,24.1,23.4,17.5,17.1,17.5,17.4,13.4,15.1,14.3,15.2,2.1999999999999997,2.1999999999999997,-1.0000000000000004,1.0000000000000004,-1.0,1.0
2026-01-25,10.4,5.4,2.3,3.0,20.716666666666665,20.316666666666666,20.391666666666666,20.254166666666666,25.6,25.0,25.2,25.0,18.0,17.9,17.0,17.5,10.0,11.1,11.0,11.5,-5.0,5.0,-8.100000000000001,8.100000000000001,-7.4,7.4
2026-01-26,6.2,2.5,5.5,14.0,20.9375,21.370833333333334,20.654166666666665,20.716666666666665,26.0,26.5,24.9,25.5,17.1,18.2,17.8,17.5,9.6,11.0,10.6,10.9,-3.7,3.7,-0.7000000000000002,0.7000000000000002,7.8,7.8
2026-01-27,0.8999999999999999,2.8000000000000003,7.2,8.7,21.745833333333334,21.5125,21.433333333333334,21.3875,28.2,26.4,26.9,26.2,18.0,18.1,18.6,18.6,14.0,9.7,9.5,9.2,1.9000000000000004,1.9000000000000004,6.300000000000001,6.300000000000001,7.799999999999999,7.799999999999999
2026-01-28,6.3,5.4,9.8,15.499999999999998,22.083333333333332,21.900000000000002,21.645833333333332,21.520833333333332,27.6,27.4,26.9,26.4,18.0,17.6,17.7,18.0,8.7,9.2,9.1,8.2,-0.8999999999999995,0.8999999999999995,3.500000000000001,3.500000000000001,9.2,9.2
2026-01-29,17.9,19.8,12.6,24.3,21.599999999999998,21.8875,21.78333333333333,21.391666666666666,27.6,28.2,27.5,27.1,17.6,18.4,18.5,17.9,10.4,12.9,11.8,9.5,1.9000000000000021,1.9000000000000021,-5.299999999999999,5.299999999999999,6.400000000000002,6.400000000000002
2026-01-30,19.0,21.2,7.5,24.0,20.55,20.1375,20.495833333333334,20.454166666666666,25.4,23.1,24.5,23.9,18.2,18.3,18.8,18.9,14.8,17.1,16.0,15.3,2.1999999999999993,2.1999999999999993,-11.5,11.5,5.0,5.0
2026-01-31,0.5,3.3000000000000003,2.1,3.1,21.991666666666664,22.066666666666666,21.795833333333334,21.795833333333334,26.9,25.6,26.4,25.6,18.2,18.4,18.5,18.5,16.1,14.0,13.1,12.2,2.8000000000000003,2.8000000000000003,1.6,1.6,2.6,2.6
2026-02-01,3.7,1.4000000000000001,2.2,3.4000000000000004,22.15833333333333,22.2375,22.22083333333333,22.366666666666664,27.0,26.6,26.1,26.5,19.7,19.4,19.1,19.8,22.5,20.2,19.5,17.9,-2.3,2.3,-1.5,1.5,-0.2999999999999998,0.2999999999999998
2026-02-02,9.9,3.8000000000000003,8.7,8.3,21.233333333333334,21.895833333333332,22.575,22.195833333333336,25.1,26.4,26.6,25.8,19.1,19.7,20.4,20.0,14.1,11.4,11.9,14.3,-6.1,6.1,-1.200000000000001,1.200000000000001,-1.5999999999999996,1.5999999999999996
2026-02-03,27.1,21.0,11.299999999999999,7.3999999999999995,21.816666666666666,21.479166666666668,21.412499999999998,21.729166666666668,25.6,24.5,25.4,24.4,19.5,19.6,19.5,20.3,13.4,13.8,15.2,17.5,-6.100000000000001,6.100000000000001,-15.800000000000002,15.800000000000002,-19.700000000000003,19.700000000000003
2026-02-04,11.9,20.0,8.6,10.9,22.133333333333336,22.120833333333334,22.054166666666664,21.96666666666667,26.7,26.1,25.6,25.5,20.0,20.2,20.1,20.6,16.4,15.2,17.1,19.1,8.1,8.1,-3.3000000000000007,3.3000000000000007,-1.0,1.0
2026-02-05,4.7,5.6000000000000005,3.9,13.0,21.65416666666667,21.375,21.84166666666667,21.833333333333332,25.0,24.6,26.1,26.2,19.5,19.1,19.8,20.0,12.2,13.5,12.5,8.9,0.9000000000000004,0.9000000000000004,-0.8000000000000003,0.8000000000000003,8.3,8.3
2026-02-06,6.3,0.7000000000000001,2.9000000000000004,13.100000000000001,22.366666666666664,22.212500000000002,22.52916666666667,22.15416666666667,28.1,27.5,28.1,27.0,19.2,18.5,19.1,19.9,13.2,11.5,11.3,7.2,-5.6,5.6,-3.3999999999999995,3.3999999999999995,6.800000000000002,6.800000000000002
2026-02-07,16.8,24.3,11.299999999999999,12.9,22.116666666666664,22.150000000000002,22.724999999999998,22.325,27.1,27.0,27.6,26.2,19.5,19.4,19.5,19.6,8.7,10.5,10.8,11.0,7.5,7.5,-5.500000000000002,5.500000000000002,-3.9000000000000004,3.9000000000000004
2026-02-08,17.8,5.7,2.3,6.2,20.845833333333335,20.883333333333333,22.016666666666666,21.445833333333336,26.1,23.5,26.9,25.5,18.3,18.8,19.5,19.1,13.0,10.8,11.7,10.6,-12.100000000000001,12.100000000000001,-15.5,15.5,-11.600000000000001,11.600000000000001
2026-02-09,19.2,8.9,25.099999999999998,13.9,19.8125,20.1125,20.341666666666665,20.404166666666665,23.2,25.2,25.0,23.2,18.3,17.9,18.8,18.6,8.0,7.2,8.4,6.1,-10.299999999999999,10.299999999999999,5.899999999999999,5.899999999999999,-5.299999999999999,5.299999999999999
2026-02-10,29.1,13.9,26.7,17.0,20.954166666666666,20.441666666666666,20.829166666666666,20.95,24.6,22.9,24.0,25.1,18.1,18.1,17.9,18.5,14.8,16.0,14.0,12.0,-15.200000000000001,15.200000000000001,-2.400000000000002,2.400000000000002,-12.100000000000001,12.100000000000001
2026-02-11,12.3,2.9,3.1,9.100000000000001,22.258333333333336,22.2375,22.454166666666666,22.504166666666666,25.9,25.6,26.2,27.2,19.6,19.0,19.0,17.6,18.4,19.2,15.4,17.5,-9.4,9.4,-9.200000000000001,9.200000000000001,-3.1999999999999993,3.1999999999999993
2026-02-12,2.0,1.1,3.0,3.0,24.245833333333334,23.8625,23.020833333333332,23.395833333333332,29.1,28.6,28.2,28.5,20.2,20.5,19.6,20.0,13.4,14.6,12.6,13.2,-0.8999999999999999,0.8999999999999999,1.0,1.0,1.0,1.0
2026-02-13,1.7999999999999998,6.4,1.9,4.5,25.929166666666664,24.3625,24.233333333333334,23.945833333333336,31.6,29.9,29.8,28.7,21.2,20.5,20.6,20.2,11.8,9.7,12.7,13.0,4.6000000000000005,4.6000000000000005,0.10000000000000009,0.10000000000000009,2.7,2.7
2026-02-14,0.5,0.6,0.30000000000000004,0.30000000000000004,23.724999999999998,24.108333333333334,23.641666666666666,24.25,28.9,29.8,29.2,31.5,20.8,20.3,18.5,18.3,13.0,11.9,10.1,11.7,0.09999999999999998,0.09999999999999998,-0.19999999999999996,0.19999999999999996,-0.19999999999999996,0.19999999999999996
2026-02-15,0.0,0.0,0.3,0.0,24.483333333333334,23.97083333333333,24.52916666666667,24.7,32.2,31.2,32.0,31.1,19.5,19.9,19.5,19.5,12.4,13.0,11.7,8.1,0.0,0.0,0.3,0.3,0.0,0.0
2026-02-16,0.4,0.0,0.4,0.6,26.037499999999998,25.545833333333334,25.858333333333334,25.766666666666666,33.6,33.5,32.5,33.3,19.0,18.3,19.8,19.6,9.6,7.9,8.8,9.2,-0.4,0.4,0.0,0.0,0.19999999999999996,0.19999999999999996
2026-02-17,4.3,6.199999999999999,8.299999999999999,2.8000000000000003,26.2,25.724999999999998,25.633333333333336,26.1125,31.5,31.1,32.0,32.5,21.3,20.5,20.2,20.9,11.8,10.7,10.2,11.4,1.8999999999999995,1.8999999999999995,3.999999999999999,3.999999999999999,-1.4999999999999996,1.4999999999999996
2026-02-18,3.4,16.5,22.8,5.4,23.829166666666666,23.125,23.09583333333333,23.483333333333334,27.6,28.6,28.8,29.1,20.6,20.0,20.0,20.5,9.9,10.3,14.0,11.6,13.1,13.1,19.400000000000002,19.400000000000002,2.0000000000000004,2.0000000000000004
2026-02-19,2.9,3.6,4.6000000000000005,2.8000000000000003,22.991666666666664,22.770833333333332,22.125,21.816666666666666,27.5,26.9,25.9,25.0,20.3,20.1,20.0,18.6,11.4,12.7,13.9,13.2,0.7000000000000002,0.7000000000000002,1.7000000000000006,1.7000000000000006,-0.09999999999999964,0.09999999999999964
2026-02-20,0.2,0.1,0.0,0.0,24.09166666666667,24.054166666666664,22.495833333333334,21.304166666666667,31.8,31.3,29.4,28.6,19.2,19.0,18.2,17.5,12.1,10.8,14.8,13.9,-0.1,0.1,-0.2,0.2,-0.2,0.2
2026-02-21,15.0,5.0,11.5,2.0,23.433333333333334,23.195833333333336,22.945833333333336,21.96666666666667,29.8,29.5,29.9,27.9,20.0,20.9,19.8,17.9,14.5,10.8,14.1,16.1,-10.0,10.0,-3.5,3.5,-13.0,13.0
2026-02-22,11.9,7.0,7.8,6.4,21.55,21.474999999999998,21.295833333333334,22.116666666666664,25.6,24.0,24.1,26.1,18.9,20.0,19.5,19.8,16.4,15.0,15.2,15.1,-4.9,4.9,-4.1000000000000005,4.1000000000000005,-5.5,5.5
2026-02-23,9.7,6.8,7.1000000000000005,13.4,21.266666666666666,21.770833333333332,21.575,21.77916666666667,23.8,26.3,26.0,26.3,19.3,19.3,19.1,19.1,12.9,13.9,14.9,13.0,-2.8999999999999995,2.8999999999999995,-2.5999999999999988,2.5999999999999988,3.700000000000001,3.700000000000001
2026-02-24,30.1,6.4,13.3,2.2,22.1125,21.59166666666667,21.916666666666668,22.308333333333334,26.8,26.5,27.8,28.0,19.2,18.8,19.0,19.2,7.3,8.8,10.7,11.8,-23.700000000000003,23.700000000000003,-16.8,16.8,-27.900000000000002,27.900000000000002
2026-02-25,23.0,10.0,4.4,34.2,22.733333333333334,22.224999999999998,22.208333333333332,22.099999999999998,27.5,26.6,27.5,27.0,19.6,19.6,19.5,19.6,10.5,10.9,9.8,10.2,-13.0,13.0,-18.6,18.6,11.200000000000003,11.200000000000003
2026-02-26,15.1,9.5,11.2,23.4,21.191666666666666,21.208333333333332,21.691666666666666,21.504166666666666,23.5,24.1,25.7,25.6,19.8,20.0,20.0,19.3,22.6,17.5,14.9,15.1,-5.6,5.6,-3.9000000000000004,3.9000000000000004,8.299999999999999,8.299999999999999
2026-02-27,1.5,0.9,0.6000000000000001,6.1,19.916666666666668,20.349999999999998,20.308333333333334,20.912499999999998,22.6,24.0,23.0,23.7,17.9,17.5,17.4,19.0,15.1,16.4,17.5,22.0,-0.6,0.6,-0.8999999999999999,0.8999999999999999,4.6,4.6
2026-02-28,0.30000000000000004,0.2,0.8,0.5,18.966666666666665,18.970833333333335,18.770833333333332,19.212500000000002,23.0,23.1,22.2,23.0,16.0,16.4,16.3,16.3,13.6,14.0,15.1,15.6,-0.10000000000000003,0.10000000000000003,0.5,0.5,0.19999999999999996,0.19999999999999996
2026-03-01,0.0,0.6000000000000001,0.2,0.8,18.662499999999998,18.4875,18.495833333333334,18.179166666666667,22.8,22.3,22.7,22.0,15.6,15.4,15.1,15.8,13.0,14.4,13.6,14.3,0.6000000000000001,0.6000000000000001,0.2,0.2,0.8,0.8
2026-03-02,0.1,0.0,0.0,0.0,18.7375,18.441666666666666,18.683333333333334,19.224999999999998,24.5,24.8,24.4,24.6,14.9,13.0,14.3,15.4,11.9,12.8,12.0,12.4,-0.1,0.1,-0.1,0.1,-0.1,0.1
2026-03-03,0.0,0.0,0.0,0.0,20.15,19.5125,19.283333333333335,19.641666666666666,27.0,27.0,26.4,27.5,16.3,14.2,13.1,14.4,12.5,12.1,11.6,13.7,0.0,0.0,0.0,0.0,0.0,0.0
2026-03-04,0.1,0.0,0.0,0.0,21.070833333333333,20.8,20.341666666666665,20.125,28.9,27.9,28.0,28.1,16.9,16.2,15.1,13.9,13.3,11.6,13.1,14.0,-0.1,0.1,-0.1,0.1,-0.1,0.1
2026-03-05,1.3,0.1,0.1,0.0,22.462500000000002,21.96666666666667,21.900000000000002,21.8875,30.4,31.6,30.1,30.0,18.0,16.7,17.2,16.8,12.3,16.4,14.2,12.6,-1.2,1.2,-1.2,1.2,-1.3,1.3
2026-03-06,3.1999999999999997,1.3,1.7000000000000002,0.5,22.933333333333334,22.962500000000002,23.441666666666666,23.275000000000002,29.1,29.5,29.8,30.8,20.4,19.5,19.3,19.0,11.7,10.2,11.8,13.6,-1.8999999999999997,1.8999999999999997,-1.4999999999999996,1.4999999999999996,-2.6999999999999997,2.6999999999999997
2026-03-07,25.4,11.3,17.6,8.6,22.104166666666668,22.695833333333336,22.183333333333334,23.020833333333332,27.2,28.5,27.0,28.5,19.6,19.8,19.2,19.5,14.8,12.1,10.4,10.4,-14.099999999999998,14.099999999999998,-7.799999999999997,7.799999999999997,-16.799999999999997,16.799999999999997
2026-03-08,10.4,3.2,6.3999999999999995,2.8,21.6125,22.020833333333332,22.27916666666667,22.791666666666668,26.4,26.9,28.1,28.5,18.6,19.6,19.5,19.5,15.2,13.0,14.0,16.7,-7.2,7.2,-4.000000000000001,4.000000000000001,-7.6000000000000005,7.6000000000000005
2026-03-09,13.7,10.1,3.9,1.1,19.845833333333335,20.933333333333334,20.808333333333334,20.775000000000002,21.9,25.0,25.0,25.4,18.1,19.1,18.8,18.1,13.0,12.7,14.6,16.4,-3.5999999999999996,3.5999999999999996,-9.799999999999999,9.799999999999999,-12.6,12.6
2026-03-10,15.8,16.2,9.0,7.4,19.224999999999998,19.8125,20.212500000000002,19.295833333333334,20.8,23.5,23.0,21.2,18.0,18.1,18.8,17.6,8.5,10.5,11.8,10.3,0.3999999999999986,0.3999999999999986,-6.800000000000001,6.800000000000001,-8.4,8.4
2026-03-11,18.5,20.1,22.1,22.0,19.724999999999998,19.925,19.625,20.2625,21.8,22.6,23.5,24.1,18.5,18.0,18.0,18.9,9.2,10.8,10.0,13.8,1.6000000000000014,1.6000000000000014,3.6000000000000014,3.6000000000000014,3.5,3.5
2026-03-12,26.6,73.8,38.5,25.400000000000002,19.845833333333335,19.475,19.599999999999998,19.6875,21.8,21.2,22.1,22.5,18.7,18.5,18.2,17.7,14.6,7.2,9.5,11.4,47.199999999999996,47.199999999999996,11.899999999999999,11.899999999999999,-1.1999999999999993,1.1999999999999993
2026-03-13,3.2,19.5,3.5999999999999996,11.5,20.229166666666668,20.566666666666666,20.479166666666668,20.566666666666666,24.5,24.3,25.2,26.1,17.5,18.8,18.1,17.5,10.6,12.1,11.6,15.8,16.3,16.3,0.39999999999999947,0.39999999999999947,8.3,8.3
2026-03-14,0.1,0.2,0.4,0.1,20.995833333333334,21.125,20.9375,21.033333333333335,27.0,26.2,25.9,26.0,16.1,17.2,17.2,18.1,8.1,8.1,8.1,11.2,0.1,0.1,0.30000000000000004,0.30000000000000004,0.0,0.0
2026-03-15,0.9,1.1,1.5,0.0,23.09583333333333,22.008333333333336,21.833333333333332,21.554166666666664,28.5,28.0,27.4,27.9,17.8,16.6,17.5,17.3,10.9,11.7,8.1,10.1,0.20000000000000007,0.20000000000000007,0.6,0.6,-0.9,0.9
2026-03-16,0.0,0.0,0.0,0.4,24.366666666666664,23.108333333333334,22.483333333333334,21.59583333333333,31.7,30.2,29.0,27.5,17.8,16.0,17.5,17.9,12.7,13.1,12.7,11.4,0.0,0.0,0.0,0.0,0.4,0.4
2026-03-17,0.4,1.0,0.0,0.0,23.825,23.84166666666667,22.558333333333334,21.72083333333333,31.6,32.6,31.1,29.5,17.5,17.7,16.4,16.7,12.9,12.6,12.9,14.0,0.6,0.6,-0.4,0.4,-0.4,0.4
2026-03-18,13.6,1.5,0.9,0.0,23.458333333333332,23.983333333333334,23.9875,21.741666666666664,29.1,32.0,31.1,31.5,19.4,18.8,18.5,16.0,10.2,10.4,11.9,14.6,-12.1,12.1,-12.7,12.7,-13.6,13.6
2026-03-19,8.3,16.0,15.700000000000001,15.100000000000001,22.21666666666667,21.370833333333334,22.825,22.25,25.2,24.0,29.5,28.8,19.6,19.9,20.1,18.6,9.1,7.6,9.2,9.3,7.699999999999999,7.699999999999999,7.4,7.4,6.800000000000001,6.800000000000001
2026-03-20,0.4,0.5,0.9,1.9,21.316666666666666,21.52916666666667,21.225,21.491666666666664,25.9,26.5,25.1,26.5,18.0,18.4,19.0,19.0,11.8,12.1,12.5,12.9,0.09999999999999998,0.09999999999999998,0.5,0.5,1.5,1.5
2026-03-21,0.0,0.0,0.2,0.2,22.933333333333334,21.879166666666666,21.4375,21.266666666666666,30.0,28.5,28.0,26.8,18.6,17.2,16.4,18.5,12.3,11.4,11.7,10.8,0.0,0.0,0.2,0.2,0.2,0.2
2026-03-22,0.1,0.0,0.0,0.0,23.349999999999998,23.708333333333332,23.129166666666666,22.3625,29.9,30.7,30.7,29.6,17.2,17.9,16.9,16.5,12.3,9.8,11.2,12.0,-0.1,0.1,-0.1,0.1,-0.1,0.1
2026-03-23,0.4,0.0,0.0,0.0,22.875,22.8125,22.325,21.791666666666668,29.8,29.6,29.2,29.5,18.8,17.9,18.2,15.8,14.7,11.3,14.1,13.5,-0.4,0.4,-0.4,0.4,-0.4,0.4
2026-03-24,0.0,0.0,0.0,0.0,23.162499999999998,22.875,22.604166666666668,22.75,30.8,30.8,29.8,29.4,17.4,16.3,16.4,16.4,10.9,11.7,12.8,12.6,0.0,0.0,0.0,0.0,0.0,0.0
2026-03-25,2.8000000000000003,1.1,3.5,0.30000000000000004,23.645833333333332,24.27916666666667,23.670833333333334,23.925,28.2,29.8,29.4,29.5,20.1,20.0,18.9,18.5,9.9,9.6,11.0,11.5,-1.7000000000000002,1.7000000000000002,0.6999999999999997,0.6999999999999997,-2.5,2.5
2026-03-26,5.300000000000001,1.2,4.3,2.3,23.599999999999998,24.116666666666664,24.304166666666664,24.116666666666664,29.2,30.0,30.1,30.4,20.0,20.2,19.9,19.3,7.5,10.0,10.1,9.2,-4.1000000000000005,4.1000000000000005,-1.0000000000000009,1.0000000000000009,-3.000000000000001,3.000000000000001
2026-03-27,0.0,0.0,0.0,0.0,23.4875,23.179166666666664,23.679166666666664,23.991666666666664,29.9,30.0,30.5,30.8,19.4,18.9,19.6,19.7,14.1,13.2,14.1,14.5,0.0,0.0,0.0,0.0,0.0,0.0
2026-03-28,0.30000000000000004,0.1,0.0,0.1,22.770833333333332,22.71666666666667,22.537499999999998,22.650000000000002,30.1,30.2,30.1,30.2,18.1,18.0,17.6,18.0,12.7,12.6,13.6,14.2,-0.20000000000000004,0.20000000000000004,-0.30000000000000004,0.30000000000000004,-0.20000000000000004,0.20000000000000004
2026-03-29,0.0,0.0,0.0,0.0,23.191666666666666,22.833333333333332,22.608333333333334,22.34166666666667,30.8,30.5,30.5,30.8,18.4,17.9,17.6,17.0,12.0,11.9,12.0,14.9,0.0,0.0,0.0,0.0,0.0,0.0
2026-03-30,0.1,0.0,0.39999999999999997,1.7000000000000002,22.099999999999998,22.8,22.03333333333333,22.566666666666666,29.4,30.2,29.7,31.1,17.8,17.8,17.5,18.0,12.2,10.4,11.9,10.9,-0.1,0.1,0.29999999999999993,0.29999999999999993,1.6,1.6
2026-03-31,20.1,16.7,28.7,11.3,20.166666666666668,20.395833333333332,19.595833333333335,20.591666666666665,24.8,25.4,22.5,25.1,17.8,18.4,17.9,18.1,9.8,7.4,9.2,11.6,-3.400000000000002,3.400000000000002,8.599999999999998,8.599999999999998,-8.8,8.8
2026-04-01,21.0,10.2,9.1,1.0,20.070833333333333,20.091666666666665,20.666666666666668,20.920833333333334,25.4,24.5,25.4,26.4,17.0,17.3,17.5,17.1,11.7,9.9,12.1,11.0,-10.8,10.8,-11.9,11.9,-20.0,20.0
2026-04-02,6.5,3.8,0.8,0.8,21.745833333333334,20.8,21.2,21.554166666666664,27.2,26.0,26.4,26.9,18.4,18.0,18.5,18.6,13.2,12.1,12.3,13.0,-2.7,2.7,-5.7,5.7,-5.7,5.7
2026-04-03,0.5,2.3000000000000003,1.4,1.1,22.45,21.587500000000002,21.604166666666668,22.34166666666667,28.1,27.1,27.1,27.1,18.5,18.0,17.0,18.8,12.4,12.6,13.8,17.0,1.8000000000000003,1.8000000000000003,0.8999999999999999,0.8999999999999999,0.6000000000000001,0.6000000000000001
2026-04-04,6.8999999999999995,3.2,1.0,1.5,22.316666666666666,21.912499999999998,22.087500000000002,21.670833333333334,28.4,27.8,27.2,27.1,18.9,18.2,17.8,17.6,10.4,6.4,7.3,8.5,-3.6999999999999993,3.6999999999999993,-5.8999999999999995,5.8999999999999995,-5.3999999999999995,5.3999999999999995
2026-04-05,0.4,2.0,1.7,1.6,21.599999999999998,21.108333333333334,21.1375,21.025000000000002,26.9,25.5,25.2,24.6,17.5,17.9,18.4,18.5,12.4,10.7,11.9,13.0,1.6,1.6,1.2999999999999998,1.2999999999999998,1.2000000000000002,1.2000000000000002
2026-04-06,0.5,0.5,0.1,0.5,22.170833333333334,21.545833333333334,21.545833333333334,21.704166666666666,27.5,27.2,27.4,27.6,18.7,18.4,18.9,18.6,12.4,12.6,12.5,12.7,0.0,0.0,-0.4,0.4,0.0,0.0
2026-04-07,9.2,9.1,1.1,3.3000000000000003,22.22083333333333,22.479166666666668,23.016666666666666,22.920833333333334,27.9,29.0,29.6,28.2,19.2,18.7,18.1,18.7,12.6,8.9,9.7,12.9,-0.09999999999999964,0.09999999999999964,-8.1,8.1,-5.899999999999999,5.899999999999999
2026-04-08,1.6,2.0,2.8,2.9,22.133333333333336,22.47083333333333,22.733333333333334,22.97083333333333,24.8,27.9,27.9,28.9,19.9,20.0,20.4,20.1,16.5,19.8,21.3,22.6,0.3999999999999999,0.3999999999999999,1.1999999999999997,1.1999999999999997,1.2999999999999998,1.2999999999999998
2026-04-09,14.1,2.3,2.6,5.3,20.758333333333333,21.0,21.224999999999998,20.883333333333333,25.2,26.2,25.7,24.9,18.5,18.1,18.3,19.0,14.6,12.9,13.5,12.8,-11.8,11.8,-11.5,11.5,-8.8,8.8
2026-04-10,1.5,1.0,0.0,0.9,18.349999999999998,18.2,18.625,18.720833333333335,21.0,20.5,22.9,21.0,16.8,16.2,16.5,16.5,10.3,11.6,13.3,12.6,-0.5,0.5,-1.5,1.5,-0.6,0.6
2026-04-11,0.0,0.1,0.0,0.1,18.620833333333334,18.379166666666666,18.258333333333333,17.933333333333334,24.8,23.2,22.3,21.1,15.1,15.1,15.2,15.4,14.5,13.0,13.4,14.1,0.1,0.1,0.0,0.0,0.1,0.1
2026-04-12,0.0,0.0,0.0,0.0,19.416666666666668,19.133333333333333,19.0,19.258333333333333,26.4,26.0,25.5,25.5,14.6,14.6,14.7,15.4,12.1,12.5,13.8,15.2,0.0,0.0,0.0,0.0,0.0,0.0
2026-04-13,0.1,0.0,0.0,0.0,20.979166666666668,20.3125,20.095833333333335,19.908333333333335,27.5,27.0,26.9,26.4,17.0,16.2,16.1,15.9,12.7,13.8,14.8,14.8,-0.1,0.1,-0.1,0.1,-0.1,0.1
2026-04-14,0.0,0.0,0.0,0.0,20.25,19.9375,19.491666666666667,19.733333333333334,26.9,27.3,26.3,26.8,16.5,15.7,15.1,16.1,14.8,15.0,13.5,13.0,0.0,0.0,0.0,0.0,0.0,0.0
2026-04-15,0.0,0.0,0.0,0.0,20.054166666666667,19.579166666666666,19.537499999999998,19.483333333333334,26.9,27.2,26.8,27.1,14.8,14.6,14.6,14.4,10.8,12.9,14.4,13.2,0.0,0.0,0.0,0.0,0.0,0.0
2026-04-16,0.0,0.0,0.0,0.0,21.166666666666668,21.158333333333335,21.295833333333334,20.416666666666668,28.0,29.0,29.0,28.0,15.7,15.5,16.0,14.9,10.3,11.1,11.3,11.6,0.0,0.0,0.0,0.0,0.0,0.0
2026-04-17,0.0,0.2,0.0,0.0,23.1375,23.579166666666666,23.925,23.2,29.5,30.2,30.5,30.5,15.5,16.5,16.9,15.5,9.5,11.3,10.9,12.6,0.2,0.2,0.0,0.0,0.0,0.0
2026-04-18,3.1,8.2,7.4,0.0,23.083333333333332,21.8,22.933333333333334,23.579166666666666,27.6,26.7,28.7,29.5,19.7,17.7,19.2,19.3,14.4,16.1,11.9,14.0,5.1,5.1,4.300000000000001,4.300000000000001,-3.1,3.1
2026-04-19,0.0,0.0,0.0,0.0,21.900000000000002,21.175,20.8125,21.216666666666665,28.6,27.9,26.3,27.7,18.0,16.7,17.5,17.8,13.3,11.5,9.2,10.7,0.0,0.0,0.0,0.0,0.0,0.0
2026-04-20,0.0,0.0,0.0,0.0,20.037499999999998,19.508333333333333,19.245833333333334,18.8125,26.9,25.9,25.6,25.8,15.9,15.1,14.6,12.6,11.2,11.5,12.6,10.9,0.0,0.0,0.0,0.0,0.0,0.0
2026-04-21,0.0,0.0,0.0,0.0,19.170833333333334,19.325,19.129166666666666,19.0625,26.4,26.6,27.0,27.1,14.1,14.4,14.4,14.4,12.6,9.8,12.0,15.3,0.0,0.0,0.0,0.0,0.0,0.0
2026-04-22,0.0,0.0,0.0,0.0,20.400000000000002,19.520833333333332,19.745833333333334,20.1125,27.3,27.6,28.5,29.2,15.9,14.4,14.6,15.1,13.0,14.8,13.7,14.8,0.0,0.0,0.0,0.0,0.0,0.0
2026-04-23,0.0,0.0,0.0,0.0,20.349999999999998,19.529166666666665,19.491666666666667,20.179166666666667,27.1,27.1,27.5,28.2,17.0,15.3,14.9,15.2,12.7,12.4,13.0,13.9,0.0,0.0,0.0,0.0,0.0,0.0
2026-04-24,0.0,0.0,0.0,0.0,22.020833333333332,21.379166666666666,21.033333333333335,21.7625,29.1,29.0,29.4,29.7,16.8,16.1,16.0,15.2,10.3,10.0,11.4,11.7,0.0,0.0,0.0,0.0,0.0,0.0
2026-04-25,0.0,0.0,0.0,0.0,23.733333333333334,23.8125,23.6875,24.1125,28.8,29.6,29.8,30.1,18.7,17.4,16.4,16.6,16.6,14.9,14.1,13.7,0.0,0.0,0.0,0.0,0.0,0.0
2026-04-26,0.0,0.0,0.0,0.0,24.666666666666668,25.133333333333336,25.266666666666666,25.616666666666664,29.9,30.5,30.9,31.2,18.8,20.1,20.2,19.9,17.1,17.0,16.8,19.9,0.0,0.0,0.0,0.0,0.0,0.0
2026-04-27,14.3,5.2,13.9,3.7,22.9875,23.483333333333334,23.695833333333336,24.3125,27.8,28.8,29.5,29.7,20.0,20.0,21.0,20.8,16.2,19.3,17.5,15.3,-9.100000000000001,9.100000000000001,-0.40000000000000036,0.40000000000000036,-10.600000000000001,10.600000000000001
2026-04-28,12.200000000000001,11.5,5.2,4.9,21.416666666666668,21.033333333333335,21.629166666666666,21.724999999999998,27.0,25.2,27.7,27.0,19.1,19.0,19.3,19.5,10.6,8.3,10.4,10.0,-0.7000000000000011,0.7000000000000011,-7.000000000000001,7.000000000000001,-7.300000000000001,7.300000000000001
2026-04-29,15.4,2.7,0.0,0.0,21.279166666666665,21.875,22.1875,23.5625,28.5,28.6,28.1,29.4,17.7,18.6,18.9,19.1,13.7,11.4,12.2,14.1,-12.7,12.7,-15.4,15.4,-15.4,15.4
2026-04-30,3.3,1.2,1.9,0.5,20.254166666666666,21.34166666666667,21.46666666666667,22.870833333333334,27.4,28.0,27.0,28.5,17.2,18.1,18.6,18.6,14.2,11.2,11.5,9.2,-2.0999999999999996,2.0999999999999996,-1.4,1.4,-2.8,2.8
2026-05-01,0.6000000000000001,0.6000000000000001,0.6000000000000001,0.4,21.545833333333334,21.425,22.15833333333333,22.6375,26.5,26.5,26.6,27.7,18.1,17.1,18.8,19.5,10.2,10.8,10.5,9.8,0.0,0.0,0.0,0.0,-0.20000000000000007,0.20000000000000007
2026-05-02,0.2,0.2,0.0,0.0,22.25,22.691666666666666,22.55,22.316666666666666,27.5,27.6,27.5,27.6,19.0,17.8,16.9,16.4,15.5,16.2,16.0,15.7,0.0,0.0,-0.2,0.2,-0.2,0.2
2026-05-03,1.7,1.9,0.5,2.0,17.349999999999998,18.233333333333334,18.345833333333335,18.175,19.9,21.2,21.7,20.8,15.3,15.6,16.1,15.6,15.2,16.1,15.5,16.8,0.19999999999999996,0.19999999999999996,-1.2,1.2,0.30000000000000004,0.30000000000000004
2026-05-04,2.1999999999999997,0.4,2.8000000000000003,2.4,19.016666666666666,18.979166666666668,19.083333333333332,19.3625,25.0,25.3,24.4,25.5,14.2,14.4,15.4,15.1,13.9,14.0,12.0,13.4,-1.7999999999999998,1.7999999999999998,0.6000000000000005,0.6000000000000005,0.20000000000000018,0.20000000000000018
2026-05-05,0.0,0.0,0.0,0.8,21.833333333333332,21.52916666666667,21.566666666666666,21.279166666666665,27.2,27.5,28.1,28.5,16.1,15.6,15.9,16.0,6.9,8.3,8.2,8.8,0.0,0.0,0.0,0.0,0.8,0.8
2026-05-06,0.0,0.0,0.0,0.0,22.837500000000002,22.320833333333336,22.483333333333334,22.7625,28.7,28.6,28.6,29.0,17.5,16.3,17.2,17.5,10.4,9.4,8.2,9.7,0.0,0.0,0.0,0.0,0.0,0.0
2026-05-07,0.0,0.0,0.0,0.0,23.233333333333334,23.258333333333336,23.15833333333333,23.208333333333332,28.8,29.1,29.3,29.0,18.0,17.0,17.0,16.9,16.5,15.5,17.0,14.9,0.0,0.0,0.0,0.0,0.0,0.0
2026-05-08,0.1,0.0,0.0,0.0,24.058333333333334,24.09166666666667,24.541666666666668,24.6125,28.1,28.1,29.0,29.5,20.8,20.8,21.0,20.4,22.3,22.1,22.6,23.2,-0.1,0.1,-0.1,0.1,-0.1,0.1
2026-05-09,0.0,0.0,0.0,0.8,23.75,24.375,24.391666666666666,24.316666666666666,28.1,29.4,28.8,28.6,19.7,21.2,21.6,22.1,18.9,19.5,17.9,16.9,0.0,0.0,0.0,0.0,0.8,0.8
2026-05-10,12.6,12.8,13.4,27.4,15.433333333333332,16.204166666666666,17.720833333333335,17.349999999999998,18.9,20.6,22.0,23.0,12.9,13.5,13.8,14.0,10.8,9.5,10.8,10.8,0.20000000000000107,0.20000000000000107,0.8000000000000007,0.8000000000000007,14.799999999999999,14.799999999999999
2026-05-11,0.0,0.0,0.1,1.3,13.254166666666668,14.104166666666666,15.066666666666668,15.4375,18.1,18.9,19.5,19.2,8.9,10.0,11.9,12.9,9.1,7.1,9.6,9.3,0.0,0.0,0.1,0.1,1.3,1.3
2026-05-12,0.0,0.0,0.0,0.0,13.549999999999999,13.829166666666666,14.170833333333334,14.420833333333334,19.7,19.7,20.1,20.4,8.4,8.8,9.0,10.1,9.0,9.0,9.3,9.1,0.0,0.0,0.0,0.0,0.0,0.0
2026-05-13,0.0,0.0,0.0,0.0,15.966666666666667,16.283333333333335,16.6375,17.016666666666666,24.0,24.1,24.0,25.4,8.8,10.1,10.4,10.4,6.3,7.4,8.3,9.3,0.0,0.0,0.0,0.0,0.0,0.0
2026-05-14,0.0,0.0,0.0,0.0,18.279166666666665,17.974999999999998,17.908333333333335,18.05,25.6,25.4,25.4,25.3,12.8,11.4,12.6,12.2,10.0,8.1,10.5,12.1,0.0,0.0,0.0,0.0,0.0,0.0
2026-05-15,7.5,8.3,8.9,8.7,17.008333333333333,16.724999999999998,16.304166666666667,17.379166666666666,18.8,18.7,19.1,21.0,15.9,14.7,14.8,15.0,7.2,5.4,5.3,5.6,0.8000000000000007,0.8000000000000007,1.4000000000000004,1.4000000000000004,1.1999999999999993,1.1999999999999993
2026-05-16,7.6000000000000005,2.7,7.6,0.7999999999999999,18.583333333333332,19.125,18.091666666666665,17.925,24.9,24.9,23.2,23.5,13.8,15.8,14.4,13.9,10.6,10.2,9.9,9.1,-4.9,4.9,-8.881784197001252e-16,8.881784197001252e-16,-6.800000000000001,6.800000000000001
2026-05-17,11.3,2.0,8.7,8.6,18.479166666666668,19.679166666666667,19.587500000000002,19.316666666666666,22.6,25.0,24.5,26.3,16.6,14.9,16.6,16.5,11.4,9.2,12.6,10.8,-9.3,9.3,-2.6000000000000014,2.6000000000000014,-2.700000000000001,2.700000000000001
2026-05-18,2.2,8.5,10.5,17.6,17.620833333333334,18.712500000000002,18.416666666666668,17.775000000000002,20.1,21.0,20.5,20.2,16.0,16.5,16.0,15.2,10.1,15.5,15.1,14.3,6.3,6.3,8.3,8.3,15.400000000000002,15.400000000000002
2026-05-19,4.2,2.4,0.9,1.3,16.6875,16.733333333333334,16.179166666666667,15.858333333333334,18.5,19.0,17.7,18.0,15.6,14.9,15.1,14.8,7.6,7.9,8.6,10.1,-1.8000000000000003,1.8000000000000003,-3.3000000000000003,3.3000000000000003,-2.9000000000000004,2.9000000000000004
2026-05-20,3.7,7.4,0.7000000000000001,0.7,17.212500000000002,16.349999999999998,16.608333333333334,16.370833333333334,20.9,19.8,20.5,21.0,14.9,14.2,14.1,14.1,8.7,8.0,9.0,12.0,3.7,3.7,-3.0,3.0,-3.0,3.0
2026-05-21,0.8,0.7000000000000001,0.9,1.0,15.220833333333333,15.316666666666668,14.924999999999999,15.241666666666667,17.4,16.5,16.2,18.5,13.7,13.5,13.7,13.6,11.8,13.3,13.5,12.4,-0.09999999999999998,0.09999999999999998,0.09999999999999998,0.09999999999999998,0.19999999999999996,0.19999999999999996
2026-05-22,0.7000000000000001,0.8,1.0,2.5,14.4125,14.200000000000001,14.525,14.641666666666666,16.2,15.6,16.5,16.7,13.2,13.4,13.5,13.4,11.0,10.8,10.7,11.6,0.09999999999999998,0.09999999999999998,0.29999999999999993,0.29999999999999993,1.7999999999999998,1.7999999999999998
2026-05-23,26.9,42.0,35.8,31.0,16.579166666666666,16.008333333333333,15.708333333333334,16.0125,21.0,19.4,17.9,18.5,14.4,13.9,13.9,14.4,9.0,12.1,11.2,9.5,15.100000000000001,15.100000000000001,8.899999999999999,8.899999999999999,4.100000000000001,4.100000000000001
2026-05-24,10.9,19.8,24.0,26.4,18.066666666666666,17.45,16.983333333333334,16.504166666666666,23.8,22.5,21.9,21.2,15.2,14.9,14.2,13.9,13.9,11.0,8.6,11.4,8.9,8.9,13.1,13.1,15.499999999999998,15.499999999999998
2026-05-25,1.0,0.30000000000000004,0.1,1.2,17.666666666666668,16.974999999999998,16.666666666666668,16.775000000000002,22.6,21.0,19.4,20.6,14.8,14.8,15.1,14.6,8.9,8.7,8.0,8.2,-0.7,0.7,-0.9,0.9,0.19999999999999996,0.19999999999999996
2026-05-26,1.9,1.8,5.2,0.30000000000000004,19.841666666666665,19.474999999999998,17.929166666666667,18.466666666666665,25.8,25.0,24.0,24.3,16.1,15.6,15.3,15.0,11.3,9.7,10.0,8.0,-0.09999999999999987,0.09999999999999987,3.3000000000000003,3.3000000000000003,-1.5999999999999999,1.5999999999999999
2026-05-27,1.5,1.4,1.5,1.6,17.8,18.058333333333334,17.295833333333334,16.962500000000002,22.8,23.0,22.4,22.4,14.4,14.4,15.1,13.4,10.5,10.1,11.9,14.4,-0.10000000000000009,0.10000000000000009,0.0,0.0,0.10000000000000009,0.10000000000000009
2026-05-28,0.0,0.0,0.0,0.2,15.0625,15.129166666666668,14.979166666666666,14.708333333333334,20.2,20.0,19.0,19.5,11.4,11.6,11.7,11.1,11.0,9.9,10.1,10.0,0.0,0.0,0.0,0.0,0.2,0.2
2026-05-29,0.0,0.1,0.0,0.0,15.741666666666667,15.450000000000001,15.429166666666667,15.220833333333333,20.5,20.1,20.0,20.5,12.9,13.1,12.9,12.9,11.6,11.0,11.2,11.4,0.1,0.1,0.0,0.0,0.0,0.0
2026-05-30,0.30000000000000004,0.7000000000000001,0.0,0.0,17.279166666666665,17.095833333333335,16.175,15.491666666666667,21.8,21.5,19.8,19.0,14.7,14.3,13.7,12.4,9.4,9.8,9.1,10.1,0.4,0.4,-0.30000000000000004,0.30000000000000004,-0.30000000000000004,0.30000000000000004
2026-05-31,0.1,0.0,0.0,0.0,16.733333333333334,16.337500000000002,16.7625,17.304166666666667,20.5,20.6,21.4,22.2,14.4,14.4,14.1,13.9,9.3,9.1,6.4,5.4,-0.1,0.1,-0.1,0.1,-0.1,0.1
