date,cemaden_precip_idw_mm,reconstituido_mm,delta_mm,divergente_001_mm
,,0.8160021206946119,,False
2015-01-01,1.30634785507763,1.3063478550777,6.994405055138486e-14,False
2015-01-02,2.7607162907863487,2.760716290786445,9.636735853746359e-14,False
2015-01-03,2.0783314231788754,2.078331423178954,7.860379014346108e-14,False
2015-01-04,0.8370835043475942,0.8370835043476256,3.141931159689193e-14,False
2015-01-05,10.994810471523872,10.994810471524142,2.7000623958883807e-13,False
2015-01-06,1.8800781851262416,1.880078185126302,6.039613253960852e-14,False
2015-01-07,20.591477560729825,20.59147756073049,6.643574579356937e-13,False
2015-01-08,16.70093732880667,16.700937328807118,4.476419235288631e-13,False
2015-01-09,0.9844739712460888,0.9844739712461081,1.9317880628477724e-14,False
2015-01-10,2.785562957965718,2.785562957965847,1.2922996006636822e-13,False
2015-01-11,1.5506106344100512,1.5506106344100816,3.042011087472929e-14,False
2015-01-12,18.69057453281258,18.690574532812462,-1.1723955140041653e-13,False
2015-01-13,4.33881002119808,4.338810021198209,1.2878587085651816e-13,False
2015-01-14,13.896818708453727,13.89681870845348,-2.469136006766348e-13,False
2015-01-15,10.46667576667362,10.466675766673582,-3.730349362740526e-14,False
2015-01-16,1.3917336938452307,1.391733693845259,2.8199664825478976e-14,False
2015-01-17,0.1497813383537117,0.14978133835371363,1.915134717478395e-15,False
2015-01-18,0.1718318192859227,0.17183181928592364,9.43689570931383e-16,False
2015-01-19,0.9734330943174538,0.9734330943174936,3.9745984281580604e-14,False
2015-01-20,0.238422772115726,0.23842277211572666,6.661338147750939e-16,False
2015-01-21,0.4940542620113508,0.49405426201134617,-4.6074255521944e-15,False
2015-01-22,19.537336012532585,19.537336012532453,-1.3145040611561853e-13,False
2015-01-23,8.755229514290322,8.755229514290326,3.552713678800501e-15,False
2015-01-24,3.719820661872122,3.7198206618722467,1.247890679678676e-13,False
2015-01-25,0.7459153487629235,0.745915348762949,2.5424107263916085e-14,False
2015-01-26,17.470576735772838,17.470576735773236,3.979039320256561e-13,False
2015-01-27,7.774505548334163,7.7745055483343934,2.3003821070233244e-13,False
2015-01-28,14.802815996095267,14.802815996094544,-7.229772336359019e-13,False
2015-01-29,0.2689338906994876,0.26893389069949747,9.880984919163893e-15,False
2015-01-30,0.3716659383827127,0.37166593838271944,6.716849298982197e-15,False
2015-01-31,0.3733988702815353,0.3733988702815535,1.8207657603852567e-14,False
2015-02-01,1.220902641279546,1.2209026412795785,3.241851231905457e-14,False
2015-02-02,6.004018405282579,6.004018405282639,5.950795411990839e-14,False
2015-02-03,2.037111737205053,2.0371117372051466,9.370282327836321e-14,False
2015-02-04,0.2459688500728379,0.24596885007284686,8.965050923848139e-15,False
2015-02-05,28.34676665419048,28.346766654190787,3.090860900556436e-13,False
2015-02-06,24.750081531368565,24.750081531368224,-3.410605131648481e-13,False
2015-02-07,10.379903442128873,10.379903442128597,-2.753353101070388e-13,False
2015-02-08,0.3730184427362892,0.3730184427363036,1.4377388168895777e-14,False
2015-02-09,3.0955456291786643,3.095545629178732,6.794564910705958e-14,False
2015-02-10,2.705555429067531,2.705555429067608,7.682743330406083e-14,False
2015-02-11,8.321171048478536,8.321171048478787,2.504663143554353e-13,False
2015-02-12,0.1816358535226261,0.18163585352263226,6.161737786669619e-15,False
2015-02-13,1.4743170836123314,1.474317083612381,4.951594689828198e-14,False
2015-02-14,2.816632665464988,2.816632665465085,9.725553695716371e-14,False
2015-02-15,12.622512365136496,12.622512365136282,-2.1316282072803006e-13,False
2015-02-16,40.3880332429743,40.38803324297386,-4.405364961712621e-13,False
2015-02-17,15.219240918537547,15.219240918537645,9.769962616701378e-14,False
2015-02-18,13.078894566805506,13.07889456680569,1.8474111129762605e-13,False
2015-02-19,0.4184883431792304,0.41848834317924694,1.6542323066914832e-14,False
2015-02-20,0.487948314429235,0.48794831442924874,1.3766765505351941e-14,False
2015-02-21,0.3049479787462124,0.3049479787462262,1.3822276656583199e-14,False
2015-02-22,0.0378016763775152,0.03780167637751657,1.3739009929736312e-15,False
2015-02-23,2.408520470857182,2.408520470857113,-6.88338275267597e-14,False
2015-02-24,7.996743266620266,7.996743266620609,3.4283687000424834e-13,False
2015-02-25,49.5351584373266,49.5351584373257,-9.023892744153272e-13,False
2015-02-26,2.313653439894864,2.3136534398949533,8.926193117986259e-14,False
2015-02-27,0.3873982275902518,0.38739822759026965,1.787459069646502e-14,False
2015-02-28,11.792314928645654,11.79231492864595,2.9665159217984183e-13,False
2015-03-01,1.048181049100631,1.0481810491006538,2.2870594307278225e-14,False
2015-03-02,0.0898564653555593,0.08985646535556241,3.1086244689504383e-15,False
2015-03-03,0.0770122558101472,0.07701225581014974,2.5396351688300456e-15,False
2015-03-04,0.1282550070886537,0.12825500708865784,4.135580766728708e-15,False
2015-03-05,0.5767862765598429,0.5767862765598656,2.2648549702353193e-14,False
2015-03-06,44.24681607042629,44.24681607042509,-1.2008172234345693e-12,False
2015-03-07,39.921653618249536,39.92165361824942,-1.1368683772161603e-13,False
2015-03-08,12.22956421578023,12.229564215780192,-3.730349362740526e-14,False
2015-03-09,29.22074311117713,29.220743111177235,1.0658141036401503e-13,False
2015-03-10,1.3661975906581951,1.3661975906582218,2.6645352591003757e-14,False
2015-03-11,10.559872153908014,10.559872153907822,-1.9184653865522705e-13,False
2015-03-12,3.586720746740718,3.5867207467407876,6.972200594645983e-14,False
2015-03-13,17.03870038680206,17.03870038680203,-2.842170943040401e-14,False
2015-03-14,5.255485987149347,5.255485987149184,-1.6342482922482304e-13,False
2015-03-15,4.863596872254949,4.863596872255015,6.572520305780927e-14,False
2015-03-16,16.050001224277477,16.050001224277636,1.5987211554602254e-13,False
2015-03-17,1.2712178057654824,1.2712178057655068,2.4424906541753444e-14,False
2015-03-18,1.5402147772898986,1.5402147772898775,-2.1094237467877974e-14,False
2015-03-19,16.898760265648566,16.89876026564882,2.5579538487363607e-13,False
2015-03-20,30.079149247976662,30.079149247975995,-6.679101716144942e-13,False
2015-03-21,4.317809895572423,4.3178098955724575,3.4638958368304884e-14,False
2015-03-22,3.9308583980922136,3.9308583980922815,6.794564910705958e-14,False
2015-03-23,0.1465730155736583,0.1465730155736635,5.218048215738236e-15,False
2015-03-24,0.1746034395351082,0.17460343953511523,7.022160630754115e-15,False
2015-03-25,0.0696957315541551,0.06969573155415769,2.5951463200613034e-15,False
2015-03-26,0.0435915047002629,0.0435915047002643,1.4016565685892601e-15,False
2015-03-27,0.0334942050761836,0.03349420507618456,9.575673587391975e-16,False
2015-03-28,0.0219114926530868,0.021911492653087363,5.620504062164855e-16,False
2015-03-29,5.574331915384712,5.574331915384788,7.638334409421077e-14,False
2015-03-30,6.731928209355708,6.731928209355702,-6.217248937900877e-15,False
2015-03-31,0.6446117002462798,0.6446117002462814,1.6653345369377348e-15,False
2015-04-01,0.0233266850525757,0.023326685052576315,6.140921104957897e-16,False
2015-04-02,0.1345420600140614,0.13454206001405333,-8.076872504148014e-15,False
2015-04-03,0.015457768027797,0.015457768027797485,4.85722573273506e-16,False
2015-04-04,0.0131238554244681,0.013123855424468468,3.677613769070831e-16,False
2015-04-05,0.1975888272047057,0.19758882720471208,6.38378239159465e-15,False
2015-04-06,1.497862668254105,1.4978626682540561,-4.884981308350689e-14,False
2015-04-07,5.247486435580537,5.24748643558049,-4.707345624410664e-14,False
2015-04-08,0.0108687458140402,0.010868745814040464,2.636779683484747e-16,False
2015-04-09,0.0098894172766832,0.009889417276683434,2.3418766925686896e-16,False
2015-04-10,0.0089378894704293,0.008937889470429637,3.365363543395006e-16,False
2015-04-11,0.0065929448511221,0.006592944851122288,1.8821749714348357e-16,False
2015-04-12,0.0065929448511221,0.006592944851122288,1.8821749714348357e-16,False
2015-04-13,0.0065929448511221,0.006592944851122288,1.8821749714348357e-16,False
2015-04-14,0.0064288315480452,0.006428831548045427,2.2724877535296173e-16,False
2015-04-15,14.396795935677938,14.396795935677975,3.730349362740526e-14,False
2015-04-16,11.417135512314251,11.41713551231442,1.687538997430238e-13,False
2015-04-17,0.274630156809545,0.27463015680955727,1.226796442210798e-14,False
2015-04-18,0.038841287458873,0.03884128745887449,1.4918621893400541e-15,False
2015-04-19,5.950913632209228,5.950913632209171,-5.684341886080802e-14,False
2015-04-20,0.5051306033013012,0.5051306033013059,4.6629367034256575e-15,False
2015-04-21,1.960034700580509,1.9600347005805054,-3.552713678800501e-15,False
2015-04-22,18.786634346193964,18.786634346193598,-3.659295089164516e-13,False
2015-04-23,0.1186046488615925,0.11860464886159647,3.969047313034935e-15,False
2015-04-24,0.0763255008828449,0.07632550088284781,2.914335439641036e-15,False
2015-04-25,0.1722278950412297,0.17222789504123603,6.328271240363392e-15,False
2015-04-26,0.5817491421225974,0.5817491421226089,1.1435297153639112e-14,False
2015-04-27,0.0247045566073728,0.024704556607373664,8.638922910364499e-16,False
2015-04-28,0.0213836136024036,0.02138361360240446,8.604228440844963e-16,False
2015-04-29,0.0876381431497354,0.08763814314973897,3.566591466608315e-15,False
2015-04-30,0.3335063799897174,0.33350637998972704,9.658940314238862e-15,False
2015-05-01,0.0132710784387707,0.013271078438771202,5.0133508455729725e-16,False
2015-05-02,0.0147619963960783,0.014761996396078916,6.158268339717665e-16,False
2015-05-03,0.0140934895688125,0.014093489568813122,6.227657278756737e-16,False
2015-05-04,8.449517665844516,8.449517665844501,-1.4210854715202004e-14,False
2015-05-05,0.480942165781289,0.48094216578130417,1.5154544286133387e-14,False
2015-05-06,0.0304110876562792,0.030411087656280523,1.321859288694327e-15,False
2015-05-07,0.5974441818241016,0.597444181824108,6.328271240363392e-15,False
2015-05-08,0.9066979538687846,0.9066979538688277,4.3076653355456074e-14,False
2015-05-09,0.0240817672241688,0.024081767224169697,8.98586760555986e-16,False
2015-05-10,19.93270800543886,19.932708005438844,-1.7763568394002505e-14,False
2015-05-11,1.0293369102941208,1.0293369102941528,3.197442310920451e-14,False
2015-05-12,1.5755867008910334,1.5755867008910496,1.6209256159527285e-14,False
2015-05-13,1.5354499619763349,1.5354499619763522,1.7319479184152442e-14,False
2015-05-14,0.0725755770250829,0.07257557702508588,2.9837243786801082e-15,False
2015-05-15,0.0546508717802998,0.054650871780302146,2.345346139520643e-15,False
2015-05-16,0.0649670308127703,0.0649670308127731,2.789435349370706e-15,False
2015-05-17,0.0243892902144801,0.02438929021448093,8.291978215169138e-16,False
2015-05-18,0.047957633057872,0.047957633057873345,1.3461454173580023e-15,False
2015-05-19,0.7600258234833516,0.7600258234833565,4.884981308350689e-15,False
2015-05-20,0.0281234185493635,0.028123418549364378,8.777700788442644e-16,False
2015-05-21,0.010005949150273,0.010005949150273464,4.631711680858075e-16,False
2015-05-22,0.010461004296651,0.010461004296651399,3.9898639947466563e-16,False
2015-05-23,0.0048217700799258,0.004821770079926051,2.5153490401663703e-16,False
2015-05-24,0.0071442958182591,0.0071442958182594855,3.8510861166685117e-16,False
2015-05-25,0.005251794069243,0.005251794069243165,1.6479873021779667e-16,False
2015-05-26,0.0139629734725267,0.013962973472527212,5.117434254131581e-16,False
2015-05-27,0.6720707340570655,0.6720707340570684,2.886579864025407e-15,False
2015-05-28,5.331956044233502,5.331956044233471,-3.108624468950438e-14,False
2015-05-29,2.958299970841795,2.958299970841779,-1.5987211554602254e-14,False
2015-05-30,0.0293945632979724,0.029394563297973728,1.3287981825982342e-15,False
2015-05-31,4.906366776382203,4.906366776382228,2.4868995751603507e-14,False
2015-06-01,1.3275664587012046,1.3275664587011973,-7.327471962526033e-15,False
2015-06-02,0.2534848120002432,0.25348481200025075,7.549516567451064e-15,False
2015-06-03,0.0106751346554463,0.01067513465544713,8.291978215169138e-16,False
2015-06-04,0.0053893351417541,0.005389335141754327,2.2724877535296173e-16,False
2015-06-05,0.0119286430682349,0.011928643068235354,4.544975507059235e-16,False
2015-06-06,0.0041636743077822,0.004163674307782374,1.7433970933566911e-16,False
2015-06-07,0.004489827108406,0.004489827108406192,1.9168694409543718e-16,False
2015-06-08,0.0158224692631917,0.015822469263192848,1.1483869410966463e-15,False
2015-06-09,0.1073231981976823,0.10732319819768615,3.858025010572419e-15,False
2015-06-10,0.0012078753225305,0.0012078753225306283,1.2815269678778662e-16,False
2015-06-11,0.0,0.0,0.0,False
2015-06-12,0.197540097562622,0.19754009756263055,8.548717289613705e-15,False
2015-06-13,0.0090965142305091,0.009096514230509754,6.539907504432563e-16,False
2015-06-14,0.0123445771776055,0.012344577177606168,6.678685382510707e-16,False
2015-06-15,8.948029377118214,8.948029377118136,-7.815970093361102e-14,False
2015-06-16,0.1510438258286769,0.15104382582868356,6.661338147750939e-15,False
2015-06-17,0.0148521276252987,0.01485212762529937,6.696032617270475e-16,False
2015-06-18,0.973932247298213,0.9739322472982528,3.9745984281580604e-14,False
2015-06-19,2.270666410736881,2.270666410736877,-3.9968028886505635e-15,False
2015-06-20,0.0418499173385971,0.04184991733859889,1.790234627208065e-15,False
2015-06-21,0.0062497538454706,0.006249753845471087,4.865899350114944e-16,False
2015-06-22,0.0576142779798771,0.05761427797987941,2.310651670001107e-15,False
2015-06-23,0.0777436908031501,0.07774369080315156,1.457167719820518e-15,False
2015-06-24,5.277785371547539,5.277785371547576,3.730349362740526e-14,False
2015-06-25,0.1353211616810105,0.13532116168101563,5.134781488891349e-15,False
2015-06-26,0.0080506846889183,0.008050684688918579,2.7929047963226594e-16,False
2015-06-27,0.0181912540195765,0.018191254019577725,1.2247147740396258e-15,False
2015-06-28,0.2684863906613752,0.2684863906613939,1.8707257964933888e-14,False
2015-06-29,0.1241476830788478,0.12414768307885249,4.690692279041286e-15,False
2015-06-30,0.3666078214164089,0.3666078214164235,1.459943277382081e-14,False
2015-07-01,0.9394807648868804,0.9394807648868762,-4.218847493575595e-15,False
2015-07-02,0.1450072787638329,0.14500727876383132,-1.582067810090848e-15,False
2015-07-03,36.57292068995741,36.57292068995809,6.821210263296962e-13,False
2015-07-04,6.975152536764512,6.975152536764489,-2.3092638912203256e-14,False
2015-07-05,0.4531275390424282,0.45312753904244035,1.2156942119645464e-14,False
2015-07-06,0.1885168330991621,0.1885168330991689,6.800116025829084e-15,False
2015-07-07,6.582732901206247,6.582732901206294,4.618527782440651e-14,False
2015-07-08,1.7697189518359295,1.7697189518360064,7.682743330406083e-14,False
2015-07-09,0.1212062208205966,0.12120622082060137,4.773959005888173e-15,False
2015-07-10,0.0616621140869729,0.06166211408697571,2.8102520310824275e-15,False
2015-07-11,2.7478381723394283,2.7478381723394256,-2.6645352591003757e-15,False
2015-07-12,0.1033086177253748,0.10330861772537903,4.232725281383409e-15,False
2015-07-13,0.0209199810962748,0.02091998109627545,6.487865800153259e-16,False
2015-07-14,0.0032892783886346,0.0032892783886347607,1.6089560239684886e-16,False
2015-07-15,0.0019245798844653,0.0019245798844653922,9.215718466126788e-17,False
2015-07-16,0.0,0.0,0.0,False
2015-07-17,0.0,0.0,0.0,False
2015-07-18,0.0052973881772431,0.0052973881772433755,2.7582103268031233e-16,False
2015-07-19,0.0018419409552798,0.0018419409552799333,1.3335686721571705e-16,False
2015-07-20,0.0018419409552798,0.0018419409552799333,1.3335686721571705e-16,False
2015-07-21,0.0135884330954751,0.01358843309547582,7.199102425303749e-16,False
2015-07-22,0.0305662069891218,0.03056620698912314,1.339206523454095e-15,False
2015-07-23,0.010555150901252,0.010555150901252768,7.684824998577255e-16,False
2015-07-24,9.707021575758263,9.707021575758091,-1.723066134218243e-13,False
2015-07-25,12.003422045618764,12.003422045618919,1.545430450278218e-13,False
2015-07-26,0.2022795111434333,0.20227951114344284,9.547918011776346e-15,False
2015-07-27,0.0427030595316231,0.04270305953162472,1.6167622796103842e-15,False
2015-07-28,0.0588016360493541,0.05880163604935593,1.8318679906315083e-15,False
2015-07-29,0.1460635969238625,0.14606359692387094,8.43769498715119e-15,False
2015-07-30,0.1401343385751943,0.14013433857520077,6.467049118441537e-15,False
2015-07-31,0.0512616984038231,0.05126169840382549,2.3869795029440866e-15,False
2015-08-01,0.0142611415638241,0.014261141563824808,7.077671781985373e-16,False
2015-08-02,0.0012370860306444,0.0012370860306444706,7.047314121155779e-17,False
2015-08-03,0.0,0.0,0.0,False
2015-08-04,0.0,0.0,0.0,False
2015-08-05,0.0,0.0,0.0,False
2015-08-06,0.0,0.0,0.0,False
2015-08-07,0.0,0.0,0.0,False
2015-08-08,0.0,0.0,0.0,False
2015-08-09,0.0,0.0,0.0,False
2015-08-10,0.0,0.0,0.0,False
2015-08-11,0.0,0.0,0.0,False
2015-08-12,0.0,0.0,0.0,False
2015-08-13,0.0054513718076872,0.0054513718076874326,2.3245294578089215e-16,False
2015-08-14,0.0026376731278788,0.002637673127878942,1.4181364416110398e-16,False
2015-08-15,0.0,0.0,0.0,False
2015-08-16,0.0,0.0,0.0,False
2015-08-17,0.0007944393696845,0.0007944393696845426,4.2609145378680324e-17,False
2015-08-18,0.0,0.0,0.0,False
2015-08-19,0.0041659118481519,0.00416591184815211,2.0990154059319366e-16,False
2015-08-20,0.2542898611175583,0.2542898611175663,7.993605777301127e-15,False
2015-08-21,0.3149975399638376,0.3149975399638471,9.492406860545088e-15,False
2015-08-22,0.0133967942636939,0.013396794263694828,9.280770596475918e-16,False
2015-08-23,0.003532384116297,0.0035323841162971637,1.6349768761081407e-16,False
2015-08-24,0.3980756525775565,0.39807565257755767,1.1657341758564144e-15,False
2015-08-25,3.0845942746130444,3.084594274613047,2.6645352591003757e-15,False
2015-08-26,0.106968663150202,0.10696866315020144,-5.551115123125783e-16,False
2015-08-27,19.545853719773863,19.545853719773778,-8.526512829121202e-14,False
2015-08-28,0.4114755984519561,0.4114755984519715,1.5432100042289676e-14,False
2015-08-29,0.158260021364348,0.15826002136435335,5.35682609381638e-15,False
2015-08-30,0.027974251539554,0.02797425153955507,1.0685896612017132e-15,False
2015-08-31,0.013004810968185,0.013004810968185478,4.787836793695988e-16,False
2015-09-01,0.0917562042176058,0.09175620421760801,2.2065682614424986e-15,False
2015-09-02,0.0928082457009835,0.09280824570098124,-2.2620794126737565e-15,False
2015-09-03,0.0060285223282946,0.006028522328294854,2.5326962749261384e-16,False
2015-09-04,3.0707967933454,3.0707967933454494,4.929390229335695e-14,False
2015-09-05,0.1323150170458298,0.13231501704583412,4.3298697960381105e-15,False
2015-09-06,1.0614709937042572,1.0614709937042703,1.3100631690576847e-14,False
2015-09-07,11.308010160484647,11.308010160484558,-8.881784197001252e-14,False
2015-09-08,65.47464943736325,65.474649437363,-2.5579538487363607e-13,False
2015-09-09,3.846267061436002,3.846267061436099,9.681144774731365e-14,False
2015-09-10,6.379913318586682,6.3799133185866586,-2.3092638912203256e-14,False
2015-09-11,42.54154017453181,42.54154017453161,-1.9895196601282805e-13,False
2015-09-12,2.0910765358397887,2.0910765358398704,8.171241461241152e-14,False
2015-09-13,0.7862205607249051,0.786220560724924,1.887379141862766e-14,False
2015-09-14,0.5631823159854648,0.5631823159854819,1.709743457922741e-14,False
2015-09-15,0.2774120538461326,0.27741205384614026,7.66053886991358e-15,False
2015-09-16,0.1281584055623022,0.12815840556230626,4.052314039881821e-15,False
2015-09-17,0.2028098519256508,0.20280985192565817,7.382983113757291e-15,False
2015-09-18,0.1049266907242041,0.10492669072420793,3.83026943495679e-15,False
2015-09-19,0.0124295867972489,0.012429586797249157,2.5673907444456745e-16,False
2015-09-20,0.0108798580373718,0.010879858037372134,3.3480163086352377e-16,False
2015-09-21,0.0109657024355319,0.010965702435532142,2.42861286636753e-16,False
2015-09-22,0.0080332957066055,0.008033295706605877,3.7643499428696714e-16,False
2015-09-23,0.0048110375224417,0.004811037522441793,9.280770596475918e-17,False
2015-09-24,0.0029933555963426,0.0029933555963427847,1.8474805019152996e-16,False
2015-09-25,9.976890736113356,9.976890736113358,1.7763568394002505e-15,False
2015-09-26,13.4808800294202,13.480880029420208,7.105427357601002e-15,False
2015-09-27,6.657257468216844,6.657257468216772,-7.283063041541027e-14,False
2015-09-28,15.712753097196208,15.712753097196119,-8.881784197001252e-14,False
2015-09-29,0.4508122361788347,0.45081223617885197,1.7263968032921184e-14,False
2015-09-30,3.4004596665522056,3.400459666552261,5.551115123125783e-14,False
2015-10-01,0.4308814728931046,0.4308814728931174,1.2823075934420558e-14,False
2015-10-02,0.2060398632138775,0.20603986321388054,3.0531133177191805e-15,False
2015-10-03,16.688148962539685,16.688148962539476,-2.0961010704922955e-13,False
2015-10-04,0.2946332351779256,0.29463323517793505,9.43689570931383e-15,False
2015-10-05,0.0738610252739992,0.07386102527400132,2.123301534595612e-15,False
2015-10-06,0.0499819384878229,0.04998193848782413,1.2351231148954867e-15,False
2015-10-07,0.035410181071611,0.03541018107161182,8.187894806610529e-16,False
2015-10-08,0.036122653180184,0.03612265318018453,5.342948306008566e-16,False
2015-10-09,0.0314019844988918,0.03140198449889204,2.42861286636753e-16,False
2015-10-10,0.3751015584918807,0.37510155849188864,7.93809462606987e-15,False
2015-10-11,0.0069834532304687,0.006983453230469045,3.443426099813962e-16,False
2015-10-12,0.0530673958284082,0.05306739582840934,1.1379786002407855e-15,False
2015-10-13,4.318212460805376,4.318212460805361,-1.509903313490213e-14,False
2015-10-14,0.0394006062995245,0.03940060629952567,1.1726730697603216e-15,False
2015-10-15,0.0009458635953177,0.0009458635953177422,4.217546450968612e-17,False
2015-10-16,0.0069107581585516,0.006910758158551862,2.6194324487249787e-16,False
2015-10-17,0.0154760575578443,0.01547605755784483,5.30825383648903e-16,False
2015-10-18,0.0355189676171014,0.035518967617102666,1.2628786905111156e-15,False
2015-10-19,0.0006576831284633,0.0006576831284634062,1.0625181290357943e-16,False
2015-10-20,0.0013017736332805,0.0013017736332805814,8.131516293641283e-17,False
2015-10-21,0.0906406521307256,0.0906406521307291,3.497202527569243e-15,False
2015-10-22,33.26424201367169,33.26424201367124,-4.476419235288631e-13,False
2015-10-23,1.58451646135336,1.5845164613534077,4.773959005888173e-14,False
2015-10-24,0.2912050882630024,0.2912050882630117,9.325873406851315e-15,False
2015-10-25,0.1072171190720658,0.10721711907206943,3.635980405647388e-15,False
2015-10-26,24.266621439922663,24.266621439922403,-2.5934809855243657e-13,False
2015-10-27,2.8771914491557884,2.8771914491557786,-9.769962616701378e-15,False
2015-10-28,0.3524601951816339,0.35246019518163274,-1.1657341758564144e-15,False
2015-10-29,0.7516117007993263,0.7516117007993258,-4.440892098500626e-16,False
2015-10-30,0.0524798392110947,0.052479839211095454,7.563394355258879e-16,False
2015-10-31,0.015773286939847,0.015773286939847486,4.85722573273506e-16,False
2015-11-01,29.4160467172576,29.41604671725739,-2.0961010704922955e-13,False
2015-11-02,33.91371375344601,33.913713753445755,-2.5579538487363607e-13,False
2015-11-03,4.661569523245195,4.661569523245246,5.1514348342607263e-14,False
2015-11-04,23.708184980417663,23.708184980417602,-6.039613253960852e-14,False
2015-11-05,5.457581654112346,5.457581654112405,5.950795411990839e-14,False
2015-11-06,1.4694882551909163,1.4694882551909403,2.398081733190338e-14,False
2015-11-07,0.8175064704619311,0.8175064704619355,4.3298697960381105e-15,False
2015-11-08,0.5732060575206605,0.5732060575206659,5.440092820663267e-15,False
2015-11-09,9.782285924908669,9.782285924908784,1.1546319456101628e-13,False
2015-11-10,0.3935819014768297,0.39358190147684124,1.1546319456101628e-14,False
2015-11-11,2.333788099796155,2.3337880997961116,-4.3520742565306136e-14,False
2015-11-12,0.1332927217341367,0.13329272173414183,5.134781488891349e-15,False
2015-11-13,6.337431720550972,6.337431720550965,-7.105427357601002e-15,False
2015-11-14,7.291021916925517,7.291021916925535,1.865174681370263e-14,False
2015-11-15,6.077406745675763,6.077406745675788,2.4868995751603507e-14,False
2015-11-16,0.1387719019648289,0.13877190196483372,4.829470157119431e-15,False
2015-11-17,10.935134107003668,10.935134107003494,-1.7408297026122455e-13,False
2015-11-18,7.248871298464676,7.248871298464794,1.1723955140041653e-13,False
2015-11-19,0.3905289607714054,0.39052896077141147,6.050715484207103e-15,False
2015-11-20,8.589238548425985,8.589238548425893,-9.237055564881302e-14,False
2015-11-21,9.375907418775531,9.375907418775574,4.263256414560601e-14,False
2015-11-22,1.0392361643718468,1.0392361643718508,3.9968028886505635e-15,False
2015-11-23,7.650879991747745,7.650879991747772,2.6645352591003757e-14,False
2015-11-24,0.5977522749165606,0.5977522749165779,1.7319479184152442e-14,False
2015-11-25,0.2148594475632277,0.2148594475632324,4.690692279041286e-15,False
2015-11-26,0.1332044972587443,0.1332044972587482,3.885780586188048e-15,False
2015-11-27,0.0359149077592769,0.035914907759278115,1.214306433183765e-15,False
2015-11-28,5.363140343416854,5.363140343416925,7.105427357601002e-14,False
2015-11-29,35.162829345889854,35.16282934588953,-3.268496584496461e-13,False
2015-11-30,5.063961880896235,5.063961880896367,1.3233858453531866e-13,False
2015-12-01,0.9676501232080073,0.9676501232080684,6.117328865684613e-14,False
2015-12-02,0.2784259887703848,0.27842598877038677,1.942890293094024e-15,False
2015-12-03,0.2622424879410585,0.2622424879410607,2.220446049250313e-15,False
2015-12-04,1.0333165553649846,1.033316555364983,-1.5543122344752192e-15,False
2015-12-05,3.299579165315464,3.2995791653155906,1.2656542480726785e-13,False
2015-12-06,7.114908397093046,7.114908397093242,1.9539925233402755e-13,False
2015-12-07,7.71804294252275,7.718042942522824,7.37188088351104e-14,False
2015-12-08,0.436758896404157,0.4367588964041651,8.104628079763643e-15,False
2015-12-09,0.1759180261176443,0.17591802611764773,3.4416913763379853e-15,False
2015-12-10,0.8485527577597495,0.8485527577597232,-2.631228568361621e-14,False
2015-12-11,0.03390192972226,0.03390192972226075,7.494005416219807e-16,False
2015-12-12,7.844686209587926,7.844686209587969,4.263256414560601e-14,False
2015-12-13,1.423592686009843,1.4235926860098755,3.26405569239796e-14,False
2015-12-14,0.2902999623970632,0.2902999623970696,6.439293542825908e-15,False
2015-12-15,6.511331517782736,6.5113315177829145,1.7852386235972517e-13,False
2015-12-16,2.9069906737107325,2.9069906737107742,4.1744385725905886e-14,False
2015-12-17,1.889516688294225,1.8895166882942143,-1.0658141036401503e-14,False
2015-12-18,0.1692383170544315,0.16923831705444276,1.1268763699945339e-14,False
2015-12-19,9.630599859759876,9.630599859759908,3.197442310920451e-14,False
2015-12-20,13.787381358574136,13.787381358574004,-1.3145040611561853e-13,False
2015-12-21,24.897046802381663,24.897046802380512,-1.1510792319313623e-12,False
2015-12-22,6.564834763663069,6.564834763663314,2.4513724383723456e-13,False
2015-12-23,2.8730472413014,2.8730472413015105,1.1057821325266559e-13,False
2015-12-24,7.794037871578856,7.794037871578949,9.325873406851315e-14,False
2015-12-25,4.992931011835179,4.992931011835199,2.042810365310288e-14,False
2015-12-26,11.985250921694982,11.985250921694764,-2.184918912462308e-13,False
2015-12-27,2.9267411702392088,2.9267411702393495,1.4077627952246985e-13,False
2015-12-28,8.320379339452781,8.320379339452638,-1.438849039914203e-13,False
2015-12-29,6.78055021648354,6.780550216483473,-6.750155989720952e-14,False
2015-12-30,1.5728700778635225,1.5728700778635785,5.595524044110789e-14,False
2015-12-31,0.3237361276784608,0.3237361276784714,1.0547118733938987e-14,False
2016-01-01,24.517462336899055,24.51746233689805,-1.0054179711005418e-12,False
2016-01-02,12.410775921023896,12.410775921023822,-7.460698725481052e-14,False
2016-01-03,2.328331224481164,2.3283312244812664,1.0258460747536446e-13,False
2016-01-04,0.7522726381078915,0.7522726381079317,4.0190073491430667e-14,False
2016-01-05,0.4439210005497014,0.44392100054972206,2.0650148258027912e-14,False
2016-01-06,0.2649988139629607,0.26499881396296865,7.93809462606987e-15,False
2016-01-07,0.1436061835942711,0.1436061835942738,2.6922908347160046e-15,False
2016-01-08,0.1117354058594294,0.11173540585943088,1.4849232954361469e-15,False
2016-01-09,16.552678969558976,16.552678969559086,1.1013412404281553e-13,False
2016-01-10,14.576801973701103,14.57680197370103,-7.283063041541027e-14,False
2016-01-11,10.90536106935606,10.905361069356122,6.217248937900877e-14,False
2016-01-12,6.752131816480567,6.752131816480575,7.993605777301127e-15,False
2016-01-13,0.8159785504467487,0.8159785504467753,2.653433028854124e-14,False
2016-01-14,8.153730006873158,8.153730006873015,-1.4210854715202004e-13,False
2016-01-15,12.111491224906278,12.11149122490618,-9.769962616701378e-14,False
2016-01-16,0.8394626692786616,0.8394626692786938,3.219646771412954e-14,False
2016-01-17,0.6278736525750425,0.6278736525750662,2.375877272697835e-14,False
2016-01-18,0.449696856987342,0.4496968569873586,1.659783421814609e-14,False
2016-01-19,0.5842158861350183,0.5842158861350241,5.773159728050814e-15,False
2016-01-20,0.1693103300018647,0.1693103300018688,4.08006961549745e-15,False
2016-01-21,0.3621720072478093,0.3621720072478233,1.3988810110276972e-14,False
2016-01-22,0.1075941797415801,0.10759417974158213,2.0261570199409107e-15,False
2016-01-23,0.1833333294235277,0.18333332942353125,3.552713678800501e-15,False
2016-01-24,5.477087885677023,5.477087885677023,0.0,False
2016-01-25,6.006088731524318,6.00608873152418,-1.376676550535194e-13,False
2016-01-26,3.435437269721621,3.435437269721585,-3.597122599785507e-14,False
2016-01-27,28.49255246804969,28.49255246804934,-3.517186542012496e-13,False
2016-01-28,3.930410777659544,3.9304107776597634,2.1938006966593093e-13,False
2016-01-29,0.995269477356821,0.9952694773568669,4.5852210917018965e-14,False
2016-01-30,2.199782568641385,2.199782568641305,-7.993605777301127e-14,False
2016-01-31,0.5803870250849081,0.5803870250849208,1.2656542480726785e-14,False
2016-02-01,0.100827323123231,0.10082732312323274,1.734723475976807e-15,False
2016-02-02,1.7993751056551903,1.7993751056552807,9.037215420448774e-14,False
2016-02-03,0.2800497929105738,0.2800497929105948,2.098321516541546e-14,False
2016-02-04,0.0768312628223656,0.07683126282236946,3.858025010572419e-15,False
2016-02-05,5.382659717815555,5.382659717815585,3.019806626980426e-14,False
2016-02-06,6.608080690458968,6.60808069045907,1.0125233984581428e-13,False
2016-02-07,1.5928415314133737,1.5928415314134523,7.860379014346108e-14,False
2016-02-08,17.270735227354002,17.270735227353338,-6.643574579356937e-13,False
2016-02-09,0.6988575131689754,0.6988575131690207,4.529709940470639e-14,False
2016-02-10,3.852591567571213,3.852591567571143,-7.016609515630989e-14,False
2016-02-11,2.440312421927032,2.440312421927133,1.0080825063596421e-13,False
2016-02-12,0.2943358872777568,0.29433588727776755,1.0769163338864018e-14,False
2016-02-13,0.087347146102474,0.08734714610247639,2.3869795029440866e-15,False
2016-02-14,0.0468652391404832,0.0468652391404846,1.4016565685892601e-15,False
2016-02-15,30.645002792895344,30.64500279289512,-2.2382096176443156e-13,False
2016-02-16,4.679977451702056,4.679977451702197,1.4033219031261979e-13,False
2016-02-17,6.045731216705489,6.045731216705661,1.723066134218243e-13,False
2016-02-18,6.188218784144452,6.188218784144544,9.237055564881302e-14,False
2016-02-19,8.38080664516703,8.380806645167294,2.6290081223123707e-13,False
2016-02-20,7.234317911221132,7.234317911221333,2.007283228522283e-13,False
2016-02-21,27.623481554877493,27.623481554876914,-5.790923296444817e-13,False
2016-02-22,7.278400348082025,7.278400348082241,2.1582735598713043e-13,False
2016-02-23,1.9890663377190627,1.9890663377191422,7.949196856316121e-14,False
2016-02-24,13.949682015361187,13.94968201536121,2.3092638912203256e-14,False
2016-02-25,1.283280165870549,1.2832801658706081,5.906386491005833e-14,False
2016-02-26,6.107484296043933,6.107484296043975,4.1744385725905886e-14,False
2016-02-27,1.1900358185119444,1.1900358185119921,4.773959005888173e-14,False
2016-02-28,12.49042767648604,12.490427676485796,-2.433608869978343e-13,False
2016-02-29,12.922136024785514,12.92213602478559,7.638334409421077e-14,False
2016-03-01,21.43516458648764,21.435164586487293,-3.481659405224491e-13,False
2016-03-02,9.406321625560553,9.406321625560578,2.4868995751603507e-14,False
2016-03-03,9.318327903212298,9.318327903212262,-3.552713678800501e-14,False
2016-03-04,15.978812759035078,15.9788127590346,-4.778399897986674e-13,False
2016-03-05,1.632411316592849,1.6324113165929517,1.0258460747536446e-13,False
2016-03-06,7.690871523150003,7.690871523149817,-1.8562928971732617e-13,False
2016-03-07,4.349494210860259,4.349494210860227,-3.197442310920451e-14,False
2016-03-08,0.6530180393583322,0.6530180393583545,2.220446049250313e-14,False
2016-03-09,2.366409605822709,2.366409605822789,7.993605777301127e-14,False
2016-03-10,20.19418004603135,20.194180046031054,-2.948752353404416e-13,False
2016-03-11,44.30590400032544,44.30590400032455,-8.881784197001252e-13,False
2016-03-12,3.490376968252743,3.4903769682529413,1.98507876802978e-13,False
2016-03-13,1.6555773954968844,1.6555773954969788,9.43689570931383e-14,False
2016-03-14,1.400654435114674,1.4006544351147543,8.038014698286133e-14,False
2016-03-15,1.013609265239295,1.013609265239345,4.9960036108132044e-14,False
2016-03-16,1.3550273419362031,1.3550273419362289,2.5757174171303632e-14,False
2016-03-17,1.0963529882423009,1.0963529882423424,4.1522341120980855e-14,False
2016-03-18,0.2993787745871202,0.29937877458712914,8.93729534823251e-15,False
2016-03-19,0.1204666376729358,0.12046663767293747,1.6653345369377348e-15,False
2016-03-20,0.099913636366196,0.09991363636619699,9.853229343548264e-16,False
2016-03-21,0.092799093809864,0.09279909380986522,1.2212453270876722e-15,False
2016-03-22,0.1842159804773096,0.18421598047731724,7.632783294297951e-15,False
2016-03-23,5.22923389189208,5.229233891891929,-1.509903313490213e-13,False
2016-03-24,0.6224086770652145,0.6224086770652486,3.4083846855992306e-14,False
2016-03-25,16.326146761046708,16.32614676104583,-8.775202786637237e-13,False
2016-03-26,2.490784916177736,2.490784916177857,1.2079226507921703e-13,False
2016-03-27,0.636361445948751,0.6363614459487841,3.3084646133829665e-14,False
2016-03-28,0.2181255670532995,0.21812556705330657,7.077671781985373e-15,False
2016-03-29,2.823659293229779,2.82365929322957,-2.0872192862952943e-13,False
2016-03-30,0.3065515474037925,0.3065515474038068,1.432187701766452e-14,False
2016-03-31,2.333939873955558,2.333939873955682,1.2390088954816747e-13,False
2016-04-01,0.1091937083400811,0.10919370834008632,5.218048215738236e-15,False
2016-04-02,0.0323832476002501,0.032383247600251325,1.2281842209915794e-15,False
2016-04-03,0.1963843672739247,0.1963843672739351,1.0408340855860843e-14,False
2016-04-04,0.0084107702577843,0.00841077025778461,3.0878077872387166e-16,False
2016-04-05,0.0017955611175564,0.001795561117556542,1.4203048459560108e-16,False
2016-04-06,0.0,0.0,0.0,False
2016-04-07,0.0,0.0,0.0,False
2016-04-08,0.0,0.0,0.0,False
2016-04-09,0.0,0.0,0.0,False
2016-04-10,0.2369237138441878,0.23692371384419883,1.1018963519404679e-14,False
2016-04-11,0.0046228895215045,0.004622889521504917,4.172009959724221e-16,False
2016-04-12,0.0,0.0,0.0,False
2016-04-13,0.0234544196537513,0.023454419653752875,1.5751289161869408e-15,False
2016-04-14,0.0203493297201349,0.020349329720135537,6.38378239159465e-16,False
2016-04-15,0.0037657959593336,0.0037657959593338465,2.463307335887066e-16,False
2016-04-16,0.0092016195585018,0.009201619558502187,3.86843335142828e-16,False
2016-04-17,0.0,0.0,0.0,False
2016-04-18,0.0176385933511346,0.017638593351134973,3.712308238590367e-16,False
2016-04-19,0.0,0.0,0.0,False
2016-04-20,0.4199664077440705,0.41996640774409866,2.8144153674247718e-14,False
2016-04-21,0.2438732756662609,0.24387327566627823,1.7319479184152442e-14,False
2016-04-22,0.0038753526112804,0.0038753526112806796,2.7972416050126014e-16,False
2016-04-23,0.0015850922940332,0.001585092294033291,9.085614205428527e-17,False
2016-04-24,0.0,0.0,0.0,False
2016-04-25,0.0146170423925331,0.014617042392533633,5.325601071248798e-16,False
2016-04-26,0.008436462317906,0.008436462317906472,4.718447854656915e-16,False
2016-04-27,1.5898965732478345,1.5898965732478518,1.7319479184152442e-14,False
2016-04-28,0.0857805509005122,0.08578055090051522,3.011479954295737e-15,False
2016-04-29,0.0060002181996654,0.00600021819966577,3.694961003830599e-16,False
2016-04-30,0.0,0.0,0.0,False
2016-05-01,0.0,0.0,0.0,False
2016-05-02,0.0,0.0,0.0,False
2016-05-03,0.0203133868017786,0.020313386801779628,1.0269562977782698e-15,False
2016-05-04,0.0095460419655348,0.009546041965535157,3.5735303605122226e-16,False
2016-05-05,0.0047730209827674,0.0047730209827675785,1.7867651802561113e-16,False
2016-05-06,0.0,0.0,0.0,False
2016-05-07,0.0,0.0,0.0,False
2016-05-08,0.0,0.0,0.0,False
2016-05-09,0.0026367333274833,0.0026367333274835685,2.684484579074109e-16,False
2016-05-10,0.0583565208487158,0.058356520848709445,-6.356026815979021e-15,False
2016-05-11,0.0127475276238469,0.012747527623847624,7.251144129583054e-16,False
2016-05-12,0.2571801706948322,0.2571801706948312,-9.992007221626409e-16,False
2016-05-13,0.1451696118366163,0.1451696118366234,7.105427357601002e-15,False
2016-05-14,0.0183216687681159,0.018321668768116653,7.528699885739343e-16,False
2016-05-15,0.0060453808244679,0.006045380824468161,2.6107588313450947e-16,False
2016-05-16,9.47887747459361,9.478877474593258,-3.517186542012496e-13,False
2016-05-17,2.9609181055164338,2.960918105516465,3.108624468950438e-14,False
2016-05-18,16.56992867892552,16.569928678925223,-2.984279490192421e-13,False
2016-05-19,3.49921128172712,3.499211281727223,1.0302869668521453e-13,False
2016-05-20,1.0082506646476062,1.008250664647662,5.595524044110789e-14,False
2016-05-21,30.65762925014916,30.657629250148716,-4.440892098500626e-13,False
2016-05-22,2.577185822941004,2.577185822941106,1.021405182655144e-13,False
2016-05-23,12.792491002456464,12.79249100245638,-8.348877145181177e-14,False
2016-05-24,1.84160442223792,1.8416044222379684,4.8405723873656825e-14,False
2016-05-25,1.1894363180775451,1.1894363180775969,5.1736392947532295e-14,False
2016-05-26,0.7148044065769691,0.7148044065769942,2.5091040356528538e-14,False
2016-05-27,0.4462434852055277,0.44624348520554274,1.504352198367087e-14,False
2016-05-28,0.4723216088979309,0.47232160889794905,1.815214645262131e-14,False
2016-05-29,0.2738463643469141,0.27384636434692305,8.93729534823251e-15,False
2016-05-30,3.3782609483955968,3.3782609483956096,1.2878587085651816e-14,False
2016-05-31,8.568258043066798,8.568258043066711,-8.704148513061227e-14,False
2016-06-01,8.762378718337693,8.762378718337365,-3.2862601528904634e-13,False
2016-06-02,16.403942117726228,16.40394211772611,-1.1723955140041653e-13,False
2016-06-03,16.100763291310773,16.100763291310482,-2.913225216616411e-13,False
2016-06-04,11.521409741391688,11.521409741391498,-1.900701818158268e-13,False
2016-06-05,33.74082240862649,33.74082240862608,-4.121147867408581e-13,False
2016-06-06,27.6985483703622,27.698548370361674,-5.258016244624741e-13,False
2016-06-07,21.55685675508376,21.55685675508349,-2.7000623958883807e-13,False
2016-06-08,3.2780055504772623,3.278005550477363,1.0080825063596421e-13,False
2016-06-09,1.5015329146923135,1.5015329146923362,2.2648549702353193e-14,False
2016-06-10,1.2143230917162031,1.214323091716228,2.4868995751603507e-14,False
2016-06-11,1.5201148181262287,1.5201148181262334,4.6629367034256575e-15,False
2016-06-12,0.9720798420300546,0.9720798420300713,1.6653345369377348e-14,False
2016-06-13,0.7883863532254004,0.7883863532254146,1.4210854715202004e-14,False
2016-06-14,0.7816825014190818,0.7816825014190876,5.773159728050814e-15,False
2016-06-15,1.0612121123543088,1.0612121123543377,2.886579864025407e-14,False
2016-06-16,0.618854967574637,0.6188549675746565,1.9539925233402755e-14,False
2016-06-17,0.557030376261851,0.5570303762618797,2.864375403532904e-14,False
2016-06-18,0.3541027207620784,0.3541027207621054,2.7033930649622562e-14,False
2016-06-19,0.2624611631393743,0.26246116313940027,2.5979218776228663e-14,False
2016-06-20,0.0874222988229829,0.08742229882298466,1.762479051592436e-15,False
2016-06-21,0.3095268950022694,0.3095268950022636,-5.773159728050814e-15,False
2016-06-22,1.053396567274259,1.0533965672742374,-2.1538326677728037e-14,False
2016-06-23,0.7199284019829402,0.7199284019829552,1.4988010832439613e-14,False
2016-06-24,0.0807538716622597,0.0807538716622616,1.9012569296705806e-15,False
2016-06-25,0.084681224338935,0.08468122433893718,2.1788126858268697e-15,False
2016-06-26,0.0592898499174395,0.05928984991744068,1.1796119636642288e-15,False
2016-06-27,0.051796848759475,0.051796848759476176,1.1726730697603216e-15,False
2016-06-28,0.0477437174880034,0.04774371748800395,5.48172618408671e-16,False
2016-06-29,0.0674559418911661,0.06745594189116778,1.6792123247455493e-15,False
2016-06-30,0.070719796693355,0.07071979669335643,1.429412144204889e-15,False
2016-07-01,0.3789013852200065,0.378901385219998,-8.493206138382448e-15,False
2016-07-02,0.2023786309588631,0.20237863095885944,-3.6637359812630166e-15,False
2016-07-03,0.0763526570382631,0.07635265703826465,1.5404344466674047e-15,False
2016-07-04,0.137976558163321,0.1379765581633222,1.1934897514720433e-15,False
2016-07-05,0.3084916907793736,0.3084916907793761,2.4980018054066022e-15,False
2016-07-06,0.0149826775984915,0.014982677598492145,6.453171330633722e-16,False
2016-07-07,0.0028413585311144,0.0028413585311145443,1.444157293750692e-16,False
2016-07-08,0.0052777949030123,0.005277794903012433,1.3270634591222574e-16,False
2016-07-09,0.0,0.0,0.0,False
2016-07-10,0.0,0.0,0.0,False
2016-07-11,0.0,0.0,0.0,False
2016-07-12,0.0427386922071236,0.04273869220712445,8.534839501805891e-16,False
2016-07-13,0.0031838768001086,0.0031838768001087665,1.6653345369377348e-16,False
2016-07-14,0.0,0.0,0.0,False
2016-07-15,0.0,0.0,0.0,False
2016-07-16,4.552688141589831,4.552688141589827,-4.440892098500626e-15,False
2016-07-17,1.4242701052675826,1.4242701052675941,1.1546319456101628e-14,False
2016-07-18,0.0258075735271113,0.02580757352711245,1.1518563880486e-15,False
2016-07-19,0.0058940401564783,0.005894040156478643,3.434752482434078e-16,False
2016-07-20,0.0087406759746988,0.00874067597469931,5.100087019371813e-16,False
2016-07-21,0.0,0.0,0.0,False
2016-07-22,0.0,0.0,0.0,False
2016-07-23,0.0,0.0,0.0,False
2016-07-24,0.0,0.0,0.0,False
2016-07-25,0.0,0.0,0.0,False
2016-07-26,0.0,0.0,0.0,False
2016-07-27,0.0,0.0,0.0,False
2016-07-28,0.0009299375346732,0.0009299375346733149,1.1492543028346347e-16,False
2016-07-29,0.0,0.0,0.0,False
2016-07-30,0.0,0.0,0.0,False
2016-07-31,0.0,0.0,0.0,False
2016-08-01,0.001897034809216,0.0018970348092161593,1.5937771935536915e-16,False
2016-08-02,0.0136197152612242,0.013619715261224975,7.754213937616328e-16,False
2016-08-03,0.0105283818583651,0.010528381858365753,6.539907504432563e-16,False
2016-08-04,0.0034313095622676,0.0034313095622677896,1.8951853975046618e-16,False
2016-08-05,0.0,0.0,0.0,False
2016-08-06,0.0055815235229968,0.005581523522997119,3.191891195797325e-16,False
2016-08-07,0.0,0.0,0.0,False
2016-08-08,0.3878590222349435,0.38785902223495816,1.4654943925052066e-14,False
2016-08-09,0.0,0.0,0.0,False
2016-08-10,0.1511704023528292,0.15117040235282692,-2.275957200481571e-15,False
2016-08-11,0.0205387930833936,0.020538793083394295,6.938893903907228e-16,False
2016-08-12,0.1608476513573543,0.1608476513573513,-2.9976021664879227e-15,False
2016-08-13,0.0,0.0,0.0,False
2016-08-14,0.1192721102177999,0.11927211021780267,2.761679773755077e-15,False
2016-08-15,3.264979649586411,3.2649796495863863,-2.4868995751603507e-14,False
2016-08-16,0.4178591207919268,0.4178591207919405,1.3711254354120683e-14,False
2016-08-17,0.0948588890328809,0.09485888903288396,3.066991105526995e-15,False
2016-08-18,8.793214267854747,8.793214267854827,7.993605777301127e-14,False
2016-08-19,0.7644760393872763,0.7644760393872864,1.0103029524088925e-14,False
2016-08-20,6.300802727451502,6.300802727451435,-6.661338147750939e-14,False
2016-08-21,29.206755064738697,29.20675506473819,-5.080380560684716e-13,False
2016-08-22,3.235344384847858,3.2353443848479864,1.283417816466681e-13,False
2016-08-23,0.9513623989695283,0.9513623989695567,2.8310687127941492e-14,False
2016-08-24,0.5287254775791501,0.5287254775791578,7.66053886991358e-15,False
2016-08-25,0.3384323456897496,0.3384323456897501,4.996003610813204e-16,False
2016-08-26,5.242497769447628,5.242497769447798,1.7053025658242404e-13,False
2016-08-27,0.202655406402845,0.2026554064028419,-3.0808688933348094e-15,False
2016-08-28,0.2274444376259357,0.22744443762593441,-1.27675647831893e-15,False
2016-08-29,0.185131361264597,0.1851313612645957,-1.304512053934559e-15,False
2016-08-30,0.1428565491106138,0.1428565491106089,-4.884981308350689e-15,False
2016-08-31,7.0143586053921645,7.014358605392083,-8.171241461241152e-14,False
2016-09-01,0.568803203875245,0.5688032038752536,8.659739592076221e-15,False
2016-09-02,0.2786454928854326,0.2786454928854268,-5.828670879282072e-15,False
2016-09-03,0.0349935369517515,0.034993536951753064,1.5612511283791264e-15,False
2016-09-04,0.0368006277722891,0.0368006277722909,1.797173521111972e-15,False
2016-09-05,0.0131781941819656,0.013178194181966332,7.320533068622126e-16,False
2016-09-06,8.113135644181444,8.113135644181321,-1.2256862191861728e-13,False
2016-09-07,0.6954929864058822,0.6954929864058824,2.220446049250313e-16,False
2016-09-08,0.0294984191376499,0.029498419137651288,1.3877787807814457e-15,False
2016-09-09,0.0127891566040177,0.012789156604018316,6.158268339717665e-16,False
2016-09-10,0.0152394010159327,0.015239401015933218,5.186823193170653e-16,False
2016-09-11,0.0039160200751267,0.00391602007512688,1.7954387976359953e-16,False
2016-09-12,0.009897720501872,0.009897720501872358,3.5908775952719907e-16,False
2016-09-13,0.0107199366221147,0.010719936622115256,5.568462357885551e-16,False
2016-09-14,0.0049858757899482,0.004985875789948388,1.8821749714348357e-16,False
2016-09-15,0.047972403447717,0.04797240344771804,1.0408340855860843e-15,False
2016-09-16,0.0,0.0,0.0,False
2016-09-17,0.0635931277229392,0.06359312772294036,1.1657341758564144e-15,False
2016-09-18,4.809218240096315,4.809218240096232,-8.260059303211165e-14,False
2016-09-19,2.9750117717357645,2.9750117717358466,8.215650382226158e-14,False
2016-09-20,0.1942732455979353,0.1942732455979439,8.604228440844963e-15,False
2016-09-21,0.1501868351236289,0.15018683512363504,6.13398221105399e-15,False
2016-09-22,0.1296544550265112,0.1296544550265165,5.3013149425851225e-15,False
2016-09-23,0.012163305199393,0.012163305199393607,6.071532165918825e-16,False
2016-09-24,0.0054659731031605,0.005465973103160811,3.1138286393783687e-16,False
2016-09-25,0.6308478791806145,0.6308478791806064,-8.104628079763643e-15,False
2016-09-26,0.0936455995879217,0.09364559958792623,4.538036613155327e-15,False
2016-09-27,0.0014988006608234,0.0014988006608235701,1.702197410802242e-16,False
2016-09-28,0.001427832844359,0.0014278328443590744,7.43762690325056e-17,False
2016-09-29,0.001932766822773,0.0019327668227731214,1.214306433183765e-16,False
2016-09-30,0.0200822411351265,0.020082241135127462,9.610368056911511e-16,False
2016-10-01,0.0032492891713882,0.0032492891713884475,2.476317761956892e-16,False
2016-10-02,0.1794496452582043,0.17944964525821003,5.717648576819556e-15,False
2016-10-03,7.468878401270389,7.46887840127032,-6.838973831690964e-14,False
2016-10-04,3.058702955149186,3.0587029551492093,2.3092638912203256e-14,False
2016-10-05,0.5261267293458257,0.5261267293458245,-1.2212453270876722e-15,False
2016-10-06,0.4575472134894476,0.45754721348946875,2.1149748619109232e-14,False
2016-10-07,0.9251253077656412,0.9251253077656874,4.618527782440651e-14,False
2016-10-08,0.0868393323674818,0.08683933236748426,2.456368441983159e-15,False
2016-10-09,0.0141524399975042,0.014152439997504923,7.233796894823286e-16,False
2016-10-10,0.0136131398024716,0.013613139802472274,6.74807432154978e-16,False
2016-10-11,1.610597249336999,1.6105972493370344,3.530509218307998e-14,False
2016-10-12,0.2584840772063638,0.25848407720637295,9.159339953157541e-15,False
2016-10-13,12.757252093527326,12.757252093527146,-1.794120407794253e-13,False
2016-10-14,3.7862798560340334,3.7862798560341133,7.993605777301127e-14,False
2016-10-15,2.055262851115468,2.055262851115499,3.108624468950438e-14,False
2016-10-16,0.8067534144840407,0.8067534144840732,3.2529534621517087e-14,False
2016-10-17,4.688191265536491,4.688191265536525,3.375077994860476e-14,False
2016-10-18,7.442695779436671,7.442695779435705,-9.663381206337363e-13,False
2016-10-19,1.030993449145588,1.0309934491455837,-4.440892098500626e-15,False
2016-10-20,4.513941448949553,4.5139414489496446,9.14823772291129e-14,False
2016-10-21,3.537235887262557,3.5372358872625975,4.04121180963557e-14,False
2016-10-22,0.3569895943192975,0.35698959431930266,5.162537064506978e-15,False
2016-10-23,0.2508546981580119,0.2508546981580103,-1.609823385706477e-15,False
2016-10-24,0.0917485181407219,0.09174851814072423,2.3314683517128287e-15,False
2016-10-25,8.827774656233252,8.827774656233178,-7.460698725481052e-14,False
2016-10-26,0.7728308357124514,0.772830835712471,1.965094753586527e-14,False
2016-10-27,11.49094413118792,11.490944131187593,-3.268496584496461e-13,False
2016-10-28,0.7896407306507038,0.7896407306507109,7.105427357601002e-15,False
2016-10-29,0.3365040079935667,0.3365040079935638,-2.942091015256665e-15,False
2016-10-30,0.2101167291790318,0.21011672917903026,-1.5265566588595902e-15,False
2016-10-31,1.6120487763834026,1.612048776383478,7.549516567451064e-14,False
2016-11-01,0.1297438653181218,0.1297438653181246,2.8033131371785203e-15,False
2016-11-02,0.7141784350152374,0.7141784350152715,3.4083846855992306e-14,False
2016-11-03,16.571885889590686,16.571885889589986,-6.998845947236987e-13,False
2016-11-04,2.167455064835736,2.167455064835758,2.220446049250313e-14,False
2016-11-05,0.81848683571662,0.8184868357166211,1.1102230246251565e-15,False
2016-11-06,5.036083578674948,5.036083578675013,6.572520305780927e-14,False
2016-11-07,1.4087361865729435,1.4087361865729855,4.196643033083092e-14,False
2016-11-08,0.5928254916157212,0.5928254916157145,-6.661338147750939e-15,False
2016-11-09,10.559087609896242,10.5590876098962,-4.263256414560601e-14,False
2016-11-10,8.696906423424464,8.69690642342455,8.704148513061227e-14,False
2016-11-11,2.1499107784662588,2.149910778466205,-5.3734794391857577e-14,False
2016-11-12,3.491630561915608,3.4916305619157533,1.4521717162097048e-13,False
2016-11-13,14.30034166501916,14.30034166501897,-1.900701818158268e-13,False
2016-11-14,8.308230554472509,8.308230554472438,-7.105427357601002e-14,False
2016-11-15,2.1025303081201705,2.1025303081202216,5.10702591327572e-14,False
2016-11-16,6.547373372745202,6.54737337274521,7.993605777301127e-15,False
2016-11-17,4.81598667352677,4.815986673526839,6.927791673660977e-14,False
2016-11-18,1.1771679164432651,1.1771679164432531,-1.199040866595169e-14,False
2016-11-19,0.6085588927092342,0.608558892709247,1.27675647831893e-14,False
2016-11-20,0.2227488692369639,0.2227488692369632,-7.216449660063518e-16,False
2016-11-21,0.1030990817796206,0.10309908177962442,3.816391647148976e-15,False
2016-11-22,0.0745978466394285,0.07459784663943216,3.649858193455202e-15,False
2016-11-23,2.085449860565916,2.0854498605658964,-1.9539925233402755e-14,False
2016-11-24,0.1130951471050317,0.11309514710503646,4.760081218080359e-15,False
2016-11-25,0.0292552568682006,0.029255256868202507,1.908195823574488e-15,False
2016-11-26,0.0121010550516326,0.012101055051633246,6.453171330633722e-16,False
2016-11-27,1.666716150421137,1.6667161504212002,6.328271240363392e-14,False
2016-11-28,15.828736723558263,15.82873672355706,-1.2025935802739696e-12,False
2016-11-29,23.024204574495144,23.024204574494693,-4.511946372076636e-13,False
2016-11-30,3.6218561588403073,3.6218561588402842,-2.3092638912203256e-14,False
2016-12-01,0.6576349124805868,0.6576349124806019,1.509903313490213e-14,False
2016-12-02,0.6051395745343705,0.605139574534383,1.2545520178264269e-14,False
2016-12-03,8.92372643929017,8.923726439289979,-1.9184653865522705e-13,False
2016-12-04,4.8398208193175964,4.839820819317473,-1.234568003383174e-13,False
2016-12-05,3.0660163383934336,3.0660163383935104,7.682743330406083e-14,False
2016-12-06,0.1694457789540534,0.16944577895405938,5.9674487573602164e-15,False
2016-12-07,2.979726605641368,2.9797266056414204,5.240252676230739e-14,False
2016-12-08,0.2246638873992505,0.2246638873992594,8.909539772616881e-15,False
2016-12-09,0.3437164851378967,0.3437164851379093,1.2601031329495527e-14,False
2016-12-10,4.8094520121106985,4.809452012110765,6.661338147750939e-14,False
2016-12-11,10.052691966242865,10.052691966242696,-1.687538997430238e-13,False
2016-12-12,22.001904329603445,22.001904329603043,-4.014566457044566e-13,False
2016-12-13,1.5431339765667054,1.543133976566754,4.8627768478581856e-14,False
2016-12-14,0.73679141243901,0.7367914124390358,2.5757174171303632e-14,False
2016-12-15,0.8518174539142298,0.8518174539142769,4.707345624410664e-14,False
2016-12-16,0.1341369507653249,0.1341369507653291,4.218847493575595e-15,False
2016-12-17,0.2022521629753957,0.2022521629754043,8.604228440844963e-15,False
2016-12-18,6.049621586013579,6.049621586013819,2.398081733190338e-13,False
2016-12-19,2.4646793701549456,2.464679370155049,1.0347278589506459e-13,False
2016-12-20,2.7813481575993357,2.78134815759943,9.414691248821327e-14,False
2016-12-21,14.499807857880414,14.499807857879814,-6.004086117172847e-13,False
2016-12-22,2.7006512296067866,2.700651229606878,9.14823772291129e-14,False
2016-12-23,3.815923971779424,3.8159239717794824,5.81756864903582e-14,False
2016-12-24,2.8574598139174463,2.857459813917498,5.1514348342607263e-14,False
2016-12-25,0.2177844939752618,0.21778449397527075,8.93729534823251e-15,False
2016-12-26,0.5776603644339531,0.577660364433969,1.587618925213974e-14,False
2016-12-27,0.6138867937440051,0.6138867937440288,2.3647750424515834e-14,False
2016-12-28,2.116351062406488,2.116351062406601,1.1324274851176597e-13,False
2016-12-29,10.94715825416088,10.947158254160666,-2.149391775674303e-13,False
2016-12-30,2.7883556002356724,2.7883556002357497,7.72715225139109e-14,False
2016-12-31,1.0271327639716907,1.02713276397176,6.927791673660977e-14,False
2017-01-01,3.267583008066302,3.26758300806627,-3.197442310920451e-14,False
2017-01-02,7.559976399183448,7.559976399183685,2.3714363805993344e-13,False
2017-01-03,7.00460687700862,7.004606877008741,1.2079226507921703e-13,False
2017-01-04,1.1021111119943592,1.1021111119943867,2.7533531010703882e-14,False
2017-01-05,0.4374372636029467,0.4374372636029666,1.9872992140790302e-14,False
2017-01-06,0.767570106313972,0.7675701063139798,7.771561172376096e-15,False
2017-01-07,10.447537643985736,10.447537643985847,1.1013412404281553e-13,False
2017-01-08,11.6856785333873,11.6856785333867,-6.004086117172847e-13,False
2017-01-09,8.371309101761938,8.371309101761975,3.730349362740526e-14,False
2017-01-10,7.332407610783402,7.332407610783499,9.681144774731365e-14,False
2017-01-11,5.966587095985185,5.966587095984961,-2.2382096176443156e-13,False
2017-01-12,3.7093623700317786,3.7093623700318554,7.682743330406083e-14,False
2017-01-13,0.8453502085235517,0.8453502085235913,3.963496197911809e-14,False
2017-01-14,0.9934654601210948,0.9934654601211484,5.362377208939506e-14,False
2017-01-15,6.414071487253766,6.414071487253712,-5.417888360170764e-14,False
2017-01-16,42.425609642909215,42.42560964290633,-2.8848035071860068e-12,False
2017-01-17,25.487636813097264,25.487636813096902,-3.623767952376511e-13,False
2017-01-18,22.335539580787064,22.33553958078654,-5.222489107836736e-13,False
2017-01-19,11.24038209534548,11.240382095345492,1.2434497875801753e-14,False
2017-01-20,22.80539567297364,22.805395672972008,-1.63069557856943e-12,False
2017-01-21,22.308091474554477,22.30809147455394,-5.364597654988756e-13,False
2017-01-22,9.82437261003355,9.824372610033786,2.362554596402333e-13,False
2017-01-23,5.725886510267335,5.725886510267621,2.859934511434403e-13,False
2017-01-24,7.824918456286224,7.82491845628614,-8.43769498715119e-14,False
2017-01-25,3.6054011515846502,3.60540115158478,1.2967404927621828e-13,False
2017-01-26,10.596995134418396,10.596995134418275,-1.2079226507921703e-13,False
2017-01-27,9.84310560752311,9.843105607522993,-1.1723955140041653e-13,False
2017-01-28,2.083210948364113,2.0832109483641856,7.283063041541027e-14,False
2017-01-29,1.2298396154436055,1.2298396154436453,3.9745984281580604e-14,False
2017-01-30,2.525473474951907,2.525473474951891,-1.5987211554602254e-14,False
2017-01-31,2.0443768093841794,2.0443768093841825,3.1086244689504383e-15,False
2017-02-01,15.97906221776142,15.979062217761188,-2.327027459614328e-13,False
2017-02-02,5.5839564700199,5.583956470020033,1.3322676295501878e-13,False
2017-02-03,3.99541433201884,3.9954143320188806,4.04121180963557e-14,False
2017-02-04,11.13119249322363,11.131192493223553,-7.638334409421077e-14,False
2017-02-05,1.71152116684608,1.7115211668461332,5.3290705182007514e-14,False
2017-02-06,15.8581522999639,15.858152299963905,5.329070518200751e-15,False
2017-02-07,4.17166600615232,4.171666006152465,1.4566126083082054e-13,False
2017-02-08,0.6678114696273448,0.6678114696273748,2.9976021664879227e-14,False
2017-02-09,0.71132853845924,0.7113285384592778,3.774758283725532e-14,False
2017-02-10,0.8169200292201997,0.8169200292202672,6.750155989720952e-14,False
2017-02-11,0.2503852458764544,0.2503852458764662,1.1823875212257917e-14,False
2017-02-12,1.5132663013285523,1.5132663013286627,1.1035616864774056e-13,False
2017-02-13,0.1263546701112882,0.12635467011129442,6.217248937900877e-15,False
2017-02-14,0.0290729148348438,0.029072914834845465,1.6653345369377348e-15,False
2017-02-15,0.2050940015735968,0.2050940015736073,1.049160758270773e-14,False
2017-02-16,0.2158570935049554,0.21585709350496732,1.1907141939104804e-14,False
2017-02-17,0.059931976017196,0.05993197601719866,2.6575963651964685e-15,False
2017-02-18,0.0046947958257303,0.004694795825730583,2.8275992658421956e-16,False
2017-02-19,0.0393783543424019,0.039378354342406184,4.28129753871076e-15,False
2017-02-20,0.0,0.0,0.0,False
2017-02-21,0.0020699442365467,0.002069944236546909,2.0903417885520525e-16,False
2017-02-22,9.862383086777982,9.862383086777818,-1.6342482922482304e-13,False
2017-02-23,3.5355854281096724,3.535585428109861,1.887379141862766e-13,False
2017-02-24,24.26096740908527,24.26096740908369,-1.580957587066223e-12,False
2017-02-25,7.403478702404011,7.403478702404345,3.339550858072471e-13,False
2017-02-26,3.7673856460655872,3.767385646065617,2.9753977059954195e-14,False
2017-02-27,1.3581045232663411,1.3581045232663989,5.773159728050814e-14,False
2017-02-28,3.901271054825242,3.901271054824635,-6.070699498650356e-13,False
2017-03-01,0.5158802884602166,0.5158802884602403,2.3647750424515834e-14,False
2017-03-02,3.730821518300682,3.730821518300671,-1.1102230246251565e-14,False
2017-03-03,6.760425539121554,6.760425539121599,4.440892098500626e-14,False
2017-03-04,1.974228343834916,1.974228343834967,5.10702591327572e-14,False
2017-03-05,13.706850990618127,13.706850990617234,-8.93507490218326e-13,False
2017-03-06,16.156054914958403,16.156054914958148,-2.5579538487363607e-13,False
2017-03-07,15.557331795792706,15.557331795791999,-7.069900220812997e-13,False
2017-03-08,9.437866982549084,9.437866982549341,2.575717417130363e-13,False
2017-03-09,2.359988912510716,2.3599889125108398,1.2390088954816747e-13,False
2017-03-10,5.928992619541634,5.928992619541871,2.3714363805993344e-13,False
2017-03-11,2.102372695052374,2.102372695052466,9.237055564881302e-14,False
2017-03-12,1.0150408221089886,1.0150408221090224,3.375077994860476e-14,False
2017-03-13,0.468732237270385,0.4687322372704067,2.170486013142181e-14,False
2017-03-14,3.0242147688898395,3.024214768889759,-8.038014698286133e-14,False
2017-03-15,1.8729628512528176,1.8729628512528402,2.2648549702353193e-14,False
2017-03-16,0.1377449916293008,0.13774499162930667,5.88418203051333e-15,False
2017-03-17,10.460915782948511,10.460915782948431,-7.993605777301127e-14,False
2017-03-18,3.49806017489902,3.4980601748991806,1.6076029396572267e-13,False
2017-03-19,1.4968324131233706,1.4968324131234039,3.3306690738754696e-14,False
2017-03-20,0.2040996470015001,0.2040996470015087,8.604228440844963e-15,False
2017-03-21,0.0336077035640482,0.03360770356405006,1.8596235662471372e-15,False
2017-03-22,0.1393745506736481,0.13937455067365484,6.744604874597826e-15,False
2017-03-23,0.026180962035231,0.026180962035232104,1.1032841307212493e-15,False
2017-03-24,0.4568402802215252,0.456840280221543,1.7819079545233762e-14,False
2017-03-25,0.6110562066144936,0.6110562066145228,2.919886554764162e-14,False
2017-03-26,0.0089063755578345,0.008906375557834988,4.874572967494828e-16,False
2017-03-27,0.1421348021010957,0.14213480210109555,-1.3877787807814457e-16,False
2017-03-28,0.393604452535691,0.3936044525357047,1.3711254354120683e-14,False
2017-03-29,0.787795886637149,0.7877958866371887,3.9745984281580604e-14,False
2017-03-30,0.3547705726581192,0.3547705726581426,2.3425705819590803e-14,False
2017-03-31,0.3624442102791866,0.36244421027920776,2.1149748619109232e-14,False
2017-04-01,0.5322661792761797,0.532266179276188,8.326672684688674e-15,False
2017-04-02,0.8130388642377344,0.8130388642377594,2.4980018054066022e-14,False
2017-04-03,0.1731626988499769,0.17316269884998853,1.1629586182948515e-14,False
2017-04-04,0.0657166058825657,0.06571660588257018,4.4825254619240695e-15,False
2017-04-05,0.1871966969764978,0.18719669697651062,1.2823075934420558e-14,False
2017-04-06,14.315841273117766,14.31584127311793,1.652011860642233e-13,False
2017-04-07,73.37783848511555,73.3778384851152,-3.410605131648481e-13,False
2017-04-08,1.3817705037085808,1.3817705037085968,1.5987211554602254e-14,False
2017-04-09,0.5765156606425524,0.5765156606425689,1.6431300764452317e-14,False
2017-04-10,3.5218201971140863,3.521820197114287,2.007283228522283e-13,False
2017-04-11,0.5163140240090932,0.5163140240090899,-3.3306690738754696e-15,False
2017-04-12,2.591064559182686,2.5910645591826804,-5.773159728050814e-15,False
2017-04-13,0.7807327693049418,0.7807327693049656,2.375877272697835e-14,False
2017-04-14,0.0159718285417948,0.015971828541795175,3.7470027081099033e-16,False
2017-04-15,0.2942598848683052,0.2942598848683249,1.970645868709653e-14,False
2017-04-16,0.1343584206242383,0.1343584206242468,8.493206138382448e-15,False
2017-04-17,0.6288677888116211,0.6288677888116173,-3.774758283725532e-15,False
2017-04-18,0.5010296830508338,0.5010296830508326,-1.2212453270876722e-15,False
2017-04-19,0.0353009328245142,0.03530093282451545,1.2490009027033011e-15,False
2017-04-20,0.023851709885539,0.02385170988554006,1.061650767297806e-15,False
2017-04-21,15.245157919974933,15.245157919975048,1.1546319456101628e-13,False
2017-04-22,8.078481323608164,8.078481323608237,7.283063041541027e-14,False
2017-04-23,1.069388483353466,1.069388483353485,1.9095836023552692e-14,False
2017-04-24,0.0480376232948007,0.048037623294802656,1.9567680809018384e-15,False
2017-04-25,0.0194597606522597,0.019459760652260637,9.367506770274758e-16,False
2017-04-26,12.11097363792913,12.11097363792912,-8.881784197001252e-15,False
2017-04-27,0.6222535665707131,0.6222535665707185,5.440092820663267e-15,False
2017-04-28,0.1379822961595783,0.13798229615958438,6.078471059822732e-15,False
2017-04-29,0.0449138538314267,0.04491385383142809,1.3877787807814457e-15,False
2017-04-30,0.0263039739315182,0.02630397393151938,1.1796119636642288e-15,False
2017-05-01,0.022045849689076,0.02204584968907663,6.279698983036042e-16,False
2017-05-02,0.0114101996405138,0.011410199640514186,3.86843335142828e-16,False
2017-05-03,0.0192151579443215,0.019215157944322294,7.945033519973776e-16,False
2017-05-04,0.0029797580563672,0.0029797580563673608,1.6089560239684886e-16,False
2017-05-05,28.474986161236654,28.4749861612363,-3.552713678800501e-13,False
2017-05-06,3.259860851965888,3.2598608519659322,4.440892098500626e-14,False
2017-05-07,1.19214157449015,1.1921415744901411,-8.881784197001252e-15,False
2017-05-08,0.1264350814921454,0.12643508149214852,3.1086244689504383e-15,False
2017-05-09,0.0714450100030933,0.07144501000309456,1.2490009027033011e-15,False
2017-05-10,0.1651887506315479,0.1651887506315494,1.4988010832439613e-15,False
2017-05-11,0.6473572197377341,0.6473572197377517,1.765254609153999e-14,False
2017-05-12,0.0081489345739257,0.00814893457392587,1.700029006457271e-16,False
2017-05-13,0.0089266022628773,0.008926602262877479,1.7867651802561113e-16,False
2017-05-14,0.02618811371197,0.026188113711971016,1.016547956922409e-15,False
2017-05-15,0.0110056741297564,0.011005674129756442,4.163336342344337e-17,False
2017-05-16,0.0112083244997738,0.01120832449977406,2.6020852139652106e-16,False
2017-05-17,0.0013348351049768,0.001334835104976854,5.399326818977812e-17,False
2017-05-18,2.092430931823287,2.092430931823301,1.3766765505351941e-14,False
2017-05-19,51.58082769321575,51.580827693215085,-6.679101716144942e-13,False
2017-05-20,2.129331846832303,2.1293318468323323,2.930988785010413e-14,False
2017-05-21,23.6182009776596,23.618200977659555,-4.618527782440651e-14,False
2017-05-22,23.84266211248916,23.842662112488984,-1.7408297026122455e-13,False
2017-05-23,0.7580244284088631,0.7580244284088826,1.9539925233402755e-14,False
2017-05-24,0.5174896051363931,0.517489605136409,1.587618925213974e-14,False
2017-05-25,0.4815497168713141,0.4815497168713285,1.4432899320127035e-14,False
2017-05-26,0.2399094985235462,0.23990949852355392,7.716050021144838e-15,False
2017-05-27,0.1398570731166256,0.1398570731166307,5.10702591327572e-15,False
2017-05-28,0.0629616306676257,0.06296163066762801,2.3175905639050143e-15,False
2017-05-29,0.034281815943643,0.034281815943644156,1.1587952819525071e-15,False
2017-05-30,0.1281156222174678,0.12811562221747294,5.134781488891349e-15,False
2017-05-31,0.225477579851556,0.22547757985157002,1.4016565685892601e-14,False
2017-06-01,0.4166559344146642,0.41665593441468474,2.0539125955565396e-14,False
2017-06-02,0.0086692299671036,0.008669229967104005,4.0419056990259605e-16,False
2017-06-03,0.0097354598575506,0.009735459857551011,4.111294638065033e-16,False
2017-06-04,0.0066758908361358,0.0066758908361361224,3.226585665316861e-16,False
2017-06-05,27.286386094739026,27.28638609473884,-1.8474111129762605e-13,False
2017-06-06,29.262609731619524,29.262609731619513,-1.0658141036401503e-14,False
2017-06-07,12.070687342892034,12.070687342892063,2.842170943040401e-14,False
2017-06-08,0.3623456049436686,0.3623456049436769,8.326672684688674e-15,False
2017-06-09,0.2133344957734554,0.2133344957734664,1.099120794378905e-14,False
2017-06-10,0.2457517366826019,0.2457517366826136,1.1712852909795402e-14,False
2017-06-11,0.0850624200480064,0.08506242004801243,6.022959908591474e-15,False
2017-06-12,0.075358707347207,0.07535870734721214,5.1486592766991635e-15,False
2017-06-13,11.975546853350318,11.975546853350368,4.973799150320701e-14,False
2017-06-14,1.045313174118649,1.045313174118659,9.992007221626409e-15,False
2017-06-15,0.1039681052534323,0.10396810525343704,4.746203430272544e-15,False
2017-06-16,0.1467272627807182,0.14672726278072448,6.2727600891321345e-15,False
2017-06-17,0.0375670481667692,0.037567048166771276,2.0747292772682613e-15,False
2017-06-18,0.0205210303855879,0.020521030385588928,1.0269562977782698e-15,False
2017-06-19,0.0277217618989298,0.0277217618989312,1.4016565685892601e-15,False
2017-06-20,0.4121799834339038,0.41217998343390577,1.9984014443252818e-15,False
2017-06-21,0.3054064025156326,0.30540640251562795,-4.6629367034256575e-15,False
2017-06-22,0.0242934973610773,0.024293497361078317,1.016547956922409e-15,False
2017-06-23,0.0122331320151317,0.012233132015132323,6.227657278756737e-16,False
2017-06-24,0.0446611750568003,0.04466117505680257,2.2690183065776637e-15,False
2017-06-25,0.009201721376596,0.009201721376596408,4.0766001685454967e-16,False
2017-06-26,0.0031436151072967,0.003143615107296857,1.5699247457590104e-16,False
2017-06-27,0.0045264202051559,0.004526420205156124,2.237793284010081e-16,False
2017-06-28,0.006988437883066,0.0069884378830663485,3.4867941867133823e-16,False
2017-06-29,0.0015718075536483,0.0015718075536484285,1.2836953722228372e-16,False
2017-06-30,0.0031968640393727,0.003196864039372898,1.97758476261356e-16,False
2017-07-01,0.2323361063149002,0.2323361063149093,9.103828801926284e-15,False
2017-07-02,0.1506956130487881,0.15069561304879406,5.9674487573602164e-15,False
2017-07-03,0.2680824980317098,0.26808249803171097,1.1657341758564144e-15,False
2017-07-04,0.0035901093707119,0.0035901093707121686,2.684484579074109e-16,False
2017-07-05,0.0267968434103419,0.026796843410343874,1.9741153156616065e-15,False
2017-07-06,0.0054166303294177,0.0054166303294179196,2.194425197110661e-16,False
2017-07-07,0.0015582664800962,0.001558266480096356,1.5612511283791264e-16,False
2017-07-08,0.0015814230960044,0.0015814230960045088,1.0885389811754465e-16,False
2017-07-09,0.0,0.0,0.0,False
2017-07-10,0.0,0.0,0.0,False
2017-07-11,0.0,0.0,0.0,False
2017-07-12,0.0,0.0,0.0,False
2017-07-13,0.0040147630454123,0.004014763045412425,1.249000902703301e-16,False
2017-07-14,0.0,0.0,0.0,False
2017-07-15,0.0015814230960044,0.0015814230960045088,1.0885389811754465e-16,False
2017-07-16,0.001780950170359,0.0017809501703591952,1.951563910473908e-16,False
2017-07-17,0.0,0.0,0.0,False
2017-07-18,0.0812985979851589,0.08129859798516256,3.6637359812630166e-15,False
2017-07-19,0.0078657953627655,0.007865795362766005,5.048045315092509e-16,False
2017-07-20,0.0,0.0,0.0,False
2017-07-21,0.0,0.0,0.0,False
2017-07-22,0.0,0.0,0.0,False
2017-07-23,0.0,0.0,0.0,False
2017-07-24,0.0,0.0,0.0,False
2017-07-25,0.0,0.0,0.0,False
2017-07-26,0.0,0.0,0.0,False
2017-07-27,0.0,0.0,0.0,False
2017-07-28,0.0,0.0,0.0,False
2017-07-29,0.0,0.0,0.0,False
2017-07-30,0.0,0.0,0.0,False
2017-07-31,0.0,0.0,0.0,False
2017-08-01,0.0,0.0,0.0,False
2017-08-02,0.0,0.0,0.0,False
2017-08-03,0.8031807626076666,0.8031807626076699,3.3306690738754696e-15,False
2017-08-04,1.09477865086155,1.0947786508615487,-1.3322676295501878e-15,False
2017-08-05,3.2659698598921274,3.2659698598921336,6.217248937900877e-15,False
2017-08-06,0.0099924823196541,0.009992482319654102,1.734723475976807e-18,False
2017-08-07,0.0028836091643027,0.002883609164302779,7.892991815694472e-17,False
2017-08-08,0.0028982506841355,0.002898250684135599,9.8879238130678e-17,False
2017-08-09,0.0,0.0,0.0,False
2017-08-10,0.004646887079025,0.0046468870790251325,1.3270634591222574e-16,False
2017-08-11,0.0,0.0,0.0,False
2017-08-12,0.007298706833999,0.007298706833999297,2.96637714392034e-16,False
2017-08-13,0.0285239109518559,0.0285239109518571,1.2004286453759505e-15,False
2017-08-14,0.0528531291166742,0.05285312911667639,2.192690473634684e-15,False
2017-08-15,8.24902276640726,8.249022766407252,-7.105427357601002e-15,False
2017-08-16,4.51272358323404,4.512723583234031,-8.881784197001252e-15,False
2017-08-17,10.309174660077542,10.309174660077531,-1.0658141036401503e-14,False
2017-08-18,0.859349648417241,0.8593496484172392,-1.887379141862766e-15,False
2017-08-19,4.2831369997045705,4.2831369997045705,0.0,False
2017-08-20,19.410367901773625,19.410367901773643,1.7763568394002505e-14,False
2017-08-21,5.766849957663267,5.7668499576632515,-1.509903313490213e-14,False
2017-08-22,0.6313734657138442,0.6313734657138436,-6.661338147750939e-16,False
2017-08-23,0.1984700699819004,0.19847006998190092,5.273559366969494e-16,False
2017-08-24,0.0724422677754211,0.07244226777542152,4.3021142204224816e-16,False
2017-08-25,0.0707913031501012,0.07079130315010171,5.134781488891349e-16,False
2017-08-26,0.0582546847229542,0.05825468472295422,2.0816681711721685e-17,False
2017-08-27,0.0472908805270046,0.04729088052700532,7.216449660063518e-16,False
2017-08-28,0.0303834159404793,0.03038341594047982,5.204170427930421e-16,False
2017-08-29,0.031132366863139,0.031132366863139575,5.759281940243e-16,False
2017-08-30,0.0118328926000479,0.011832892600048205,3.0531133177191805e-16,False
2017-08-31,0.0869104218200459,0.08691042182004671,8.187894806610529e-16,False
2017-09-01,0.0788880651606336,0.07888806516063412,5.273559366969494e-16,False
2017-09-02,0.0055922750346934,0.005592275034693562,1.6219664500383146e-16,False
2017-09-03,0.0029988177526516,0.002998817752651689,8.933825901280557e-17,False
2017-09-04,0.0,0.0,0.0,False
2017-09-05,0.0,0.0,0.0,False
2017-09-06,0.0029988177526516,0.002998817752651689,8.933825901280557e-17,False
2017-09-07,0.0,0.0,0.0,False
2017-09-08,0.0024927331350507,0.0024927331350508056,1.0581813203458523e-16,False
2017-09-09,0.0645617881978132,0.06456178819781586,2.6506574712925612e-15,False
2017-09-10,0.0024927331350507,0.0024927331350508056,1.0581813203458523e-16,False
2017-09-11,0.0049854662701014,0.004985466270101611,2.1163626406917047e-16,False
2017-09-12,0.0223099615587037,0.022309961558704707,1.0061396160665481e-15,False
2017-09-13,0.0024927331350507,0.0024927331350508056,1.0581813203458523e-16,False
2017-09-14,0.0196925917669005,0.01969259176690136,8.604228440844963e-16,False
2017-09-15,0.0421271899823568,0.042127189982358614,1.8110513089197866e-15,False
2017-09-16,0.0124636656752535,0.012463665675254027,5.273559366969494e-16,False
2017-09-17,0.0378895436527706,0.037889543652772244,1.6445178552260131e-15,False
2017-09-18,0.0300198868928072,0.030019886892808344,1.1449174941446927e-15,False
2017-09-19,0.0242297054374659,0.024229705437466883,9.818534874028728e-16,False
2017-09-20,0.0173244952886023,0.0173244952886031,7.979727989493313e-16,False
2017-09-21,0.0048948899873668,0.004894889987367048,2.480654570646834e-16,False
2017-09-22,0.0048948899873668,0.004894889987367048,2.480654570646834e-16,False
2017-09-23,0.0024474449936834,0.002447444993683524,1.240327285323417e-16,False
2017-09-24,0.0,0.0,0.0,False
2017-09-25,0.0024474449936834,0.002447444993683524,1.240327285323417e-16,False
2017-09-26,0.0200941864352645,0.02009418643526535,8.500145032286355e-16,False
2017-09-27,0.0048948899873668,0.004894889987367048,2.480654570646834e-16,False
2017-09-28,0.3308580548689846,0.330858054868984,-6.106226635438361e-16,False
2017-09-29,0.944280931401711,0.9442809314017213,1.0325074129013956e-14,False
2017-09-30,29.231274889817843,29.231274889817847,3.552713678800501e-15,False
2017-10-01,6.673104069742722,6.673104069742692,-3.019806626980426e-14,False
2017-10-02,14.362334349811327,14.362334349811272,-5.5067062021407764e-14,False
2017-10-03,1.7367722589484809,1.7367722589484857,4.884981308350689e-15,False
2017-10-04,0.2082799432629056,0.20827994326290805,2.4424906541753444e-15,False
2017-10-05,0.1799377564113751,0.17993775641137835,3.247402347028583e-15,False
2017-10-06,2.6830418866093213,2.683041886609294,-2.708944180085382e-14,False
2017-10-07,8.408722934124182,8.408722934124214,3.197442310920451e-14,False
2017-10-08,3.31439161897263,3.3143916189726847,5.46229728115577e-14,False
2017-10-09,0.3497792526029191,0.3497792526029193,2.220446049250313e-16,False
2017-10-10,3.957572969304288,3.9575729693043415,5.3734794391857577e-14,False
2017-10-11,6.044921815344158,6.044921815344084,-7.37188088351104e-14,False
2017-10-12,1.2423751889386592,1.2423751889386654,6.217248937900877e-15,False
2017-10-13,4.079188715876552,4.0791887158765725,2.042810365310288e-14,False
2017-10-14,0.7262814448039975,0.7262814448039989,1.4432899320127035e-15,False
2017-10-15,0.3974815560723999,0.39748155607240254,2.6645352591003757e-15,False
2017-10-16,0.0222911080882371,0.02229110808823697,-1.2836953722228372e-16,False
2017-10-17,0.3355997548808672,0.3355997548808763,9.103828801926284e-15,False
2017-10-18,0.0964734444648178,0.09647344446482087,3.066991105526995e-15,False
2017-10-19,0.0156349549044295,0.01563495490442984,3.400058012914542e-16,False
2017-10-20,0.0816221424191247,0.08162214241912537,6.661338147750939e-16,False
2017-10-21,0.6033266458858816,0.6033266458858804,-1.2212453270876722e-15,False
2017-10-22,3.259732135304971,3.259732135304975,3.9968028886505635e-15,False
2017-10-23,0.5133234805317457,0.5133234805317476,1.887379141862766e-15,False
2017-10-24,0.0645900549025909,0.06459005490259229,1.3877787807814457e-15,False
2017-10-25,0.7320911999457607,0.7320911999457722,1.1546319456101628e-14,False
2017-10-26,27.997118730075016,27.99711873007497,-4.618527782440651e-14,False
2017-10-27,4.215758264103013,4.2157582641030285,1.509903313490213e-14,False
2017-10-28,0.6640011508974648,0.6640011508974679,3.1086244689504383e-15,False
2017-10-29,0.1232632579060597,0.12326325790606234,2.6367796834847468e-15,False
2017-10-30,0.720762225527919,0.7207622255279275,8.43769498715119e-15,False
2017-10-31,4.64281092871292,4.642810928712913,-7.105427357601002e-15,False
2017-11-01,0.6624292585294778,0.6624292585294854,7.66053886991358e-15,False
2017-11-02,0.0671001124646734,0.06710011246467508,1.6792123247455493e-15,False
2017-11-03,0.0723256604667845,0.07232566046678578,1.27675647831893e-15,False
2017-11-04,21.4623563212734,21.462356321273248,-1.5276668818842154e-13,False
2017-11-05,6.330459172351263,6.330459172351259,-4.440892098500626e-15,False
2017-11-06,0.556817863665282,0.5568178636652831,1.1102230246251565e-15,False
2017-11-07,0.1373845136093783,0.13738451360938178,3.469446951953614e-15,False
2017-11-08,0.0376597467954858,0.03765974679548718,1.3739009929736312e-15,False
2017-11-09,5.0718323123035125,5.071832312303399,-1.1368683772161603e-13,False
2017-11-10,1.350909056865666,1.3509090568656767,1.0658141036401503e-14,False
2017-11-11,11.864201491720683,11.864201491720676,-7.105427357601002e-15,False
2017-11-12,0.2683947654385761,0.2683947654385805,4.385380947269368e-15,False
2017-11-13,0.0425911483141752,0.04259114831417668,1.4779844015322396e-15,False
2017-11-14,0.1186086310256927,0.11860863102569767,4.9682480351975755e-15,False
2017-11-15,0.162792780616403,0.16279278061640853,5.523359547510154e-15,False
2017-11-16,3.3942361245143218,3.394236124514301,-2.0872192862952943e-14,False
2017-11-17,20.450676668019327,20.450676668019213,-1.1368683772161603e-13,False
2017-11-18,22.69647349997676,22.696473499976722,-3.907985046680551e-14,False
2017-11-19,15.17927690628043,15.179276906280487,5.684341886080802e-14,False
2017-11-20,2.890793491935803,2.890793491935778,-2.531308496145357e-14,False
2017-11-21,15.374525956479776,15.374525956479609,-1.6697754290362354e-13,False
2017-11-22,9.75066210521224,9.75066210521221,-3.019806626980426e-14,False
2017-11-23,0.7581957476181915,0.758195747618194,2.4424906541753444e-15,False
2017-11-24,1.1730014777101374,1.1730014777101534,1.5987211554602254e-14,False
2017-11-25,0.1310795065743034,0.13107950657430717,3.774758283725532e-15,False
2017-11-26,4.857341410260524,4.857341410260537,1.2434497875801753e-14,False
2017-11-27,26.266776467049013,26.26677646704897,-4.263256414560601e-14,False
2017-11-28,0.9349070639550918,0.934907063955114,2.220446049250313e-14,False
2017-11-29,0.2375332252827051,0.23753322528271148,6.38378239159465e-15,False
2017-11-30,0.0938008861738879,0.09380088617389033,2.42861286636753e-15,False
2017-12-01,0.1864022259334398,0.18640222593344485,5.051514762044462e-15,False
2017-12-02,0.1615783127184236,0.16157831271842607,2.4702462297909733e-15,False
2017-12-03,0.0808131643118228,0.08081316431182542,2.6229018956769323e-15,False
2017-12-04,0.087141800733521,0.08714180073352333,2.3314683517128287e-15,False
2017-12-05,0.1696845408836805,0.16968454088368776,7.244205235679146e-15,False
2017-12-06,0.1912426413560395,0.1912426413560459,6.411537967210279e-15,False
2017-12-07,3.262612317097801,3.26261231709778,-2.1316282072803006e-14,False
2017-12-08,11.695065854367,11.695065854367007,7.105427357601002e-15,False
2017-12-09,1.089960287331932,1.0899602873319423,1.021405182655144e-14,False
2017-12-10,3.817796256978079,3.8177962569780557,-2.3092638912203256e-14,False
2017-12-11,1.952580164959055,1.9525801649590655,1.0436096431476471e-14,False
2017-12-12,0.5754504839657819,0.5754504839657881,6.217248937900877e-15,False
2017-12-13,0.1369306615501574,0.1369306615501591,1.6930901125533637e-15,False
2017-12-14,0.0916992482336133,0.09169924823361425,9.43689570931383e-16,False
2017-12-15,0.3428302722138429,0.3428302722138517,8.826273045769994e-15,False
2017-12-16,3.199290285686025,3.199290285686033,7.993605777301127e-15,False
2017-12-17,0.2285482339632218,0.22854823396322296,1.1657341758564144e-15,False
2017-12-18,13.124272623960575,13.124272623960541,-3.375077994860476e-14,False
2017-12-19,0.5448287932450866,0.5448287932450869,3.3306690738754696e-16,False
2017-12-20,9.743629095881229,9.743629095881222,-7.105427357601002e-15,False
2017-12-21,18.92071561717084,18.92071561717085,1.0658141036401503e-14,False
2017-12-22,2.624438505557418,2.6244385055574315,1.3322676295501878e-14,False
2017-12-23,0.4342775847929687,0.43427758479297546,6.772360450213455e-15,False
2017-12-24,0.230198999256053,0.23019899925605353,5.273559366969494e-16,False
2017-12-25,16.25804758066186,16.258047580661767,-9.237055564881302e-14,False
2017-12-26,10.098169923348292,10.098169923348227,-6.572520305780927e-14,False
2017-12-27,0.9332538028575216,0.9332538028575293,7.771561172376096e-15,False
2017-12-28,3.180712405656016,3.1807124056559934,-2.2648549702353193e-14,False
2017-12-29,3.669053171549822,3.669053171549809,-1.2878587085651816e-14,False
2017-12-30,12.785492771526323,12.785492771526297,-2.6645352591003757e-14,False
2017-12-31,15.256075320535023,15.256075320535047,2.3092638912203256e-14,False
2018-01-01,1.2936161182873815,1.2936161182874,1.84297022087776e-14,False
2018-01-02,2.8369004875267354,2.8369004875266937,-4.1744385725905886e-14,False
2018-01-03,14.23195518971097,14.231955189710888,-8.171241461241152e-14,False
2018-01-04,0.8597342158335237,0.8597342158335475,2.375877272697835e-14,False
2018-01-05,0.1430127630842226,0.14301276308422559,2.9976021664879227e-15,False
2018-01-06,1.2158359724568346,1.2158359724568204,-1.4210854715202004e-14,False
2018-01-07,15.357770212949374,15.357770212949282,-9.237055564881302e-14,False
2018-01-08,12.203605500258234,12.203605500258218,-1.5987211554602254e-14,False
2018-01-09,3.31578992394507,3.3157899239450948,2.4868995751603507e-14,False
2018-01-10,7.573565255243562,7.573565255243465,-9.681144774731365e-14,False
2018-01-11,10.578792025167235,10.578792025167072,-1.6342482922482304e-13,False
2018-01-12,0.4275365192870879,0.4275365192870873,-6.106226635438361e-16,False
2018-01-13,0.7481518731038516,0.7481518731038573,5.773159728050814e-15,False
2018-01-14,2.53899811662488,2.538998116624867,-1.2878587085651816e-14,False
2018-01-15,0.2720822430270317,0.2720822430270327,9.992007221626409e-16,False
2018-01-16,13.337963766557408,13.337963766557245,-1.6342482922482304e-13,False
2018-01-17,4.937859597941381,4.937859597941369,-1.2434497875801753e-14,False
2018-01-18,0.3641013738358479,0.36410137383585683,8.93729534823251e-15,False
2018-01-19,4.2402483084431735,4.240248308443177,3.552713678800501e-15,False
2018-01-20,7.117724805356008,7.117724805355978,-2.930988785010413e-14,False
2018-01-21,10.306303431883656,10.306303431883553,-1.0302869668521453e-13,False
2018-01-22,4.109463601909324,4.109463601909387,6.306066779870889e-14,False
2018-01-23,12.62783563350471,12.627835633504567,-1.4210854715202004e-13,False
2018-01-24,1.220710939738063,1.2207109397380687,5.551115123125783e-15,False
2018-01-25,0.6253458274626638,0.6253458274626674,3.6637359812630166e-15,False
2018-01-26,1.2870548027373747,1.287054802737393,1.8207657603852567e-14,False
2018-01-27,1.1533740956761014,1.1533740956761025,1.1102230246251565e-15,False
2018-01-28,0.9201278401973578,0.9201278401973735,1.5654144647214707e-14,False
2018-01-29,10.756345458516488,10.75634545851645,-3.907985046680551e-14,False
2018-01-30,21.808542209533236,21.808542209533165,-7.105427357601002e-14,False
2018-01-31,3.020014480401653,3.0200144804015845,-6.838973831690964e-14,False
2018-02-01,0.8262121325825681,0.8262121325825632,-4.884981308350689e-15,False
2018-02-02,0.2721466648013414,0.2721466648013471,5.662137425588298e-15,False
2018-02-03,0.2294153069946654,0.22941530699466753,2.1371793224034263e-15,False
2018-02-04,0.2058348802126021,0.20583488021260138,-7.216449660063518e-16,False
2018-02-05,0.3421175056948142,0.3421175056948137,-4.996003610813204e-16,False
2018-02-06,0.7523532596514763,0.7523532596514748,-1.4432899320127035e-15,False
2018-02-07,0.2331618747027401,0.23316187470273989,-2.220446049250313e-16,False
2018-02-08,0.0957088001616184,0.09570880016161809,-3.0531133177191805e-16,False
2018-02-09,0.0173878468906458,0.017387846890645865,6.591949208711867e-17,False
2018-02-10,4.207553462230837,4.2075534622308295,-7.105427357601002e-15,False
2018-02-11,0.8013842433557897,0.8013842433557978,8.104628079763643e-15,False
2018-02-12,0.983386895913463,0.9833868959134384,-2.453592884421596e-14,False
2018-02-13,2.060802623613607,2.0608026236135975,-9.769962616701378e-15,False
2018-02-14,1.5013930583380488,1.5013930583380737,2.4868995751603507e-14,False
2018-02-15,0.9156679424574896,0.9156679424574934,3.774758283725532e-15,False
2018-02-16,0.2189889830906141,0.21898898309061593,1.8318679906315083e-15,False
2018-02-17,0.0102181800200303,0.010218180020030368,6.765421556309548e-17,False
2018-02-18,0.4367112895093345,0.4367112895093377,3.164135620181696e-15,False
2018-02-19,0.6214068040060751,0.6214068040060832,8.104628079763643e-15,False
2018-02-20,2.9345201105300185,2.934520110530011,-7.549516567451064e-15,False
2018-02-21,0.964173232758586,0.9641732327585683,-1.7763568394002505e-14,False
2018-02-22,5.47043863478703,5.470438634787027,-2.6645352591003757e-15,False
2018-02-23,1.0629121479769377,1.0629121479769241,-1.354472090042691e-14,False
2018-02-24,0.0590963682924887,0.05909636829248456,-4.142519660632615e-15,False
2018-02-25,0.0066255565169731,0.006625556516973316,2.1597307275911248e-16,False
2018-02-26,32.26854168655844,32.268541686558336,-1.0658141036401503e-13,False
2018-02-27,5.5141613740103175,5.514161374010386,6.838973831690964e-14,False
2018-02-28,1.3341021693647823,1.3341021693647406,-4.1744385725905886e-14,False
2018-03-01,1.8842950943734813,1.8842950943734524,-2.886579864025407e-14,False
2018-03-02,7.20877374389982,7.208773743899779,-4.085620730620576e-14,False
2018-03-03,6.163974439965264,6.163974439965232,-3.197442310920451e-14,False
2018-03-04,3.4395533540319474,3.439553354031958,1.0658141036401503e-14,False
2018-03-05,4.51681913377921,4.516819133779228,1.7763568394002505e-14,False
2018-03-06,4.183612939248405,4.18361293924846,5.417888360170764e-14,False
2018-03-07,5.677185572546583,5.6771855725465645,-1.865174681370263e-14,False
2018-03-08,2.0514983576661687,2.051498357666222,5.3290705182007514e-14,False
2018-03-09,0.7226929526217339,0.7226929526217307,-3.219646771412954e-15,False
2018-03-10,3.675667341883484,3.6756673418834582,-2.5757174171303632e-14,False
2018-03-11,0.2437342822690536,0.24373428226905408,4.718447854656915e-16,False
2018-03-12,10.675163328735174,10.675163328735069,-1.0480505352461478e-13,False
2018-03-13,9.107463813244353,9.10746381324433,-2.3092638912203256e-14,False
2018-03-14,5.727097727303516,5.727097727303501,-1.509903313490213e-14,False
2018-03-15,17.399668149882327,17.399668149882277,-4.973799150320701e-14,False
2018-03-16,2.198399975529989,2.198399975529953,-3.597122599785507e-14,False
2018-03-17,0.891584606890257,0.8915846068902482,-8.770761894538737e-15,False
2018-03-18,0.1828913457471888,0.1828913457471972,8.409939411535561e-15,False
2018-03-19,6.429119075892599,6.4291190758925225,-7.638334409421077e-14,False
2018-03-20,23.24400264535429,23.244002645354335,4.618527782440651e-14,False
2018-03-21,7.887294778924427,7.887294778924405,-2.220446049250313e-14,False
2018-03-22,6.450152177718325,6.450152177718283,-4.1744385725905886e-14,False
2018-03-23,2.017444929673142,2.017444929673126,-1.5987211554602254e-14,False
2018-03-24,0.8401373248075582,0.8401373248075924,3.419486915845482e-14,False
2018-03-25,0.4810769300198564,0.4810769300198823,2.5868196473766147e-14,False
2018-03-26,7.662820099813608,7.662820099813608,0.0,False
2018-03-27,11.93412904523884,11.93412904523889,4.973799150320701e-14,False
2018-03-28,29.889245375630104,29.889245375629816,-2.877698079828406e-13,False
2018-03-29,5.368576646987266,5.368576646987213,-5.3290705182007514e-14,False
2018-03-30,14.92592610044621,14.925926100446102,-1.0835776720341528e-13,False
2018-03-31,8.220716018023639,8.220716018023607,-3.197442310920451e-14,False
2018-04-01,4.126523602797609,4.126523602797598,-1.0658141036401503e-14,False
2018-04-02,3.031643066602697,3.0316430666027485,5.1514348342607263e-14,False
2018-04-03,3.3271809888874357,3.3271809888874753,3.952393967665557e-14,False
2018-04-04,3.296528509774027,3.2965285097740544,2.7533531010703882e-14,False
2018-04-05,0.5368740983894574,0.5368740983894766,1.9206858326015208e-14,False
2018-04-06,0.474134301845896,0.47413430184590283,6.827871601444713e-15,False
2018-04-07,0.3354005416451993,0.3354005416452162,1.6930901125533637e-14,False
2018-04-08,0.2310651662727103,0.23106516627272836,1.8068879725774423e-14,False
2018-04-09,0.2896950955949339,0.28969509559495155,1.765254609153999e-14,False
2018-04-10,0.2169808545748902,0.21698085457490912,1.892930256985892e-14,False
2018-04-11,0.0095776325624576,0.009577632562457526,-7.45931094670027e-17,False
2018-04-12,0.0,0.0,0.0,False
2018-04-13,0.0,0.0,0.0,False
2018-04-14,0.0044938636308075,0.00449386363080766,1.6046192152785466e-16,False
2018-04-15,11.76623450800941,11.766234508009411,1.7763568394002505e-15,False
2018-04-16,5.628485787075263,5.628485787075228,-3.552713678800501e-14,False
2018-04-17,0.4648613617301051,0.46486136173011067,5.551115123125783e-15,False
2018-04-18,0.3092033988461893,0.30920339884618653,-2.7755575615628914e-15,False
2018-04-19,0.1004517756959186,0.10045177569591723,-1.3600232051658168e-15,False
2018-04-20,0.021169143256774,0.021169143256774103,1.0408340855860843e-16,False
2018-04-21,0.0120593569956869,0.012059356995686991,9.194034422677078e-17,False
2018-04-22,0.0094257898715217,0.009425789871521737,3.642919299551295e-17,False
2018-04-23,0.0453534793138087,0.04535347931380954,8.396061623727746e-16,False
2018-04-24,0.0125870181825449,0.012587018182544856,-4.336808689942018e-17,False
2018-04-25,0.0041734718015387,0.004173471801538912,2.1250362580715887e-16,False
2018-04-26,0.0024160849031578,0.0024160849031579688,1.687018580387445e-16,False
2018-04-27,0.0391925693732771,0.039192569373278884,1.7832957333041577e-15,False
2018-04-28,0.0753513945214671,0.07535139452146906,1.970645868709653e-15,False
2018-04-29,0.0058505977096986,0.005850597709698914,3.139849491518021e-16,False
2018-04-30,0.0135663255858362,0.013566325585836737,5.377642775528102e-16,False
2018-05-01,0.0044586554805584,0.004458655480558546,1.457167719820518e-16,False
2018-05-02,0.0122187374390972,0.01221873743909768,4.805184028455756e-16,False
2018-05-03,0.0024160849031578,0.0024160849031579688,1.687018580387445e-16,False
2018-05-04,0.0016763394096047,0.0016763394096047828,8.283304597789254e-17,False
2018-05-05,0.0,0.0,0.0,False
2018-05-06,0.0,0.0,0.0,False
2018-05-07,0.2787369199055031,0.2787369199055047,1.609823385706477e-15,False
2018-05-08,0.0103409722011192,0.01034097220111923,2.949029909160572e-17,False
2018-05-09,0.002451042504394,0.002451042504394114,1.1405806854547507e-16,False
2018-05-10,0.002451042504394,0.002451042504394114,1.1405806854547507e-16,False
2018-05-11,0.004902085008788,0.004902085008788228,2.2811613709095013e-16,False
2018-05-12,0.0,0.0,0.0,False
2018-05-13,0.0745266404442894,0.0745266404442914,1.9984014443252818e-15,False
2018-05-14,0.0017005938571784,0.0017005938571785434,1.4354836763708079e-16,False
2018-05-15,0.0547431536809258,0.05474315368092624,4.440892098500626e-16,False
2018-05-16,0.1492847424869396,0.14928474248694124,1.6375789613221059e-15,False
2018-05-17,0.0630389337885406,0.06303893378854152,9.159339953157541e-16,False
2018-05-18,0.5810847713959407,0.5810847713959323,-8.43769498715119e-15,False
2018-05-19,8.905276140482366,8.905276140482378,1.2434497875801753e-14,False
2018-05-20,0.8794796300406371,0.8794796300406297,-7.438494264988549e-15,False
2018-05-21,0.3120954361155738,0.3120954361155688,-4.9960036108132044e-15,False
2018-05-22,0.1960447870771222,0.19604478707711812,-4.08006961549745e-15,False
2018-05-23,0.0595287443143869,0.059528744314386914,1.3877787807814457e-17,False
2018-05-24,0.0210764201514263,0.021076420151426335,3.469446951953614e-17,False
2018-05-25,0.005032217473541,0.005032217473540989,-1.1275702593849246e-17,False
2018-05-26,0.0025161087367705,0.0025161087367704944,-5.637851296924623e-18,False
2018-05-27,0.0037741631051557,0.0037741631051557423,4.206704429243757e-17,False
2018-05-28,0.00497668717292,0.0049766871729199965,-3.469446951953614e-18,False
2018-05-29,0.0043058858924307,0.004305885892430775,7.45931094670027e-17,False
2018-05-30,0.0041326529139599,0.0041326529139600375,1.3791051634015616e-16,False
2018-05-31,0.0010331632284899,0.0010331632284900094,1.0928757898653885e-16,False
2018-06-01,0.0010331632284899,0.0010331632284900094,1.0928757898653885e-16,False
2018-06-02,0.0,0.0,0.0,False
2018-06-03,0.9726328346224408,0.9726328346224431,2.3314683517128287e-15,False
2018-06-04,0.1251974607418946,0.12519746074189694,2.3314683517128287e-15,False
2018-06-05,0.0786811579991674,0.07868115799916829,8.881784197001252e-16,False
2018-06-06,0.1289927005597058,0.12899270055970566,-1.3877787807814457e-16,False
2018-06-07,2.6335921031474525,2.633592103147456,3.552713678800501e-15,False
2018-06-08,1.0105686532902336,1.010568653290237,3.3306690738754696e-15,False
2018-06-09,0.2126625996948648,0.21266259969485662,-8.18789480661053e-15,False
2018-06-10,0.0448335072029498,0.04483350720294884,-9.575673587391975e-16,False
2018-06-11,0.0038335128457156,0.003833512845715617,1.734723475976807e-17,False
2018-06-12,0.012800874206923,0.012800874206923437,4.371503159461554e-16,False
2018-06-13,6.242618315642058,6.2426183156420905,3.2862601528904634e-14,False
2018-06-14,1.3369021097371054,1.3369021097371065,1.1102230246251565e-15,False
2018-06-15,1.157565891106037,1.1575658911060653,2.842170943040401e-14,False
2018-06-16,1.0010049336409468,1.0010049336409712,2.4424906541753444e-14,False
2018-06-17,0.0665176973609313,0.06651769736093349,2.192690473634684e-15,False
2018-06-18,0.0438461885772334,0.04384618857723483,1.429412144204889e-15,False
2018-06-19,0.0503663770023598,0.0503663770023611,1.304512053934559e-15,False
2018-06-20,0.0976015923216502,0.09760159232165244,2.248201624865942e-15,False
2018-06-21,0.4754403753408947,0.475440375340905,1.0269562977782698e-14,False
2018-06-22,0.1911876527425821,0.19118765274258617,4.08006961549745e-15,False
2018-06-23,0.2492461335345957,0.24924613353460098,5.2735593669694936e-15,False
2018-06-24,0.0091478051025305,0.0091478051025307,1.9949319973733282e-16,False
2018-06-25,0.0012819789165479,0.001281978916547975,7.48099499014998e-17,False
2018-06-26,0.0,0.0,0.0,False
2018-06-27,0.0334793897656928,0.03347938976569361,8.118505867571457e-16,False
2018-06-28,0.0010593012987342,0.0010593012987342727,7.26415455565288e-17,False
2018-06-29,0.0,0.0,0.0,False
2018-06-30,0.0,0.0,0.0,False
2018-07-01,0.0,0.0,0.0,False
2018-07-02,0.0010810197051218,0.00108101970512189,8.998878031629687e-17,False
2018-07-03,0.0058882569602254,0.005888256960225548,1.48318857196017e-16,False
2018-07-04,0.001684037385502,0.0016840373855021018,1.0169816377914032e-16,False
2018-07-05,0.0777793677835183,0.07777936778352,1.7069679003611782e-15,False
2018-07-06,0.0,0.0,0.0,False
2018-07-07,0.0,0.0,0.0,False
2018-07-08,0.0,0.0,0.0,False
2018-07-09,0.0134038375992631,0.013403837599263519,4.198030811863873e-16,False
2018-07-10,0.0219834782101604,0.021983478210161004,6.036837696399289e-16,False
2018-07-11,0.064013584797493,0.06401358479749217,-8.326672684688674e-16,False
2018-07-12,0.0,0.0,0.0,False
2018-07-13,0.0,0.0,0.0,False
2018-07-14,0.0,0.0,0.0,False
2018-07-15,0.0,0.0,0.0,False
2018-07-16,0.0,0.0,0.0,False
2018-07-17,0.0,0.0,0.0,False
2018-07-18,0.0,0.0,0.0,False
2018-07-19,0.0016317881099488,0.0016317881099488455,4.5536491244391186e-17,False
2018-07-20,0.0,0.0,0.0,False
2018-07-21,0.0,0.0,0.0,False
2018-07-22,0.0431652934725647,0.04316529347256571,1.0061396160665481e-15,False
2018-07-23,0.001099542838629,0.0010995428386290685,6.852157730108388e-17,False
2018-07-24,0.0,0.0,0.0,False
2018-07-25,0.0,0.0,0.0,False
2018-07-26,0.0,0.0,0.0,False
2018-07-27,0.0,0.0,0.0,False
2018-07-28,0.0,0.0,0.0,False
2018-07-29,0.0,0.0,0.0,False
2018-07-30,0.0070839633382374,0.007083963338237597,1.968911145233676e-16,False
2018-07-31,14.95276813063182,14.952768130631744,-7.638334409421077e-14,False
2018-08-01,3.8069905301286098,3.806990530128615,5.329070518200751e-15,False
2018-08-02,2.8157232269250807,2.815723226925042,-3.863576125695545e-14,False
2018-08-03,9.83031201826241,9.83031201826236,-4.973799150320701e-14,False
2018-08-04,3.5599909124694413,3.5599909124693894,-5.1958437552457326e-14,False
2018-08-05,1.0917624108900654,1.0917624108901107,4.529709940470639e-14,False
2018-08-06,7.472796057020676,7.472796057020641,-3.4638958368304884e-14,False
2018-08-07,1.2452463258492068,1.2452463258492088,1.9984014443252818e-15,False
2018-08-08,1.1533561264867616,1.153356126486785,2.353672812205332e-14,False
2018-08-09,1.5579483028509746,1.557948302850988,1.3322676295501878e-14,False
2018-08-10,0.2580905823121442,0.2580905823121545,1.0269562977782698e-14,False
2018-08-11,0.243252637027337,0.24325263702734745,1.04638520070921e-14,False
2018-08-12,0.2721872158769994,0.272187215877016,1.659783421814609e-14,False
2018-08-13,0.0909116222988118,0.09091162229881243,6.245004513516506e-16,False
2018-08-14,0.0504392797658157,0.05043927976581591,2.0816681711721685e-16,False
2018-08-15,0.050165284733054,0.05016528473305436,3.608224830031759e-16,False
2018-08-16,0.494895713127312,0.4948957131273092,-2.831068712794149e-15,False
2018-08-17,0.2175996187995122,0.21759961879951203,-1.6653345369377348e-16,False
2018-08-18,0.0703476718069805,0.0703476718069812,7.077671781985373e-16,False
2018-08-19,0.0268487186824987,0.02684871868249895,2.498001805406602e-16,False
2018-08-20,0.0205663126702946,0.020566312670294965,3.642919299551295e-16,False
2018-08-21,0.0091657556630233,0.009165755663023353,5.204170427930421e-17,False
2018-08-22,0.4550699975583097,0.4550699975583005,-9.159339953157541e-15,False
2018-08-23,0.0527055377618481,0.052705537761848595,4.926614671774132e-16,False
2018-08-24,0.188473886444911,0.1884738864449126,1.582067810090848e-15,False
2018-08-25,6.681852792396281,6.681852792396314,3.2862601528904634e-14,False
2018-08-26,0.6373581369107281,0.6373581369107297,1.6653345369377348e-15,False
2018-08-27,0.1070693991958533,0.10706939919585205,-1.2490009027033011e-15,False
2018-08-28,0.0438544943262461,0.04385449432624613,2.7755575615628914e-17,False
2018-08-29,0.0105726353844322,0.010572635384432517,3.174543961037557e-16,False
2018-08-30,0.0110962006722948,0.011096200672295048,2.480654570646834e-16,False
2018-08-31,0.0089929822022983,0.008992982202298624,3.2439329000766293e-16,False
2018-09-01,0.0048144021147536,0.004814402114753886,2.8622937353617317e-16,False
2018-09-02,0.0248213928019897,0.024821392801990395,6.938893903907228e-16,False
2018-09-03,0.9375014823213452,0.9375014823213452,0.0,False
2018-09-04,9.2453629904031,9.245362990403065,-3.552713678800501e-14,False
2018-09-05,1.8794152329735463,1.879415232973514,-3.219646771412954e-14,False
2018-09-06,0.389886904435141,0.38988690443513063,-1.0380585280245214e-14,False
2018-09-07,0.1936037024245012,0.19360370242449496,-6.2450045135165055e-15,False
2018-09-08,0.0214067765656475,0.021406776565647677,1.7694179454963432e-16,False
2018-09-09,0.0110717382581451,0.011071738258145497,3.972516759986888e-16,False
2018-09-10,0.0114582034197233,0.011458203419723714,4.145989107584569e-16,False
2018-09-11,0.0079583132820739,0.00795831328207405,1.491862189340054e-16,False
2018-09-12,0.0085417089872083,0.008541708987208614,3.139849491518021e-16,False
2018-09-13,0.0050184464945611,0.005018446494561422,3.226585665316861e-16,False
2018-09-14,18.133185307455104,18.13318530745517,6.750155989720952e-14,False
2018-09-15,3.234681588136802,3.234681588136815,1.2878587085651816e-14,False
2018-09-16,1.0181298046215246,1.0181298046214795,-4.5075054799781356e-14,False
2018-09-17,3.221346595940854,3.221346595940854,0.0,False
2018-09-18,0.905115638731878,0.9051156387318701,-7.882583474838611e-15,False
2018-09-19,0.1231184300782301,0.1231184300782323,2.192690473634684e-15,False
2018-09-20,6.139808292481239,6.139808292481297,5.861977570020827e-14,False
2018-09-21,5.280515951514491,5.280515951514449,-4.1744385725905886e-14,False
2018-09-22,0.0760040479613608,0.07600404796136323,2.42861286636753e-15,False
2018-09-23,0.0276917251230984,0.02769172512309909,6.904199434387692e-16,False
2018-09-24,0.0201766415381914,0.020176641538192007,6.071532165918825e-16,False
2018-09-25,0.0165117830577281,0.016511783057728713,6.140921104957897e-16,False
2018-09-26,0.0129523832352437,0.012952383235244247,5.464378949326942e-16,False
2018-09-27,6.598826340439398,6.598826340439395,-3.552713678800501e-15,False
2018-09-28,1.080104141411884,1.0801041414118613,-2.2648549702353193e-14,False
2018-09-29,0.1405956149899529,0.1405956149899553,2.3869795029440866e-15,False
2018-09-30,16.319408263667718,16.31940826366781,9.237055564881302e-14,False
2018-10-01,10.207711886456453,10.207711886456325,-1.2789769243681803e-13,False
2018-10-02,2.949583647828096,2.949583647828064,-3.197442310920451e-14,False
2018-10-03,0.829206934029232,0.8292069340292433,1.1324274851176597e-14,False
2018-10-04,0.197508966474058,0.19750896647406183,3.83026943495679e-15,False
2018-10-05,0.1420428377487106,0.14204283774871396,3.3584246494910985e-15,False
2018-10-06,0.6761972777958272,0.6761972777958367,9.547918011776346e-15,False
2018-10-07,1.2432112512587292,1.2432112512587352,5.995204332975845e-15,False
2018-10-08,2.8185975376297066,2.8185975376297003,-6.217248937900877e-15,False
2018-10-09,10.562512073897578,10.56251207389754,-3.730349362740526e-14,False
2018-10-10,0.9260891739615068,0.9260891739615209,1.4099832412739488e-14,False
2018-10-11,1.1106854426584043,1.1106854426584039,-4.440892098500626e-16,False
2018-10-12,0.1484926266084437,0.14849262660844686,3.164135620181696e-15,False
2018-10-13,5.261543046298024,5.261543046298052,2.842170943040401e-14,False
2018-10-14,2.58185269197594,2.581852691975919,-2.1316282072803006e-14,False
2018-10-15,12.342749846059498,12.342749846059425,-7.283063041541027e-14,False
2018-10-16,1.9821557430853889,1.9821557430853751,-1.3766765505351941e-14,False
2018-10-17,6.33044706205243,6.330447062052496,6.572520305780927e-14,False
2018-10-18,9.011501085629986,9.01150108562996,-2.4868995751603507e-14,False
2018-10-19,2.257819530272966,2.257819530272982,1.5987211554602254e-14,False
2018-10-20,1.091242271934818,1.0912422719348458,2.7755575615628914e-14,False
2018-10-21,0.0965112174405781,0.09651121744057893,8.326672684688674e-16,False
2018-10-22,0.1200466130873102,0.12004661308731067,4.718447854656915e-16,False
2018-10-23,0.0475326210271443,0.04753262102714499,6.938893903907228e-16,False
2018-10-24,10.472549990231846,10.472549990231787,-5.861977570020827e-14,False
2018-10-25,5.620502084640556,5.620502084640552,-4.440892098500626e-15,False
2018-10-26,1.2977455683629222,1.2977455683629244,2.220446049250313e-15,False
2018-10-27,4.783674116357976,4.783674116358006,3.019806626980426e-14,False
2018-10-28,2.330101479044889,2.3301014790448638,-2.531308496145357e-14,False
2018-10-29,0.2099297390220815,0.20992973902208137,-1.3877787807814457e-16,False
2018-10-30,0.0544752245803892,0.05447522458038973,5.342948306008566e-16,False
2018-10-31,3.1639678037688768,3.163967803768869,-7.549516567451064e-15,False
2018-11-01,1.1279025581993942,1.1279025581993758,-1.84297022087776e-14,False
2018-11-02,0.0612164807941456,0.061216480794146724,1.124100812432971e-15,False
2018-11-03,1.7293395534019165,1.7293395534019202,3.774758283725532e-15,False
2018-11-04,0.2909911751579333,0.2909911751579269,-6.439293542825908e-15,False
2018-11-05,0.2026437193727001,0.20264371937269984,-2.498001805406602e-16,False
2018-11-06,0.0259796728470293,0.025979672847029546,2.463307335887066e-16,False
2018-11-07,0.7615791642671146,0.7615791642671208,6.217248937900877e-15,False
2018-11-08,2.4003738216086736,2.4003738216086705,-3.1086244689504383e-15,False
2018-11-09,0.4307007760926803,0.43070077609268204,1.7208456881689926e-15,False
2018-11-10,3.080502064451872,3.0805020644518932,2.1316282072803006e-14,False
2018-11-11,0.7526776251940313,0.7526776251940414,1.0103029524088925e-14,False
2018-11-12,0.0665088343790344,0.06650883437903483,4.3021142204224816e-16,False
2018-11-13,0.1779991742219155,0.1779991742219134,-2.1094237467877974e-15,False
2018-11-14,0.162513613903036,0.16251361390303912,3.1086244689504383e-15,False
2018-11-15,3.622654683688407,3.622654683688419,1.199040866595169e-14,False
2018-11-16,0.3324675209722683,0.3324675209722896,2.1316282072803006e-14,False
2018-11-17,0.1254892133104116,0.1254892133104186,6.994405055138486e-15,False
2018-11-18,2.113233581617277,2.1132335816173065,2.930988785010413e-14,False
2018-11-19,28.358814382443803,28.358814382443754,-4.973799150320701e-14,False
2018-11-20,2.897547370530765,2.8975473705307206,-4.440892098500626e-14,False
2018-11-21,0.5889699427282091,0.5889699427282291,1.9984014443252818e-14,False
2018-11-22,2.871477777378721,2.871477777378764,4.3076653355456074e-14,False
2018-11-23,6.433252653775,6.433252653775008,7.993605777301127e-15,False
2018-11-24,11.037885846536422,11.037885846536422,0.0,False
2018-11-25,5.502157349040388,5.502157349040396,7.993605777301127e-15,False
2018-11-26,0.3542582294765436,0.35425822947655355,9.936496070395151e-15,False
2018-11-27,0.1520098551345329,0.15200985513453638,3.469446951953614e-15,False
2018-11-28,0.0969843088519331,0.09698430885193529,2.192690473634684e-15,False
2018-11-29,6.330766809078789,6.330766809078792,2.6645352591003757e-15,False
2018-11-30,10.718941002879948,10.718941002879975,2.6645352591003757e-14,False
2018-12-01,39.02095300409945,39.020953004099574,1.2789769243681803e-13,False
2018-12-02,7.39977421712388,7.399774217123775,-1.0480505352461478e-13,False
2018-12-03,3.655290908139016,3.6552909081389404,-7.549516567451064e-14,False
2018-12-04,1.7278989638077191,1.7278989638077002,-1.887379141862766e-14,False
2018-12-05,1.1986040896048549,1.198604089604856,1.1102230246251565e-15,False
2018-12-06,0.1664675412371126,0.16646754123711685,4.246603069191224e-15,False
2018-12-07,0.1424526404657844,0.14245264046578734,2.942091015256665e-15,False
2018-12-08,0.7261521453719807,0.7261521453719845,3.774758283725532e-15,False
2018-12-09,0.1016193302237532,0.10161933022375587,2.6645352591003757e-15,False
2018-12-10,0.1289361312898639,0.12893613128986428,3.885780586188048e-16,False
2018-12-11,0.0596918760832193,0.05969187608322123,1.9359513991901167e-15,False
2018-12-12,1.7342378637433509,1.734237863743363,1.2212453270876722e-14,False
2018-12-13,7.918446378047832,7.918446378047844,1.2434497875801753e-14,False
2018-12-14,4.020423879750662,4.020423879750579,-8.260059303211165e-14,False
2018-12-15,2.187567985823748,2.1875679858237516,3.552713678800501e-15,False
2018-12-16,1.678006986731419,1.6780069867314285,9.547918011776346e-15,False
2018-12-17,1.3640981957173186,1.3640981957173204,1.7763568394002505e-15,False
2018-12-18,7.877318980732541,7.87731898073256,1.865174681370263e-14,False
2018-12-19,5.739106984059011,5.7391069840589735,-3.730349362740526e-14,False
2018-12-20,1.7201659645307257,1.7201659645306955,-3.019806626980426e-14,False
2018-12-21,0.373163661229907,0.37316366122990346,-3.552713678800501e-15,False
2018-12-22,1.8012338120242737,1.8012338120243143,4.063416270128073e-14,False
2018-12-23,8.269357376476199,8.26935737647627,7.105427357601002e-14,False
2018-12-24,6.95857021674526,6.958570216745259,-8.881784197001252e-16,False
2018-12-25,1.2419520184443054,1.2419520184443131,7.771561172376096e-15,False
2018-12-26,0.7277774487733887,0.7277774487733908,2.1094237467877974e-15,False
2018-12-27,0.3911646629336083,0.3911646629336123,3.9968028886505635e-15,False
2018-12-28,4.980259169826603,4.980259169826577,-2.5757174171303632e-14,False
2018-12-29,0.8377343726805762,0.8377343726805763,1.1102230246251565e-16,False
2018-12-30,0.191493056900352,0.19149305690035487,2.858824288409778e-15,False
2018-12-31,0.0679087834119674,0.06790878341196964,2.2343238370581275e-15,False
2019-01-01,7.922333094484809,7.922333094484839,2.930988785010413e-14,False
2019-01-02,3.720984004543467,3.720984004543428,-3.907985046680551e-14,False
2019-01-03,5.420568987753976,5.4205689877539305,-4.529709940470639e-14,False
2019-01-04,12.357366635276996,12.357366635276893,-1.0302869668521453e-13,False
2019-01-05,12.773850621191103,12.773850621191126,2.3092638912203256e-14,False
2019-01-06,15.571986535216125,15.571986535216126,1.7763568394002505e-15,False
2019-01-07,4.962045998954666,4.962045998954548,-1.1812772982011666e-13,False
2019-01-08,8.814703726397063,8.814703726397005,-5.861977570020827e-14,False
2019-01-09,4.2002996492324405,4.200299649232343,-9.769962616701378e-14,False
2019-01-10,3.450417171488881,3.450417171488842,-3.907985046680551e-14,False
2019-01-11,7.9317225817531325,7.931722581753158,2.5757174171303632e-14,False
2019-01-12,1.5574466960275335,1.557446696027529,-4.440892098500626e-15,False
2019-01-13,2.840063546408071,2.840063546408087,1.5987211554602254e-14,False
2019-01-14,3.217087827510556,3.2170878275105865,3.064215547965432e-14,False
2019-01-15,0.837478244762546,0.8374782447625612,1.5210055437364645e-14,False
2019-01-16,4.039812491854286,4.0398124918542955,9.769962616701378e-15,False
2019-01-17,6.980805057783968,6.980805057784022,5.417888360170764e-14,False
2019-01-18,5.090169619472051,5.090169619472019,-3.197442310920451e-14,False
2019-01-19,3.248625835233962,3.2486258352339417,-2.042810365310288e-14,False
2019-01-20,4.002125400566159,4.002125400566155,-4.440892098500626e-15,False
2019-01-21,0.8843545116196765,0.884354511619693,1.6542323066914832e-14,False
2019-01-22,5.637133504758139,5.63713350475804,-9.85878045867139e-14,False
2019-01-23,5.0172285463400055,5.017228546339955,-5.062616992290714e-14,False
2019-01-24,8.205103710098308,8.2051037100983,-8.881784197001252e-15,False
2019-01-25,17.280275635215403,17.280275635215464,6.039613253960852e-14,False
2019-01-26,8.421987013299198,8.421987013299166,-3.197442310920451e-14,False
2019-01-27,4.351793531688567,4.351793531688515,-5.1514348342607263e-14,False
2019-01-28,2.095618362547719,2.095618362547705,-1.3766765505351941e-14,False
2019-01-29,4.367365618365854,4.367365618365785,-6.927791673660977e-14,False
2019-01-30,11.5241822674773,11.524182267477185,-1.1546319456101628e-13,False
2019-01-31,1.7068936254864524,1.7068936254863938,-5.861977570020827e-14,False
2019-02-01,0.140349847250591,0.14034984725059338,2.3869795029440866e-15,False
2019-02-02,0.3497827007989345,0.34978270079893914,4.6629367034256575e-15,False
2019-02-03,1.8837294115276535,1.8837294115276286,-2.4868995751603507e-14,False
2019-02-04,38.02603588040305,38.02603588040312,7.105427357601002e-14,False
2019-02-05,4.271443497904025,4.271443497903931,-9.414691248821327e-14,False
2019-02-06,24.24814035660404,24.24814035660422,1.8118839761882555e-13,False
2019-02-07,7.480523247453592,7.480523247453511,-8.08242361927114e-14,False
2019-02-08,3.3909827632532226,3.3909827632531457,-7.682743330406083e-14,False
2019-02-09,1.4200247950848797,1.4200247950848384,-4.1300296516055823e-14,False
2019-02-10,0.7170526376389618,0.7170526376389506,-1.1213252548714081e-14,False
2019-02-11,0.3507975603410036,0.35079756034100285,-7.771561172376096e-16,False
2019-02-12,7.214847267464825,7.214847267464898,7.283063041541027e-14,False
2019-02-13,6.554156816656899,6.554156816656909,9.769962616701378e-15,False
2019-02-14,0.5459118721652076,0.5459118721652018,-5.88418203051333e-15,False
2019-02-15,10.78413024979675,10.78413024979686,1.1013412404281553e-13,False
2019-02-16,28.21343859770955,28.213438597709704,1.5276668818842154e-13,False
2019-02-17,9.51600176153831,9.516001761538242,-6.927791673660977e-14,False
2019-02-18,6.325549792495388,6.325549792495187,-2.007283228522283e-13,False
2019-02-19,4.848054326286717,4.8480543262865545,-1.6253665080512292e-13,False
2019-02-20,8.54973124210497,8.549731242104958,-1.2434497875801753e-14,False
2019-02-21,15.830713325664842,15.830713325664844,1.7763568394002505e-15,False
2019-02-22,9.446874802583936,9.44687480258387,-6.572520305780927e-14,False
2019-02-23,5.371343054558011,5.371343054557932,-7.904787935331115e-14,False
2019-02-24,4.196779769048828,4.196779769048765,-6.306066779870889e-14,False
2019-02-25,3.792975276189853,3.792975276189818,-3.5083047578154947e-14,False
2019-02-26,17.83647705377392,17.836477053774043,1.2434497875801753e-13,False
2019-02-27,5.7504183202711285,5.750418320271025,-1.0391687510491465e-13,False
2019-02-28,11.554660071628533,11.554660071628534,1.7763568394002505e-15,False
2019-03-01,7.385815642471412,7.385815642471361,-5.1514348342607263e-14,False
2019-03-02,10.275408695212311,10.275408695212386,7.460698725481052e-14,False
2019-03-03,11.1079450737331,11.107945073733067,-3.375077994860476e-14,False
2019-03-04,7.212983748479498,7.2129837484793375,-1.6076029396572267e-13,False
2019-03-05,9.095603402715122,9.095603402715115,-7.105427357601002e-15,False
2019-03-06,11.951506066216664,11.951506066216593,-7.105427357601002e-14,False
2019-03-07,10.997072352597216,10.997072352597094,-1.2256862191861728e-13,False
2019-03-08,8.38512213543325,8.385122135433093,-1.5631940186722204e-13,False
2019-03-09,5.894375028323114,5.894375028323129,1.509903313490213e-14,False
2019-03-10,11.92858739974621,11.92858739974603,-1.794120407794253e-13,False
2019-03-11,34.08524285593904,34.085242855938944,-9.947598300641403e-14,False
2019-03-12,8.856717918369315,8.856717918369233,-8.171241461241152e-14,False
2019-03-13,2.0433640960519783,2.0433640960519632,-1.509903313490213e-14,False
2019-03-14,3.2235350897428887,3.223535089742923,3.419486915845482e-14,False
2019-03-15,5.143968145923286,5.143968145923309,2.3092638912203256e-14,False
2019-03-16,2.2364255397208965,2.236425539720908,1.1546319456101628e-14,False
2019-03-17,9.153705500458768,9.153705500458774,5.329070518200751e-15,False
2019-03-18,1.7713923187989955,1.7713923187990115,1.5987211554602254e-14,False
2019-03-19,7.041436721362301,7.041436721362293,-7.993605777301127e-15,False
2019-03-20,6.5025379967438965,6.50253799674382,-7.638334409421077e-14,False
2019-03-21,6.337787637615009,6.337787637614999,-1.0658141036401503e-14,False
2019-03-22,0.8450353921062812,0.8450353921062853,4.107825191113079e-15,False
2019-03-23,0.6975960017294024,0.6975960017294047,2.3314683517128287e-15,False
2019-03-24,0.5825138580643492,0.5825138580643596,1.0436096431476471e-14,False
2019-03-25,0.3033657159072278,0.30336571590722966,1.887379141862766e-15,False
2019-03-26,0.1162459075244381,0.11624590752443766,-4.440892098500626e-16,False
2019-03-27,0.1387437866077724,0.13874378660777248,8.326672684688674e-17,False
2019-03-28,1.3829517427260012,1.3829517427260127,1.1546319456101628e-14,False
2019-03-29,0.1375317926853501,0.13753179268535135,1.2490009027033011e-15,False
2019-03-30,0.0822497814993024,0.08224978149930304,6.38378239159465e-16,False
2019-03-31,0.0340758295412145,0.03407582954121467,1.734723475976807e-16,False
2019-04-01,0.0128398291696238,0.012839829169624077,2.7755575615628914e-16,False
2019-04-02,0.1761168453800882,0.17611684538009528,7.077671781985373e-15,False
2019-04-03,0.5674666233556406,0.5674666233556535,1.2878587085651816e-14,False
2019-04-04,1.6850886579054023,1.6850886579053763,-2.5979218776228663e-14,False
2019-04-05,0.3236274515375573,0.3236274515375589,1.609823385706477e-15,False
2019-04-06,13.656076455974755,13.656076455974802,4.618527782440651e-14,False
2019-04-07,6.521757207696799,6.521757207696733,-6.661338147750939e-14,False
2019-04-08,20.944245881821487,20.94424588182175,2.6290081223123707e-13,False
2019-04-09,13.257211409410584,13.257211409410607,2.3092638912203256e-14,False
2019-04-10,7.470450560822285,7.470450560822194,-9.14823772291129e-14,False
2019-04-11,4.1857240879429805,4.185724087942853,-1.2789769243681803e-13,False
2019-04-12,2.331254788589926,2.3312547885899,-2.6201263381153694e-14,False
2019-04-13,2.77964717944862,2.779647179448579,-4.1300296516055823e-14,False
2019-04-14,8.084249106783549,8.084249106783515,-3.375077994860476e-14,False
2019-04-15,2.6175405972654064,2.61754059726536,-4.6629367034256575e-14,False
2019-04-16,1.2288785261983677,1.2288785261983917,2.398081733190338e-14,False
2019-04-17,0.6120521346848697,0.6120521346848784,8.659739592076221e-15,False
2019-04-18,0.2185630697600474,0.21856306976004874,1.3322676295501878e-15,False
2019-04-19,0.2704546219115261,0.2704546219115315,5.440092820663267e-15,False
2019-04-20,0.0883408561000665,0.08834085610006685,3.469446951953614e-16,False
2019-04-21,0.0879820355283354,0.08798203552833585,4.440892098500626e-16,False
2019-04-22,0.2263283904060593,0.22632839040606184,2.55351295663786e-15,False
2019-04-23,0.1827904916285579,0.18279049162855918,1.27675647831893e-15,False
2019-04-24,0.0634177442883449,0.0634177442883454,4.996003610813204e-16,False
2019-04-25,1.1947395761302269,1.1947395761302606,3.375077994860476e-14,False
2019-04-26,4.910830275515925,4.910830275515848,-7.72715225139109e-14,False
2019-04-27,3.801501295832319,3.8015012958322476,-7.149836278586008e-14,False
2019-04-28,12.038039012554878,12.038039012554968,9.059419880941277e-14,False
2019-04-29,4.696013607327223,4.69601360732718,-4.263256414560601e-14,False
2019-04-30,2.221861071370337,2.221861071370309,-2.7977620220553945e-14,False
2019-05-01,0.1421240842247376,0.14212408422473918,1.582067810090848e-15,False
2019-05-02,0.0682943480451414,0.0682943480451405,-9.020562075079397e-16,False
2019-05-03,0.0588095662951526,0.05880956629515192,-6.800116025829084e-16,False
2019-05-04,0.056023022209005,0.05602302220900457,-4.3021142204224816e-16,False
2019-05-05,2.797070166567812,2.797070166567855,4.263256414560601e-14,False
2019-05-06,0.3899154211321182,0.3899154211321194,1.2212453270876722e-15,False
2019-05-07,1.3543752516009273,1.354375251600941,1.3766765505351941e-14,False
2019-05-08,0.2494734003482097,0.24947340034821122,1.5265566588595902e-15,False
2019-05-09,0.0530773439422236,0.0530773439422242,6.036837696399289e-16,False
2019-05-10,0.0429699020132293,0.04296990201322976,4.649058915617843e-16,False
2019-05-11,2.705763325755365,2.7057633257553855,2.042810365310288e-14,False
2019-05-12,2.044383862275573,2.044383862275573,0.0,False
2019-05-13,0.0866609313645197,0.08666093136452256,2.858824288409778e-15,False
2019-05-14,3.9664877920308,3.966487792030746,-5.3734794391857577e-14,False
2019-05-15,3.224787887672529,3.224787887672496,-3.2862601528904634e-14,False
2019-05-16,6.626296125643236,6.626296125643251,1.509903313490213e-14,False
2019-05-17,1.9374702360239089,1.9374702360239124,3.552713678800501e-15,False
2019-05-18,7.248936955527926,7.248936955527941,1.509903313490213e-14,False
2019-05-19,5.346882658954187,5.346882658954159,-2.842170943040401e-14,False
2019-05-20,1.0313437054699603,1.03134370546996,-4.440892098500626e-16,False
2019-05-21,0.2015679536208669,0.20156795362086574,-1.1657341758564144e-15,False
2019-05-22,0.1581196320296279,0.15811963202962648,-1.4155343563970746e-15,False
2019-05-23,0.1273029297446666,0.1273029297446663,-2.7755575615628914e-16,False
2019-05-24,0.832994163795333,0.8329941637953361,3.1086244689504383e-15,False
2019-05-25,0.0756679016538872,0.07566790165388773,5.273559366969494e-16,False
2019-05-26,0.0462475031994517,0.04624750319945238,6.800116025829084e-16,False
2019-05-27,0.0499361501610789,0.049936150161078816,-8.326672684688674e-17,False
2019-05-28,0.4138903258463867,0.41389032584638064,-6.050715484207103e-15,False
2019-05-29,10.74950601615306,10.749506016153045,-1.4210854715202004e-14,False
2019-05-30,0.8348138496589035,0.8348138496589167,1.3211653993039363e-14,False
2019-05-31,0.8820717798513081,0.8820717798513203,1.2212453270876722e-14,False
2019-06-01,7.131278792066766,7.131278792066795,2.930988785010413e-14,False
2019-06-02,9.010292371807832,9.010292371807866,3.375077994860476e-14,False
2019-06-03,9.1186889609481,9.118688960948097,-3.552713678800501e-15,False
2019-06-04,3.6637823925261896,3.663782392526134,-5.551115123125783e-14,False
2019-06-05,2.370255415933871,2.3702554159338485,-2.2648549702353193e-14,False
2019-06-06,0.280367732776884,0.28036773277688076,-3.219646771412954e-15,False
2019-06-07,0.1949358610058063,0.1949358610058045,-1.7763568394002505e-15,False
2019-06-08,0.3304292536631045,0.3304292536631044,-1.1102230246251565e-16,False
2019-06-09,0.1431746274885857,0.14317462748858584,1.3877787807814457e-16,False
2019-06-10,0.0990689307365979,0.09906893073659769,-2.0816681711721685e-16,False
2019-06-11,0.1010907707379912,0.10109077073799057,-6.38378239159465e-16,False
2019-06-12,0.1065907515062074,0.10659075150620699,-4.163336342344337e-16,False
2019-06-13,0.099177353268943,0.09917735326894277,-2.3592239273284576e-16,False
2019-06-14,0.0702344933908319,0.07023449339083225,3.469446951953614e-16,False
2019-06-15,0.0888960395298777,0.08889603952987903,1.3322676295501878e-15,False
2019-06-16,0.0429796097362562,0.04297960973625741,1.214306433183765e-15,False
2019-06-17,0.0274145014179845,0.027414501417985484,9.853229343548264e-16,False
2019-06-18,0.0334066786367622,0.033406678636763484,1.2836953722228372e-15,False
2019-06-19,0.0229999406386856,0.02299994063868667,1.0685896612017132e-15,False
2019-06-20,0.030901953615649,0.030901953615649687,6.869504964868156e-16,False
2019-06-21,0.1331158765176807,0.13311587651768111,4.163336342344337e-16,False
2019-06-22,0.1795183853114147,0.17951838531141484,1.3877787807814457e-16,False
2019-06-23,0.4391907443524843,0.4391907443524847,3.885780586188048e-16,False
2019-06-24,0.1086976097655658,0.10869760976556825,2.4424906541753444e-15,False
2019-06-25,0.0046315272142377,0.004631527214238004,3.0357660829594124e-16,False
2019-06-26,0.0133390303351541,0.013339030335154335,2.3418766925686896e-16,False
2019-06-27,0.2919652700933529,0.2919652700933471,-5.773159728050814e-15,False
2019-06-28,0.0083339107166532,0.008333910716653686,4.85722573273506e-16,False
2019-06-29,0.0027298041555777,0.0027298041555779157,2.1553939189011828e-16,False
2019-06-30,0.0053649290526136,0.00536492905261389,2.896988204881268e-16,False
2019-07-01,0.0053306980265624,0.005330698026562718,3.183217578417441e-16,False
2019-07-02,0.0052688658184032,0.005268865818403508,3.0791341698588326e-16,False
2019-07-03,0.0027195732525777,0.002719573252577876,1.7607443281164592e-16,False
2019-07-04,33.72083779638597,33.72083779638609,1.2079226507921703e-13,False
2019-07-05,30.414151861320384,30.41415186132045,6.394884621840902e-14,False
2019-07-06,5.957745024515506,5.9577450245153925,-1.1368683772161603e-13,False
2019-07-07,4.6741226504489,4.674122650448788,-1.1191048088221578e-13,False
2019-07-08,3.491376553016143,3.4913765530160608,-8.215650382226158e-14,False
2019-07-09,2.394651311527405,2.3946513115273564,-4.8405723873656825e-14,False
2019-07-10,1.601196632210974,1.6011966322109517,-2.2426505097428162e-14,False
2019-07-11,1.2950085885805334,1.2950085885805094,-2.398081733190338e-14,False
2019-07-12,1.0218756185476765,1.0218756185476627,-1.3766765505351941e-14,False
2019-07-13,0.8709706091025754,0.8709706091025674,-7.993605777301127e-15,False
2019-07-14,0.4263562031672733,0.42635620316726536,-7.93809462606987e-15,False
2019-07-15,0.2902536324161789,0.29025363241617347,-5.440092820663267e-15,False
2019-07-16,3.700972871421525,3.700972871421554,2.930988785010413e-14,False
2019-07-17,0.7020682822575689,0.7020682822575617,-7.216449660063518e-15,False
2019-07-18,0.6041993812161015,0.6041993812160987,-2.7755575615628914e-15,False
2019-07-19,0.4867522749217283,0.48675227492172635,-1.942890293094024e-15,False
2019-07-20,0.4320029453194979,0.43200294531949585,-2.0539125955565396e-15,False
2019-07-21,0.5625708814351402,0.5625708814351362,-3.9968028886505635e-15,False
2019-07-22,0.4009105968815557,0.40091059688155495,-7.771561172376096e-16,False
2019-07-23,0.580089112862889,0.5800891128628857,-3.3306690738754696e-15,False
2019-07-24,0.4182624619866925,0.41826246198669303,5.551115123125783e-16,False
2019-07-25,0.231268110440047,0.23126811044004827,1.27675647831893e-15,False
2019-07-26,0.1131241178945488,0.11312411789454856,-2.498001805406602e-16,False
2019-07-27,0.0531399632043349,0.05313996320433407,-8.326672684688674e-16,False
2019-07-28,0.3668930244964079,0.36689302449640787,-5.551115123125783e-17,False
2019-07-29,0.0261485377861451,0.026148537786145443,3.434752482434078e-16,False
2019-07-30,0.4886061156108073,0.48860611561080897,1.6653345369377348e-15,False
2019-07-31,0.1638020858818984,0.16380208588189923,8.326672684688674e-16,False
2019-08-01,0.0164461602969489,0.01644616029694932,4.198030811863873e-16,False
2019-08-02,0.1969502299541712,0.19695022995417522,4.0245584642661925e-15,False
2019-08-03,1.2474116135548123,1.2474116135548174,5.10702591327572e-15,False
2019-08-04,0.1780447026853988,0.17804470268540026,1.4710455076283324e-15,False
2019-08-05,0.2641577199170223,0.2641577199170235,1.2212453270876722e-15,False
2019-08-06,0.0092845270806656,0.009284527080666129,5.290906601729262e-16,False
2019-08-07,0.0286674332117393,0.02866743321174077,1.4710455076283324e-15,False
2019-08-08,0.002971720157927,0.002971720157927191,1.9081958235744878e-16,False
2019-08-09,0.0591658098325294,0.0591658098325301,7.008282842946301e-16,False
2019-08-10,0.0045115401354748,0.004511540135475063,2.6281060661048627e-16,False
2019-08-11,0.0105633619423588,0.010563361942359331,5.30825383648903e-16,False
2019-08-12,0.0031012412750378,0.0031012412750380156,2.1553939189011828e-16,False
2019-08-13,0.0370453059019465,0.03704530590194795,1.4502288259166107e-15,False
2019-08-14,0.1124404997586214,0.11244049975862316,1.762479051592436e-15,False
2019-08-15,0.0422844847779315,0.042284484777932604,1.1032841307212493e-15,False
2019-08-16,0.0029742002869407,0.0029742002869408875,1.8735013540549517e-16,False
2019-08-17,0.0031012412750378,0.0031012412750380156,2.1553939189011828e-16,False
2019-08-18,0.0030522622398124,0.003052262239812555,1.5482407023093003e-16,False
2019-08-19,1.29525925670262,1.2952592567026302,1.021405182655144e-14,False
2019-08-20,0.332816107739038,0.3328161077390469,8.881784197001252e-15,False
2019-08-21,0.1507630761554958,0.15076307615550194,6.13398221105399e-15,False
2019-08-22,0.0607821306517345,0.06078213065173591,1.4085954624931674e-15,False
2019-08-23,0.0841621062822434,0.08416210628224552,2.123301534595612e-15,False
2019-08-24,0.4526820151511734,0.4526820151511726,-7.771561172376096e-16,False
2019-08-25,0.0129102139003074,0.012910213900307705,3.0531133177191805e-16,False
2019-08-26,0.0031595083087008,0.003159508308701024,2.242130092700023e-16,False
2019-08-27,0.0195530324987757,0.019553032498776716,1.016547956922409e-15,False
2019-08-28,0.0036758404937499,0.0036758404937500913,1.9125326322644298e-16,False
2019-08-29,0.2,0.2,0.0,False
2019-08-30,0.0031470749030893,0.0031470749030895295,2.2941717969793274e-16,False
2019-08-31,0.1664214454429538,0.16642144544295132,-2.4980018054066022e-15,False
2019-09-01,13.792574005569636,13.792574005569811,1.758593271006248e-13,False
2019-09-02,10.073429596989785,10.073429596989904,1.1901590823981678e-13,False
2019-09-03,4.730584938627631,4.730584938627691,5.950795411990839e-14,False
2019-09-04,2.088549979063577,2.0885499790635818,4.884981308350689e-15,False
2019-09-05,1.5897487252916809,1.5897487252916818,8.881784197001252e-16,False
2019-09-06,2.877545594853371,2.8775455948534185,4.75175454539567e-14,False
2019-09-07,2.083921062428267,2.083921062428277,9.769962616701378e-15,False
2019-09-08,0.7827104169625577,0.7827104169625573,-4.440892098500626e-16,False
2019-09-09,0.8036736450742761,0.8036736450742783,2.220446049250313e-15,False
2019-09-10,0.3992449682480645,0.3992449682480596,-4.884981308350689e-15,False
2019-09-11,0.4198296279800907,0.4198296279800878,-2.886579864025407e-15,False
2019-09-12,0.3427378387966887,0.34273783879668457,-4.107825191113079e-15,False
2019-09-13,0.1959468945509296,0.19594689455092812,-1.4710455076283324e-15,False
2019-09-14,0.347654266279661,0.3476542662796616,6.106226635438361e-16,False
2019-09-15,0.1103642328956976,0.11036423289569627,-1.3322676295501878e-15,False
2019-09-16,0.0319200449211328,0.03192004492113425,1.4502288259166107e-15,False
2019-09-17,0.0362978433012697,0.03629784330127148,1.7832957333041577e-15,False
2019-09-18,0.0096776194678666,0.009677619467867153,5.533767888366015e-16,False
2019-09-19,0.4853061709484397,0.4853061709484386,-1.1102230246251565e-15,False
2019-09-20,0.3609421800408209,0.36094218004082274,1.8318679906315083e-15,False
2019-09-21,2.357336553002065,2.3573365530020722,7.105427357601002e-15,False
2019-09-22,0.1813224950327327,0.18132249503273798,5.2735593669694936e-15,False
2019-09-23,0.1872618378098323,0.1872618378098338,1.4988010832439613e-15,False
2019-09-24,7.990725123872173,7.990725123872334,1.6076029396572267e-13,False
2019-09-25,0.6119127459075469,0.6119127459075536,6.772360450213455e-15,False
2019-09-26,1.532801891413721,1.5328018914137171,-3.774758283725532e-15,False
2019-09-27,0.107504842662323,0.10750484266232575,2.7478019859472624e-15,False
2019-09-28,0.0834763111870657,0.08347631118706875,3.0531133177191805e-15,False
2019-09-29,0.8890768748333033,0.8890768748333225,1.9206858326015208e-14,False
2019-09-30,0.0386530237455209,0.03865302374552175,8.534839501805891e-16,False
2019-10-01,0.0064854694044151,0.006485469404415384,2.8362728832220796e-16,False
2019-10-02,0.0032898286113007,0.003289828611300877,1.7694179454963432e-16,False
2019-10-03,0.0032549868087696,0.0032549868087698463,2.463307335887066e-16,False
2019-10-04,0.0050479624438817,0.0050479624438819395,2.393918396847994e-16,False
2019-10-05,0.0034093909121156,0.0034093909121158225,2.224782857940255e-16,False
2019-10-06,0.0240948764039554,0.0240948764039561,6.973588373426765e-16,False
2019-10-07,4.1340867964926025,4.134086796492624,2.1316282072803006e-14,False
2019-10-08,3.592773472939725,3.5927734729397542,2.930988785010413e-14,False
2019-10-09,2.7483819732235726,2.7483819732235895,1.687538997430238e-14,False
2019-10-10,0.8752592721022863,0.8752592721022708,-1.5432100042289676e-14,False
2019-10-11,0.018069836611242,0.018069836611242323,3.226585665316861e-16,False
2019-10-12,0.0148635067286727,0.014863506728673205,5.048045315092509e-16,False
2019-10-13,0.0035522551140961,0.0035522551140963476,2.476317761956892e-16,False
2019-10-14,0.2946893634511531,0.2946893634511517,-1.3877787807814457e-15,False
2019-10-15,0.1409199287047285,0.14091992870473158,3.0808688933348094e-15,False
2019-10-16,0.289434085436788,0.28943408543679233,4.3298697960381105e-15,False
2019-10-17,0.0538410989555539,0.05384109895555564,1.7416623698807143e-15,False
2019-10-18,3.375476909615649,3.375476909615683,3.419486915845482e-14,False
2019-10-19,0.9503396911776252,0.950339691177617,-8.215650382226158e-15,False
2019-10-20,0.1946494963657901,0.1946494963657935,3.4139358007223564e-15,False
2019-10-21,0.5906933400018274,0.5906933400018278,4.440892098500626e-16,False
2019-10-22,0.9116615431851568,0.9116615431851786,2.1760371282653068e-14,False
2019-10-23,0.0194310779694621,0.01943107796946269,5.898059818321144e-16,False
2019-10-24,0.0354690738020481,0.035469073802048987,8.881784197001252e-16,False
2019-10-25,0.1907523177996552,0.1907523177996597,4.496403249731884e-15,False
2019-10-26,0.0096084358549709,0.009608435854971394,4.9439619065339e-16,False
2019-10-27,0.014442414791823,0.014442414791823496,4.961309141293668e-16,False
2019-10-28,10.499869508118742,10.499869508118726,-1.5987211554602254e-14,False
2019-10-29,0.2533136252494953,0.2533136252494995,4.218847493575595e-15,False
2019-10-30,0.0938132996074313,0.09381329960743212,8.187894806610529e-16,False
2019-10-31,0.0707302982800689,0.07073029828007232,3.427813588530171e-15,False
2019-11-01,0.0373405324639546,0.037340532463955405,8.049116928532385e-16,False
2019-11-02,0.0093617452411931,0.009361745241193572,4.718447854656915e-16,False
2019-11-03,0.0032947553811863,0.0032947553811864907,1.9081958235744878e-16,False
2019-11-04,0.0,0.0,0.0,False
2019-11-05,3.75,3.75,0.0,False
2019-11-06,7.859999999999999,7.859999999999999,0.0,False
2019-11-07,0.2,0.2,0.0,False
2019-11-08,3.899592741200527,3.899592741200541,1.4210854715202004e-14,False
2019-11-09,0.3947837601229348,0.39478376012293076,-4.052314039881821e-15,False
2019-11-10,0.599345163400171,0.599345163400174,2.9976021664879227e-15,False
2019-11-11,0.3274863657777357,0.3274863657777389,3.164135620181696e-15,False
2019-11-12,0.124553213476445,0.1245532134764464,1.4016565685892601e-15,False
2019-11-13,1.2138971855992875,1.2138971855993046,1.709743457922741e-14,False
2019-11-14,7.365753941891235,7.36575394189129,5.5067062021407764e-14,False
2019-11-15,11.67136868641778,11.671368686417837,5.684341886080802e-14,False
2019-11-16,2.072222208852107,2.072222208852109,1.7763568394002505e-15,False
2019-11-17,0.305577511674072,0.3055775116740749,2.886579864025407e-15,False
2019-11-18,0.1430955328810413,0.1430955328810434,2.1094237467877974e-15,False
2019-11-19,0.1138122087741276,0.11381220877412779,1.942890293094024e-16,False
2019-11-20,0.0486433658410559,0.048643365841056184,2.8449465006019636e-16,False
2019-11-21,1.4967896965356573,1.4967896965356633,5.995204332975845e-15,False
2019-11-22,1.3333038644094422,1.333303864409459,1.687538997430238e-14,False
2019-11-23,1.1998303001072474,1.1998303001072717,2.4202861936828413e-14,False
2019-11-24,1.0497182884102083,1.0497182884102232,1.4876988529977098e-14,False
2019-11-25,0.2534388027073055,0.25343880270731206,6.5503158452884236e-15,False
2019-11-26,0.2358101354048177,0.23581013540482768,9.96425164601078e-15,False
2019-11-27,12.630441879178091,12.630441879178187,9.592326932761353e-14,False
2019-11-28,7.349098061670702,7.349098061670663,-3.907985046680551e-14,False
2019-11-29,2.2898199005896624,2.289819900589629,-3.3306690738754696e-14,False
2019-11-30,2.3870291434498254,2.3870291434498214,-3.9968028886505635e-15,False
2019-12-01,1.2043137494554232,1.204313749455423,-2.220446049250313e-16,False
2019-12-02,0.735200758475122,0.7352007584751236,1.5543122344752192e-15,False
2019-12-03,0.2741530197701932,0.27415301977019707,3.885780586188048e-15,False
2019-12-04,2.3930592019511376,2.3930592019511434,5.773159728050814e-15,False
2019-12-05,6.285885963805866,6.285885963805841,-2.4868995751603507e-14,False
2019-12-06,3.4897133132448785,3.4897133132448803,1.7763568394002505e-15,False
2019-12-07,0.364540932568603,0.3645409325685964,-6.6058269965196814e-15,False
2019-12-08,0.4815871499272748,0.48158714992728513,1.0325074129013956e-14,False
2019-12-09,6.963658435839674,6.963658435839707,3.2862601528904634e-14,False
2019-12-10,18.7832950195958,18.78329501959598,1.7763568394002505e-13,False
2019-12-11,8.160565141281907,8.160565141282072,1.652011860642233e-13,False
2019-12-12,4.435470500880783,4.435470500880801,1.865174681370263e-14,False
2019-12-13,3.905091173185246,3.905091173185248,2.220446049250313e-15,False
2019-12-14,5.039984114293254,5.0399841142933255,7.105427357601002e-14,False
2019-12-15,1.977741641147737,1.9777416411477127,-2.4424906541753444e-14,False
2019-12-16,1.8357887361986167,1.8357887361985918,-2.4868995751603507e-14,False
2019-12-17,8.218137487482752,8.218137487482975,2.2382096176443156e-13,False
2019-12-18,3.8772317019914926,3.8772317019915112,1.865174681370263e-14,False
2019-12-19,1.890809689504608,1.8908096895045898,-1.8207657603852567e-14,False
2019-12-20,0.9933985091780886,0.9933985091780813,-7.327471962526033e-15,False
2019-12-21,0.8285715161701389,0.8285715161701299,-8.992806499463768e-15,False
2019-12-22,0.6940072141113518,0.6940072141113395,-1.2323475573339238e-14,False
2019-12-23,7.83591187689721,7.8359118768973275,1.1723955140041653e-13,False
2019-12-24,1.7985478977886802,1.7985478977886826,2.4424906541753444e-15,False
2019-12-25,1.359349735864697,1.3593497358646924,-4.6629367034256575e-15,False
2019-12-26,1.0640452957024376,1.0640452957024336,-3.9968028886505635e-15,False
2019-12-27,0.6039002503866474,0.603900250386641,-6.439293542825908e-15,False
2019-12-28,0.2992064164499683,0.2992064164499664,-1.942890293094024e-15,False
2019-12-29,0.0282791433307906,0.028279143330791005,4.0592529337857286e-16,False
2019-12-30,0.005284409253426,0.00528440925342619,1.8995222061946038e-16,False
2019-12-31,0.4440475043985824,0.44404750439859025,7.827072323607354e-15,False
2020-01-01,9.393190650483556,9.393190650483422,-1.3322676295501878e-13,False
2020-01-02,13.680640177507923,13.68064017750796,3.730349362740526e-14,False
2020-01-03,9.2804281058319,9.280428105831954,5.3290705182007514e-14,False
2020-01-04,4.871026839931474,4.871026839931534,5.950795411990839e-14,False
2020-01-05,2.8962518394073524,2.8962518394073586,6.217248937900877e-15,False
2020-01-06,5.098587245700106,5.098587245700171,6.483702463810914e-14,False
2020-01-07,4.350358401474473,4.350358401474557,8.348877145181177e-14,False
2020-01-08,16.496515535737007,16.49651553573725,2.4158453015843406e-13,False
2020-01-09,10.55432950669483,10.554329506695128,2.984279490192421e-13,False
2020-01-10,2.250586381249564,2.2505863812495424,-2.1760371282653068e-14,False
2020-01-11,3.636679687226767,3.6366796872267932,2.6201263381153694e-14,False
2020-01-12,6.503903633042906,6.503903633043023,1.163513729807164e-13,False
2020-01-13,3.527950193976664,3.527950193976606,-5.81756864903582e-14,False
2020-01-14,0.8490560288196134,0.8490560288196023,-1.1102230246251565e-14,False
2020-01-15,0.7879075611556793,0.7879075611556627,-1.6542323066914832e-14,False
2020-01-16,5.4708210991215855,5.470821099121719,1.3322676295501878e-13,False
2020-01-17,8.655418086611107,8.655418086611274,1.6697754290362354e-13,False
2020-01-18,1.2093005117790148,1.2093005117790039,-1.0880185641326534e-14,False
2020-01-19,0.8119740340997614,0.8119740340997478,-1.3655743202889425e-14,False
2020-01-20,0.8502597318049714,0.8502597318049586,-1.27675647831893e-14,False
2020-01-21,0.5239336125074837,0.523933612507477,-6.661338147750939e-15,False
2020-01-22,0.4752902105268099,0.4752902105268142,4.274358644806853e-15,False
2020-01-23,1.5695996998730724,1.569599699873066,-6.439293542825908e-15,False
2020-01-24,3.197372964697461,3.1973729646974522,-8.881784197001252e-15,False
2020-01-25,0.7067960577959672,0.7067960577959882,2.098321516541546e-14,False
2020-01-26,0.2076349985127485,0.20763499851275255,4.052314039881821e-15,False
2020-01-27,0.1366691830681794,0.13666918306818215,2.7478019859472624e-15,False
2020-01-28,4.220388421686267,4.220388421686272,5.329070518200751e-15,False
2020-01-29,0.791592108805552,0.7915921088055761,2.4091839634365897e-14,False
2020-01-30,4.417881814112997,4.417881814113112,1.1546319456101628e-13,False
2020-01-31,0.1697282815957654,0.16972828159576372,-1.6653345369377348e-15,False
2020-02-01,23.900954727794208,23.900954727793604,-6.039613253960852e-13,False
2020-02-02,13.222952086459385,13.222952086459086,-2.984279490192421e-13,False
2020-02-03,20.32053146149385,20.320531461493655,-1.9539925233402755e-13,False
2020-02-04,2.07334499111685,2.073344991116885,3.5083047578154947e-14,False
2020-02-05,2.0879445132780217,2.0879445132780896,6.794564910705958e-14,False
2020-02-06,8.426553780113052,8.426553780112815,-2.362554596402333e-13,False
2020-02-07,2.9015655423272286,2.901565542327362,1.3322676295501878e-13,False
2020-02-08,4.725145027836533,4.725145027836754,2.2115642650533118e-13,False
2020-02-09,4.728106692382869,4.728106692382929,6.039613253960852e-14,False
2020-02-10,79.30965266280353,79.3096526628025,-1.0231815394945443e-12,False
2020-02-11,5.884657172569446,5.884657172569374,-7.194245199571014e-14,False
2020-02-12,1.058853664911266,1.0588536649112852,1.9095836023552692e-14,False
2020-02-13,1.3201964443440368,1.320196444343991,-4.574118861455645e-14,False
2020-02-14,6.611549299131512,6.611549299131958,4.46753745109163e-13,False
2020-02-15,0.347248381711526,0.3472483817115315,5.495603971894525e-15,False
2020-02-16,4.693235615682764,4.6932356156820685,-6.954437026251981e-13,False
2020-02-17,4.974890834813514,4.974890834813438,-7.549516567451064e-14,False
2020-02-18,8.84273261295245,8.842732612952442,-7.105427357601002e-15,False
2020-02-19,8.553438708323512,8.553438708323641,1.2967404927621828e-13,False
2020-02-20,5.25247371237817,5.25247371237792,-2.495781359357352e-13,False
2020-02-21,4.052393753455552,4.052393753455607,5.5067062021407764e-14,False
2020-02-22,0.7299815676806386,0.7299815676806539,1.532107773982716e-14,False
2020-02-23,0.5078263227428362,0.5078263227428372,9.992007221626409e-16,False
2020-02-24,15.65559642988148,15.655596429881092,-3.8902214782865485e-13,False
2020-02-25,11.41794465874864,11.417944658748269,-3.7125857943465235e-13,False
2020-02-26,11.191305729838811,11.191305729838986,1.7408297026122455e-13,False
2020-02-27,22.71745666939095,22.717456669390927,-2.1316282072803006e-14,False
2020-02-28,2.028352560114618,2.028352560114638,1.9984014443252818e-14,False
2020-02-29,1.8863880878213757,1.8863880878213894,1.3766765505351941e-14,False
2020-03-01,0.8763215946766753,0.8763215946766927,1.7430501486614958e-14,False
2020-03-02,9.004260377224893,9.00426037722497,7.638334409421077e-14,False
2020-03-03,9.57526093284309,9.575260932843001,-8.881784197001252e-14,False
2020-03-04,0.5505209695696069,0.5505209695696233,1.63202784619898e-14,False
2020-03-05,0.2892018577701078,0.2892018577701145,6.661338147750939e-15,False
2020-03-06,0.193456377357413,0.19345637735741691,3.913536161803677e-15,False
2020-03-07,0.1533752213949461,0.15337522139494816,2.0539125955565396e-15,False
2020-03-08,7.423420576312893,7.423420576312868,-2.4868995751603507e-14,False
2020-03-09,0.657823653168381,0.6578236531684005,1.9539925233402755e-14,False
2020-03-10,0.2612591649852424,0.2612591649852485,6.106226635438361e-15,False
2020-03-11,0.1307263214366506,0.13072632143665266,2.0539125955565396e-15,False
2020-03-12,0.1040704106852492,0.10407041068525094,1.734723475976807e-15,False
2020-03-13,0.1332732251202023,0.13327322512020495,2.6645352591003757e-15,False
2020-03-14,0.0628026146496749,0.06280261464967613,1.2212453270876722e-15,False
2020-03-15,3.137566984197215,3.1375669841970923,-1.2256862191861728e-13,False
2020-03-16,6.736433219542726,6.736433219542519,-2.0694557179012918e-13,False
2020-03-17,8.237382456717961,8.237382456717862,-9.947598300641403e-14,False
2020-03-18,0.3875030968238445,0.3875030968238583,1.3822276656583199e-14,False
2020-03-19,1.5329205685852112,1.532920568585216,4.884981308350689e-15,False
2020-03-20,1.1182460896981403,1.1182460896981847,4.440892098500626e-14,False
2020-03-21,0.8891332881381677,0.8891332881381692,1.4432899320127035e-15,False
2020-03-22,1.0355869460687983,1.0355869460688065,8.215650382226158e-15,False
2020-03-23,0.4271246722274032,0.42712467222740796,4.773959005888173e-15,False
2020-03-24,0.2887535303735989,0.28875353037361134,1.2434497875801753e-14,False
2020-03-25,0.0023662721716226,0.002366272171622784,1.8431436932253575e-16,False
2020-03-26,0.0094623005587477,0.0094623005587483,5.984795992119984e-16,False
2020-03-27,0.0023514201798116,0.0023514201798118008,2.0079424234431542e-16,False
2020-03-28,0.007798677612512,0.007798677612512342,3.41740524767431e-16,False
2020-03-29,17.161672316638867,17.16167231663861,-2.5579538487363607e-13,False
2020-03-30,1.6164492489620377,1.6164492489620967,5.906386491005833e-14,False
2020-03-31,0.4825179792191688,0.48251797921918715,1.837419105754634e-14,False
2020-04-01,0.0129477232522806,0.012947723252281024,4.2327252813834093e-16,False
2020-04-02,0.181599373383584,0.1815993733835835,-4.996003610813204e-16,False
2020-04-03,1.9110126137481025,1.911012613748101,-1.5543122344752192e-15,False
2020-04-04,0.0068926929251554,0.006892692925155754,3.5388358909926865e-16,False
2020-04-05,0.0129477232522806,0.012947723252281024,4.2327252813834093e-16,False
2020-04-06,0.0053789353433742,0.005378935343374435,2.3505503099485736e-16,False
2020-04-07,1.989908423120626,1.9899084231206094,-1.6653345369377348e-14,False
2020-04-08,0.416581382975053,0.4165813829750647,1.1712852909795402e-14,False
2020-04-09,0.0113203335484689,0.011320333548469487,5.863365348801608e-16,False
2020-04-10,0.0281528247877204,0.02815282478772259,2.1892210266827306e-15,False
2020-04-11,0.0023657835956067,0.0023657835956069407,2.40692882291782e-16,False
2020-04-12,0.0023760016774586,0.0023760016774587987,1.986258379993444e-16,False
2020-04-13,0.0037644681660155,0.0037644681660157914,2.914335439641036e-16,False
2020-04-14,0.0201723991295367,0.020172399129537655,9.54097911787244e-16,False
2020-04-15,0.0,0.0,0.0,False
2020-04-16,0.0023657835956067,0.0023657835956069407,2.40692882291782e-16,False
2020-04-17,0.002390014578272,0.0023900145782722133,2.1337098754514727e-16,False
2020-04-18,0.0103544601425379,0.010354460142538739,8.396061623727746e-16,False
2020-04-19,0.0058587546612625,0.005858754661262848,3.478120569333498e-16,False
2020-04-20,0.0023601370975056,0.0023601370975058398,2.398255205537936e-16,False
2020-04-21,0.0047202741950113,0.0047202741950116795,3.7990444123892075e-16,False
2020-04-22,0.0142788294399092,0.01427882943991033,1.1310397063368782e-15,False
2020-04-23,0.0023601370975056,0.0023601370975058398,2.398255205537936e-16,False
2020-04-24,0.1139897333724581,0.11398973337246161,3.5110803153770576e-15,False
2020-04-25,0.0200955680381163,0.02009556803811784,1.5404344466674047e-15,False
2020-04-26,0.0069250766003927,0.006925076600393256,5.559788740505667e-16,False
2020-04-27,0.0069250766003927,0.006925076600393256,5.559788740505667e-16,False
2020-04-28,0.0232400875741993,0.023240087574201096,1.797173521111972e-15,False
2020-04-29,0.0117374179667673,0.01173741796676823,9.298117831235686e-16,False
2020-04-30,0.0948383371714799,0.09483833717148729,7.396860901565105e-15,False
2020-05-01,0.0523079538666101,0.0523079538666117,1.6028844918025698e-15,False
2020-05-02,0.7783679482971526,0.7783679482971704,1.7763568394002505e-14,False
2020-05-03,0.2006235137852476,0.20062351378524865,1.0547118733938987e-15,False
2020-05-04,0.0062924437609333,0.0062924437609336165,3.165870343657673e-16,False
2020-05-05,0.0062061905393238,0.0062061905393242375,4.371503159461554e-16,False
2020-05-06,2.726895884240613,2.726895884240615,1.7763568394002505e-15,False
2020-05-07,4.437277239965703,4.4372772399656615,-4.1744385725905886e-14,False
2020-05-08,0.6874253785397596,0.687425378539747,-1.2656542480726785e-14,False
2020-05-09,0.0087847645038104,0.008784764503810804,4.0419056990259605e-16,False
2020-05-10,0.0084252784481463,0.008425278448146759,4.597017211338539e-16,False
2020-05-11,0.0102959878564273,0.010295987856427751,4.510281037539698e-16,False
2020-05-12,0.0023474835933534,0.0023474835933536458,2.458970527197124e-16,False
2020-05-13,0.0106213447210682,0.010621344721068862,6.626643678231403e-16,False
2020-05-14,0.5792297472798957,0.5792297472799136,1.787459069646502e-14,False
2020-05-15,0.2941412409694404,0.29414124096945604,1.5654144647214707e-14,False
2020-05-16,0.0259298609417474,0.02592986094174914,1.7381929229287607e-15,False
2020-05-17,0.0144141312387863,0.014414131238787029,7.28583859910259e-16,False
2020-05-18,0.020620445896006,0.020620445896006995,9.957312752106873e-16,False
2020-05-19,0.0043249503777689,0.004324950377769215,3.157196726277789e-16,False
2020-05-20,0.0028196685475004,0.0028196685475006386,2.38524477946811e-16,False
2020-05-21,0.0028196685475004,0.0028196685475006386,2.38524477946811e-16,False
2020-05-22,0.0038488599065098,0.003848859906510056,2.5587171270657905e-16,False
2020-05-23,1.0351776328304192,1.0351776328303905,-2.864375403532904e-14,False
2020-05-24,0.0051309716085492,0.005130971608549558,3.5735303605122226e-16,False
2020-05-25,0.0116563755294182,0.01165637552941898,7.788908407135864e-16,False
2020-05-26,0.0028196685475004,0.0028196685475006386,2.38524477946811e-16,False
2020-05-27,0.0028554576958344,0.0028554576958346413,2.411265631607762e-16,False
2020-05-28,0.0084236002027115,0.008423600202712192,6.92154666914746e-16,False
2020-05-29,0.0716913299400092,0.07169132994001484,5.648259637780484e-15,False
2020-05-30,0.0160675292770341,0.016067529277035357,1.2559397966072083e-15,False
2020-05-31,0.0058536882764605,0.005853688276461015,5.152128723651117e-16,False
2020-06-01,0.0028554576958344,0.0028554576958346413,2.411265631607762e-16,False
2020-06-02,0.7030688293821892,0.7030688293821876,-1.5543122344752192e-15,False
2020-06-03,0.8494508739709162,0.8494508739709161,-1.1102230246251565e-16,False
2020-06-04,0.1707597786464152,0.1707597786464225,7.299716386910404e-15,False
2020-06-05,1.13791987265436,1.1379198726543542,-5.773159728050814e-15,False
2020-06-06,0.0679249509706237,0.06792495097062665,2.942091015256665e-15,False
2020-06-07,17.19512082128446,17.195120821284572,1.1368683772161603e-13,False
2020-06-08,0.536027194154837,0.5360271941548584,2.142730437526552e-14,False
2020-06-09,0.7180324956178806,0.7180324956179198,3.9190872769268026e-14,False
2020-06-10,0.1290935807583706,0.12909358075837712,6.522560269672795e-15,False
2020-06-11,0.0540563401504742,0.054056340150476466,2.2690183065776637e-15,False
2020-06-12,0.039897332130483,0.03989733213048478,1.7832957333041577e-15,False
2020-06-13,0.0138928167774586,0.013892816777459266,6.661338147750939e-16,False
2020-06-14,0.5350463034571105,0.5350463034571156,5.10702591327572e-15,False
2020-06-15,0.1081105959994309,0.1081105959994357,4.801714581503802e-15,False
2020-06-16,0.0099826399824074,0.009982639982407875,4.753142324176451e-16,False
2020-06-17,0.0076065840484502,0.007606584048450617,4.172009959724221e-16,False
2020-06-18,0.0078031528348454,0.007803152834845944,5.43835809718729e-16,False
2020-06-19,0.0027592906450939,0.002759290645094152,2.5196858488563123e-16,False
2020-06-20,0.0072829910704823,0.007282991070482681,3.8163916471489756e-16,False
2020-06-21,0.0053037372696843,0.005303737269684783,4.831204880595408e-16,False
2020-06-22,0.00751631883911,0.007516318839110523,5.230191280070073e-16,False
2020-06-23,0.0053572079157107,0.005357207915711136,4.36282954208167e-16,False
2020-06-24,0.0053037372696843,0.005303737269684783,4.831204880595408e-16,False
2020-06-25,0.0101065499985285,0.010106549998529045,5.447031714567174e-16,False
2020-06-26,4.568435501419944,4.568435501419953,8.881784197001252e-15,False
2020-06-27,77.830895614392,77.83089561439019,-1.8189894035458565e-12,False
2020-06-28,6.048875570737607,6.0488755707377235,1.163513729807164e-13,False
2020-06-29,1.103494118902933,1.1034941189029694,3.6415315207705135e-14,False
2020-06-30,0.8738745633235707,0.8738745633236016,3.086420008457935e-14,False
2020-07-01,0.5637178750587747,0.5637178750587913,1.6653345369377348e-14,False
2020-07-02,0.0274760247006295,0.0274760247006308,1.3010426069826053e-15,False
2020-07-03,0.0331094848181173,0.03310948481811863,1.3322676295501878e-15,False
2020-07-04,0.0217164373946335,0.02171643739463452,1.0200174038743626e-15,False
2020-07-05,0.0328881659425718,0.03288816594257336,1.5543122344752192e-15,False
2020-07-06,0.1762658844551804,0.1762658844551895,9.103828801926284e-15,False
2020-07-07,0.0084968377028608,0.008496837702861347,5.48172618408671e-16,False
2020-07-08,0.0470731208887465,0.047073120888748904,2.400857290751901e-15,False
2020-07-09,0.2147588798196538,0.21475887981964623,-7.577272143066693e-15,False
2020-07-10,0.0727617468631639,0.07276174686316486,9.575673587391975e-16,False
2020-07-11,0.0072842047784225,0.007284204778423021,5.212844045310305e-16,False
2020-07-12,0.0027397574483129,0.0027397574483131524,2.5240226575462543e-16,False
2020-07-13,0.0054795148966258,0.005479514896626305,5.048045315092509e-16,False
2020-07-14,0.0264492059430397,0.026449205943041364,1.6653345369377348e-15,False
2020-07-15,0.0085529197395034,0.008552919739503957,5.568462357885551e-16,False
2020-07-16,0.0023252061048924,0.0023252061048926504,2.502338614096544e-16,False
2020-07-17,0.0054063838643044,0.00540638386430483,4.3021142204224816e-16,False
2020-07-18,0.0088979553444843,0.008897955344484893,5.93275428784068e-16,False
2020-07-19,0.0023014193721874,0.002301419372187583,1.8301332671555315e-16,False
2020-07-20,0.0066092284471532,0.006609228447153697,4.969982758673552e-16,False
2020-07-21,0.0027970056685845,0.0027970056685847236,2.237793284010081e-16,False
2020-07-22,0.0045341519045403,0.004534151904540668,3.686287386450715e-16,False
2020-07-23,0.0064368395800529,0.006436839580053364,4.631711680858075e-16,False
2020-07-24,0.0023416799335352,0.002341679933535421,2.211772431870429e-16,False
2020-07-25,0.0027970056685845,0.0027970056685847236,2.237793284010081e-16,False
2020-07-26,0.0027970056685845,0.0027970056685847236,2.237793284010081e-16,False
2020-07-27,0.0027970056685845,0.0027970056685847236,2.237793284010081e-16,False
2020-07-28,0.0026873750027063,0.0026873750027065356,2.3548871186385156e-16,False
2020-07-29,0.1124798029240419,0.1124798029240466,4.704570066849101e-15,False
2020-07-30,7.588992038320489,7.588992038320404,-8.526512829121202e-14,False
2020-07-31,0.1018350152504733,0.10183501525047815,4.85722573273506e-15,False
2020-08-01,0.0109865865702958,0.010986586570296553,7.528699885739343e-16,False
2020-08-02,0.0111550446004072,0.011155044600407856,6.557254739192331e-16,False
2020-08-03,0.0211884517726175,0.02118845177261912,1.6167622796103842e-15,False
2020-08-04,0.0344223180740882,0.03442231807409017,1.970645868709653e-15,False
2020-08-05,0.0036944392611977,0.0036944392611980245,3.2439329000766293e-16,False
2020-08-06,0.0711402247397601,0.07114022473976551,5.412337245047638e-15,False
2020-08-07,0.0397352357270953,0.03973523572709822,2.921274333544943e-15,False
2020-08-08,0.0079431658091269,0.007943165809127526,6.262351748276274e-16,False
2020-08-09,0.0039757421341083,0.003975742134108568,2.680147770384167e-16,False
2020-08-10,0.0054188093159939,0.005418809315994384,4.848552115355176e-16,False
2020-08-11,0.0055005356129972,0.00550053561299763,4.3021142204224816e-16,False
2020-08-12,0.0055005356129972,0.00550053561299763,4.3021142204224816e-16,False
2020-08-13,0.2198620339419204,0.21986203394193024,9.853229343548264e-15,False
2020-08-14,0.0577148701106353,0.057714870110638375,3.073929999430902e-15,False
2020-08-15,0.5849200429144574,0.5849200429144702,1.27675647831893e-14,False
2020-08-16,9.006742284065465,9.006742284065435,-3.019806626980426e-14,False
2020-08-17,5.476926997757781,5.47692699775767,-1.1102230246251565e-13,False
2020-08-18,8.339723476079488,8.339723476079332,-1.5631940186722204e-13,False
2020-08-19,4.646237808103611,4.646237808103537,-7.37188088351104e-14,False
2020-08-20,2.66704962648672,2.667049626486735,1.509903313490213e-14,False
2020-08-21,11.197526040424156,11.197526040423856,-3.0020430585864233e-13,False
2020-08-22,2.552615689398571,2.5526156893985594,-1.1546319456101628e-14,False
2020-08-23,1.5328547556894558,1.5328547556894834,2.7533531010703882e-14,False
2020-08-24,0.8838158288241124,0.8838158288241369,2.453592884421596e-14,False
2020-08-25,0.2991631220078702,0.299163122007883,1.27675647831893e-14,False
2020-08-26,0.1823674186748594,0.18236741867486808,8.68749516769185e-15,False
2020-08-27,0.2964355702754158,0.2964355702754301,1.432187701766452e-14,False
2020-08-28,0.2230819117033953,0.22308191170340586,1.0547118733938987e-14,False
2020-08-29,0.2234844708256078,0.2234844708256186,1.0796918914479647e-14,False
2020-08-30,0.0935613352171067,0.09356133521711123,4.524158825347513e-15,False
2020-08-31,0.0453565771596039,0.045356577159605935,2.033095913844818e-15,False
2020-09-01,0.0636077422182017,0.06360774221820431,2.609024107869118e-15,False
2020-09-02,0.0096303981651332,0.009630398165133766,5.655198531684391e-16,False
2020-09-03,0.0153297841498546,0.015329784149855733,1.132774429812855e-15,False
2020-09-04,0.0079933949827365,0.007993394982736903,4.0245584642661925e-16,False
2020-09-05,0.0028166279205621,0.0028166279205624123,3.122502256758253e-16,False
2020-09-06,0.0,0.0,0.0,False
2020-09-07,0.0163218780676334,0.016321878067634722,1.321859288694327e-15,False
2020-09-08,0.0924823267629211,0.09248232676292839,7.28583859910259e-15,False
2020-09-09,0.4999817161433078,0.4999817161433275,1.970645868709653e-14,False
2020-09-10,0.0,0.0,0.0,False
2020-09-11,0.0015964469771318,0.0015964469771319178,1.1774435593192578e-16,False
2020-09-12,0.0022432887469282,0.0022432887469284375,2.3765711620882257e-16,False
2020-09-13,0.0,0.0,0.0,False
2020-09-14,0.0016838865843792,0.0016838865843793003,1.0018028073766061e-16,False
2020-09-15,0.5150964217553683,0.5150964217553498,-1.8540724511240114e-14,False
2020-09-16,0.0152925248366142,0.015292524836615348,1.1483869410966463e-15,False
2020-09-17,0.0,0.0,0.0,False
2020-09-18,0.0070430695682932,0.007043069568293402,2.0209528495129803e-16,False
2020-09-19,0.0074916260156478,0.007491626015648051,2.5066754227864863e-16,False
2020-09-20,0.0920738399259672,0.09207383992597178,4.579669976578771e-15,False
2020-09-21,1.5166422421461654,1.516642242146147,-1.84297022087776e-14,False
2020-09-22,8.703374894489777,8.703374894489727,-4.973799150320701e-14,False
2020-09-23,0.6992522507080586,0.69925225070809,3.141931159689193e-14,False
2020-09-24,0.1113782296800268,0.11137822968003211,5.315192730392937e-15,False
2020-09-25,0.017070436756834,0.01707043675683431,3.0878077872387166e-16,False
2020-09-26,0.2846929579551222,0.28469295795512456,2.3869795029440866e-15,False
2020-09-27,0.0023023560911692,0.002302356091169393,1.929879867024198e-16,False
2020-09-28,0.8207101625795957,0.8207101625796286,3.2862601528904634e-14,False
2020-09-29,0.164051695151435,0.1640516951514406,5.6066262743570405e-15,False
2020-09-30,0.3723268533524618,0.3723268533524737,1.1879386363489175e-14,False
2020-10-01,0.0431186903243209,0.0431186903243228,1.9012569296705806e-15,False
2020-10-02,0.5375014333976849,0.5375014333977132,2.8310687127941492e-14,False
2020-10-03,0.0267422249095405,0.026742224909541843,1.3426759704060487e-15,False
2020-10-04,0.2306056665034266,0.23060566650343825,1.1657341758564144e-14,False
2020-10-05,0.004672932838729,0.0046729328387293285,3.2873009869760494e-16,False
2020-10-06,0.0,0.0,0.0,False
2020-10-07,0.0017067057247125,0.0017067057247125747,7.45931094670027e-17,False
2020-10-08,3.7603079330731455,3.7603079330731264,-1.9095836023552692e-14,False
2020-10-09,16.645844907981562,16.64584490798104,-5.222489107836736e-13,False
2020-10-10,3.960383608569463,3.9603836085694724,9.325873406851315e-15,False
2020-10-11,0.7682483605463787,0.7682483605464082,2.9531932455029164e-14,False
2020-10-12,0.2623245621861347,0.26232456218614125,6.5503158452884236e-15,False
2020-10-13,0.1465600360283321,0.1465600360283367,4.6074255521944e-15,False
2020-10-14,0.0820529059270701,0.08205290592707291,2.8171909249863347e-15,False
2020-10-15,2.989791162648395,2.989791162648398,3.1086244689504383e-15,False
2020-10-16,1.248297093957942,1.2482970939579354,-6.661338147750939e-15,False
2020-10-17,0.1082879600125303,0.10828796001253564,5.342948306008566e-15,False
2020-10-18,0.0699165939438298,0.06991659394383153,1.7208456881689926e-15,False
2020-10-19,7.6060502506952865,7.606050250694921,-3.659295089164516e-13,False
2020-10-20,10.419309021950248,10.419309021949443,-8.046896482483135e-13,False
2020-10-21,1.511231536881175,1.511231536881215,3.9968028886505635e-14,False
2020-10-22,0.4373137528918124,0.43731375289183094,1.8540724511240114e-14,False
2020-10-23,0.1168137036755221,0.11681370367552749,5.384581669432009e-15,False
2020-10-24,2.231231052996996,2.2312310529970265,3.064215547965432e-14,False
2020-10-25,16.36796772546205,16.367967725461003,-1.0480505352461478e-12,False
2020-10-26,1.2761941947879996,1.2761941947880346,3.5083047578154947e-14,False
2020-10-27,0.1297178547237014,0.12971785472370773,6.328271240363392e-15,False
2020-10-28,0.0936397545274896,0.09363975452749398,4.385380947269368e-15,False
2020-10-29,2.544757961642567,2.544757961642461,-1.0613732115416497e-13,False
2020-10-30,20.6697402835056,20.669740283505195,-4.050093593832571e-13,False
2020-10-31,3.459769405693454,3.4597694056935233,6.927791673660977e-14,False
2020-11-01,0.6017992004704779,0.6017992004704987,2.0872192862952943e-14,False
2020-11-02,1.1285825617345149,1.1285825617345355,2.0650148258027912e-14,False
2020-11-03,0.4282301302067489,0.4282301302067568,7.93809462606987e-15,False
2020-11-04,0.1174867042496098,0.11748670424961376,3.95516952522712e-15,False
2020-11-05,3.631793461232215,3.631793461232183,-3.197442310920451e-14,False
2020-11-06,0.1233107592005932,0.12331075920059835,5.1486592766991635e-15,False
2020-11-07,0.0488325841472687,0.04883258414727103,2.3245294578089215e-15,False
2020-11-08,0.0250642193107418,0.025064219310743163,1.3634926521177704e-15,False
2020-11-09,0.0266388142952048,0.02663881429520609,1.2906342661267445e-15,False
2020-11-10,5.686787309850175,5.686787309850118,-5.684341886080802e-14,False
2020-11-11,11.932725609369928,11.93272560936951,-4.1744385725905886e-13,False
2020-11-12,3.310216858481226,3.3102168584812643,3.8191672047105385e-14,False
2020-11-13,2.5788912328319187,2.57889123283183,-8.881784197001252e-14,False
2020-11-14,0.6540137022144785,0.6540137022145164,3.785860513971784e-14,False
2020-11-15,0.1553015167673391,0.1553015167673461,6.994405055138486e-15,False
2020-11-16,1.2405825298292368,1.2405825298292197,-1.709743457922741e-14,False
2020-11-17,13.359464184129838,13.359464184129326,-5.115907697472721e-13,False
2020-11-18,12.37501533630098,12.3750153363008,-1.794120407794253e-13,False
2020-11-19,7.139238750621914,7.139238750621907,-7.105427357601002e-15,False
2020-11-20,0.7586940580877359,0.7586940580877551,1.9206858326015208e-14,False
2020-11-21,0.3903207436533397,0.3903207436533579,1.8207657603852567e-14,False
2020-11-22,0.1689135197915038,0.16891351979151167,7.882583474838611e-15,False
2020-11-23,0.1506209037219804,0.1506209037219869,6.494804694057166e-15,False
2020-11-24,0.1973676385709439,0.1973676385709534,9.520162436160717e-15,False
2020-11-25,0.0453085939614426,0.04530859396144506,2.456368441983159e-15,False
2020-11-26,1.76594063289385,1.7659406328938696,1.9539925233402755e-14,False
2020-11-27,0.2667576364285262,0.26675763642853495,8.770761894538737e-15,False
2020-11-28,0.0225233034938588,0.022523303493859892,1.0928757898653885e-15,False
2020-11-29,2.898288192924499,2.8982881929244955,-3.552713678800501e-15,False
2020-11-30,8.44070440904431,8.440704409043688,-6.217248937900877e-13,False
2020-12-01,7.055553135397002,7.055553135397034,3.197442310920451e-14,False
2020-12-02,1.6985553469540318,1.6985553469540702,3.8413716652030416e-14,False
2020-12-03,0.1039451447926025,0.10394514479260702,4.524158825347513e-15,False
2020-12-04,0.0450733264521073,0.0450733264521095,2.1996293675385914e-15,False
2020-12-05,0.1202385194849399,0.12023851948494589,5.995204332975845e-15,False
2020-12-06,2.8380373460084085,2.8380373460083645,-4.39648317751562e-14,False
2020-12-07,3.0265128112961874,3.0265128112961732,-1.4210854715202004e-14,False
2020-12-08,10.482338377271848,10.482338377271306,-5.417888360170764e-13,False
2020-12-09,1.0399754033754258,1.0399754033754571,3.1308289294429414e-14,False
2020-12-10,0.3220000586255341,0.32200005862554865,1.454392162258955e-14,False
2020-12-11,4.82346221500034,4.8234622150002435,-9.681144774731365e-14,False
2020-12-12,0.6797102587215728,0.6797102587215742,1.4432899320127035e-15,False
2020-12-13,1.764120002347461,1.7641200023474692,8.215650382226158e-15,False
2020-12-14,3.365644095755416,3.365644095755337,-7.904787935331115e-14,False
2020-12-15,6.4885459932935685,6.4885459932936165,4.796163466380676e-14,False
2020-12-16,6.8665130897667215,6.866513089766538,-1.8385293287792592e-13,False
2020-12-17,11.064848123938807,11.064848123938713,-9.414691248821327e-14,False
2020-12-18,6.70794980945727,6.707949809457296,2.5757174171303632e-14,False
2020-12-19,1.3245938364362446,1.3245938364362109,-3.375077994860476e-14,False
2020-12-20,9.860797059117504,9.860797059117408,-9.592326932761353e-14,False
2020-12-21,4.867748953444556,4.867748953444256,-3.0020430585864233e-13,False
2020-12-22,3.888516786005372,3.8885167860052556,-1.163513729807164e-13,False
2020-12-23,0.1929390043908456,0.19293900439084619,5.828670879282072e-16,False
2020-12-24,0.5106725679713139,0.5106725679713313,1.7430501486614958e-14,False
2020-12-25,0.1270537737246244,0.12705377372462962,5.218048215738236e-15,False
2020-12-26,0.0844375041038957,0.08443750410389947,3.774758283725532e-15,False
2020-12-27,7.0000727334242745,7.000072733424362,8.79296635503124e-14,False
2020-12-28,5.109395748943876,5.109395748943976,1.0036416142611415e-13,False
2020-12-29,16.711703280232733,16.711703280233184,4.511946372076636e-13,False
2020-12-30,5.485957330965312,5.485957330965352,3.9968028886505635e-14,False
2020-12-31,2.540138552750133,2.5401385527501854,5.240252676230739e-14,False
2021-01-01,8.317831257097161,8.317831257096987,-1.7408297026122455e-13,False
2021-01-02,4.800020991369918,4.800020991369255,-6.625811010962934e-13,False
2021-01-03,1.8932571529325004,1.8932571529321778,-3.226308109560705e-13,False
2021-01-04,1.0957758323407565,1.0957758323407987,4.218847493575595e-14,False
2021-01-05,0.211449622366668,0.21144962236667642,8.409939411535561e-15,False
2021-01-06,1.353110990871886,1.3531109908719352,4.929390229335695e-14,False
2021-01-07,2.4281761577795176,2.428176157779595,7.72715225139109e-14,False
2021-01-08,2.0385032483868204,2.038503248386903,8.260059303211165e-14,False
2021-01-09,2.644864405153458,2.644864405153386,-7.194245199571014e-14,False
2021-01-10,12.9503192530911,12.950319253091392,2.913225216616411e-13,False
2021-01-11,2.6696174656887632,2.669617465688797,3.375077994860476e-14,False
2021-01-12,8.003766679530829,8.003766679531086,2.575717417130363e-13,False
2021-01-13,2.689313814249122,2.689313814249092,-3.019806626980426e-14,False
2021-01-14,3.840122213537725,3.840122213537874,1.4921397450962104e-13,False
2021-01-15,11.92093336765242,11.9209333676529,4.796163466380676e-13,False
2021-01-16,1.2939423095282336,1.293942309528291,5.728750807065808e-14,False
2021-01-17,0.1505699223131144,0.15056992231312105,6.661338147750939e-15,False
2021-01-18,4.740125325786897,4.740125325786395,-5.018208071305708e-13,False
2021-01-19,6.481760282575313,6.481760282575602,2.8954616482224083e-13,False
2021-01-20,1.031705124311767,1.0317051243118163,4.929390229335695e-14,False
2021-01-21,2.858125954570896,2.858125954570936,3.9968028886505635e-14,False
2021-01-22,1.629956773693725,1.6299567736938145,8.948397578478762e-14,False
2021-01-23,5.603008635154201,5.603008635154385,1.8385293287792592e-13,False
2021-01-24,5.471731452595395,5.4717314525955665,1.7141843500212417e-13,False
2021-01-25,4.129545489431805,4.129545489431919,1.1457501614131615e-13,False
2021-01-26,6.591967561839317,6.591967561839438,1.2168044349891716e-13,False
2021-01-27,0.7498684874279614,0.7498684874278837,-7.771561172376096e-14,False
2021-01-28,3.841164393868295,3.8411643938684077,1.127986593019159e-13,False
2021-01-29,0.4394485650170752,0.43944856501704577,-2.942091015256665e-14,False
2021-01-30,0.1657274969634296,0.16572749696344,1.0408340855860843e-14,False
2021-01-31,0.1164922256040192,0.11649222560402342,4.218847493575595e-15,False
2021-02-01,5.028576608790245,5.028576608790417,1.723066134218243e-13,False
2021-02-02,6.671781079541384,6.671781079541598,2.1405099914773018e-13,False
2021-02-03,2.811599482754977,2.8115994827550077,3.064215547965432e-14,False
2021-02-04,1.2423859097727736,1.2423859097727452,-2.842170943040401e-14,False
2021-02-05,6.56556685879563,6.5655668587958385,2.0872192862952943e-13,False
2021-02-06,0.6820268922761742,0.6820268922761239,-5.029310301551959e-14,False
2021-02-07,0.9790677119971296,0.9790677119970972,-3.241851231905457e-14,False
2021-02-08,0.2641414008898829,0.26414140088987553,-7.382983113757291e-15,False
2021-02-09,0.4508546259360158,0.4508546259359239,-9.18709552877317e-14,False
2021-02-10,1.1967511117754144,1.1967511117754404,2.5979218776228663e-14,False
2021-02-11,7.90367612797875,7.903676127979094,3.4372504842394846e-13,False
2021-02-12,2.891800858270335,2.8918008582704107,7.549516567451064e-14,False
2021-02-13,10.976332891376131,10.976332891376618,4.867217739956686e-13,False
2021-02-14,1.3874667150185254,1.3874667150184623,-6.306066779870889e-14,False
2021-02-15,0.750994895241973,0.7509948952419316,-4.141131881851834e-14,False
2021-02-16,5.596254863331152,5.596254863331323,1.7053025658242404e-13,False
2021-02-17,10.156365301025332,10.156365301025728,3.9612757518625585e-13,False
2021-02-18,5.145603659538844,5.145603659538994,1.4921397450962104e-13,False
2021-02-19,1.854461353428196,1.854461353428165,-3.086420008457935e-14,False
2021-02-20,0.5107052862821102,0.510705286282105,-5.218048215738236e-15,False
2021-02-21,0.4972457860768445,0.49724578607675785,-8.665290707199347e-14,False
2021-02-22,0.3527885289554647,0.35278852895545987,-4.829470157119431e-15,False
2021-02-23,0.2999108574074917,0.2999108574074272,-6.45039577307216e-14,False
2021-02-24,10.13344628918005,10.133446289180336,2.859934511434403e-13,False
2021-02-25,6.656643052434028,6.656643052434146,1.1812772982011666e-13,False
2021-02-26,8.387116265907645,8.387116265907727,8.171241461241152e-14,False
2021-02-27,7.638099059841913,7.638099059842289,3.7569947153315297e-13,False
2021-02-28,5.702408572542037,5.7024085725423,2.6290081223123707e-13,False
2021-03-01,3.2610007808813912,3.2610007808815564,1.652011860642233e-13,False
2021-03-02,1.6100012470288778,1.6100012470289626,8.482103908136196e-14,False
2021-03-03,3.896295355265012,3.896295355265011,-8.881784197001252e-16,False
2021-03-04,3.331983478931805,3.331983478931825,1.9984014443252818e-14,False
2021-03-05,1.426060905083207,1.4260609050832533,4.6407322429331543e-14,False
2021-03-06,22.178279464448455,22.17827946444853,7.460698725481052e-14,False
2021-03-07,11.26402030167232,11.264020301672304,-1.5987211554602254e-14,False
2021-03-08,2.40067982592342,2.4006798259234294,9.325873406851315e-15,False
2021-03-09,2.6419671136807694,2.6419671136807774,7.993605777301127e-15,False
2021-03-10,1.3934522881642848,1.3934522881642923,7.549516567451064e-15,False
2021-03-11,3.6089813456940334,3.6089813456941746,1.412203687323199e-13,False
2021-03-12,0.8997296800704817,0.8997296800704649,-1.6764367671839864e-14,False
2021-03-13,0.231219260525901,0.23121926052589828,-2.7200464103316335e-15,False
2021-03-14,1.1611431747242542,1.1611431747242582,3.9968028886505635e-15,False
2021-03-15,0.2560267454558225,0.2560267454558226,1.1102230246251565e-16,False
2021-03-16,0.068120198983021,0.06812019898302205,1.0408340855860843e-15,False
2021-03-17,1.9755473680235789,1.9755473680235758,-3.1086244689504383e-15,False
2021-03-18,8.811982499470572,8.811982499470572,0.0,False
2021-03-19,6.400410940019471,6.400410940019458,-1.3322676295501878e-14,False
2021-03-20,0.6074339092358612,0.6074339092358627,1.5543122344752192e-15,False
2021-03-21,0.2381424276950201,0.23814242769501578,-4.3021142204224816e-15,False
2021-03-22,0.7552964765021204,0.7552964765021264,5.995204332975845e-15,False
2021-03-23,0.0953262007252214,0.09532620072522092,-4.718447854656915e-16,False
2021-03-24,0.0398401981707857,0.039840198170786476,7.771561172376096e-16,False
2021-03-25,0.0075320737167289,0.007532073716728944,4.336808689942018e-17,False
2021-03-26,0.7556703153287219,0.7556703153287374,1.554312234475219e-14,False
2021-03-27,0.5873666128220171,0.5873666128220177,6.661338147750939e-16,False
2021-03-28,9.76695600480497,9.766956004804955,-1.4210854715202004e-14,False
2021-03-29,0.9934212422248752,0.9934212422248656,-9.547918011776346e-15,False
2021-03-30,4.933740150081665,4.933740150081656,-8.881784197001252e-15,False
2021-03-31,1.0501692116867851,1.0501692116867778,-7.327471962526033e-15,False
2021-04-01,0.3902180539844365,0.3902180539844377,1.2212453270876722e-15,False
2021-04-02,0.9181713013791676,0.918171301379171,3.4416913763379853e-15,False
2021-04-03,0.2427730832273183,0.24277308322731367,-4.6351811278100286e-15,False
2021-04-04,0.0405085555159037,0.04050855551590305,-6.522560269672795e-16,False
2021-04-05,0.072407047330395,0.07240704733039452,-4.85722573273506e-16,False
2021-04-06,7.532568626507805,7.532568626508159,3.5349501104064984e-13,False
2021-04-07,1.9974147824749595,1.9974147824749562,-3.3306690738754696e-15,False
2021-04-08,0.4495328314881033,0.44953283148810325,-5.551115123125783e-17,False
2021-04-09,0.0849996137775604,0.08499961377756059,1.8041124150158794e-16,False
2021-04-10,0.0363643153902228,0.036364315390223424,6.245004513516506e-16,False
2021-04-11,0.002231565575407,0.0022315655754070723,7.24247051220317e-17,False
2021-04-12,0.0022644773392161,0.0022644773392161604,6.028164079019405e-17,False
2021-04-13,0.2063184880981654,0.20631848809816583,4.440892098500626e-16,False
2021-04-14,0.0618194079798109,0.06181940797981142,5.204170427930421e-16,False
2021-04-15,0.0,0.0,0.0,False
2021-04-16,0.0022856161498169,0.0022856161498170094,1.0928757898653885e-16,False
2021-04-17,1.977191917766248,1.9771919177662698,2.1760371282653068e-14,False
2021-04-18,16.272681497099946,16.272681497100017,7.105427357601002e-14,False
2021-04-19,2.854886747838268,2.85488674783825,-1.7763568394002505e-14,False
2021-04-20,2.551615470479748,2.5516154704797547,6.661338147750939e-15,False
2021-04-21,0.8240212514862426,0.8240212514862448,2.220446049250313e-15,False
2021-04-22,1.1539074417307007,1.1539074417307018,1.1102230246251565e-15,False
2021-04-23,0.1054292377465149,0.10542923774651573,8.326672684688674e-16,False
2021-04-24,0.0419554281648245,0.041955428164825434,9.367506770274758e-16,False
2021-04-25,0.0534744069766241,0.05347440697662502,9.159339953157541e-16,False
2021-04-26,1.062671861930507,1.0626718619305195,1.2656542480726785e-14,False
2021-04-27,0.1799107934775202,0.1799107934775218,1.609823385706477e-15,False
2021-04-28,0.0528412125408935,0.05284121254089402,5.204170427930421e-16,False
2021-04-29,0.1723316990724304,0.1723316990724306,1.942890293094024e-16,False
2021-04-30,0.1129650299564453,0.11296502995644563,3.191891195797325e-16,False
2021-05-01,0.0,0.0,0.0,False
2021-05-02,0.0030719892128561,0.0030719892128562285,1.2836953722228372e-16,False
2021-05-03,0.0012948622317249,0.0012948622317250143,1.1427490897997217e-16,False
2021-05-04,0.004092674136994,0.004092674136994028,2.862293735361732e-17,False
2021-05-05,0.0,0.0,0.0,False
2021-05-06,0.0,0.0,0.0,False
2021-05-07,0.1183413706574873,0.11834137065748751,2.0816681711721685e-16,False
2021-05-08,0.0779188331868895,0.07791883318688979,2.914335439641036e-16,False
2021-05-09,0.0012062617171785,0.0012062617171785402,4.0115480381963664e-17,False
2021-05-10,0.0,0.0,0.0,False
2021-05-11,0.0,0.0,0.0,False
2021-05-12,9.033903729702333,9.033903729702361,2.842170943040401e-14,False
2021-05-13,10.8634687319181,10.863468731918118,1.7763568394002505e-14,False
2021-05-14,0.6587704320159647,0.6587704320159666,1.887379141862766e-15,False
2021-05-15,0.7950741829756971,0.7950741829757368,3.9745984281580604e-14,False
2021-05-16,0.6744884446603642,0.6744884446603978,3.3639757646142243e-14,False
2021-05-17,0.7954983581151848,0.7954983581151892,4.440892098500626e-15,False
2021-05-18,0.4107985907340805,0.41079859073408503,4.551914400963142e-15,False
2021-05-19,0.0374456817967761,0.03744568179677676,6.591949208711867e-16,False
2021-05-20,0.0494664790120714,0.04946647901207217,7.7021722333370235e-16,False
2021-05-21,0.0133278560762605,0.013327856076260905,4.0419056990259605e-16,False
2021-05-22,5.315111244407104,5.3151112444071,-4.440892098500626e-15,False
2021-05-23,0.2706070826061956,0.270607082606195,-6.106226635438361e-16,False
2021-05-24,0.0199247137303327,0.019924713730333252,5.516420653606247e-16,False
2021-05-25,0.0136309187503237,0.013630918750324055,3.5561831257524545e-16,False
2021-05-26,0.0075558501918885,0.007555850191888929,4.2847669856627135e-16,False
2021-05-27,0.0,0.0,0.0,False
2021-05-28,0.0,0.0,0.0,False
2021-05-29,0.9723649360966,0.9723649360966016,1.5543122344752192e-15,False
2021-05-30,3.4281881637311398,3.428188163731143,3.1086244689504383e-15,False
2021-05-31,2.441088494738093,2.4410884947381017,8.881784197001252e-15,False
2021-06-01,0.3831234114702818,0.38312341147027806,-3.7192471324942744e-15,False
2021-06-02,0.3128040502626376,0.31280405026263414,-3.4416913763379853e-15,False
2021-06-03,0.1532525599713197,0.15325255997132184,2.1371793224034263e-15,False
2021-06-04,0.0062372136411517,0.006237213641151905,2.0556473190325164e-16,False
2021-06-05,0.0093581455236776,0.009358145523677948,3.4867941867133823e-16,False
2021-06-06,0.0,0.0,0.0,False
2021-06-07,1.9705396169245872,1.9705396169245855,-1.7763568394002505e-15,False
2021-06-08,0.9496758927965624,0.9496758927965604,-1.9984014443252818e-15,False
2021-06-09,0.0429488008350302,0.04294880083503049,2.914335439641036e-16,False
2021-06-10,0.4907949822282242,0.4907949822282263,2.1094237467877974e-15,False
2021-06-11,1.1900609546048766,1.190060954604872,-4.6629367034256575e-15,False
2021-06-12,0.0171883895208045,0.017188389520804752,2.5326962749261384e-16,False
2021-06-13,0.0130602279017094,0.013060227901709373,-2.7755575615628914e-17,False
2021-06-14,0.0071872265851494,0.007187226585149536,1.3617579286417936e-16,False
2021-06-15,0.0114584074224251,0.011458407422425243,1.4224732503009818e-16,False
2021-06-16,0.080204300946774,0.08020430094677501,1.0130785099704553e-15,False
2021-06-17,0.7246350132708809,0.7246350132708852,4.3298697960381105e-15,False
2021-06-18,0.025315553820734,0.025315553820734256,2.5673907444456745e-16,False
2021-06-19,0.1153771714266771,0.11537717142667747,3.7470027081099033e-16,False
2021-06-20,0.3033096965761753,0.3033096965761767,1.3877787807814457e-15,False
2021-06-21,0.3702968976955657,0.3702968976955696,3.941291737419306e-15,False
2021-06-22,3.938163157175184,3.938163157175176,-7.993605777301127e-15,False
2021-06-23,0.274117689206607,0.2741176892066101,3.1086244689504383e-15,False
2021-06-24,0.046003476754686,0.046003476754686974,9.71445146547012e-16,False
2021-06-25,0.060568412969196,0.06056841296919653,5.273559366969494e-16,False
2021-06-26,0.2234926911592338,0.22349269115923634,2.55351295663786e-15,False
2021-06-27,0.0012610169945173,0.0012610169945173602,6.028164079019405e-17,False
2021-06-28,0.054809656422781,0.054809656422781024,2.0816681711721685e-17,False
2021-06-29,0.1712019645165466,0.17120196451654515,-1.4432899320127035e-15,False
2021-06-30,0.0015143933829951,0.0015143933829951232,2.3201926491189795e-17,False
2021-07-01,0.0012148279372756,0.0012148279372756607,6.071532165918825e-17,False
2021-07-02,0.0,0.0,0.0,False
2021-07-03,0.0061599013272933,0.00615990132729337,7.025630077706069e-17,False
2021-07-04,0.00265309161667,0.002653091616670118,1.1796119636642288e-16,False
2021-07-05,0.0,0.0,0.0,False
2021-07-06,0.0,0.0,0.0,False
2021-07-07,0.0,0.0,0.0,False
2021-07-08,0.0,0.0,0.0,False
2021-07-09,0.0,0.0,0.0,False
2021-07-10,0.0160400843986602,0.01604008439866049,2.8796409701215e-16,False
2021-07-11,0.0,0.0,0.0,False
2021-07-12,0.0,0.0,0.0,False
2021-07-13,0.0018095633558702,0.001809563355870247,4.705437428587089e-17,False
2021-07-14,0.0,0.0,0.0,False
2021-07-15,0.0016777342314421,0.001677734231442187,8.695301423333746e-17,False
2021-07-16,0.0,0.0,0.0,False
2021-07-17,4.15410484361734,4.1541048436173496,9.769962616701378e-15,False
2021-07-18,0.0532677530638353,0.053267753063835487,1.8735013540549517e-16,False
2021-07-19,0.0030835619117726,0.003083561911772693,9.280770596475918e-17,False
2021-07-20,0.0012739985559024,0.0012739985559024457,4.575333167888829e-17,False
2021-07-21,0.0043605257398816,0.004360525739881567,-3.2959746043559335e-17,False
2021-07-22,0.0028039818879212,0.002803981887921248,4.7704895589362195e-17,False
2021-07-23,0.0083047844456387,0.008304784445638825,1.249000902703301e-16,False
2021-07-24,0.0166934556028496,0.016693455602849763,1.6306400674181987e-16,False
2021-07-25,0.0817056570712337,0.0817056570712345,8.049116928532385e-16,False
2021-07-26,0.0199650373541618,0.019965037354162024,2.255140518769849e-16,False
2021-07-27,0.0284375952229447,0.02843759522294507,3.712308238590367e-16,False
2021-07-28,24.177931875555505,24.17793187555548,-2.4868995751603507e-14,False
2021-07-29,1.8373886051547483,1.8373886051547228,-2.55351295663786e-14,False
2021-07-30,0.4264081966627318,0.42640819666274604,1.426636586643326e-14,False
2021-07-31,0.1742026740040539,0.1742026740040606,6.689093723366568e-15,False
2021-08-01,0.178136382270138,0.17813638227014875,1.074140776324839e-14,False
2021-08-02,0.1656460939324905,0.1656460939324926,2.1094237467877974e-15,False
2021-08-03,0.2759492830239101,0.2759492830239136,3.497202527569243e-15,False
2021-08-04,0.0777161262833071,0.07771612628330887,1.7763568394002505e-15,False
2021-08-05,0.0690143001951398,0.06901430019514124,1.4432899320127035e-15,False
2021-08-06,0.0167949382664994,0.016794938266499637,2.3592239273284576e-16,False
2021-08-07,0.0729234772017699,0.07292347720177413,4.218847493575595e-15,False
2021-08-08,0.0110558823305733,0.011055882330573402,1.0234868508263162e-16,False
2021-08-09,0.0142224228132955,0.014222422813295702,2.0122792321330962e-16,False
2021-08-10,0.0169522395699686,0.016952239569968587,-1.3877787807814457e-17,False
2021-08-11,0.0049138767631827,0.004913876763182712,1.1275702593849246e-17,False
2021-08-12,0.2885340153849747,0.2885340153849744,-2.7755575615628914e-16,False
2021-08-13,0.2958098211600207,0.2958098211600228,2.1094237467877974e-15,False
2021-08-14,0.0068483123623726,0.006848312362372569,-3.122502256758253e-17,False
2021-08-15,0.0036148584565628,0.0036148584565628985,9.84455572616838e-17,False
2021-08-16,1.0031064112416497,1.0031064112416586,8.881784197001252e-15,False
2021-08-17,0.0489188842415894,0.0489188842415901,7.008282842946301e-16,False
2021-08-18,0.0529318559710991,0.05293185597109959,4.926614671774132e-16,False
2021-08-19,0.0153201144111473,0.015320114411147525,2.255140518769849e-16,False
2021-08-20,0.0171275436394288,0.017127543639428974,1.734723475976807e-16,False
2021-08-21,0.0,0.0,0.0,False
2021-08-22,0.0,0.0,0.0,False
2021-08-23,0.0,0.0,0.0,False
2021-08-24,0.0017213611697918,0.0017213611697918566,5.659535340374333e-17,False
2021-08-25,0.0047502707955335,0.004750270795533727,2.2638141361497333e-16,False
2021-08-26,0.0085955696306799,0.008595569630679993,9.367506770274758e-17,False
2021-08-27,0.2505356945176506,0.2505356945176527,2.0539125955565396e-15,False
2021-08-28,21.24655455365358,21.246554553653567,-1.4210854715202004e-14,False
2021-08-29,2.777080074643874,2.7770800746438717,-2.220446049250313e-15,False
2021-08-30,2.400146608750602,2.400146608750594,-7.993605777301127e-15,False
2021-08-31,0.8486232721360675,0.8486232721360444,-2.3092638912203256e-14,False
2021-09-01,0.0840226311371442,0.08402263113714505,8.465450562766819e-16,False
2021-09-02,0.0517309778447143,0.05173097784471489,5.898059818321144e-16,False
2021-09-03,0.0980180577496636,0.09801805774966328,-3.191891195797325e-16,False
2021-09-04,0.018578433164307,0.018578433164307066,6.591949208711867e-17,False
2021-09-05,0.0318633328498402,0.03186333284984053,3.3306690738754696e-16,False
2021-09-06,0.0141208115620953,0.014120811562095423,1.231653667943533e-16,False
2021-09-07,0.0141138139390279,0.014113813939027992,9.194034422677078e-17,False
2021-09-08,0.0316780540762308,0.031678054076231116,3.191891195797325e-16,False
2021-09-09,2.9487232355669883,2.9487232355669923,3.9968028886505635e-15,False
2021-09-10,3.746414202675428,3.7464142026754366,8.43769498715119e-15,False
2021-09-11,0.5631577849191756,0.5631577849191759,3.3306690738754696e-16,False
2021-09-12,0.1082374747216767,0.10823747472167752,8.187894806610529e-16,False
2021-09-13,0.0344990901873895,0.03449909018738981,3.0531133177191805e-16,False
2021-09-14,0.0305146359519066,0.030514635951906705,1.0408340855860843e-16,False
2021-09-15,0.7162669678545307,0.7162669678545356,4.884981308350689e-15,False
2021-09-16,3.8851375118442526,3.885137511844237,-1.554312234475219e-14,False
2021-09-17,0.884387147389625,0.8843871473896272,2.220446049250313e-15,False
2021-09-18,0.0359934280294394,0.03599342802943954,1.3877787807814457e-16,False
2021-09-19,0.0,0.0,0.0,False
2021-09-20,0.0515495662369251,0.05154956623692562,5.204170427930421e-16,False
2021-09-21,0.0811268524113078,0.0811268524113083,4.996003610813204e-16,False
2021-09-22,0.7181370397248714,0.7181370397248719,4.440892098500626e-16,False
2021-09-23,0.0,0.0,0.0,False
2021-09-24,0.0616247298785479,0.061624729878548466,5.689893001203927e-16,False
2021-09-25,2.126455027573242,2.126455027573235,-7.105427357601002e-15,False
2021-09-26,0.3732054362903344,0.3732054362903326,-1.8318679906315083e-15,False
2021-09-27,0.0137952403514286,0.01379524035142881,2.0990154059319366e-16,False
2021-09-28,0.1130843780780599,0.11308437807806099,1.0824674490095276e-15,False
2021-09-29,0.0644838957270078,0.06448389572700834,5.412337245047638e-16,False
2021-09-30,0.2176249779934888,0.21762497799348832,-4.718447854656915e-16,False
2021-10-01,3.514497728611142,3.5144977286111394,-2.6645352591003757e-15,False
2021-10-02,0.4076656485976681,0.4076656485976633,-4.773959005888173e-15,False
2021-10-03,6.685243133854006,6.68524313385434,3.339550858072471e-13,False
2021-10-04,5.304559716706736,5.304559716706723,-1.3322676295501878e-14,False
2021-10-05,1.3641408032350202,1.3641408032349935,-2.6645352591003757e-14,False
2021-10-06,0.1858066638210981,0.18580666382109787,-2.220446049250313e-16,False
2021-10-07,0.0943958678199918,0.09439586781999142,-3.885780586188048e-16,False
2021-10-08,0.0425826476741955,0.04258264767419563,1.3183898417423734e-16,False
2021-10-09,4.21881488211881,4.218814882118798,-1.2434497875801753e-14,False
2021-10-10,3.559447862185288,3.5594478621852796,-8.43769498715119e-15,False
2021-10-11,4.774206874031541,4.774206874031524,-1.687538997430238e-14,False
2021-10-12,3.783065884684504,3.7830658846844747,-2.930988785010413e-14,False
2021-10-13,0.9734783691436244,0.9734783691436052,-1.9206858326015208e-14,False
2021-10-14,4.06018673019896,4.0601867301989385,-2.1316282072803006e-14,False
2021-10-15,4.470435094316388,4.4704350943163735,-1.4210854715202004e-14,False
2021-10-16,10.828066098637482,10.828066098637434,-4.796163466380676e-14,False
2021-10-17,0.5255927386311804,0.5255927386311819,1.5543122344752192e-15,False
2021-10-18,8.21779425752113,8.217794257521087,-4.263256414560601e-14,False
2021-10-19,2.6159049001635903,2.6159049001635837,-6.661338147750939e-15,False
2021-10-20,1.1291666941464933,1.1291666941464902,-3.1086244689504383e-15,False
2021-10-21,0.4207473671132316,0.4207473671132357,4.107825191113079e-15,False
2021-10-22,0.6712142764983358,0.6712142764983359,1.1102230246251565e-16,False
2021-10-23,0.367361772401694,0.36736177240169715,3.164135620181696e-15,False
2021-10-24,19.383392622938437,19.383392622938374,-6.394884621840902e-14,False
2021-10-25,0.9490726199932848,0.9490726199932716,-1.3211653993039363e-14,False
2021-10-26,0.3815898219251571,0.38158982192516155,4.440892098500626e-15,False
2021-10-27,2.618495187833972,2.618495187833975,2.6645352591003757e-15,False
2021-10-28,2.2831953840292623,2.28319538402926,-2.220446049250313e-15,False
2021-10-29,0.1546419774461927,0.15464197744619423,1.5265566588595902e-15,False
2021-10-30,0.6453870143146664,0.6453870143146734,6.994405055138486e-15,False
2021-10-31,1.709911640325079,1.709911640325077,-1.9984014443252818e-15,False
2021-11-01,10.120353731267844,10.120353731267768,-7.638334409421077e-14,False
2021-11-02,0.5896480039920501,0.589648003992052,1.887379141862766e-15,False
2021-11-03,0.1734463894595285,0.17344638945953,1.4988010832439613e-15,False
2021-11-04,0.074439659195202,0.07443965919520283,8.326672684688674e-16,False
2021-11-05,0.0457323649130469,0.04573236491304733,4.3021142204224816e-16,False
2021-11-06,0.0410618214590161,0.041061821459016275,1.734723475976807e-16,False
2021-11-07,0.0168961952553518,0.01689619525535198,1.7694179454963432e-16,False
2021-11-08,0.0224645312229482,0.022464531222949377,1.1761425167122752e-15,False
2021-11-09,0.0113308623187667,0.011330862318766814,1.1449174941446927e-16,False
2021-11-10,0.0215496350983991,0.021549635098399203,1.0408340855860843e-16,False
2021-11-11,3.3784076910396346,3.378407691039648,1.3322676295501878e-14,False
2021-11-12,0.287958120760885,0.2879581207608874,2.3869795029440866e-15,False
2021-11-13,0.0553290928738832,0.05532909287388452,1.3183898417423734e-15,False
2021-11-14,0.0063940597401267,0.006394059740126668,-3.209238430557093e-17,False
2021-11-15,0.0,0.0,0.0,False
2021-11-16,0.0049369093517188,0.004936909351718808,8.673617379884035e-18,False
2021-11-17,0.0044559224494108,0.004455922449410886,8.586881206085195e-17,False
2021-11-18,11.685508905028447,11.685508905028465,1.7763568394002505e-14,False
2021-11-19,32.38813357207792,32.38813357207791,-7.105427357601002e-15,False
2021-11-20,3.4498153231165216,3.4498153231165127,-8.881784197001252e-15,False
2021-11-21,0.8361842885966009,0.8361842885966054,4.551914400963142e-15,False
2021-11-22,0.4972197223120317,0.49721972231205824,2.653433028854124e-14,False
2021-11-23,0.1696767801246247,0.1696767801246257,9.992007221626409e-16,False
2021-11-24,0.06114503155502,0.06114503155502041,4.0939474033052647e-16,False
2021-11-25,0.0472054815425792,0.04720548154257947,2.706168622523819e-16,False
2021-11-26,2.278563255608322,2.278563255608317,-5.329070518200751e-15,False
2021-11-27,0.065496874373548,0.0654968743735484,4.0245584642661925e-16,False
2021-11-28,0.0277432423129526,0.027743242312952755,1.5612511283791264e-16,False
2021-11-29,0.0338926934155276,0.03389269341552778,1.8041124150158794e-16,False
2021-11-30,10.561889129326255,10.56188912932627,1.4210854715202004e-14,False
2021-12-01,1.1741325023889695,1.174132502389001,3.1530333899354446e-14,False
2021-12-02,0.1169707728547015,0.11697077285470141,-9.71445146547012e-17,False
2021-12-03,0.1991599979573601,0.19915999795736009,-2.7755575615628914e-17,False
2021-12-04,0.0483329301049565,0.04833293010495684,3.400058012914542e-16,False
2021-12-05,0.0288700310520361,0.028870031052036175,7.632783294297951e-17,False
2021-12-06,0.303990341975828,0.30399034197583097,2.942091015256665e-15,False
2021-12-07,8.412011201601906,8.412011201601892,-1.4210854715202004e-14,False
2021-12-08,0.7673203553595525,0.7673203553595835,3.108624468950438e-14,False
2021-12-09,0.1375209434202567,0.13752094342025836,1.6653345369377348e-15,False
2021-12-10,0.0183828182590427,0.018382818259042755,5.551115123125783e-17,False
2021-12-11,0.0125850635333182,0.012585063533318319,1.1796119636642288e-16,False
2021-12-12,4.010180089525318,4.010180089525268,-4.973799150320701e-14,False
2021-12-13,11.987041438841414,11.987041438841421,7.105427357601002e-15,False
2021-12-14,8.009060966703252,8.009060966703201,-5.1514348342607263e-14,False
2021-12-15,16.780313445130368,16.780313445130318,-4.973799150320701e-14,False
2021-12-16,3.697758073666637,3.6977580736666162,-2.0872192862952943e-14,False
2021-12-17,12.80131112890771,12.801311128907727,1.7763568394002505e-14,False
2021-12-18,0.952079732210818,0.9520797322108102,-7.771561172376096e-15,False
2021-12-19,1.1854321852631255,1.1854321852631649,3.930189507173054e-14,False
2021-12-20,0.1295410526802718,0.12954105268027094,-8.604228440844963e-16,False
2021-12-21,0.0417836272237203,0.04178362722372024,-6.245004513516506e-17,False
2021-12-22,2.217381795070929,2.2173817950709185,-1.0658141036401503e-14,False
2021-12-23,1.8220212724701856,1.8220212724702731,8.748557434046234e-14,False
2021-12-24,1.8616771149550648,1.8616771149550655,6.661338147750939e-16,False
2021-12-25,0.1166428670626904,0.11664286706269128,8.743006318923108e-16,False
2021-12-26,0.1001112563495372,0.10011125634953827,1.0685896612017132e-15,False
2021-12-27,1.858060007912245,1.8580600079122525,7.549516567451064e-15,False
2021-12-28,7.000712276967697,7.000712276967938,2.4158453015843406e-13,False
2021-12-29,0.8063584107214635,0.8063584107214591,-4.440892098500626e-15,False
2021-12-30,8.902640629134199,8.902640629134318,1.1901590823981678e-13,False
2021-12-31,16.572425234167095,16.572425234167852,7.567280135845067e-13,False
2022-01-01,6.248110379664069,6.248110379664087,1.865174681370263e-14,False
2022-01-02,3.963217108013052,3.963217108013098,4.574118861455645e-14,False
2022-01-03,6.885391610263847,6.885391610263807,-3.9968028886505635e-14,False
2022-01-04,8.810893214647358,8.810893214647315,-4.263256414560601e-14,False
2022-01-05,3.1998556880713585,3.199855688071369,1.0658141036401503e-14,False
2022-01-06,5.743883424723825,5.743883424723842,1.687538997430238e-14,False
2022-01-07,1.7209617414521143,1.7209617414521234,9.103828801926284e-15,False
2022-01-08,4.645272569538173,4.645272569538212,3.907985046680551e-14,False
2022-01-09,7.159046792490495,7.159046792490498,3.552713678800501e-15,False
2022-01-10,0.8624333201103594,0.8624333201103691,9.658940314238862e-15,False
2022-01-11,11.802842577080462,11.802842577080485,2.3092638912203256e-14,False
2022-01-12,4.367061475491489,4.367061475491498,8.881784197001252e-15,False
2022-01-13,5.680394494657433,5.680394494657377,-5.595524044110789e-14,False
2022-01-14,1.146437537085271,1.1464375370852575,-1.354472090042691e-14,False
2022-01-15,0.3518960051563912,0.3518960051563911,-1.1102230246251565e-16,False
2022-01-16,13.45351434608464,13.453514346084571,-6.927791673660977e-14,False
2022-01-17,1.7812483622835196,1.781248362283507,-1.2656542480726785e-14,False
2022-01-18,4.078068448443482,4.078068448443541,5.861977570020827e-14,False
2022-01-19,10.92480647219612,10.924806472196142,2.1316282072803006e-14,False
2022-01-20,15.395292356065331,15.395292356065175,-1.5631940186722204e-13,False
2022-01-21,2.04712656714183,2.047126567141802,-2.7977620220553945e-14,False
2022-01-22,0.2218571328186892,0.22185713281868696,-2.248201624865942e-15,False
2022-01-23,0.1804617819437903,0.1804617819437879,-2.4147350785597155e-15,False
2022-01-24,0.1600939290719872,0.16009392907198738,1.942890293094024e-16,False
2022-01-25,0.4236703768635804,0.42367037686358044,5.551115123125783e-17,False
2022-01-26,6.037932381237464,6.037932381237371,-9.325873406851315e-14,False
2022-01-27,5.280168124750756,5.280168124750742,-1.4210854715202004e-14,False
2022-01-28,19.392504565571254,19.392504565572064,8.100187187665142e-13,False
2022-01-29,17.372517971834885,17.372517971834913,2.842170943040401e-14,False
2022-01-30,24.379017707259653,24.379017707260704,1.0516032489249483e-12,False
2022-01-31,8.983862569977747,8.983862569977747,0.0,False
2022-02-01,9.388333530456665,9.388333530456647,-1.7763568394002505e-14,False
2022-02-02,6.100916221387545,6.10091622138754,-5.329070518200751e-15,False
2022-02-03,2.662458778025965,2.662458778025987,2.220446049250313e-14,False
2022-02-04,0.894528066860834,0.894528066860831,-2.9976021664879227e-15,False
2022-02-05,2.2538163072386017,2.2538163072386213,1.9539925233402755e-14,False
2022-02-06,0.9767297500934627,0.9767297500934669,4.107825191113079e-15,False
2022-02-07,7.4861447478936,7.4861447478935625,-3.730349362740526e-14,False
2022-02-08,1.0198969925687125,1.0198969925687091,-3.3306690738754696e-15,False
2022-02-09,0.4227511760188625,0.4227511760188828,2.0317081350640365e-14,False
2022-02-10,0.296124762271749,0.29612476227174817,-8.326672684688674e-16,False
2022-02-11,0.4128416344789624,0.41284163447895833,-4.052314039881821e-15,False
2022-02-12,0.2219858823753937,0.22198588237539466,9.43689570931383e-16,False
2022-02-13,0.0746606160806146,0.07466061608061483,2.3592239273284576e-16,False
2022-02-14,0.478453345729325,0.47845334572931525,-9.769962616701378e-15,False
2022-02-15,0.1627582082110637,0.162758208211065,1.27675647831893e-15,False
2022-02-16,0.8950197289143812,0.8950197289143906,9.43689570931383e-15,False
2022-02-17,7.355160123801863,7.3551601238018165,-4.618527782440651e-14,False
2022-02-18,2.942218500570446,2.9422185005704478,1.7763568394002505e-15,False
2022-02-19,0.206935480226896,0.20693548022689753,1.5265566588595902e-15,False
2022-02-20,2.525356980802298,2.525356980802304,6.217248937900877e-15,False
2022-02-21,1.864784197513283,1.8647841975132837,6.661338147750939e-16,False
2022-02-22,2.1096761062146165,2.1096761062146485,3.197442310920451e-14,False
2022-02-23,4.785183220818288,4.785183220818273,-1.509903313490213e-14,False
2022-02-24,0.2208875371664382,0.22088753716643428,-3.913536161803677e-15,False
2022-02-25,0.0996239386960043,0.09962393869600425,-5.551115123125783e-17,False
2022-02-26,0.0684195540967956,0.06841955409679615,5.412337245047638e-16,False
2022-02-27,0.3113171881391319,0.31131718813913517,3.2751579226442118e-15,False
2022-02-28,0.1252948865124783,0.1252948865124796,1.304512053934559e-15,False
2022-03-01,18.891092927463944,18.891092927463735,-2.0961010704922955e-13,False
2022-03-02,6.9055820611338925,6.905582061133804,-8.881784197001252e-14,False
2022-03-03,2.7746951761220013,2.774695176121984,-1.7319479184152442e-14,False
2022-03-04,13.255464485726588,13.255464485726456,-1.3145040611561853e-13,False
2022-03-05,9.03006385378393,9.030063853784,6.927791673660977e-14,False
2022-03-06,5.151719596210191,5.151719596210196,4.440892098500626e-15,False
2022-03-07,6.224255123344872,6.224255123344861,-1.1546319456101628e-14,False
2022-03-08,1.509093861452786,1.5090938614528575,7.149836278586008e-14,False
2022-03-09,2.2072058502948875,2.207205850294855,-3.241851231905457e-14,False
2022-03-10,2.4881766713903697,2.488176671390341,-2.886579864025407e-14,False
2022-03-11,4.321041655992267,4.32104165599228,1.3322676295501878e-14,False
2022-03-12,33.266953393742384,33.266953393742334,-4.973799150320701e-14,False
2022-03-13,13.266029873211098,13.266029873211028,-6.927791673660977e-14,False
2022-03-14,12.468185319029647,12.46818531903007,4.227729277772596e-13,False
2022-03-15,26.52233628367251,26.52233628367316,6.501466032204917e-13,False
2022-03-16,15.518030156193378,15.518030156193374,-3.552713678800501e-15,False
2022-03-17,5.35384933222781,5.353849332227817,7.105427357601002e-15,False
2022-03-18,3.922396457466157,3.922396457466118,-3.907985046680551e-14,False
2022-03-19,1.4838793210251884,1.4838793210252004,1.199040866595169e-14,False
2022-03-20,5.92343558104045,5.92343558104044,-9.769962616701378e-15,False
2022-03-21,1.0395006136303038,1.0395006136303082,4.440892098500626e-15,False
2022-03-22,0.1512904809199308,0.1512904809199371,6.300515664747763e-15,False
2022-03-23,0.1327437571034006,0.13274375710340278,2.1649348980190553e-15,False
2022-03-24,0.1789245787164655,0.17892457871646897,3.469446951953614e-15,False
2022-03-25,0.3655727115039746,0.365572711503984,9.43689570931383e-15,False
2022-03-26,0.0998291628635856,0.09982916286359073,5.1209037010835345e-15,False
2022-03-27,7.88737162616627,7.887371626166144,-1.2612133559741778e-13,False
2022-03-28,2.2595397594491566,2.259539759449201,4.440892098500626e-14,False
2022-03-29,0.7731463972272616,0.7731463972272697,8.104628079763643e-15,False
2022-03-30,0.0508824916464094,0.050882491646410205,8.049116928532385e-16,False
2022-03-31,2.4649106984811366,2.4649106984811406,3.9968028886505635e-15,False
2022-04-01,5.903246062161358,5.90324606216136,1.7763568394002505e-15,False
2022-04-02,1.5087536467096727,1.5087536467097296,5.684341886080802e-14,False
2022-04-03,0.07313412821267,0.07313412821267357,3.566591466608315e-15,False
2022-04-04,0.0107160182739851,0.010716018273985278,1.7867651802561113e-16,False
2022-04-05,1.1639990685988737,1.1639990685988706,-3.1086244689504383e-15,False
2022-04-06,0.2123945416253881,0.2123945416253925,4.413136522884997e-15,False
2022-04-07,0.0707455342434378,0.07074553424344135,3.552713678800501e-15,False
2022-04-08,4.014292914281073,4.014292914281065,-7.993605777301127e-15,False
2022-04-09,2.521960130677657,2.5219601306776545,-2.6645352591003757e-15,False
2022-04-10,0.0384365320029835,0.03843653200298537,1.8735013540549517e-15,False
2022-04-11,0.0555184551530866,0.0555184551530873,7.008282842946301e-16,False
2022-04-12,0.3014821271561326,0.30148212715614714,1.454392162258955e-14,False
2022-04-13,1.5552929699964904,1.5552929699964948,4.440892098500626e-15,False
2022-04-14,0.3683765292595738,0.36837652925957615,2.3314683517128287e-15,False
2022-04-15,0.7029084711634175,0.7029084711634431,2.5646151868841116e-14,False
2022-04-16,0.9459242601381326,0.945924260138153,2.042810365310288e-14,False
2022-04-17,0.8000479102276277,0.8000479102276625,3.4861002973229915e-14,False
2022-04-18,0.0688733605531359,0.06887336055313859,2.67841304690819e-15,False
2022-04-19,0.2347223802407195,0.23472238024071665,-2.858824288409778e-15,False
2022-04-20,0.0050703577824853,0.005070357782485553,2.5326962749261384e-16,False
2022-04-21,0.0030288124410104,0.0030288124410106244,2.242130092700023e-16,False
2022-04-22,0.0009652727550602,0.0009652727550602465,4.651227319962814e-17,False
2022-04-23,0.1004399300662256,0.1004399300662289,3.2890357104520263e-15,False
2022-04-24,0.0,0.0,0.0,False
2022-04-25,0.021708669941733,0.021708669941727557,-5.443562267615221e-15,False
2022-04-26,0.050680366947166,0.05068036694716833,2.3245294578089215e-15,False
2022-04-27,0.0816621767980112,0.08166217679801514,3.941291737419306e-15,False
2022-04-28,0.2001715459659372,0.20017154596594036,3.164135620181696e-15,False
2022-04-29,0.6891671879893766,0.6891671879893996,2.298161660974074e-14,False
2022-04-30,7.174432156714296,7.174432156714294,-1.7763568394002505e-15,False
2022-05-01,0.2517457000349478,0.2517457000349466,-1.1657341758564144e-15,False
2022-05-02,0.7537463664852957,0.7537463664852998,4.107825191113079e-15,False
2022-05-03,0.0450270998326673,0.04502709983266798,6.800116025829084e-16,False
2022-05-04,4.4818764330116805,4.481876433011696,1.509903313490213e-14,False
2022-05-05,0.4382560600399227,0.4382560600399289,6.217248937900877e-15,False
2022-05-06,0.2263853397063888,0.22638533970639868,9.880984919163893e-15,False
2022-05-07,0.0023723416924108,0.0023723416924109984,1.981921571303502e-16,False
2022-05-08,0.0052830867597053,0.005283086759705644,3.443426099813962e-16,False
2022-05-09,0.0010009040968516,0.001000904096851649,4.90059381963448e-17,False
2022-05-10,0.0496110094182761,0.04961100941827772,1.6237011735142914e-15,False
2022-05-11,5.419489107372226,5.419489107372061,-1.652011860642233e-13,False
2022-05-12,0.0758888464977804,0.07588884649778267,2.275957200481571e-15,False
2022-05-13,0.0543937293829737,0.05439372938297638,2.67841304690819e-15,False
2022-05-14,0.0377199825709664,0.03771998257096789,1.4918621893400541e-15,False
2022-05-15,4.522149290345584,4.52214929034559,6.217248937900877e-15,False
2022-05-16,0.1001048005468029,0.10010480054680783,4.926614671774132e-15,False
2022-05-17,0.1646622189093716,0.16466221890937954,7.93809462606987e-15,False
2022-05-18,0.394424701022257,0.39442470102227006,1.304512053934559e-14,False
2022-05-19,0.0,0.0,0.0,False
2022-05-20,0.004273084778951,0.004273084778951299,2.992397996059992e-16,False
2022-05-21,0.001002795134297,0.0010027951342970961,9.606031248221569e-17,False
2022-05-22,0.0089750164519585,0.00897501645195901,5.100087019371813e-16,False
2022-05-23,0.0092261550876847,0.00922615508768517,4.701100619897147e-16,False
2022-05-24,0.0210514456115735,0.02105144561157452,1.0200174038743626e-15,False
2022-05-25,0.0250783999189682,0.025078399918969436,1.2351231148954867e-15,False
2022-05-26,0.0090740756082174,0.00907407560821783,4.3021142204224816e-16,False
2022-05-27,0.0068918250311084,0.006891825031108755,3.5561831257524545e-16,False
2022-05-28,0.021929909679828,0.02192990967982902,1.0200174038743626e-15,False
2022-05-29,0.017876369190957,0.017876369190958037,1.0373646386341306e-15,False
2022-05-30,16.497747459987846,16.49774745998784,-7.105427357601002e-15,False
2022-05-31,10.043957943485989,10.043957943485868,-1.2079226507921703e-13,False
2022-06-01,1.9836471001070952,1.9836471001071216,2.6423307986078726e-14,False
2022-06-02,0.0417095410508193,0.04170954105081963,3.2612801348363973e-16,False
2022-06-03,0.4452379110095143,0.44523791100950955,-4.773959005888173e-15,False
2022-06-04,0.5073737374316629,0.507373737431686,2.3092638912203256e-14,False
2022-06-05,0.0368604003104576,0.0368604003104592,1.6028844918025698e-15,False
2022-06-06,0.0067870159057059,0.006787015905706206,3.0617869350990645e-16,False
2022-06-07,2.5775768182431134,2.57757681824311,-3.552713678800501e-15,False
2022-06-08,4.87443226292637,4.874432262926352,-1.7763568394002505e-14,False
2022-06-09,5.4385969722999485,5.438596972299954,5.329070518200751e-15,False
2022-06-10,9.116676525075434,9.116676525075494,6.039613253960852e-14,False
2022-06-11,0.3348640472274692,0.33486404722747226,3.0531133177191805e-15,False
2022-06-12,0.0683645252578973,0.06836452525789805,7.494005416219807e-16,False
2022-06-13,0.1335849617865674,0.13358496178656923,1.8318679906315083e-15,False
2022-06-14,0.0415639271648993,0.04156392716489986,5.551115123125783e-16,False
2022-06-15,0.0528502067685756,0.05285020676857536,-2.42861286636753e-16,False
2022-06-16,0.054674570048208,0.05467457004820886,8.604228440844963e-16,False
2022-06-17,0.021271126148184,0.021271126148184417,4.163336342344337e-16,False
2022-06-18,0.4721555876755692,0.47215558767558125,1.2045919817182948e-14,False
2022-06-19,0.0339546470341493,0.03395464703415069,1.3877787807814457e-15,False
2022-06-20,0.006308462922462,0.0063084629224621986,1.986258379993444e-16,False
2022-06-21,0.0030171149683441,0.0030171149683441817,8.153200337090993e-17,False
2022-06-22,0.0047514060821823,0.004751406082182462,1.6219664500383146e-16,False
2022-06-23,0.0010346553877038,0.0010346553877038714,7.134050294954619e-17,False
2022-06-24,0.0026132384633361,0.0026132384633361845,8.456776945386935e-17,False
2022-06-25,0.006723859027098,0.006723859027098451,4.510281037539698e-16,False
2022-06-26,0.3262769416352513,0.3262769416352637,1.2434497875801753e-14,False
2022-06-27,0.0096295223031819,0.009629522303182337,4.371503159461554e-16,False
2022-06-28,0.0010346553877038,0.0010346553877038714,7.134050294954619e-17,False
2022-06-29,0.068599770801155,0.06859977080115709,2.095545958979983e-15,False
2022-06-30,0.0084468052463561,0.00844680524635648,3.7990444123892075e-16,False
2022-07-01,0.0103625548755211,0.010362554875521658,5.585809592645319e-16,False
2022-07-02,0.0242323230506333,0.02423232305063444,1.141448047192739e-15,False
2022-07-03,0.0010388675864798,0.0010388675864799139,1.1384122811097797e-16,False
2022-07-04,0.0,0.0,0.0,False
2022-07-05,0.0924268167460141,0.0924268167460172,3.094746681142624e-15,False
2022-07-06,0.0244500710940956,0.024450071094096415,8.153200337090993e-16,False
2022-07-07,0.001911204400633,0.0019112044006330611,6.114900252818245e-17,False
2022-07-08,0.0030567800099972,0.003056780009997388,1.8821749714348357e-16,False
2022-07-09,0.308146300433784,0.3081463004337942,1.021405182655144e-14,False
2022-07-10,0.2461478186190985,0.2461478186191067,8.18789480661053e-15,False
2022-07-11,0.1813446491225404,0.18134464912254653,6.13398221105399e-15,False
2022-07-12,0.2142628237152474,0.21426282371525562,8.215650382226158e-15,False
2022-07-13,0.3370611923717515,0.33706119237176285,1.1379786002407855e-14,False
2022-07-14,0.1806120934416863,0.1806120934416928,6.494804694057166e-15,False
2022-07-15,0.1911829325049106,0.19118293250491708,6.467049118441537e-15,False
2022-07-16,0.2146982400801637,0.2146982400801709,7.216449660063518e-15,False
2022-07-17,0.2832412230818003,0.2832412230818097,9.43689570931383e-15,False
2022-07-18,0.24126098284118,0.241260982841188,7.993605777301127e-15,False
2022-07-19,0.3313251231912301,0.33132512319124113,1.1046719095020308e-14,False
2022-07-20,0.0598525455685519,0.05985254556855409,2.192690473634684e-15,False
2022-07-21,0.1562653739708254,0.15626537397083065,5.245803791353865e-15,False
2022-07-22,0.3570436528641328,0.35704365286414463,1.1823875212257917e-14,False
2022-07-23,0.6131495917491165,0.6131495917491369,2.0317081350640365e-14,False
2022-07-24,0.0556411311531023,0.05564113115310419,1.8943180357666733e-15,False
2022-07-25,0.0836968001007229,0.08369680010072574,2.831068712794149e-15,False
2022-07-26,0.1776879565656617,0.17768795656566763,5.9396931817445875e-15,False
2022-07-27,0.3429943834668138,0.34299438346682504,1.1213252548714081e-14,False
2022-07-28,0.3823843531096552,0.382384353109668,1.2823075934420558e-14,False
2022-07-29,7.335885289577804,7.335885289577733,-7.105427357601002e-14,False
2022-07-30,0.5811116663674534,0.5811116663674727,1.9317880628477724e-14,False
2022-07-31,0.0560359305101281,0.056035930510130054,1.9567680809018384e-15,False
2022-08-01,0.0277494565473277,0.027749456547328678,9.783840404509192e-16,False
2022-08-02,0.091592177148987,0.09159217714899011,3.1086244689504383e-15,False
2022-08-03,0.1438705637829408,0.1438705637829456,4.801714581503802e-15,False
2022-08-04,0.1433210240429591,0.14332102404296387,4.773959005888173e-15,False
2022-08-05,1.2466751799007068,1.2466751799007505,4.374278717023117e-14,False
2022-08-06,0.3337382875754487,0.33373828757546004,1.1324274851176597e-14,False
2022-08-07,0.7007676901072062,0.7007676901071946,-1.1546319456101628e-14,False
2022-08-08,10.611039959091825,10.611039959091805,-1.9539925233402755e-14,False
2022-08-09,1.3550030801547204,1.3550030801547386,1.8207657603852567e-14,False
2022-08-10,9.868994388473332,9.86899438847336,2.842170943040401e-14,False
2022-08-11,2.072682300888027,2.07268230088803,3.1086244689504383e-15,False
2022-08-12,2.3022801278343668,2.302280127834352,-1.4654943925052066e-14,False
2022-08-13,0.0425468023147801,0.0425468023147807,6.036837696399289e-16,False
2022-08-14,0.045881111282948,0.04588111128294862,6.175615574477433e-16,False
2022-08-15,0.0766514694622107,0.07665146946221081,1.1102230246251565e-16,False
2022-08-16,0.3450259300275519,0.34502593002755244,5.551115123125783e-16,False
2022-08-17,0.2590345769096341,0.259034576909637,2.886579864025407e-15,False
2022-08-18,0.0887967853571444,0.08879678535714756,3.164135620181696e-15,False
2022-08-19,2.1233076258296406,2.1233076258296855,4.4853010194856324e-14,False
2022-08-20,0.0283252138808253,0.028325213880826473,1.1726730697603216e-15,False
2022-08-21,0.0110106508796513,0.011010650879651836,5.360295540768334e-16,False
2022-08-22,0.0067344735096488,0.006734473509649032,2.3158558404290375e-16,False
2022-08-23,0.0032679749910206,0.00326797499102085,2.498001805406602e-16,False
2022-08-24,0.0246201742543498,0.024620174254343954,-5.84601811404184e-15,False
2022-08-25,0.0273606291220338,0.02736062912202804,-5.7592819402429996e-15,False
2022-08-26,0.0366186032770154,0.03661860327701722,1.817990202823694e-15,False
2022-08-27,0.0021927307351506,0.0021927307351507315,1.3140530330524314e-16,False
2022-08-28,0.1207171433311988,0.12071714333120458,5.773159728050814e-15,False
2022-08-29,1.1268242422288244,1.1268242422288552,3.086420008457935e-14,False
2022-08-30,0.3098329765293696,0.30983297652938263,1.304512053934559e-14,False
2022-08-31,0.0224392274196062,0.022439227419607136,9.367506770274758e-16,False
2022-09-01,0.0408157778608853,0.040815777860886776,1.4779844015322396e-15,False
2022-09-02,0.0151044846199167,0.015104484619917253,5.533767888366015e-16,False
2022-09-03,0.2105460729843284,0.21054607298433756,9.159339953157541e-15,False
2022-09-04,8.198070918958956,8.198070918958926,-3.019806626980426e-14,False
2022-09-05,0.0592602662947296,0.059260266294732,2.400857290751901e-15,False
2022-09-06,0.0377302599212351,0.03773025992123729,2.192690473634684e-15,False
2022-09-07,6.8034508830426645,6.803450883042663,-1.7763568394002505e-15,False
2022-09-08,0.3606331192095622,0.36063311920957714,1.4932499681208355e-14,False
2022-09-09,0.0635798895424925,0.06357988954249544,2.942091015256665e-15,False
2022-09-10,0.051677841543771,0.05167784154377339,2.3869795029440866e-15,False
2022-09-11,2.706660646656152,2.7066606466561343,-1.7763568394002505e-14,False
2022-09-12,1.0484794192881697,1.0484794192881972,2.7533531010703882e-14,False
2022-09-13,1.9764324183115771,1.9764324183116053,2.8199664825478976e-14,False
2022-09-14,5.306303660641604,5.306303660641753,1.4832579608992091e-13,False
2022-09-15,2.041089367945231,2.0410893679452413,1.021405182655144e-14,False
2022-09-16,0.4346979847900194,0.43469798479002353,4.107825191113079e-15,False
2022-09-17,0.6161509847581839,0.6161509847582002,1.63202784619898e-14,False
2022-09-18,0.1209417770619283,0.12094177706193407,5.773159728050814e-15,False
2022-09-19,0.4241387995106817,0.42413879951070255,2.0872192862952943e-14,False
2022-09-20,7.518805855842754,7.518805855842853,9.85878045867139e-14,False
2022-09-21,1.4802611265157872,1.4802611265158165,2.930988785010413e-14,False
2022-09-22,6.06725300729625,6.067253007296227,-2.3092638912203256e-14,False
2022-09-23,0.5691127662507252,0.5691127662507427,1.7541523789077473e-14,False
2022-09-24,0.3792510212425287,0.3792510212425457,1.7041923427996153e-14,False
2022-09-25,0.0038095307906569,0.003809530790657172,2.719179048593645e-16,False
2022-09-26,17.216357260844553,17.216357260844788,2.3447910280083306e-13,False
2022-09-27,42.0449945374742,42.044994537472846,-1.3571366253017914e-12,False
2022-09-28,24.27595184825145,24.275951848251704,2.5579538487363607e-13,False
2022-09-29,4.228856186046865,4.228856186046947,8.171241461241152e-14,False
2022-09-30,8.673982411855482,8.67398241185542,-6.217248937900877e-14,False
2022-10-01,3.062355660540764,3.062355660540794,2.9753977059954195e-14,False
2022-10-02,1.111217463274059,1.1112174632741079,4.884981308350689e-14,False
2022-10-03,1.0985938530008084,1.0985938530008585,5.0182080713057076e-14,False
2022-10-04,1.0555068331076085,1.0555068331076565,4.796163466380676e-14,False
2022-10-05,0.1883224210219791,0.1883224210219865,7.41073868937292e-15,False
2022-10-06,0.6601947918644893,0.6601947918645115,2.220446049250313e-14,False
2022-10-07,7.232082349378006,7.232082349378068,6.217248937900877e-14,False
2022-10-08,0.1755887488102058,0.17558874881021141,5.6066262743570405e-15,False
2022-10-09,14.22269521003604,14.222695210036035,-5.329070518200751e-15,False
2022-10-10,2.491270381968928,2.491270381968966,3.774758283725532e-14,False
2022-10-11,1.1233896729793678,1.1233896729793986,3.086420008457935e-14,False
2022-10-12,0.9662323325614984,0.9662323325615253,2.6867397195928788e-14,False
2022-10-13,0.3235127077602929,0.3235127077602574,-3.547162563677375e-14,False
2022-10-14,0.1843895123623293,0.18438951236233703,7.716050021144838e-15,False
2022-10-15,1.2489302484680214,1.2489302484680516,3.019806626980426e-14,False
2022-10-16,0.123518767139043,0.12351876713904954,6.536438057480609e-15,False
2022-10-17,1.0231704420209775,1.0231704420210348,5.728750807065808e-14,False
2022-10-18,2.633347187650388,2.6333471876504233,3.5083047578154947e-14,False
2022-10-19,0.894520498045324,0.8945204980453363,1.2323475573339238e-14,False
2022-10-20,0.3642894966634978,0.3642894966635201,2.2315482794965646e-14,False
2022-10-21,6.125404215783084,6.125404215783212,1.2789769243681803e-13,False
2022-10-22,0.0303685258257126,0.030368525825712714,1.1449174941446927e-16,False
2022-10-23,0.019251542904332,0.019251542904332224,2.220446049250313e-16,False
2022-10-24,0.0122104446415883,0.01221044464158855,2.498001805406602e-16,False
2022-10-25,0.0072377600685355,0.007237760068535711,2.1076890233118206e-16,False
2022-10-26,0.0019546141172011,0.001954614117201174,7.41594285980085e-17,False
2022-10-27,1.23714428801729,1.2371442880172865,-3.552713678800501e-15,False
2022-10-28,0.5414614975864301,0.5414614975864379,7.771561172376096e-15,False
2022-10-29,9.593990346700878,9.593990346700727,-1.509903313490213e-13,False
2022-10-30,3.266496920670988,3.266496920670978,-9.769962616701378e-15,False
2022-10-31,31.17944910201383,31.17944910201373,-9.947598300641403e-14,False
2022-11-01,1.9890376916509631,1.9890376916509862,2.3092638912203256e-14,False
2022-11-02,1.7250355355082123,1.72503553550826,4.773959005888173e-14,False
2022-11-03,3.302755919173943,3.3027559191739035,-3.952393967665557e-14,False
2022-11-04,0.1579557288505183,0.15795572885051798,-3.3306690738754696e-16,False
2022-11-05,0.3398977081191386,0.33989770811914377,5.162537064506978e-15,False
2022-11-06,0.0748241304265615,0.07482413042656143,-6.938893903907228e-17,False
2022-11-07,0.0901049481012837,0.09010494810128329,-4.0245584642661925e-16,False
2022-11-08,0.0692615982490372,0.06926159824903694,-2.636779683484747e-16,False
2022-11-09,0.0660821366943374,0.06608213669433743,2.7755575615628914e-17,False
2022-11-10,0.0363076982538766,0.03630769825387703,4.3021142204224816e-16,False
2022-11-11,14.322718516609486,14.322718516609578,9.237055564881302e-14,False
2022-11-12,1.5096302840674114,1.5096302840674443,3.2862601528904634e-14,False
2022-11-13,0.2715653913230504,0.27156539132306345,1.304512053934559e-14,False
2022-11-14,6.501907270908138,6.50190727090803,-1.0746958878371515e-13,False
2022-11-15,0.3609749712311786,0.3609749712311953,1.6708856520608606e-14,False
2022-11-16,0.347341979920192,0.3473419799202091,1.709743457922741e-14,False
2022-11-17,0.1543490922353776,0.15434909223538534,7.743805596760467e-15,False
2022-11-18,0.3408373719206134,0.34083737192062913,1.5709655798445965e-14,False
2022-11-19,0.0013620720330067,0.001362072033006786,8.608565249534905e-17,False
2022-11-20,7.3429361933832915,7.3429361933833075,1.5987211554602254e-14,False
2022-11-21,1.0742955178630167,1.0742955178630678,5.10702591327572e-14,False
2022-11-22,8.064552066749693,8.064552066749732,3.907985046680551e-14,False
2022-11-23,20.83946907875218,20.83946907875233,1.4921397450962104e-13,False
2022-11-24,8.606695384782533,8.606695384782057,-4.760636329592671e-13,False
2022-11-25,11.688827081810375,11.688827081810425,4.973799150320701e-14,False
2022-11-26,0.7229819036222619,0.7229819036222652,3.3306690738754696e-15,False
2022-11-27,0.6115536073165366,0.6115536073165514,1.4765966227514582e-14,False
2022-11-28,18.44201160052268,18.442011600522566,-1.1368683772161603e-13,False
2022-11-29,12.72186901529584,12.72186901529586,2.1316282072803006e-14,False
2022-11-30,8.123194176619343,8.1231941766192,-1.4210854715202004e-13,False
2022-12-01,3.5413856355452817,3.5413856355452085,-7.327471962526033e-14,False
2022-12-02,3.2378808471788245,3.2378808471789595,1.3500311979441904e-13,False
2022-12-03,11.938085765354382,11.93808576535463,2.4868995751603507e-13,False
2022-12-04,3.772520963070168,3.7725209630700753,-9.281464485866309e-14,False
2022-12-05,10.65803126891996,10.658031268920006,4.618527782440651e-14,False
2022-12-06,20.075680183954237,20.075680183954624,3.872457909892546e-13,False
2022-12-07,16.362471672493793,16.362471672494085,2.913225216616411e-13,False
2022-12-08,2.069428077869712,2.069428077869547,-1.6475709685437323e-13,False
2022-12-09,1.2321226872271889,1.2321226872271074,-8.149037000748649e-14,False
2022-12-10,0.743037933919035,0.7430379339189808,-5.4289905904170155e-14,False
2022-12-11,1.338350524556773,1.338350524556796,2.2870594307278225e-14,False
2022-12-12,6.4697287203483,6.469728720348369,6.927791673660977e-14,False
2022-12-13,17.5730351809748,17.57303518097508,2.8066438062523957e-13,False
2022-12-14,1.761689425827543,1.7616894258274745,-6.861178292183467e-14,False
2022-12-15,0.7662807245054124,0.7662807245053458,-6.661338147750939e-14,False
2022-12-16,3.0866076633191923,3.0866076633192754,8.304468224196171e-14,False
2022-12-17,0.3773036251332623,0.3773036251332501,-1.2212453270876722e-14,False
2022-12-18,0.070012800754163,0.07001280075416426,1.2628786905111156e-15,False
2022-12-19,1.3994114012777068,1.3994114012777097,2.886579864025407e-15,False
2022-12-20,2.6861597147705334,2.6861597147705845,5.10702591327572e-14,False
2022-12-21,2.065959254100713,2.065959254100705,-7.993605777301127e-15,False
2022-12-22,0.6429873650098213,0.6429873650098419,2.0539125955565396e-14,False
2022-12-23,0.0781436815382017,0.07814368153820585,4.1494585545365226e-15,False
2022-12-24,0.2077428643355853,0.2077428643355962,1.0880185641326534e-14,False
2022-12-25,1.1075042264521662,1.1075042264522013,3.5083047578154947e-14,False
2022-12-26,0.3299230638504727,0.3299230638504715,-1.2212453270876722e-15,False
2022-12-27,2.0679960568049034,2.0679960568049625,5.906386491005833e-14,False
2022-12-28,21.22623232838392,21.226232328383684,-2.3447910280083306e-13,False
2022-12-29,4.806065526000823,4.806065526000804,-1.865174681370263e-14,False
2022-12-30,5.284873867103323,5.284873867103217,-1.056932319443149e-13,False
2022-12-31,6.813457354317945,6.813457354318048,1.0302869668521453e-13,False
2023-01-01,1.2065258391728602,1.206525839172898,3.774758283725532e-14,False
2023-01-02,0.6609897417593679,0.6609897417593912,2.3314683517128287e-14,False
2023-01-03,2.7302616710757763,2.7302616710758523,7.593925488436071e-14,False
2023-01-04,21.85554326341116,21.855543263411267,1.0658141036401503e-13,False
2023-01-05,15.21805243530265,15.218052435302264,-3.8546943414985435e-13,False
2023-01-06,4.319437277549579,4.31943727754937,-2.0872192862952943e-13,False
2023-01-07,1.7677439275988285,1.7677439275988065,-2.19824158875781e-14,False
2023-01-08,0.6998432744858367,0.6998432744858376,8.881784197001252e-16,False
2023-01-09,0.2012002744168428,0.20120027441684316,3.608224830031759e-16,False
2023-01-10,9.886521424371873,9.886521424371729,-1.438849039914203e-13,False
2023-01-11,3.8525534182979504,3.8525534182977847,-1.6564527527407336e-13,False
2023-01-12,3.880351731031052,3.8803517310311157,6.394884621840902e-14,False
2023-01-13,3.7782036106543178,3.778203610654394,7.638334409421077e-14,False
2023-01-14,16.14738713075005,16.147387130749852,-1.9895196601282805e-13,False
2023-01-15,9.335842896949336,9.335842896949327,-8.881784197001252e-15,False
2023-01-16,12.276035375746591,12.276035375746499,-9.237055564881302e-14,False
2023-01-17,1.671495092101518,1.6714950921013418,-1.7608137170554983e-13,False
2023-01-18,0.3502454216764693,0.3502454216764774,8.049116928532385e-15,False
2023-01-19,0.311258021116975,0.3112580211169879,1.2934098236883074e-14,False
2023-01-20,4.2418897887564215,4.241889788756437,1.509903313490213e-14,False
2023-01-21,0.9666071319018216,0.9666071319017621,-5.950795411990839e-14,False
2023-01-22,0.2294700213155903,0.2294700213156023,1.199040866595169e-14,False
2023-01-23,5.541147768479296,5.54114776847918,-1.1546319456101628e-13,False
2023-01-24,2.274486596164784,2.274486596164776,-7.993605777301127e-15,False
2023-01-25,0.1411121805956549,0.1411121805956613,6.411537967210279e-15,False
2023-01-26,1.1808525732622632,1.180852573262285,2.1760371282653068e-14,False
2023-01-27,0.379609768573721,0.37960976857372636,5.384581669432009e-15,False
2023-01-28,10.228484730710012,10.228484730710207,1.9539925233402755e-13,False
2023-01-29,8.21201821902442,8.212018219024593,1.723066134218243e-13,False
2023-01-30,3.42018035762779,3.4201803576278547,6.483702463810914e-14,False
2023-01-31,7.172407116423226,7.172407116423341,1.1457501614131615e-13,False
2023-02-01,21.003150269827835,21.003150269828176,3.410605131648481e-13,False
2023-02-02,5.900086376261731,5.90008637626177,3.907985046680551e-14,False
2023-02-03,2.519148379658652,2.5191483796586707,1.865174681370263e-14,False
2023-02-04,5.224253449463778,5.224253449463855,7.638334409421077e-14,False
2023-02-05,2.620945138595687,2.620945138595711,2.4424906541753444e-14,False
2023-02-06,5.79924911574108,5.799249115741198,1.1723955140041653e-13,False
2023-02-07,40.10833809880219,40.10833809880313,9.379164112033322e-13,False
2023-02-08,1.5881491611817349,1.5881491611816192,-1.156852391659413e-13,False
2023-02-09,1.739083559586295,1.7390835595862217,-7.327471962526033e-14,False
2023-02-10,0.8777957925054526,0.8777957925054009,-5.1736392947532295e-14,False
2023-02-11,8.054027742671973,8.054027742672083,1.1013412404281553e-13,False
2023-02-12,18.13594489605889,18.135944896059492,6.004086117172847e-13,False
2023-02-13,7.677950865015503,7.677950865015715,2.1227464230832993e-13,False
2023-02-14,1.4890829380774502,1.4890829380774264,-2.375877272697835e-14,False
2023-02-15,5.018640960771237,5.01864096077134,1.0302869668521453e-13,False
2023-02-16,3.310999571348581,3.310999571348685,1.0391687510491465e-13,False
2023-02-17,20.15720036394692,20.157200363947247,3.268496584496461e-13,False
2023-02-18,25.92067778517637,25.920677785176935,5.648814749292796e-13,False
2023-02-19,20.99067388639122,20.99067388639168,4.583000645652646e-13,False
2023-02-20,13.967175662226206,13.967175662226394,1.8829382497642655e-13,False
2023-02-21,20.34466528785439,20.344665287854898,5.080380560684716e-13,False
2023-02-22,4.007561860996495,4.007561860996542,4.707345624410664e-14,False
2023-02-23,12.326589929550456,12.326589929551,5.435651928564766e-13,False
2023-02-24,1.0605382236782048,1.0605382236781946,-1.021405182655144e-14,False
2023-02-25,0.7466191806887278,0.7466191806887001,-2.7644553313166398e-14,False
2023-02-26,0.3567713071362287,0.35677130713615823,-7.044365091246618e-14,False
2023-02-27,0.6394726255017831,0.6394726255016904,-9.270362255620057e-14,False
2023-02-28,13.814825412058545,13.814825412058504,-4.085620730620576e-14,False
2023-03-01,0.4358061729955412,0.43580617299554875,7.549516567451064e-15,False
2023-03-02,0.3262655223730474,0.3262655223730546,7.216449660063518e-15,False
2023-03-03,9.365209068277634,9.365209068277485,-1.4921397450962104e-13,False
2023-03-04,0.6910807703956074,0.6910807703956013,-6.106226635438361e-15,False
2023-03-05,0.934459052974684,0.934459052974697,1.2989609388114332e-14,False
2023-03-06,9.922998333185872,9.922998333185832,-3.907985046680551e-14,False
2023-03-07,1.1279417133031495,1.12794171330316,1.0436096431476471e-14,False
2023-03-08,13.084838257948997,13.084838257949016,1.9539925233402755e-14,False
2023-03-09,12.417726537243546,12.417726537243471,-7.460698725481052e-14,False
2023-03-10,35.0981163341809,35.0981163341807,-1.9895196601282805e-13,False
2023-03-11,11.586128109926433,11.58612810992648,4.796163466380676e-14,False
2023-03-12,15.631631319989213,15.631631319989273,6.039613253960852e-14,False
2023-03-13,25.06607240655006,25.066072406549832,-2.2737367544323206e-13,False
2023-03-14,8.223150276471287,8.22315027647131,2.3092638912203256e-14,False
2023-03-15,1.3475927292422687,1.3475927292422678,-8.881784197001252e-16,False
2023-03-16,0.7524838356376392,0.7524838356376357,-3.552713678800501e-15,False
2023-03-17,0.351351169330949,0.3513511693309433,-5.717648576819556e-15,False
2023-03-18,0.1898153661166461,0.18981536611664399,-2.1094237467877974e-15,False
2023-03-19,0.6721267966230556,0.6721267966230617,6.106226635438361e-15,False
2023-03-20,1.5222590821776691,1.522259082177727,5.795364188543317e-14,False
2023-03-21,0.0610181079664329,0.061018107966433845,9.43689570931383e-16,False
2023-03-22,0.0188461393191852,0.018846139319185187,-1.3877787807814457e-17,False
2023-03-23,0.0213308636444367,0.021330863644436673,-2.7755575615628914e-17,False
2023-03-24,0.0629368134917328,0.06293681349173265,-1.5265566588595902e-16,False
2023-03-25,0.0054999480176357,0.005499948017635812,1.1188966420050406e-16,False
2023-03-26,0.0172491406019285,0.017249140601928878,3.7816971776294395e-16,False
2023-03-27,6.985339317249959,6.985339317249968,8.881784197001252e-15,False
2023-03-28,0.0216981167530055,0.021698116753005314,-1.8735013540549517e-16,False
2023-03-29,4.420592236230133,4.420592236230089,-4.440892098500626e-14,False
2023-03-30,0.1402869036300687,0.14028690363007026,1.5543122344752192e-15,False
2023-03-31,10.56309234279014,10.563092342790112,-2.842170943040401e-14,False
2023-04-01,0.4045852589340452,0.4045852589340468,1.609823385706477e-15,False
2023-04-02,0.1766376901831274,0.17663769018312758,1.942890293094024e-16,False
2023-04-03,0.0465032822660564,0.04650328226605635,-4.85722573273506e-17,False
2023-04-04,0.0319850762704796,0.0319850762704796,0.0,False
2023-04-05,0.2811747600887778,0.2811747600887912,1.3433698597964394e-14,False
2023-04-06,0.0362154742925269,0.03621547429252214,-4.760081218080359e-15,False
2023-04-07,4.884885283850768,4.884885283850866,9.769962616701378e-14,False
2023-04-08,0.7181483912078639,0.7181483912078905,2.6645352591003757e-14,False
2023-04-09,0.3964056412460391,0.39640564124602345,-1.5654144647214707e-14,False
2023-04-10,0.0317503001833134,0.03175030018331446,1.061650767297806e-15,False
2023-04-11,0.01159655605701,0.011596556057010519,5.186823193170653e-16,False
2023-04-12,2.317020166284125,2.3170201662840157,-1.092459456231154e-13,False
2023-04-13,3.673496580482568,3.6734965804825874,1.9539925233402755e-14,False
2023-04-14,9.253493083448731,9.253493083449003,2.717825964282383e-13,False
2023-04-15,2.163823826662,2.163823826662069,6.88338275267597e-14,False
2023-04-16,0.1807026713087576,0.1807026713087635,5.88418203051333e-15,False
2023-04-17,4.644708706011425,4.64470870601137,-5.5067062021407764e-14,False
2023-04-18,26.04836297922735,26.048362979227935,5.861977570020827e-13,False
2023-04-19,8.105752397227052,8.105752397227002,-4.973799150320701e-14,False
2023-04-20,0.2744397056393312,0.27443970563934617,1.4988010832439613e-14,False
2023-04-21,0.0380477134433024,0.038047713443303495,1.096345236817342e-15,False
2023-04-22,0.0444028852843721,0.044402885284373375,1.27675647831893e-15,False
2023-04-23,0.028044963441226,0.028044963441226572,5.724587470723463e-16,False
2023-04-24,0.0202030662682677,0.020203066268268125,4.2674197509029455e-16,False
2023-04-25,0.0154700221481727,0.015470022148173074,3.7470027081099033e-16,False
2023-04-26,0.2503221279302291,0.25032212793022957,4.440892098500626e-16,False
2023-04-27,1.2021379174743796,1.202137917474368,-1.1546319456101628e-14,False
2023-04-28,2.6748856171814044,2.6748856171813964,-7.993605777301127e-15,False
2023-04-29,0.340217400453273,0.3402174004532806,7.605027718682322e-15,False
2023-04-30,0.0,0.0,0.0,False
2023-05-01,0.0302990651667654,0.030299065166765417,1.734723475976807e-17,False
2023-05-02,1.8261041879996776,1.826104187999618,-5.950795411990839e-14,False
2023-05-03,0.1126925943263086,0.11269259432631454,5.9396931817445875e-15,False
2023-05-04,0.0535633680605463,0.053563368060549114,2.8171909249863347e-15,False
2023-05-05,0.0193971094417228,0.01939710944172408,1.2802259252708836e-15,False
2023-05-06,0.0161922782056126,0.016192278205613576,9.749145934989656e-16,False
2023-05-07,0.0153677577848963,0.01536775778489711,8.101158632811689e-16,False
2023-05-08,0.0174430576193272,0.017443057619328024,8.257283745649602e-16,False
2023-05-09,0.0762083704285919,0.0762083704285956,3.70536934468646e-15,False
2023-05-10,7.610870038282448,7.610870038282607,1.5898393712632242e-13,False
2023-05-11,0.4031941757865298,0.4031941757865449,1.509903313490213e-14,False
2023-05-12,0.0228551923589642,0.02285519235896563,1.4328815911568427e-15,False
2023-05-13,0.1995383078473088,0.19953830784730983,1.0269562977782698e-15,False
2023-05-14,0.0,0.0,0.0,False
2023-05-15,0.0106591854236582,0.01065918542365871,5.100087019371813e-16,False
2023-05-16,0.0,0.0,0.0,False
2023-05-17,0.0029711716818549,0.002971171681855031,1.3097162243624894e-16,False
2023-05-18,0.0188875919794675,0.018887591979468096,5.967448757360216e-16,False
2023-05-19,0.0,0.0,0.0,False
2023-05-20,0.0059308279200101,0.005930827920010332,2.3245294578089215e-16,False
2023-05-21,0.0059308279200101,0.005930827920010332,2.3245294578089215e-16,False
2023-05-22,0.002965413960005,0.002965413960005166,1.6609977282477928e-16,False
2023-05-23,0.0278730451931838,0.02787304519318588,2.078198724220215e-15,False
2023-05-24,0.0106097124374472,0.010609712437447724,5.238864897449957e-16,False
2023-05-25,0.007900268160479,0.00790026816047941,4.0939474033052647e-16,False
2023-05-26,0.0,0.0,0.0,False
2023-05-27,0.0019468983068453,0.0019468983068454734,1.734723475976807e-16,False
2023-05-28,4.577680220746059,4.57768022074603,-2.842170943040401e-14,False
2023-05-29,0.6442654045920966,0.644265404592107,1.0436096431476471e-14,False
2023-05-30,0.1089652785816001,0.10896527858160761,7.507883204027621e-15,False
2023-05-31,24.119082280710437,24.119082280711023,5.861977570020827e-13,False
2023-06-01,1.0859967217612032,1.0859967217612172,1.3988810110276972e-14,False
2023-06-02,0.038690863955182,0.03869086395518314,1.1379786002407855e-15,False
2023-06-03,0.2304324572951691,0.2304324572951807,1.1601830607332886e-14,False
2023-06-04,0.0569427079787943,0.056942707978796844,2.546574062733953e-15,False
2023-06-05,0.0570538923278295,0.05705389232783285,3.3514857555871913e-15,False
2023-06-06,0.0225994186906395,0.02259941869064021,7.112366251504909e-16,False
2023-06-07,0.0413829927048171,0.041382992704818995,1.8943180357666733e-15,False
2023-06-08,0.045715409224236,0.045715409224238834,2.831068712794149e-15,False
2023-06-09,0.0814394833188635,0.08143948331886758,4.08006961549745e-15,False
2023-06-10,0.0468767705120887,0.04687677051209112,2.4147350785597155e-15,False
2023-06-11,0.0708639460711059,0.07086394607110998,4.08006961549745e-15,False
2023-06-12,0.1527994151308123,0.15279941513082437,1.2073675392798577e-14,False
2023-06-13,0.189283342228625,0.1892833422286347,9.686695889854491e-15,False
2023-06-14,10.729829354795251,10.729829354795218,-3.375077994860476e-14,False
2023-06-15,7.551455484975879,7.551455484976012,1.3322676295501878e-13,False
2023-06-16,0.4645000029082305,0.4645000029082368,6.2727600891321345e-15,False
2023-06-17,0.1265963778589938,0.12659637785899674,2.942091015256665e-15,False
2023-06-18,0.0740092796029381,0.07400927960294085,2.7478019859472624e-15,False
2023-06-19,0.0678724076877941,0.06787240768779743,3.3306690738754696e-15,False
2023-06-20,0.0861183323799196,0.08611833237992408,4.4825254619240695e-15,False
2023-06-21,0.0502913823041779,0.0502913823041805,2.6020852139652106e-15,False
2023-06-22,0.0,0.0,0.0,False
2023-06-23,0.0019889042911825,0.001988904291182689,1.8908485888147197e-16,False
2023-06-24,0.0039953369826384,0.003995336982638784,3.8424124992886277e-16,False
2023-06-25,0.170530903749356,0.17053090374937022,1.4210854715202004e-14,False
2023-06-26,0.1173862764926527,0.11738627649266248,9.783840404509192e-15,False
2023-06-27,0.0040351237656667,0.004035123765667121,4.206704429243757e-16,False
2023-06-28,0.0,0.0,0.0,False
2023-06-29,0.1457782431936407,0.14577824319364904,8.354428260304303e-15,False
2023-06-30,3.2206738167635907,3.220673816763543,-4.75175454539567e-14,False
2023-07-01,0.0,0.0,0.0,False
2023-07-02,0.0,0.0,0.0,False
2023-07-03,0.0510686592968397,0.051068659296842775,3.073929999430902e-15,False
2023-07-04,0.0022828590001189,0.0022828590001191225,2.224782857940255e-16,False
2023-07-05,0.0022675325759942,0.0022675325759944267,2.2681509448396753e-16,False
2023-07-06,0.0,0.0,0.0,False
2023-07-07,0.0733689914152337,0.07336899141523985,6.147859998861804e-15,False
2023-07-08,0.010554443878173,0.010554443878173458,4.579669976578771e-16,False
2023-07-09,3.546103468597783,3.5461034685978743,9.14823772291129e-14,False
2023-07-10,1.0161408065188722,1.016140806518889,1.687538997430238e-14,False
2023-07-11,0.0154177162525603,0.015417716252561128,8.27463098040937e-16,False
2023-07-12,0.0109328822914384,0.010932882291439032,6.314393452555578e-16,False
2023-07-13,0.2867554788038566,0.28675547880386604,9.43689570931383e-15,False
2023-07-14,0.0111430294745793,0.011143029474579862,5.620504062164855e-16,False
2023-07-15,0.0111996558734014,0.011199655873401994,5.950101522600448e-16,False
2023-07-16,0.0072242602451347,0.007224260245135208,5.082739784612045e-16,False
2023-07-17,0.1573723289762489,0.15737232897626027,1.1379786002407855e-14,False
2023-07-18,0.0216766397812022,0.021676639781203703,1.502270530195915e-15,False
2023-07-19,0.2050329787874189,0.2050329787874284,9.492406860545088e-15,False
2023-07-20,0.012482033252399,0.012482033252399667,6.678685382510707e-16,False
2023-07-21,0.0040693015237177,0.0040693015237180915,3.9118014383277e-16,False
2023-07-22,0.0040693015237177,0.0040693015237180915,3.9118014383277e-16,False
2023-07-23,0.0020460843341476,0.002046084334147863,2.632442874794805e-16,False
2023-07-24,0.8904505345537354,0.8904505345538103,7.494005416219807e-14,False
2023-07-25,0.0118684237642986,0.011868423764299045,4.458239333260394e-16,False
2023-07-26,0.0041391212630421,0.004139121263042475,3.7470027081099033e-16,False
2023-07-27,0.0487909788122735,0.04879097881227757,4.073130721593543e-15,False
2023-07-28,1.706080138878027,1.7060801388779547,-7.216449660063518e-14,False
2023-07-29,0.2099779061064997,0.20997790610650197,2.275957200481571e-15,False
2023-07-30,0.0083672875331565,0.008367287533157075,5.759281940243e-16,False
2023-07-31,0.0080898800536949,0.00808988005369548,5.793976409762536e-16,False
2023-08-01,0.0051848638806397,0.005184863880640014,3.139849491518021e-16,False
2023-08-02,0.0851727677950536,0.08517276779506021,6.6058269965196814e-15,False
2023-08-03,0.1288596856875887,0.12885968568759942,1.071365218763276e-14,False
2023-08-04,0.1469378224120476,0.14693782241205955,1.1962653090336062e-14,False
2023-08-05,0.189609388191459,0.18960938819147383,1.482147737874584e-14,False
2023-08-06,0.2250375269880774,0.22503752698809595,1.8540724511240114e-14,False
2023-08-07,0.0118606683757345,0.01186066837573517,6.696032617270475e-16,False
2023-08-08,0.1742647184492839,0.17426471844928876,4.85722573273506e-15,False
2023-08-09,8.243871351800948,8.243871351800628,-3.197442310920451e-13,False
2023-08-10,0.6962171879142621,0.6962171879142685,6.328271240363392e-15,False
2023-08-11,1.3835732007467032,1.383573200746715,1.176836406102666e-14,False
2023-08-12,0.864878270366932,0.8648782703669355,3.552713678800501e-15,False
2023-08-13,0.1318504322020298,0.13185043220203554,5.745404152435185e-15,False
2023-08-14,0.0107941318427133,0.010794131842713928,6.279698983036042e-16,False
2023-08-15,0.0028271456445144,0.002827145644514705,3.0531133177191805e-16,False
2023-08-16,0.0012833517945299,0.0012833517945300093,1.0928757898653885e-16,False
2023-08-17,0.0,0.0,0.0,False
2023-08-18,0.0019895061578601,0.001989506157860333,2.3332030751888055e-16,False
2023-08-19,0.0019800945893791,0.001980094589379239,1.3877787807814457e-16,False
2023-08-20,0.0,0.0,0.0,False
2023-08-21,0.0020225205867946,0.002022520586794774,1.739060284666749e-16,False
2023-08-22,0.0020304679738425,0.002030467973842738,2.3809079707781677e-16,False
2023-08-23,0.0020091761809009,0.0020091761809011336,2.3375398838787476e-16,False
2023-08-24,2.8041561189959525,2.804156118995887,-6.572520305780927e-14,False
2023-08-25,3.4102281400390746,3.410228140039102,2.7533531010703882e-14,False
2023-08-26,7.966149978490502,7.966149978490432,-6.927791673660977e-14,False
2023-08-27,4.7566684441401845,4.75666844414022,3.552713678800501e-14,False
2023-08-28,0.8872196927820067,0.8872196927819664,-4.030109579389318e-14,False
2023-08-29,0.0841895748973406,0.08418957489734212,1.5265566588595902e-15,False
2023-08-30,0.0259861552259906,0.025986155225991507,9.055256544598933e-16,False
2023-08-31,0.0617624474195055,0.06176244741950685,1.3530843112619095e-15,False
2023-09-01,0.0296536793779544,0.02965367937795654,2.14064876935538e-15,False
2023-09-02,8.35441783069476,8.354417830694985,2.2382096176443156e-13,False
2023-09-03,14.386657472363662,14.386657472363858,1.9539925233402755e-13,False
2023-09-04,0.5192752741833775,0.5192752741833163,-6.117328865684613e-14,False
2023-09-05,0.4548329328167583,0.45483293281673665,-2.1649348980190553e-14,False
2023-09-06,0.2201454609911781,0.2201454609911553,-2.2787327580431338e-14,False
2023-09-07,0.103874161877866,0.10387416187785987,-6.1201044232461754e-15,False
2023-09-08,0.0885782763208681,0.0885782763208746,6.50868248186498e-15,False
2023-09-09,0.0074134350846725,0.007413435084672775,2.749536709423239e-16,False
2023-09-10,0.0,0.0,0.0,False
2023-09-11,0.0039729245394845,0.00397292453948479,2.905661822261152e-16,False
2023-09-12,0.0163038495625973,0.016303849562598206,9.055256544598933e-16,False
2023-09-13,0.0034927724745678,0.0034927724745681308,3.3089850304257595e-16,False
2023-09-14,12.675404794689658,12.67540479469002,3.623767952376511e-13,False
2023-09-15,0.940632382963357,0.9406323829633468,-1.021405182655144e-14,False
2023-09-16,0.3253707483229279,0.32537074832290863,-1.9262369477246466e-14,False
2023-09-17,0.0716472343713233,0.07164723437130682,-1.647293412787576e-14,False
2023-09-18,0.4508756444088816,0.4508756444088897,8.104628079763643e-15,False
2023-09-19,0.1411881353225737,0.1411881353225735,-2.220446049250313e-16,False
2023-09-20,0.0118776509275271,0.011877650927527772,6.713379852030243e-16,False
2023-09-21,0.0088000603120218,0.008800060312022292,4.926614671774132e-16,False
2023-09-22,0.2074677675262381,0.2074677675262467,8.604228440844963e-15,False
2023-09-23,0.0129114077762177,0.01291140777621841,7.112366251504909e-16,False
2023-09-24,0.0040367600048293,0.004036760004829525,2.255140518769849e-16,False
2023-09-25,0.0040367600048293,0.004036760004829525,2.255140518769849e-16,False
2023-09-26,0.0136597226129811,0.013659722612981918,8.170547571850761e-16,False
2023-09-27,12.230850307728636,12.230850307728902,2.6645352591003757e-13,False
2023-09-28,3.355310557286153,3.3553105572862205,6.750155989720952e-14,False
2023-09-29,0.2094738717409974,0.2094738717409985,1.0824674490095276e-15,False
2023-09-30,0.3000980819823202,0.3000980819823057,-1.4488410471358293e-14,False
2023-10-01,39.2286950560801,39.228695056081214,1.1155520951433573e-12,False
2023-10-02,2.6250038041935664,2.625003804193584,1.7763568394002505e-14,False
2023-10-03,0.6757395162951643,0.6757395162950911,-7.316369732279782e-14,False
2023-10-04,7.138569197143552,7.138569197143376,-1.758593271006248e-13,False
2023-10-05,18.849773380659787,18.849773380660224,4.369837824924616e-13,False
2023-10-06,1.6846147573157733,1.6846147573156818,-9.14823772291129e-14,False
2023-10-07,11.85045932445924,11.850459324459361,1.2079226507921703e-13,False
2023-10-08,20.618019824408535,20.61801982440908,5.471179065352771e-13,False
2023-10-09,23.235273513121594,23.235273513121978,3.836930773104541e-13,False
2023-10-10,1.4518923715645375,1.4518923715643959,-1.4166445794216997e-13,False
2023-10-11,1.3063601950350865,1.3063601950349935,-9.303668946358812e-14,False
2023-10-12,12.417991886608196,12.417991886608448,2.5224267119483557e-13,False
2023-10-13,2.4894346339975457,2.489434633997612,6.616929226765933e-14,False
2023-10-14,0.4250516914860949,0.4250516914860746,-2.0317081350640365e-14,False
2023-10-15,0.3092099847642574,0.30920998476423833,-1.9040324872321435e-14,False
2023-10-16,0.6617374405200119,0.6617374405200095,-2.4424906541753444e-15,False
2023-10-17,17.7373528493654,17.73735284936585,4.476419235288631e-13,False
2023-10-18,1.3910960017580671,1.3910960017580838,1.6653345369377348e-14,False
2023-10-19,0.6274205778909704,0.6274205778909558,-1.454392162258955e-14,False
2023-10-20,0.3852818467148893,0.38528184671486454,-2.475797344914099e-14,False
2023-10-21,0.3022935811020922,0.3022935811020636,-2.858824288409778e-14,False
2023-10-22,0.4720938409168399,0.47209384091682466,-1.5265566588595902e-14,False
2023-10-23,0.2392522604827696,0.23925226048272535,-4.424238753131249e-14,False
2023-10-24,0.2444068209276626,0.24440682092764673,-1.587618925213974e-14,False
2023-10-25,0.4867613347237087,0.4867613347237003,-8.382183835919932e-15,False
2023-10-26,1.5704311968910205,1.5704311968910496,2.90878432451791e-14,False
2023-10-27,5.933411670319847,5.933411670320051,2.0339285811132868e-13,False
2023-10-28,1.8309470968691235,1.830947096869141,1.7541523789077473e-14,False
2023-10-29,18.015381479285885,18.015381479286326,4.405364961712621e-13,False
2023-10-30,2.3864850716194903,2.3864850716195547,6.439293542825908e-14,False
2023-10-31,6.992436064671899,6.992436064672115,2.1671553440683056e-13,False
2023-11-01,0.8251846642738699,0.8251846642738808,1.0880185641326534e-14,False
2023-11-02,0.3295589124504688,0.32955891245045077,-1.8041124150158794e-14,False
2023-11-03,7.153471173004768,7.153471173004941,1.723066134218243e-13,False
2023-11-04,3.227029396842152,3.227029396842273,1.212363542890671e-13,False
2023-11-05,0.1722699401236772,0.17226994012365612,-2.1066481892262345e-14,False
2023-11-06,0.1350484176485639,0.13504841764854822,-1.5681900222830336e-14,False
2023-11-07,0.1442886366868151,0.14428863668680947,-5.6343818499726694e-15,False
2023-11-08,0.1616346086877758,0.161634608687784,8.215650382226158e-15,False
2023-11-09,0.1349483309491504,0.1349483309491563,5.88418203051333e-15,False
2023-11-10,0.1109083762565145,0.11090837625652045,5.953570969552402e-15,False
2023-11-11,0.0663703627350193,0.06637036273502295,3.649858193455202e-15,False
2023-11-12,0.103268632653243,0.10326863265324855,5.551115123125783e-15,False
2023-11-13,0.1137446971799592,0.11374469717996533,6.1201044232461754e-15,False
2023-11-14,0.2567459601225693,0.25674596012257983,1.0547118733938987e-14,False
2023-11-15,14.487130478384046,14.487130478384106,6.039613253960852e-14,False
2023-11-16,17.715438097796298,17.715438097796437,1.3855583347321954e-13,False
2023-11-17,0.3540136763868442,0.35401367638685394,9.71445146547012e-15,False
2023-11-18,0.5469718816451258,0.5469718816451236,-2.220446049250313e-15,False
2023-11-19,24.364193361560385,24.364193361560265,-1.2079226507921703e-13,False
2023-11-20,1.3347737348947448,1.33477373489478,3.5083047578154947e-14,False
2023-11-21,0.4324313744601618,0.43243137446017166,9.880984919163893e-15,False
2023-11-22,0.6149398600915608,0.6149398600915673,6.5503158452884236e-15,False
2023-11-23,6.819708269794856,6.819708269794899,4.263256414560601e-14,False
2023-11-24,1.5336387786058732,1.5336387786058738,6.661338147750939e-16,False
2023-11-25,4.385328012101178,4.385328012101166,-1.2434497875801753e-14,False
2023-11-26,0.305634597202458,0.3056345972024637,5.717648576819556e-15,False
2023-11-27,8.57783102645071,8.577831026450657,-5.3290705182007514e-14,False
2023-11-28,6.198536873684931,6.1985368736849225,-8.881784197001252e-15,False
2023-11-29,20.4188742254468,20.418874225446704,-9.592326932761353e-14,False
2023-11-30,1.7598111073836322,1.7598111073836646,3.241851231905457e-14,False
2023-12-01,0.7590045419452636,0.7590045419452845,2.098321516541546e-14,False
2023-12-02,0.2166349397075106,0.21663493970751266,2.0539125955565396e-15,False
2023-12-03,0.1296831241228596,0.12968312412286123,1.6375789613221059e-15,False
2023-12-04,0.4564124704596061,0.4564124704596063,2.220446049250313e-16,False
2023-12-05,1.3427605491917578,1.3427605491917447,-1.3100631690576847e-14,False
2023-12-06,0.1130503271369899,0.11305032713699063,7.355227538141662e-16,False
2023-12-07,0.7164037819888551,0.7164037819888712,1.609823385706477e-14,False
2023-12-08,4.242058516208278,4.242058516208243,-3.4638958368304884e-14,False
2023-12-09,0.098214791275166,0.09821479127516841,2.4147350785597155e-15,False
2023-12-10,3.7402238850415417,3.740223885041461,-8.08242361927114e-14,False
2023-12-11,19.849945626979267,19.84994562697927,3.552713678800501e-15,False
2023-12-12,0.457174305365493,0.457174305365502,9.048317650695026e-15,False
2023-12-13,0.1390900355415077,0.13909003554151272,5.023759186428833e-15,False
2023-12-14,0.0637576139094116,0.06375761390941241,8.049116928532385e-16,False
2023-12-15,0.1700010743289473,0.1700010743289512,3.913536161803677e-15,False
2023-12-16,1.4662538153196811,1.4662538153196945,1.3322676295501878e-14,False
2023-12-17,2.451550756017159,2.451550756017215,5.595524044110789e-14,False
2023-12-18,0.1356930423170531,0.1356930423170564,3.3029134982598407e-15,False
2023-12-19,0.0575436821384705,0.05754368213847174,1.2420620087993939e-15,False
2023-12-20,0.0308166724960093,0.030816672496009914,6.140921104957897e-16,False
2023-12-21,0.1629328868830844,0.16293288688308719,2.7755575615628914e-15,False
2023-12-22,4.813138055934566,4.813138055934523,-4.263256414560601e-14,False
2023-12-23,27.53469052709766,27.534690527097293,-3.659295089164516e-13,False
2023-12-24,7.548166299154653,7.548166299154605,-4.796163466380676e-14,False
2023-12-25,0.2119307146883001,0.21193071468830396,3.858025010572419e-15,False
2023-12-26,0.2988589298606348,0.29885892986063506,2.7755575615628914e-16,False
2023-12-27,0.0118730258498692,0.011873025849869335,1.3530843112619095e-16,False
2023-12-28,0.0776634446301305,0.07766344463013197,1.4710455076283324e-15,False
2023-12-29,0.0077971364437103,0.007797136443710375,7.546047120499111e-17,False
2023-12-30,3.967561933432167,3.967561933432181,1.4210854715202004e-14,False
2023-12-31,0.2364443478153708,0.23644434781537016,-6.38378239159465e-16,False
2024-01-01,0.0104926791628187,0.010492679162818867,1.6653345369377348e-16,False
2024-01-02,0.0917891765922198,0.0917891765922208,9.992007221626409e-16,False
2024-01-03,2.8170414267402144,2.817041426740221,6.661338147750939e-15,False
2024-01-04,7.292854400097029,7.2928544000969655,-6.306066779870889e-14,False
2024-01-05,3.4033451839783395,3.403345183978345,5.329070518200751e-15,False
2024-01-06,0.0342325394892822,0.03423253948928311,9.159339953157541e-16,False
2024-01-07,0.0640772027237263,0.0640772027237276,1.304512053934559e-15,False
2024-01-08,13.867783506808909,13.867783506808715,-1.936228954946273e-13,False
2024-01-09,17.94471410971224,17.94471410971184,-4.014566457044566e-13,False
2024-01-10,13.276723403286343,13.276723403286248,-9.592326932761353e-14,False
2024-01-11,24.33446291071608,24.33446291071571,-3.694822225952521e-13,False
2024-01-12,20.848922119077912,20.848922119077727,-1.8474111129762605e-13,False
2024-01-13,31.018900032614265,31.018900032614372,1.0658141036401503e-13,False
2024-01-14,4.235481182723601,4.235481182723621,2.042810365310288e-14,False
2024-01-15,1.0383085132842196,1.0383085132842393,1.9761969838327786e-14,False
2024-01-16,0.6113365481654358,0.6113365481654432,7.438494264988549e-15,False
2024-01-17,3.785811666573078,3.785811666573069,-8.881784197001252e-15,False
2024-01-18,3.733607447750893,3.7336074477508734,-1.9539925233402755e-14,False
2024-01-19,10.780319557325894,10.780319557325875,-1.9539925233402755e-14,False
2024-01-20,11.188908069031374,11.188908069031337,-3.730349362740526e-14,False
2024-01-21,16.05191359674397,16.051913596743894,-7.460698725481052e-14,False
2024-01-22,3.1233671131239307,3.1233671131239644,3.375077994860476e-14,False
2024-01-23,19.382271274815725,19.382271274815583,-1.4210854715202004e-13,False
2024-01-24,1.823445187259059,1.8234451872590804,2.1538326677728037e-14,False
2024-01-25,1.1307575453200704,1.1307575453200753,4.884981308350689e-15,False
2024-01-26,1.1963291983324176,1.1963291983324158,-1.7763568394002505e-15,False
2024-01-27,5.353418697116488,5.353418697116468,-1.9539925233402755e-14,False
2024-01-28,6.843378454822608,6.843378454822653,4.440892098500626e-14,False
2024-01-29,0.718438680827358,0.7184386808273723,1.432187701766452e-14,False
2024-01-30,0.3385606996068484,0.3385606996068581,9.658940314238862e-15,False
2024-01-31,8.498358170880705,8.498358170880635,-6.927791673660977e-14,False
2024-02-01,6.341786721816513,6.3417867218164545,-5.861977570020827e-14,False
2024-02-02,5.828976413773232,5.828976413773231,-8.881784197001252e-16,False
2024-02-03,0.6053870285860923,0.6053870285860972,4.884981308350689e-15,False
2024-02-04,4.500051334746141,4.5000513347461855,4.440892098500626e-14,False
2024-02-05,1.1483288520985817,1.148328852098601,1.9317880628477724e-14,False
2024-02-06,0.1690686543660246,0.16906865436603,5.384581669432009e-15,False
2024-02-07,0.1484611759964937,0.14846117599649664,2.942091015256665e-15,False
2024-02-08,0.059707999192694,0.05970799919269541,1.4155343563970746e-15,False
2024-02-09,0.0390781234795288,0.039078123479529846,1.0477729794899915e-15,False
2024-02-10,0.0330905827824015,0.03309058278240256,1.061650767297806e-15,False
2024-02-11,0.0232417564200074,0.023241756420007968,5.689893001203927e-16,False
2024-02-12,0.584873828357539,0.5848738283575606,2.1649348980190553e-14,False
2024-02-13,0.2938454337138618,0.2938454337138646,2.831068712794149e-15,False
2024-02-14,49.302012659847485,49.30201265984723,-2.5579538487363607e-13,False
2024-02-15,8.237362945282321,8.237362945282344,2.3092638912203256e-14,False
2024-02-16,1.397225407586918,1.3972254075869515,3.352873534367973e-14,False
2024-02-17,0.1666093671014038,0.16660936710140598,2.1649348980190553e-15,False
2024-02-18,31.066103839590937,31.066103839590657,-2.8066438062523957e-13,False
2024-02-19,5.228043414835228,5.228043414835193,-3.4638958368304884e-14,False
2024-02-20,10.622362217714134,10.622362217714091,-4.263256414560601e-14,False
2024-02-21,16.338046833407127,16.338046833407173,4.618527782440651e-14,False
2024-02-22,6.190161567106206,6.19016156710616,-4.618527782440651e-14,False
2024-02-23,8.406535679625252,8.406535679625236,-1.5987211554602254e-14,False
2024-02-24,10.829039832972484,10.829039832972459,-2.4868995751603507e-14,False
2024-02-25,0.9094940321377036,0.9094940321377164,1.27675647831893e-14,False
2024-02-26,0.5878798414544689,0.5878798414544748,5.88418203051333e-15,False
2024-02-27,0.1140369405581399,0.11403694055814075,8.465450562766819e-16,False
2024-02-28,12.404520670511944,12.404520670511905,-3.907985046680551e-14,False
2024-02-29,1.0326018155192802,1.0326018155192946,1.4432899320127035e-14,False
2024-03-01,0.6874160489078519,0.6874160489078583,6.439293542825908e-15,False
2024-03-02,0.0717285643958209,0.07172856439582162,7.216449660063518e-16,False
2024-03-03,0.0793959526321231,0.07939595263212416,1.0685896612017132e-15,False
2024-03-04,0.0331497975580709,0.033149797558071493,5.967448757360216e-16,False
2024-03-05,26.785560326942903,26.7855603269424,-5.044853423896711e-13,False
2024-03-06,15.104171520184872,15.104171520184698,-1.7408297026122455e-13,False
2024-03-07,3.481038459515491,3.481038459515443,-4.796163466380676e-14,False
2024-03-08,14.731403241337585,14.731403241337494,-9.059419880941277e-14,False
2024-03-09,7.114923236826262,7.114923236826243,-1.865174681370263e-14,False
2024-03-10,4.780230857834815,4.7802308578348,-1.509903313490213e-14,False
2024-03-11,1.1761162008705222,1.176116200870516,-6.217248937900877e-15,False
2024-03-12,0.1935759200621154,0.19357592006212024,4.829470157119431e-15,False
2024-03-13,0.1465209128734903,0.14652091287349397,3.6637359812630166e-15,False
2024-03-14,0.920473993141766,0.920473993141717,-4.907185768843192e-14,False
2024-03-15,0.0475466084895947,0.047546608489595736,1.033895191682177e-15,False
2024-03-16,0.0603405820741131,0.06034058207411458,1.4779844015322396e-15,False
2024-03-17,1.2295754841267872,1.2295754841267879,6.661338147750939e-16,False
2024-03-18,5.653235510224233,5.653235510224253,1.9539925233402755e-14,False
2024-03-19,5.123376824816548,5.12337682481653,-1.7763568394002505e-14,False
2024-03-20,1.1108076068366708,1.1108076068366706,-2.220446049250313e-16,False
2024-03-21,0.801480169741144,0.8014801697411548,1.0769163338864018e-14,False
2024-03-22,9.17210471306691,9.172104713066872,-3.730349362740526e-14,False
2024-03-23,10.00694661182028,10.006946611820178,-1.0302869668521453e-13,False
2024-03-24,16.545778090021958,16.54577809002187,-8.881784197001252e-14,False
2024-03-25,0.525683685130693,0.5256836851306963,3.3306690738754696e-15,False
2024-03-26,0.0131838948608756,0.01318389486087596,3.608224830031759e-16,False
2024-03-27,0.5225808426304915,0.5225808426304897,-1.887379141862766e-15,False
2024-03-28,9.55643926835674,9.556439268356701,-3.907985046680551e-14,False
2024-03-29,0.3556239585859729,0.35562395858597395,1.0547118733938987e-15,False
2024-03-30,0.024763655927445,0.024763655927445262,2.636779683484747e-16,False
2024-03-31,0.0150105884944267,0.015010588494426933,2.3418766925686896e-16,False
2024-04-01,0.022436885330699,0.02243688533069938,3.8163916471489756e-16,False
2024-04-02,0.0851734476943394,0.08517344769433957,1.6653345369377348e-16,False
2024-04-03,0.0454260957195157,0.04542609571951618,4.85722573273506e-16,False
2024-04-04,0.0489181264250698,0.048918126425070776,9.783840404509192e-16,False
2024-04-05,0.0612269023651596,0.06122690236515511,-4.489464355827977e-15,False
2024-04-06,0.4151397814598603,0.4151397814598835,2.3203661214665772e-14,False
2024-04-07,0.2026377129179084,0.20263771291791807,9.658940314238862e-15,False
2024-04-08,1.2554603915349885,1.2554603915350204,3.197442310920451e-14,False
2024-04-09,3.006732414345225,3.0067324143451866,-3.863576125695545e-14,False
2024-04-10,0.071428432619246,0.07142843261924706,1.0547118733938987e-15,False
2024-04-11,0.0693662157484071,0.06936621574841013,3.039235529911366e-15,False
2024-04-12,0.0747289825081517,0.07472898250815521,3.5110803153770576e-15,False
2024-04-13,0.072447242903797,0.07244724290380188,4.871103520542874e-15,False
2024-04-14,0.0046553177748927,0.004655317774892978,2.7755575615628914e-16,False
2024-04-15,2.3146359952466318,2.31463599524674,1.0835776720341528e-13,False
2024-04-16,0.6164921595291252,0.6164921595291123,-1.2878587085651816e-14,False
2024-04-17,8.53432438790642,8.534324387906441,2.1316282072803006e-14,False
2024-04-18,2.0353523129121243,2.0353523129121527,2.842170943040401e-14,False
2024-04-19,0.1136615778372767,0.11366157783728086,4.1494585545365226e-15,False
2024-04-20,0.0,0.0,0.0,False
2024-04-21,0.0031656950511252,0.0031656950511253154,1.1535911115245767e-16,False
2024-04-22,0.0,0.0,0.0,False
2024-04-23,0.00968853611487,0.009688536114870519,5.186823193170653e-16,False
2024-04-24,0.0154625121833278,0.01546251218332871,9.08995101411847e-16,False
2024-04-25,0.0651001598997778,0.0651001598997812,3.400058012914542e-15,False
2024-04-26,0.121833197328486,0.12183319732849252,6.50868248186498e-15,False
2024-04-27,0.0077730459689604,0.007773045968960885,4.848552115355176e-16,False
2024-04-28,0.0079673721181844,0.007967372118184908,5.082739784612045e-16,False
2024-04-29,0.2926682618862712,0.29266826188621636,-5.484501741648273e-14,False
2024-04-30,0.0235895432727613,0.02358954327276261,1.3079815008865125e-15,False
2024-05-01,0.01915186456107,0.019151864561071034,1.033895191682177e-15,False
2024-05-02,0.0469527359243419,0.046952735924344104,2.2065682614424986e-15,False
2024-05-03,0.0413145190914449,0.04131451909144685,1.949829186997931e-15,False
2024-05-04,0.012663667032145,0.0126636670321456,6.002143226879753e-16,False
2024-05-05,0.0414525518832575,0.041452551883259615,2.1163626406917047e-15,False
2024-05-06,0.0315081641409031,0.031508164140904765,1.6653345369377348e-15,False
2024-05-07,0.0214513839504238,0.021451383950424785,9.853229343548264e-16,False
2024-05-08,0.0263807721460693,0.026380772146070614,1.3149203947904198e-15,False
2024-05-09,0.009772385016486,0.009772385016486518,5.186823193170653e-16,False
2024-05-10,0.066054715756725,0.06605471575672826,3.2612801348363973e-15,False
2024-05-11,0.0164456051736941,0.01644560517369487,7.7021722333370235e-16,False
2024-05-12,0.0388598989920564,0.038859898992058176,1.7763568394002505e-15,False
2024-05-13,0.0853502081727996,0.08535020817280355,3.941291737419306e-15,False
2024-05-14,1.4254503291662977,1.4254503291663339,3.6193270602780103e-14,False
2024-05-15,0.1397241156127814,0.1397241156127877,6.300515664747763e-15,False
2024-05-16,0.0430561819309416,0.04305618193094353,1.9290125052862095e-15,False
2024-05-17,0.0074986418305379,0.007498641830538288,3.877106968808164e-16,False
2024-05-18,0.0401039825931721,0.04010398259317417,2.0747292772682613e-15,False
2024-05-19,0.0053950914134306,0.0053950914134308125,2.1250362580715887e-16,False
2024-05-20,0.886398706549947,0.8863987065499785,3.1530333899354446e-14,False
2024-05-21,0.0557935681150284,0.05579356811502957,1.1726730697603216e-15,False
2024-05-22,0.0062767443024267,0.0062767443024268664,1.6653345369377348e-16,False
2024-05-23,0.0078190180814074,0.007819018081407633,2.3245294578089215e-16,False
2024-05-24,1.4877416879325915,1.4877416879326362,4.463096558993129e-14,False
2024-05-25,0.0242003225555666,0.02420032255556771,1.1102230246251565e-15,False
2024-05-26,12.973442372873157,12.97344237287315,-7.105427357601002e-15,False
2024-05-27,33.5100391298956,33.51003912989586,2.5579538487363607e-13,False
2024-05-28,0.6208002408991158,0.6208002408991328,1.6986412276764895e-14,False
2024-05-29,0.147187029971186,0.14718702997119154,5.551115123125783e-15,False
2024-05-30,0.0220890405998301,0.02208904059983091,8.118505867571457e-16,False
2024-05-31,0.0091778469975384,0.009177846997538807,4.0592529337857286e-16,False
2024-06-01,0.0143847063792404,0.014384706379240964,5.637851296924623e-16,False
2024-06-02,0.0557334198581701,0.05573341985817242,2.3245294578089215e-15,False
2024-06-03,0.0281845417411012,0.02818454174110224,1.0373646386341306e-15,False
2024-06-04,0.094340490776031,0.09434049077603497,3.969047313034935e-15,False
2024-06-05,0.0231193522351027,0.023119352235103675,9.749145934989656e-16,False
2024-06-06,0.0771731317620099,0.07717313176201356,3.649858193455202e-15,False
2024-06-07,0.0265904352563396,0.02659043525634074,1.1379786002407855e-15,False
2024-06-08,0.0743580912456533,0.07435809124565661,3.3029134982598407e-15,False
2024-06-09,0.119713883754926,0.11971388375493139,5.384581669432009e-15,False
2024-06-10,0.067328283000556,0.06732828300055817,2.1649348980190553e-15,False
2024-06-11,0.2125796638521987,0.2125796638522035,4.801714581503802e-15,False
2024-06-12,0.0210072085568467,0.021007208556847536,8.36136715420821e-16,False
2024-06-13,0.0297056513208244,0.029705651320825487,1.0859368959614812e-15,False
2024-06-14,0.0216884957502186,0.02168849575021949,8.881784197001252e-16,False
2024-06-15,0.0088673586032311,0.008867358603231491,3.920475055707584e-16,False
2024-06-16,0.0118231448043082,0.011823144804308653,4.527628272299467e-16,False
2024-06-17,0.017422211729652,0.017422211729652595,5.967448757360216e-16,False
2024-06-18,0.3788360528168888,0.37883605281689137,2.55351295663786e-15,False
2024-06-19,0.0061645592639953,0.006164559263995603,3.0357660829594124e-16,False
2024-06-20,0.0456984614487982,0.04569846144879992,1.7139067942650854e-15,False
2024-06-21,0.0071779518907427,0.007177951890743078,3.7816971776294395e-16,False
2024-06-22,0.0938713808895473,0.09387138088955156,4.260480856999038e-15,False
2024-06-23,0.0192944687954734,0.01929446879547419,7.875644580934704e-16,False
2024-06-24,0.0208078365282338,0.020807836528235434,1.6341095143701523e-15,False
2024-06-25,0.3406518362292397,0.34065183622926404,2.4313884239290928e-14,False
2024-06-26,0.06186941950372,0.06186941950372387,3.8719027983802334e-15,False
2024-06-27,0.1256562098538489,0.12565620985385847,9.575673587391975e-15,False
2024-06-28,0.1070023936931169,0.1070023936931228,5.898059818321144e-15,False
2024-06-29,0.1143619447804892,0.11436194478049339,4.191091917959966e-15,False
2024-06-30,0.3301668779508989,0.3301668779509076,8.715250743307479e-15,False
2024-07-01,0.3515914243624007,0.35159142436241675,1.6042722705833512e-14,False
2024-07-02,0.0321418061211375,0.03214180612113901,1.5126788710517758e-15,False
2024-07-03,0.1666086502012774,0.16660865020128818,1.0769163338864018e-14,False
2024-07-04,0.0990973518214555,0.09909735182146184,6.342149028171207e-15,False
2024-07-05,0.2022365037341632,0.20223650373417595,1.27675647831893e-14,False
2024-07-06,0.1565187805667876,0.1565187805667976,9.992007221626409e-15,False
2024-07-07,0.0367175018120094,0.036717501812011395,1.9984014443252818e-15,False
2024-07-08,1.9829094982736264,1.9829094982736453,1.887379141862766e-14,False
2024-07-09,36.06892816013407,36.068928160134185,1.1368683772161603e-13,False
2024-07-10,14.7323080448174,14.73230804481742,2.1316282072803006e-14,False
2024-07-11,0.1555134217380599,0.15551342173806512,5.218048215738236e-15,False
2024-07-12,0.0373007739696351,0.037300773969636714,1.6167622796103842e-15,False
2024-07-13,0.0086744944771552,0.008674494477155665,4.649058915617843e-16,False
2024-07-14,0.006336005827576,0.0063360058275763066,3.0617869350990645e-16,False
2024-07-15,0.0109723870706495,0.010972387070649977,4.77048955893622e-16,False
2024-07-16,0.0071389297942897,0.007138929794290073,3.7383290907300193e-16,False
2024-07-17,0.005249628992705,0.005249628992705238,2.38524477946811e-16,False
2024-07-18,0.0073166045287005,0.0073166045287008106,3.1051550219984847e-16,False
2024-07-19,0.0040914791945607,0.004091479194560877,1.7694179454963432e-16,False
2024-07-20,0.0121402387155747,0.012140238715575274,5.741934705483231e-16,False
2024-07-21,0.0129541883850215,0.012954188385021858,3.5908775952719907e-16,False
2024-07-22,0.0325684646964947,0.032568464696495936,1.2351231148954867e-15,False
2024-07-23,0.0219280369521075,0.021928036952108505,1.0061396160665481e-15,False
2024-07-24,0.0041515274188627,0.004151527418862974,2.740863092043355e-16,False
2024-07-25,0.004082335295215,0.004082335295215258,2.5760643618255585e-16,False
2024-07-26,0.0024809267105561,0.0024809267105563057,2.0556473190325164e-16,False
2024-07-27,0.0041168197462215,0.004116819746221825,3.2439329000766293e-16,False
2024-07-28,0.0180304341051649,0.01803043410516595,1.0512424264419451e-15,False
2024-07-29,0.0647079319746552,0.06470793197465925,4.052314039881821e-15,False
2024-07-30,3.072618756330319,3.072618756330412,9.281464485866309e-14,False
2024-07-31,0.0277622624737708,0.027762262473771483,6.83481049534862e-16,False
2024-08-01,0.017509028682704,0.017509028682704784,7.840950111415168e-16,False
2024-08-02,0.126753276212528,0.12675327621253446,6.467049118441537e-15,False
2024-08-03,0.0462288910370846,0.04622889103708701,2.4077961846558082e-15,False
2024-08-04,0.003188974824205,0.00318897482420506,5.984795992119984e-17,False
2024-08-05,0.0252679653755101,0.02526796537550937,-7.28583859910259e-16,False
2024-08-06,0.0292516935510484,0.02925169355104988,1.4814538484841933e-15,False
2024-08-07,0.0015585151162703,0.001558515116270387,8.716985466783456e-17,False
2024-08-08,0.0148597037523938,0.014859703752393944,1.43982048506075e-16,False
2024-08-09,5.00366184144744,5.003661841447508,6.838973831690964e-14,False
2024-08-10,33.65030551471418,33.650305514714184,7.105427357601002e-15,False
2024-08-11,0.1125336955554229,0.1125336955554242,1.2906342661267445e-15,False
2024-08-12,0.0607683876788055,0.060768387678806185,6.869504964868156e-16,False
2024-08-13,0.0188341674903963,0.018834167490396604,3.0531133177191805e-16,False
2024-08-14,0.0205153147566341,0.020515314756634317,2.185751579730777e-16,False
2024-08-15,0.023959402480197,0.023959402480197296,2.949029909160572e-16,False
2024-08-16,0.0050357962666807,0.005035796266680804,1.0408340855860843e-16,False
2024-08-17,0.0126323110443771,0.012632311044377719,6.192962809237201e-16,False
2024-08-18,0.0194236707327425,0.01942367073274352,1.0200174038743626e-15,False
2024-08-19,0.0052409908587971,0.005240990858797358,2.5760643618255585e-16,False
2024-08-20,0.4340447977828133,0.43404479778283594,2.2648549702353193e-14,False
2024-08-21,0.1103360128911547,0.11033601289116046,5.7592819402429996e-15,False
2024-08-22,0.0289782420475144,0.028978242047515642,1.2420620087993939e-15,False
2024-08-23,0.0618032865186911,0.06180328651869417,3.066991105526995e-15,False
2024-08-24,7.235162596045624,7.23516259604562,-4.440892098500626e-15,False
2024-08-25,2.3251876935958813,2.3251876935958946,1.3322676295501878e-14,False
2024-08-26,0.1132100378984925,0.11321003789849722,4.718447854656915e-15,False
2024-08-27,0.4118697600678577,0.4118697600678899,3.219646771412954e-14,False
2024-08-28,0.1047539955161183,0.10475399551612602,7.716050021144838e-15,False
2024-08-29,0.0495398397117631,0.04953983971176677,3.670674875166924e-15,False
2024-08-30,0.0910423365593214,0.09104233655932789,6.494804694057166e-15,False
2024-08-31,0.1606420553504988,0.16064205535051068,1.1879386363489175e-14,False
2024-09-01,0.3703416343667129,0.37034163436673995,2.7033930649622562e-14,False
2024-09-02,0.0657960863281752,0.06579608632817999,4.7878367936959876e-15,False
2024-09-03,0.2402145971505499,0.24021459715056862,1.8707257964933888e-14,False
2024-09-04,0.2295158775031929,0.2295158775032075,1.459943277382081e-14,False
2024-09-05,0.135094912950757,0.13509491295076714,1.0130785099704553e-14,False
2024-09-06,0.050347224024767,0.05034722402477062,3.622102617839573e-15,False
2024-09-07,0.2260600024261306,0.22606000242614838,1.7763568394002505e-14,False
2024-09-08,1.1149834145444608,1.1149834145445485,8.770761894538737e-14,False
2024-09-09,0.4117695517402228,0.41176955174025487,3.2085445411667024e-14,False
2024-09-10,0.0830951702701287,0.08309517027013441,5.717648576819556e-15,False
2024-09-11,0.2365401957862768,0.23654019578629368,1.687538997430238e-14,False
2024-09-12,0.1970659743168722,0.19706597431688594,1.3739009929736312e-14,False
2024-09-13,0.3146426795589352,0.31464267955895453,1.9317880628477724e-14,False
2024-09-14,0.0976904796580274,0.09769047965803217,4.773959005888173e-15,False
2024-09-15,0.1923358026155499,0.1923358026155598,9.908740494779522e-15,False
2024-09-16,8.629867052994035,8.629867052994285,2.504663143554353e-13,False
2024-09-17,1.2421095440138787,1.2421095440138707,-7.993605777301127e-15,False
2024-09-18,0.3875043374213519,0.38750433742137663,2.475797344914099e-14,False
2024-09-19,0.8959853917383195,0.8959853917383687,4.9182879990894435e-14,False
2024-09-20,1.4866785141467924,1.4866785141468597,6.727951529228449e-14,False
2024-09-21,1.153137234349865,1.1531372343499118,4.6851411639181606e-14,False
2024-09-22,0.3416832023261927,0.3416832023262201,2.7422508708241367e-14,False
2024-09-23,0.1818248662042593,0.18182486620427343,1.4127587988355117e-14,False
2024-09-24,0.0249094682425633,0.024909468242564656,1.3565537582138631e-15,False
2024-09-25,0.0246470744579923,0.0246470744579935,1.2004286453759505e-15,False
2024-09-26,0.028132893744384,0.028132893744385476,1.474514954580286e-15,False
2024-09-27,1.1580252651582486,1.158025265158281,3.241851231905457e-14,False
2024-09-28,0.1502426253376027,0.1502426253376146,1.1907141939104804e-14,False
2024-09-29,0.0449901267888976,0.04499012678890072,3.1225022567582528e-15,False
2024-09-30,0.025428291294601,0.025428291294601953,9.54097911787244e-16,False
2024-10-01,0.0248472928258344,0.024847292825835345,9.43689570931383e-16,False
2024-10-02,0.1581661619902822,0.15816616199028913,6.938893903907228e-15,False
2024-10-03,3.729764237339431,3.7297642373394146,-1.6431300764452317e-14,False
2024-10-04,0.6127089323307285,0.6127089323307361,7.549516567451064e-15,False
2024-10-05,0.0449133814365087,0.04491338143651051,1.8110513089197866e-15,False
2024-10-06,0.0122867748877191,0.012286774887719636,5.360295540768334e-16,False
2024-10-07,0.0281883087161992,0.02818830871620031,1.1102230246251565e-15,False
2024-10-08,0.0246755479917891,0.024675547991790083,9.818534874028728e-16,False
2024-10-09,0.0603774544024892,0.06037745440249166,2.463307335887066e-15,False
2024-10-10,1.1660301665571275,1.1660301665571544,2.6867397195928788e-14,False
2024-10-11,20.829442274660583,20.829442274660117,-4.654054919228656e-13,False
2024-10-12,2.366153006109798,2.366153006109842,4.39648317751562e-14,False
2024-10-13,0.1926154350464117,0.19261543504642012,8.409939411535561e-15,False
2024-10-14,0.0547448849910431,0.05474488499104599,2.886579864025407e-15,False
2024-10-15,0.0714898913584957,0.07148989135849941,3.70536934468646e-15,False
2024-10-16,0.0130050006159014,0.01300500061590199,5.898059818321144e-16,False
2024-10-17,0.0033443454434031,0.0033443454434033608,2.6064220226551527e-16,False
2024-10-18,0.0947642122852826,0.09476421228528754,4.9404924595819466e-15,False
2024-10-19,6.909074598805975,6.909074598806109,1.341149413747189e-13,False
2024-10-20,5.8333119433606,5.833311943360617,1.687538997430238e-14,False
2024-10-21,0.1859005388184449,0.18590053881845237,7.466249840604178e-15,False
2024-10-22,0.7184176645316597,0.7184176645316809,2.120525977034049e-14,False
2024-10-23,25.828573456596597,25.828573456596022,-5.755396159656812e-13,False
2024-10-24,21.46012350390832,21.46012350390804,-2.8066438062523957e-13,False
2024-10-25,18.44742264527226,18.44742264527222,-3.907985046680551e-14,False
2024-10-26,0.2799863483754324,0.2799863483754359,3.497202527569243e-15,False
2024-10-27,2.1777368922122604,2.177736892212266,5.773159728050814e-15,False
2024-10-28,2.354997838846926,2.354997838846889,-3.730349362740526e-14,False
2024-10-29,0.2074294065279971,0.2074294065280058,8.68749516769185e-15,False
2024-10-30,0.0464963850221249,0.046496385022127114,2.213507155346406e-15,False
2024-10-31,0.1035814547657486,0.10358145476575456,5.953570969552402e-15,False
2024-11-01,0.5289112079141679,0.5289112079141953,2.7422508708241367e-14,False
2024-11-02,15.761180853120706,15.761180853120928,2.220446049250313e-13,False
2024-11-03,5.00950048467133,5.009500484671458,1.2789769243681803e-13,False
2024-11-04,11.99405524425369,11.99405524425365,-4.085620730620576e-14,False
2024-11-05,2.4818258671017293,2.481825867101809,7.993605777301127e-14,False
2024-11-06,22.871575233365014,22.871575233365352,3.375077994860476e-13,False
2024-11-07,6.776220090133151,6.776220090133241,8.970602038971265e-14,False
2024-11-08,42.60253777348202,42.60253777348215,1.2789769243681803e-13,False
2024-11-09,3.814370675691655,3.8143706756917464,9.14823772291129e-14,False
2024-11-10,0.8088062897885732,0.8088062897885964,2.3203661214665772e-14,False
2024-11-11,0.1189609668311091,0.11896096683111339,4.288236432614667e-15,False
2024-11-12,0.2813629190188093,0.28136291901882443,1.5154544286133387e-14,False
2024-11-13,4.85369910300114,4.8536991030011665,2.6645352591003757e-14,False
2024-11-14,0.3592608349534736,0.3592608349534797,6.106226635438361e-15,False
2024-11-15,0.5932972660389211,0.5932972660389118,-9.325873406851315e-15,False
2024-11-16,0.3778047464627341,0.3778047464627352,1.1102230246251565e-15,False
2024-11-17,0.0515345607586975,0.051534560758698,4.996003610813204e-16,False
2024-11-18,0.1717371972536289,0.17173719725363118,2.275957200481571e-15,False
2024-11-19,0.1258723289963254,0.125872328996328,2.609024107869118e-15,False
2024-11-20,0.1774625423335653,0.17746254233356773,2.4424906541753444e-15,False
2024-11-21,0.185630779902832,0.1856307799028357,3.6914915568786455e-15,False
2024-11-22,0.2064711833191867,0.20647118331918918,2.4702462297909733e-15,False
2024-11-23,0.1620164298186764,0.16201642981867875,2.3592239273284576e-15,False
2024-11-24,0.0794876936289857,0.0794876936289878,2.1094237467877974e-15,False
2024-11-25,0.0409568849430768,0.040956884943077726,9.228728892196614e-16,False
2024-11-26,0.0037883822464966,0.003788382246496763,1.6306400674181987e-16,False
2024-11-27,0.0,0.0,0.0,False
2024-11-28,8.859166871303756,8.859166871303975,2.184918912462308e-13,False
2024-11-29,3.974498707470432,3.9744987074704476,1.554312234475219e-14,False
2024-11-30,0.0531967108203035,0.05319671082030602,2.518818487118324e-15,False
2024-12-01,0.046299037479806,0.046299037479808305,2.3037127760972e-15,False
2024-12-02,3.5379617033371344,3.537961703337197,6.261657858885883e-14,False
2024-12-03,21.234463429532227,21.23446342953214,-8.526512829121202e-14,False
2024-12-04,1.0326046145385628,1.0326046145386079,4.5075054799781356e-14,False
2024-12-05,12.728826802933416,12.728826802932957,-4.583000645652646e-13,False
2024-12-06,1.7987689878973274,1.7987689878973705,4.3076653355456074e-14,False
2024-12-07,0.2856934130286083,0.28569341302862444,1.6153745008296028e-14,False
2024-12-08,0.3128309190639862,0.3128309190640023,1.609823385706477e-14,False
2024-12-09,0.5405916356494768,0.5405916356495056,2.886579864025407e-14,False
2024-12-10,8.827845242242716,8.827845242242814,9.769962616701378e-14,False
2024-12-11,0.9105473713057196,0.9105473713057614,4.1744385725905886e-14,False
2024-12-12,0.2180919738926964,0.2180919738927079,1.149080830487037e-14,False
2024-12-13,0.0529918183085283,0.05299181830853049,2.185751579730777e-15,False
2024-12-14,1.71489075570681,1.7148907557067712,-3.885780586188048e-14,False
2024-12-15,1.3595933814141303,1.3595933814141452,1.4876988529977098e-14,False
2024-12-16,0.0630559466477621,0.0630559466477649,2.8033131371785203e-15,False
2024-12-17,0.0135280092700814,0.01352800927008201,6.088879400678593e-16,False
2024-12-18,0.0135280092700814,0.01352800927008201,6.088879400678593e-16,False
2024-12-19,0.1461604003957523,0.14616040039575984,7.549516567451064e-15,False
2024-12-20,21.49650364977557,21.4965036497754,-1.7053025658242404e-13,False
2024-12-21,39.45286193639576,39.45286193639425,-1.5134560271690134e-12,False
2024-12-22,2.5316904415320605,2.531690441532146,8.570921750106208e-14,False
2024-12-23,5.588939480933526,5.588939480933468,-5.773159728050814e-14,False
2024-12-24,0.4107707020462567,0.4107707020462706,1.3877787807814457e-14,False
2024-12-25,22.313351857484754,22.313351857484225,-5.293543381412746e-13,False
2024-12-26,25.35488509830148,25.354885098301587,1.0658141036401503e-13,False
2024-12-27,32.270683288064355,32.27068328806417,-1.8474111129762605e-13,False
2024-12-28,3.5039618851453955,3.5039618851454555,5.995204332975845e-14,False
2024-12-29,1.334828675526333,1.334828675526399,6.59472476627343e-14,False
2024-12-30,2.2204723063249365,2.2204723063249947,5.81756864903582e-14,False
2024-12-31,5.299214533637942,5.299214533638096,1.5365486660812167e-13,False
2025-01-01,1.1851735795673828,1.1851735795674252,4.241051954068098e-14,False
2025-01-02,8.845859994019392,8.845859994019095,-2.9665159217984183e-13,False
2025-01-03,8.044067794693543,8.044067794693417,-1.2612133559741778e-13,False
2025-01-04,0.5003878325283893,0.5003878325284125,2.3203661214665772e-14,False
2025-01-05,1.6302726971046655,1.6302726971047243,5.88418203051333e-14,False
2025-01-06,0.0563091309316795,0.056309130931682154,2.6506574712925612e-15,False
2025-01-07,5.602205273709158,5.602205273709182,2.398081733190338e-14,False
2025-01-08,5.7457124437118186,5.7457124437116205,-1.9806378759312793e-13,False
2025-01-09,0.2467930251532537,0.24679302515326143,7.743805596760467e-15,False
2025-01-10,0.202437531016642,0.20243753101665257,1.0574874309554616e-14,False
2025-01-11,0.018497069879556,0.018497069879556703,7.042977312465837e-16,False
2025-01-12,0.0369214504682562,0.03692145046825781,1.609823385706477e-15,False
2025-01-13,0.0219381573264352,0.02193815732643607,8.673617379884035e-16,False
2025-01-14,0.0125734934558833,0.012573493455883867,5.672545766444159e-16,False
2025-01-15,0.0901976624124468,0.0901976624124438,-2.9976021664879227e-15,False
2025-01-16,15.28085582052796,15.280855820528116,1.5631940186722204e-13,False
2025-01-17,21.436357024961488,21.43635702496142,-6.750155989720952e-14,False
2025-01-18,1.1440306434764769,1.144030643476509,3.219646771412954e-14,False
2025-01-19,1.21262209134053,1.2126220913405585,2.864375403532904e-14,False
2025-01-20,0.1188730258164152,0.11887302581642271,7.507883204027621e-15,False
2025-01-21,0.1235767756938875,0.12357677569389655,9.048317650695026e-15,False
2025-01-22,3.437057531835923,3.4370575318359746,5.1514348342607263e-14,False
2025-01-23,2.1112066054684058,2.111206605468514,1.0835776720341528e-13,False
2025-01-24,25.194571655891792,25.19457165589224,4.476419235288631e-13,False
2025-01-25,4.861073636507201,4.861073636507366,1.652011860642233e-13,False
2025-01-26,21.83068018087982,21.83068018087957,-2.5224267119483557e-13,False
2025-01-27,8.306887971751964,8.30688797175216,1.9539925233402755e-13,False
2025-01-28,5.512023269641213,5.512023269641358,1.4566126083082054e-13,False
2025-01-29,19.24378340441511,19.243783404414533,-5.790923296444817e-13,False
2025-01-30,17.142388374245858,17.142388374245755,-1.0302869668521453e-13,False
2025-01-31,11.733555690724636,11.733555690724812,1.758593271006248e-13,False
2025-02-01,46.40102022506225,46.401020225061075,-1.1723955140041653e-12,False
2025-02-02,19.902743678075986,19.90274367807639,4.050093593832571e-13,False
2025-02-03,24.143738132188844,24.14373813218877,-7.460698725481052e-14,False
2025-02-04,9.527956970292603,9.527956970292719,1.1546319456101628e-13,False
2025-02-05,4.9084539726325485,4.908453972632637,8.881784197001252e-14,False
2025-02-06,13.309285624602529,13.309285624602039,-4.902744876744691e-13,False
2025-02-07,3.899800119205895,3.8998001192059855,9.059419880941277e-14,False
2025-02-08,1.5592551785403,1.5592551785403277,2.7755575615628914e-14,False
2025-02-09,0.1559792938457057,0.15597929384571158,5.88418203051333e-15,False
2025-02-10,10.819940312158376,10.819940312158172,-2.042810365310288e-13,False
2025-02-11,2.0649961677628146,2.0649961677628723,5.773159728050814e-14,False
2025-02-12,0.740853806161466,0.7408538061615046,3.863576125695545e-14,False
2025-02-13,7.056796462995569,7.056796462995591,2.1316282072803006e-14,False
2025-02-14,16.525937832904546,16.52593783290381,-7.354117315117037e-13,False
2025-02-15,3.727648900154562,3.7276489001546613,9.947598300641403e-14,False
2025-02-16,0.5219754536184753,0.5219754536184918,1.6542323066914832e-14,False
2025-02-17,0.1699845865304127,0.16998458653041723,4.524158825347513e-15,False
2025-02-18,17.248768063491003,17.248768063489795,-1.2079226507921703e-12,False
2025-02-19,11.265483965771333,11.265483965771454,1.2079226507921703e-13,False
2025-02-20,1.032183498490648,1.032183498490683,3.5083047578154947e-14,False
2025-02-21,0.3703724309786536,0.3703724309786665,1.2934098236883074e-14,False
2025-02-22,0.1621807088890737,0.16218070888907893,5.218048215738236e-15,False
2025-02-23,0.4300666973811457,0.43006669738116104,1.532107773982716e-14,False
2025-02-24,0.1294165279079641,0.12941652790796915,5.051514762044462e-15,False
2025-02-25,0.6295579467598676,0.6295579467598988,3.11972669919669e-14,False
2025-02-26,2.137317603511197,2.13731760351127,7.327471962526033e-14,False
2025-02-27,4.1684935476168885,4.168493547616777,-1.1191048088221578e-13,False
2025-02-28,0.5436501873438108,0.543650187343808,-2.7755575615628914e-15,False
2025-03-01,0.0140411355654725,0.014041135565472575,7.45931094670027e-17,False
2025-03-02,0.0071414583949127,0.007141458394912758,5.811323644522304e-17,False
2025-03-03,0.0,0.0,0.0,False
2025-03-04,0.0,0.0,0.0,False
2025-03-05,0.0019730097923258,0.0019730097923260277,2.2768245622195593e-16,False
2025-03-06,0.0,0.0,0.0,False
2025-03-07,0.0,0.0,0.0,False
2025-03-08,0.0,0.0,0.0,False
2025-03-09,0.0021858711664138,0.002185871166413911,1.1102230246251565e-16,False
2025-03-10,0.2484678816704854,0.24846788167049316,7.771561172376096e-15,False
2025-03-11,11.074037660644631,11.074037660644398,-2.327027459614328e-13,False
2025-03-12,14.405204244948544,14.405204244948003,-5.417888360170764e-13,False
2025-03-13,9.223098837350518,9.223098837350436,-8.171241461241152e-14,False
2025-03-14,1.197171931444842,1.197171931444839,-2.886579864025407e-15,False
2025-03-15,0.1965601691257547,0.19656016912576443,9.742207041085749e-15,False
2025-03-16,0.1476402025064875,0.1476402025064946,7.105427357601002e-15,False
2025-03-17,0.0398150024018641,0.03981500240186614,2.040034807748725e-15,False
2025-03-18,16.3974006007801,16.397400600779754,-3.446132268436486e-13,False
2025-03-19,11.379322556524055,11.379322556524185,1.2967404927621828e-13,False
2025-03-20,3.496307181483747,3.496307181483779,3.197442310920451e-14,False
2025-03-21,0.1839314804329664,0.18393148043297336,6.966649479522857e-15,False
2025-03-22,0.1959280455792261,0.19592804557923454,8.43769498715119e-15,False
2025-03-23,14.29902240391396,14.299022403913968,7.105427357601002e-15,False
2025-03-24,3.798367044913038,3.7983670449130855,4.75175454539567e-14,False
2025-03-25,0.1599659386155021,0.15996593861550862,6.522560269672795e-15,False
2025-03-26,0.0919544484169403,0.09195444841694589,5.592748486549226e-15,False
2025-03-27,0.0625645714504687,0.0625645714504729,4.191091917959966e-15,False
2025-03-28,6.324408452957436,6.324408452957581,1.4477308241112041e-13,False
2025-03-29,0.3656946930302108,0.365694693030226,1.5210055437364645e-14,False
2025-03-30,0.1101503701354342,0.11015037013544048,6.2727600891321345e-15,False
2025-03-31,14.864300921153822,14.864300921153818,-3.552713678800501e-15,False
2025-04-01,3.564172456713139,3.564172456713185,4.618527782440651e-14,False
2025-04-02,0.374271592756623,0.37427159275664035,1.73749903353837e-14,False
2025-04-03,9.657418342722332,9.657418342722455,1.2256862191861728e-13,False
2025-04-04,9.23608344044374,9.236083440443826,8.526512829121202e-14,False
2025-04-05,3.4299666442693897,3.429966644269446,5.639932965095795e-14,False
2025-04-06,0.7905341168637625,0.7905341168637704,7.882583474838611e-15,False
2025-04-07,0.4458350791244747,0.4458350791244828,8.104628079763643e-15,False
2025-04-08,0.0803743826280947,0.0803743826280974,2.706168622523819e-15,False
2025-04-09,2.870001804784794,2.870001804784654,-1.4033219031261979e-13,False
2025-04-10,11.879275869018066,11.879275869018047,-1.9539925233402755e-14,False
2025-04-11,1.0417255812733817,1.0417255812733888,7.105427357601002e-15,False
2025-04-12,0.3492098732336749,0.3492098732336826,7.66053886991358e-15,False
2025-04-13,1.2485804602354282,1.2485804602354917,6.350475700855895e-14,False
2025-04-14,32.080192282850994,32.080192282850355,-6.394884621840902e-13,False
2025-04-15,2.17811551778998,2.178115517789975,-4.884981308350689e-15,False
2025-04-16,1.1463049072725169,1.1463049072725258,8.881784197001252e-15,False
2025-04-17,0.2278457364287663,0.22784573642877293,6.63358257213531e-15,False
2025-04-18,17.92657771570135,17.92657771570108,-2.7000623958883807e-13,False
2025-04-19,8.263682574123491,8.263682574123722,2.3092638912203256e-13,False
2025-04-20,7.113565094407298,7.113565094407284,-1.4210854715202004e-14,False
2025-04-21,0.6821793551123615,0.6821793551123679,6.439293542825908e-15,False
2025-04-22,0.5694867044604291,0.569486704460438,8.881784197001252e-15,False
2025-04-23,0.2811413778159211,0.28114137781593035,9.270362255620057e-15,False
2025-04-24,4.256894500447991,4.256894500447993,2.6645352591003757e-15,False
2025-04-25,9.528118465259556,9.528118465259581,2.4868995751603507e-14,False
2025-04-26,1.2469743014840875,1.246974301484104,1.6431300764452317e-14,False
2025-04-27,0.4608993714793949,0.46089937147940824,1.3322676295501878e-14,False
2025-04-28,0.5209908891144258,0.5209908891144468,2.098321516541546e-14,False
2025-04-29,0.6416383790511261,0.6416383790511474,2.1316282072803006e-14,False
2025-04-30,0.4018888682189878,0.4018888682190012,1.3433698597964394e-14,False
2025-05-01,0.3224273887026606,0.322427388702672,1.1435297153639112e-14,False
2025-05-02,0.4330350474918067,0.43303504749182203,1.532107773982716e-14,False
2025-05-03,0.0339344560833337,0.033934456083335486,1.7832957333041577e-15,False
2025-05-04,0.0138512478342636,0.013851247834264406,8.066464163292153e-16,False
2025-05-05,0.0053332002233069,0.005333200223307299,3.9898639947466563e-16,False
2025-05-06,0.014039545514995,0.014039545514995878,8.777700788442644e-16,False
2025-05-07,0.0116646259880393,0.011664625988040703,1.403391292065237e-15,False
2025-05-08,0.0021909630118914,0.002190963011891539,1.3921155894713877e-16,False
2025-05-09,0.0046700834043047,0.004670083404304959,2.5847379792054426e-16,False
2025-05-10,8.658775245908718,8.658775245908656,-6.217248937900877e-14,False
2025-05-11,4.7958354238263645,4.795835423826351,-1.3322676295501878e-14,False
2025-05-12,0.2049488334448247,0.20494883344483036,5.662137425588298e-15,False
2025-05-13,0.0506752127618023,0.05067521276180366,1.3600232051658168e-15,False
2025-05-14,0.1150911053297701,0.115091105329775,4.898859096158503e-15,False
2025-05-15,0.0028763412785736,0.002876341278573921,3.209238430557093e-16,False
2025-05-16,0.0010433978666838,0.0010433978666838574,5.746271514173174e-17,False
2025-05-17,0.0,0.0,0.0,False
2025-05-18,0.0045150572872912,0.004515057287291521,3.209238430557093e-16,False
2025-05-19,0.0153534931210924,0.015353493121093013,6.140921104957897e-16,False
2025-05-20,0.0104775552301754,0.0104775552301759,4.996003610813204e-16,False
2025-05-21,0.0483532082061044,0.04835320820610645,2.0539125955565396e-15,False
2025-05-22,8.560789340679488,8.560789340679253,-2.3447910280083306e-13,False
2025-05-23,0.9274967304358372,0.92749673043587,3.275157922644212e-14,False
2025-05-24,0.118117142040903,0.11811714204090684,3.8441472227646045e-15,False
2025-05-25,0.0665779742323006,0.06657797423230248,1.887379141862766e-15,False
2025-05-26,0.0485121004347414,0.048512100434742356,9.575673587391975e-16,False
2025-05-27,0.0272758975244069,0.02727589752440726,3.608224830031759e-16,False
2025-05-28,0.1606013705743407,0.16060137057433319,-7.521760991835436e-15,False
2025-05-29,0.811221275010107,0.811221275010106,-9.992007221626409e-16,False
2025-05-30,0.0613737143868748,0.061373714386876936,2.1371793224034263e-15,False
2025-05-31,0.0113486328228514,0.011348632822851834,4.3368086899420177e-16,False
2025-06-01,0.004672961516705,0.004672961516705209,2.0903417885520525e-16,False
2025-06-02,0.0506560207808665,0.05065602078086919,2.6922908347160046e-15,False
2025-06-03,1.7844295076090566,1.7844295076091006,4.39648317751562e-14,False
2025-06-04,0.0761657702451302,0.07616577024512401,-6.189493362285248e-15,False
2025-06-05,12.167162115204476,12.167162115204365,-1.1191048088221578e-13,False
2025-06-06,1.5501968902660237,1.5501968902660523,2.864375403532904e-14,False
2025-06-07,0.8238332899849321,0.8238332899849555,2.3425705819590803e-14,False
2025-06-08,1.428879413352252,1.4288794133522924,4.04121180963557e-14,False
2025-06-09,9.673411285202556,9.673411285202487,-6.927791673660977e-14,False
2025-06-10,0.2461517074273852,0.24615170742738499,-2.220446049250313e-16,False
2025-06-11,1.4293352773875223,1.4293352773875265,4.218847493575595e-15,False
2025-06-12,1.2797135610543109,1.279713561054323,1.2212453270876722e-14,False
2025-06-13,0.0500660051427178,0.05006600514272008,2.282896094385478e-15,False
2025-06-14,0.0748763623228201,0.07487636232282374,3.635980405647388e-15,False
2025-06-15,0.0454386221461268,0.04543862214612875,1.949829186997931e-15,False
2025-06-16,0.0121399869640909,0.012139986964091203,3.0357660829594124e-16,False
2025-06-17,0.0134988754116869,0.013498875411687193,2.931682674400804e-16,False
2025-06-18,0.003588434035992,0.0035884340359921287,1.2880321809127793e-16,False
2025-06-19,0.0022464641035583,0.002246464103558421,1.209969624493823e-16,False
2025-06-20,0.0061002988959322,0.006100298895932289,8.933825901280557e-17,False
2025-06-21,0.0028362981216244,0.002836298121624511,1.1102230246251565e-16,False
2025-06-22,0.1727613296203852,0.172761329620395,9.797718192317006e-15,False
2025-06-23,2.818090919250157,2.8180909192501478,-9.325873406851315e-15,False
2025-06-24,12.682120091664745,12.682120091664618,-1.2612133559741778e-13,False
2025-06-25,0.2144071216888785,0.21440712168888942,1.0935696792557792e-14,False
2025-06-26,0.1457821965797279,0.1457821965797348,6.8833827526759706e-15,False
2025-06-27,2.9088045388065518,2.908804538806627,7.505107646466058e-14,False
2025-06-28,0.2117444304603352,0.2117444304603382,2.9976021664879227e-15,False
2025-06-29,0.0730705364791314,0.07307053647913303,1.6237011735142914e-15,False
2025-06-30,0.0227596492243515,0.022759649224352287,7.875644580934704e-16,False
2025-07-01,0.0356656164927415,0.03566561649274332,1.824929096727601e-15,False
2025-07-02,0.073270808058777,0.07327080805878114,4.135580766728708e-15,False
2025-07-03,0.2911161114058631,0.2911161114058745,1.1435297153639112e-14,False
2025-07-04,0.1082246969952295,0.10822469699523578,6.2727600891321345e-15,False
2025-07-05,0.0068877581798977,0.006887758179898148,4.484260185400046e-16,False
2025-07-06,0.0062465894905648,0.0062465894905651175,3.174543961037557e-16,False
2025-07-07,0.0022154861057121,0.0022154861057122653,1.6523241108679088e-16,False
2025-07-08,0.0024525595694098,0.0024525595694099875,1.8735013540549517e-16,False
2025-07-09,0.0010849893899832,0.0010849893899833214,1.214306433183765e-16,False
2025-07-10,0.0050529446822252,0.005052944682225449,2.489328188026718e-16,False
2025-07-11,0.0034652556685863,0.0034652556685865823,2.8232624571522535e-16,False
2025-07-12,0.001929894472742,0.001929894472742095,9.497611030973019e-17,False
2025-07-13,0.0,0.0,0.0,False
2025-07-14,0.001450149782687,0.0014501497826871317,1.3162214373974024e-16,False
2025-07-15,0.0142822835750679,0.014282283575068536,6.366435156834882e-16,False
2025-07-16,0.0263047063734461,0.02630470637344711,1.0096090630185017e-15,False
2025-07-17,0.0798747625411919,0.07987476254119505,3.1502578323738817e-15,False
2025-07-18,0.1427958836661018,0.14279588366610735,5.551115123125783e-15,False
2025-07-19,0.1389491145860276,0.13894911458603293,5.329070518200751e-15,False
2025-07-20,0.0249290885179007,0.024929088517901727,1.0269562977782698e-15,False
2025-07-21,0.0,0.0,0.0,False
2025-07-22,0.0,0.0,0.0,False
2025-07-23,0.0,0.0,0.0,False
2025-07-24,0.0,0.0,0.0,False
2025-07-25,1.714468319894215,1.7144683198942041,-1.0880185641326534e-14,False
2025-07-26,0.0446852689036508,0.04468526890365179,9.922618282587337e-16,False
2025-07-27,0.0069962927841615,0.0069962927841618755,3.7556763254897874e-16,False
2025-07-28,5.056914410714766,5.05691441071488,1.1368683772161603e-13,False
2025-07-29,0.099397746603785,0.0993977466037864,1.4016565685892601e-15,False
2025-07-30,0.0432352762451024,0.04323527624510308,6.800116025829084e-16,False
2025-07-31,0.0027751844382519,0.0027751844382519707,7.068998164605489e-17,False
2025-08-01,0.0,0.0,0.0,False
2025-08-02,0.010178892231502,0.010178892231502137,1.3704315460216776e-16,False
2025-08-03,0.2798359072893494,0.2798359072893513,1.942890293094024e-15,False
2025-08-04,0.1935058332612478,0.19350583326124923,1.4432899320127035e-15,False
2025-08-05,0.0972896802906368,0.0972896802906378,9.992007221626409e-16,False
2025-08-06,0.7837558392432038,0.7837558392432162,1.2434497875801753e-14,False
2025-08-07,0.079187172658584,0.07918717265858471,7.077671781985373e-16,False
2025-08-08,0.4375027274587534,0.4375027274587552,1.7763568394002505e-15,False
2025-08-09,0.0580582781067717,0.058058278106767815,-3.885780586188048e-15,False
2025-08-10,0.0156625333132026,0.015662533313202876,2.7755575615628914e-16,False
2025-08-11,0.0016647966341308,0.0016647966341308907,9.063930161978817e-17,False
2025-08-12,0.0,0.0,0.0,False
2025-08-13,0.0,0.0,0.0,False
2025-08-14,0.0,0.0,0.0,False
2025-08-15,0.0,0.0,0.0,False
2025-08-16,0.0023849076854787,0.0023849076854788377,1.3747683547116196e-16,False
2025-08-17,0.0014668501514625,0.0014668501514625732,7.3075226425523e-17,False
2025-08-18,0.0,0.0,0.0,False
2025-08-19,0.0,0.0,0.0,False
2025-08-20,0.0,0.0,0.0,False
2025-08-21,0.0014668501514625,0.0014668501514625732,7.3075226425523e-17,False
2025-08-22,0.0014668501514625,0.0014668501514625732,7.3075226425523e-17,False
2025-08-23,0.0043980846829985,0.004398084682998928,4.2847669856627135e-16,False
2025-08-24,0.0,0.0,0.0,False
2025-08-25,0.0031248543986573,0.0031248543986574485,1.48318857196017e-16,False
2025-08-26,2.234470687110579,2.2344706871105804,1.3322676295501878e-15,False
2025-08-27,8.983485048441741,8.983485048441729,-1.2434497875801753e-14,False
2025-08-28,0.0824718583572408,0.08247185835724206,1.2628786905111156e-15,False
2025-08-29,0.0696765460452306,0.06967654604523174,1.1379786002407855e-15,False
2025-08-30,0.0502062004561133,0.05020620045611434,1.0408340855860843e-15,False
2025-08-31,0.012975847049547,0.012975847049547184,1.8388068845354155e-16,False
2025-09-01,0.0098677461332032,0.009867746133203282,8.153200337090993e-17,False
2025-09-02,0.0044581447521453,0.0044581447521454005,1.0061396160665481e-16,False
2025-09-03,0.0042237859220992,0.004223785922099336,1.3617579286417936e-16,False
2025-09-04,0.0573344797248802,0.057334479724877485,-2.7131075164277263e-15,False
2025-09-05,0.1499514240228877,0.1499514240228843,-3.3861802251067274e-15,False
2025-09-06,0.0691966498989172,0.0691966498989182,9.992007221626409e-16,False
2025-09-07,0.2200255951941871,0.22002559519419104,3.941291737419306e-15,False
2025-09-08,0.0105301598724147,0.01053015987241506,3.5908775952719907e-16,False
2025-09-09,0.0680539814045329,0.06805398140453381,9.020562075079397e-16,False
2025-09-10,0.0,0.0,0.0,False
2025-09-11,0.0,0.0,0.0,False
2025-09-12,0.0,0.0,0.0,False
2025-09-13,0.0045653363815801,0.004565336381580296,1.960237527853792e-16,False
2025-09-14,0.0012143139190231,0.0012143139190232085,1.0842021724855044e-16,False
2025-09-15,0.0,0.0,0.0,False
2025-09-16,0.1372272917008787,0.13722729170087863,-5.551115123125783e-17,False
2025-09-17,0.0199868827544204,0.019986882754420666,2.671474153004283e-16,False
2025-09-18,0.1842470172716851,0.18424701727168838,3.2751579226442118e-15,False
2025-09-19,0.0038738022252337,0.0038738022252338207,1.205632815803881e-16,False
2025-09-20,0.0049426552648014,0.004942655264801512,1.1188966420050406e-16,False
2025-09-21,1.199381931436052,1.1993819314360636,1.1546319456101628e-14,False
2025-09-22,28.95905066875616,28.959050668756632,4.725109192804666e-13,False
2025-09-23,1.9611338412554828,1.9611338412555754,9.259260025373806e-14,False
2025-09-24,0.4981616457174396,0.4981616457174659,2.631228568361621e-14,False
2025-09-25,0.4511508697794959,0.45115086977951907,2.3148150063434514e-14,False
2025-09-26,0.6790289515226802,0.6790289515227141,3.397282455352979e-14,False
2025-09-27,0.1087940495823698,0.10879404958237589,6.0923488476305465e-15,False
2025-09-28,0.1416972843527413,0.14169728435274914,7.854827899222983e-15,False
2025-09-29,0.1664764326322731,0.16647643263228082,7.716050021144838e-15,False
2025-09-30,0.1548097495466129,0.15480974954661986,6.966649479522857e-15,False
2025-10-01,0.0808757564242849,0.08087575642428844,3.5388358909926865e-15,False
2025-10-02,0.0157655761182178,0.015765576118218685,8.847089727481716e-16,False
2025-10-03,0.0233401373545916,0.023340137354592692,1.0928757898653885e-15,False
2025-10-04,0.0636337133833896,0.06363371338339269,3.0808688933348094e-15,False
2025-10-05,0.0365455152434701,0.03654551524347171,1.609823385706477e-15,False
2025-10-06,0.0684662965616677,0.06846629656167061,2.914335439641036e-15,False
2025-10-07,0.1172248523289244,0.11722485232892906,4.649058915617843e-15,False
2025-10-08,2.094894789169813,2.094894789169847,3.375077994860476e-14,False
2025-10-09,0.3969459968132692,0.3969459968132834,1.4210854715202004e-14,False
2025-10-10,14.880054952159815,14.88005495215981,-5.329070518200751e-15,False
2025-10-11,2.010322190960845,2.0103221909609275,8.260059303211165e-14,False
2025-10-12,0.3747283288137978,0.37472832881381934,2.1538326677728037e-14,False
2025-10-13,0.4527302747035523,0.45273027470356286,1.0547118733938987e-14,False
2025-10-14,0.0847430812316957,0.08474308123169731,1.609823385706477e-15,False
2025-10-15,0.1408009194585098,0.14080091945851253,2.7200464103316335e-15,False
2025-10-16,0.147988625404503,0.14798862540450483,1.8318679906315083e-15,False
2025-10-17,0.2117353026610074,0.2117353026610094,1.9984014443252818e-15,False
2025-10-18,25.253665332992835,25.25366533299228,-5.542233338928781e-13,False
2025-10-19,2.3605414878200714,2.360541487820118,4.6629367034256575e-14,False
2025-10-20,0.4816832421899416,0.48168324218996766,2.609024107869118e-14,False
2025-10-21,0.3393255757104643,0.33932557571048416,1.9872992140790302e-14,False
2025-10-22,0.2355782615702025,0.2355782615702162,1.3683498778505054e-14,False
2025-10-23,0.3014709780626013,0.30147097806261786,1.6542323066914832e-14,False
2025-10-24,0.146327852440658,0.14632785244066615,8.1601392309949e-15,False
2025-10-25,0.014986029106685,0.014986029106685849,8.482797797526587e-16,False
2025-10-26,0.011695721807496,0.011695721807496737,7.37257477290143e-16,False
2025-10-27,1.5267805790187,1.5267805790186895,-1.0436096431476471e-14,False
2025-10-28,5.005299572668739,5.005299572668797,5.773159728050814e-14,False
2025-10-29,10.959444705867549,10.95944470586782,2.717825964282383e-13,False
2025-10-30,3.6517931094951104,3.6517931094951903,7.993605777301127e-14,False
2025-10-31,5.681934015432279,5.681934015432316,3.730349362740526e-14,False
2025-11-01,1.234273854391971,1.2342738543920004,2.9531932455029164e-14,False
2025-11-02,9.808509167880596,9.808509167880773,1.7763568394002505e-13,False
2025-11-03,0.8406355792275125,0.8406355792275482,3.5638159090467525e-14,False
2025-11-04,1.1534461756825791,1.1534461756825767,-2.4424906541753444e-15,False
2025-11-05,0.1648018912441695,0.16480189124417569,6.189493362285248e-15,False
2025-11-06,0.2305642547996222,0.2305642547996327,1.049160758270773e-14,False
2025-11-07,0.0780750271955309,0.0780750271955341,3.191891195797325e-15,False
2025-11-08,9.342189405466057,9.342189405465891,-1.652011860642233e-13,False
2025-11-09,0.7476514477132649,0.7476514477132723,7.438494264988549e-15,False
2025-11-10,0.0899410807301537,0.0899410807301581,4.399258735077183e-15,False
2025-11-11,0.1151661214621248,0.1151661214621307,5.9119376061289586e-15,False
2025-11-12,0.0849810804513036,0.08498108045130742,3.816391647148976e-15,False
2025-11-13,0.269645240160316,0.2696452401603269,1.0935696792557792e-14,False
2025-11-14,0.1222964609410212,0.12229646094102645,5.245803791353865e-15,False
2025-11-15,0.1005947812787018,0.10059478127870627,4.468647674116255e-15,False
2025-11-16,1.0299173586835717,1.0299173586835964,2.4646951146678475e-14,False
2025-11-17,7.715857899721538,7.7158578997216445,1.0658141036401503e-13,False
2025-11-18,3.98998854845459,3.9899885484545212,-6.88338275267597e-14,False
2025-11-19,0.6416264135859865,0.6416264135860213,3.4861002973229915e-14,False
2025-11-20,0.0508678445097701,0.05086784450977246,2.3592239273284576e-15,False
2025-11-21,0.0412005484600224,0.04120054846002437,1.970645868709653e-15,False
2025-11-22,0.2059185582604693,0.20591855826047784,8.548717289613705e-15,False
2025-11-23,0.2257738056627742,0.22577380566278443,1.0241807402167069e-14,False
2025-11-24,9.772042200492043,9.772042200491814,-2.291500322826323e-13,False
2025-11-25,0.3532234103025563,0.3532234103025607,4.440892098500626e-15,False
2025-11-26,0.0343770794357841,0.03437707943578605,1.949829186997931e-15,False
2025-11-27,0.0323130038035699,0.032313003803571244,1.3461454173580023e-15,False
2025-11-28,0.0953040577670398,0.0953040577670438,3.9968028886505635e-15,False
2025-11-29,0.0439465742406245,0.043946574240626264,1.762479051592436e-15,False
2025-11-30,0.1637834507964592,0.16378345079646559,6.38378239159465e-15,False
2025-12-01,0.0316274111209364,0.03162741112093765,1.2490009027033011e-15,False
2025-12-02,2.620381395174137,2.6203813951742174,8.038014698286133e-14,False
2025-12-03,0.5554013390804564,0.5554013390804761,1.965094753586527e-14,False
2025-12-04,0.7439710985488879,0.7439710985488766,-1.1324274851176597e-14,False
2025-12-05,0.0099225401306056,0.00992254013060608,4.805184028455756e-16,False
2025-12-06,0.0008222044070899,0.000822204407090023,1.2305694657710475e-16,False
2025-12-07,0.1527347710618969,0.15273477106190525,8.354428260304303e-15,False
2025-12-08,9.45872643519656,9.45872643519691,3.4994229736184934e-13,False
2025-12-09,21.97721410641615,21.977214106415946,-2.0250467969162855e-13,False
2025-12-10,23.561010662990405,23.56101066299014,-2.6645352591003757e-13,False
2025-12-11,1.094637426665289,1.094637426665345,5.595524044110789e-14,False
2025-12-12,3.5802218149197165,3.580221814919735,1.865174681370263e-14,False
2025-12-13,22.63022642491756,22.630226424917417,-1.4210854715202004e-13,False
2025-12-14,1.8622762456331388,1.862276245633203,6.417089082333405e-14,False
2025-12-15,0.344748736845906,0.34474873684591645,1.0436096431476471e-14,False
2025-12-16,13.123413447113052,13.123413447112725,-3.268496584496461e-13,False
2025-12-17,4.866582132412073,4.8665821324120175,-5.5067062021407764e-14,False
2025-12-18,0.3655431174880655,0.36554311748806484,-6.661338147750939e-16,False
2025-12-19,0.0890603609150961,0.0890603609150972,1.096345236817342e-15,False
2025-12-20,0.0728564984538476,0.07285649845384867,1.0685896612017132e-15,False
2025-12-21,0.7310332364240806,0.7310332364240946,1.3988810110276972e-14,False
2025-12-22,1.6667570334642432,1.6667570334642665,2.3314683517128287e-14,False
2025-12-23,0.3000714709323005,0.3000714709323038,3.2751579226442118e-15,False
2025-12-24,0.1768464353526903,0.1768464353526917,1.4155343563970746e-15,False
2025-12-25,1.145152137781497,1.145152137781486,-1.1102230246251565e-14,False
2025-12-26,5.005527832090524,5.005527832090493,-3.108624468950438e-14,False
2025-12-27,8.681897956803867,8.681897956803779,-8.881784197001252e-14,False
2025-12-28,1.328855860413745,1.3288558604137812,3.6193270602780103e-14,False
2025-12-29,4.981029762815746,4.9810297628158,5.417888360170764e-14,False
2025-12-30,12.57621945895603,12.576219458956162,1.3145040611561853e-13,False
2025-12-31,4.608243378412681,4.608243378412714,3.375077994860476e-14,False
2026-01-01,1.6639783460234518,1.663978346023467,1.509903313490213e-14,False
2026-01-02,3.084576536691681,3.084576536691613,-6.794564910705958e-14,False
2026-01-03,1.1875169619277186,1.1875169619277395,2.0872192862952943e-14,False
2026-01-04,0.2489428259007638,0.24894282590077896,1.5154544286133387e-14,False
2026-01-05,0.0960064391652612,0.096006439165266,4.7878367936959876e-15,False
2026-01-06,0.0803835115563807,0.08038351155638301,2.3175905639050143e-15,False
2026-01-07,12.445562164754438,12.445562164753703,-7.354117315117037e-13,False
2026-01-08,15.00532699253024,15.005326992530083,-1.5631940186722204e-13,False
2026-01-09,6.495811280300549,6.495811280300222,-3.268496584496461e-13,False
2026-01-10,2.021490220088576,2.021490220088581,5.329070518200751e-15,False
2026-01-11,3.0052600999885417,3.0052600999883943,-1.474376176702208e-13,False
2026-01-12,0.7451678997079649,0.7451678997079518,-1.3100631690576847e-14,False
2026-01-13,17.825647094100376,17.82564709410037,-7.105427357601002e-15,False
2026-01-14,12.517163773919416,12.517163773919071,-3.446132268436486e-13,False
2026-01-15,19.89134635972927,19.89134635972955,2.8066438062523957e-13,False
2026-01-16,14.688335891185435,14.688335891185638,2.0250467969162855e-13,False
2026-01-17,8.767739062206953,8.767739062207093,1.4033219031261979e-13,False
2026-01-18,6.053268873519958,6.053268873520021,6.306066779870889e-14,False
2026-01-19,10.571694327803778,10.57169432780381,3.197442310920451e-14,False
2026-01-20,4.9409709984133885,4.940970998413019,-3.694822225952521e-13,False
2026-01-21,0.8476076681298166,0.8476076681298296,1.2989609388114332e-14,False
2026-01-22,0.9352032033621004,0.9352032033621162,1.5765166949677223e-14,False
2026-01-23,0.6762400688978563,0.6762400688978862,2.9976021664879227e-14,False
2026-01-24,0.5829407257522673,0.5829407257522976,3.0309088572266774e-14,False
2026-01-25,7.140864955695798,7.140864955695821,2.3092638912203256e-14,False
2026-01-26,1.4165596251887609,1.416559625188712,-4.884981308350689e-14,False
2026-01-27,13.537229472206349,13.537229472206233,-1.1546319456101628e-13,False
2026-01-28,4.471073629580952,4.471073629580588,-3.6415315207705135e-13,False
2026-01-29,1.4583868562013051,1.4583868562013669,6.17284001691587e-14,False
2026-01-30,15.046286106131843,15.046286106132005,1.616484723854228e-13,False
2026-01-31,1.4566892458655012,1.4566892458654315,-6.972200594645983e-14,False
2026-02-01,12.704373621877362,12.70437362187758,2.1671553440683056e-13,False
2026-02-02,4.941075155391764,4.941075155391622,-1.4210854715202004e-13,False
2026-02-03,11.922673648674063,11.92267364867421,1.474376176702208e-13,False
2026-02-04,6.998598618798043,6.998598618797969,-7.460698725481052e-14,False
2026-02-05,2.729400695589859,2.7294006955897703,-8.881784197001252e-14,False
2026-02-06,2.473122977911097,2.473122977911072,-2.4868995751603507e-14,False
2026-02-07,13.364718580191951,13.364718580192065,1.1368683772161603e-13,False
2026-02-08,5.337698234232777,5.3376982342326,-1.7674750552032492e-13,False
2026-02-09,5.490596327165319,5.490596327165306,-1.2434497875801753e-14,False
2026-02-10,6.291798443318135,6.291798443318112,-2.3092638912203256e-14,False
2026-02-11,6.666653535331706,6.6666535353317835,7.72715225139109e-14,False
2026-02-12,4.44799501638026,4.447995016380047,-2.1316282072803006e-13,False
2026-02-13,3.840080367235372,3.8400803672352777,-9.414691248821327e-14,False
2026-02-14,1.5480279721436203,1.5480279721435766,-4.374278717023117e-14,False
2026-02-15,0.6570585389490673,0.6570585389490644,-2.886579864025407e-15,False
2026-02-16,5.543671696333918,5.543671696333888,-3.019806626980426e-14,False
2026-02-17,4.392293408423312,4.392293408423295,-1.687538997430238e-14,False
2026-02-18,1.5135599646603566,1.513559964660357,4.440892098500626e-16,False
2026-02-19,0.3723593052384341,0.37235930523844724,1.3156142841808105e-14,False
2026-02-20,0.2545628214370421,0.25456282143705045,8.326672684688674e-15,False
2026-02-21,0.150318133392133,0.15031813339214045,7.438494264988549e-15,False
2026-02-22,3.290341289631035,3.2903412896311166,8.171241461241152e-14,False
2026-02-23,1.0001229156320872,1.0001229156321165,2.930988785010413e-14,False
2026-02-24,8.702678862003209,8.702678862003117,-9.237055564881302e-14,False
2026-02-25,4.047831382637905,4.047831382637748,-1.5720758028692217e-13,False
2026-02-26,4.667015454375795,4.667015454375769,-2.5757174171303632e-14,False
2026-02-27,6.4076285647287685,6.407628564728669,-9.947598300641403e-14,False
2026-02-28,0.2952074787928361,0.2952074787928451,8.992806499463768e-15,False
2026-03-01,0.149607837888913,0.1496078378889134,4.163336342344337e-16,False
2026-03-02,0.0582951972016672,0.058295197201667856,6.591949208711867e-16,False
2026-03-03,0.0557009793697445,0.055700979369744996,4.996003610813204e-16,False
2026-03-04,0.0651532346561754,0.065153234656176,6.106226635438361e-16,False
2026-03-05,0.1967563406778369,0.1967563406778404,3.497202527569243e-15,False
2026-03-06,8.58934157637863,8.589341576378587,-4.263256414560601e-14,False
2026-03-07,9.111383451762574,9.111383451762618,4.440892098500626e-14,False
2026-03-08,14.593900161283226,14.593900161283551,3.2507330161024584e-13,False
2026-03-09,8.743341084269169,8.743341084269048,-1.2079226507921703e-13,False
2026-03-10,7.994629790201637,7.994629790201605,-3.197442310920451e-14,False
2026-03-11,3.508449356294465,3.5084493562943884,-7.682743330406083e-14,False
2026-03-12,15.54759332455334,15.547593324553628,2.877698079828406e-13,False
2026-03-13,3.443228149654007,3.4432281496540087,1.7763568394002505e-15,False
2026-03-14,0.9951815908929692,0.9951815908929063,-6.294964549624638e-14,False
2026-03-15,1.02773094232917,1.0277309423291248,-4.529709940470639e-14,False
2026-03-16,0.7680088805512312,0.7680088805511585,-7.271960811294775e-14,False
2026-03-17,0.7718209849698706,0.7718209849698345,-3.608224830031759e-14,False
2026-03-18,1.5565147081631725,1.5565147081632194,4.6851411639181606e-14,False
2026-03-19,5.944581467390544,5.944581467390634,8.970602038971265e-14,False
2026-03-20,4.2273070586183525,4.227307058618286,-6.661338147750939e-14,False
2026-03-21,0.8234906118306475,0.8234906118305608,-8.670841822322473e-14,False
2026-03-22,0.3851503239587884,0.3851503239587976,9.2148511043888e-15,False
2026-03-23,0.2822954480837583,0.28229544808376517,6.8833827526759706e-15,False
2026-03-24,0.2185468988959135,0.21854689889591827,4.773959005888173e-15,False
2026-03-25,0.6471790919624723,0.6471790919625056,3.3306690738754696e-14,False
2026-03-26,5.402863390651367,5.402863390651501,1.341149413747189e-13,False
2026-03-27,1.769512340520584,1.769512340520509,-7.482903185973555e-14,False
2026-03-28,1.2504590458775957,1.2504590458775775,-1.8207657603852567e-14,False
2026-03-29,0.1101315968525283,0.11013159685253338,5.079270337660091e-15,False
2026-03-30,0.081821060009359,0.0818210600093636,4.593547764386585e-15,False
2026-03-31,1.9348050006991635,1.9348050006991553,-8.215650382226158e-15,False
2026-04-01,3.3155598360790077,3.315559836079065,5.728750807065808e-14,False
2026-04-02,1.175478565616081,1.175478565616097,1.5987211554602254e-14,False
2026-04-03,0.8999418196795231,0.8999418196795361,1.2989609388114332e-14,False
2026-04-04,1.7195555066153545,1.719555506615359,4.440892098500626e-15,False
2026-04-05,1.0840015123433333,1.0840015123433278,-5.551115123125783e-15,False
2026-04-06,0.5259228263425582,0.5259228263425544,-3.774758283725532e-15,False
2026-04-07,4.358996161161094,4.35899616116119,9.592326932761353e-14,False
2026-04-08,0.4640127324145314,0.4640127324145408,9.381384558082573e-15,False
2026-04-09,0.2105468010258628,0.21054680102587284,1.0047518372857667e-14,False
2026-04-10,2.850233871667892,2.8502338716679017,9.769962616701378e-15,False
2026-04-11,1.0831588460444637,1.0831588460444304,-3.3306690738754696e-14,False
2026-04-12,0.0436479235960473,0.04364792359604838,1.0824674490095276e-15,False
2026-04-13,0.0094590993663552,0.009459099366355566,3.660266534311063e-16,False
2026-04-14,0.0081052691584557,0.008105269158456021,3.209238430557093e-16,False
2026-04-15,0.0041741639643658,0.004174163964366028,2.2811613709095013e-16,False
2026-04-16,0.1724271958725939,0.17242719587260075,6.855627177060342e-15,False
2026-04-17,0.1523473576276798,0.1523473576276871,7.299716386910404e-15,False
2026-04-18,0.8955081069249982,0.8955081069250208,2.2648549702353193e-14,False
2026-04-19,0.1624870227568667,0.1624870227568722,5.523359547510154e-15,False
2026-04-20,0.1155461271063336,0.11554612710633813,4.538036613155327e-15,False
2026-04-21,0.1149993932643847,0.11499939326438931,4.6074255521944e-15,False
2026-04-22,0.0883355081086434,0.08833550810864688,3.469446951953614e-15,False
2026-04-23,0.1055489023231093,0.10554890232311354,4.232725281383409e-15,False
2026-04-24,0.0440561197544268,0.04405611975442866,1.8665624601510444e-15,False
2026-04-25,0.016912795991103,0.016912795991103707,7.077671781985373e-16,False
2026-04-26,0.0085366589829716,0.008536658982972076,4.753142324176451e-16,False
2026-04-27,0.4003754506083833,0.40037545060838636,3.0531133177191805e-15,False
2026-04-28,2.424607151561317,2.424607151561365,4.8405723873656825e-14,False
2026-04-29,0.9681908969863304,0.9681908969862831,-4.729550084903167e-14,False
2026-04-30,2.778292964638924,2.778292964638944,1.9984014443252818e-14,False
2026-05-01,0.4695524207904213,0.46955242079040904,-1.226796442210798e-14,False
2026-05-02,0.3645887962517793,0.3645887962517873,7.993605777301127e-15,False
2026-05-03,0.5821004884176161,0.5821004884176402,2.4091839634365897e-14,False
2026-05-04,0.1097414355269409,0.10974143552694575,4.8433479449272454e-15,False
2026-05-05,0.0023823589215015,0.002382358921501627,1.2706849461530112e-16,False
2026-05-06,0.0513776513535923,0.051377651353594574,2.275957200481571e-15,False
2026-05-07,0.0842657950589542,0.08426579505895766,3.469446951953614e-15,False
2026-05-08,0.0812778964564191,0.08127789645642243,3.3306690738754696e-15,False
2026-05-09,0.3664017624797976,0.36640176247981726,1.965094753586527e-14,False
2026-05-10,10.59597367182207,10.595973671822392,3.2152058793144533e-13,False
2026-05-11,1.7525906311775714,1.7525906311775077,-6.372680161348399e-14,False
2026-05-12,0.7285968627915902,0.7285968627915068,-8.337774914934926e-14,False
2026-05-13,0.3945918668939879,0.39459186689396963,-1.8263168755083825e-14,False
2026-05-14,0.3158797468132224,0.3158797468132198,-2.609024107869118e-15,False
2026-05-15,2.599141120763632,2.599141120763668,3.597122599785507e-14,False
2026-05-16,0.949352544398577,0.9493525443985814,4.440892098500626e-15,False
2026-05-17,8.764654211019629,8.76465421101973,1.0125233984581428e-13,False
2026-05-18,2.9301902545566185,2.930190254556567,-5.1514348342607263e-14,False
2026-05-19,2.7465280301699897,2.7465280301699697,-1.9984014443252818e-14,False
2026-05-20,1.4020643209300547,1.4020643209300014,-5.3290705182007514e-14,False
2026-05-21,1.212048344891285,1.2120483448912476,-3.752553823233029e-14,False
2026-05-22,0.6823887500203989,0.6823887500203784,-2.0539125955565396e-14,False
2026-05-23,7.743984614502827,7.7439846145030495,2.2293278334473143e-13,False
2026-05-24,2.3688117199715184,2.3688117199715335,1.509903313490213e-14,False
2026-05-25,0.6002056360096987,0.6002056360096385,-6.017408793468348e-14,False
2026-05-26,0.3180183045794146,0.31801830457935626,-5.834221994405198e-14,False
2026-05-27,0.3624880238714082,0.362488023871366,-4.218847493575595e-14,False
2026-05-28,0.1056796026809685,0.10567960268095834,-1.0158540675320182e-14,False
2026-05-29,0.062303099525439,0.06230309952543885,-1.457167719820518e-16,False
2026-05-30,0.0603252141796161,0.060325214179615685,-4.163336342344337e-16,False
2026-05-31,0.0563454057907038,0.056345405790703205,-5.967448757360216e-16,False
